track_name,track_artist,playlist_genre,track_popularity,kmeans_cluster
Dance Monkey,Tones and I,latin,100,1
ROXANNE,Arizona Zervas,latin,99,0
Tusa,KAROL G,pop,98,0
Blinding Lights,The Weeknd,pop,98,0
Circles,Post Malone,latin,98,0
The Box,Roddy Ricch,rap,98,0
Memories,Maroon 5,pop,98,1
Don't Start Now,Dua Lipa,r&b,97,0
everything i wanted,Billie Eilish,pop,97,1
Falling,Trevor Daniel,rap,97,1
RITMO (Bad Boys For Life),The Black Eyed Peas,pop,96,0
Yummy,Justin Bieber,latin,95,1
bad guy,Billie Eilish,r&b,95,1
Someone You Loved,Lewis Capaldi,latin,94,1
HIGHEST IN THE ROOM,Travis Scott,latin,94,1
Ride It,Regard,edm,94,0
hot girl bummer,blackbear,r&b,94,0
My Oh My (feat. DaBaby),Camila Cabello,r&b,94,0
Señorita,Shawn Mendes,latin,93,0
Life Is Good (feat. Drake),Future,latin,93,0
BOP,DaBaby,rap,93,0
China,Anuel AA,pop,93,0
Lose You To Love Me,Selena Gomez,edm,93,1
Vete,Bad Bunny,latin,93,0
Heartless,The Weeknd,pop,93,0
Bandit (with YoungBoy Never Broke Again),Juice WRLD,pop,92,0
No Idea,Don Toliver,edm,92,1
Fantasias,Rauw Alejandro,latin,92,0
Lucid Dreams,Juice WRLD,r&b,92,1
Lose Control,MEDUZA,edm,91,1
How Do You Sleep?,Sam Smith,r&b,91,0
Futsal Shuffle 2020,Lil Uzi Vert,r&b,91,1
Lalala,Y2K,r&b,91,1
Hola - Remix,Dalex,latin,91,0
"10,000 Hours (with Justin Bieber)",Dan + Shay,latin,91,0
South of the Border (feat. Camila Cabello & Cardi B),Ed Sheeran,r&b,91,0
Ayy Macarena,Tyga,r&b,91,0
Adore You,Harry Styles,latin,91,0
LA CANCIÓN,J Balvin,rap,91,0
I Don't Care (with Justin Bieber),Ed Sheeran,edm,90,0
Watermelon Sugar,Harry Styles,latin,90,0
Adicto (with Anuel AA & Ozuna),Tainy,latin,90,0
Whine Up,Nicky Jam,latin,90,0
Old Town Road - Remix,Lil Nas X,r&b,90,0
Ransom,Lil Tecca,pop,90,0
All I Want for Christmas Is You,Mariah Carey,r&b,90,0
Que Tire Pa Lante,Daddy Yankee,latin,90,0
Ballin' (with Roddy Ricch),Mustard,edm,90,1
Callaita,Bad Bunny,pop,90,1
Trampoline (with ZAYN),SHAED,pop,90,1
Before You Go,Lewis Capaldi,latin,90,1
Suicidal,YNW Melly,r&b,90,1
Goodbyes (feat. Young Thug),Post Malone,latin,90,0
7 rings,Ariana Grande,pop,90,1
Sigues Con El,Dimelo Flow,latin,90,0
HIGHEST IN THE ROOM (feat. ROSALÍA & Lil Baby) - REMIX,Travis Scott,rap,89,0
Happier,Marshmello,pop,89,0
Yellow Hearts,Ant Saunders,pop,89,1
Good as Hell (feat. Ariana Grande) - Remix,Lizzo,r&b,89,0
lovely (with Khalid),Billie Eilish,r&b,89,1
Beautiful People (feat. Khalid),Ed Sheeran,latin,89,0
Aventura,Lunay,rap,89,0
It's You,Ali Gatie,pop,89,1
Loco Contigo (feat. J. Balvin & Tyga),DJ Snake,rap,88,0
VIBEZ,DaBaby,rap,88,0
Indeciso,Reik,pop,88,0
"Yo x Ti, Tu x Mi",ROSALÍA,latin,88,0
Sunflower - Spider-Man: Into the Spider-Verse,Post Malone,rock,88,1
Money In The Grave (Drake ft. Rick Ross),Drake,rap,88,0
Rare,Selena Gomez,edm,88,0
Blanco,J Balvin,pop,88,0
If The World Was Ending (feat. Julia Michaels),JP Saxe,latin,88,1
Piece Of Your Heart,MEDUZA,r&b,88,0
Roses - Imanbek Remix,SAINt JHN,edm,88,0
July,Noah Cyrus,latin,88,1
Without Me,Halsey,latin,88,1
SUGAR,BROCKHAMPTON,edm,88,1
Robbery,Juice WRLD,rap,88,0
Si Te Vas,Sech,pop,88,0
Quizas,Rich Music LTD,latin,88,0
Tutu,Camilo,latin,88,0
Woah,Lil Baby,rap,88,0
Say So,Doja Cat,edm,88,0
rockstar (feat. 21 Savage),Post Malone,rap,88,0
Hate Me (with Juice WRLD),Ellie Goulding,pop,88,0
Shallow,Lady Gaga,r&b,88,1
Own It (feat. Ed Sheeran & Burna Boy),Stormzy,latin,88,0
Falling,Harry Styles,r&b,88,1
Believer,Imagine Dragons,latin,88,0
Liar,Camila Cabello,latin,87,0
Graveyard,Halsey,latin,87,0
SICKO MODE,Travis Scott,latin,87,0
Good News,Mac Miller,latin,87,1
"thank u, next",Ariana Grande,latin,87,0
Up All Night,Khalid,latin,87,0
Dancing With A Stranger (with Normani),Sam Smith,pop,87,1
Better Now,Post Malone,pop,87,0
Higher Love,Kygo,latin,87,0
Sweet but Psycho,Ava Max,pop,87,0
Con Calma,Daddy Yankee,latin,87,0
bury a friend,Billie Eilish,pop,87,1
Bellaquita - Remix,Dalex,latin,87,0
Sucker,Jonas Brothers,pop,87,0
SAD!,XXXTENTACION,rap,87,0
Suge,DaBaby,rap,87,0
Con Altura,ROSALÍA,latin,87,0
Nice To Meet Ya,Niall Horan,r&b,87,0
OUT WEST (feat. Young Thug),JACKBOYS,rap,87,0
Psycho,Red Velvet,latin,87,0
Take What You Want (feat. Ozzy Osbourne & Travis Scott),Post Malone,r&b,87,0
Shape of You,Ed Sheeran,pop,86,0
Perfect,Ed Sheeran,latin,86,1
You should be sad,Halsey,latin,86,0
God's Plan,Drake,edm,86,1
Look At Her Now,Selena Gomez,latin,86,0
Turn Me On (feat. Vula),Riton,latin,86,0
You Need To Calm Down,Taylor Swift,pop,86,0
Only Human,Jonas Brothers,latin,86,0
3 Nights,Dominic Fike,latin,86,0
Calma - Remix,Pedro Capó,edm,86,0
Hot (Remix) [feat. Gunna and Travis Scott],Young Thug,r&b,86,1
No Me Conoce - Remix,Jhay Cortez,latin,86,0
goosebumps,Travis Scott,pop,86,0
High Hopes,Panic! At The Disco,pop,86,0
Get You The Moon (feat. Snøw),Kina,pop,86,1
Let Me Down Slowly,Alec Benjamin,r&b,86,1
QUE PRETENDES,J Balvin,latin,86,0
All Girls Are The Same,Juice WRLD,r&b,86,0
Moonlight,XXXTENTACION,r&b,86,1
MIDDLE CHILD,J. Cole,r&b,86,1
Jocelyn Flores,XXXTENTACION,r&b,86,1
Pa' Olvidarme De Ella,Piso 21,latin,86,0
all the good girls go to hell,Billie Eilish,pop,86,1
"DJ No Pare (feat. Zion, Dalex, Lenny Tavárez) - Remix",Justin Quiles,latin,86,0
Otro Trago - Remix,Sech,latin,86,0
11 PM,Maluma,latin,86,0
TOES (feat. Lil Baby & Moneybagg Yo),DaBaby,rap,86,0
Bruises,Lewis Capaldi,pop,86,1
Candy,Doja Cat,pop,85,1
Don't Call Me Up,Mabel,pop,85,0
All of Me,John Legend,pop,85,1
Can We Kiss Forever?,Kina,latin,85,1
ocean eyes,Billie Eilish,r&b,85,1
Closer (feat. Halsey),The Chainsmokers,latin,85,1
i love you,Billie Eilish,r&b,85,1
Family,The Chainsmokers,latin,85,1
Thunder,Imagine Dragons,pop,85,0
One Kiss (with Dua Lipa),Calvin Harris,pop,85,0
No Guidance (feat. Drake),Chris Brown,latin,85,1
One Thing Right,Marshmello,latin,85,0
Say You Won't Let Go,James Arthur,pop,85,1
Never Really Over,Katy Perry,pop,85,0
Mean It,Lauv,pop,85,1
"Alone, Pt. II",Alan Walker,latin,85,0
Going Bad (feat. Drake),Meek Mill,r&b,85,1
The Less I Know The Better,Tame Impala,rock,85,0
Qué Pena,Maluma,edm,85,0
Swervin (feat. 6ix9ine),A Boogie Wit da Hoodie,pop,85,0
Follow God,Kanye West,rap,85,0
Soltera - Remix,Lunay,latin,85,0
Fantasía,Ozuna,latin,85,0
Lover (Remix) [feat. Shawn Mendes],Taylor Swift,pop,85,1
223's (feat. 9lokknine),YNW Melly,pop,85,0
Perreo en La Luna,Rich Music LTD,latin,85,0
Takeaway,The Chainsmokers,pop,85,1
idontwannabeyouanymore,Billie Eilish,r&b,85,1
Camelot,NLE Choppa,r&b,85,0
Maniac,Conan Gray,r&b,85,0
Boy With Luv (feat. Halsey),BTS,pop,85,0
Combatchy (feat. MC Rebecca),Anitta,latin,85,0
SENTADÃO,Pedro Sampaio,latin,85,0
Murder On My Mind,YNW Melly,rap,85,0
Que Calor (feat. J Balvin & El Alfa),Major Lazer,latin,84,0
Panini,Lil Nas X,pop,84,0
Dancin (feat. Luvli) - Krono Remix,Aaron Smith,pop,84,0
Otro Trago,Sech,latin,84,0
Pa Mí - Remix,Dalex,latin,84,1
Loyal (feat. Drake),PARTYNEXTDOOR,latin,84,1
"fuck, i'm lonely (with Anne-Marie) - from “13 Reasons Why: Season 3”",Lauv,latin,84,1
"break up with your girlfriend, i'm bored",Ariana Grande,pop,84,0
Fuck Love (feat. Trippie Redd),XXXTENTACION,rap,84,1
Si Se Da - Remix,Myke Towers,latin,84,0
Peta (feat. Meek Mill),Roddy Ricch,rap,84,0
Make No Sense,YoungBoy Never Broke Again,rap,84,0
GANG GANG,JACKBOYS,r&b,84,0
Pop Out (feat. Lil Tjay),Polo G,rap,84,0
HUMBLE.,Kendrick Lamar,r&b,84,0
Youngblood,5 Seconds of Summer,latin,84,0
Let Me Know (I Wonder Why Freestyle),Juice WRLD,rap,84,0
Infeliz,Arcangel,latin,84,0
Drip Too Hard (Lil Baby & Gunna),Lil Baby,latin,84,0
Starboy,The Weeknd,pop,84,0
I Like It,Cardi B,pop,84,0
The Middle,Zedd,pop,84,0
Havana (feat. Young Thug),Camila Cabello,pop,84,0
Wake Me Up,Avicii,latin,84,0
boyfriend (with Social House),Ariana Grande,r&b,84,0
Congratulations,Post Malone,pop,84,0
Never Seen The Rain,Tones and I,pop,84,1
Bohemian Rhapsody - 2011 Mix,Queen,rock,84,1
Mistletoe,Justin Bieber,pop,84,1
XO Tour Llif3,Lil Uzi Vert,pop,84,0
EARFQUAKE,"Tyler, The Creator",r&b,84,1
In My Mind,Dynoro,edm,84,0
Eastside (with Halsey & Khalid),benny blanco,latin,84,1
If I Can't Have You,Shawn Mendes,latin,84,0
Photograph,Ed Sheeran,pop,84,1
VALENTINO,24kGoldn,rap,84,0
Promises (with Sam Smith),Calvin Harris,pop,84,0
Surtada - Remix Brega Funk,Dadá Boladão,edm,84,0
A Gente Fez Amor - Ao Vivo,Gusttavo Lima,edm,84,0
you should see me in a crown,Billie Eilish,pop,84,1
One Dance,Drake,edm,83,0
On My Way,Alan Walker,edm,83,0
Take on Me,a-ha,pop,83,0
So Am I,Ava Max,pop,83,0
Treat You Better,Shawn Mendes,pop,83,0
The Scientist,Coldplay,pop,83,1
Falling Down - Bonus Track,Lil Peep,rap,83,0
'Till I Collapse,Eminem,rap,83,0
The London (feat. J. Cole & Travis Scott),Young Thug,rap,83,0
Can't Hold Us - feat. Ray Dalton,Macklemore & Ryan Lewis,pop,83,0
SOS (feat. Aloe Blacc),Avicii,pop,83,0
Te Vi,Piso 21,latin,83,0
The Hills,The Weeknd,r&b,83,0
New Rules,Dua Lipa,pop,83,0
Pumped Up Kicks,Foster The People,pop,83,0
Motivation,Normani,pop,83,0
Make It Right (feat. Lauv),BTS,pop,83,0
Psycho (feat. Ty Dolla $ign),Post Malone,r&b,83,1
Te Quemaste,Manuel Turizo,latin,83,0
Back In Black,AC/DC,pop,83,0
Let You Down,NF,latin,83,0
Thinking out Loud,Ed Sheeran,latin,83,1
ZEZE,Kodak Black,pop,83,0
Livin' On A Prayer,Bon Jovi,rock,83,0
In the End,Linkin Park,rock,83,0
Stressed Out,Twenty One Pilots,pop,83,0
Young Dumb & Broke,Khalid,pop,83,0
High Fashion (feat. Mustard),Roddy Ricch,rap,83,1
ORANGE SODA,Baby Keem,rap,83,1
Baila Conmigo (feat. Kelly Ruiz),Dayvi,latin,83,0
"All I Want - From ""High School Musical: The Musical: The Series""",Olivia Rodrigo,r&b,83,1
Highway to Hell,AC/DC,rock,83,0
MIA (feat. Drake),Bad Bunny,latin,83,0
"Taki Taki (with Selena Gomez, Ozuna & Cardi B)",DJ Snake,latin,83,0
Verte Ir,DJ Luian,latin,83,0
Giant (with Rag'n'Bone Man),Calvin Harris,pop,83,0
i'm so tired...,Lauv,pop,83,0
Africa,TOTO,rock,83,1
Lean Wit Me,Juice WRLD,r&b,83,0
Bad Liar,Imagine Dragons,r&b,83,0
2002,Anne-Marie,pop,83,0
I Like Me Better,Lauv,r&b,83,1
Summer Days (feat. Macklemore & Patrick Stump of Fall Out Boy),Martin Garrix,pop,83,0
Immortal,21 Savage,r&b,83,0
Somebody,Internet Money,rap,83,1
Be Alright,Dean Lewis,r&b,83,1
"El Favor (with Nicky Jam & Sech, feat. Farruko, Zion & Lunay)",Dimelo Flow,latin,83,0
Cuaderno,Dalex,latin,83,0
Eleven,Khalid,r&b,83,1
Something Just Like This,The Chainsmokers,pop,83,0
Love Yourself,Justin Bieber,r&b,83,1
FRIENDS,Marshmello,pop,83,0
no tears left to cry,Ariana Grande,pop,83,0
Good as Hell,Lizzo,r&b,83,0
Here With Me,Marshmello,pop,83,0
Every Breath You Take,The Police,rock,83,1
6 Kiss,Trippie Redd,r&b,83,1
You Are The Reason,Calum Scott,r&b,83,1
Don't Stop Me Now - 2011 Mix,Queen,rock,83,0
Cuerpo en Venta,Noriel,latin,83,0
Post Malone (feat. RANI),Sam Feldt,latin,83,0
In My Feelings,Drake,pop,83,0
Used To Love (with Dean Lewis),Martin Garrix,edm,83,0
HAD ENOUGH (feat. Quavo & Offset),Don Toliver,rap,83,0
xanny,Billie Eilish,r&b,83,1
Que Mas Pues - Remix,Justin Quiles,latin,83,0
HP,Maluma,latin,83,0
"Hey, Soul Sister",Train,latin,82,0
Attention,Charlie Puth,pop,82,0
There's Nothing Holdin' Me Back,Shawn Mendes,pop,82,0
"Baguettes in the Face (feat. NAV, Playboi Carti & A Boogie Wit da Hoodie)",Mustard,r&b,82,1
Secreto,Anuel AA,latin,82,0
That's What I Like,Bruno Mars,pop,82,0
Graduation (with Juice WRLD),benny blanco,pop,82,0
La Boca - Remix,Mau y Ricky,latin,82,0
Sweet Child O' Mine,Guns N' Roses,pop,82,0
God Is A Dancer (with Mabel),Tiësto,edm,82,0
Good Thing (with Kehlani),Zedd,pop,82,0
Heartless (feat. Morgan Wallen),Diplo,pop,82,1
IDGAF,Dua Lipa,pop,82,0
When I Was Your Man,Bruno Mars,latin,82,1
I'm Yours,Jason Mraz,latin,82,1
Praise The Lord (Da Shine) (feat. Skepta),A$AP Rocky,r&b,82,1
Chanel,Frank Ocean,r&b,82,1
Mo Bamba,Sheck Wes,r&b,82,0
Love The Way You Lie,Eminem,latin,82,0
Bellaquita,Dalex,latin,82,0
GATTI,JACKBOYS,rap,82,0
Hop Off A Jet (feat. Travis Scott),Young Thug,r&b,82,1
Another One Bites The Dust - Remastered 2011,Queen,rock,82,0
Taste (feat. Offset),Tyga,r&b,82,0
FML,Arizona Zervas,r&b,82,0
BEST ON EARTH (feat. BIA),Russ,rap,82,0
Unforgettable,French Montana,pop,82,0
No Role Modelz,J. Cole,pop,82,1
Talk (feat. Disclosure),Khalid,r&b,82,1
Wolves,Selena Gomez,pop,82,0
Shut Up and Dance,WALK THE MOON,pop,82,0
Ritual,Tiësto,pop,82,0
B11 (feat. Myke Towers),Rvssian,latin,82,0
Alocao (With Bad Gyal),Omar Montes,latin,82,0
Muévelo,Nicky Jam,r&b,82,0
Morado,J Balvin,latin,82,0
Hotel California - 2013 Remaster,Eagles,rock,82,1
F.N,Lil Tjay,rap,82,1
Creep,Radiohead,rock,82,1
Writing on the Wall (feat. Post Malone & Cardi B),French Montana,r&b,82,0
Death (feat. DaBaby),Trippie Redd,rap,82,0
Ella Quiere Beber - Remix,Anuel AA,latin,82,0
Mind Is A Prison,Alec Benjamin,r&b,82,0
Nonstop,Drake,r&b,82,1
No Se Me Quita (feat. Ricky Martin),Maluma,latin,82,0
Do I Wanna Know?,Arctic Monkeys,rock,82,1
Fresa,TINI,latin,82,0
Uptown Funk,Mark Ronson,pop,82,0
Sanguine Paradise,Lil Uzi Vert,rap,82,0
Location,Khalid,r&b,82,1
Panini - DaBaby Remix,Lil Nas X,rap,82,0
Into the Unknown - Panic! At The Disco Version,Panic! At The Disco,pop,82,0
you were good to me,Jeremy Zucker,r&b,82,1
Close To Me (with Diplo) (feat. Swae Lee),Ellie Goulding,pop,82,0
3 Batidas - Ao Vivo,Guilherme & Benuto,edm,82,0
Faucet Failure,Ski Mask The Slump God,rap,82,1
my strange addiction,Billie Eilish,r&b,82,1
Sweet Dreams (Are Made of This) - Remastered,Eurythmics,pop,81,0
Mask Off,Future,r&b,81,1
Instagram,Dimitri Vegas & Like Mike,latin,81,0
Sorry,Justin Bieber,edm,81,0
Thunderstruck,AC/DC,rock,81,0
Dusk Till Dawn - Radio Edit,ZAYN,r&b,81,1
Bad Bad Bad (feat. Lil Baby),Young Thug,rap,81,0
Sixteen,Ellie Goulding,pop,81,0
Happy Now,Kygo,pop,81,1
Feelings,Lauv,pop,81,1
Sweet Home Alabama,Lynyrd Skynyrd,rap,81,1
Under Pressure - Remastered,Queen,rock,81,1
Sum 2 Prove,Lil Baby,rap,81,0
Girls Like You (feat. Cardi B),Maroon 5,pop,81,1
Some Say,Nea,pop,81,1
Torn,Ava Max,pop,81,0
a lot,21 Savage,rap,81,0
I,Lil Skies,rap,81,1
Slide Away,Miley Cyrus,pop,81,0
Sunday Best,Surfaces,r&b,81,1
Tip Toe (feat. A Boogie Wit da Hoodie),Roddy Ricch,rap,81,0
Slide,H.E.R.,r&b,81,1
Oye Pablo,Danna Paola,latin,81,0
Black & White,Juice WRLD,rap,81,0
Don't Let Me Down,The Chainsmokers,pop,81,0
Atrévete,Nicky Jam,latin,81,0
Juicy,Doja Cat,r&b,81,0
Ride,Twenty One Pilots,pop,81,0
Oye,TINI,latin,81,1
Best Friend,Rex Orange County,pop,81,0
Yes Indeed,Lil Baby,rap,81,1
Electricity (with Dua Lipa),Silk City,latin,81,0
"i hate u, i love u (feat. olivia o'brien)",gnash,edm,81,1
Better,Khalid,r&b,81,1
+,Aitana,latin,81,0
Heathens,Twenty One Pilots,edm,81,1
Smells Like Teen Spirit,Nirvana,rock,81,0
Yellow,Coldplay,pop,81,0
Fix You,Coldplay,pop,81,1
Without You (feat. Sandro Cavazza),Avicii,pop,81,0
Ric Flair Drip (& Metro Boomin),Offset,rap,81,1
Scared to Be Lonely,Martin Garrix,edm,81,0
Devil Eyes,Hippie Sabotage,pop,81,1
Californication,Red Hot Chili Peppers,rock,81,0
Easy - Remix,Jhay Cortez,latin,81,0
Numb,Linkin Park,rock,81,0
Billie Jean,Michael Jackson,rock,81,0
Let Me Love You,DJ Snake,pop,81,0
"Let Me Go (with Alesso, Florida Georgia Line & watt)",Hailee Steinfeld,pop,81,0
Redbone,Childish Gambino,r&b,81,1
Easier,5 Seconds of Summer,pop,81,1
Silence,Marshmello,pop,81,0
"Fire On Fire - From ""Watership Down""",Sam Smith,r&b,81,1
Under the Bridge,Red Hot Chili Peppers,rock,81,1
1-800-273-8255,Logic,rap,81,1
Coronao Now,El Alfa,latin,81,0
Sweater Weather,The Neighbourhood,pop,81,0
Losing My Religion,R.E.M.,rock,81,0
Look Back at It,A Boogie Wit da Hoodie,pop,81,1
Skifahren (feat. Joshi Mizu),The Cratez,latin,81,0
Piensan,Myke Towers,latin,81,0
UP THE SMOKE (with Offset),Stunna 4 Vegas,rap,81,0
listen before i go,Billie Eilish,r&b,81,1
ilomilo,Billie Eilish,r&b,81,1
Meant to Be (feat. Florida Georgia Line),Bebe Rexha,latin,81,0
Roller,Apache 207,rap,81,0
Whatever It Takes,Imagine Dragons,pop,81,0
Beautiful (feat. Camila Cabello),Bazzi,pop,81,0
Feel It Still,Portugal. The Man,r&b,81,0
Uniforme,Rich Music LTD,latin,81,0
105 F Remix,KEVVO,latin,81,0
"Rocket Man (I Think It's Going To Be A Long, Long Time)",Elton John,rock,81,1
Mine,Bazzi,pop,81,0
HIP,Mamamoo,pop,81,0
What I Like About You (feat. Theresa Rex),Jonas Blue,pop,81,0
She Will Be Loved - Radio Mix,Maroon 5,pop,80,0
Hips Don't Lie (feat. Wyclef Jean),Shakira,pop,80,0
Umbrella,Rihanna,pop,80,0
Back To You - From 13 Reasons Why – Season 2 Soundtrack,Selena Gomez,pop,80,0
Mixed Personalities (feat. Kanye West),YNW Melly,rap,80,1
Solo (feat. Demi Lovato),Clean Bandit,pop,80,0
Salt,Ava Max,edm,80,0
Counting Stars,OneRepublic,pop,80,0
In the Name of Love,Martin Garrix,edm,80,0
Trigger,Major Lazer,r&b,80,0
Come Thru (with Usher),Summer Walker,r&b,80,0
Te Boté - Remix,Nio Garcia,latin,80,1
Just Give Me a Reason (feat. Nate Ruess),P!nk,edm,80,1
Si Supieras,Daddy Yankee,latin,80,0
Lucky You (feat. Joyner Lucas),Eminem,rap,80,0
TiK ToK,Kesha,pop,80,0
Sorry Not Sorry,Demi Lovato,pop,80,0
Teeth,5 Seconds of Summer,pop,80,0
Outnumbered,Dermot Kennedy,pop,80,0
Playing Games (with Bryson Tiller) - Extended Version,Summer Walker,pop,80,1
Famous Hoes,NLE Choppa,rap,80,1
Runaway,Sebastian Yatra,pop,80,0
Heaven,Avicii,pop,80,0
Alien,RIN,rap,80,0
KEIN SCHLAF,Nimo,rap,80,0
LOVE. FEAT. ZACARI.,Kendrick Lamar,r&b,80,0
I Wanna Dance with Somebody (Who Loves Me),Whitney Houston,r&b,80,0
Sign of the Times,Harry Styles,r&b,80,0
Take Me To Church,Hozier,pop,80,1
Can't Stop,Red Hot Chili Peppers,rock,80,0
I'm a Mess,Bebe Rexha,pop,80,0
Fine China,Future,rap,80,0
The Nights,Avicii,pop,80,0
La Mejor Versión de Mi - Remix,Natti Natasha,latin,80,0
Velitas,Darell,latin,80,0
STARGAZING,Travis Scott,rap,80,0
Chop Suey!,System Of A Down,rock,80,0
Fortunate Son,Creedence Clearwater Revival,rock,80,0
Happy Now,Zedd,edm,80,1
Gangsta's Paradise,Coolio,rap,80,1
Feel Good Inc.,Gorillaz,rock,80,0
Be Honest (feat. Burna Boy),Jorja Smith,r&b,80,0
Hey There Delilah,Plain White T's,pop,80,1
Story of My Life,One Direction,pop,80,0
Loving Is Easy,Rex Orange County,pop,80,1
Baila Baila Baila - Remix,Ozuna,latin,80,0
my boy,Billie Eilish,pop,80,1
Shotta Flow (Feat. Blueface) [Remix],NLE Choppa,rap,80,0
Don't,Bryson Tiller,rap,80,1
The Real Slim Shady,Eminem,rap,80,0
Don't Stop Believin',Journey,rock,80,0
COLT,Samra,rap,80,1
All Around The World (La La La),R3HAB,edm,80,0
Cake By The Ocean,DNCE,pop,80,0
Amanece,Anuel AA,rap,80,0
Start Wit Me (feat. Gunna),Roddy Ricch,r&b,80,1
La Boca,Mau y Ricky,latin,80,0
Just the Way You Are,Bruno Mars,r&b,80,0
More Than You Know,Axwell /\ Ingrosso,pop,80,0
Aullando,Wisin & Yandel,latin,80,0
8,Billie Eilish,r&b,80,1
Sugar,Maroon 5,pop,80,0
God is a woman,Ariana Grande,pop,80,0
Can't Feel My Face,The Weeknd,latin,80,0
New Light,John Mayer,pop,80,0
Zombie,The Cranberries,rock,80,0
I Feel It Coming,The Weeknd,pop,80,0
Galway Girl,Ed Sheeran,pop,80,0
See You Again (feat. Charlie Puth),Wiz Khalifa,pop,80,1
Lonely (with Jonas Brothers),Diplo,edm,80,0
"Loco Contigo (with J. Balvin & Ozuna feat. Nicky Jam, Natti Natasha, Darell & Sech) - REMIX",DJ Snake,pop,80,0
Invocada (Participação especial de Léo Santana) - Ao vivo,Ludmilla,edm,80,0
Bank Account,21 Savage,rap,80,1
emotions,iann dior,r&b,80,0
How I Move (feat. Lil Baby),Flipp Dinero,rap,80,0
Put A Little Love On Me,Niall Horan,r&b,80,1
Vulnerable,Selena Gomez,r&b,80,1
Love Songs - Bonus,Kaash Paige,r&b,80,1
YOSEMITE,Travis Scott,r&b,80,1
Everybody Wants To Rule The World,Tears For Fears,rock,80,1
Save That Shit,Lil Peep,rap,80,0
Empty,Juice WRLD,rap,80,0
Big Plans,Why Don't We,pop,80,0
Someone Like You,Adele,latin,79,1
Lottery (Renegade),K CAMP,rap,79,0
Contra La Pared,Sean Paul,latin,79,0
7 Years,Lukas Graham,edm,79,1
What Am I,Why Don't We,pop,79,0
So Close,NOTD,pop,79,0
Basket Case,Green Day,rock,79,0
I Forgot That You Existed,Taylor Swift,r&b,79,1
Vaina Loca,Ozuna,latin,79,0
Best Part (feat. H.E.R.),Daniel Caesar,r&b,79,1
Close Your Eyes,Felix Jaehn,edm,79,0
"Carry On (from the Original Motion Picture ""POKÉMON Detective Pikachu"")",Kygo,pop,79,0
Contando Lunares (feat. Cruz Cafuné),Don Patricio,pop,79,1
La Playa,Myke Towers,latin,79,0
Doch in der Nacht,Apache 207,rap,79,0
Nur zur Info,Ufo361,rap,79,1
Nothing Breaks Like a Heart (feat. Miley Cyrus),Mark Ronson,pop,79,0
Lost In Japan,Shawn Mendes,pop,79,0
fuck 3x,tha Supreme,latin,79,0
Location (feat. Burna Boy),Dave,rap,79,1
No One Compares To You,Jack & Jack,pop,79,0
Jackie Chan,Tiësto,pop,79,0
With Or Without You - Remastered,U2,pop,79,1
Baby (Lil Baby feat. DaBaby),Quality Control,rap,79,1
See You Again (feat. Kali Uchis),"Tyler, The Creator",r&b,79,1
Enter Sandman,Metallica,rock,79,0
Stay,Zedd,pop,79,0
Should I Stay or Should I Go - Remastered,The Clash,rock,79,0
Brown Eyed Girl,Van Morrison,rock,79,0
Nevermind,Dennis Lloyd,latin,79,0
Yeah! (feat. Lil Jon & Ludacris),Usher,pop,79,0
A Thousand Years,Christina Perri,pop,79,1
Please Me,Cardi B,r&b,79,0
do re mi,blackbear,pop,79,0
Losing It,FISHER,edm,79,0
Look Alive (feat. Drake),BlocBoy JB,rap,79,0
There's No Way (feat. Julia Michaels),Lauv,r&b,79,1
La Playa - Remix,Myke Towers,rap,79,0
Centuries,Fall Out Boy,latin,79,0
Adan y Eva,Paulo Londra,rap,79,0
Detente,Mike Bahía,latin,79,0
Wonderwall - Remastered,Oasis,rock,79,0
Mr. Blue Sky,Electric Light Orchestra,rock,79,1
Chandelier,Sia,pop,79,0
Make You Mine,PUBLIC,pop,79,0
Love Lies (with Normani),Khalid,pop,79,0
Desconocidos,Mau y Ricky,latin,79,0
Money,Cardi B,latin,79,0
On & On,Alok,edm,79,0
Despacito,Luis Fonsi,pop,79,0
Tra Tra Tra Remix,Ghetto Kids,latin,79,0
Come Together - Remastered 2009,The Beatles,rock,79,1
We Will Rock You - Remastered,Queen,rock,79,1
Una Vida Para Recordar,Piso 21,latin,79,0
Me Gusta,Shakira,latin,79,0
"I Can’t Get Enough (benny blanco, Selena Gomez, J Balvin, Tainy)",benny blanco,latin,79,1
Godzilla (feat. Juice WRLD),Eminem,pop,79,0
Reply (feat. Lil Uzi Vert),A Boogie Wit da Hoodie,rap,79,0
I Love It (& Lil Pump),Kanye West,latin,79,0
1950,King Princess,r&b,79,1
Finally // beautiful stranger,Halsey,pop,79,0
Glitter,BENEE,r&b,79,0
No Scrubs,TLC,r&b,79,0
DNA.,Kendrick Lamar,r&b,79,0
Wannabe,Spice Girls,pop,79,0
hostage,Billie Eilish,r&b,79,1
In My Room,Frank Ocean,r&b,79,1
Low (feat. T-Pain),Flo Rida,pop,79,0
Side To Side,Ariana Grande,pop,79,0
Kill This Love,BLACKPINK,edm,79,0
This Is What You Came For,Calvin Harris,pop,79,0
Dance Again,Selena Gomez,r&b,79,0
Run Rudolph Run - Single Version,Chuck Berry,r&b,79,1
No One,Alicia Keys,edm,79,0
Titanium (feat. Sia),David Guetta,pop,79,0
Summer,Calvin Harris,pop,79,0
Tap (feat. Meek Mill),NAV,rap,79,0
Exchange,Bryson Tiller,rap,79,1
Hot Girl Summer (feat. Nicki Minaj & Ty Dolla $ign),Megan Thee Stallion,rap,79,0
Goteo,Duki,rap,79,0
NI BIEN NI MAL,Bad Bunny,rap,79,1
Give Me Everything,Pitbull,pop,79,0
Baby Sitter (feat. Offset),DaBaby,rap,79,0
Sex on Fire,Kings of Leon,rock,79,0
Tiny Dancer,Elton John,rock,79,1
Last Resort,Papa Roach,rock,79,0
Changes,Lauv,r&b,79,1
Gan-Ga - Remix,Bryant Myers,rap,79,1
20/20,Lil Tjay,rap,79,1
Sunflower,Rex Orange County,r&b,79,0
La Cama,Lunay,latin,79,0
Falling Like The Stars,James Arthur,r&b,79,1
"Happy - From ""Despicable Me 2""",Pharrell Williams,pop,79,0
Ruin My Life,Zara Larsson,pop,79,0
No Te Debí Besar,C. Tangana,latin,79,0
MALA SANTA,Becky G,latin,79,0
All Star,Smash Mouth,rock,79,0
Snow (Hey Oh),Red Hot Chili Peppers,rock,79,0
These Days,Rudimental,latin,79,0
Mi Error - Remix,Eladio Carrion,latin,79,0
Aleluya,Reik,latin,79,0
UN PESO,J Balvin,latin,79,0
Mírame - Remix,Nio Garcia,latin,79,0
Little Do You Know,Alex & Sierra,edm,79,1
Dreams - 2004 Remaster,Fleetwood Mac,rock,79,1
One Last Time,Ariana Grande,pop,79,0
Kenny G,Matuê,edm,79,0
Chlorine,Twenty One Pilots,pop,79,0
Jealous,Labrinth,r&b,79,1
Body,Loud Luxury,latin,79,0
Si Estuviésemos Juntos,Bad Bunny,rap,79,0
All The Stars (with SZA),Kendrick Lamar,r&b,79,0
Look At Me!,XXXTENTACION,rap,79,0
Vor der Tür,Gzuz,rap,79,0
Hear Me Calling,Juice WRLD,rap,79,0
Speechless,Dan + Shay,pop,79,1
Der Bratan bleibt der gleiche,Capital Bra,rap,79,0
Who Needs Love,Trippie Redd,rap,79,1
We Don't Talk Anymore,Charlie Puth,latin,79,1
Wrong Direction,Hailee Steinfeld,pop,79,1
"Down Like That (feat. Rick Ross, Lil Baby & S-X)",KSI,rap,79,0
Amigos Con Derechos,Reik,latin,79,0
Into You,Ariana Grande,edm,79,0
Let It Be - Remastered 2009,The Beatles,rock,79,1
Fight Song,Rachel Platten,pop,79,0
PILLOWTALK,ZAYN,pop,78,0
Sin Pijama,Becky G,latin,78,0
Go Loko,YG,r&b,78,0
Orphans,Coldplay,pop,78,0
Tal Vez,Paulo Londra,latin,78,0
Royals,Lorde,pop,78,1
Bad Romance,Lady Gaga,pop,78,0
Hey Ya!,OutKast,latin,78,0
Clout (feat. Cardi B),Offset,rap,78,0
Lily,Alan Walker,edm,78,0
Si Se Da,Myke Towers,rap,78,0
REEL IT IN,Aminé,rap,78,1
Symphony (feat. Zara Larsson),Clean Bandit,edm,78,0
Ne reviens pas,Gradur,latin,78,0
Seven Nation Army,The White Stripes,rock,78,1
Riptide,Vance Joy,pop,78,0
Vem Me Satisfazer,MC Ingryd,latin,78,1
PAID MY DUES,NF,rap,78,0
A Sky Full of Stars,Coldplay,rock,78,0
Amor de Que,Pabllo Vittar,edm,78,0
40%,Aya Nakamura,latin,78,1
How You Remind Me,Nickelback,rock,78,0
C90 (Remix),John C,rap,78,0
Speechless (feat. Erika Sirola),Robin Schulz,pop,78,0
24K Magic,Bruno Mars,edm,78,0
Kraazy,Likybo,rap,78,1
Envy Me,Calboy,rap,78,1
Viva La Vida,Coldplay,rock,78,0
Drowning (feat. Kodak Black),A Boogie Wit da Hoodie,r&b,78,0
Best Part (feat. Daniel Caesar),H.E.R.,r&b,78,1
If I Ain't Got You,Alicia Keys,r&b,78,1
Ti volevo dedicare (feat. J-AX & Boomdabash),Rocco Hunt,r&b,78,0
Otra Noche en Miami,Bad Bunny,rap,78,1
Waiting For Love,Avicii,pop,78,0
stupid,Tate McRae,edm,78,0
DJ Got Us Fallin' In Love (feat. Pitbull),Usher,latin,78,0
Party In The U.S.A.,Miley Cyrus,pop,78,0
Blank Space,Taylor Swift,pop,78,0
Carreira Solo - Ao Vivo,Gusttavo Lima,edm,78,0
Relógio Parado (Ao Vivo),Diego & Arnaldo,edm,78,0
Down Below,Roddy Ricch,rap,78,1
Leave Me Alone,Flipp Dinero,rap,78,0
RNP (feat. Anderson .Paak),YBN Cordae,rap,78,0
American Idiot,Green Day,rock,78,0
Bang Bang,YNW Melly,r&b,78,0
Tu Sicaria,Ms Nina,latin,78,0
Isis,Joyner Lucas,rap,78,0
Easy - Remix,DaniLeigh,r&b,78,1
Fireflies,Owl City,latin,78,0
Play,K-391,pop,78,0
Say My Name,David Guetta,pop,78,0
Bonita,Juanes,latin,78,0
Rude,MAGIC!,latin,78,0
blun7 a swishland,tha Supreme,rap,78,0
Wet Dreamz,J. Cole,r&b,78,0
This Girl (Kungs Vs. Cookin' On 3 Burners),Kungs,pop,78,0
More Than a Feeling,Boston,rock,78,0
Música,DJ Luian,latin,78,0
Tongue Tied,Grouplove,pop,78,0
El Efecto,Rauw Alejandro,latin,78,0
All The Small Things,blink-182,rock,78,0
Toxicity,System Of A Down,rock,78,0
Bring Me To Life,Evanescence,rock,78,0
Act Up,City Girls,r&b,78,0
Welcome To The Jungle,Guns N' Roses,rock,78,0
Jump - 2015 Remaster,Van Halen,rock,78,0
Thotiana,Blueface,pop,78,1
Otherside,Red Hot Chili Peppers,rock,78,0
Stairway to Heaven - Remaster,Led Zeppelin,rock,78,1
Have You Ever Seen The Rain,Creedence Clearwater Revival,rock,78,0
Bang Bang,Jessie J,pop,78,0
breathin,Ariana Grande,pop,78,0
Locked Out of Heaven,Bruno Mars,pop,78,0
Can I Be Him,James Arthur,r&b,78,1
Nights,Frank Ocean,r&b,78,1
Welcome to the Black Parade,My Chemical Romance,rock,78,0
Rebota - Remix,Guaynaa,latin,78,0
This Is Me,Keala Settle,r&b,78,0
Rodeo,Lil Nas X,rap,78,0
Vidrado Em Você,Dj Guuga,edm,78,0
"Para, Pensa e Volta - Ao Vivo",Yasmin Santos,edm,78,0
I Feel Love,Sam Smith,edm,78,0
Dream On,Aerosmith,rock,78,1
You Shook Me All Night Long,AC/DC,rock,78,0
Tongue Tied (with YUNGBLUD & blackbear),Marshmello,pop,78,0
Cradles,Sub Urban,pop,78,0
Wake Up in the Sky,Gucci Mane,r&b,78,0
It Ain't Me (with Selena Gomez),Kygo,pop,78,0
"CAN'T STOP THE FEELING! (Original Song from DreamWorks Animation's ""TROLLS"")",Justin Timberlake,pop,78,0
A Culpa é do Meu Grau (feat. Zé Neto & Cristiano) - Ao Vivo em Brasília,Diego & Victor Hugo,edm,78,0
Easy,Camila Cabello,edm,78,1
Work from Home (feat. Ty Dolla $ign),Fifth Harmony,pop,78,0
Paradise City,Guns N' Roses,rock,78,0
Imaginaste - Remix,Jhay Cortez,r&b,78,0
Falling for U,Peachy!,rock,78,1
Wait a Minute!,WILLOW,r&b,78,0
SUPREME - L'ego (feat. tha Supreme & Sfera Ebbasta),Marracash,rap,78,0
Fuentes de Ortiz,Ed Maverick,latin,78,1
Go In,Lil Tjay,r&b,78,0
La Difícil,Camilo,latin,78,1
¿Qué Ha Pasao'?,Abraham Mateo,latin,78,0
Payphone,Maroon 5,pop,78,0
Killing In The Name,Rage Against The Machine,rock,78,0
Love Me Less (feat. Quinn XCII),MAX,pop,78,0
Get You (feat. Kali Uchis),Daniel Caesar,r&b,78,1
I Was Made For Lovin' You,KISS,rock,78,0
Tabú,Pablo Alborán,latin,78,0
Bitter Sweet Symphony,The Verve,rock,78,0
Arms Around You (feat. Maluma & Swae Lee),XXXTENTACION,latin,78,0
Slow Dance,AJ Mitchell,pop,78,1
Tanto,Jesse & Joy,latin,78,0
Un Año,Sebastian Yatra,latin,78,1
Girls Need Love (with Drake) - Remix,Summer Walker,r&b,78,1
Stay,Post Malone,pop,78,1
No Te Vayas,Camilo,latin,78,0
Like I'm Gonna Lose You (feat. John Legend),Meghan Trainor,pop,78,1
Ocean,KAROL G,latin,78,1
What Do You Mean?,Justin Bieber,pop,78,1
The Chain - 2004 Remaster,Fleetwood Mac,rock,78,0
Millions,Young Thug,rap,78,0
Radioactive,Imagine Dragons,edm,78,0
Hall of Fame,The Script,pop,78,0
Say Something,A Great Big World,pop,78,1
Out Of Love,Alessia Cara,pop,78,1
Toxic,Britney Spears,pop,78,0
Nuketown (feat. Juice WRLD),Ski Mask The Slump God,rap,78,0
I Took A Pill In Ibiza - Seeb Remix,Mike Posner,latin,78,0
What A Time (feat. Niall Horan),Julia Michaels,pop,78,1
bad vibes forever,XXXTENTACION,rap,78,0
OTW,Khalid,r&b,78,0
Harleys In Hawaii,Katy Perry,pop,78,0
Water Fountain,Alec Benjamin,pop,78,1
What Makes You Beautiful,One Direction,pop,78,0
Bellacoso,Residente,latin,77,0
Cristina (feat. Shelow Shaq),Maffio,latin,77,0
"Sucker For Pain (with Wiz Khalifa, Imagine Dragons, Logic & Ty Dolla $ign feat. X Ambassadors)",Lil Wayne,rap,77,0
Immigrant Song - Remaster,Led Zeppelin,rock,77,0
Chasing Cars,Snow Patrol,rock,77,0
Dynamite,Taio Cruz,pop,77,0
Pretty Girl - Cheat Codes X CADE Remix,Maggie Lindemann,pop,77,0
"You Can't Stop The Girl (From Disney's ""Maleficent: Mistress of Evil"")",Bebe Rexha,latin,77,1
Adictiva,Daddy Yankee,rap,77,0
Ambitionz Az A Ridah,2Pac,rap,77,0
You Make My Dreams,Daryl Hall & John Oates,r&b,77,1
Por Eso Vine,Paulo Londra,latin,77,0
One,U2,rock,77,1
Dust in the Wind,Kansas,rock,77,1
Ready,Alessia Cara,pop,77,1
Jesus In LA,Alec Benjamin,pop,77,0
Faith (with Dolly Parton) [feat. Mr. Probz],Galantis,latin,77,0
Diamonds (with Normani),Megan Thee Stallion,r&b,77,0
Future Nostalgia,Dua Lipa,r&b,77,0
Chills,Why Don't We,r&b,77,0
Kill Yourself (Part III),$uicideBoy$,rap,77,0
Beautiful Girls,Sean Kingston,pop,77,0
My Way,Calvin Harris,latin,77,0
Crazy Train,Ozzy Osbourne,rock,77,0
Don't You Worry Child - Radio Edit,Swedish House Mafia,pop,77,0
Babushka Boi,A$AP Rocky,rap,77,0
Shoota (feat. Lil Uzi Vert),Playboi Carti,rap,77,0
Bleeding Love,Leona Lewis,pop,77,0
Everlong,Foo Fighters,rock,77,0
Knockin' On Heaven's Door,Guns N' Roses,rock,77,0
Let Me Love You,Mario,r&b,77,1
Electric Feel,MGMT,pop,77,0
High On Life (feat. Bonn),Martin Garrix,edm,77,0
Complicated,Avril Lavigne,pop,77,0
Love Galore (feat. Travis Scott),SZA,r&b,77,0
MAMACITA,Tyga,rap,77,0
Way Back Home (feat. Conor Maynard) - Sam Feldt Edit,SHAUN,edm,77,0
Ladbroke Grove,AJ Tracey,r&b,77,0
Secret Love Song (feat. Jason Derulo),Little Mix,pop,77,0
Classic,MKTO,pop,77,0
La Forma en Que Me Miras,Super Yei,rap,77,0
Wind Of Change,Scorpions,rock,77,1
Roxanne,The Police,rock,77,0
Reggaeton,J Balvin,latin,77,0
Stereo Hearts (feat. Adam Levine),Gym Class Heroes,pop,77,0
Somewhere Only We Know,Keane,rock,77,0
Tequila,Juanes,latin,77,0
Somebody That I Used To Know,Gotye,rock,77,1
Piropo,Noriel,latin,77,0
Rockabye (feat. Sean Paul & Anne-Marie),Clean Bandit,edm,77,0
Safe And Sound,Capital Cities,edm,77,0
Swing,Danny Ocean,latin,77,1
Chica Bombastic,Wisin & Yandel,latin,77,0
Hymn for the Weekend,Coldplay,pop,77,0
Paradise,Coldplay,pop,77,0
Dangerous Woman,Ariana Grande,latin,77,0
A Dónde Vamos,Morat,latin,77,0
Piece Of Your Heart - Alok Remix,MEDUZA,edm,77,0
Bad and Boujee (feat. Lil Uzi Vert),Migos,rap,77,0
No Brainer,DJ Khaled,pop,77,0
Behind Barz - Bonus,Drake,rap,77,1
Beat It - Single Version,Michael Jackson,pop,77,0
Light,Jerome,edm,77,0
Chill Bill (feat. J. Davi$ & Spooks),Rob $tone,rap,77,1
Work,Rihanna,edm,77,0
Freaky Friday (feat. Chris Brown),Lil Dicky,rap,77,0
Tutu - Remix,Camilo,latin,77,0
Bones (feat. OneRepublic),Galantis,pop,77,0
Hey Brother,Avicii,pop,77,0
Fast Car,Tracy Chapman,pop,77,1
I Want to Know What Love Is - 1999 Remaster,Foreigner,pop,77,1
Everyday,Logic,rap,77,0
GIANTS,True Damage,pop,77,0
Weekend (feat. Miguel),Mac Miller,rap,77,1
Antidote,Travis Scott,rap,77,0
Time of Our Lives,Pitbull,pop,77,0
Me Niego (feat. Ozuna & Wisin),Reik,latin,77,0
Halo,Beyoncé,r&b,77,0
Monster,LUM!X,edm,77,0
Mit Dir,Loredana,rap,77,0
KARMA,Nimo,rap,77,0
CASINO ROYAL,Kianush,rap,77,0
Love Me More,Trippie Redd,rap,77,1
Plug Walk,Rich The Kid,r&b,77,1
Enamórate De Alguien Más,Morat,latin,77,0
Mirrors,Justin Timberlake,pop,77,1
Pink + White,Frank Ocean,r&b,77,1
Malibu,Miley Cyrus,pop,77,0
Rolling in the Deep,Adele,pop,77,0
What Lovers Do (feat. SZA),Maroon 5,pop,77,0
"Aleman: Bzrp Music Sessions, Vol. 15",Bizarrap,rap,77,0
REMEDY,Alesso,pop,77,0
Cheap Thrills,Sia,pop,77,0
Unbelievable,Why Don't We,pop,77,0
Criminal,Natti Natasha,latin,77,0
We Can't Stop,Miley Cyrus,pop,77,0
Caro,Bad Bunny,latin,77,1
Broken,Lund,rap,77,0
Him & I (with Halsey),G-Eazy,r&b,77,0
Fantasias - Unplugged,Rauw Alejandro,latin,77,1
La Romana,Bad Bunny,latin,77,0
Ni**as In Paris,JAY-Z,rap,77,0
Sunset Lover,Petit Biscuit,pop,77,1
Me Rehúso,Danny Ocean,latin,77,0
Ms. Jackson,OutKast,rap,77,0
Narcotic,Younotus,pop,77,0
Dark Horse,Katy Perry,edm,77,0
Soldi in Nero - feat. Sfera Ebbasta,Shiva,rap,77,0
Unsteady,X Ambassadors,latin,77,0
Ivy,Frank Ocean,r&b,77,1
T.N.T.,AC/DC,rock,77,0
Unsainted,Slipknot,rock,77,0
Firestone (feat. Conrad Sewell),Kygo,pop,77,1
In Da Club,50 Cent,rap,77,0
Faded,Alan Walker,pop,77,0
Right Back (feat. A Boogie Wit Da Hoodie),Khalid,r&b,77,1
Roar,Katy Perry,edm,77,0
Uptown Girl,Billy Joel,rock,77,0
BOTA FUEGO,Mau y Ricky,latin,77,0
Bad At Love,Halsey,pop,77,0
"You're Gonna Go Far, Kid",The Offspring,rock,77,0
Lie To Me (feat. Julia Michaels),5 Seconds of Summer,pop,77,0
Slow Hands,Niall Horan,pop,77,1
You & Me,James TW,r&b,77,0
"Love Me Like You Do - From ""Fifty Shades Of Grey""",Ellie Goulding,pop,77,0
Sky Walker (feat. Travis Scott),Miguel,r&b,77,1
Let's Fall in Love for the Night,FINNEAS,pop,77,1
Stitches,Shawn Mendes,pop,77,0
Pure Cocaine,Lil Baby,rap,77,0
Rewrite The Stars,Zac Efron,r&b,77,0
"Me, Myself & I",G-Eazy,pop,77,0
goodbye,Billie Eilish,r&b,77,1
Distant,Maes,latin,77,1
8 Letters,Why Don't We,r&b,77,1
Waka Waka (This Time for Africa) [The Official 2010 FIFA World Cup (TM) Song],Shakira,latin,77,0
Mr. Brightside,The Killers,rock,77,0
"Lose Yourself - From ""8 Mile"" Soundtrack",Eminem,rap,77,0
So Sick,Ne-Yo,r&b,77,1
Déjate Querer,Lalo Ebratt,latin,77,0
Zorra,Bad Gyal,pop,77,1
How Deep Is Your Love,Calvin Harris,pop,77,0
I Think I Luv Her,Tyla Yaweh,rap,77,0
Perfect Duet (Ed Sheeran & Beyoncé),Ed Sheeran,r&b,77,1
Teenagers,My Chemical Romance,rock,77,0
"Camelot (feat. Yo Gotti, BlocBoy JB & Moneybagg Yo) - Remix",NLE Choppa,rap,77,0
Solita,Sech,latin,77,0
Formation,Beyoncé,r&b,77,0
My Boo,Usher,r&b,77,1
Quem Traiu Levou - Ao Vivo,Gusttavo Lima,edm,77,0
Kryptonite,3 Doors Down,rock,77,0
Dilemma,Nelly,r&b,77,0
Tennessee Whiskey,Chris Stapleton,r&b,77,1
A Horse with No Name,America,rock,77,1
Starving,Hailee Steinfeld,pop,77,0
Plain Jane,A$AP Ferg,r&b,77,0
Mother's Daughter,Miley Cyrus,r&b,77,0
Caroline,Aminé,r&b,77,1
Landslide,Fleetwood Mac,rock,77,1
Pretty Little Fears (feat. J. Cole),6LACK,r&b,77,1
Hotline Bling,Drake,edm,77,0
Mad Love,Mabel,edm,77,0
Drops of Jupiter,Train,rock,77,0
Scars To Your Beautiful,Alessia Cara,pop,77,0
They Don't Know About Us,One Direction,pop,77,0
Ahora Te Puedes Marchar,Luis Miguel,latin,77,0
Your Body Is a Wonderland,John Mayer,rock,77,0
Finesse - Remix; feat. Cardi B,Bruno Mars,r&b,77,0
Iris,The Goo Goo Dolls,rock,77,0
Porno,Rich Music LTD,latin,77,0
Nadie (feat. Sech & Sharo Towers) - Remix,Farruko,latin,77,0
R.I.P. (feat. Rita Ora & Anitta),Sofia Reyes,latin,76,0
We Got Love,Sigala,edm,76,0
A Thousand Miles,Vanessa Carlton,pop,76,0
Pookie (feat. Capo Plaza) - Remix,Aya Nakamura,rap,76,0
"I'm the One (feat. Justin Bieber, Quavo, Chance the Rapper & Lil Wayne)",DJ Khaled,rap,76,0
I Knew You Were Trouble.,Taylor Swift,pop,76,1
Oops!...I Did It Again,Britney Spears,pop,76,0
Black Magic,Little Mix,pop,76,0
Say My Name,Destiny's Child,r&b,76,0
No Diggity,Blackstreet,r&b,76,0
"Another Brick in the Wall, Pt. 2",Pink Floyd,rock,76,1
Felices los 4,Maluma,latin,76,0
La player (Bandolera),Zion & Lennox,latin,76,0
Robarte un Beso,Carlos Vives,latin,76,0
Free Fallin',Tom Petty,rock,76,1
Dancing In the Dark,Bruce Springsteen,rock,76,0
Whole Lotta Love - 1990 Remaster,Led Zeppelin,rock,76,0
Thnks fr th Mmrs,Fall Out Boy,rock,76,0
No Lo Trates,Pitbull,latin,76,0
All Along the Watchtower,Jimi Hendrix,rock,76,0
(I Can't Get No) Satisfaction - Mono Version,The Rolling Stones,rock,76,0
Crank That (Soulja Boy),Soulja Boy,rap,76,0
Despacito - Remix,Luis Fonsi,latin,76,0
Escápate Conmigo (feat. Ozuna),Wisin,latin,76,0
Swalla (feat. Nicki Minaj & Ty Dolla $ign),Jason Derulo,pop,76,0
Me And My Broken Heart,Rixton,pop,76,0
Phases,PRETTYMUCH,pop,76,0
Kids,MGMT,pop,76,0
Poker Face,Lady Gaga,pop,76,0
Budapest,George Ezra,edm,76,1
Rushing Back,Flume,r&b,76,0
Bubalu,Becky G,rap,76,1
Waves - Robin Schulz Radio Edit,Mr. Probz,pop,76,1
No Sleep (feat. Bonn),Martin Garrix,edm,76,0
ADHD,Joyner Lucas,rap,76,0
No Stylist,French Montana,rap,76,0
Unwritten,Natasha Bedingfield,pop,76,0
Wish You Were Here,Pink Floyd,rock,76,1
Dura,Daddy Yankee,latin,76,0
No Limit,G-Eazy,r&b,76,0
Want to Want Me,Jason Derulo,pop,76,0
Raise Your Glass,P!nk,pop,76,0
Down,Jay Sean,pop,76,0
Imaginate,Rich Music LTD,latin,76,0
BIG,Young M.A,rap,76,0
Younger,Jonas Blue,r&b,76,0
FRESH KERIAS,Feid,latin,76,0
Call Me Maybe,Carly Rae Jepsen,edm,76,0
I Still Haven't Found What I'm Looking For,U2,rock,76,0
My House,Flo Rida,pop,76,0
Hopeless Romantic (feat. Swae Lee),Wiz Khalifa,rap,76,1
Juicy - 2005 Remaster,The Notorious B.I.G.,rap,76,0
Eye of the Tiger,Survivor,rock,76,1
Jangueo,Alex Rose,latin,76,0
BRAVI A CADERE - I polmoni,Marracash,r&b,76,0
Stack It Up (feat. A Boogie Wit da Hoodie),Liam Payne,r&b,76,0
Dior,Pop Smoke,rap,76,0
The Pretender,Foo Fighters,rock,76,0
La Cartera,Farruko,latin,76,0
Bailemos,Manuel Turizo,latin,76,0
Baba O'Riley,The Who,rock,76,1
Don't Stop The Music,Rihanna,edm,76,0
Believe,Cher,pop,76,0
We Are The Champions - Remastered 2011,Queen,rock,76,1
Whistle,Flo Rida,pop,76,0
Wild Ones (feat. Sia),Flo Rida,pop,76,0
Don't Rush (feat. Headie One),Young T & Bugsey,r&b,76,1
Bounce Back,Big Sean,r&b,76,0
This Is America,Childish Gambino,pop,76,0
No Hay Nadie Más,Sebastian Yatra,latin,76,1
Paranoid,Black Sabbath,rock,76,0
Please Don't Go,Joel Adams,edm,76,0
El Efecto - Remix,Rauw Alejandro,latin,76,0
Maps,Maroon 5,pop,76,0
Most Girls,Hailee Steinfeld,r&b,76,0
Mambo No. 5 (a Little Bit of...),Lou Bega,latin,76,0
The Boys Of Summer,Don Henley,rock,76,1
Treasure,Bruno Mars,latin,76,0
Chicken Noodle Soup (feat. Becky G),j-hope,edm,76,0
sex,EDEN,pop,76,0
Killshot,Eminem,rap,76,0
Money Longer,Lil Uzi Vert,rap,76,0
The Weekend - Funk Wav Remix,SZA,r&b,76,1
Voy Por Ti,Cali Y El Dandee,latin,76,0
Ain't No Sunshine,Bill Withers,r&b,76,1
Die For You,The Weeknd,r&b,76,0
Lo Que Siento,Cuco,r&b,76,1
Cuando Te Besé,Becky G,latin,76,0
Tutto Questo Sei Tu,Ultimo,r&b,76,1
Freaking Me Out,Ava Max,pop,76,1
Timber (feat. Ke$ha),Pitbull,pop,76,0
Pray For Me (with Kendrick Lamar),The Weeknd,r&b,76,0
Bad To You (with Normani & Nicki Minaj),Ariana Grande,pop,76,0
Better When You're Gone,David Guetta,pop,76,0
Come Get Her,Rae Sremmurd,rap,76,0
The Weekend,SZA,r&b,76,1
Girls Just Want to Have Fun,Cyndi Lauper,pop,76,0
Honda Civic,The Cratez,rap,76,0
Kickstart My Heart,Mötley Crüe,rock,76,0
DANCE,CLMD,pop,76,0
Crew (feat. Brent Faiyaz & Shy Glizzy),GoldLink,rap,76,0
Ich hol dich ab,Jamule,rap,76,1
6AM.........,Dardan,rap,76,1
gone girl,iann dior,rap,76,0
Why'd You Only Call Me When You're High?,Arctic Monkeys,rock,76,0
Wake Me up When September Ends,Green Day,rock,76,0
In The Air Tonight - 2015 Remastered,Phil Collins,rock,76,1
Friends (with BloodPop®),Justin Bieber,pop,76,0
Lay Me Down,Sam Smith,r&b,76,1
I've Been Waiting (w/ ILoveMakonnen & Fall Out Boy),Lil Peep,pop,76,0
Get Lucky (feat. Pharrell Williams & Nile Rodgers) - Radio Edit,Daft Punk,pop,76,0
Best Day Of My Life,American Authors,latin,76,0
Wrecking Ball,Miley Cyrus,edm,76,1
What About Us,P!nk,edm,76,0
Primer Avión,Matisse,latin,76,0
All You Need To Know (feat. Calle Lehmann),Gryffin,rap,76,0
party favor,Billie Eilish,pop,76,1
Way Down We Go,KALEO,pop,76,1
Moonlight,Gaullin,pop,76,0
Bad Moon Rising,Creedence Clearwater Revival,rock,76,0
Buy U a Drank (Shawty Snappin'),T-Pain,rap,76,1
Darkside,Alan Walker,pop,76,0
No Lie,Sean Paul,pop,76,0
Café,Vitão,r&b,76,0
Something Real (with London On Da Track & Chris Brown),Summer Walker,r&b,76,0
None Of Your Concern,Jhené Aiko,r&b,76,1
Estamos Bien,Bad Bunny,latin,76,1
Never Forget You,Zara Larsson,pop,76,0
Diavla,Chris Viz,latin,76,0
Sugar (feat. Francesco Yates),Robin Schulz,pop,76,0
Too Good At Goodbyes,Sam Smith,r&b,76,1
Gasolina,Daddy Yankee,latin,76,0
Dani California,Red Hot Chili Peppers,rock,76,0
Duality,Slipknot,rock,76,0
Start Me Up - Remastered,The Rolling Stones,rock,76,0
Baby,Justin Bieber,pop,76,0
Shameless,Camila Cabello,edm,76,0
Often,The Weeknd,r&b,76,1
Impossible,James Arthur,pop,76,0
Cheerleader - Felix Jaehn Remix Radio Edit,OMI,edm,76,0
Ela É do Tipo (feat. Drake) - Remix,MC Kevin o Chris,latin,76,1
Heartless (feat. Mustard),Polo G,r&b,76,0
Where Are Ü Now (with Justin Bieber),Jack Ü,pop,76,0
Bad Day,Daniel Powter,rock,76,0
Borderline,Tame Impala,r&b,76,0
Black Beatles,Rae Sremmurd,pop,76,0
Those Kinda Nights (feat. Ed Sheeran),Eminem,r&b,76,0
Venom - Music From The Motion Picture,Eminem,rock,76,0
Lush Life,Zara Larsson,pop,76,0
Freddy Krueger (feat. Tee Grizzley),YNW Melly,rap,76,0
CAN'T GET OVER YOU (feat. Clams Casino),Joji,pop,76,1
This Love,Maroon 5,pop,76,0
Bored,Billie Eilish,r&b,76,1
Chantaje (feat. Maluma),Shakira,latin,76,0
Drag Me Down,One Direction,pop,76,0
Shout Out to My Ex,Little Mix,edm,76,0
Moves Like Jagger - Studio Recording From The Voice Performance,Maroon 5,pop,76,0
Propuesta Indecente,Romeo Santos,latin,76,1
DOLLAR,Becky G,rap,76,0
Nunca Es Suficiente,Los Angeles Azules,latin,76,1
The Kids Aren't Alright,The Offspring,rock,76,0
Cool,Jonas Brothers,r&b,76,0
This City,Sam Fischer,r&b,76,1
"Feels (feat. Pharrell Williams, Katy Perry & Big Sean)",Calvin Harris,pop,76,0
Secrets,OneRepublic,pop,76,0
Chicharrón,Guaynaa,latin,76,0
Naked,James Arthur,r&b,76,0
imagine,Ariana Grande,pop,76,1
Rise,Jonas Blue,pop,76,0
Ladders,Mac Miller,r&b,76,1
Blurred Lines,Robin Thicke,r&b,76,0
Lost Boy,Ruth B.,r&b,76,1
Ocean (feat. Khalid),Martin Garrix,pop,76,1
The Bones - with Hozier,Maren Morris,latin,76,1
You're Beautiful,James Blunt,rock,76,1
Woman Like Me (feat. Nicki Minaj),Little Mix,pop,76,0
Middle,DJ Snake,pop,76,0
Perfect Strangers,Jonas Blue,pop,76,0
CANGURO,WOS,rap,76,0
Nowadays (feat. Landon Cube),Lil Skies,rap,76,0
NASA,Ariana Grande,pop,76,1
Wrong,Luh Kel,r&b,76,0
If We Have Each Other,Alec Benjamin,r&b,76,1
Tudo Ok,Thiaguinho MT,edm,76,0
I Want It That Way,Backstreet Boys,pop,76,0
ANSIA NO,FSK SATELLITE,rap,76,0
Bodak Yellow,Cardi B,r&b,76,0
I Don’t Wanna Live Forever (Fifty Shades Darker),ZAYN,pop,76,1
Rasta Barbie (Remix),Gigolo Y La Exce,latin,76,0
Baianá,Bakermat,pop,76,0
Mood Swings,A Boogie Wit da Hoodie,r&b,76,0
Scar Tissue,Red Hot Chili Peppers,rock,76,0
Listen to the Music,The Doobie Brothers,rock,75,1
Lonely,Noah Cyrus,pop,75,1
Racks In The Middle (feat. Roddy Ricch and Hit-Boy),Nipsey Hussle,rap,75,0
Instant Crush,Daft Punk,pop,75,1
"No New Friends (feat. Sia, Diplo, and Labrinth)",Sia,latin,75,0
Danza Kuduro,Don Omar,latin,75,0
Won't Be Late (feat. Drake),Swae Lee,r&b,75,0
Phone Numbers,Dominic Fike,r&b,75,1
Date La Vuelta,Luis Fonsi,latin,75,0
Smoke On The Water - Remastered 2012,Deep Purple,rock,75,0
Out Of Your Mind (feat. Swae Lee & Chris Brown),French Montana,latin,75,0
Alive,Pearl Jam,rock,75,0
Wish You Well,Sigala,edm,75,0
That's Tuff (feat. Quavo),Rich The Kid,r&b,75,1
...Baby One More Time,Britney Spears,pop,75,0
You Can Call Me Al,Paul Simon,rock,75,0
BLUE,Tiësto,edm,75,0
Hold On (feat. Michel Zitron),Martin Garrix,edm,75,0
Panic Room,Au/Ra,pop,75,1
Fake Love,Drake,r&b,75,1
Walk,Comethazine,rap,75,0
Saved,Khalid,pop,75,1
Worth It,YK Osiris,r&b,75,1
Blame,Calvin Harris,pop,75,0
Airplanes (feat. Hayley Williams),B.o.B,latin,75,0
"Let It Go - From ""Frozen""/Soundtrack Version",Idina Menzel,pop,75,1
Hypnotize - 2014 Remaster,The Notorious B.I.G.,rap,75,0
Clocks,Coldplay,pop,75,1
No Me Acuerdo,Thalía,latin,75,0
Échame La Culpa,Luis Fonsi,latin,75,0
Let It Happen,Tame Impala,pop,75,0
Dime tú,Danny Ocean,latin,75,1
Patek,Ozuna,latin,75,1
Grenade,Bruno Mars,edm,75,1
MotorSport,Migos,r&b,75,0
JAPAN,Famous Dex,r&b,75,0
We Found Love,Rihanna,edm,75,0
"La Isla (with Sech & Dalex feat. Justin Quiles, La Exce, Feid, Zion)",Dimelo Flow,latin,75,0
Put Your Records On,Corinne Bailey Rae,r&b,75,1
Rock And Roll All Nite,KISS,rock,75,0
The Final Countdown,Europe,rock,75,0
NIGHTTIME (Interlude),Russ,r&b,75,0
No Vuelvas Más,Darell,latin,75,1
Insomnia,Daya,pop,75,0
Island In The Sun,Weezer,rock,75,0
Linger,The Cranberries,rock,75,1
Outta My Head (with John Mayer),Khalid,latin,75,0
The Last Time,The Script,r&b,75,0
BOYFREN,LoveLeo,r&b,75,1
Thinkin Bout You,Frank Ocean,r&b,75,1
Born To Be Yours,Kygo,latin,75,0
Still D.R.E.,Dr. Dre,rap,75,0
Electric Love,BØRNS,pop,75,0
Popular Monster,Falling In Reverse,rock,75,0
Mami,Paloma Mami,latin,75,0
Run the World (Girls),Beyoncé,pop,75,0
All Day And Night,Jax Jones,edm,75,0
This Christmas,Donny Hathaway,r&b,75,1
Love You Like A Love Song,Selena Gomez & The Scene,latin,75,0
Nada,Cazzu,latin,75,1
Born in the U.S.A.,Bruce Springsteen,rock,75,0
Love Song,Sara Bareilles,rock,75,0
"BOTA FUEGO (feat. Dímelo Flow, Justin Quiles & Lenny Tavárez) - Remix",Mau y Ricky,latin,75,0
Toxico,Brytiago,latin,75,0
Don't Let It Break Your Heart - Single Edit,Louis Tomlinson,pop,75,0
Careless Whisper,George Michael,rock,75,0
Paris,The Chainsmokers,pop,75,0
Stole the Show,Kygo,pop,75,0
Kemba Walker,Eladio Carrion,rap,75,1
Not About Angels,Birdy,r&b,75,1
Monster,Skillet,rock,75,0
Hold the Line,TOTO,rock,75,1
Black,Pearl Jam,rock,75,1
Dear Society,Madison Beer,pop,75,0
Must Be,J Hus,r&b,75,0
Girl On Fire,Alicia Keys,pop,75,0
On God,Kanye West,r&b,75,0
Jumpman,Drake,rap,75,0
I Love,Joyner Lucas,rap,75,0
Like a Stone,Audioslave,rock,75,0
Créeme,KAROL G,latin,75,0
IDOL,BTS,pop,75,0
Sue Me,Sabrina Carpenter,pop,75,0
When You Were Young,The Killers,rock,75,0
Cúrame (feat. Manuel Turizo),Prince Royce,latin,75,1
Ni Gucci Ni Prada,Kenny Man,latin,75,0
Body Back (feat. Maia Wright),Gryffin,pop,75,0
My My My!,Troye Sivan,pop,75,1
POP/STARS,K/DA,pop,75,0
Feel So Close - Radio Edit,Calvin Harris,latin,75,0
Polaroid,Jonas Blue,pop,75,0
The Spectre,Alan Walker,edm,75,0
The Joker,Steve Miller Band,rock,75,1
Hurts Like Hell (feat. Offset),Madison Beer,pop,75,1
Faith - Remastered,George Michael,pop,75,1
Breaking Me,Topic,edm,75,0
21 Guns,Green Day,pop,75,0
"I Don't Want to Miss a Thing - From ""Armageddon"" Soundtrack",Aerosmith,rock,75,0
Can We Pretend (feat. Cash Cash),P!nk,pop,75,0
MOJAITA,J Balvin,latin,75,0
Tadow,Masego,r&b,75,1
COMO UN BEBÉ,J Balvin,latin,75,0
Hear Me Now,Alok,pop,75,1
Solita,Ozuna,rap,75,0
"John C: Bzrp Music Sessions, Vol. 18",Bizarrap,rap,75,0
Netflix & Chill,Fredo,r&b,75,0
Use Somebody,Kings of Leon,rock,75,0
Jopping,SuperM,latin,75,0
Dang! (feat. Anderson .Paak),Mac Miller,r&b,75,0
The Ringer,Eminem,rap,75,1
Little Talks,Of Monsters and Men,pop,75,0
Bitch Better Have My Money,Rihanna,rap,75,0
When I Come Around,Green Day,rock,75,0
Crazy,Gnarls Barkley,rock,75,0
Uprising,Muse,rock,75,0
679 (feat. Remy Boyz),Fetty Wap,rap,75,0
Friday I'm In Love,The Cure,rock,75,0
Walk Of Life,Dire Straits,rock,75,0
Sad (feat. Afrojack),Chico Rose,edm,75,0
Good Riddance (Time of Your Life),Green Day,latin,75,1
parents,YUNGBLUD,r&b,75,0
Black Skinhead,Kanye West,rap,75,0
Animals,Maroon 5,edm,75,0
All Eyez On Me,2Pac,rap,75,0
Barrio,Mahmood,r&b,75,0
Downtown,Anitta,latin,75,0
Lost In Japan - Remix,Shawn Mendes,edm,75,0
Baby Girl (feat. Lalo Ebratt),Mario Bautista,latin,75,0
We Are Young (feat. Janelle Monáe),fun.,rock,75,0
Magic In The Hamptons (feat. Lil Yachty),Social House,r&b,75,1
Love Scars,Trippie Redd,rap,75,0
You're so Vain,Carly Simon,rock,75,0
Se Preparó,Ozuna,latin,75,0
Non Avere Paura,Tommaso Paradiso,r&b,75,1
All Of The Lights,Kanye West,r&b,75,0
Ya Me Enteré,Reik,latin,75,1
I Don't Fuck With You,Big Sean,pop,75,0
Sorry,Joel Corry,pop,75,0
Right Here Waiting,Richard Marx,rock,75,1
More Than Words,Extreme,rock,75,1
Norman fucking Rockwell,Lana Del Rey,r&b,75,1
Better Together,Jack Johnson,latin,75,1
Heroes - 2017 Remaster,David Bowie,rock,75,0
B.Y.O.B.,System Of A Down,rock,75,0
Mejores Amigos,Yera,latin,75,0
Listen to Your Heart,Roxette,pop,75,0
Parabéns,Pabllo Vittar,edm,75,0
Forest Rain,Rain Recordings,latin,75,1
95 BPM,Samra,rap,75,0
PHANTOM,reezy,rap,75,1
(Don't Fear) The Reaper,Blue Öyster Cult,rock,75,0
Take It Easy - 2013 Remaster,Eagles,rock,75,1
Hold Up,Beyoncé,r&b,75,1
MEGATRON,Nicki Minaj,r&b,75,0
Vivir Mi Vida,Marc Anthony,latin,75,0
Betrayed,Lil Xan,rap,75,1
Japanese Denim,Daniel Caesar,r&b,75,1
My Sweet Lord,George Harrison,rock,75,0
Feels Like We Only Go Backwards,Tame Impala,r&b,75,0
Beamer Boy,Lil Peep,rap,75,0
Chicken Fried,Zac Brown Band,latin,75,0
In Your Arms (with X Ambassadors),ILLENIUM,pop,75,0
Pegao,CNCO,latin,75,0
Flor Que Se Cheira - Ao Vivo,Guilherme & Benuto,edm,75,0
Corduroy Dreams,Rex Orange County,pop,75,1
Gangsta,Darkoo,latin,75,0
Could've Been (feat. Bryson Tiller),H.E.R.,r&b,75,1
On Melancholy Hill,Gorillaz,pop,75,0
Stir Fry,Migos,r&b,75,0
Lean On (feat. MØ & DJ Snake),Major Lazer,pop,75,0
Darkness,Eminem,rap,75,0
La Incondicional,Luis Miguel,latin,75,0
Paris,$uicideBoy$,rap,75,0
"1, 2, 3 (feat. Jason Derulo & De La Ghetto)",Sofia Reyes,latin,75,0
Here Without You,3 Doors Down,rock,75,0
Still Don't Know My Name,Labrinth,pop,75,1
Hooked on a Feeling,Blue Swede,pop,75,0
Gimme Shelter,The Rolling Stones,rock,75,1
Crazy In Love (feat. Jay-Z),Beyoncé,latin,75,0
Hail to the King,Avenged Sevenfold,rock,75,0
Just A Lil Bit,50 Cent,rap,75,0
Younger,Ruel,r&b,75,1
Ya No Mas,Fer Palacio,latin,75,0
Even Flow,Pearl Jam,rock,75,0
Young And Beautiful,Lana Del Rey,pop,75,1
Big Boy Diamonds (feat. Kodak Black & London on Da Track),Gucci Mane,rap,75,0
Song 2 - 2012 Remaster,Blur,rap,74,0
Asesina - Remix,Brytiago,latin,74,0
Portland,Drake,rap,74,1
Last Friday Night (T.G.I.F.),Katy Perry,pop,74,0
One More Time,Daft Punk,pop,74,0
Waiting On the World to Change,John Mayer,r&b,74,0
Reggaetón Lento (Bailemos),CNCO,latin,74,0
Replay,Iyaz,latin,74,0
It's A Vibe,2 Chainz,rap,74,1
Old Town Road - Diplo Remix,Lil Nas X,pop,74,0
Riders on the Storm,The Doors,rock,74,1
I'm Gonna Be (500 Miles),The Proclaimers,pop,74,0
Carry on Wayward Son,Kansas,pop,74,0
Big Poppa - 2005 Remaster,The Notorious B.I.G.,rap,74,1
Cyber Sex,Doja Cat,r&b,74,0
"One, Two Step",Ciara,r&b,74,1
Don't You Want Me,The Human League,pop,74,0
"I Don't Want to Miss a Thing - From the Touchstone film, ""Armageddon""",Aerosmith,rock,74,0
Marvins Room,Drake,r&b,74,1
There for You,Martin Garrix,pop,74,0
Find U Again (feat. Camila Cabello),Mark Ronson,pop,74,0
Levels - Radio Edit,Avicii,pop,74,0
Black and Yellow,Wiz Khalifa,pop,74,0
Painkiller,Ruel,r&b,74,1
Perfect (feat. Haris),Lucas & Steve,latin,74,0
Whenever (feat. Conor Maynard),Kris Kross Amsterdam,pop,74,0
Gan-Ga,Bryant Myers,latin,74,1
Self Control,Frank Ocean,r&b,74,1
P.I.M.P.,50 Cent,r&b,74,0
It Was A Good Day,Ice Cube,r&b,74,0
Killing Me Softly With His Song,Fugees,r&b,74,1
Kissing Other People,Lennon Stella,pop,74,1
Easily,Bruno Major,r&b,74,1
Set Fire to the Rain,Adele,pop,74,0
No Te Veo - Remix,Casper Magico,latin,74,0
Adventure of a Lifetime,Coldplay,pop,74,0
Panda,Desiigner,pop,74,0
Crazy Little Thing Called Love - Remastered 2011,Queen,rock,74,1
Tiffany,Shindy,rap,74,0
The Greatest,Sia,pop,74,0
Outside,Calvin Harris,pop,74,0
My Favorite Part,Mac Miller,r&b,74,1
A Palé,ROSALÍA,r&b,74,1
Down with the Sickness,Disturbed,rock,74,0
Boredom (feat. Rex Orange County & Anna of the North),"Tyler, The Creator",r&b,74,1
Mami,Piso 21,latin,74,0
Sativa,Jhené Aiko,r&b,74,0
Look What You Made Me Do,Taylor Swift,pop,74,0
Caught Up (feat. Khalid),Majid Jordan,r&b,74,1
On The Floor - Radio Edit,Jennifer Lopez,pop,74,0
Never Go Back,Dennis Lloyd,latin,74,0
Hope,The Chainsmokers,pop,74,1
Mama,Jonas Blue,pop,74,0
No Hands (feat. Roscoe Dash & Wale),Waka Flocka Flame,rap,74,0
It's Not Living (If It's Not With You),The 1975,rock,74,0
Lights Up,Harry Styles,r&b,74,0
Imported (with 6LACK),Jessie Reyez,r&b,74,0
Solo de Mi,Bad Bunny,rap,74,0
Colgando en tus manos (con Marta Sánchez),Carlos Baute,latin,74,0
Feel Good (feat. Daya),Gryffin,rap,74,0
Clarity,Zedd,edm,74,0
Back to You (feat. Bebe Rexha & Digital Farm Animals),Louis Tomlinson,pop,74,0
Dance To This (feat. Ariana Grande),Troye Sivan,pop,74,0
Good Things Fall Apart (with Jon Bellion),ILLENIUM,pop,74,0
Holly & Benji (feat. Capo Plaza & Shiva),AVA,rap,74,0
We Are Never Ever Getting Back Together,Taylor Swift,pop,74,0
Runaway (U & I),Galantis,pop,74,0
Shotta Flow 3,NLE Choppa,rap,74,0
(Everything I Do) I Do It For You,Bryan Adams,rock,74,1
How Long,Charlie Puth,pop,74,0
Pour Some Sugar On Me - Remastered 2017,Def Leppard,rock,74,0
Cristina,Sebastian Yatra,latin,74,0
SUBEME LA RADIO,Enrique Iglesias,latin,74,0
Bonita,J Balvin,latin,74,0
Clandestino,Shakira,latin,74,0
Eterna Sacanagem,MC JottaPê,edm,74,0
Layla - 40th Anniversary Version / 2010 Remastered,Derek & The Dominos,rock,74,0
Walls Could Talk,Halsey,pop,74,1
Should've Said It,Camila Cabello,r&b,74,0
Teu Segredo - Ao Vivo,Vou pro Sereno,edm,74,1
Press,Cardi B,r&b,74,0
Fuera De Mi Mente,Lérica,pop,74,0
What I Please (feat. Denzel Curry),Smokepurpp,rap,74,0
Otra vez (feat. J Balvin),Zion & Lennox,latin,74,0
Imposible,Luis Fonsi,latin,74,0
El Perdón,Nicky Jam,latin,74,0
Sensualidad,Bad Bunny,r&b,74,0
Woah (feat. D3Mstreet),KRYPTO9095,r&b,74,0
Seele,Azet,rap,74,0
STAR,Nimo,rap,74,0
Whatever You Like,T.I.,rap,74,0
Hard Times,Paramore,r&b,74,0
Rutina,Myke Towers,rap,74,0
Yo No Sé Mañana,Luis Enrique,latin,74,0
Rebel Rebel - 2016 Remaster,David Bowie,rock,74,1
"Sola (Remix) [feat. Daddy Yankee, Wisin, Farruko, Zion & Lennox]",Anuel AA,latin,74,0
Wanted,OneRepublic,r&b,74,0
Where Is My Mind?,Pixies,rock,74,1
1979 - Remastered 2012,The Smashing Pumpkins,rock,74,0
Total Eclipse of the Heart,Bonnie Tyler,pop,74,1
Swish,Summer Cem,rap,74,0
Unnormal,RAF Camora,rap,74,0
The Boys Are Back In Town,Thin Lizzy,rock,74,1
Danger (with Migos & Marshmello),Migos,rap,74,0
X (feat. Future),21 Savage,rap,74,1
Ella Y Yo - Featuring Don Omar,Aventura,latin,74,0
Slide (feat. Frank Ocean & Migos),Calvin Harris,edm,74,0
Best Part of Me (feat. YEBBA),Ed Sheeran,r&b,74,1
Gucci Gang,Lil Pump,r&b,74,1
La Grange - 2005 Remaster,ZZ Top,rock,74,0
Playinwitme (feat. Kehlani),KYLE,r&b,74,0
PRBLMS,6LACK,r&b,74,0
occh1 purpl3 - feat. Marracash,tha Supreme,rap,74,0
Corazón (feat. Nego do Borel),Maluma,latin,74,0
broken,lovelytheband,pop,74,0
All the Time,Zara Larsson,latin,74,0
Party (feat. A Boogie Wit da Hoodie),Paulo Londra,rap,74,0
Fast Car,Jonas Blue,pop,74,1
Worth It,Fifth Harmony,pop,74,0
Heart-Shaped Box,Nirvana,rock,74,1
No Type,Rae Sremmurd,pop,74,1
Waves,Dean Lewis,r&b,74,0
"Fuego (with Sean Paul & Anitta, feat. Tainy)",DJ Snake,latin,74,0
Stay (Don't Go Away) [feat. Raye],David Guetta,pop,74,0
Everyday,A$AP Rocky,pop,74,0
Jump Around,House Of Pain,rap,74,0
i wanna be your girlfriend,girl in red,pop,74,1
i miss the old u,blackbear,pop,74,0
Shower,Becky G,pop,74,0
I Hope You’re Happy Now,Carly Pearce,r&b,74,0
Gravity,John Mayer,r&b,74,1
Jolene,Dolly Parton,r&b,74,1
92 Explorer,Post Malone,pop,74,0
Dark Necessities,Red Hot Chili Peppers,rock,74,0
Mala Mía,Maluma,latin,74,0
Boomshakalaka,Dimitri Vegas & Like Mike,latin,74,0
W (feat. Gunna),Koffee,r&b,74,0
I Mean It (feat. Remo),G-Eazy,r&b,74,0
Diamonds,Rihanna,pop,74,0
No Problem (feat. Lil Wayne & 2 Chainz),Chance the Rapper,rap,74,0
Gigolò (feat. Sfera Ebbasta & Capo Plaza),Lazza,rap,74,1
Bossoli,Shiva,rap,74,1
Drive,Incubus,rock,74,0
Aerials,System Of A Down,rock,74,0
Problem,Ariana Grande,edm,74,0
Pursuit Of Happiness - Extended Steve Aoki Remix (Explicit),Kid Cudi,edm,74,0
Ace of Spades,Motörhead,rock,74,0
Reborn,KIDS SEE GHOSTS,rap,74,1
Walk On the Wild Side,Lou Reed,rock,74,1
Go Your Own Way - 2004 Remaster,Fleetwood Mac,rock,74,0
I Warned Myself,Charlie Puth,r&b,74,1
Loco (Tu Forma de Ser) [Ft. Rubén Albarrán] - MTV Unplugged,Los Auténticos Decadentes,latin,74,0
Eres Tú,Matisse,latin,74,1
That's a Rack,Lil Uzi Vert,rap,74,1
Blame,Bryson Tiller,r&b,74,1
YO LE LLEGO,J Balvin,latin,74,0
Cry Me a River,Justin Timberlake,pop,74,1
All My Friends (feat. Tinashe & Chance the Rapper),Snakehips,pop,74,1
Finer Things,Polo G,r&b,74,1
Comfortably Numb,Pink Floyd,rock,74,1
Confident,Demi Lovato,latin,74,0
Piano Man,Billy Joel,rock,74,1
The Sound of Silence - Acoustic Version,Simon & Garfunkel,rock,74,1
Hot N*gga,Bobby Shmurda,rap,74,0
I Wanna Know (feat. Bea Miller),NOTD,pop,74,0
The Monster,Eminem,latin,74,0
El Farsante - Remix,Ozuna,latin,74,0
Con Calma - Remix,Daddy Yankee,latin,74,0
Karma Police,Radiohead,rock,74,1
By the Way,Red Hot Chili Peppers,rock,74,0
Stan,Eminem,rap,74,0
Are You Gonna Be My Girl,Jet,rock,74,0
One Step Closer,Linkin Park,rock,74,0
Strip That Down,Liam Payne,pop,74,1
Professor X,Dave,rap,74,0
In Your Eyes (feat. Alida),Robin Schulz,edm,74,0
Tonight Tonight,Hot Chelle Rae,pop,74,0
Missing You,The Vamps,pop,74,0
Até o céu,Anitta,r&b,74,0
Bezerk (feat. A$AP Ferg),Big Sean,rap,74,0
False Confidence,Noah Kahan,r&b,74,0
Message In A Bottle,The Police,rock,74,0
"Free Fallin' - Live at the Nokia Theatre, Los Angeles, CA - December 2007",John Mayer,latin,74,1
Quiere Beber,Anuel AA,latin,74,0
Chachachá,Jósean Log,latin,74,1
Give A Little Bit,Supertramp,rock,74,0
If You Leave Me Now,Chicago,rock,74,0
On The Low,Burna Boy,r&b,74,0
I Want To Hold Your Hand - Remastered 2015,The Beatles,rock,74,0
Boulevard of Broken Dreams,Green Day,pop,74,0
Corazón partío,Alejandro Sanz,latin,74,0
Fuiste Tú,Ricardo Arjona,latin,74,0
Live Your Life (feat. Rihanna),T.I.,r&b,74,0
Father Stretch My Hands Pt. 1,Kanye West,r&b,74,0
Happy Together,The Turtles,rock,74,1
De Tranquilote,Danny Romero,latin,74,0
I'm Not Okay (I Promise),My Chemical Romance,rock,74,0
Someone To You,BANNERS,pop,74,0
Midnight City,M83,pop,74,0
Don't Cry (Original),Guns N' Roses,rock,74,0
Ye,Burna Boy,r&b,74,0
Rise Up,Andra Day,r&b,74,1
Demasiado Tarde,Micro Tdh,latin,74,1
You Found Me,The Fray,pop,74,0
Do It Again,Pia Mia,pop,74,0
Undrunk,FLETCHER,pop,74,1
Remind Me to Forget,Kygo,latin,74,1
Tainted Love,Soft Cell,rock,74,1
Adios,EVERGLOW,pop,74,0
Big Girls Don't Cry (Personal),Fergie,pop,74,0
Tuesday (feat. Danelle Sandoval),Burak Yeter,pop,74,0
WINTER FLOWER(Feat.RM),Younha,latin,74,0
Heart Attack,Demi Lovato,pop,74,0
Pa Olvidarte (feat. Manuel Turizo) - Remix,ChocQuibTown,latin,74,0
Sit Next to Me,Foster The People,pop,74,0
Who Says,Selena Gomez & The Scene,pop,74,0
Boasty (feat. Idris Elba),Wiley,latin,74,0
Pa Los Gustos Los Colores,Javiielo,latin,74,0
In Too Deep,Sum 41,rock,74,0
Semi-Charmed Life,Third Eye Blind,rock,74,0
Dancing With Your Ghost,Sasha Sloan,r&b,74,1
Latina (feat. Maluma),Reykon,latin,74,0
Mañana Es Too Late,Jesse & Joy,latin,74,0
22,TINI,latin,74,0
CAPO,NLE Choppa,rap,74,0
Si por mi fuera,Beret,latin,74,0
Twerk (con Boro Boro),MamboLosco,rap,73,1
Tokyo Drifting (with Denzel Curry),Glass Animals,pop,73,1
Alone,Heart,rock,73,1
Bad Liar,Selena Gomez,edm,73,1
Summertime Sadness (Lana Del Rey Vs. Cedric Gervais) - Cedric Gervais Remix,Lana Del Rey,edm,73,0
Bajo El Agua,Manuel Medrano,latin,73,1
The Ocean (feat. Shy Martin),Mike Perry,edm,73,0
Roses,The Chainsmokers,edm,73,0
Freak On a Leash,Korn,rock,73,0
Capsize,FRENSHIP,pop,73,0
Better Not (with Wafia),Louis The Child,latin,73,0
99 Luftballons,Nena,rock,73,1
Hookah & Sheridan s,Tommy Boysen,latin,73,1
like that,Bea Miller,pop,73,1
En Cero,Yandel,latin,73,0
SWISH,Tyga,latin,73,0
La Respuesta,Becky G,latin,73,0
Down Under,Men At Work,pop,73,0
Born to Run,Bruce Springsteen,rock,73,0
All Falls Down (feat. Juliander),Alan Walker,edm,73,0
Don't Speak,No Doubt,rock,73,0
American Girl,Tom Petty and the Heartbreakers,r&b,73,0
Headstrong,Trapt,rock,73,0
UCLA,RL Grime,edm,73,0
Love It If We Made It,The 1975,r&b,73,0
For What It's Worth,Buffalo Springfield,rock,73,1
"That's My N**** (with Meek Mill, YG & Snoop Dogg)",Meek Mill,rap,73,0
Tú No Amas,Mambo Kingz,rap,73,0
Not Ok,Kygo,pop,73,0
Bulls On Parade,Rage Against The Machine,rock,73,0
Don't Waste My Time (feat. Ella Mai),Usher,latin,73,0
You Know I'm No Good,Amy Winehouse,r&b,73,0
Somebody Else,The 1975,r&b,73,0
Sweet Emotion,Aerosmith,rock,73,0
"Home (with Machine Gun Kelly, X Ambassadors & Bebe Rexha)",Machine Gun Kelly,r&b,73,0
No Promises (feat. Demi Lovato),Cheat Codes,pop,73,0
Cravin (feat. G-Eazy),DaniLeigh,rap,73,0
Knockin' On Heaven's Door - Remastered,Bob Dylan,rock,73,1
Underdog,Alicia Keys,r&b,73,1
MALAMENTE - Cap.1: Augurio,ROSALÍA,latin,73,1
American Pie,Don McLean,rock,73,1
Learn to Fly,Foo Fighters,rock,73,0
A Milli,Lil Wayne,r&b,73,0
Famous,Kanye West,r&b,73,0
Te Esperé,Jesse & Joy,latin,73,0
Mi Persona Favorita,Alejandro Sanz,latin,73,1
Carbonated Water,Ski Mask The Slump God,rap,73,0
Fantasmita - Remix,Casper Magico,latin,73,0
200 Mph,Bad Bunny,rap,73,0
Heroes (we could be),Alesso,pop,73,0
2nd Hand,$uicideBoy$,rap,73,1
Black Dog - Remaster,Led Zeppelin,rock,73,0
Barracuda,Heart,rock,73,1
The Race,Tay-K,rap,73,0
All Time Low,Jon Bellion,pop,73,0
LOYALTY. FEAT. RIHANNA.,Kendrick Lamar,r&b,73,1
"Muqabla (From ""Street Dancer 3D"")",Yash Narvekar,latin,73,0
Consequences,Camila Cabello,r&b,73,1
The House of the Rising Sun,The Animals,rock,73,1
Seasons (feat. Khalid),6LACK,r&b,73,1
No Rain,Blind Melon,rock,73,1
Good Feeling,Flo Rida,pop,73,0
Say It Ain't So,Weezer,rock,73,0
Vente Pa' Ca,Ricky Martin,latin,73,0
In Case You Didn't Know,Brett Young,latin,73,1
Take Me Out,Franz Ferdinand,pop,73,0
Can't Fight This Feeling,REO Speedwagon,rock,73,1
Lonely Together (feat. Rita Ora),Avicii,r&b,73,0
Regulate,Warren G,rap,73,1
No Puedo,Paulo Londra,rap,73,0
These Days,Mike Stud,r&b,73,1
Bad,James Bay,r&b,73,1
Mi Gente,J Balvin,latin,73,0
Saudade em Gotas (feat. Wesley Safadão) - Ao Vivo,Yasmin Santos,edm,73,0
Cry for Me,Camila Cabello,edm,73,0
Dile,Don Omar,latin,73,0
Do Copo Eu Vim (feat. Marília Mendonça) - Ao Vivo em Brasília,Diego & Victor Hugo,edm,73,0
Culpable O No - Miénteme Como Siempre,Luis Miguel,latin,73,1
Like That (feat. Gucci Mane),Doja Cat,r&b,73,1
Born To Be Wild,Steppenwolf,rock,73,1
Christmas (Baby Please Come Home),Darlene Love,r&b,73,0
Panama - 2015 Remaster,Van Halen,rock,73,0
Ponle,Rvssian,latin,73,0
Fat Lip,Sum 41,rock,73,0
Stacy's Mom,Fountains Of Wayne,rock,73,0
All This Love (feat. Harlœ),Robin Schulz,edm,73,0
Ludens,Bring Me The Horizon,rock,73,0
Another Place,Bastille,r&b,73,0
fast (Remix) [feat. Offset & A Boogie Wit da Hoodie],Sueco the Child,rap,73,0
Eres,Café Tacvba,rock,73,0
Firework,Katy Perry,latin,73,0
Starlight,Muse,rock,73,0
Supermassive Black Hole,Muse,rock,73,0
Starships,Nicki Minaj,rap,73,0
I Have Nothing,Whitney Houston,r&b,73,1
DOSIS,Dvicio,latin,73,0
The Unforgiven,Metallica,rock,73,0
Reptilia,The Strokes,rock,73,0
There Is a Light That Never Goes Out - 2011 Remaster,The Smiths,rock,73,0
Just Dance,Lady Gaga,pop,73,0
I Got 5 On It,Luniz,rap,73,0
Need You Now,Lady Antebellum,edm,73,0
Immortals,Fall Out Boy,pop,73,0
Boys Don't Cry,The Cure,rock,73,0
Locked Away,R. City,pop,73,0
Perrengue - Ao Vivo,Gusttavo Lima,edm,73,0
50 Vezes - Ao Vivo,Sorriso Maroto,edm,73,1
U Remind Me,Usher,r&b,73,0
Who Hurt You?,Daniel Caesar,r&b,73,1
"Lo Que Pasó, Pasó",Daddy Yankee,latin,73,0
Atrévete-Te-Te,Calle 13,latin,73,0
Starman - 2012 Remaster,David Bowie,rock,73,1
La Gozadera,Gente De Zona,latin,73,0
The Motto,Drake,rap,73,0
Ex's & Oh's,Elle King,pop,73,0
"Shook Ones, Pt. II",Mobb Deep,rap,73,0
Síguelo Bailando,Ozuna,latin,73,0
Una Lady Como Tú,Manuel Turizo,latin,73,1
Stronger (What Doesn't Kill You),Kelly Clarkson,edm,73,0
Scream & Shout,will.i.am,pop,73,0
No Es Justo,J Balvin,latin,73,0
London Calling - Remastered,The Clash,rock,73,0
Rolex,Ayo & Teo,r&b,73,0
TAlk tO Me (with Rich The Kid feat. Lil Wayne) - Remix,Tory Lanez,rap,73,0
Cross Me (feat. Chance the Rapper & PnB Rock),Ed Sheeran,r&b,73,0
Right Now,Nick Jonas,pop,73,0
Thiago Silva,Dave,rap,73,0
Home with You,Madison Beer,pop,73,0
Ride Wit Me,Nelly,rap,73,0
In My Life - Remastered 2009,The Beatles,rock,73,1
La Bicicleta,Carlos Vives,latin,73,0
Bella y Sensual,Romeo Santos,latin,73,0
Tom Sawyer,Rush,rock,73,0
We're Not Gonna Take It,Twisted Sister,pop,73,0
Don't Look Back in Anger - Remastered,Oasis,rock,73,0
Bed Of Roses,Bon Jovi,rock,73,0
Culpables,KAROL G,latin,73,0
Wish Wish (feat. Cardi B & 21 Savage),DJ Khaled,rap,73,0
Ela É do Tipo,MC Kevin o Chris,edm,73,1
Onze e Pouquinho,Dilsinho,edm,73,1
Rehab,Amy Winehouse,r&b,73,0
Treehouse (feat. Shotty Horroh),James Arthur,r&b,73,0
Ayo,Chris Brown,rap,73,0
Summer on You,PRETTYMUCH,r&b,73,1
Sunshine Of Your Love,Cream,rock,73,1
Dirty Deeds Done Dirt Cheap,AC/DC,rock,73,0
Baby,Amenazzy,latin,73,0
Si Me Gano Un Grammy,Jon Z,rap,73,0
Grip,Seeb,pop,73,0
What A Man Gotta Do,Jonas Brothers,r&b,73,0
Blue Monday - 2016 Remaster,New Order,rock,73,0
Money,Pink Floyd,rock,73,1
Porfa,Feid,latin,73,1
Kiss,Prince,pop,73,1
Muito Calor,Ozuna,latin,73,0
NO HALO,BROCKHAMPTON,rap,73,1
True Colors (feat. Maya Avedis),XO Cupid,pop,73,0
Lucky,Chelsea Cutler,pop,73,1
Older,Sasha Sloan,pop,73,1
We Didn't Start the Fire,Billy Joel,rock,73,0
The Next Episode,Dr. Dre,latin,73,0
Breezeblocks,alt-J,pop,73,0
Everybody's Changing,Keane,rock,73,0
"Tears in Heaven - Acoustic; Live at MTV Unplugged, Bray Film Studios, Windsor, England, UK, 1/16/1992; 2013 Remaster",Eric Clapton,rock,73,1
I'm On Fire,Bruce Springsteen,rock,73,1
Inocente,Myke Towers,latin,73,0
Steal My Girl,One Direction,pop,73,0
ghostin,Ariana Grande,pop,73,1
Imagination,Foster The People,pop,73,0
I Can See,Mac Miller,rap,73,1
Blood // Water,grandson,pop,73,0
Jack & Diane,John Mellencamp,rock,73,1
The Lazy Song,Bruno Mars,pop,73,0
Narcos,Migos,r&b,73,0
"King's Dead (with Kendrick Lamar, Future & James Blake)",Jay Rock,rap,73,0
Blue (Da Ba Dee) - Gabry Ponte Ice Pop Radio,Eiffel 65,edm,73,0
Broke As Fuck,YBN Cordae,rap,73,0
Benzo,Elias,rap,73,0
Die Young,Kesha,pop,73,0
Il tuo profumo,Fred De Palma,r&b,73,0
Always Be My Baby,Mariah Carey,r&b,73,1
Dime Cuantas Veces,Micro Tdh,rap,73,0
Obsesion,Aventura,latin,73,1
Fake It,Seether,rock,73,0
BURN IT DOWN,Linkin Park,pop,73,0
Ready Set (feat. Big Sean),Kash Doll,rap,73,0
My Sharona,The Knack,rock,73,0
Angels,Robbie Williams,rock,73,0
Stargazing,Kygo,pop,73,1
Hello,Adele,pop,73,1
Controlla,Drake,pop,73,1
Ghostface Killers,21 Savage,rap,73,1
Snapping,CHUNG HA,pop,73,0
Green Light,Lorde,pop,73,0
Give It Away,Red Hot Chili Peppers,rock,73,0
You Get What You Give,New Radicals,rock,73,0
Puls steigt,Capo,rap,73,1
1000 Hits,Jamule,rap,73,1
44 More,Logic,rap,73,0
Hauseingang,Pashanim,rap,73,1
Tear in My Heart,Twenty One Pilots,pop,73,0
Inmortal,Aventura,latin,73,0
Jailhouse Rock,Elvis Presley,rock,73,1
Goal,Patron,latin,73,0
Big Drip,Fivio Foreign,rap,73,0
Chamber Of Reflection,Mac DeMarco,rock,73,1
Ocean Eyes - Blackbear Remix,Billie Eilish,pop,73,1
U Played (feat. Lil Baby),Moneybagg Yo,rap,73,0
Everybody Hurts,R.E.M.,rock,73,1
X - Remix,Nicky Jam,latin,73,0
Não Me Sinto Mal Mais,Sidoka,rap,73,1
Lento,Boro Boro,r&b,73,0
Guayo,Zion & Lennox,latin,72,0
Are You Gonna Go My Way,Lenny Kravitz,rap,72,0
Dreams,The Cranberries,rock,72,1
I Love Rock 'N Roll,Joan Jett & The Blackhearts,rock,72,0
Walk This Way,Aerosmith,rock,72,0
All Comes Back To You,R3HAB,edm,72,0
Pony,Ginuwine,r&b,72,0
Magic,Coldplay,rock,72,1
Trouble,Cage The Elephant,pop,72,1
Hallelujah,Jeff Buckley,rock,72,1
Don't Dream It's Over,Crowded House,rock,72,1
Runnin' Thru The 7th With My Woadies,$uicideBoy$,rap,72,0
CUIDAO POR AHÍ,J Balvin,latin,72,0
Hate It Or Love It,The Game,rap,72,0
Estamos Arriba,Bad Bunny,latin,72,0
Back & Forth,MK,pop,72,0
Feel Invincible,Skillet,rock,72,0
Demons,Imagine Dragons,latin,72,0
Una Noche,Rauw Alejandro,latin,72,0
Deixa,Mc Th,rap,72,0
Under Control,Calvin Harris,edm,72,0
Best I Ever Had,Drake,rap,72,0
Sharp Dressed Man - 2008 Remaster,ZZ Top,rock,72,0
Puta Madre,RAF Camora,rap,72,0
Dancing Queen,ABBA,latin,72,0
Secukupnya,Hindia,latin,72,0
El Amante,Nicky Jam,latin,72,0
Take It Down (feat. Offset),Pardison Fontaine,rap,72,0
There You Are,ZAYN,pop,72,0
Elastic Heart,Sia,edm,72,0
Me Too,Meghan Trainor,edm,72,0
Please Don’t Touch,RAYE,r&b,72,0
I Hate Everything About You,Three Days Grace,rock,72,0
I Know What You Did Last Summer,Shawn Mendes,edm,72,0
Changes,2Pac,rap,72,0
Perreito - Remix,Mariah,latin,72,0
Home (feat. Bonn),Martin Garrix,edm,72,0
Déjala Que Vuelva (feat. Manuel Turizo),Piso 21,latin,72,0
Raising Hell (feat. Big Freedia),Kesha,r&b,72,0
Original (from Dolittle),Sia,r&b,72,0
MONEYHONEYDRIP,Jamule,rap,72,1
The Look,Roxette,pop,72,0
Es geht voran,RAF Camora,rap,72,0
Purple Emoji (feat. J. Cole),Ty Dolla $ign,r&b,72,0
Some Way,NAV,r&b,72,0
ODIO,J Balvin,rap,72,0
Legacy (feat. Travis Scott & 21 Savage),Offset,r&b,72,1
What's Luv? (feat. Ja-Rule & Ashanti),Fat Joe,rap,72,0
Turn Down for What,DJ Snake,edm,72,0
C.R.E.A.M.,Wu-Tang Clan,rap,72,1
The Story Never Ends,Lauv,r&b,72,1
Answer,ATEEZ,pop,72,0
This Charming Man - 2011 Remaster,The Smiths,rock,72,0
Rude Boy,Rihanna,latin,72,0
S&M,Rihanna,latin,72,0
Only Girl (In The World),Rihanna,latin,72,0
Cold Water (feat. Justin Bieber & MØ),Major Lazer,pop,72,0
Eres Top,Ozuna,rap,72,0
Qué Bonito Es Querer,Manuel Carrasco,pop,72,1
Unconditionally,Katy Perry,edm,72,0
Brandy (You're a Fine Girl),Looking Glass,rock,72,1
Recuerdo,TINI,latin,72,0
Woods,Mac Miller,rock,72,1
Since U Been Gone,Kelly Clarkson,latin,72,0
Life is a Highway,Rascal Flatts,latin,72,0
Post Malone (feat. RANI) - VIZE Remix,Sam Feldt,edm,72,0
Psycho Killer - 2005 Remaster,Talking Heads,rock,72,0
Feel,Robbie Williams,rock,72,0
Numb Numb Juice,ScHoolboy Q,rap,72,0
HUMBLE. - SKRILLEX REMIX,Skrillex,pop,72,0
Purple Lamborghini (with Rick Ross),Skrillex,pop,72,0
Forever,Tory Lanez,r&b,72,0
The Story,Conan Gray,pop,72,1
If I Could Turn Back Time,Cher,pop,72,1
Ain't Nobody (Loves Me Better) (feat. Jasmine Thompson),Felix Jaehn,latin,72,1
Stars,VIZE,edm,72,0
Bittersweet Symphony (feat. Emily Roberts),GAMPER & DADONI,edm,72,0
Problems,A R I Z O N A,pop,72,0
The Power Of Love,Huey Lewis & The News,rock,72,0
Bodies,Drowning Pool,rock,72,0
Make It To Heaven (with Raye),David Guetta,edm,72,0
MONOPOLY (with Victoria Monét),Ariana Grande,pop,72,1
Got Me (with Ari Lennox & Omen feat. Ty Dolla $ign & Dreezy),Dreamville,r&b,72,0
Mo Money Mo Problems (feat. Puff Daddy & Mase) - 2014 Remaster,The Notorious B.I.G.,rap,72,0
Let You Love Me,Rita Ora,pop,72,0
Never Change,Don Diablo,edm,72,0
Sigue Bailandome,Yannc,latin,72,0
BOY BYE,BROCKHAMPTON,rap,72,0
You're the Inspiration - 2006 Remaster,Chicago,rock,72,1
Club Can't Handle Me (feat. David Guetta),Flo Rida,pop,72,0
Mercury: Retrograde,Ghostemane,rap,72,0
Que Le De - Remix,Rauw Alejandro,latin,72,0
Burbujas de Cristal,Cartel De Santa,rap,72,0
Love Me Again,John Newman,pop,72,0
No Money,Galantis,pop,72,0
Irreplaceable,Beyoncé,pop,72,0
Ordinary World,Duran Duran,rock,72,0
Angie,The Rolling Stones,rock,72,1
Wherever You Will Go,The Calling,rock,72,0
Shape Of My Heart,Sting,rock,72,1
Not Alike (feat. Royce Da 5'9),Eminem,rap,72,0
Borro Cassette,Maluma,latin,72,0
Chun-Li,Nicki Minaj,pop,72,0
Like I Do,David Guetta,pop,72,0
Dile Que Tu Me Quieres,Ozuna,latin,72,0
Me & U,Cassie,r&b,72,1
PICK IT UP (feat. A$AP Rocky),Famous Dex,rap,72,1
Time After Time,Cyndi Lauper,pop,72,1
TRUE - Single Edit,Spandau Ballet,pop,72,1
Light It Up (feat. Nyla & Fuse ODG) [Remix],Major Lazer,pop,72,0
CYANIDE,Daniel Caesar,r&b,72,1
911 / Mr. Lonely (feat. Frank Ocean & Steve Lacy),"Tyler, The Creator",r&b,72,0
Already Gone,Sleeping At Last,r&b,72,1
Cuando Perriabas,Bad Bunny,latin,72,0
Salió El Sol,Don Omar,latin,72,0
Rock the Casbah - Remastered,The Clash,rock,72,0
Traicionera,Sebastian Yatra,latin,72,0
Fingías,Paloma Mami,latin,72,0
Beach Ballin' (feat. blackbear),Yung Pinch,rap,72,0
Cántalo,Ricky Martin,latin,72,0
Stricken,Disturbed,rock,72,0
monster,21 Savage,rap,72,0
all my friends,21 Savage,rap,72,0
Andas En Mi Cabeza,Chino & Nacho,latin,72,0
Hand Me Downs,Mac Miller,rap,72,1
Sunday Bloody Sunday - Remastered 2008,U2,rock,72,0
You Really Got Me - Mono Mix,The Kinks,rock,72,0
The Man Who Sold The World,Nirvana,rock,72,1
High And Dry,Radiohead,rock,72,1
PPP,Kevin Roldan,latin,72,1
Pop Boy (feat. Aitch),Stormzy,rap,72,0
On Somebody,Ava Max,latin,72,0
Old Time Rock & Roll,Bob Seger,rock,72,0
Tiimmy Turner,Desiigner,rap,72,0
Come As You Are,Nirvana,rock,72,0
Perreito,Mariah,latin,72,0
Dura - Remix,Daddy Yankee,latin,72,0
Cómo estás,Ke Personajes,latin,72,0
Beautiful Soul,Jesse McCartney,pop,72,0
Kiss You,One Direction,pop,72,0
DUELE EL CORAZON,Enrique Iglesias,latin,72,0
why u look mad,Lil Tecca,rap,72,0
Where Have You Gone (Anywhere),Lucas & Steve,edm,72,0
GANG (feat. Geolier),Samurai Jay,rap,72,1
You & Me - Flume Remix,Disclosure,rap,72,1
Bon Bon Chocolat,EVERGLOW,pop,72,0
gogobebe,Mamamoo,pop,72,0
Wow. - Remix,Post Malone,rap,72,0
Beautiful Day,U2,rock,72,0
Walk,Pantera,rock,72,0
One More Night,Maroon 5,pop,72,0
Gin And Juice (feat. Dat Nigga Daz),Snoop Dogg,r&b,72,0
Zombie,Bad Wolves,rock,72,0
Still Loving You,Scorpions,rock,72,0
Hero,Skillet,rock,72,0
Return of the Mack,Mark Morrison,r&b,72,0
Smooth Criminal,Alien Ant Farm,rock,72,0
WONDERLAND,ATEEZ,pop,72,0
Sobredosis (feat. Ozuna),Romeo Santos,latin,72,0
Mi Ex,Ñejo,latin,72,0
"Flashlight - From ""Pitch Perfect 2"" Soundtrack",Jessie J,pop,72,0
Funky Friday,Dave,rap,72,0
No Ha Parado De Llover (with Sebastián Yatra),Maná,latin,72,0
Subtítulos,Lasso,latin,72,0
Intro,The xx,pop,72,1
Bubble Gum,Clairo,rock,72,1
Lonely Boy,The Black Keys,rock,72,0
The Climb,Miley Cyrus,pop,72,0
Light My Fire,The Doors,rock,72,0
As Long As You Love Me,Justin Bieber,pop,72,0
So Far Away (feat. Jamie Scott & Romy Dya),Martin Garrix,pop,72,1
Animal I Have Become,Three Days Grace,rock,72,0
Ghost,Au/Ra,pop,72,1
Look at Me Now,Brennan Savage,rap,72,1
Easy,Mac Ayres,r&b,72,1
Pouco a Pouco (Ao Vivo) (feat. Sorriso Maroto),Dilsinho,edm,72,1
Es Por Tí,Juanes,latin,72,0
Roadhouse Blues,The Doors,rock,72,1
Reggaetón en lo Oscuro,Wisin & Yandel,latin,72,0
How We Do,The Game,rap,72,0
So High (feat. Fredo),MIST,r&b,72,0
Broken Clocks,SZA,r&b,72,0
Nero Forte,Slipknot,rock,72,0
Bleed It Out,Linkin Park,rock,72,0
Good Time,Owl City,latin,72,0
OMG (feat. will.i.am),Usher,edm,72,0
Right My Wrongs,Bryson Tiller,r&b,72,1
La Rompe Corazones,Daddy Yankee,latin,72,0
Sad Song (feat. TINI),Alesso,pop,72,0
Collard Greens,ScHoolboy Q,rap,72,0
Nikes,Frank Ocean,r&b,72,1
Me Llamas (feat. Maluma) - Remix,Piso 21,latin,72,0
La Mujer Perfecta,KURT,rock,72,1
I Follow Rivers - The Magician Remix,Lykke Li,edm,72,0
Always On Time,Ja Rule,r&b,72,0
no14 - feat. Dani Faiv,tha Supreme,rap,72,0
Um Pedido,Hungria Hip Hop,rap,72,1
Saturday Nights,Khalid,pop,72,1
Last Nite,The Strokes,rock,72,0
Sexy Bitch (feat. Akon),David Guetta,pop,72,0
Rather Be (feat. Jess Glynne),Clean Bandit,pop,72,0
Karma Chameleon - Remastered,Culture Club,rock,72,0
Cambio,Ozuna,rap,72,0
XO,John Mayer,latin,72,1
Best Song Ever,One Direction,pop,72,0
Marry You,Bruno Mars,latin,72,0
ELEMENT.,Kendrick Lamar,rap,72,0
Wild Horses,The Rolling Stones,rock,72,1
This Is Gospel,Panic! At The Disco,pop,72,0
Suga Suga,Baby Bash,rap,72,0
Girlfriend,Avril Lavigne,pop,72,0
Life in the Fast Lane - 2013 Remaster,Eagles,rock,72,0
En El Muelle De San Blas,Maná,latin,72,0
American Teen,Khalid,latin,72,0
Juliet & Romeo,Martin Solveig,pop,72,0
Build Me Up Buttercup,The Foundations,r&b,72,1
Abrázame Muy Fuerte,Juan Gabriel,latin,72,1
The Way I Are,Timbaland,rap,72,0
Country Girl (Shake It For Me),Luke Bryan,latin,72,0
Can I Call You Tonight?,Dayglow,rock,72,0
Cigarette Daydreams,Cage The Elephant,rock,72,0
Empty Space,James Arthur,pop,72,0
Beauty And A Beat,Justin Bieber,edm,72,0
Bleed It,Blueface,rap,72,0
Rayando El Sol (feat. Pablo Alborán),Maná,latin,72,1
One Night (feat. Raphaella),MK,edm,72,0
Kiss Somebody,Julie Bergan,latin,72,0
To My Love - Tainy Remix,Bomba Estéreo,pop,72,0
Bubbly,Colbie Caillat,pop,71,1
Streetcar,Daniel Caesar,r&b,71,1
Boomshakalaka - Dimitri Vegas & Like Mike vs. Afro Bros Radio Mix,Dimitri Vegas & Like Mike,latin,71,0
R.I.C.O. (feat. Drake),Meek Mill,latin,71,0
We R Who We R,Kesha,pop,71,0
"Whenever, Wherever",Shakira,pop,71,0
Blitzkrieg Bop - 2016 Remaster,Ramones,rock,71,0
Sistema,Zion & Lennox,latin,71,0
Foolish,Ashanti,r&b,71,0
Purple Haze,Jimi Hendrix,rock,71,0
Beast (All as One),Dimitri Vegas & Like Mike,edm,71,0
Destino,Greeicy,latin,71,0
Lips Of An Angel,Hinder,rock,71,0
Delicate,Taylor Swift,edm,71,1
Get Low,Ying Yang Twins,rap,71,0
Odio,Romeo Santos,latin,71,1
Break on Through (To the Other Side),The Doors,rock,71,0
Feels Like Summer,Childish Gambino,latin,71,0
Don't Check On Me (feat. Justin Bieber & Ink),Chris Brown,latin,71,1
Que Lo Nuestro Se Quede Nuestro,Carlos Rivera,latin,71,1
Like a Rolling Stone,Bob Dylan,r&b,71,1
Misery Business,Paramore,pop,71,0
Baby I'm Yours - feat. Irfane,Breakbot,pop,71,0
Paper Planes,M.I.A.,pop,71,0
Final Song,MØ,pop,71,0
Ella Fuma,Plan B,latin,71,0
Can't Be Touched (feat. Mr. Magic & Trouble),Roy Jones Jr.,rock,71,0
Hymn for the Weekend - Seeb Remix,Coldplay,latin,71,0
"Hey Mama (feat. Nicki Minaj, Bebe Rexha & Afrojack)",David Guetta,pop,71,0
Think About You,Kygo,edm,71,1
"Work REMIX (feat. A$AP Rocky, French Montana, Trinidad James & ScHoolboy Q)",A$AP Ferg,rap,71,0
Hungry Like the Wolf - 2009 Remaster,Duran Duran,rock,71,0
Long Train Runnin',The Doobie Brothers,rock,71,0
Blue Lights,Jorja Smith,r&b,71,1
Llamado de Emergencia,Daddy Yankee,latin,71,0
Mis Ojos Lloran Por Ti,Big Boy,latin,71,0
White Ferrari,Frank Ocean,r&b,71,1
Just Us (feat. SZA),DJ Khaled,latin,71,0
7/11,Beyoncé,r&b,71,0
Suncity (feat. Empress Of),Khalid,latin,71,0
Forgot About Dre,Dr. Dre,rap,71,0
Forever,NLE Choppa,r&b,71,0
"Tengo 30 (feat. Duki, Cazzu, Neo Pistea & Tali Goya)",Khea,latin,71,1
California Gurls,Katy Perry,edm,71,0
The Kill,Thirty Seconds To Mars,rock,71,0
Afterlife,Hailee Steinfeld,pop,71,0
Meet Me in the Hallway,Harry Styles,pop,71,1
Mother,Charlie Puth,pop,71,0
Sun Is Shining,Axwell /\ Ingrosso,pop,71,0
On & On,Cartoon,pop,71,0
Mona Lisa (feat. Kendrick Lamar),Lil Wayne,r&b,71,0
Pa' Que Retozen,Tego Calderon,latin,71,0
Lane Boy,Twenty One Pilots,pop,71,0
Send My Love (To Your New Lover),Adele,pop,71,0
Because of You,Kelly Clarkson,pop,71,0
Roses,OutKast,rap,71,0
Sweet Nothing (feat. Florence Welch),Calvin Harris,pop,71,0
With You,Kaskade,pop,71,0
La Mentira - Remix,Brytiago,latin,71,0
House Party,Sam Hunt,latin,71,0
My Bad,Khalid,r&b,71,1
Escape (The Pina Colada Song),Rupert Holmes,rock,71,1
She's Always a Woman,Billy Joel,rock,71,1
Locos,León Larregui,rock,71,0
Self Esteem,The Offspring,rock,71,0
Break Stuff,Limp Bizkit,rock,71,0
scared,Jeremy Zucker,r&b,71,1
You & Jennifer,bülow,r&b,71,1
Heavydirtysoul,Twenty One Pilots,rock,71,0
The Devil in I,Slipknot,rock,71,0
romance361,iann dior,rap,71,0
Madura (feat. Bad Bunny),Cosculluela,latin,71,0
Milionària,ROSALÍA,latin,71,1
I Bet You Look Good On The Dancefloor,Arctic Monkeys,rock,71,0
Party Rock Anthem,LMFAO,pop,71,0
Thrift Shop (feat. Wanz),Macklemore & Ryan Lewis,pop,71,0
Break Your Heart,Taio Cruz,edm,71,0
Bye Bye Bye,*NSYNC,edm,71,0
"Garmi (From ""Street Dancer 3D"") (feat. Varun Dhawan)",Badshah,latin,71,0
Dear Future Husband,Meghan Trainor,pop,71,0
Walking (feat. Swae Lee & Major Lazer),88rising,pop,71,0
Bellyache - Marian Hill Remix,Billie Eilish,r&b,71,1
Coming Undone,Korn,rock,71,0
Perro Fiel (feat. Nicky Jam),Shakira,latin,71,0
Hasta el Amanecer,Nicky Jam,latin,71,0
Get Busy,Sean Paul,rap,71,0
Come Through and Chill (feat. J. Cole & Salaam Remi),Miguel,r&b,71,1
Novacane,Frank Ocean,r&b,71,1
Another Sad Love Song,Khalid,pop,71,1
"DANI: Bzrp Freestyle Sessions, Vol. 7",Bizarrap,rap,71,0
All Love,FLETCHER,pop,71,1
Man in the Box,Alice In Chains,rock,71,0
I'll Be Missing You (feat. 112),Diddy,r&b,71,0
International Love,Pitbull,latin,71,0
Back At One,Brian McKnight,r&b,71,1
Glory,The Score,r&b,71,0
Parecen Viernes,Marc Anthony,latin,71,0
Limbo,Daddy Yankee,latin,71,0
Chained To The Rhythm,Katy Perry,pop,71,0
Love Will Tear Us Apart,Joy Division,rock,71,0
When The Sun Goes Down,Arctic Monkeys,rock,71,0
What You Know,Two Door Cinema Club,rock,71,0
1999,Charli XCX,pop,71,0
CASTLE OF GLASS,Linkin Park,pop,71,0
Patointeligencja,Mata,rap,71,1
Ordinary Man (feat. Elton John),Ozzy Osbourne,rock,71,0
¿Quien Tu Eres?,Bad Bunny,rap,71,0
These Are The Times (feat. JRM),Martin Garrix,pop,71,0
it's not u it's me,Bea Miller,pop,71,0
Difícil,ICON,latin,71,1
Amantes,Greeicy,latin,71,0
SKELETONS,Travis Scott,r&b,71,0
I Will Not Bow,Breaking Benjamin,rock,71,0
Tú Foto,Ozuna,latin,71,0
Dancing in the Moonlight,Jubël,latin,71,0
Let Me Blow Ya Mind,Eve,rap,71,0
Problems,DeathbyRomy,r&b,71,0
Fresko,Bhavi,latin,71,1
The Logical Song - Remastered 2010,Supertramp,rock,71,0
Super Bass,Nicki Minaj,pop,71,0
Canela,Nanpa Básico,rap,71,1
Freaky,Tory Lanez,r&b,71,0
Pompeii,Bastille,latin,71,0
Tequila Sunrise,Cali Y El Dandee,latin,71,0
Learning To Fly,Tom Petty and the Heartbreakers,rock,71,0
"Illegal Weapon 2.0 (From ""Street Dancer 3D"")",Jasmine Sandlas,latin,71,0
Easier - Seeb Remix,5 Seconds of Summer,pop,71,0
Sueño (con Pablo Alborán),Beret,latin,71,0
Whatcha Say,Jason Derulo,pop,71,0
It Girl,Jason Derulo,pop,71,0
Ignite,Alan Walker,pop,71,0
How You Want It?,Teyana Taylor,r&b,71,0
I Found You (with Calvin Harris),benny blanco,pop,71,0
Life Of The Party,Shawn Mendes,edm,71,0
Trampa (feat. Zion & Lennox),Prince Royce,rap,71,0
Wouldn't It Be Nice - Stereo Mix,The Beach Boys,rock,71,1
Stuck In The Middle With You,Stealers Wheel,rock,71,1
FACE,BROCKHAMPTON,r&b,71,0
Just Can't Get Enough,Depeche Mode,pop,71,0
Rebel Yell,Billy Idol,rock,71,0
Lost Control,Alan Walker,pop,71,0
Florida Rain Storm,Mother Nature Sound FX,latin,71,1
Mientes,Camila,latin,71,0
Dueles,Jesse & Joy,latin,71,0
Evapora,IZA,latin,71,0
Rockstar,Ilkay Sencan,pop,71,0
Alessandra Ambrosio,Miami Yacine,rap,71,0
Lose Yourself to Dance,Daft Punk,pop,71,0
Así Así,Farina,latin,71,0
Time to Pretend,MGMT,rock,71,0
Embrasa,Vitão,r&b,71,0
Bandolera,Bryant Myers,latin,71,0
Mañana No Hay Clase (24/7),Sebastian Yatra,latin,71,0
Mama (feat. Ellie Goulding),Clean Bandit,pop,71,0
Banana Pancakes,Jack Johnson,latin,71,1
Presiento,Morat,pop,71,0
Bitch Lasagna,pewdiepie,pop,71,0
Centerfold,The J. Geils Band,rock,71,1
Glory of Love,Peter Cetera,rock,71,0
Take Care,Drake,r&b,71,1
Waterfalls,TLC,r&b,71,1
P.Y.T. (Pretty Young Thing),Michael Jackson,latin,71,0
Désolé,Fero47,rap,71,0
No Regrets (feat. Don Toliver),Eminem,rap,71,0
You Sexy Thing,Hot Chocolate,rock,71,0
Purpose,Justin Bieber,r&b,71,1
Detective,Rauw Alejandro,latin,71,0
Darte Remix,Alex Rose,latin,71,0
Lollipop,Lil Wayne,rap,71,1
You Said You'd Grow Old With Me,Michael Schulte,r&b,71,1
I Won't Back Down,Tom Petty,rock,71,1
Magnetic,Monsta X,latin,71,0
Monster - Robin Schulz Remix,LUM!X,edm,71,0
Hey DJ,CNCO,latin,71,0
A Partir De Hoy,David Bisbal,latin,71,0
chateau,blackbear,pop,71,0
El Malo,Aventura,latin,71,1
Fantasy,Mariah Carey,r&b,71,0
U Can't Touch This,MC Hammer,r&b,71,1
(I Just) Died In Your Arms,Cutting Crew,pop,71,0
DNA,BTS,pop,71,0
MIROH,Stray Kids,pop,71,0
Kein Wort,Juju,rap,71,0
Jamais Vu,BTS,edm,71,1
Wish You Were Here - 2011 Remastered Version,Pink Floyd,rock,71,1
Ooh Girl (feat. A Boogie Wit da Hoodie),Kris Kross Amsterdam,latin,71,0
Perdóname,Mau y Ricky,latin,71,1
MyBoi - TroyBoi Remix,Billie Eilish,rap,71,0
Bennie And The Jets - Remastered 2014,Elton John,rock,71,0
3 A.M.,Jesse & Joy,latin,71,0
"After The Storm (feat. Tyler, The Creator & Bootsy Collins)",Kali Uchis,r&b,71,0
original me (feat. dan reynolds of imagine dragons),YUNGBLUD,rock,71,0
Está Rico,Marc Anthony,latin,71,0
We Are Family,Sister Sledge,latin,71,0
Head Over Boots,Jon Pardi,latin,71,0
Bum Bum Tam Tam,MC Fioti,rap,71,0
No Right To Love You - Acoustic,Rhys Lewis,r&b,71,1
Any Way You Want It,Journey,pop,71,0
FIGURES,Jessie Reyez,r&b,71,1
Band On The Run - Remastered 2010,Paul McCartney,rock,71,0
She Don't Give a Fo,Duki,rap,71,0
Booty,C. Tangana,latin,71,0
Like a Prayer,Madonna,pop,71,0
Something - Remastered 2009,The Beatles,rock,71,1
Hot In Herre,Nelly,rap,71,0
All I Ever Need,Austin Mahone,pop,71,0
Fuori E Dentro (feat. tha Supreme),Gemitaiz,rap,71,0
No Flockin',Kodak Black,rap,71,0
Live Forever (With Cheat Codes),Liam Payne,pop,71,0
Psycho!,MASE,rap,71,1
Mantém,WIU,rap,71,0
Englishman In New York,Sting,rock,71,1
Trouble,Coldplay,rock,71,1
Birds (feat. Elisa),Imagine Dragons,r&b,71,0
Paper Cuts,Dave,rap,71,0
Partition,Beyoncé,r&b,71,1
I Try,Macy Gray,r&b,71,1
2U (feat. Justin Bieber),David Guetta,pop,71,0
Enjoy the Silence,Depeche Mode,rock,71,0
Culpables,Manuel Turizo,rap,71,1
Son Of A Preacher Man,Dusty Springfield,r&b,71,1
All The Lies,Alok,edm,71,0
Glad You Came,The Wanted,pop,71,0
iunno,Yung Gravy,rap,71,1
Every Rose Has Its Thorn - Remastered 2003,Poison,rock,71,0
Safari,J Balvin,latin,71,0
Cold Little Heart - Radio Edit,Michael Kiwanuka,r&b,71,0
End Of The Road,Boyz II Men,r&b,71,1
Goodbye (feat. Nicki Minaj & Willy William),Jason Derulo,r&b,71,0
Reelin' In The Years,Steely Dan,rock,71,0
Afuera,Caifanes,rock,71,1
"Calipso (with Dardust) (feat. Sfera Ebbasta, Mahmood & Fabri Fibra)",Charlie Charles,r&b,71,0
"Girls, Girls, Girls",Mötley Crüe,rock,71,0
I Saw Her Standing There - Remastered 2009,The Beatles,rock,71,0
Johnny Run Away,Tones and I,pop,71,1
Solo Dance,Martin Jensen,latin,71,0
Ring (feat. Kehlani),Cardi B,r&b,71,0
Oi,Lagum,edm,71,1
Wiley Flow,Stormzy,rap,71,0
Under the Graveyard,Ozzy Osbourne,rock,71,0
Quiero Repetir,Ozuna,latin,71,0
Bella,Wolfine,latin,71,0
GRoCERIES,Chance the Rapper,rap,71,0
Kiss and Tell,AJ Tracey,rap,71,0
Your Love,The Outfield,rock,71,1
Secrets,The Weeknd,r&b,71,0
Burnin' Up,Jonas Brothers,pop,71,0
Genie In a Bottle,Christina Aguilera,pop,71,0
"Danger Zone - From ""Top Gun"" Original Soundtrack",Kenny Loggins,rock,71,0
Power Over Me,Dermot Kennedy,r&b,71,0
Fades Away - Tribute Concert Version,Avicii,edm,71,1
I Luv U (with R3HAB),Sofia Carson,edm,71,0
Heart of Gold - 2009 Remaster,Neil Young,rock,71,1
I Miss Myself (with HRVY),NOTD,pop,71,0
Trophies,Young Money,rap,71,0
Ballin,Logic,rap,71,0
Acende o Isqueiro,Orochi,rap,71,1
La tua canzone,Coez,r&b,71,0
Consejo de Amor,TINI,latin,71,0
Swish Swish,Katy Perry,pop,71,0
Let's Dance - 2018 Remaster,David Bowie,rock,71,0
She Drives Me Crazy,Fine Young Cannibals,rock,71,0
Rubbin off the Paint,YBN Nahmir,rap,71,0
Interstate Love Song,Stone Temple Pilots,rock,71,0
Sabotage,Beastie Boys,rap,71,0
Ain't Your Mama,Jennifer Lopez,latin,71,0
No One Knows,Queens of the Stone Age,rock,71,0
All the Time - Don Diablo Remix,Zara Larsson,pop,70,0
My Bébé,Bryan Mg,latin,70,0
Rake It Up,Yo Gotti,rap,70,1
Slow Dance (feat. Ava Max) - Sam Feldt Remix,AJ Mitchell,pop,70,0
1000 Rounds,Pouya,rap,70,0
The Cure,Lady Gaga,edm,70,0
I'm Just a Kid,Simple Plan,pop,70,0
Holocene,Bon Iver,pop,70,1
All My Life,K-Ci & JoJo,r&b,70,1
Family Affair,Mary J. Blige,r&b,70,0
Rich Girl,Daryl Hall & John Oates,rock,70,0
OCD (with Dwn2earth),Logic,rap,70,0
OK (Anxiety Anthem),Mabel,pop,70,0
Who Am I (What's My Name)?,Snoop Dogg,rap,70,0
Straight Outta Compton,N.W.A.,rap,70,0
Better in Time,Leona Lewis,edm,70,0
Haute (feat. J Balvin & Chris Brown),Tyga,latin,70,0
Invisible - from the Netflix Film Klaus,Zara Larsson,r&b,70,0
Still Learning,Halsey,r&b,70,0
Crush,David Archuleta,pop,70,0
Favorite Part Of Me,Astrid S,pop,70,1
Don't Bring Me Down,Electric Light Orchestra,rock,70,0
Rondini Al Guinzaglio,Ultimo,r&b,70,1
Jessie's Girl,Rick Springfield,rock,70,0
Fly Away,Lenny Kravitz,rock,70,0
When Doves Cry,Prince,r&b,70,0
Never Go Back - Robin Schulz Remix,Dennis Lloyd,latin,70,0
Stop It,FISHER,edm,70,0
Gucci Flip Flops (feat. Lil Yachty),Bhad Bhabie,r&b,70,0
Que Va,Alex Sensation,latin,70,0
My Own Worst Enemy,Lit,rock,70,0
TATI,6ix9ine,rap,70,0
Molly (feat. Brendon Urie of Panic at the Disco),Lil Dicky,rock,70,1
Ramble On - 1990 Remaster,Led Zeppelin,rock,70,1
Gettin' Jiggy Wit It,Will Smith,r&b,70,0
Pisadinha,Diego & Victor Hugo,edm,70,0
Péssimo Negócio (Ao Vivo),Dilsinho,edm,70,0
Alone,Alan Walker,pop,70,0
Post to Be (feat. Chris Brown & Jhene Aiko),Omarion,r&b,70,0
Ain't No Rest For The Wicked - Original Version,Cage The Elephant,rock,70,0
U Got It Bad,Usher,r&b,70,0
Ignition - Remix,R. Kelly,r&b,70,0
Far Away,Nickelback,rock,70,0
Bésame,David Bisbal,pop,70,0
Infiel,Eix,latin,70,1
Suave - Remix,Jey Blessing,latin,70,0
Cruise,Florida Georgia Line,pop,70,0
Some Nights,fun.,pop,70,0
Good Times Bad Times - 1993 Remaster,Led Zeppelin,rock,70,0
Work It,Missy Elliott,r&b,70,0
Symphony Of Destruction,Megadeth,rock,70,0
Signs,Drake,r&b,70,0
Harmony Hall,Vampire Weekend,r&b,70,0
This Must Be the Place (Naive Melody) - 2005 Remaster,Talking Heads,rock,70,1
Price Tag,Jessie J,pop,70,0
Bags,Clairo,pop,70,1
Summertime Magic,Childish Gambino,r&b,70,0
"No Woman, No Cry - Live At The Lyceum, London/1975",Bob Marley & The Wailers,rock,70,0
Time,Pink Floyd,rock,70,1
Cough Syrup,Young the Giant,pop,70,0
That's My Girl,Fifth Harmony,edm,70,0
Mera Woo,El Alfa,latin,70,0
Hey Joe,Jimi Hendrix,rock,70,0
El Préstamo,Maluma,latin,70,0
All About That Bass,Meghan Trainor,pop,70,0
Only You (with Little Mix),Cheat Codes,latin,70,0
On A Roll,Ashley O,pop,70,0
Swan Song,Dua Lipa,pop,70,0
2 Hearts (feat. Gia Koka),Sam Feldt,latin,70,0
Cocaine,Eric Clapton,rock,70,1
iSpy (feat. Lil Yachty),KYLE,r&b,70,0
Ice Ice Baby,Vanilla Ice,pop,70,0
Sweat (A La La La La Long),Inner Circle,pop,70,0
Me Quedo,Aitana,pop,70,0
Hookah,Bad Gyal,pop,70,0
The News,PARTYNEXTDOOR,r&b,70,1
Heaven Is a Place on Earth,Belinda Carlisle,pop,70,0
Get Ur Freak On,Missy Elliott,r&b,70,1
What Is Love,Haddaway,pop,70,0
Me Gusta - Remix,Natti Natasha,latin,70,0
Glitter,"Tyler, The Creator",r&b,70,1
Moon River,Frank Ocean,r&b,70,1
Double Up (feat. Belly and Dom Kennedy),Nipsey Hussle,rap,70,1
Hair Down (feat. Kendrick Lamar),SiR,r&b,70,1
The Morning,The Weeknd,pop,70,1
All We Know,The Chainsmokers,pop,70,1
Good Life,OneRepublic,pop,70,0
My Demons,STARSET,rock,70,0
Connection,OneRepublic,pop,70,0
Heart On Ice - Remix,Rod Wave,rap,70,1
Leaving My Love Behind,Lewis Capaldi,r&b,70,1
Toothbrush,DNCE,edm,70,0
Taste (Make It Shake),Aitch,r&b,70,1
10%,KAYTRANADA,r&b,70,0
La Mas Linda,Casper Magico,rap,70,0
Live While We're Young,One Direction,pop,70,0
Gyalchester,Drake,rap,70,1
"Just Like Fire (From the Original Motion Picture ""Alice Through The Looking Glass"")",P!nk,pop,70,0
Shotta Flow 2,NLE Choppa,rap,70,0
I Wanna Love You,Akon,r&b,70,1
My Number,Foals,rock,70,0
Gonna Love Me,Teyana Taylor,r&b,70,1
Just Like Heaven,The Cure,rock,70,0
Miss Murder,AFI,rock,70,0
6 AM,J Balvin,latin,70,0
Video Killed The Radio Star,The Buggles,rock,70,1
Do For Love,2Pac,rap,70,0
Keep on Loving You,REO Speedwagon,rock,70,0
Burn,Ellie Goulding,pop,70,0
Your Love,David Guetta,edm,70,0
Bigger Than,Justin Jesso,pop,70,0
"How Far I'll Go - From ""Moana""",Alessia Cara,pop,70,1
Vuelva A Ver - Remix,Dalex,latin,70,0
Cool for the Summer,Demi Lovato,pop,70,0
Five More Hours - Deorro x Chris Brown,Deorro,edm,70,0
Make It Better (feat. Smokey Robinson),Anderson .Paak,rap,70,0
You Know How We Do It - Remastered,Ice Cube,rap,70,1
"Harder, Better, Faster, Stronger",Daft Punk,rock,70,0
Two Princes,Spin Doctors,rock,70,0
Yo Quisiera,Reik,latin,70,0
Insane in the Brain,Cypress Hill,rap,70,1
Fire In My Soul,Oliver Heldens,pop,70,0
I'm Shipping Up To Boston,Dropkick Murphys,rock,70,0
Savior,Rise Against,rock,70,0
Tie Me Down (with Elley Duhé),Gryffin,edm,70,0
Beautiful Now,Zedd,edm,70,0
Lullaby,R3HAB,pop,70,0
Shout,Tears For Fears,rock,70,0
C'est La Vie,TY1,rap,70,0
"pers0na2 - feat. Gemitaiz, Madman",tha Supreme,rap,70,0
FIORI,Giaime,rap,70,1
Everytime,boy pablo,pop,70,0
Tip Toe (feat. French Montana),Jason Derulo,r&b,70,0
Feeling Good,Michael Bublé,r&b,70,1
Poison,Alice Cooper,rock,70,0
I Love You So,The Walters,rock,70,1
Deja Vu,J. Cole,rap,70,1
Devuelveme,Ozuna,latin,70,0
Heaven - David Guetta & MORTEN Remix,Avicii,edm,70,0
Madness,Muse,rock,70,1
Photosynthesis,Saba,r&b,70,1
Love,Zoé,rock,70,1
Como te extraño mi amor,Café Tacvba,rock,70,0
Fake Plastic Trees,Radiohead,rock,70,1
Me Enamoré,Shakira,latin,70,0
Por Fin Te Encontré,Cali Y El Dandee,latin,70,0
Resentment,A Day To Remember,rock,70,0
Brillo,J Balvin,latin,70,1
Familiar,Liam Payne,latin,70,0
Ginza,J Balvin,latin,70,0
Anti-Everything,Lost Kings,pop,70,1
5:32pm,The Deli,latin,70,1
The Heart Wants What It Wants,Selena Gomez,pop,70,0
Part Of Me,Katy Perry,pop,70,0
2 Phones,Kevin Gates,rap,70,0
Really Really,Kevin Gates,rap,70,0
Bruises - Steve Void Remix,Lewis Capaldi,edm,70,0
Crimen,Gustavo Cerati,rock,70,1
This Groove,Oliver Heldens,edm,70,0
Por Perro,Sebastian Yatra,latin,70,0
Dembow,Danny Ocean,latin,70,0
Darte un Beso,Prince Royce,latin,70,0
"Sit Still, Look Pretty",Daya,pop,70,0
It's a Long Way to the Top (If You Wanna Rock 'N' Roll),AC/DC,rock,70,0
"Pink Toes (Offset, DaBaby feat. Gunna)",Quality Control,rap,70,0
Ho Hey,The Lumineers,latin,70,1
Jungle,Drake,r&b,70,1
Midnight Hour with Boys Noize & Ty Dolla $ign,Skrillex,pop,70,0
Crocodile Rock,Elton John,rock,70,0
"Polimá Westcoast: Bzrp Music Sessions, Vol. 19",Bizarrap,rap,70,1
sweetener,Ariana Grande,pop,70,1
TOOTIMETOOTIMETOOTIME,The 1975,pop,70,0
LALALAY 날라리,SUNMI,pop,70,0
Who Dat Boy (feat. A$AP Rocky),"Tyler, The Creator",r&b,70,1
VOGUE,Bedoes,rap,70,0
Norf Norf,Vince Staples,r&b,70,1
Bossanova,Lil Tecca,rap,70,0
shining on my ex,bbno$,rap,70,1
Anioły i Demony,Tymek,rap,70,0
RLNDT,Bad Bunny,latin,70,1
Got My Mind Set On You - 2004 Mix,George Harrison,rock,70,0
Who's Got Your Love,Cheat Codes,pop,70,0
I'm Not In Love,10cc,rock,70,1
Dude (Looks Like A Lady),Aerosmith,rock,70,0
Marvin Gaye,Charlie Puth,edm,70,0
¡Corre!,Jesse & Joy,latin,70,1
Indestructible,Disturbed,rock,70,0
One Touch,Jess Glynne,pop,70,0
Dizeres,Lourena,r&b,70,1
Blow Your Mind (Mwah),Dua Lipa,pop,70,0
7 Days,Craig David,r&b,70,0
BOOM,Tiësto,pop,70,0
Adicto (feat. Marc Anthony),Prince Royce,latin,70,0
Sé Que Te Duele,Alejandro Fernandez,latin,70,0
Hells Bells,AC/DC,rock,70,0
Need Your Love (with Noah Kahan),Gryffin,pop,70,0
Wanted,NOTD,pop,70,0
Cool Kids,Echosmith,pop,70,0
Flames (with ZAYN),R3HAB,edm,70,0
Blue Ain't Your Color,Keith Urban,latin,70,1
Runnin' with the Devil - 2015 Remaster,Van Halen,rock,70,0
All Right Now,Free,rock,70,1
I Want You to Want Me,Cheap Trick,rock,70,1
피카부 Peek-A-Boo,Red Velvet,pop,70,0
Soldier,James TW,r&b,70,0
Fratello,Ghetto Phénomène,rap,70,1
Si Te Vienen a Contar,Cartel De Santa,rap,70,0
STREIT MIT DEM MOND,Kianush,rap,70,0
"Take My Breath Away - Love Theme from ""Top Gun""",Berlin,rock,70,0
2000 Miles - 2007 Remaster,Pretenders,rock,70,0
Around the World,Daft Punk,pop,70,0
Oblivion (feat. Amber Van Day),Love Harder,edm,70,1
Always on My Mind,Pet Shop Boys,pop,70,0
Home Sweet Home,Mötley Crüe,rock,70,0
The Beat,Mike Williams,pop,70,0
Egotistic,Mamamoo,pop,70,0
MI AMI O NO (feat. Capo Plaza),Giaime,rap,70,0
Candy,VillaBanks,rap,70,1
LOVE BANDANA,Ketama126,rap,70,0
Big Drip,Ufo361,rap,70,0
Last Name (feat. Lil Durk),Future,r&b,70,0
DEVASTATED,Joey Bada$$,rap,70,0
BBoom BBoom,MOMOLAND,pop,70,0
Dead To Me,Kali Uchis,r&b,70,0
My Love (feat. T.I.),Justin Timberlake,rap,70,0
Edredom,Vitão,r&b,70,0
Morph,Twenty One Pilots,pop,70,0
"Horses (with PnB Rock, Kodak Black & A Boogie Wit da Hoodie)",PnB Rock,rap,70,0
JAMBO,Takagi & Ketra,r&b,70,0
Margarita (con Marracash),Elodie,r&b,70,0
Ho Fatto Strada,Capo Plaza,rap,70,0
Still Disappointed,Stormzy,rap,70,0
Ride Slow,Russ,rap,70,1
Broken Strings,James Morrison,r&b,70,0
Luxúria,Xamã,rap,70,1
Banco,Matuê,rap,70,0
Last Kiss,Pearl Jam,rock,70,0
Burn It to the Ground,Nickelback,rock,70,0
Humble And Kind,Tim McGraw,latin,70,1
Herside Story,GoldLink,r&b,70,1
Como Antes,Bad Bunny,latin,70,1
Here I Go Again - 2018 Remaster,Whitesnake,rock,70,0
Cum on Feel the Noize,Quiet Riot,rock,70,0
Be Alright,Ariana Grande,r&b,70,1
Just Can’t Get Enough,The Black Eyed Peas,pop,70,1
Carrie,Europe,rock,70,1
Tudo de bom,Pk,r&b,70,1
Full Moon,Guaynaa,latin,70,0
Let Her Go,The Kid LAROI,rap,70,1
"December, 1963 (Oh What a Night!)",Frankie Valli & The Four Seasons,r&b,70,1
Reggaeton en Paris,Ozuna,latin,70,0
When I Grow Up,The Pussycat Dolls,pop,70,0
VOICES (feat. XXXTENTACION),Skye,rap,70,0
In My Place,Coldplay,pop,70,0
Heart Of Glass - Special Mix,Blondie,rock,70,1
Soltera,Lunay,latin,70,0
Funky Town,Lipps Inc.,pop,70,0
Applause,Lady Gaga,pop,70,0
Verano En París - Remix,Jerry Di,latin,70,0
La Lá,Mike Bahía,latin,70,0
No Church In The Wild,JAY-Z,rap,70,0
Lazy Day (feat. Danny Ocean),Fuse ODG,latin,70,0
Mad World (Feat. Michael Andrews),Gary Jules,pop,70,1
One Headlight,The Wallflowers,rock,70,1
Dónde está el amor (feat. Jesse & Joy),Pablo Alborán,latin,70,0
Sidewalks,The Weeknd,r&b,70,0
"Jumpin', Jumpin'",Destiny's Child,r&b,70,0
Free (with Drew Love),Louis The Child,pop,70,0
I'll Be,Edwin McCain,rock,70,0
No Denying,J Hus,r&b,70,0
Pesquisa no Google (feat. Henrique & Diego) - Ao Vivo,Turma do Pagode,edm,70,0
Praia do Rosa - Acústico,Oriente,edm,70,1
Wait Another Day,Mike Williams,edm,70,0
Ironic - 2015 Remaster,Alanis Morissette,pop,70,1
All Night (feat. Knox Fortune),Chance the Rapper,rap,69,0
How Will I Know,Whitney Houston,rock,69,1
Red Lights,Tiësto,edm,69,0
Drop It,Tujamo,edm,69,0
My Shot,Lin-Manuel Miranda,pop,69,0
Be Yourself,Audioslave,rock,69,0
Mami So Bad,Frenna,latin,69,0
Don't Watch Me Cry,Jorja Smith,r&b,69,1
Late Night Feelings (feat. Lykke Li),Mark Ronson,pop,69,0
Can't Get Over You,KVSH,edm,69,0
Non sto più in zona,Shiva,rap,69,0
Alaska,Maggie Rogers,r&b,69,1
Somebody To You,The Vamps,pop,69,0
Paparazzi,Lady Gaga,pop,69,0
Yes I'm Changing,Tame Impala,rock,69,0
A Little Respect - 2009 Remastered Version,Erasure,rock,69,0
Breathe,CamelPhat,edm,69,0
A Different Way (with Lauv),DJ Snake,latin,69,0
How Do I Breathe,Mario,r&b,69,1
Sin (feat. Jaden Smith),Young Thug,rap,69,1
Beneath Your Beautiful,Labrinth,r&b,69,1
Broccoli,DRAM,rap,69,1
Come & Get It,Selena Gomez,edm,69,0
I'll Stand by You,Pretenders,rock,69,1
Wish I Knew You,The Revivalists,pop,69,0
The Suburbs,Arcade Fire,rock,69,0
Remember the Time,Michael Jackson,r&b,69,0
Gold Roses (feat. Drake),Rick Ross,latin,69,0
Baker Street,Gerry Rafferty,rock,69,1
Come Home To Me,LÉON,pop,69,1
Pressure,Muse,rock,69,0
Seve - Radio Edit,Tez Cadey,latin,69,0
"Ay MI Dios (feat. Pitbull, Yandel & Chacal)",IAmChino,latin,69,0
Deja vu,Prince Royce,latin,69,0
Breaking the Law,Judas Priest,rock,69,0
Días Lluviosos (with Lenny Tavarez),Juhn,rap,69,0
Memoria Rota,Arcangel,rap,69,0
Do It Again,Steely Dan,rock,69,1
Love Shack,The B-52's,latin,69,0
17,MK,edm,69,0
Never Too Much,Luther Vandross,edm,69,1
Lovefool,The Cardigans,rock,69,0
Solita,Kali Uchis,r&b,69,0
No Smoke,YoungBoy Never Broke Again,rap,69,0
Just What I Needed,The Cars,rock,69,0
When We Were Young,Lost Kings,edm,69,0
Single Ladies (Put a Ring on It),Beyoncé,latin,69,0
Call Me,Blondie,rock,69,0
Drop That Low (When I Dip),Tujamo,edm,69,0
Electric (feat. Khalid),Alina Baraz,r&b,69,1
Stairway to Heaven - 1990 Remaster,Led Zeppelin,rock,69,1
Dancing in the Moonlight,Toploader,rock,69,0
In The Middle,Alesso,edm,69,0
No Sleep (feat. Bonn) - DubVision Remix,Martin Garrix,edm,69,0
All Day and All of the Night,The Kinks,rock,69,0
Torn,Natalie Imbruglia,rock,69,0
I Need Your Love (feat. Ellie Goulding),Calvin Harris,latin,69,0
La Mordidita,Ricky Martin,latin,69,0
Me Mata,Bad Bunny,latin,69,1
Sin Culpa (feat. DrefQuila),Duki,rap,69,1
She Looks So Perfect,5 Seconds of Summer,pop,69,0
Fancy,Iggy Azalea,pop,69,0
Bad,Lennon Stella,pop,69,0
Buena,Manuel Medrano,latin,69,1
R.E.M,Ariana Grande,pop,69,1
Me Equivocaré,Antonio José,latin,69,0
Polo A Tierra,Danna Paola,latin,69,0
Really Don't Care,Demi Lovato,pop,69,0
Get It Together,Drake,r&b,69,0
Yellow Ledbetter,Pearl Jam,rock,69,1
100 Shooters (feat. Meek Mill),Future,rap,69,0
We Got That Cool (feat. Afrojack & Icona Pop),Yves V,edm,69,0
Shoot to Thrill,AC/DC,rock,69,0
I Gotta Feeling,The Black Eyed Peas,latin,69,0
I Wanna Rock,Twisted Sister,rock,69,0
My Nigga,YG,pop,69,0
ILYSB,LANY,pop,69,1
The Look,Metronomy,pop,69,1
badwine - Remix,Feid,latin,69,0
Hella Neck,Carnage,rap,69,1
Havana - Remix,Camila Cabello,latin,69,0
Moondance - 2013 Remaster,Van Morrison,rock,69,1
Talento De Televisión,Willie Colón,latin,69,1
Calypso,Luis Fonsi,latin,69,0
Check Yo Self - Remix,Ice Cube,rap,69,0
Birthday Suit,Cosmo Sheldrake,pop,69,1
Somebody To Love - 2011 Mix,Queen,rock,69,0
Real Muthaphuckkin' G's,Eazy-E,rap,69,0
Hollaback Girl,Gwen Stefani,pop,69,0
Uma Thurman,Fall Out Boy,latin,69,0
Todavia,La Factoria,latin,69,0
Kashmir - 1990 Remaster,Led Zeppelin,rock,69,1
When I'm Down,Whethan,pop,69,0
A-Punk,Vampire Weekend,rock,69,0
Somebody Told Me,The Killers,rock,69,0
Bad Vibe (feat. A Boogie Wit da Hoodie & 2 Chainz),Quando Rondo,rap,69,0
Protect Da Brand (feat. DaBaby),Moneybagg Yo,rap,69,0
Remedy,Seether,rock,69,0
ALREADY,Beyoncé,r&b,69,0
Apparently,J. Cole,r&b,69,1
I Get Around,2Pac,rap,69,1
Na Na Na,Now United,latin,69,0
Jealous - Remix,Nick Jonas,pop,69,0
Let Me Love You (Until You Learn To Love Yourself),Ne-Yo,pop,69,0
I Kissed A Girl,Katy Perry,pop,69,0
Habits (Stay High),Tove Lo,pop,69,0
50 Ways to Leave Your Lover,Paul Simon,rock,69,1
Frail State Of Mind,The 1975,pop,69,0
Falling Away from Me,Korn,rock,69,0
Owner of a Lonely Heart,Yes,rock,69,0
Therapy,Timmy Trumpet,edm,69,0
One Week,Barenaked Ladies,pop,69,0
I Don't Dance,Lee Brice,latin,69,1
Wanted,Hunter Hayes,latin,69,1
Ridin',Chamillionaire,rap,69,0
Fire Burning,Sean Kingston,pop,69,0
Waiting for a Girl like You,Foreigner,rock,69,1
Noche De Sexo,Wisin & Yandel,latin,69,0
Tu Amor Me Hace Bien - Salsa Version,Marc Anthony,latin,69,1
NO,Meghan Trainor,pop,69,0
DI MI NOMBRE - Cap.8: Éxtasis,ROSALÍA,r&b,69,1
Mucha Data,Cazzu,rap,69,1
"¿CÓMO TE VA, QUERIDA?",Rels B,rap,69,0
Punto G,KAROL G,latin,69,0
Ay Vamos,J Balvin,latin,69,0
Under Cover of Darkness,The Strokes,rock,69,0
hot girl bummer (with Khea) - Khea Remix,blackbear,latin,69,0
Peace of Mind,Boston,rock,69,0
Simple Man,Lynyrd Skynyrd,rock,69,0
Limelight,Rush,rock,69,0
"Mama, I'm Coming Home",Ozzy Osbourne,rock,69,0
Mrs. Officer,Lil Wayne,rap,69,0
Hurts So Good,John Mellencamp,rock,69,0
First Time,Kygo,r&b,69,1
Friends,Chase Atlantic,pop,69,0
The Way I Am,Charlie Puth,pop,69,0
Gypsy,Fleetwood Mac,rock,69,1
Mandona - Acústico,Oriente,edm,69,1
Ain't My Fault,Zara Larsson,pop,69,0
"Azukita (Steve Aoki, Daddy Yankee, Play-N-Skillz & Elvis Crespo) (feat. Elvis Crespo)",Steve Aoki,edm,69,0
Como Así (feat. CNCO),Lali,latin,69,0
"Like Boss - Remix (feat. Duki, Bizarrap, Akapellah, Polima Westcoast, Moonkey, Zanto, Santoz)",Frijo,rap,69,0
Desierto,Amenazzy,latin,69,1
Runaway,Bon Jovi,rock,69,0
Ride It - Jonas Blue Remix,Regard,edm,69,0
Dark Times,The Weeknd,r&b,69,1
Who Knew,P!nk,pop,69,0
Chillax (feat. Ky-Mani Marley),Farruko,latin,69,0
24H,Kidd Keo,rap,69,1
Lola Bunny,Lola Indigo,latin,69,0
Prayer in C - Robin Schulz Radio Edit,Lilly Wood and The Prick,pop,69,0
Sweater Weather,Gaullin,edm,69,0
Happy,Oh Wonder,pop,69,1
Crew Love,Drake,r&b,69,1
Una y Otra Vez,Manuel Medrano,latin,69,1
Reprise - Ao Vivo,Sorriso Maroto,edm,69,0
Muito Cedo,Turma do Pagode,edm,69,0
Six Feet Under,The Weeknd,r&b,69,1
True Colors,The Weeknd,r&b,69,1
Repeat After Me,Dimitri Vegas & Like Mike,edm,69,0
Shea Butter Baby (with J. Cole),Ari Lennox,r&b,69,1
LOVE AGAIN,Daniel Caesar,r&b,69,1
21 Questions,50 Cent,rap,69,0
Through The Wire,Kanye West,rap,69,0
Faint,Linkin Park,edm,69,0
Arrogante,Irama,r&b,69,0
Usually,DaniLeigh,r&b,69,1
Sumiu do Mapa - Ao Vivo,Lucas Lucco,edm,69,0
18 and Life,Skid Row,rock,69,1
Ventura Highway,America,rock,69,1
Mambo Salentino,Boomdabash,r&b,69,0
$ave Dat Money (feat. Fetty Wap & Rich Homie Quan),Lil Dicky,rap,69,0
My Hero,Foo Fighters,rock,69,0
FLASH,X1,pop,69,0
Fuego,Ozuna,latin,69,0
Back To Back,Drake,rap,69,0
Strongest (Alan Walker Remix),Ina Wroldsen,latin,69,0
Hysteria,Muse,rock,69,0
Erase Me - Main,Kid Cudi,pop,69,0
Domino,Jessie J,pop,69,0
Love No More,Loud Luxury,pop,69,0
We Find Love,Daniel Caesar,r&b,69,1
In My Head,Jason Derulo,latin,69,0
Morning,Teyana Taylor,r&b,69,1
Conspiração,Tribo da Periferia,r&b,69,1
Obsessed,Dynoro,pop,69,0
Pretend,CNCO,latin,69,0
Wicked Game,Chris Isaak,pop,69,1
Lifestyle,Rich Gang,rap,69,0
Psycho,Muse,rock,69,0
Knights of Cydonia,Muse,rock,69,0
Dreams,Bazzi,pop,69,0
Youth of the Nation,P.O.D.,rock,69,0
Love... (Her Fault) [feat. Bryson Tiller],Wale,r&b,69,0
Who's,Jacquees,r&b,69,0
Favela,Alok,edm,69,0
Algo Me Gusta De Ti,Wisin & Yandel,latin,69,0
Hasta Abajo,Kevin Roldan,latin,69,0
Garden (Say It Like Dat),SZA,r&b,69,1
Outro Dia,A Banca Records,r&b,69,1
Everybody,Logic,rap,69,0
March Madness,Future,rap,69,0
Ilusão,Filipe Ret,r&b,69,1
Lie,Lukas Graham,r&b,69,0
Ex Calling,6LACK,r&b,69,0
Where This Flower Blooms (feat. Frank Ocean),"Tyler, The Creator",r&b,69,1
Open Arms,Journey,rock,69,1
Kill Em With Kindness,Selena Gomez,pop,69,0
Somewhere I Belong,Linkin Park,rock,69,0
Drunk Dialing...LODT,Summer Walker,r&b,69,1
Tiene Espinas El Rosal,Grupo Cañaveral De Humberto Pabón,latin,69,1
Yo También,Romeo Santos,latin,69,0
Luz Apaga,Ozuna,latin,69,0
Goddamn (feat. A Boogie wit da Hoodie),Tyga,rap,69,0
Irmão DQbrada!,Costa Gold,rap,69,0
MIDDLE OF THE NIGHT,Monsta X,pop,69,0
Lights Down Low,MAX,pop,69,1
Everlong - Acoustic Version,Foo Fighters,latin,69,1
Ride (feat. Kehlani),YK Osiris,r&b,69,0
SPEEDBOAT,Denzel Curry,rap,69,0
German,No Money Enterprise,rap,69,0
La hit dell'estate,Shade,r&b,69,0
Livin' Thing,Electric Light Orchestra,rock,69,1
Kærlighed (feat. Gilli & Kesi),ATYPISK,rap,69,0
Blame It on the Boogie,The Jacksons,r&b,69,0
PUB G (feat. Branco & Larry 44),LOLO,rap,69,1
Ostia Lido,J-AX,r&b,69,0
Duemila volte,Marco Mengoni,r&b,69,0
Girls Have Fun (feat. G-Eazy & Rich The Kid),Tyga,rap,69,0
Better Half of Me,Tom Walker,r&b,69,1
Collide - Acoustic Version,Howie Day,latin,69,1
Where Them Girls At (feat. Nicki Minaj & Flo Rida),David Guetta,pop,69,0
Still Waiting,Sum 41,rock,69,0
Guerrilla Radio,Rage Against The Machine,rock,69,0
Gold on the Ceiling,The Black Keys,rock,69,0
Next Song,DaBaby,rap,69,0
Mi primer millon,Bacilos,latin,69,0
STFU,mansionz,r&b,69,1
L'amour Toujours (Small Mix),Gigi D'Agostino,pop,69,0
Solo,Frank Ocean,r&b,69,1
No Way!,Bazzi,r&b,69,0
If I Could Fly,One Direction,r&b,69,1
Andar Conmigo,Julieta Venegas,latin,69,1
White Rabbit,Jefferson Airplane,rock,69,1
People Are Strange,The Doors,rock,69,1
How Soon Is Now? - 2011 Remaster,The Smiths,rock,69,0
Make Me (Cry),Noah Cyrus,pop,69,1
Congratulations,Don Diablo,edm,69,0
Báilame - Remix,Nacho,latin,69,0
Bow Down,I Prevail,rock,69,0
Llegaste Tú,CNCO,latin,69,0
Broken,Seether,rock,69,0
My Way,Limp Bizkit,rock,69,0
Crown,Stormzy,latin,69,1
Dancing With A Stranger (With Normani) - Cheat Codes Remix,Sam Smith,edm,69,0
The Kids Are Coming,Tones and I,pop,69,1
Dat $tick,Rich Brian,r&b,69,1
Boys Like You,Anna Clendening,pop,69,1
Years,Astrid S,pop,69,1
She Hates Me,Puddle Of Mudd,rock,69,0
When I'm Gone,3 Doors Down,rock,69,0
Labios Rotos - Live,Zoé,pop,69,0
Kallidade,Kalli,rap,69,1
Hunnybee,Unknown Mortal Orchestra,rock,69,1
Roots,Valerie Broussard,pop,69,0
South of the Border (feat. Camila Cabello & Cardi B) - Cheat Codes Remix,Ed Sheeran,pop,69,0
Inside Out,Five Finger Death Punch,rock,69,0
Tuta Black,Paky,rap,69,1
Nothing Else Matters,Metallica,rock,69,1
Nostalgic,A R I Z O N A,pop,69,1
Post Malone (feat. RANI) - GATTÜSO Remix,Sam Feldt,edm,69,0
Catch & Release - Deepend Remix,Matt Simons,pop,69,1
La Célula Que Explota,Caifanes,rock,69,1
Sex With Me,Rihanna,r&b,69,1
"Aczino: Bzrp Freestyle Sessions, Vol. 8",Bizarrap,rap,69,0
First Off (feat. Travis Scott),Future,r&b,69,0
Slide,The Goo Goo Dolls,rock,69,0
Dilemme,Lous and The Yakuza,r&b,69,0
Same Yung Nigga (feat. Playboi Carti),Gunna,r&b,69,1
Riot,Three Days Grace,rock,69,0
Lost,Blake Rose,pop,69,0
Mitsubishi,Orochi,rap,69,0
Old Thing Back (feat. Ja Rule and Ralph Tresvant),Matoma,latin,69,0
Both,Headie One,rap,69,1
Missing You,John Waite,rock,69,0
Infinity,Jaymes Young,pop,69,0
Beverly Hills,Weezer,rock,69,0
GOLD,BROCKHAMPTON,r&b,69,0
C U Girl,Steve Lacy,r&b,69,1
Esperándote,Manuel Turizo,latin,69,0
Somebody,Sigala,latin,69,0
Good Day,Surfaces,pop,69,1
Can I Kick It?,A Tribe Called Quest,rap,69,0
Addicted To You,Avicii,pop,69,0
Jayjo,Undacava,rap,69,1
Selfish,Dimitri Vegas & Like Mike,latin,69,0
Going Under,Evanescence,rock,69,0
Stay High - Habits Remix,Tove Lo,edm,69,0
Tu No Vive Asi (feat. Mambo Kingz & DJ Luian),Arcangel,latin,69,1
Surrender,Cheap Trick,rock,69,0
Bendita Tu Luz,Maná,latin,69,0
Rules,Doja Cat,r&b,69,0
Y U Gotta B Like That,Audrey Mika,r&b,69,1
1985,Bowling For Soup,rock,69,0
DJ Turn It Up,Yellow Claw,rap,69,0
Caraluna,Bacilos,latin,69,0
Big Yellow Taxi,Joni Mitchell,r&b,69,1
Walk Me Home,P!nk,r&b,69,1
Rich Love (with Seeb),OneRepublic,pop,69,0
Nur ein Dieb,Veysel,rap,69,1
Cereza,Fuego,rap,69,0
"Tumbando el Club (feat. C.R.O., Obiewanshot, Ysy A, Cazzu, Khea, Lucho SSJ, Coqeéin Montana, Marcianos Crew & Duki) - Remix",Neo Pistea,rap,69,0
Somebody,The Chainsmokers,r&b,69,0
Tu Príncipe,Daddy Yankee,latin,69,0
Diamond Heart,Alan Walker,pop,69,0
Television / So Far So Good,Rex Orange County,rock,69,1
Bad Company,Five Finger Death Punch,rock,69,0
Super Far,LANY,latin,69,1
Ode To My Family,The Cranberries,rock,69,1
Someone You Loved - Future Humans Remix,Lewis Capaldi,pop,69,0
Mistaken (feat. Alex Aris),Martin Garrix,edm,68,0
Live Fast - PUBGM,Alan Walker,r&b,68,0
St. Elmos Fire (Man in Motion),John Parr,rock,68,1
Venom,Ghostemane,rap,68,0
SOS - Laidback Luke Tribute Remix / Radio Edit,Avicii,pop,68,0
Put On,Jeezy,rap,68,0
Snap Yo Fingers,Youngbloodz,rap,68,0
Throne,Bring Me The Horizon,rock,68,0
Walk This Way (feat. Aerosmith),Run–D.M.C.,rock,68,1
Mamacita (feat. Farruko),Jason Derulo,latin,68,0
En Cero - Remix,Yandel,rap,68,0
Tabaco Y Chanel,Bacilos,latin,68,0
Absolute Zero,Stone Sour,rock,68,0
"Further Up (Na, Na, Na, Na, Na)",Static & Ben El,r&b,68,0
Don't Leave Me Alone (feat. Anne-Marie),David Guetta,edm,68,0
All The Way Up,Fat Joe,rap,68,0
"Read All About It, Pt. III",Emeli Sandé,r&b,68,1
Spirit in the Sky,Norman Greenbaum,rock,68,0
Bailando - Spanish Version,Enrique Iglesias,latin,68,0
Call on Me - Ryan Riback Remix,Starley,edm,68,0
O Pana!,$uicideBoy$,rap,68,0
Neon Moon,Brooks & Dunn,latin,68,1
me & ur ghost,blackbear,pop,68,0
Mujeres,Ricardo Arjona,latin,68,1
Level Up,Ciara,r&b,68,0
Overtime,Chris Brown,r&b,68,0
Only God Can Judge Me,2Pac,rap,68,0
Gang Gang,Miami Yacine,rap,68,0
Schmeckt (feat. LX),Hemso,rap,68,0
Mask Off - Remix,Future,rap,68,1
Hit Me With Your Best Shot,Pat Benatar,rock,68,0
Ti dedico il silenzio,Ultimo,r&b,68,1
Survival of the Fittest,Mobb Deep,rap,68,0
Never Be Alone (feat. Aloe Blacc),David Guetta,edm,68,0
I Remember You,Skid Row,rock,68,1
Full Circle,Five Finger Death Punch,rock,68,0
Na De Na,Angel Y Khriz,latin,68,0
The Sign,Ace of Base,pop,68,0
Vuelve,Ricky Martin,latin,68,1
Viento,Caifanes,rock,68,0
Jimmy,Tones and I,pop,68,1
Paranoid - 2016 Remaster,Black Sabbath,rock,68,0
10 Bands,Joyner Lucas,rap,68,0
head first,Christian French,pop,68,1
NO SPIE,FSK SATELLITE,rap,68,1
Came Here for Love,Sigala,pop,68,0
Mannequin Challenge (feat. Juice WRLD),Young Thug,rap,68,0
Baila Conmigo,Jennifer Lopez,latin,68,0
Sex & Candy,Marcy Playground,rock,68,1
Freak - Joe Stone 2K18 Edit,R3HAB,edm,68,0
No Me Doy Por Vencido,Luis Fonsi,latin,68,0
Inevitable,Shakira,latin,68,1
Pasarela,Ñejo & Dalmata,latin,68,0
Burn Out (feat. Dewain Whitmore),Martin Garrix,pop,68,0
Forever Young,John De Sohn,pop,68,0
Light,San Holo,pop,68,0
Lifestyles of the Rich & Famous,Good Charlotte,rock,68,0
Rakata,Wisin & Yandel,latin,68,0
Joro,WizKid,r&b,68,0
Mount Sinai,$uicideBoy$,rap,68,1
All For Love,Tungevaag & Raaban,pop,68,0
Cásate Conmigo,Silvestre Dangond,latin,68,0
Rabbit Hole,CamelPhat,edm,68,0
Cold,Boy In Space,pop,68,1
Why Do You Love Me,Charlotte Lawrence,pop,68,1
Sextasy,Swae Lee,rap,68,1
Heaven (feat. Veronica),Dzeko,edm,68,0
Blah Blah Blah,Armin van Buuren,edm,68,0
Una canzone che non so,Gazzelle,r&b,68,1
EH BABA,Murda,latin,68,0
Diabla - Official Remix,Farruko,rap,68,0
PURPURA,WOS,rap,68,0
La Plata (feat. Lalo Ebratt),Juanes,latin,68,0
Ni Tú Ni Nadie,Mœnia,pop,68,0
Sería Más Fácil,Carlos Rivera,latin,68,1
Justicia,Silvestre Dangond,latin,68,0
Be the One,Dua Lipa,pop,68,0
The Diary of Jane - Single Version,Breaking Benjamin,rock,68,0
Travesuras,Nicky Jam,latin,68,0
Tough Love - Tiësto Remix / Radio Edit,Avicii,edm,68,0
Senza Di Me (feat. Venerus & Franco126),Gemitaiz,r&b,68,0
La Calle De Las Sirenas,Kabah,pop,68,0
The Red,Chevelle,rock,68,0
Ser Bichote,Bad Bunny,rap,68,0
Thumb,M Huncho,r&b,68,1
Tu Vida en la Mía,Marc Anthony,latin,68,0
Revolution - Remastered 2009,The Beatles,rock,68,0
anxiety (with FRND),blackbear,r&b,68,0
It's a Vibe,Duki,latin,68,0
EL BAÑO (feat. Bad Bunny),Enrique Iglesias,latin,68,0
Shaky Shaky,Daddy Yankee,latin,68,0
Vacaciones,Wisin,latin,68,0
Si Tú La Ves (feat. Wisin),Nicky Jam,latin,68,0
Lord Pretty Flacko Jodye 2 (LPFJ2),A$AP Rocky,rap,68,0
CAPI DELLA TRAP (feat. Guè Pequeno),FSK SATELLITE,rap,68,0
Flames,David Guetta,pop,68,0
Brave,Don Diablo,pop,68,0
DEVIL,Shinedown,rock,68,0
Light It Up - Remix,Major Lazer,pop,68,0
&burn (with Vince Staples),Billie Eilish,r&b,68,1
A$AP Forever,A$AP Rocky,rap,68,0
Fuck Tha Police,N.W.A.,rap,68,0
48H (feat. Sfera Ebbasta),Izi,rap,68,1
Surtada,Neo Beats,rap,68,1
16,Highly Suspect,latin,68,0
F*ck Up Some Commas,Future,rap,68,0
Digits,Young Thug,rap,68,0
Disorder - 2007 Remaster,Joy Division,rock,68,0
So Good At Being in Trouble,Unknown Mortal Orchestra,pop,68,1
Up,Olly Murs,pop,68,0
Hate How Much I Love You,Conor Maynard,pop,68,1
Hypnotize - 2007 Remaster,The Notorious B.I.G.,rap,68,0
CHEYENNE - feat. Charlie Charles,Francesca Michielin,r&b,68,1
Avião,MC Caverinha,rap,68,1
La rebelion,Joe Arroyo,latin,68,0
Controla,Brytiago,rap,68,1
Blessed (with Tyga),Shenseea,rap,68,0
Rock You Like A Hurricane,Scorpions,rock,68,1
Narcissist (feat. The 1975),No Rome,pop,68,0
Moonage Daydream - 2012 Remaster,David Bowie,rock,68,1
Donde Estan Las Gatas (feat. Nicky Jam),Daddy Yankee,latin,68,0
Primeiro Milhão,Hungria Hip Hop,rap,68,1
Creep On Me,GASHI,rap,68,0
Mississippi Queen,Mountain,rock,68,0
Better Than Today,Rhys Lewis,r&b,68,1
When I See U,Fantasia,r&b,68,1
Love,Keyshia Cole,r&b,68,0
Same Old Love,Selena Gomez,pop,68,0
"Dance, Baby!",boy pablo,pop,68,0
Got the Life,Korn,rock,68,0
This One's for You (feat. Zara Larsson) (Official Song UEFA EURO 2016),David Guetta,pop,68,0
Dive,Hot Shade,pop,68,0
Squeeze,Ghostemane,rap,68,0
My Happy Ending,Avril Lavigne,rock,68,0
Finesse,Bruno Mars,edm,68,0
Better Off Without You (feat. Shift K3Y),Becky Hill,edm,68,0
"Loca (feat. Duki, Cazzu)",Khea,rap,68,0
Jeremías 17-5,Canserbero,rap,68,0
Cold,James Blunt,r&b,68,0
DDU-DU DDU-DU,BLACKPINK,pop,68,0
Canalla,Romeo Santos,latin,68,0
Tenemos Que Hablar,Bad Bunny,rap,68,1
Video Llamada,Arcangel,rap,68,0
GDFR (feat. Sage the Gemini & Lookas),Flo Rida,pop,68,0
One Last Breath,Creed,rock,68,0
Ready or Not,Bridgit Mendler,pop,68,0
Solito (Lonely) [feat. Nicky Jam & Akon],Messiah,latin,68,0
Poetic Justice,Kendrick Lamar,rap,68,1
Daughters,John Mayer,r&b,68,1
Flash,MC Caverinha,rap,68,1
The Power,Duke Dumont,edm,68,0
Lost,Frank Ocean,r&b,68,0
"Ciega, Sordomuda",Shakira,latin,68,0
End Game,Taylor Swift,r&b,68,0
Tell Your Friends,The Weeknd,r&b,68,1
After Hours,M-22,edm,68,0
Ojitos Chiquitos,Don Omar,latin,68,0
Mi Error,Eladio Carrion,latin,68,0
None Of My Business,Cher Lloyd,pop,68,1
Baila Mais,Orgânico,r&b,68,1
Back Up,DeJ Loaf,rap,68,1
Again,Fetty Wap,rap,68,0
Who Shot Ya? - 2005 Remaster,The Notorious B.I.G.,rap,68,0
If I Ruled the World (Imagine That) (feat. Lauryn Hill),Nas,rap,68,0
Time Is Running Out,Muse,rock,68,0
Welcome to My Life,Simple Plan,rock,68,0
Dakota,Stereophonics,rock,68,0
Shepherd of Fire,Avenged Sevenfold,rock,68,0
I Think I'm In Love,Kat Dahlia,pop,68,0
One Time,Justin Bieber,latin,68,0
My Songs Know What You Did In The Dark (Light Em Up),Fall Out Boy,edm,68,0
Glad You Came,VIZE,edm,68,0
BOSS,NCT,pop,68,0
Laffy Taffy,D4L,rap,68,1
Falsas Promesas,Sech,latin,68,0
Feel Like Makin' Love - 2015 Remaster,Bad Company,rock,68,1
Cold as Ice,Foreigner,rock,68,1
What's My Name?,Rihanna,latin,68,0
Monkey Wrench,Foo Fighters,rock,68,0
Walk,Foo Fighters,rock,68,0
LHNA (with Anuel AA),RobGz,rap,68,0
Hold Back The River,James Bay,r&b,68,0
Animal,Neon Trees,rock,68,0
Desde Esa Noche,Thalía,latin,68,0
Suave,Luis Miguel,latin,68,0
Shake It Off,Taylor Swift,r&b,68,0
@Isa - Ao Vivo,Marcos & Belutti,edm,68,0
Focus,H.E.R.,r&b,68,1
Pose (feat. Lil Uzi Vert),Yo Gotti,r&b,68,0
Highway Star - Remastered 2012,Deep Purple,rock,68,0
Summer Air,ItaloBrothers,pop,68,0
Hard To Handle,The Black Crowes,rock,68,0
CPR,Summer Walker,r&b,68,1
Donald Trump,Mac Miller,rap,68,0
Why Do You Feel So Down,Declan McKenna,pop,68,0
Dispuesto (feat. Ozuna),Maluma,latin,68,0
1999,Prince,r&b,68,0
Year 3000,Jonas Brothers,pop,68,0
Solo Pienso En Ti (feat. De La Ghetto & Justin Quiles),Paulo Londra,rap,68,0
Fin De Semana,Lunay,latin,68,0
Talk Too Much,COIN,rock,68,0
93 'Til Infinity,Souls Of Mischief,rap,68,0
True Colors,Cyndi Lauper,rock,68,1
"Hey, Ma",Bon Iver,r&b,68,1
Enemies,Lauv,pop,68,0
The Few Things (With Charlotte Lawrence),JP Saxe,r&b,68,1
Demasiado Loco,Paulo Londra,rap,68,1
I Don't Wanna Know (feat. Enya & P. Diddy) - 2016 Remaster,Mario Winans,r&b,68,1
Feeling Lonely,boy pablo,pop,68,1
You Ain't Seen Nothing Yet,Bachman-Turner Overdrive,rock,68,1
Miss Jackson (feat. LOLO),Panic! At The Disco,pop,68,0
Like A G6,Far East Movement,pop,68,0
Standort,Pietro Lombardi,latin,68,0
Passion Whine,Farruko,latin,68,0
Courtesy Call,Thousand Foot Krutch,rock,68,0
Promise,Romeo Santos,latin,68,0
DONTTRUSTME,3OH!3,pop,68,0
Bota pra Tremer,Pedro Sampaio,edm,68,1
Carolina,Harry Styles,rock,68,0
Clint Eastwood,Gorillaz,rock,68,0
Lithium,Nirvana,rock,68,0
Common People,Pulp,rock,68,0
Warriors,Imagine Dragons,pop,68,0
Your Love Is My Drug,Kesha,pop,68,0
Miss Independent,Ne-Yo,pop,68,0
Thriller,Michael Jackson,pop,68,0
Touch,Little Mix,edm,68,0
smiling when i die,Sasha Sloan,pop,68,1
Trap Queen,Fetty Wap,pop,68,0
Trumpets,Jason Derulo,pop,68,1
Fade Out,Seeb,pop,68,0
Más De Ti,Llane,latin,68,0
Close To Me,The Cure,rock,68,1
"It Must Have Been Love - From the Film ""Pretty Woman""",Roxette,rock,68,0
Runaway Train,Soul Asylum,rock,68,0
Ghetto Gospel,2Pac,rap,68,0
22,Taylor Swift,pop,68,0
"I Don't Like It, I Love It (feat. Robin Thicke & Verdine White)",Flo Rida,edm,68,0
Boom Boom Pow,The Black Eyed Peas,pop,68,0
on god,bbno$,rap,68,1
Virgil Discount,T.R.U.,rap,68,0
shut up,Greyson Chance,r&b,68,1
Detroit Rock City,KISS,rock,68,0
If I Were a Boy,Beyoncé,r&b,68,0
White Wedding - Pt. 1,Billy Idol,rock,68,0
Gimme All Your Lovin',ZZ Top,rock,68,0
Wildflowers,Tom Petty,rock,68,1
Vai malandra (feat. Tropkillaz & DJ Yuri Martins),Anitta,latin,68,0
Stay With Me,ayokay,pop,68,1
Thank You,Dido,rock,68,1
23,Mike WiLL Made-It,rap,68,0
I Think We're Alone Now,Tiffany,rock,68,0
One Too Many,FLETCHER,r&b,68,0
Girls and Boys,Blur,rock,68,0
Watch Me (Whip / Nae Nae),Silentó,rap,68,0
Let Your Love Flow,The Bellamy Brothers,rock,68,1
One of These Nights - 2013 Remaster,Eagles,rock,68,1
What a Fool Believes,The Doobie Brothers,rock,68,1
Just the Way You Are,Billy Joel,rock,68,1
Lo siento (feat. Sofía Reyes),Beret,latin,68,1
Schism,TOOL,rock,68,0
Belleza De Cantina,Cardenales De Nuevo León,rock,68,1
i fucked up,convolk,rap,68,0
White Flag,Dido,rock,68,1
Santa Monica,Everclear,rock,68,0
Cold Cold Cold,Cage The Elephant,pop,68,0
One Sweet Day,Mariah Carey,r&b,68,1
"Kiddo Toto: Bzrp Music Sessions, Vol. 11",Bizarrap,rap,68,0
Poison,Brent Faiyaz,r&b,68,1
Jaded,Drake,r&b,68,1
Pleaser,Wallows,pop,68,0
SCACCIACANI - prod. Crookers & Nic Sarno,Ketama126,rap,68,0
Homerun (Intro),Paulo Londra,rap,68,1
5 Stars (feat. Polima Westcoast),C. Tangana,rap,68,0
Breathe (In the Air),Pink Floyd,rock,68,1
Arrullo De Estrellas,Zoé,rock,68,0
Rhiannon,Fleetwood Mac,rock,68,1
Hasta Que Salga el Sol,Ozuna,latin,68,0
Loser,Beck,rock,68,0
Wuthering Heights,Kate Bush,rock,68,1
Hysteria,Def Leppard,rock,68,0
You Say I'm in Love,Banes World,rock,68,1
WOW,Tiësto,edm,68,0
SOLVED THE PROBLEM,Comethazine,rap,68,0
Take a Walk,Passion Pit,pop,68,0
Rock DJ,Robbie Williams,rock,68,0
Forever Alone,Paulo Londra,rap,68,1
The Schuyler Sisters,Renée Elise Goldsberry,pop,68,0
Hoy Se Bebe - Remix,Nio Garcia,latin,68,1
Only Wanna Be with You,Hootie & The Blowfish,rock,68,0
3AM,Matchbox Twenty,rock,68,0
Show Me Love (feat. 21 Savage & Miguel),Alicia Keys,r&b,68,0
GRRRLS,AViVA,pop,68,0
I Can't Carry This Anymore,Anson Seabra,pop,68,1
The Other Side Of Paradise,Glass Animals,pop,68,1
Solo,Amenazzy,latin,68,1
Creo en Ti,Reik,latin,68,1
"0 Sentimientos (Remix) [feat. Noriel, Darkiel, Lyan, Messiah & Baby Rasta]",Jon Z,rap,68,0
Thief,Ansel Elgort,pop,68,0
Cool Kids,Olympis,pop,67,1
Together Again,Janet Jackson,r&b,67,1
Hustlin',Rick Ross,rap,67,0
Water on Water on Water,Young Dolph,rap,67,0
Chum,Earl Sweatshirt,r&b,67,1
If I Can't Have You - Gryffin Remix,Shawn Mendes,pop,67,0
"Slow Down - 12"" Version",Bobby V.,r&b,67,0
Carry On - Nicky Romero Remix,Kygo,edm,67,0
Society,Eddie Vedder,rock,67,1
So What,P!nk,pop,67,0
Get Stüpid,bülow,pop,67,0
Solsbury Hill,Peter Gabriel,rock,67,1
Mocca - Remix,Lalo Ebratt,latin,67,0
Lotus Flower Bomb (feat. Miguel),Wale,rap,67,1
Haz Lo Que Quieras,Haze,latin,67,0
Don't Kill My High,Lost Kings,edm,67,0
La La La,Naughty Boy,pop,67,0
Me llama,Beret,latin,67,1
Bloom,Troye Sivan,pop,67,0
No I in Team,Arizona Zervas,rap,67,0
Death Note,GNAR,rap,67,0
Chal Bombay,DIVINE,rap,67,0
Love You Better,John De Sohn,pop,67,0
Stand by Me,Oasis,rock,67,0
All Out of Love,Air Supply,rock,67,1
First,Cold War Kids,pop,67,0
I Love It (feat. Charli XCX),Icona Pop,latin,67,0
Nadie Como Tu,Amenazzy,rap,67,0
Goodbyes,Jorja Smith,r&b,67,1
Grace Kelly,MIKA,pop,67,0
Nobody,Mitski,r&b,67,0
"Jennie (feat. R. City, Bori)",Felix Jaehn,latin,67,0
La Botella,Mach & Daddy,latin,67,0
Peach Pit,Peach Pit,rock,67,0
Sun Models (feat. Madelyn Grant),ODESZA,pop,67,1
Salute,Little Mix,edm,67,0
Lips Are Movin,Meghan Trainor,pop,67,0
Gorgeous,Taylor Swift,pop,67,0
Wherever You Are,Kodaline,pop,67,0
I Want You To Know,Zedd,pop,67,0
She's The One,Robbie Williams,rock,67,1
El Ciego,Melendi,latin,67,0
Bon appétit,Katy Perry,pop,67,0
Talk Dirty (feat. 2 Chainz),Jason Derulo,edm,67,0
On & On,Erykah Badu,r&b,67,1
Motion Sickness,Phoebe Bridgers,r&b,67,1
Pam Pam,Wisin & Yandel,latin,67,0
Por Contarle Los Secretos,Jon Z,rap,67,0
I Wanna Dance,Jonas Blue,edm,67,0
Vertigo,Khalid,r&b,67,1
One Call Away,Charlie Puth,latin,67,1
"Introducing Me - From ""Camp Rock 2: The Final Jam""",Nick Jonas,pop,67,1
Thinking About You (feat. Ayah Marar),Calvin Harris,edm,67,0
Twenty One,Khalid,r&b,67,1
Paradise,Khalid,r&b,67,1
Blessed,Daniel Caesar,r&b,67,1
Castles,Freya Ridings,r&b,67,0
The Worst In Me,KAYTRANADA,latin,67,0
Mystery of Love,Sufjan Stevens,r&b,67,1
m.A.A.d city,Kendrick Lamar,r&b,67,0
Humo en la Trampa,Aleman,rap,67,1
If That's Alright,Dylan Dunlap,r&b,67,1
Tattoos Together,Lauv,r&b,67,1
China Grove,The Doobie Brothers,rock,67,0
Two 10s,Quinn XCII,pop,67,1
ATLiens,OutKast,rap,67,0
Jump (with Trippie Redd),Julia Michaels,r&b,67,0
Ok Without You,Klaas,edm,67,0
Bizarre Love Triangle,New Order,rock,67,0
Criminal,Britney Spears,pop,67,0
Stay,Mac Miller,r&b,67,1
Edition,Rex Orange County,rock,67,1
Let Me Entertain You,Robbie Williams,rock,67,0
Nice Boys,TEMPOREX,rock,67,1
Love Me Now,John Legend,latin,67,0
Day Or Night,Mike Williams,edm,67,0
Move Your Body - Alan Walker Remix,Sia,edm,67,0
AYA,Murda,latin,67,0
Bad - 2012 Remaster,Michael Jackson,rock,67,0
Separate Ways (Worlds Apart),Journey,pop,67,0
Piece of My Heart,Big Brother & The Holding Company,rock,67,0
The Way,Ariana Grande,pop,67,0
Dale Don Dale,Don Omar,latin,67,0
Pardon Me,Incubus,rock,67,0
Beat Of My Heart,Lost Frequencies,latin,67,1
We Dem Boyz,Wiz Khalifa,rap,67,0
Suavemente,Elvis Crespo,latin,67,0
Where the Party At (feat. Nelly),Jagged Edge,r&b,67,0
Tha Crossroads,Bone Thugs-N-Harmony,rap,67,0
Gyal You A Party Animal - Remix,Charly Black,latin,67,0
Juke Box Hero,Foreigner,pop,67,0
Sing,Travis,rock,67,0
Bad Medicine,Bon Jovi,rock,67,0
If I Lose Myself - Alesso vs OneRepublic,OneRepublic,pop,67,0
Cabeça Voando,Os Barões Da Pisadinha,edm,67,0
Holiday,Green Day,pop,67,0
HandClap,Fitz and The Tantrums,latin,67,0
Girls Like (feat. Zara Larsson),Tinie Tempah,latin,67,0
I Am Machine,Three Days Grace,rock,67,0
The Days,Avicii,pop,67,0
I Know,Big Sean,rap,67,1
Stop Crying Your Heart Out,Oasis,rock,67,0
Yelo,C. Tangana,rap,67,0
Chupadinha,Os Barões Da Pisadinha,edm,67,0
Take The Money And Run,Steve Miller Band,rock,67,1
LUV,Tory Lanez,latin,67,0
Guaya Guaya,Don Omar,latin,67,0
Good Nights (feat. Mascolo),Whethan,pop,67,1
"River - Recorded At RAK Studios, London",Sam Smith,r&b,67,1
Never Give Up,Sia,pop,67,0
Mensagem Só de Ida (feat. Maiara & Maraisa) - Ao Vivo,Yasmin Santos,edm,67,0
Never Alone,Felix Jaehn,latin,67,0
2 / 14,The Band CAMINO,pop,67,0
The Pot,TOOL,rock,67,0
Issues/Hold On,Teyana Taylor,r&b,67,1
Something's Got To Give,Labrinth,r&b,67,0
Los Malaventurados No Lloran,PXNDX,rock,67,0
My Love Is Your Love,Whitney Houston,r&b,67,1
"I Need a Girl, Pt. 2 (feat. Loon, Ginuwine & Mario Winans)",Diddy,r&b,67,1
Violeta,IZ*ONE,pop,67,0
Moon,Kid Francescoli,edm,67,1
Black Betty,Ram Jam,rock,67,0
Only Child,Tierra Whack,r&b,67,1
Hail Mary,Makaveli,rap,67,0
Wrong Side of Heaven,Five Finger Death Punch,rock,67,0
Cut the Cord,Shinedown,rock,67,0
Como Antes (feat. Wisin),Yandel,latin,67,0
Where Ya At,Future,rap,67,1
Eye In The Sky,The Alan Parsons Project,rock,67,1
O Brasil Tem Que Te Ver (feat. MC Kevinho),Turma do Pagode,edm,67,0
Do You Remember,Jay Sean,latin,67,0
Chelsea Dagger,The Fratellis,rock,67,0
Lover Boy,Phum Viphurit,pop,67,1
Your Side Of The Bed,Loote,pop,67,0
Isso Que é Vida,Dennis DJ,edm,67,0
Bumbum Ignorante,Dennis DJ,edm,67,0
Would You Ever,Skrillex,latin,67,0
Tennis Court,Lorde,latin,67,0
Given Up,Linkin Park,rock,67,0
No Control,One Direction,pop,67,0
One Less Lonely Girl,Justin Bieber,latin,67,0
YOUTH,Troye Sivan,edm,67,0
TE SUPERÉ,Becky G,rap,67,0
Patience,Guns N' Roses,rock,67,1
This Is War,Thirty Seconds To Mars,rock,67,0
"Shaitan Ka Saala (From ""Housefull 4"")",Sohail Sen,latin,67,0
Deep,Summer Walker,r&b,67,1
Ya No Más,Nacho,rap,67,0
Teenage Dirtbag,Wheatus,rock,67,0
Girl,The Internet,r&b,67,1
No Te Hagas,Jory Boy,latin,67,0
Hell N Back,Bakar,r&b,67,0
Simmer (feat. Burna Boy),Mahalia,r&b,67,0
F You I Love You (feat. Teyana Taylor),KYLE,r&b,67,1
Faithfully,Journey,rock,67,0
Fangirl,Lil Peep,r&b,67,0
Zun Da Da,Zion,latin,67,0
Skin,Dijon,pop,67,0
Preach,John Legend,pop,67,0
Maybe I’m Amazed - Remastered 2011,Paul McCartney,rock,67,1
Yo Tengo una Gata,Ozuna,latin,67,0
It's The End Of The World As We Know It (And I Feel Fine),R.E.M.,rock,67,0
Provider,Frank Ocean,r&b,67,1
So Gone,Monica,r&b,67,1
Save The World,Swedish House Mafia,pop,67,0
"Vuela, Vuela (Voyage, Voyage)",Magneto,latin,67,0
Du hast,Rammstein,rock,67,0
She Wolf (Falling to Pieces) (feat. Sia),David Guetta,pop,67,0
Last Request,Paolo Nutini,rock,67,0
Passin' Me By,The Pharcyde,rap,67,0
Ramayama,Don Omar,latin,67,0
All Night (BTS World Original Soundtrack) [Pt. 3],BTS,r&b,67,0
Retrograde,James Blake,r&b,67,1
Buttercup,Hippo Campus,pop,67,0
Backseat Freestyle,Kendrick Lamar,rap,67,0
Fotografía,Juanes,latin,67,0
Pasos de cero,Pablo Alborán,latin,67,0
FIND HIM!,Comethazine,rap,67,1
Want Beef?,YSN Flow,rap,67,1
XXX. FEAT. U2.,Kendrick Lamar,rap,67,0
Rainman,Tymek,rap,67,0
"Rhythm Is A Dancer - 7"" Edit",SNAP!,pop,67,1
Humanos a Marte,Chayanne,latin,67,0
Mi Verdad (feat. Shakira),Maná,latin,67,1
CASH COW,NGHTMRE,rap,67,0
Costa Rica,Bankrol Hayden,rap,67,1
Me Voy,Rombai,latin,67,0
Dedication (feat. Kendrick Lamar),Nipsey Hussle,rap,67,0
It Runs Through Me,Tom Misch,r&b,67,1
Turning Up,ARASHI,latin,67,0
8 Parche,Baani Sandhu,latin,67,0
Bad To The Bone,George Thorogood & The Destroyers,rock,67,0
Maldita Abusadora,Paulo Londra,r&b,67,1
Without You (feat. Usher),David Guetta,edm,67,0
Scars,I Prevail,rock,67,0
Out of My League,Fitz and The Tantrums,pop,67,0
Sexy And I Know It,LMFAO,pop,67,0
Born To Be Wild - Single Version,Steppenwolf,rock,67,1
Fat Bottomed Girls - 2011 Remaster,Queen,rock,67,0
Te Olvidaré,MYA,latin,67,0
Llégale,Lunay,latin,67,0
Cold,Crossfade,rock,67,0
dork,Sueco the Child,edm,67,1
"Domingo (Reykon, Cosculluela, Greeicy & Rauw Alejandro) - Remix",Reykon,latin,67,0
Bella Ciao,Hardwell,edm,67,0
I'm Sprung,T-Pain,r&b,67,1
Tu Recuerdo (feat. La Mari De Chambao & Tommy Torres) - MTV Unplugged Version,Ricky Martin,latin,67,0
Be Your Friend‬‬,Vigiland,pop,67,0
Beautiful People (feat. Khalid) - Jack Wins Remix,Ed Sheeran,edm,67,0
"This Ain't A Scene, It's An Arms Race",Fall Out Boy,rock,67,0
Someone You Loved - Madism Radio Mix,Lewis Capaldi,latin,67,1
Chan Chan,Buena Vista Social Club,r&b,67,1
Não Dá Mais,Mc Don Juan,rap,67,1
Weste Weiß,EREN CAN,rap,67,0
Sweet Dreams (Are Made of This),Winati,pop,67,1
The Blower's Daughter,Damien Rice,r&b,67,1
Killer Queen - 2011 Mix,Queen,rock,67,0
A Tu Manera [CORBATA],Sofia Reyes,latin,67,0
Photograph,Nickelback,rock,67,0
"oh, mexico",Jeremy Zucker,pop,67,1
You Make Me,Avicii,pop,67,0
All Night Long,Jonas Blue,edm,67,0
Roll Some Mo (feat. Ty Dolla $ign & Wale) - Remix,Lucky Daye,r&b,67,0
Asesina - Original mix,Brytiago,latin,67,0
Rap Saved Me,21 Savage,rap,67,1
The First One,Astrid S,pop,67,1
Waste A Moment,Kings of Leon,rock,67,0
right here,keshi,r&b,67,1
Vivir Bailando,Silvestre Dangond,latin,67,0
Movements,Pham,pop,67,1
Glock (feat. DrefGold & Giaime),Dark Polo Gang,rap,67,1
Cometa (feat. Dosseh),Izi,rap,67,0
Take Me Home Tonight,Eddie Money,rock,67,0
Coming Home,Leon Bridges,r&b,67,1
Hey,Pixies,rock,67,1
2 On,Tinashe,r&b,67,1
Hot for Teacher - 2015 Remaster,Van Halen,rock,67,0
Hell Bound - Ad 01,Vince Staples,rap,67,0
Me Negaram Amor,Cynthia Luz,rap,67,1
PIENSO EN TU MIRÁ - Cap.3: Celos,ROSALÍA,r&b,67,0
Glory Days,Bruce Springsteen,rock,67,0
American Woman - Remastered,The Guess Who,rock,67,0
Esagono (feat. Salmo),Gemitaiz,rap,67,0
feel something,Bea Miller,pop,67,1
Only Love,Deepend,latin,67,0
Sonnentanz - Sun Don't Shine,Klangkarussell,latin,67,1
Red Room,Offset,rap,67,1
Confessions Part II - Confessions Special Edition Version,Usher,r&b,67,0
This Town (feat. Sasha Sloan),Kygo,pop,67,1
I Stand Alone,Godsmack,rock,67,0
London,AJ x Deno,rap,67,0
Nights In White Satin - Single Version / Mono Mix,The Moody Blues,rock,67,1
No Dejes Que...,Caifanes,rock,67,0
Falling For Boys,Julia Michaels,pop,67,1
Tough (feat. Noah Kahan),Quinn XCII,pop,67,1
APESHIT,The Carters,rap,67,0
(Your Love Keeps Lifting Me) Higher & Higher,Jackie Wilson,r&b,67,0
I Hate Myself for Loving You,Joan Jett & The Blackhearts,rock,67,0
Bandoleros,Don Omar,latin,67,0
Addicted To Love,Robert Palmer,rock,67,1
Colourblind,Tones and I,pop,67,1
Easy Love,Sigala,latin,67,0
Ya Kidding,FISHER,edm,67,0
Jesteś ładniejsza niż na zdjęciach (na zawsze),Bedoes,rap,67,1
Children,Robert Miles,pop,67,0
Save Me (feat. MKLA),Vintage Culture,pop,67,1
Show Me Love - EDX Remix / Radio Edit,Sam Feldt,pop,67,0
Poppin' Them Thangs,G-Unit,rap,67,0
Right Thurr,Chingy,rap,67,0
The Spirit Of Radio,Rush,rock,67,0
Touch Me,The Doors,rock,67,0
Ex-Factor,Ms. Lauryn Hill,r&b,67,0
Body - Dzeko Remix,Loud Luxury,edm,67,0
Domenica,Coez,r&b,67,0
Don't Stop - 2004 Remaster,Fleetwood Mac,rock,67,0
Higher,Creed,rock,67,0
Menage A Trois,LIZOT,edm,67,0
Hate Me - R3HAB Remix,Ellie Goulding,edm,67,0
Gone Too Long,Cat Dealers,edm,67,0
BMO,Ari Lennox,r&b,67,0
Starry Night,Mamamoo,pop,67,0
Mademoiselle,Sfera Ebbasta,r&b,67,0
The Flute Song,Russ,rap,67,1
¿Qué Tengo Que Hacer?,Daddy Yankee,latin,67,0
Sale (feat. Shari),Benji & Fede,r&b,67,1
C'est la vie,Achille Lauro,r&b,67,1
Na Onda,Orochi,rap,67,1
Love And Choppa,NGC Daddy,rap,67,1
Olha Pro Oclin,Sidoka,rap,67,1
Sessão do Descarrego,Filipe Ret,rap,67,0
Morir Solo,Prince Royce,latin,67,0
Qué Precio Tiene el Cielo - Salsa Version,Marc Anthony,latin,67,0
London Town,Branco,rap,67,1
Supalonely,BENEE,pop,67,0
Waves (feat. 6LACK),Normani,r&b,67,1
It's Gotta Be You,Isaiah,latin,67,0
Vem Cá,Altamira,r&b,67,1
Drop It Like It's Hot,Snoop Dogg,r&b,67,0
Play That Funky Music,Wild Cherry,r&b,67,1
Magnifico difetto,Benji & Fede,r&b,67,1
Playa,Baby K,r&b,67,0
Shortie Like Mine,Bow Wow,r&b,67,0
Hábitos,Arcangel,latin,67,0
Nosso Plano,Tribo da Periferia,r&b,67,1
Burnin' for You,Blue Öyster Cult,rock,67,0
Obsessed,Mariah Carey,r&b,67,0
The Violence,Asking Alexandria,rock,67,0
Memories - Dillon Francis Remix,Maroon 5,edm,67,0
Can I Have This Dance - Original Version,High School Musical Cast,pop,67,0
Dear No One,Tori Kelly,pop,67,0
Tell Em I'm Doing Eetswa,Hooligan Hefs,rap,67,0
West End Girls - 2001 Remaster,Pet Shop Boys,rock,67,0
God's Gonna Cut You Down,Marilyn Manson,rock,67,0
7 Chamadas,Vitão,r&b,67,0
Replay,Zendaya,pop,67,0
Wschód (lubię zapierdalać),Bedoes,rap,67,0
Bipolar,Chris Jeday,rap,67,0
Fever,GFRIEND,pop,67,0
NADA FÁCIL,Luccas Carlos,r&b,67,1
You Make Me Wanna...,Usher,r&b,67,0
badwine - Extended Remix,Feid,latin,67,0
Studio,ScHoolboy Q,rap,67,0
Plaqtudum,Recayd Mob,rap,67,0
Forever,Drake,rap,67,0
Freed from Desire (feat. Indiiana),Drenchill,edm,67,0
Bigmouth Strikes Again - 2011 Remaster,The Smiths,rock,67,0
Sigues Preguntando - Remix,Alex Rose,rap,67,1
Hotel Walls,Smith & Thell,r&b,67,0
Dead Eyes,Promoting Sounds,rap,67,0
Top,Lil Uzi Vert,rap,67,0
At My Weakest,James Arthur,r&b,67,1
Eyes Without A Face,Billy Idol,rock,67,0
Bed,J. Holiday,r&b,67,0
DomDoen,Henkie T,latin,67,0
The Fear,The Score,rap,67,0
Coño,Puri,latin,67,0
Body On My,Loud Luxury,pop,67,0
I Don't Care (with Justin Bieber) - Loud Luxury Remix,Ed Sheeran,pop,66,0
"Shell Shocked (feat. Kill The Noise & Madsonik) - From ""Teenage Mutant Ninja Turtles""",Juicy J,rap,66,0
La Bilirrubina - En Vivo Estadio Olímpico De República Dominicana/2012,Juan Luis Guerra 4.40,latin,66,0
South of the Border (feat. Camila Cabello & Cardi B) - Andy Jarvis Remix,Ed Sheeran,pop,66,0
Ayy Ladies,Travis Porter,rap,66,0
Rehén,Arcangel,rap,66,0
She's So Gone,Naomi Scott,pop,66,0
"Me, Myself and I",Beyoncé,r&b,66,1
A-Team,Travis Scott,rap,66,0
Sofia,Alvaro Soler,latin,66,0
Non-Stop,Leslie Odom Jr.,pop,66,1
Not Ok - Frank Walker Remix,Kygo,edm,66,0
Stay Flo,Solange,r&b,66,1
La Câlin,Serhat Durmus,rap,66,1
Calm Down,G-Eazy,rap,66,0
Say My Name (feat. Zyra),ODESZA,edm,66,0
Let Me Die,Lil Happy Lil Sad,rap,66,1
How Do You Want It,2Pac,rap,66,0
Cranes in the Sky,Solange,r&b,66,1
No Cryin (feat. Future),dvsn,r&b,66,0
Hacer El Amor Con Otro,Alejandra Guzman,latin,66,1
Ignite (feat. SEUNGRI),K-391,edm,66,0
KEKE,6ix9ine,rap,66,0
Me Dijeron,Ozuna,latin,66,0
Letting Go,Hogland,edm,66,0
This Year's Love,David Gray,rock,66,1
I Love It (feat. Charli XCX) - Original Version,Icona Pop,pop,66,0
SUPERPOSITION,Daniel Caesar,r&b,66,1
Push My Luck,The Chainsmokers,pop,66,0
Bailame Así,Myke Towers,rap,66,0
Champagne Supernova - Remastered,Oasis,rock,66,0
Younger - Kygo Remix,Seinabo Sey,latin,66,1
im so sick of this,guccihighwaters,rap,66,1
Waterloo Sunset - Mono Mix,The Kinks,rock,66,0
Loco por Verte,Los Hitmen,rap,66,0
At The Club,Jacquees,r&b,66,0
Unity,Dimitri Vegas & Like Mike,edm,66,0
Vibin' Out with ((( O ))),FKJ,r&b,66,1
Tokyo Drift,KVSH,edm,66,0
Gangsta Nation,Westside Connection,rap,66,0
La Boda,Aventura,latin,66,0
Swish,Mike Stud,rap,66,1
Banana Clip,Miguel,r&b,66,0
Peligrosa,J Balvin,latin,66,0
No Soy Yo,Emilia,latin,66,0
Without Me - ILLENIUM Remix,Halsey,rap,66,0
Be Your Man,Rhys Lewis,r&b,66,1
Mis Días Sin Ti,Rauw Alejandro,latin,66,1
Romeo y Julieta,Paulo Londra,rap,66,0
You And I,LÉON,pop,66,0
Coffee and TV,Blur,rock,66,0
Collateral Damage,Burna Boy,latin,66,0
Joker And The Thief,Wolfmother,rap,66,0
Drive,Oh Wonder,pop,66,1
Hallelujah,Leonard Cohen,rock,66,1
Anaconda,Nicki Minaj,rap,66,0
I Could Be The One (Avicii Vs. Nicky Romero) - Radio Edit,Avicii,edm,66,0
Crystalised,The xx,pop,66,1
Yo Voy (feat. Daddy Yankee),Zion & Lennox,latin,66,0
Sola,Manuel Turizo,latin,66,0
Slow,SHY Martin,edm,66,1
Peanut Butter Jelly,Galantis,pop,66,0
All In My Head (Flex) (feat. Fetty Wap),Fifth Harmony,pop,66,0
Skyscraper,Demi Lovato,edm,66,0
Hate To Say I Told You So,The Hives,rock,66,0
Alone (feat. Anjulie & Jeffrey Jey),Marnik,edm,66,0
As Far as Feelings Go,Alle Farben,latin,66,0
Pretty Pimpin,Kurt Vile,pop,66,0
Bongo Bong,Manu Chao,latin,66,1
Payasos,Romeo Santos,latin,66,0
Too Little Too Late - 2018,JoJo,pop,66,0
NICKI,Trill Pem,rap,66,0
Bomb Bomb,KARD,pop,66,0
We Belong,Pat Benatar,pop,66,1
No Regrets (feat. Krewella),KSHMR,edm,66,0
Desde el Corazón,Bad Bunny,rap,66,0
The Boy Is Mine,Brandy,r&b,66,1
Dangerous (feat. Sam Martin),David Guetta,pop,66,0
Movie,Tom Misch,r&b,66,1
Don't Worry (with Ray Dalton) - Radio Edit,Madcon,pop,66,0
Así Es la Vida,Elefante,latin,66,0
Leave a Light On,Tom Walker,r&b,66,0
Grind with Me,Pretty Ricky,r&b,66,0
Don't Mind,Kent Jones,rap,66,0
Engineers,Hp Boyz,rap,66,1
Every You Every Me,Placebo,rock,66,0
Habits of My Heart - EP Version,Jaymes Young,pop,66,1
Silvertongue,Young the Giant,pop,66,0
Fluorescent Adolescent,Arctic Monkeys,pop,66,0
Ánimo (feat. Duki & Midel),Khea,rap,66,0
Complicated (feat. Kiiara),Dimitri Vegas & Like Mike,edm,66,0
The Code,The Game,rap,66,0
Never Gonna Give You Up,Rick Astley,pop,66,0
Sígueme - Remix,Feid,latin,66,1
Recuerdos,Juhn,latin,66,0
What Is Life,George Harrison,rock,66,0
RENT FREE,Russ,rap,66,1
Straight to Hell,Ozzy Osbourne,rock,66,0
Show Me The Way,Peter Frampton,rock,66,0
En Tus Planes,David Bisbal,latin,66,0
Pronto Llegará,C. Tangana,latin,66,0
Sexy Movimiento,Wisin & Yandel,latin,66,0
Breathe,The Prodigy,rock,66,0
Weak,SWV,r&b,66,1
Valentine,5 Seconds of Summer,pop,66,0
Blessings,Big Sean,rap,66,1
Undead,Hollywood Undead,rock,66,0
Godspeed,Frank Ocean,r&b,66,1
Hard Knock Life (Ghetto Anthem),JAY-Z,rap,66,0
Mac 10,Trippie Redd,rap,66,0
Not So Bad (feat. Emie),Yves V,edm,66,0
Dior (feat. Gunna),Moneybagg Yo,r&b,66,0
Tony Montana,Mr Eazi,rap,66,0
In Mezzo A Questo Inverno,Tiziano Ferro,r&b,66,1
Zum Zum,Daddy Yankee,latin,66,0
Come Undone,Duran Duran,rock,66,0
Stranglehold,Ted Nugent,rock,66,0
Lullaby,Sigala,pop,66,0
Creep,TLC,r&b,66,1
Black or White,Michael Jackson,r&b,66,0
I'd Love To Change The World - Matstubs Remix,Jetta,rap,66,0
Poison,Bell Biv DeVoe,r&b,66,0
Heads Will Roll,Yeah Yeah Yeahs,pop,66,0
Me Enamoré De Ti,David Bisbal,latin,66,1
Champagne & Sunshine (Ellusive Remix),PLVTINUM,r&b,66,0
Pinky Ring - Remix,Miky Woodz,rap,66,1
The Day You Said Goodnight,Hale,rock,66,1
You'll Never Find Me,Korn,rock,66,0
The Way (feat. Chance the Rapper),Kehlani,r&b,66,1
A$AP,Dillom,rap,66,0
Cool with You,Her's,rock,66,0
Będzie Lepiej,Miyo,latin,66,0
The Love Club,Lorde,pop,66,1
Insane,Ofenbach,pop,66,0
Lento,Julieta Venegas,latin,66,0
Verden Vender,Branco,rap,66,0
I'm Coming Out,Diana Ross,r&b,66,0
Suite: Judy Blue Eyes - Remastered,"Crosby, Stills & Nash",rock,66,1
La Ocasión,DJ Luian,rap,66,0
Burn - Confession Special Edition Version,Usher,r&b,66,1
You Can't Always Get What You Want,The Rolling Stones,rock,66,1
Domingo (feat. Cosculluela),Reykon,latin,66,0
"Don't Be Shy Again (From ""Bala"")",Sachin-Jigar,latin,66,0
Llegaste Tú,Luis Fonsi,latin,66,1
Sister Golden Hair,America,rock,66,1
Let Me Hold You (Turn Me On),Cheat Codes,pop,66,0
Working for the Weekend,Loverboy,rock,66,0
Team,Noah Cyrus,r&b,66,1
Sensacion Del Bloque,De La Ghetto,latin,66,0
I Don't Know You,The Marías,rock,66,1
Smooth Operator - Single Version,Sade,r&b,66,0
Proud Mary,Tina Turner,r&b,66,1
I Tuoi Particolari,Ultimo,r&b,66,1
"So Fresh, So Clean",OutKast,rap,66,0
MONSTERS,Shinedown,rock,66,0
Never Be the Same,Camila Cabello,r&b,66,0
Sixteen - Don Diablo Remix,Ellie Goulding,pop,66,0
Play Hard (feat. Ne-Yo & Akon) - New Edit,David Guetta,pop,66,0
Bandito,Enzo Dong,rap,66,0
Ice Tray,Quality Control,rap,66,0
Maria Maria (feat. The Product G&B) - Radio Mix,Santana,r&b,66,0
Quarter Past Midnight,Bastille,pop,66,0
What I Like About You,The Romantics,rock,66,0
It's Still Rock and Roll to Me,Billy Joel,rock,66,0
"Runnin (with A$AP Rocky, A$AP Ferg & Nicki Minaj)",Mike WiLL Made-It,rap,66,0
SICKO MODE - Skrillex Remix,Travis Scott,rap,66,0
Peaches and Cream,112,r&b,66,0
Can We Talk,Tevin Campbell,r&b,66,0
Nothing Breaks Like a Heart - Don Diablo Remix,Mark Ronson,edm,66,0
One Thing Right - Firebeatz Remix,Marshmello,edm,66,0
Let It All Go,Birdy,pop,66,1
What's My Name,China Anne McClain,pop,66,0
Protect Ya Neck,Wu-Tang Clan,rap,66,0
Way Back Home,SHAUN,pop,66,0
HIT,SEVENTEEN,pop,66,0
Jump,Kris Kross,r&b,66,0
Yarim,Hasibe,latin,66,0
You Can't Save Me,SiR,r&b,66,0
Startender (feat. Offset and Tyga),A Boogie Wit da Hoodie,r&b,66,0
Doctor My Eyes,Jackson Browne,rock,66,1
Hanggang Kailan - Umuwi Ka Na Baby,Orange & Lemons,rock,66,0
Changes - 2015 Remaster,David Bowie,rock,66,1
State of My Head,Shinedown,rock,66,0
Kill My Mind,Louis Tomlinson,pop,66,0
Head In The Clouds,88rising,r&b,66,1
Once In a While,Timeflies,pop,66,0
Oh! Sweet Nuthin' - 2015 Remastered,The Velvet Underground,rock,66,1
Notorious Thugs - 2014 Remaster,The Notorious B.I.G.,rap,66,0
Hell on Earth (Front Lines),Mobb Deep,rap,66,0
THAT BITCH,Bea Miller,pop,66,0
BAAM,MOMOLAND,pop,66,0
Maradona y Pelé,Thegiornalisti,r&b,66,0
Ben,Tessa,rap,66,1
Iron Man - 2014 Remaster,Black Sabbath,rock,66,0
Dame Algo,Wisin & Yandel,rap,66,0
Doing To Me,Astrid S,pop,66,0
Flexicution,Logic,rap,66,0
(It Happens) Sometimes,Jack Back,edm,66,0
Scotty Doesn't Know,Lustra,rock,66,0
Money Trees,Kendrick Lamar,r&b,66,1
Sleep Talking,Charlotte Lawrence,pop,66,0
Seasons (Waiting On You),Future Islands,pop,66,0
Tú,Shakira,latin,66,1
Pale Blue Eyes,The Velvet Underground,rock,66,1
Mayhem,Steve Aoki,edm,66,0
Come Down,Anderson .Paak,r&b,66,0
Tchau Tchau,Henrique & Diego,edm,66,0
Too Close,Ria Mae,edm,66,0
I Swear,All-4-One,r&b,66,1
Everyday We Lit (feat. PnB Rock),YFN Lucci,r&b,66,0
Sound of Madness,Shinedown,rock,66,0
Don't Look Down,Martin Garrix,edm,66,0
Hitboy,Duki,rap,66,0
Love Me Wrong,Allie X,pop,66,1
Forever Young,UNDRESSD,latin,66,0
LTE,$uicideBoy$,rap,66,1
How Bout Now,Drake,r&b,66,1
Querido Amigo,Paulo Londra,rap,66,1
Canopée,Polo & Pan,r&b,66,0
When a Man Loves a Woman,Percy Sledge,r&b,66,1
HANN (Alone),(G)I-DLE,pop,66,0
Renegade,Styx,rock,66,1
Vivere Tutte Le Vite - con Carl Brave,Elisa,r&b,66,0
Honky Tonk Women - Mono Version,The Rolling Stones,rock,66,0
So Far Away,Staind,rock,66,0
Cute Without The 'E' (Cut From The Team),Taking Back Sunday,rock,66,0
MakeDamnSure,Taking Back Sunday,rock,66,0
Beautiful People (feat. Khalid) - NOTD Remix,Ed Sheeran,latin,66,0
Mírame,Nio Garcia,latin,66,0
Madre Tierra (Oye),Chayanne,latin,66,0
"Paint It, Black - Mono",The Rolling Stones,rock,66,0
The Same Way,Don Diablo,edm,66,0
Wu-Tang Clan Aint Nuthing ta F' Wit,Wu-Tang Clan,r&b,66,1
Time Machine,Alicia Keys,r&b,66,0
Drew Barrymore,SZA,r&b,66,1
Play Hard (feat. Ne-Yo & Akon),David Guetta,edm,66,0
I Know What You Want (feat. Flipmode Squad),Busta Rhymes,r&b,66,0
Just a Little Longer,SHY Martin,pop,66,0
Sweet Little Lies,bülow,pop,66,0
Superlove (feat. Oh Wonder),Whethan,pop,66,1
Sola,Luis Fonsi,latin,66,1
Turning Tables,Adele,r&b,66,1
Be Someone,CamelPhat,pop,66,0
Funeral,Miguel,r&b,66,1
Hotter Than Hell,Dua Lipa,pop,66,0
Home P*ssy,D-Block Europe,r&b,66,0
Legendary (feat. Gunna),Tyga,r&b,66,0
Nobody,Martin Jensen,pop,66,0
Lemon,N.E.R.D,r&b,66,0
Don't Worry (feat. Aloe Blacc),Mesto,edm,66,0
Where The Hood At,DMX,rap,66,0
Kathleen,Catfish and the Bottlemen,rock,66,0
N.Y. State of Mind,Nas,rap,66,0
Sorriso (Milano Dateo),Calcutta,r&b,66,1
OTRO CHEKE,Rels B,rap,66,0
"Para, Money, E's",JIGGO,rap,66,1
The Village,Wrabel,pop,66,1
Gold,Spandau Ballet,rock,66,0
Stranger Things (feat. OneRepublic),Kygo,latin,66,0
If You're Gonna Lie,FLETCHER,pop,66,0
Less Than I Do,The Band CAMINO,pop,66,0
Fire Away,Chris Stapleton,r&b,66,1
Hallucinogenics,Matt Maeson,pop,66,1
Don't Cha,The Pussycat Dolls,r&b,66,0
Congratulations,pewdiepie,pop,66,0
For A Better Day,Avicii,pop,66,0
Breathe (feat. Ina Wroldsen),Jax Jones,pop,66,0
Cryin' Like A Bitch!!,Godsmack,rock,66,0
at least i look cool,Sasha Sloan,pop,66,1
Power,Hardwell,edm,66,0
I Like (feat. WizKid),Kojo Funds,r&b,66,0
My Best Life (feat. Mike Waters) - Club Mix,KSHMR,edm,66,0
Black Widow,Iggy Azalea,pop,66,0
Pensando en Ti,Canserbero,rock,66,0
crash my whip,iann dior,rap,66,1
Suena Mamal***,Cartel De Santa,rap,66,0
Stop This Flame,Celeste,r&b,66,0
I Sat By The Ocean,Queens of the Stone Age,rock,66,0
I Don't Want to Talk About It - 2008 Remaster,Rod Stewart,rock,66,1
Memories (feat. Kid Cudi),David Guetta,rap,66,0
Die MF Die,Dope,rock,66,0
What Have I Done,Dermot Kennedy,r&b,66,0
Still Beating,Mac DeMarco,pop,66,1
Temporal,Ozuna,latin,66,0
What Do You Mean?,Skepta,rap,66,0
Barefoot In The Park (feat. ROSALÍA),James Blake,r&b,66,1
It's Time,Imagine Dragons,pop,66,0
Niña Bonita,Chino & Nacho,latin,66,0
YOU'RE THE ONE,KAYTRANADA,r&b,66,1
Sounds Of The Skeng,Stormzy,rap,66,0
Broke Leg (with Quavo & Tyga),Tory Lanez,rap,66,0
Crash into Me,Dave Matthews Band,rock,66,1
One Kiss (with Dua Lipa) - Oliver Heldens Remix,Calvin Harris,edm,66,0
Double Trouble (Quavo feat. Meek Mill),Quality Control,rap,66,0
Comatose,Skillet,rock,66,0
Hangover,Dynoro,edm,66,0
When I Lie,Lil Peep,r&b,66,0
Mona Lisa,Nacho,latin,66,0
Amarillo By Morning,George Strait,latin,66,1
Get the Party Started,P!nk,pop,66,0
Cómo Le Digo,Khea,rap,66,1
Shout At The Devil,Mötley Crüe,rock,66,0
Foreplay,Jalen Santoy,r&b,66,1
Can't Help Falling in Love,Christian Leave,pop,66,1
Jealous Guy - Remastered 2010,John Lennon,rock,66,1
A Day In The Life - Remastered 2009,The Beatles,rock,66,1
Right Now (Na Na Na),Akon,pop,66,0
You Make Me Feel... (feat. Sabi),Cobra Starship,pop,66,0
Oye Mujer,Raymix,latin,66,0
Just the Two of Us (feat. Bill Withers),"Grover Washington, Jr.",pop,66,1
Cara de Diablo,Midel,rap,66,0
No Vaseline,Ice Cube,rap,66,0
American Pie,Xamã,rap,66,1
Middle Finger,Bohnes,pop,66,0
Roads,Vargas & Lagola,pop,66,0
Heat Of The Moment,Asia,rock,66,0
Mamita,CNCO,latin,66,0
Me Reclama,Mambo Kingz,latin,66,0
Fat Bottomed Girls - Remastered 2011,Queen,rock,66,0
"Up Where We Belong - From ""An Officer And A Gentleman""",Joe Cocker,rock,66,1
"I'd Do Anything For Love (But I Won't Do That) - Live From The Beacon Theatre, New York, U.S.A./1995",Meat Loaf,rock,66,1
Older,Shallou,pop,66,1
Joanna (Drogba) - Remix,Afro B,latin,66,0
It Won't Stop (feat. Chris Brown),Sevyn Streeter,r&b,66,1
Just A Stranger (feat. Steve Lacy),Kali Uchis,r&b,66,0
Wham Bam Shang-A-Lang,Silver,rock,66,0
The Way It Is,Bruce Hornsby,rock,66,1
Safari Song,Greta Van Fleet,rap,66,0
We Ball,Ace Hood,rap,66,1
Sleep Now In the Fire,Rage Against The Machine,rap,66,0
Bad (feat. Vassy) - Radio Edit,David Guetta,edm,65,0
It's Goin' Down (feat. Nitti),Yung Joc,rap,65,0
Surfer,Be Vis,rap,65,1
Champion Of Death,$uicideBoy$,rap,65,0
The Best,AWOLNATION,rock,65,0
She Doesn't Mind,Sean Paul,latin,65,0
Hurt Somebody,Noah Kahan,r&b,65,0
S.O.S.,Jonas Brothers,pop,65,0
When The Curtain Falls,Greta Van Fleet,rap,65,0
Tu Cariñito,Puerto Rican Power,latin,65,0
Love The Way You Lie (Part II) - Pt. 2,Rihanna,pop,65,0
Cherry Pie,Warrant,pop,65,0
Doble Cara,Arcangel,latin,65,1
Ontas? - Remix,Alex Rose,latin,65,0
Best Friend,Young Thug,rap,65,0
"Freitag, Samstag",Harris & Ford,edm,65,0
Almeda,Solange,r&b,65,0
"Please, Please, Please, Let Me Get What I Want - 2011 Remaster",The Smiths,rock,65,1
The Sound,The 1975,pop,65,0
Blood - Remix,Moonkey,rap,65,0
Carnival - Dimitri Vegas & Like Mike Edit,Timmy Trumpet,edm,65,0
Superstar,Lupe Fiasco,rap,65,0
All About U,2Pac,rap,65,0
Russian Roulette,Rihanna,latin,65,1
En La Cama (feat. Daddy Yankee),Nicky Jam,latin,65,0
Finest Hour (feat. Abir),Cash Cash,edm,65,0
Losing You,boy pablo,pop,65,0
Te Quiero Pa´Mi,Don Omar,latin,65,0
Inside Out,Eve 6,rock,65,0
Holy Diver,Dio,rock,65,0
Qué Hay de Malo,Jerry Rivera,latin,65,1
Pa' Que La Pases Bien,Arcangel,latin,65,0
Beautiful Escape,Tom Misch,pop,65,1
Take It On the Run,REO Speedwagon,rock,65,0
All Star,Mike Perry,latin,65,0
The Wall,Alok,pop,65,0
If You Can't Hang,Sleeping With Sirens,pop,65,0
Valerie,Steve Winwood,rock,65,1
No Goodbye,Paul Kalkbrenner,edm,65,0
Ain't Talkin' 'Bout Love - 2015 Remaster,Van Halen,rock,65,0
D'yer Mak'er - Remastered,Led Zeppelin,rock,65,0
You Got Me,The Roots,latin,65,1
Why Can't This Be Love,Van Halen,rock,65,1
Él Era Perfecto - En Vivo,María José,latin,65,0
The Fox (What Does the Fox Say?),Ylvis,pop,65,0
El Duelo (feat. Ely Guerra),La Ley,latin,65,1
Kissing Strangers,DNCE,pop,65,0
Sultans of Swing,Dire Straits,rock,65,0
El Telefono,"Héctor ""El Father""",latin,65,0
Why We Lose,Cartoon,edm,65,0
Climax (feat. 6lack),Young Thug,r&b,65,1
raingurl,Yaeji,pop,65,0
Loca,Shakira,latin,65,0
I'm Blue - Club Mix,Kush Kush,edm,65,0
El Perdedor,Maluma,latin,65,0
A Big World,Joel Adams,pop,65,1
Tell It to My Heart,Taylor Dayne,latin,65,0
Bark at the Moon,Ozzy Osbourne,rock,65,0
MMMBop,Hanson,rock,65,0
Confidently Lost,Sabrina Claudio,r&b,65,1
1998 (mam to we krwi),Bedoes,rap,65,1
Half Gone,Stephen Puth,pop,65,0
No Woman,Whitney,pop,65,1
Gone Away,Five Finger Death Punch,rock,65,0
Time of Dying,Three Days Grace,rock,65,0
Pa' Lante,Alex Sensation,latin,65,0
School's Out,Alice Cooper,rock,65,0
Enseñame a Soñar - Original Mix,DJ Goozo,latin,65,0
Alarm,Anne-Marie,pop,65,0
Back That Azz Up,Juvenile,rap,65,0
85%,Loote,pop,65,1
Azul,Cristian Castro,latin,65,0
Hypnotized (feat. Akon),Plies,rap,65,0
Spaceship (feat. Uffie) - MOTi Remix,Galantis,edm,65,0
Heaven's On Fire,KISS,rock,65,0
Can't C Me,2Pac,rap,65,0
Ascension (Don't Ever Wonder),Maxwell,r&b,65,1
Many Men (Wish Death),50 Cent,rap,65,0
Audi II,Smokepurpp,rap,65,0
Steady Mobbin,Young Money,rap,65,0
My Chick Bad,Ludacris,r&b,65,0
No Eyes - Radio Edit,Claptone,edm,65,1
Big in Japan,Alphaville,pop,65,1
E.T.,Katy Perry,edm,65,0
Split (Only U) - Radio Edit,Tiësto,edm,65,0
Our House,Madness,rock,65,0
If I Can't,50 Cent,rap,65,0
Damselfly,Loyle Carner,r&b,65,1
Tribute,Tenacious D,rock,65,0
sunny,j'san,rap,65,1
Sobrenatural,Juan Magán,latin,65,0
Grey Luh,Berhana,r&b,65,1
Rockin' in the Free World,Neil Young,rock,65,0
Opowieści z Doliny Smoków,Bedoes,rap,65,1
Love 66,Mc Davi,rap,65,1
Feel Good,Felix Jaehn,pop,65,0
Often - Kygo Remix,The Weeknd,latin,65,1
Cold Cold Man,Saint Motel,rock,65,0
Bandz A Make Her Dance (feat. Lil' Wayne & 2 Chainz),Juicy J,rap,65,0
Gang Related,Logic,rap,65,0
Ipocondria,Ultimo,r&b,65,1
Stanza Singola (feat. Tommaso Paradiso),Franco126,r&b,65,1
La Carretera,Prince Royce,latin,65,0
Crash My Car,COIN,pop,65,0
New Choppa,Playboi Carti,rap,65,0
Prrrum,Cosculluela,latin,65,0
Cómo Dímelo,Nicki Nicole,rap,65,1
Nice To Meet Ya - Diplo Remix,Niall Horan,edm,65,0
Undisclosed Desires,Muse,rock,65,0
Porsche,Sidoka,rap,65,0
"100 Bands (feat. Quavo, 21 Savage, YG & Meek Mill)",Mustard,r&b,65,1
California,Hot Shade,pop,65,0
RAF,A$AP Mob,rap,65,1
Eight Days A Week - Remastered 2009,The Beatles,rock,65,1
Fallen Leaves,Billy Talent,rock,65,0
Dreamin (with blackbear),The Score,pop,65,0
Just Got Paid,Sigala,pop,65,0
GUMMY,BROCKHAMPTON,r&b,65,0
Perriando,Reykon,latin,65,0
Dhakka,Sidhu Moose Wala,rap,65,0
GTA,Standart Skill,rap,65,0
Santa María (Feat. Busy Signal),Bad Gyal,latin,65,0
Got Friends,GoldLink,r&b,65,0
Everybody Talks,Neon Trees,latin,65,0
Novocaine,The Unlikely Candidates,pop,65,0
So Fresh,Paulo Londra,rap,65,0
Because the Night,Patti Smith,rock,65,0
Again,Wun Two,latin,65,1
Something Real,Armin van Buuren,pop,65,0
Stand By Me - Remastered,John Lennon,rock,65,1
Ni Gucci Ni Prada - Remix,Kenny Man,latin,65,0
Deberías Estar Aquí,Río Roma,latin,65,0
Acid Dreams,MAX,pop,65,0
Interstellar,Arbour,rap,65,1
Greyhound,Swedish House Mafia,edm,65,0
Volver a Verte (feat. Cali y El Dandee),Fonseca,latin,65,0
Manto Estelar,Mœnia,pop,65,0
Blurry,Puddle Of Mudd,rock,65,0
Mientes Tan Bien,Sin Bandera,latin,65,1
Cuando Me Enamoro,Enrique Iglesias,latin,65,0
Amores extraños - Versión 2001,Laura Pausini,latin,65,1
Bandolera,Anuel AA,latin,65,0
Dance With The Devil,Breaking Benjamin,rock,65,0
Still Not a Player (feat. Joe) - Radio Version,Big Pun,rap,65,0
Gimme! Gimme! Gimme!,GAMPER & DADONI,latin,65,0
Always in My Head,Coldplay,rock,65,1
Right Down the Line,Gerry Rafferty,rock,65,1
Barbie Tingz,Nicki Minaj,r&b,65,0
Pjanoo - Radio Edit,Eric Prydz,edm,65,0
Percocet - Remix,Alex Rose,rap,65,1
Black Magic Woman - Single Version,Santana,rock,65,1
Lovesong - Remastered,The Cure,rock,65,0
Pega Pega,"Tito ""El Bambino""",latin,65,0
Let's Dance - 2002 Remaster,David Bowie,r&b,65,0
El Chivo (feat. T3r Elemento),Berner,rap,65,0
Step Harder,Yungeen Ace,edm,65,0
Magbalik,Callalily,rock,65,1
Permitame (feat. Yandel),Tony Dize,latin,65,0
GPS,Maluma,rap,65,0
Judith,A Perfect Circle,rock,65,0
Jolene,Ray LaMontagne,r&b,65,1
Summer Love - Recorded at Spotify Studios NYC,Chelsea Cutler,pop,65,1
Hard in Da Paint,Waka Flocka Flame,rap,65,0
Twinz (Deep Cover 98) (feat. Fat Joe),Big Pun,rap,65,0
m8nstar,tha Supreme,r&b,65,0
On Hold,The xx,pop,65,0
Red Eyes,The War On Drugs,pop,65,0
Baila Baila Baila,Ozuna,latin,65,0
La Vida Entera,Camila,latin,65,1
Alô Som (feat. Maiara & Maraisa) - Ao Vivo,Fernando & Sorocaba,edm,65,0
Enjoy the Silence - Single Mix,Depeche Mode,rock,65,0
Forrest Gump,Frank Ocean,pop,65,1
Absolutely (Story of a Girl) - Radio Mix,Nine Days,rock,65,0
Take It All Back 2.0,Judah & the Lion,pop,65,0
Daylight,Matt and Kim,pop,65,0
Habits (Stay High) - Hippie Sabotage Remix,Tove Lo,edm,65,0
Mama (feat. Ellie Goulding) - Tiësto’s Big Room Remix,Clean Bandit,pop,65,0
Pink Matter,Frank Ocean,r&b,65,1
It's a Sin - 2001 Remaster,Pet Shop Boys,rock,65,0
Upside Down,Diana Ross,r&b,65,0
Can't Take My Eyes off You,Frankie Valli,r&b,65,0
Porsche,Jovem Dex,rap,65,1
Hablar de Ti,Gepe,latin,65,1
Summer,Marshmello,edm,65,0
Out Of This Town,Hardwell,edm,65,0
Enola Gay - Remastered,Orchestral Manoeuvres In The Dark,rock,65,0
Don't Worry Bout Me - Rudimental Remix,Zara Larsson,pop,65,0
La Asesina,Zacarias Ferreira,latin,65,0
One Foot,WALK THE MOON,pop,65,0
Sígueme Y Te Sigo,Daddy Yankee,latin,65,0
Blinding Lights,Lucas Estrada,latin,65,0
Young,The Chainsmokers,pop,65,0
Jekyll and Hyde,Five Finger Death Punch,rock,65,0
I Need A Dollar,Aloe Blacc,pop,65,1
Never Be Like You,Flume,rap,65,1
Sweet but Psycho - Morgan Page Dance Remix,Ava Max,pop,65,0
Disk Me,Pabllo Vittar,latin,65,0
Shed a Light,Robin Schulz,pop,65,0
Criminal,Neo Pistea,rap,65,0
FULL ICE (prod. ORODEMBOW),Ysy A,rap,65,0
Locos Dementes,Gusi,latin,65,0
On Top Of The World,Imagine Dragons,latin,65,0
Say My Name (feat. Bebe Rexha & J Balvin) - Lucas & Steve Remix,David Guetta,edm,65,0
Bailão,Meno Tody,rap,65,0
Knock You Down,Keri Hilson,r&b,65,0
Chillin' Like a Villain,Sofia Carson,pop,65,0
Hold Me Down,Daniel Caesar,r&b,65,1
Valió la Pena - Salsa Version,Marc Anthony,latin,65,0
I'll Be Good,Jaymes Young,pop,65,1
Feeling Good,Muse,rock,65,1
Volví a Nacer,Carlos Vives,latin,65,0
Good Life (with G-Eazy & Kehlani),G-Eazy,pop,65,0
Quem me Colocou pra Beber,Os Barões Da Pisadinha,edm,65,0
Turn Me On,Kevin Lyttle,latin,65,0
Ghost Town,Adam Lambert,pop,65,0
La Demanda,Romeo Santos,latin,65,0
Hoja En Blanco,Monchy & Alexandra,latin,65,0
You're My Best Friend - Remastered 2011,Queen,rock,65,0
Blow Me (One Last Kiss),P!nk,edm,65,0
Sunflower (feat. Steve Lacy),Vampire Weekend,r&b,65,0
Me & You ◑,HONNE,pop,65,1
Teenage Fantasy,Jorja Smith,pop,65,1
Gimme Brain,Travis Barker,rap,65,0
Yo Te Lo Dije,J Balvin,latin,65,0
Por Ley,Anuel AA,rap,65,0
Goodies,Ciara,r&b,65,0
Jenny from the Block (feat. Jadakiss & Styles P.) - Track Masters Remix,Jennifer Lopez,r&b,65,0
Should Have Known Better,Sufjan Stevens,pop,65,1
Nothin' But A Good Time - Remastered 2006,Poison,rock,65,0
Daniel,Elton John,rock,65,1
skeletons,keshi,r&b,65,1
Rip RMX (feat. Shiva),Side Baby,rap,65,1
Nasty Freestyle,T-Wayne,rap,65,0
Nanã,Polo & Pan,pop,65,0
Secrets - Radio Edit,Tiësto,edm,65,0
Check,Young Thug,rap,65,0
Power Up,Red Velvet,pop,65,0
Kochaj Mnie,Szpaku,rap,65,1
Stereo Love - Radio Edit,Edward Maya,pop,65,0
Mind Playing Tricks on Me,Geto Boys,rap,65,1
I Wanna Get Better,Bleachers,pop,65,0
Naagin,Vayu,latin,65,1
Send It,Steve Aoki,edm,65,0
Winter,Khalid,pop,65,0
Lost,End of the World,latin,65,0
Cringe - Stripped,Matt Maeson,r&b,65,1
He Wasn't Man Enough,Toni Braxton,r&b,65,0
No Sleep,Wiz Khalifa,rap,65,0
Big City Life,Mattafix,rap,65,0
Ima Boss (feat. Rick Ross),Meek Mill,rap,65,0
I Wanna Be Sedated - 2002 Remaster,Ramones,rock,65,0
Vete Pa La,Lele Pons,latin,65,0
Mind (feat. Kai),Jack Ü,rap,65,0
Aqualung,Jethro Tull,rock,65,1
Wildest Dreams,Taylor Swift,latin,65,0
Alive (with Offset & 2 Chainz),Lil Jon,rap,65,0
This Is How We Do It,Montell Jordan,r&b,65,0
Age of Consent - 2015 Remaster,New Order,rock,65,0
Cherry Bomb,The Runaways,rock,65,0
Bust Down Deux,Trippie Redd,rap,65,0
Recuérdame,Pablo Alborán,latin,65,1
Goodbye Stranger - 2010 Remastered,Supertramp,rock,65,1
Crazy On You,Heart,rock,65,1
This Is What It Feels Like,Armin van Buuren,pop,65,0
Dreams In A Wraith,Jay Critch,r&b,65,0
Free Youngboy,NLE Choppa,rap,65,0
Fireball (feat. John Ryan),Pitbull,pop,65,0
Bad Bad News,Leon Bridges,r&b,65,0
MIC Drop (feat. Desiigner) [Steve Aoki Remix],BTS,r&b,65,0
Sucker for You,Matt Terry,r&b,65,0
New Shoes,Paolo Nutini,rock,65,0
Soy Peor - Remix,Bad Bunny,latin,65,1
No Effect,Hooligan Hefs,rap,65,0
Vento sulla luna (feat. Rkomi),Annalisa,r&b,65,0
Suena El Dembow,Joey Montana,latin,65,0
Agarrala,Trebol Clan,latin,65,0
Killing Me Slowly,Bad Wolves,rock,65,0
Think About Me,dvsn,r&b,65,1
Forever Young,BLACKPINK,pop,65,0
Seventeen,Sharon Van Etten,r&b,65,0
Lake Of Fire,Nirvana,rock,65,0
"Valerie - Live At BBC Radio 1 Live Lounge, London / 2007",Amy Winehouse,r&b,65,1
Rest My Chemistry,Interpol,rock,65,0
Brass in Pocket - 2006 Remaster,Pretenders,rock,65,0
Untz Untz,Dimitri Vegas & Like Mike,edm,65,0
Tiro de Festim - Ao Vivo,Guilherme & Benuto,edm,65,0
Sara Smile,Daryl Hall & John Oates,rock,65,1
Don’t Call Me Angel (Charlie’s Angels) (with Miley Cyrus & Lana Del Rey),Ariana Grande,r&b,65,0
He Could Be the One,Hannah Montana,pop,65,0
Crashing (feat. Bahari),ILLENIUM,edm,65,0
Litty (feat. Tory Lanez),Meek Mill,rap,65,0
Can't You See,The Marshall Tucker Band,rock,65,0
The Vengeful One,Disturbed,rock,65,0
That's The Way Love Goes,Janet Jackson,r&b,65,0
Oh Boy,Cam’ron,rap,65,0
Aguardiente,Greeicy,latin,65,0
Into My Arms - 2011 Remastered Version,Nick Cave & The Bad Seeds,rock,65,1
Me haces bien,Jorge Drexler,latin,65,1
God Save the Rave,Scooter,edm,65,0
Love U Better (feat. Lil Wayne & The-Dream),Ty Dolla $ign,r&b,65,0
Rain Over Me,Pitbull,latin,65,0
Overthinker,INZO,rap,65,0
Nike Ticks,YNG Martyr,rap,65,1
Breaking the Habit,Linkin Park,rock,65,0
Road,Lane 8,edm,65,1
Roll Some Mo,Lucky Daye,r&b,65,1
Whipped Cream,Ari Lennox,r&b,65,1
Beds Are Burning - Remastered,Midnight Oil,rock,65,1
Where The Streets Have No Name - Remastered,U2,rock,65,0
Breakthrough,TWICE,pop,65,0
On My Own,Austin Moon,pop,65,0
Abusadamente,MC Gustta,rap,65,1
All I Wanna Do,Sheryl Crow,rock,65,1
Happy Kids,John De Sohn,edm,65,0
Happiest Year,Jaymes Young,pop,65,1
You Were Meant For Me,Jewel,rock,65,1
"Bump, Bump, Bump",B2K,r&b,65,0
Vacia Sin Mi,Ozuna,latin,65,0
Paradise,Nicky Romero,edm,65,0
In the Beginning,ONEFOUR,rap,65,0
Prayer Of The Refugee,Rise Against,rock,65,0
Loud Places (feat. Romy),Jamie xx,edm,65,1
"No Me Ignores (with Cazzu & Rauw Alejandro, feat. Myke Towers & Eladio Carrión)",Jay Menez,latin,65,1
Abusadora,Almighty,latin,65,0
Thong Song,Sisqo,r&b,65,0
DESPUES QUE TE PERDI,Jon Z,rap,65,0
Broken Wings,Mr. Mister,pop,65,1
Shimmy Shimmy Ya,Ol' Dirty Bastard,rap,65,1
Dumb Litty,KARD,pop,65,0
Go With The Flow,Queens of the Stone Age,rock,65,0
I Don't Get Tired (#IDGT) (feat. August Alsina),Kevin Gates,rap,65,0
Otra Noche Más - Remix,Jay Wheeler,latin,65,0
Swim Good,Frank Ocean,r&b,65,0
Big Shot (feat. Mustard),O.T. Genasis,rap,65,0
Right Hand Man,Lin-Manuel Miranda,pop,65,1
Rolling Stoned,Upchurch,rap,65,1
South of the Border (feat. Camila Cabello & Cardi B) - Sam Feldt Remix,Ed Sheeran,pop,65,0
OUTTA MY MIND,Monsune,r&b,65,1
Hit 'Em Up - Single Version,2Pac,rap,65,0
El Anillo,Jennifer Lopez,latin,65,0
Dirty Harry,Gorillaz,rock,65,0
Play,Jax Jones,pop,65,0
Apimentadíssima,Dennis DJ,edm,65,0
Jealous,Nick Jonas,edm,65,0
All the Things,Gaullin,edm,65,0
Greatest Love of All,Whitney Houston,rock,65,1
Hearts Ain't Gonna Lie - Eden Prince Remix,Arlissa,pop,65,0
Let's Go (feat. Big D & Twista),Trick Daddy,edm,65,0
Sou Eu,Dennis DJ,edm,65,0
Would You Be So Kind,dodie,pop,65,0
Ruby,Kaiser Chiefs,rock,65,0
Sobrou Silêncio,Rashid,edm,65,0
Love Me,Justin Bieber,latin,65,0
Solid Gold,PNAU,pop,65,0
Don't Start Now - Kungs Remix,Dua Lipa,pop,65,0
Caribbean Thunderstorm,Mother Nature Sound FX,latin,65,1
Got Your Money (feat. Kelis),Ol' Dirty Bastard,rap,65,1
Met Gala (feat. Offset),Gucci Mane,rap,65,0
Therapy,Khalid,r&b,65,1
Pride and Joy,Stevie Ray Vaughan,rock,65,1
Magazine,$uicideBoy$,rap,65,0
All Around The World (La La La) - Marnik Remix,R3HAB,pop,64,0
Mudshovel,Staind,rock,64,0
In Between,Beartooth,rock,64,0
Only You,Frenna,latin,64,0
Photograph,Def Leppard,rock,64,0
Memoirs Of A Gorilla,$uicideBoy$,rap,64,0
Territory,The Blaze,r&b,64,1
Alright,Logic,rap,64,0
Mad World,Tears For Fears,rock,64,0
Love Will Tear Us Apart - 2010 Remaster,Joy Division,rock,64,0
Chemicals,Dean Lewis,r&b,64,1
Reverse (Ft. G-Eazy),Vic Mensa,rap,64,0
Tango,Jovem Dex,rap,64,0
Workin' On It,Meghan Trainor,pop,64,1
Trouble On My Mind,Pusha T,rap,64,0
F.B.G.M.,T-Pain,rap,64,0
Xxplosive,Dr. Dre,rap,64,0
On My Level (feat. Too $hort),Wiz Khalifa,rap,64,1
Like I Used To,Tinashe,r&b,64,1
Hip Hop Hooray,Naughty By Nature,rap,64,1
Robbery,Lime Cordiale,rock,64,0
She (Featuring Frank Ocean),"Tyler, The Creator",r&b,64,0
Smile,Lily Allen,rock,64,0
Secret (feat. YK Osiris),Ann Marie,r&b,64,1
This D.J.,Warren G,rap,64,1
I Wanna Be Sedated,Ramones,rock,64,0
Carry Me Home (feat. Jake Reese),KSHMR,pop,64,0
Taboo,Don Omar,latin,64,0
Wild Things,Alessia Cara,pop,64,0
Canam,Farruko,latin,64,0
4 Seasons,Rex Orange County,pop,64,1
GAMES ON YOUR PHONE,24kGoldn,r&b,64,0
Puff Lah,KAYTRANADA,edm,64,0
Cutting Ties,6LACK,r&b,64,0
DROPPED OUTTA COLLEGE,24kGoldn,r&b,64,1
I Wanna Rock (feat. Gunna),G-Eazy,r&b,64,0
Losing,H.E.R.,r&b,64,1
On My Mind,Ellie Goulding,pop,64,0
Don't Let Me Down - Illenium Remix,The Chainsmokers,edm,64,0
Just,Lane 8,edm,64,1
Estoy Aquí,Shakira,latin,64,0
Buena Vibra,Mario Bautista,latin,64,0
GLOWED UP,KAYTRANADA,pop,64,0
Carillon (with Achille Lauro),Nahaze,pop,64,1
Highway,Cheat Codes,pop,64,0
Icky Thump,The White Stripes,rock,64,0
Firestarter,The Prodigy,rock,64,0
Colpo Grosso,Snik,latin,64,0
Bang My Head (feat. Sia & Fetty Wap),David Guetta,pop,64,0
Hair,Little Mix,pop,64,0
Little Black Submarines,The Black Keys,rock,64,1
So Into You,Tamia,r&b,64,0
Heaven (featuring Do),DJ Sammy,pop,64,0
Only Want You - Sam Feldt Remix,Rita Ora,pop,64,0
Me Beija Com Raiva,Jão,latin,64,0
Salgo Pa' la Calle,Daddy Yankee,latin,64,0
Brzydkie rzeczy,Bedoes,rap,64,1
Good Guy,Frank Ocean,r&b,64,1
Ride Like the Wind,Christopher Cross,rock,64,1
Make It with You,Bread,rock,64,1
How Sweet It Is (To Be Loved by You),James Taylor,rock,64,1
Guitar Man,Bread,rock,64,1
Faces,Knowmadic,rap,64,1
Party We Will Throw Now!,Warren G,rap,64,0
Death & Desire (feat. Harrison),Knife Party,edm,64,0
Poles,Quin Nfn,rap,64,0
I Wanna Know,Joe,r&b,64,0
Don't Mess With My Man (feat. Brian Casey & Brandon Casey),Nivea,r&b,64,0
Hundred Miles,Yall,pop,64,0
Too Close,Next,r&b,64,1
Would I Lie to You - Radio Edit,David Guetta,pop,64,0
Turn Me On (feat. Nicki Minaj),David Guetta,pop,64,0
Ghostbusters,"Ray Parker, Jr.",rock,64,0
Exit Music (For a Film),Radiohead,rock,64,1
When I B On Tha Mic,Rakim,rap,64,0
Free,6LACK,r&b,64,0
Gimme the Loot - 2005 Remaster,The Notorious B.I.G.,rap,64,0
All Over The World,Fedde Le Grand,edm,64,0
Money,Jovem Dex,rap,64,0
The Hell Song,Sum 41,rock,64,0
Noche De Entierro (Nuestro Amor),Daddy Yankee,latin,64,0
Pon de Replay,Ed Marquis,pop,64,0
Um Pôr do Sol Na Praia,Silva,latin,64,1
Pull The Trigger,Russ,r&b,64,1
Fumeteo,Darell,latin,64,0
Live in the Moment,Portugal. The Man,r&b,64,0
Choosy (feat. Jeremih & Davido),Fabolous,latin,64,0
Lloraras,Oscar D'León,latin,64,1
Beautiful Creatures (feat. MAX),ILLENIUM,rap,64,0
Pinocchio,Ron Suno,rap,64,1
"Bitch, Don’t Kill My Vibe",Kendrick Lamar,r&b,64,0
Picky,Joey Montana,latin,64,0
Una Mujer,De La Ghetto,latin,64,0
Mc Drive (feat. Shiva),MamboLosco,rap,64,0
Toradol,Gemitaiz,rap,64,0
"My Love (feat. Major Lazer, WizKid, Dua Lipa)",Wale,pop,64,0
MOOD 4 EVA (feat. Oumou Sangaré),Beyoncé,r&b,64,0
Jigsaw Falling Into Place,Radiohead,rock,64,0
Fake Happy,Paramore,r&b,64,0
Sleepless Nights,ayokay,pop,64,0
Radar Love,Golden Earring,rock,64,0
Midnight,Coldplay,rock,64,1
Prisoner,The Weeknd,r&b,64,1
Ready (feat. Gunna),Lil Baby,r&b,64,1
WORKIN ME,Quavo,r&b,64,0
Get Low,Dillon Francis,pop,64,0
Adrenalina,Wisin,latin,64,0
Te Soñé De Nuevo,Ozuna,latin,64,0
Brand New Numb,Motionless In White,rock,64,0
Digital Love,Daft Punk,pop,64,0
How's It Going to Be,Third Eye Blind,rock,64,1
Kangaroo Court,Capital Cities,pop,64,0
Feel so Good,Mase,rap,64,0
Come Sail Away,Styx,rock,64,1
Rack City,Tyga,rap,64,1
Raging,Kygo,pop,64,0
Open,Rhye,pop,64,1
Sweet Disposition,The Temper Trap,pop,64,0
Me Frontió,Dimelo Flow,latin,64,0
Speed It Up,Gunna,r&b,64,0
Suicidal Thoughts - 2005 Remaster,The Notorious B.I.G.,rap,64,1
Bicycle Race - Remastered 2011,Queen,rock,64,0
Overnight Celebrity,Twista,rap,64,0
Soul Survivor,Jeezy,rap,64,1
Gravity (feat. Magga & Evokings),Cat Dealers,pop,64,0
Shut Up Kiss Me,Angel Olsen,r&b,64,0
El Desorden,Ozuna,latin,64,0
Golden Skans,Klaxons,rock,64,0
Live Wire,Mötley Crüe,rock,64,0
Habiba Prima,Kurdo,rap,64,1
When Love Takes Over (feat. Kelly Rowland),David Guetta,edm,64,0
The Flight,Dimitri Vegas & Like Mike,edm,64,0
Shot At The Night,The Killers,pop,64,0
You Really Got Me - 2015 Remaster,Van Halen,rock,64,0
Faded,NERVO,edm,64,0
Same Beef,Bohemia,rap,64,0
Deus e família,Delano,rap,64,0
The Message,Nas,rap,64,0
Ganitas,Rombai,latin,64,0
Savin' Me,Nickelback,rock,64,0
If You're Gone,Matchbox Twenty,rock,64,1
The Stroke - Remastered,Billy Squier,rock,64,1
Si Te Vas,Lit Killah,rap,64,0
Subimos de Rango,Omy de Oro,rap,64,1
Baby,Bakermat,latin,64,0
Make It Wit Chu,Queens of the Stone Age,rock,64,0
Love My Way,The Psychedelic Furs,rock,64,0
Under Enemy Arms,Trippie Redd,rap,64,0
"Dois copos (feat. Ferrugem, MC Kevin O Chris e L7NNON)",Papatinho,rap,64,0
Mata Montana,Mata,rap,64,1
Midsection,KAYTRANADA,r&b,64,0
Netflixxx,Brytiago,rap,64,1
Ocean (feat. Khalid) - David Guetta Remix,Martin Garrix,edm,64,0
Comin Out Strong,Future,r&b,64,1
One Way (feat. T-Pain) - Bonus,6LACK,r&b,64,1
Stuck In A Dream (feat. Gunna),Lil Mosey,r&b,64,0
Mine All Day,pewdiepie,pop,64,0
Boyz-N-The-Hood,Eazy-E,rap,64,1
Lo Que Te Di,Marc Anthony,latin,64,0
Rhythm Of The Night,DeBarge,r&b,64,0
Angel With A Shotgun,The Cab,pop,64,0
1st of Tha Month,Bone Thugs-N-Harmony,rap,64,0
Irresistible,Fall Out Boy,pop,64,0
Hey Baby (Drop It to the Floor),Pitbull,edm,64,0
Slow Ride - 45 Version,Foghat,rock,64,1
Why iii Love The Moon.,Phony Ppl,r&b,64,1
WALLS,Kings of Leon,rock,64,1
Song 2,Blur,rock,64,0
5 Letras,Alexis y Fido,latin,64,0
Mírala Bien,Wisin & Yandel,latin,64,0
Would You Mind,PRETTYMUCH,r&b,64,0
With U,SwuM,rap,64,1
thinking of you,mommy,rap,64,1
Sick Feeling,boy pablo,rock,64,0
Quiero Ver,Café Tacvba,rock,64,0
Apna Time Aayega,Ranveer Singh,rap,64,0
Everywhere,Michelle Branch,pop,64,0
Teenage Dream,Katy Perry,pop,64,0
Wild Side,Mötley Crüe,rock,64,0
Back To Life,DubVision,edm,64,0
LA LATINA,Rels B,rap,64,0
Hip To Be Square,Huey Lewis & The News,rock,64,0
Trina,Smino,rap,64,1
Ahora Es,Wisin & Yandel,latin,64,0
Stay Schemin,Rick Ross,rap,64,0
Walkin' On The Sun,Smash Mouth,rock,64,0
Follia Del Mattino,Vegas Jones,rap,64,0
Never Lie (feat. Moneybagg Yo),Wiz Khalifa,rap,64,0
No Good,Ally Brooke,r&b,64,0
No More ?'s,Eazy-E,rap,64,0
Reload - Radio Edit,Sebastian Ingrosso,edm,64,0
Vete,Khea,rap,64,0
Floating (feat. Khalid) [filous Remix],Alina Baraz,pop,64,1
"Burning Heart - From ""Rocky IV"" Soundtrack",Survivor,rock,64,0
Issues - Alan Walker Remix,Julia Michaels,edm,64,0
LECI NOWY FUTURE,Taco Hemingway,rap,64,0
Me Niegas,Baby Rasta & Gringo,latin,64,0
Cynic,Noah Kahan,pop,64,0
Luna Llena,Paulo Londra,rap,64,0
When I See You Smile,Bad English,rock,64,1
Mátenme Porque Me Muero,Caifanes,rock,64,0
Rock'n Me,Steve Miller Band,rock,64,1
Jane Says,Jane's Addiction,rock,64,1
She,Elvis Costello,rock,64,1
Lo Que Tenías Conmigo,María José,latin,64,0
Lo Que Tú y Yo Vivimos (feat. Gente de Zona) - Ao Vivo,Gusttavo Lima,latin,64,0
Nunca Me Amo,Jon Z,rap,64,0
Shadowboxin',GZA,rap,64,0
Ice Cream Man,Tyga,r&b,64,0
Kids,Current Joys,rock,64,1
World At Our Feet,Timmy Trumpet,edm,64,0
Rich (feat. D Block Europe & Offset),The Plug,r&b,64,0
Truffle Butter,Nicki Minaj,rap,64,0
BUMBLE BEE,Night Lovell,rap,64,1
A fuego,DrefQuila,rap,64,1
I Feel So Bad,Kungs,pop,64,0
Forbidden Voices,Martin Garrix,pop,64,0
Amiga mía,Alejandro Sanz,latin,64,0
Love Me Like You Do,Ellie Goulding,pop,64,1
If Only,Dove Cameron,pop,64,0
"Cruisin' for a Bruisin' - From ""Teen Beach Movie""",Ross Lynch,pop,64,0
Qué Gano Olvidándote,Reik,latin,64,0
6's to 9's (feat. Rationale),Big Wild,pop,64,0
Hold On (with Georgia Ku),ILLENIUM,pop,64,0
Haloes,Ina Wroldsen,pop,64,0
"La Luna e la Gatta (feat. Tommaso Paradiso, Jovanotti, Calcutta)",Takagi & Ketra,r&b,64,0
Tan Buena,Gente De Zona,latin,64,0
Rompe,Daddy Yankee,latin,64,0
Casey Jones - 2013 Remaster,Grateful Dead,rock,64,1
Put It On Me,Ja Rule,rap,64,0
Switch Lanes,Tyga,rap,64,0
ME,CLC,pop,64,0
Fuck You,CeeLo Green,edm,64,0
Save Room for Us,Tinashe,r&b,64,0
My Body,Young the Giant,pop,64,0
Laid,James,rock,64,0
TIME,Alesso,pop,64,0
"Determinate - From ""Lemonade Mouth""",Adam Hicks,pop,64,0
Sunny,Boney M.,r&b,64,0
Noches de Aventura,Ozuna,latin,64,0
You've Got Another Thing Coming,Judas Priest,rock,64,0
Deja Que Fluya,Lary Over,rap,64,1
Move Me,Mura Masa,pop,64,1
Alone,Lund,rap,64,1
Party For One,Carly Rae Jepsen,pop,64,0
Mesmerize,Ja Rule,r&b,64,0
Wrong Way,Sublime,rock,64,0
Scars,Papa Roach,rock,64,0
Lærte Hende Alt (feat. Lærke Emilie),ATYPISK,rap,64,0
Tua Per Sempre,Elisa,r&b,64,0
Adore You,Maisie Peters,pop,64,0
Ciao Adios,Anne-Marie,pop,64,0
Japón,Rombai,latin,64,0
In Bloom - Nevermind Version,Nirvana,rock,64,0
Midnight,Logic,rap,64,0
Pasado y Presente,Ozuna,rap,64,0
Clique,Kanye West,rap,64,0
Indica Badu,Logic,rap,64,0
Beautiful,Snoop Dogg,rap,64,0
Mmm Yeah (feat. Pitbull),Austin Mahone,pop,64,0
Green Onions,Booker T. & the M.G.'s,r&b,64,1
Train in Vain - Remastered,The Clash,rock,64,0
Give It To Me Baby,Rick James,r&b,64,0
Autumn Sweater,Yo La Tengo,rock,64,1
CoCo,O.T. Genasis,rap,64,0
Need You Tonight,INXS,rock,64,0
KMT,Drake,rap,64,0
White Lies,M-22,edm,64,0
Here for You,Kygo,pop,64,0
Someday,The Strokes,rock,64,0
Are You Ready,AC/DC,rock,64,0
Twisted (feat. Logic & A$AP Rocky),French Montana,rap,64,0
Only the Good Die Young,Billy Joel,rock,64,0
Brick House,Commodores,r&b,64,0
Turnin' Me Up,BJ The Chicago Kid,r&b,64,0
La Chona,Los Tucanes De Tijuana,latin,64,0
Breakaway,Kelly Clarkson,latin,64,0
Rock Wit U (Awww Baby),Ashanti,r&b,64,0
I Need a Girl (Pt. One) (feat. Usher & Loon),Diddy,r&b,64,0
Cida,Agnes Nunes,r&b,64,1
You Don't Know How It Feels,Tom Petty,rock,64,0
Running on Empty - 45 Version,Jackson Browne,rock,64,0
These Days,Foo Fighters,rock,64,0
I Wanna Be Adored - Remastered,The Stone Roses,rock,64,0
Money,The Drums,rock,64,0
Someone To Spend Time With,Los Retros,r&b,64,1
I Could Get Used To This,Becky Hill,pop,64,0
Serenata,Mike Bahía,latin,64,0
Around Me,Brent Faiyaz,r&b,64,1
Rockstar,Jovem Dex,rap,64,0
Blind Man,Xavier Omär,r&b,64,1
New Kid in Town - 2013 Remaster,Eagles,rock,64,1
Summer Fade (feat. Anna of the North),Snakehips,pop,64,0
99 Red Balloons - Club Mix,Nena,rock,64,1
Glad He's Gone,Tove Lo,pop,64,0
Spectrum (Say My Name) - Calvin Harris Remix,Florence + The Machine,edm,64,0
"Oiga, Mire, Vea",Guayacán Orquesta,latin,64,0
Ooh Nah Nah (feat. Masego),SiR,r&b,64,1
Carmesí,Vicente Garcia,latin,64,1
Bad N Bouj,Hp Boyz,rap,64,1
"Mitad Mentira, Mitad Verdad",Río Roma,latin,64,0
Sheep,Mt. Joy,pop,64,1
Oceans,Seafret,pop,64,1
Ladz in the Hood,ONEFOUR,rap,64,0
Tuesday (feat. Drake),ILOVEMAKONNEN,edm,64,0
The Jean Genie - 2013 Remaster,David Bowie,rock,64,1
Todos Ven,Alex Rose,latin,64,1
Multi-Love,Unknown Mortal Orchestra,r&b,64,1
OOOUUU,Young M.A,rap,64,0
Money Talk,Rich The Kid,rap,64,0
Quiero Mas,Ozuna,latin,64,0
La Vida Sin Ti,Piso 21,latin,64,0
Darte,Alex Rose,rap,64,0
Supuestamente,Ozuna,rap,64,0
Say My Name (feat. Bebe Rexha & J Balvin) - Afrojack & Chasner Remix,David Guetta,edm,64,0
Mask Off - Marshmello Remix,Future,rap,64,0
Biblioteka Trap,Mata,rap,64,0
Designers (feat. Dopebwoy & LouiVos),IliassOpDeBeat,latin,64,0
Love Sosa,Chief Keef,rap,64,1
Not Nice,PARTYNEXTDOOR,latin,64,1
Everything (feat. John Legend),Ella Mai,r&b,64,1
Dancing On The Ceiling,Lionel Richie,rock,64,0
Stand By You,Rachel Platten,pop,64,0
The Room Where It Happens,Leslie Odom Jr.,pop,64,1
"Head Over Heels - Dave Bascombe 7"" N.Mix",Tears For Fears,rock,64,0
Ponte Bonita,Arcangel,latin,64,0
Too Many,Tyga,rap,64,0
Callao,Wisin & Yandel,latin,64,0
47 - Remix,Anuel AA,latin,64,0
Billie Jean,The Civil Wars,r&b,64,1
Loco Enamorado,Abraham Mateo,latin,64,0
One Life,Mike Perry,pop,64,0
Wolf Totem (feat. Jacoby Shaddix of Papa Roach),The HU,rock,64,0
Get Low featuring Ying Yang Twins,Lil Jon & The East Side Boyz,rap,64,0
Freak in You,PARTYNEXTDOOR,r&b,64,1
I Wanna Know,RL Grime,rap,64,0
Thief,Ookay,rap,64,0
Homecoming,Killstation,rap,63,0
Right Left Wrong,Three Days Grace,rock,63,0
Side Effects - Fedde Le Grand Remix,The Chainsmokers,pop,63,0
Twisted,Keith Sweat,r&b,63,1
Cut It (feat. Young Dolph),O.T. Genasis,latin,63,0
Real Love,Mary J. Blige,r&b,63,0
Cobarde,Ximena Sariñana,latin,63,1
Borinquen Bella (feat. Zion & Lennox),Farruko,latin,63,0
Aire soy (feat. Ximena Sariñana),Miguel Bosé,pop,63,1
Dancing On My Own - Tiësto Remix,Calum Scott,edm,63,0
Keep On Lovin',Cat Dealers,edm,63,0
Here It Goes Again,OK Go,rock,63,0
24K,Frijo,rap,63,0
Some Say - Felix Jaehn Remix,Nea,latin,63,0
Perdoa,ANAVITÓRIA,latin,63,1
Louquinho,Jão,latin,63,0
Acordeão,Tiësto,pop,63,0
Never Letting Go,Audien,pop,63,0
Chase The Money,E-40,rap,63,0
Come Around,Papa Roach,rock,63,0
FUCKTHEPOPULATION,$uicideBoy$,rap,63,1
NIENTE,Giaime,rap,63,0
Better With You,3LAU,pop,63,0
MAYDAY (feat. Ryo from Crystal Lake),coldrain,rock,63,0
Word Up,Cameo,rock,63,0
Emotions,Mariah Carey,r&b,63,0
Tell Me,Groove Theory,r&b,63,1
Raise Hell,Dorothy,rap,63,0
A Girl Like You,Edwyn Collins,rap,63,0
Baila Esta Cumbia,Selena,latin,63,0
Tutto apposto (feat. Capo Plaza),Philip,rap,63,1
Flowers,The Deli,latin,63,1
Cool Again,Shoffy,pop,63,1
isohel,EDEN,pop,63,1
Naturally,Selena Gomez & The Scene,pop,63,0
Sad Songs In The Summer,Olivia O'Brien,pop,63,0
So Good,Dove Cameron,pop,63,1
Rave in the Grave,AronChupa,edm,63,0
On My Way - Da Tweekaz Remix,Alan Walker,edm,63,0
Kids,OneRepublic,pop,63,0
Jello,PRETTYMUCH,latin,63,0
Privacy,Chris Brown,rap,63,1
Geronimo,Sheppard,latin,63,0
Santa Lucia - Remastered,Miguel Rios,rock,63,0
Cuenta Pendiente,Paty Cantú,latin,63,0
Liquid Spirit - Claptone Remix,Gregory Porter,pop,63,1
Jungle Boogie,Kool & The Gang,r&b,63,0
Vowels (and the Importance of Being Me),HUNNY,pop,63,0
Round and Round,Ratt,rock,63,0
There She Goes,Sixpence None The Richer,rock,63,0
Dance Monkey,Skylike,edm,63,0
Hurricane,Halsey,pop,63,0
Shotgun (The Wild Remix),George Ezra,pop,63,0
Omo,Burna Boy,r&b,63,0
Geminiana,DAY,latin,63,1
Don’t Give Up On Me Now (with Julie Bergan),R3HAB,pop,63,0
Obsessed - Tiësto Remix,Dynoro,edm,63,0
Insomnia - King Arthur Remix,Daya,pop,63,0
ENTROPY,Daniel Caesar,r&b,63,1
No Lo Entiendo,Bhavi,rap,63,1
Think About You - Galantis Remix,Kygo,edm,63,0
Instagram - R3HAB Remix,Dimitri Vegas & Like Mike,edm,63,0
Loco Contigo (with J. Balvin & Tyga) - Cedric Gervais Remix,DJ Snake,edm,63,0
Good Drank,2 Chainz,rap,63,0
Cars,Gary Numan,rock,63,0
"Ain't No Fun (If the Homies Cant Have None) (feat. Nate Dogg, Warren G & Kurupt)",Snoop Dogg,rap,63,0
The Promise,When In Rome,latin,63,0
Glycerine - Remastered,Bush,rock,63,1
Who Can It Be Now?,Men At Work,rock,63,0
Malvadão 2,Xamã,r&b,63,1
I Should Have Walked Away,KAAZE,edm,63,0
Save Me Tonight,ARTY,edm,63,0
Lockjaw (feat. Kodak Black),French Montana,rap,63,0
Solo (with Rauw Alejandro),Jay Menez,rap,63,1
Imagine,Jack Johnson,latin,63,1
Infra-Red,Three Days Grace,rock,63,0
Send the Pain Below,Chevelle,rock,63,0
La Prision,Nengo Flow,rap,63,0
Calle 2 - Remix,FMK,rap,63,1
Triple Helix,KILLY,rap,63,1
Sunburn,DROELOE,rap,63,0
Guru,Coast Modern,pop,63,0
See The End,Above & Beyond,edm,63,0
O-o-h Child,The Five Stairsteps,rock,63,0
Kashmir - 2012 Remaster,Led Zeppelin,rock,63,1
Bassotto,Dark Polo Gang,rap,63,0
Apple Juice (feat. Carla Monroe) - MOTi Remix,SLATIN,pop,63,0
Long Cool Woman (In a Black Dress) - 1999 Remaster,The Hollies,rock,63,0
What You Know,T.I.,rap,63,0
Triumph (feat. Cappadonna),Wu-Tang Clan,r&b,63,0
Symphony,Sick Individuals,edm,63,0
Didn't We Almost Have It All,Whitney Houston,r&b,63,1
Saving All My Love for You,Whitney Houston,r&b,63,1
O,Coldplay,rock,63,1
Headlights (feat. Ilsey),Robin Schulz,pop,63,0
Lick It Up,KISS,rock,63,0
La Jeepeta,Nio Garcia,latin,63,0
Booty Swing,Parov Stelar,edm,63,0
I Don't Know My Name,Grace VanderWaal,pop,63,1
Can't Stop Your Lovin',Poolside,pop,63,1
Suedehead - 2011 Remaster,Morrissey,rock,63,0
Love Like This,Faith Evans,r&b,63,0
Let Her Go - Acoustic,Passenger,latin,63,1
Never Never (feat. Indiiana),Drenchill,edm,63,0
Money,Klaas,edm,63,0
Quédate,Debi Nova,latin,63,1
MAI (feat. Lele Blade & Fred De Palma),Giaime,rap,63,0
GUD VIBRATIONS,NGHTMRE,edm,63,0
Bikini Porn,Tove Lo,r&b,63,0
More,Zion,latin,63,0
SouthSide (feat. Eptic),DJ Snake,edm,63,0
We Rise,San Holo,pop,63,0
Me Matas,R.K.M & Ken-Y,latin,63,0
Sugarplum Elegy,NIKI,r&b,63,1
Apricot Princess,Rex Orange County,pop,63,1
Traje unos tangos,Ysy A,rap,63,0
Two 1 Two,Kiddo Toto,rap,63,0
Rumor,H.I.N.P (Hot Issue of Ntl. Producers),edm,63,0
Only One,Yellowcard,rock,63,0
Mala Conducta (feat. Franco El Gorila),Alexis y Fido,latin,63,0
Al Natural (feat. Yandel),Tego Calderon,latin,63,0
Grateful,Mahalia,r&b,63,1
The Night They Drove Old Dixie Down - Remastered 2000,The Band,rock,63,1
I'll Make Love To You,Boyz II Men,r&b,63,1
Jump (For My Love),The Pointer Sisters,pop,63,1
Lying Is the Most Fun a Girl Can Have Without Taking Her Clothes Off,Panic! At The Disco,rock,63,0
Fuck You,Lily Allen,latin,63,0
KILL4ME,Marilyn Manson,rock,63,0
Crawl Outta Love,ILLENIUM,edm,63,0
A Warrior's Call,Volbeat,rock,63,0
Joy To The World,Three Dog Night,rock,63,1
Mayor que yo,Tonny Tun Tun,latin,63,0
Juju On That Beat (TZ Anthem),Zay Hilfigerrr,r&b,63,0
Cariño Mío,Chyno Miranda,latin,63,0
Break My Baby,KALEO,rock,63,0
Who's That Chick? (feat. Rihanna),David Guetta,latin,63,0
Marginais Trap #1,Marginal Supply,rap,63,1
Popcorn,Steve Aoki,edm,63,0
Eres Mi Sueño,Septeto Acarey,latin,63,0
Palmar,Caloncho,latin,63,1
Real Friends,Camila Cabello,r&b,63,1
Got 'Til It's Gone,Janet Jackson,r&b,63,1
No Me Dejes Solo,Daddy Yankee,latin,63,0
Hot Blood,KALEO,rock,63,0
All My Love - 1990 Remaster,Led Zeppelin,rock,63,0
Dammit,blink-182,rock,63,0
Sweet Talk,Saint Motel,pop,63,0
All For You,Sister Hazel,rock,63,0
Fly,Sugar Ray,rock,63,0
Every Morning,Sugar Ray,rock,63,0
Tim McGraw - Recorded At Spotify Studios NYC,Maggie Rogers,pop,63,1
That's What You Get,Paramore,rock,63,0
Heat (feat. Gunna),Chris Brown,r&b,63,0
Date Tu Guille,Milly,latin,63,0
Banquet,Bloc Party,rock,63,0
You Give Me Something,James Morrison,rock,63,0
Machu Picchu,The Strokes,rock,63,0
Te Echo De Menos,Marko Silva,latin,63,0
Walk Like an Egyptian,The Bangles,pop,63,0
Safety (feat. DJ Snake),GASHI,edm,63,0
That's Why I Love You (feat. Sabrina Claudio),SiR,r&b,63,1
Jump,David Guetta,edm,63,0
Lo Quiero Todo,Macaco,latin,63,0
Rosa Parks,OutKast,rap,63,0
Runnin',The Pharcyde,rap,63,0
RPG (feat. 6lack),Kehlani,r&b,63,1
California Love - Original Version,2Pac,rap,63,0
Insecure,Jazmine Sullivan,r&b,63,1
En el 2000,Natalia Lafourcade,latin,63,1
Qué Vida la Mía,Reik,latin,63,0
Only for the Weak,In Flames,rock,63,0
Go To War,Hardwell,edm,63,0
So High,Ruben,pop,63,1
Leave It All Behind,Cult To Follow,rock,63,0
I Dare You,The xx,pop,63,1
Life Itself,Glass Animals,pop,63,0
Living After Midnight,Judas Priest,rock,63,0
Corazon De Seda (feat. Ozuna),Klasico,latin,63,0
El Clavo,Prince Royce,latin,63,0
Sundown,Gordon Lightfoot,rock,63,1
THURSDAY,GOT7,pop,63,0
KILLING ME,iKON,pop,63,0
Seven Million (feat. Future),Lil Uzi Vert,rap,63,0
Special Affair,The Internet,r&b,63,1
Better Give U Up,FKJ,r&b,63,0
What's Your Fantasy (Featuring Shawna),Ludacris,rap,63,0
Miss U,Kidd Keo,rap,63,0
Grease - 2007 Remaster,Frankie Valli,r&b,63,1
Moving On,Lil Peep,rap,63,0
Lo Nuestro Se Murió,Gera MX,rap,63,1
Si Preguntan por Mí,Rich Vagos,rap,63,0
Me Quedaré Contigo,Pitbull,latin,63,0
Humph!,PENTAGON,pop,63,0
Face My Fears - English Version,Hikaru Utada,edm,63,0
Nice & Slow,Usher,r&b,63,1
WANT,TAEMIN,pop,63,0
Too Fast,Sonder,r&b,63,1
No Complaints,Metro Boomin,rap,63,1
Obsesionado,Farruko,latin,63,0
True Colours,Tom Odell,pop,63,1
No Me Equivoqué,Lenny Tavárez,latin,63,0
Wing$,Macklemore & Ryan Lewis,pop,63,1
Amor A Primera Vista,Los Angeles Azules,latin,63,0
The Long And Winding Road - Remastered 2009,The Beatles,rock,63,1
Final Masquerade,Linkin Park,pop,63,0
RITMO (Bad Boys For Life) - Steve Aoki Remix,The Black Eyed Peas,edm,63,0
What in XXXTarnation,XXXTENTACION,rap,63,0
Outlet,Desiigner,rap,63,0
Illegal Weapon,Garry Sandhu,rap,63,1
Breakdown,Tom Petty and the Heartbreakers,rock,63,1
Verano Azul,Juan Magán,latin,63,0
Tonight (Best You Ever Had),John Legend,r&b,63,0
Bad Reputation,Joan Jett & The Blackhearts,rock,63,0
Acapella,Karmin,pop,63,0
Ella es una G,C.R.O,rap,63,1
I Know You Want Me (Calle Ocho),Pitbull,pop,63,0
Middle of Somewhere,The Neighbourhood,pop,63,1
Igual Que Ayer,R.K.M & Ken-Y,latin,63,0
Happy Now - R3HAB Remix,Kygo,edm,63,0
Marvelous Day (feat. Lil Uzi Vert & Gunna),Kap G,rap,63,1
Wanna Be A Baller,Lil' Troy,rap,63,1
Buenos Genes,Rels B,rap,63,1
"Ice Cream (feat. Ghostface Killah, Method Man & Cappadonna)",Raekwon,rap,63,0
Ruff Ryders' Anthem - Re-Recorded,DMX,rap,63,0
Stronger Than Me,Amy Winehouse,r&b,63,0
If You See Her,LANY,pop,63,0
Patiently Waiting,50 Cent,rap,63,0
BITCH (takes one to know one),Lennon Stella,pop,63,1
Halfway There,ROZES,pop,63,0
Caught Up In You,38 Special,rock,63,0
I BEEN BORN AGAIN,BROCKHAMPTON,rap,63,0
Lose My Mind (feat. Mr Gabriel),Jai Wolf,pop,63,0
Vanille fraise,L'Impératrice,rock,63,1
I Forget Where We Were,Ben Howard,r&b,63,1
We'll Be Coming Back (feat. Example),Calvin Harris,edm,63,0
No Air (feat. Chris Brown),Jordin Sparks,pop,63,0
Body Say,Demi Lovato,edm,63,0
Ice Box,Omarion,r&b,63,0
Ten Thousand Fists,Disturbed,rock,63,0
Dead Man Walking (feat. Future),2 Chainz,rap,63,0
Two Tickets to Paradise,Eddie Money,rock,63,1
Mamasita,Kevin Roldan,latin,63,0
Siren,The Chainsmokers,rap,63,0
Oh Yes (Rockin' With The Best),Laidback Luke,edm,63,0
Senta Vai,Mãolee,rap,63,0
Meu Mundo,WC no Beat,rap,63,1
Sensacional (feat. Cacife Clandestino & MC Kevin o Chris),WC no Beat,rap,63,0
Go West - 2003 Remaster,Pet Shop Boys,pop,63,0
Sober,Mahalia,r&b,63,0
Carry Me (feat. Julia Michaels),Kygo,latin,63,1
Something About You - ODESZA Remix,Hayden James,latin,63,0
Visti Dall'Alto (feat. Dardust),Rkomi,r&b,63,1
Childs Play (feat. Chance the Rapper),SZA,r&b,63,1
Salgo a Buscarte,Jon Z,rap,63,1
Como Tú (Magic Music Box),León Larregui,rock,63,0
Sprawl II (Mountains Beyond Mountains),Arcade Fire,r&b,63,0
Ways to Go,Grouplove,pop,63,0
Every Time the Sun Comes Up,Sharon Van Etten,pop,63,1
You're Not Good Enough,Blood Orange,pop,63,0
Walk Thru Fire,Vicetone,edm,63,0
Lucky,Choker,pop,63,1
Freek-A-Leek,Petey Pablo,rap,63,0
My Best Friend's Girl,The Cars,rock,63,0
Aprendi a Amar,Brytiago,latin,63,0
Polynesia,Gazzelle,r&b,63,0
La Negra Tomasa - Bilongo - Versión Tropical,Caifanes,rock,63,0
I'm Not Alone - 2019 Edit,Calvin Harris,edm,63,0
Do You Feel It?,Chaos Chaos,rock,63,0
Only in My Dreams,The Marías,rock,63,1
"Call It Fate, Call It Karma",The Strokes,rock,63,1
Ode to Viceroy,Mac DeMarco,r&b,63,0
Diddy Bop (feat. Cam O'bi & Raury),Noname,r&b,63,1
4:20 PM,Bluedoom,rap,63,1
Heartbreaker - 1990 Remaster,Led Zeppelin,rock,63,0
Dazed and Confused,Led Zeppelin,rock,63,1
"Figures, a Reprise",Jessie Reyez,r&b,63,1
If You Ever (feat. 6LACK),Nao,r&b,63,0
Chora Até Perder a Fala - Ao Vivo,Gusttavo Lima,edm,63,0
Versace On The Floor (Bruno Mars vs. David Guetta),Bruno Mars,pop,63,0
Te Prometo,Dennis DJ,edm,63,0
Calma - Alan Walker Remix,Pedro Capó,pop,63,0
44 Bars,Logic,rap,63,1
Tired - Kygo Remix,Alan Walker,latin,63,0
Parabola,TOOL,rock,63,0
The Killing Moon,Echo & the Bunnymen,rock,63,0
War of Change,Thousand Foot Krutch,rock,63,0
Fallen Angel,Three Days Grace,rock,63,0
The Outsider,A Perfect Circle,rock,63,0
No Te Dejas,D-Note The Beatllionare,latin,63,0
It's Ok,Pandrezz,rap,63,1
I Don't Love You Anymore,Sarcastic Sounds,rap,63,1
Like A Star,Corinne Bailey Rae,r&b,63,1
A DOMANI PER SEMPRE,Sofia Tornambene,r&b,63,1
ICONIC (ft. Jaden Smith),Logic,rap,63,0
Encima De Mi,Rauw Alejandro,rap,63,0
Perdoname,Mora,rap,63,0
Biggest Part of Me,Ambrosia,rock,63,0
Come With Me - Radio Mix,Nora En Pure,latin,63,0
Slither,Velvet Revolver,rock,63,0
(No One Knows Me) Like the Piano,Sampha,pop,63,1
Garden Shed (feat. Estelle),"Tyler, The Creator",r&b,63,1
Superglue,Dillom,rap,63,0
TRAPPERZ A Mafia Da Sicilia (feat. MC Davo & Fuego),Felp 22,rap,63,1
Is It Just Me?,Emily Burns,r&b,63,1
Feel Up,Pia Mia,r&b,63,0
Sharing The Night Together,Dr. Hook,rock,63,1
sekao,Delayde,rap,63,1
Bobo,J Balvin,latin,63,0
Tiny Sailboat,Kupla,rap,63,1
Black SpiderMan,Logic,rap,63,0
Get Money (feat. Junior M.A.F.I.A.) - 2007 Remaster,The Notorious B.I.G.,rap,63,0
Floyd Mayweather,Żabson,rap,63,0
Mi Llamada (Remix),Lyanno,rap,63,0
WASTE,BROCKHAMPTON,r&b,63,1
Reggae Bom,Lagum,edm,63,1
Feeling of Falling,Cheat Codes,pop,63,0
Suede,NxWorries,r&b,63,0
TTM (feat. Wiz Khalifa & NGHTMRE),PnB Rock,r&b,63,0
Sake,WE$T DUBAI,rap,63,0
IYKYK (They Know Who),Hooligan Hefs,rap,63,0
To Ü (feat. AlunaGeorge),Jack Ü,pop,63,0
Blame It on Your Love (feat. Lizzo),Charli XCX,pop,63,0
Five Hours,Deorro,edm,63,0
That's What I Like - Alan Walker Remix,Bruno Mars,edm,63,0
Taro,alt-J,pop,63,1
Mi Cama Huele a Ti,"Tito ""El Bambino""",latin,63,0
Just My Luck,Marc E. Bassy,r&b,63,0
Nemo,Pineapple StormTv,rap,63,1
Ice (feat. Gunna & Lil Baby),Gucci Mane,rap,63,0
Use Me,Bill Withers,rock,63,1
Brandvarm,Josef Og Elias,rap,63,1
Sjakalina,Tessa,rap,63,0
Dip,Tyga,rap,63,0
With Me,dvsn,r&b,63,1
East Atlanta Love Letter (feat. Future),6LACK,r&b,63,1
Cocaine,Pink Sweat$,r&b,63,1
PAPI,Isabela Merced,latin,63,0
No Fucks (feat. Sueco The Child and AzChike),1takejay,rap,63,1
Magenta (prod. Auer),Pezet,rap,63,0
Big Poppa - 2007 Remaster,The Notorious B.I.G.,rap,63,0
Stuck on the puzzle,Alex Turner,rock,63,0
The One I Love - Remastered,R.E.M.,rock,63,0
214,Rivermaya,rock,63,1
Whole Wide World,Bahamas,r&b,63,1
Bring Da Ruckus,Wu-Tang Clan,rap,63,1
When Legends Rise,Godsmack,rock,63,0
Break,Three Days Grace,rock,63,0
Hell Yeah,Rev Theory,rock,63,0
I Ain't Got Time!,"Tyler, The Creator",r&b,63,0
Grove St. Party (feat. Kebo Gotti),Waka Flocka Flame,rap,63,0
Refugee,Tom Petty and the Heartbreakers,rock,63,0
bigos,schafter,rap,63,0
Mariposa Traicionera,Maná,latin,63,0
My Favourite Game,The Cardigans,rock,63,0
Debaser,Pixies,rock,63,0
Shutter Island,Jessie Reyez,r&b,63,1
Hypnotic,Zella Day,pop,63,0
Lejos de Aquí,Farruko,latin,63,0
Do You Really Want To Hurt Me,Culture Club,rock,63,1
hot coffee,schafter,rap,63,1
Over,Drake,rap,63,0
She Talks To Angels,The Black Crowes,rock,63,0
Lemme Freak,Lil Dicky,rap,63,0
Siente El Boom,"Tito ""El Bambino""",latin,63,0
Kylie,Mike Williams,edm,63,0
Qué Voy a Hacer Con Mi Amor,Alejandro Fernandez,latin,63,1
Bad Company - 2015 Remaster,Bad Company,rock,63,1
You Can Cry,Marshmello,pop,63,0
Báilame,Nacho,latin,63,0
Resistance,Muse,rock,63,0
Outshined,Soundgarden,rap,63,0
"Flex (Ooh, Ooh, Ooh)",Rich Homie Quan,rap,63,0
Promises (with Sam Smith) - David Guetta Remix,Calvin Harris,pop,63,0
You're Now Tuning Into 66.6 FM With DJ Rapture (The Hottest Hour Of The Evening),$uicideBoy$,rap,63,0
Hold Me While You Wait - Steve Void Remix,Lewis Capaldi,pop,63,0
Summer Days (feat. Macklemore & Patrick Stump of Fall Out Boy) - Tiësto Remix,Martin Garrix,pop,63,0
Ring Ring (feat. Mabel & Rich The Kid),Jax Jones,latin,63,0
Unlove You,Armin van Buuren,pop,62,0
Letting You Go,Bullet For My Valentine,rock,62,0
Macarena - Bayside Boys Remix,Los Del Rio,latin,62,0
Sakura Trees,Saib,latin,62,1
Venice,Gyvus,latin,62,1
Amanda,Boston,rock,62,1
I'm So Into You,SWV,r&b,62,1
I'm a Wanted Man,Royal Deluxe,rap,62,0
Nobody (feat. Athena Cage),Keith Sweat,r&b,62,1
Bidi Bidi Bom Bom,Selena,latin,62,0
Apaga a Luz,Gloria Groove,latin,62,1
Daft Pretty Boys,Bad Suns,pop,62,0
Harder,Jax Jones,pop,62,0
Stay Forever (feat. STRFKR),Whethan,pop,62,0
I Believe in Us,LÉON,pop,62,1
Bad Blood,Taylor Swift,edm,62,0
Want U Back,Cher Lloyd,pop,62,0
Harlem Shake,Baauer,rap,62,0
Helter Skelter - Remastered 2009,The Beatles,rock,62,0
Sola,Raymix,latin,62,0
If You Love Me,Brownstone,r&b,62,1
Noc Polarna,Szpaku,rap,62,1
With U (feat. Karen Harding),Tujamo,edm,62,0
Low,Wage War,rock,62,0
A Grave Mistake,Ice Nine Kills,rock,62,0
wonderful life (feat. Dani Filth),Bring Me The Horizon,rock,62,0
Traidora,Gente De Zona,latin,62,0
Let The Music Take Control,W&W,edm,62,0
Black Water - 45 Version,The Doobie Brothers,rock,62,1
Still Tippin' (feat. Slim Thug & Paul Wall),Mike Jones,rap,62,0
Aparentemente,Yaga & Mackie,latin,62,0
"Together In Electric Dreams - Remastered / From ""Electric Dreams"" Original Motion Picture Soundtrack",Phil Oakey,rock,62,1
Not,Big Thief,r&b,62,0
Fool in the Rain,Led Zeppelin,rock,62,0
Otro Día Más Sin Verte,Jon Secada,latin,62,0
Tonight's Da Night,Redman,rap,62,1
Harana,Parokya Ni Edgar,rock,62,1
Spectrum,Zedd,edm,62,0
Candy On The Dancefloor,Tujamo,edm,62,0
Silent,Youngn Lipz,rap,62,1
Sound of da Police,KRS-One,rap,62,0
Demons,Alec Benjamin,latin,62,1
Jagodzianki (prod.by Abel de Jong),Malik Montana,rap,62,1
Stop Cappin,Blueface,rap,62,0
Here Comes the Rain Again - Remastered Version,Eurythmics,rock,62,0
Doing All Right - ...Revisited,Smile,rock,62,1
dancing around,flor,pop,62,0
Kill V. Maim,Grimes,r&b,62,0
"Archie, Marry Me",Alvvays,r&b,62,0
Sundo,Imago,rock,62,1
Virtual Diva,Don Omar,latin,62,0
5AM,Amber Run,r&b,62,1
Bring It Back,Deorro,edm,62,0
"Boom, Boom, Boom, Boom!!",Vengaboys,pop,62,0
Sweet Dreams,La Bouche,pop,62,0
Wheel in the Sky,Journey,rock,62,0
Night Drive,Ari Lennox,r&b,62,0
Per due che come noi,Brunori Sas,r&b,62,1
Girlfriend (feat. G-Eazy),T-Pain,rap,62,0
"Heavy, California",Jungle,pop,62,0
Unknown (To You),Jacob Banks,r&b,62,1
Klubowa Suka,C0PIK,rap,62,1
Una Noche Más,Mariah,latin,62,0
The Flame,Cheap Trick,rock,62,1
Vendetta,KILLY,rap,62,0
Lost,T-Dre,latin,62,1
Smokin',Boston,rock,62,0
Pianista da Rua 6,Tribo da Periferia,rap,62,1
Somebody Else,VÉRITÉ,pop,62,0
Coming Over,Dillon Francis,pop,62,0
Reflections,MisterWives,pop,62,0
Reminiscing - Remastered,Little River Band,rock,62,1
Wicked,Future,rap,62,0
"Fronteamos Porque Podemos (feat. Daddy Yankee, Yandel & Nengo Flow)",De La Ghetto,latin,62,0
Decisions,NAGASHI,rap,62,1
Perspective,Barnes Blvd.,rap,62,1
Yesterday,chief.,rap,62,1
Stay (feat. Maty Noyes),Kygo,pop,62,0
Lightenup,Parcels,pop,62,0
Wheels,Foo Fighters,rock,62,0
Mi Culpa,Princesa Alba,latin,62,1
Ride Out,Kid Ink,rap,62,0
Só Ficou O Cheiro (feat. Melim),Rael,edm,62,0
Princesa - Ao Vivo,Nego do Borel,edm,62,0
Strange - Edit,Celeste,r&b,62,1
Dirty Little Secret,The All-American Rejects,rock,62,0
Your Body - Cat Dealers Radio Edit,Tom Novy,edm,62,0
Islands,The xx,pop,62,1
Te Ves Buena,El General,latin,62,0
Malportau,Big Soto,rap,62,0
Wouli Liya,Dadju,latin,62,0
Takeaway - Andrew Rayel Remix,The Chainsmokers,edm,62,0
busking,_tag,rap,62,1
Istanbul,Bahjat,latin,62,0
Forever,Martin Garrix,edm,62,0
All the Young Dudes,Mott The Hoople,rock,62,0
Dios Bendiga (Remix),Amenazzy,rap,62,0
Skiety & Klapki - Remix,Kabe,rap,62,1
Alive (feat. ILY),Jack Wins,edm,62,0
Why We Thugs,Ice Cube,rap,62,1
Drank in My Cup,Kirko Bangz,rap,62,0
"Como ela vem (feat. Luccas Carlos, Xamã, PK e Orochi)",Papatinho,rap,62,1
Tweakin,Luh Kel,r&b,62,0
Veridis Quo,Daft Punk,pop,62,1
Down,R.K.M & Ken-Y,latin,62,1
Quizas,Tony Dize,latin,62,0
Close Your Eyes (And Count To Fuck),Run The Jewels,pop,62,0
LUNA,Lola Indigo,latin,62,0
Billion,Emilia,latin,62,0
Me Enamoré,Jay Wheeler,latin,62,1
No Somos Nada,Corina Smith,latin,62,0
Fade Away,Logic,rap,62,0
Waiting for You,mell-ø,rap,62,1
Flunked This Semester,HM Surf,rap,62,1
Call You Mine,The Chainsmokers,latin,62,0
Te Veo,Urba y Rome,latin,62,0
Inbetween Days,The Cure,rock,62,0
Losers,The Weeknd,r&b,62,1
Valerie,The Weeknd,r&b,62,1
No Smoke - Benzi & Blush Remix,YoungBoy Never Broke Again,rap,62,0
Away with the Fairies,Philanthrope,rap,62,1
Afloat,Kupla,rap,62,1
It Never Rains in Southern California,Albert Hammond,rock,62,1
I Fall in Love Too Easliy,Caleb Belkin,r&b,62,1
Let Her Go,6LACK,r&b,62,1
I Follow Rivers,Lykke Li,pop,62,1
Quando Fuori Piove,Ultimo,r&b,62,1
Nikki,Logic,rap,62,0
Woman,Wolfmother,rock,62,0
Love-Hate-Sex-Pain,Godsmack,rock,62,0
Si ella quisiera,Justin Quiles,latin,62,0
Hip Hop,Dead Prez,rap,62,0
Whatever You Want,Status Quo,rock,62,1
Neverland,KSHMR,edm,62,0
Pensare Male (con Elodie),The Kolors,r&b,62,0
È sempre bello,Coez,r&b,62,0
ARSENICO,AIELLO,r&b,62,1
Balou,Benny Jamz,rap,62,1
BDK (feat. Gilli),KESI,rap,62,0
Didn't Cha Know,Erykah Badu,r&b,62,1
Say It - Illenium Remix,Flume,latin,62,0
Say It Again,AJ Mitchell,pop,62,1
Lady,D'Angelo,r&b,62,1
Uptown (feat. Bun B & Lil Wayne),Drake,rap,62,0
Wonderwall,Lucky Luke,edm,62,0
The Violence,Rise Against,rock,62,0
Bien Loco,Nova y Jory,latin,62,0
Perriandote,Myke Towers,latin,62,0
Skin,Mac Miller,r&b,62,1
Hannah Hunt,Vampire Weekend,pop,62,1
Wildfire,SBTRKT,pop,62,0
Senza Pensieri (feat. Loredana Bertè & J-AX),Fabio Rovazzi,r&b,62,0
Just a Friend 2002 - Radio Edit,Mario,r&b,62,0
Say Something - RetroVision Remix,Lucas & Steve,edm,62,0
Interestelar,Groove Delight,edm,62,0
Deja Tus Besos - Remix,Natti Natasha,latin,62,0
I Got You,Bebe Rexha,pop,62,0
Rewind (feat. Caelu),Cat Dealers,edm,62,0
DYSFUNCTIONAL,KAYTRANADA,r&b,62,0
When I Get There,Big Wild,latin,62,1
Indian Summer,Jai Wolf,latin,62,0
Cut Your Teeth - Kygo Remix,Kyla La Grange,latin,62,1
"Heaven Can Wait (feat. Sia, Diplo, and Labrinth)",Sia,pop,62,0
Desire - Gryffin Remix,Years & Years,latin,62,0
Praise You - Purple Disco Machine Remix,Fatboy Slim,pop,62,0
My Own Dance,Kesha,pop,62,0
Bless Em (Takeoff feat. Travis Scott),Quality Control,rap,62,0
Oh Sherrie,Steve Perry,rock,62,0
The King (with Dzeko),Dimitri Vangelis & Wyman,edm,62,0
Souvenir,León Larregui,rock,62,1
You Are Losing Me,Chelsea Cutler,pop,62,1
I Know,DallasK,edm,62,0
Can't Help but Wait,Trey Songz,r&b,62,0
Cater 2 U,Destiny's Child,r&b,62,1
Along Came Polly - Original Mix,Rebūke,edm,62,1
Boyfriend,Big Time Rush,pop,62,0
Total Eclipse Of The Heart (Glee Cast Version) (feat. Jonathan Groff),Glee Cast,pop,62,0
History,Olivia Holt,pop,62,0
Good Girls,LANY,pop,62,0
Happy,Ashanti,r&b,62,1
Gangsta Gangsta,N.W.A.,rap,62,0
Getaway,Henri Purnell,edm,62,0
Juicy - 2007 Remaster,The Notorious B.I.G.,rap,62,0
Boys Don't Cry - Single Version,The Cure,rock,62,0
F.E.E.L.,Lucky Luke,edm,62,0
God Save The Queen,Sex Pistols,rock,62,0
Psycho,Puddle Of Mudd,rock,62,0
Normal Girl,SZA,r&b,62,1
Go Gina,SZA,r&b,62,1
Mwaka Moon - Remix,Kalash,latin,62,0
TELÉFONO,Aitana,latin,62,0
Patek Water,Future,rap,62,0
The One,Jorja Smith,r&b,62,1
Family and Loyalty,Gang Starr,rap,62,0
Angel,Loyle Carner,rap,62,1
Loner,Kali Uchis,r&b,62,1
You Got The Love,Keanu Silva,edm,62,0
Emborráchate,Nacho,latin,62,0
Quisieras,Nicky Jam,latin,62,0
Pour It Up,Rihanna,r&b,62,1
Hate Me Now (feat. Puff Daddy),Nas,rap,62,0
"All I Do Is Win - Feat. T-Pain, Ludacris, Snoop Dogg & Rick Ross",DJ Khaled,rap,62,0
make daddy proud,blackbear,pop,62,1
30 Bandido!,Costa Gold,rap,62,0
Reforget,Lauv,latin,62,1
Conteo Regresivo - Salsa Version,Gilberto Santa Rosa,latin,62,1
"Wicked Game - Recorded Live at St Canice Cathedral, Kilkenny",James Vincent McMorrow,r&b,62,1
BOOM,X Ambassadors,pop,62,0
Slow Motion,Juvenile,r&b,62,0
Can't Let You Go (feat. Mike Shorey & Lil' Mo),Fabolous,r&b,62,0
Who's That Girl?,Eve,r&b,62,0
Ven Conmigo,Daddy Yankee,latin,62,0
Will You Still Love Me Tomorrow? - 2011,Amy Winehouse,r&b,62,0
Closer To The Heart,Rush,rock,62,0
Bang a Gong (Get It On) - Remastered Version,T. Rex,rock,62,0
Chasing Fire,Lauv,pop,62,0
La Carta,Jamby el Favo,latin,62,1
No Podemos - Remix,Ele A El Dominio,latin,62,1
Juno,Choker,r&b,62,1
Thing For You - David Guetta Remix,David Guetta,edm,62,0
Last Dance,Dua Lipa,pop,62,0
Ich pass auf,BRADO,rap,62,1
"Perfect Pint (feat. Kendrick Lamar, Gucci Mane & Rae Sremmurd)",Mike WiLL Made-It,rap,62,0
Save Me - Remastered 2011,Queen,rock,62,1
Mayor Que Yo 3,Luny Tunes,latin,62,0
Ride Or Die (feat. Foster The People),The Knocks,pop,62,0
Working For It - Bonus Track,ZHU,edm,62,0
The Way,Fastball,rock,62,0
Bufón,Lit Killah,rap,62,0
All I Want Is You (feat. J. Cole),Miguel,r&b,62,0
Change My Heart,Ummet Ozcan,edm,62,0
Caderas Blancas,Mon Laferte,latin,62,0
SIN TI,Young Cister,latin,62,0
Tanta Falta Remix,Bryant Myers,latin,62,0
Aries (YuGo) Part 2 (with Rae Sremmurd & Big Sean feat. Quavo & Pharrell),Mike WiLL Made-It,rap,62,0
Tipo Gta,MC Caverinha,rap,62,1
Sommelier,Sidoka,rap,62,0
HOLD YOU DOWN,X Ambassadors,pop,62,0
My Way,Ava Max,pop,62,0
If You Let Me,Sinead Harnett,r&b,62,1
Hard as a Rock,AC/DC,rock,62,0
Mysterious Ways,U2,rock,62,0
The G.O.A.T.,Oliver Heldens,edm,62,0
Hush - 1998 Remaster,Deep Purple,rock,62,1
False Pretense,The Red Jumpsuit Apparatus,rock,62,0
Be Your Man - Acoustic,Rhys Lewis,r&b,62,1
Shot in the Dark,Ozzy Osbourne,rock,62,0
FRIENDS - R3hab Remix,Marshmello,edm,62,0
Fanática Sensual,Plan B,latin,62,0
Angry Too,Lola Blanc,pop,62,0
Parte de Mi (feat. Lit Killah),FMK,rap,62,1
Pray You Catch Me,Beyoncé,r&b,62,1
Heroine,SUNMI,pop,62,0
Palace/Curse,The Internet,r&b,62,1
Ketten tief,DJ Razé,rap,62,0
Do Bad Well (feat. Nevve),KSHMR,edm,62,0
Pretty,Landon Cube,rap,62,0
Dos Locos,Monchy & Alexandra,latin,62,0
No Te Contaron Mal,You Salsa,latin,62,0
Old Fashioned,Bruno Major,r&b,62,1
2 Of Amerikaz Most Wanted,2Pac,rap,62,0
Summer Reign (feat. Summer Walker),Rick Ross,r&b,62,0
Talk,Coldplay,rock,62,1
Me Muero,La Quinta Estacion,latin,62,0
Potions,SLANDER,edm,62,1
Love Is Gone,SLANDER,edm,62,1
Warrior,Disturbed,rock,62,0
You're Going Down,Sick Puppies,rock,62,0
"Hello, I Love You",The Doors,rock,62,1
Alive,R3HAB,edm,62,0
Tricky Tricky,W&W,edm,62,0
California Soul,Marlena Shaw,r&b,62,1
Adiós Amor,Daniela Darcourt,latin,62,0
Love Riddim,Rotimi,r&b,62,0
Suave (Remix),El Alfa,latin,62,0
Westside Story,The Game,rap,62,0
Por Amar A Ciegas,Arcangel,latin,62,0
Electric Body,A$AP Rocky,rap,62,1
IM GONE,JOYRYDE,edm,62,0
Money for Nothing,Dire Straits,rock,62,0
Tubthumping,Chumbawamba,rock,62,0
Rushing Back - Petit Biscuit Remix,Flume,rap,62,1
You Tried It,City Girls,rap,62,0
She's Gone,Daryl Hall & John Oates,rock,62,1
The Humpty Dance,Digital Underground,r&b,62,0
Sweet Thing - 1999 Remaster,Van Morrison,rock,62,1
Quiet Storm,Mobb Deep,rap,62,1
Bette Davis Eyes,Kim Carnes,pop,62,0
Stick Talk,Future,rap,62,0
Rush Over Me,Seven Lions,edm,62,0
Es un Secreto,Plan B,latin,62,0
Let's Get It On,Marvin Gaye,rock,62,0
Arena,Fabian Mazur,rap,62,0
Eclipse,Lit Killah,rap,62,0
Blurred,Kiasmos,edm,62,1
Easy Breezy,Kiana Ledé,r&b,62,0
Supercut,Lorde,pop,62,1
Heaven,The Blaze,edm,62,1
Nothing,Rex Orange County,pop,62,1
Need Somebody,Xuitcasecity,r&b,62,0
Anemone,The Brian Jonestown Massacre,rock,62,1
Te Traje Flores,Duki,rap,62,0
Jimmy Fallon,Lucho SSJ,rap,62,0
Youth Gone Wild,Skid Row,rock,62,0
Life Is A Highway,Tom Cochrane,rock,62,0
High You Are,What So Not,pop,62,0
Body on Me,Rita Ora,pop,62,0
Fighter,Klaas,edm,62,0
The End of the Game,Weezer,rock,62,0
Bossa & People,El Kuelgue,latin,62,1
Tú,maye,latin,62,1
King Tulip,$uicideBoy$,rap,62,1
Mentirosa,Rafaga,latin,62,0
Don't You Know - Radio Edit,Kungs,latin,62,0
Don’t Tell Me,Matisse & Sadko,edm,62,0
Años Luz,Romeo Santos,latin,62,0
Limousine,Enzo Dong,rap,62,0
Bené,PNL,r&b,62,1
Jersey,Future,rap,62,1
Te Busco,Cosculluela,latin,62,0
Ink,Coldplay,rock,62,0
Never Knew Love Like This Before,Stephanie Mills,r&b,62,1
"Fire, Ready, Aim",Green Day,rock,62,0
Mr. Navigator,Armin van Buuren,edm,62,0
Abriré La Puerta,David Bisbal,latin,62,1
Heartbeat,Claptone,pop,62,0
Nadie Como Yo,Kevin Roldan,latin,62,1
A Little Respect,Erasure,rock,62,1
Marginais Acústico #1,Pk,r&b,62,1
Don't Wake Me Up,Chris Brown,pop,62,0
Tacos Altos,Farruko,rap,62,0
De las 2 (feat. Bad Bunny & Arcángel),Trap Capos,rap,62,1
Elevate,Papa Roach,rock,62,0
Mean,Taylor Swift,pop,62,0
Slow Down,Selena Gomez,pop,62,0
Just Like Honey,The Jesus and Mary Chain,rock,62,1
Impaciente,Chencho Corleone,latin,62,0
Narco,Blasterjaxx,edm,62,0
Unwell,Matchbox Twenty,rock,62,0
Are You With Me - Radio Edit,Lost Frequencies,latin,62,1
Fever,Vybz Kartel,latin,62,0
Andromeda,Ghostemane,rap,62,0
Need You,Faustix,pop,62,0
Better Day (feat. Aloe Blacc),Young Bombs,pop,62,0
Mad Love - Blinkie Remix,Mabel,pop,62,0
Magnets (feat. Sophie Simmons),Sam Feldt,pop,62,0
Last To Leave (feat. Caroline Ailin),Louis The Child,edm,62,0
Impala,Santoz,rap,62,1
"Made In France (with Tchami & Malaa, feat. Mercer)",DJ Snake,edm,62,0
Run Away With Me,Carly Rae Jepsen,pop,62,0
Happier - Breathe Carolina Remix,Marshmello,pop,62,0
Shakin' Off The Rust,The Blue Stones,rock,62,0
Leave It All Behind,Sleeping With Sirens,rock,62,0
I Don't Want It At All,Kim Petras,pop,62,0
Godzilla,Blue Öyster Cult,pop,62,0
The Phoenix,Fall Out Boy,pop,62,0
You Deserve Better,James Arthur,r&b,62,0
How You've Been - Acoustic,R3HAB,pop,62,1
hungover & i miss u,gnash,pop,62,1
Hooked,Notion,edm,62,0
Taxi Voy,j mena,latin,62,0
Cruel (feat. ZAYN),Snakehips,pop,62,0
La solución (feat. Carlos Rivera),Laura Pausini,latin,62,1
Nasty,DJ Drama,rap,62,1
Don't Leave Me Alone (feat. Anne-Marie) - EDX's Indian Summer Remix,David Guetta,pop,62,0
So Am I - Toby Green Remix,Ava Max,pop,62,0
Never Really Over - R3HAB Remix,Katy Perry,pop,62,0
Ghetto Youth,Frenna,latin,62,0
No Dices Mas,Mœnia,pop,62,0
Le Le Let Go,Lucas Estrada,latin,62,0
Summer Rain,Rain Sounds FX,latin,62,1
Tipsy - Club Mix,J-Kwon,rap,62,0
Carrying Your Love With Me,George Strait,latin,62,1
Si Nunca Va a Amanecer,Charles Ans,latin,62,1
Tipsy - Radio Mix,J-Kwon,rap,62,0
Wish I Didn't Miss You,Angie Stone,r&b,62,0
My Year,GASHI,rap,62,0
Cardiac Arrest,Bad Suns,pop,62,0
MARY JANE,Night Lovell,rap,62,1
Corazón En La Maleta,Luis Fonsi,latin,62,0
Donde Estas Corazon,Shakira,latin,62,0
Ya No Más,Pilar Pascual,latin,62,1
Rompe,Priceless,latin,62,0
Un Montón De Estrellas,Polo Montañez,latin,61,1
Slip On A Banana Clip,$uicideBoy$,rap,61,0
Hola Señorita - Robin Schulz Remix,Maître Gims,latin,61,0
Dreams Money Can Buy,Drake,r&b,61,1
Air Max,Rim'K,r&b,61,1
Loin (feat. Dany Synthé & soFLY & Nius) - Pilule violette,Maître Gims,latin,61,0
I Promised Myself,Nick Kamen,pop,61,0
Land of 1000 Dances,Wilson Pickett,r&b,61,1
Heaven Can Wait - The Aston Shuffle Remix,Sia,pop,61,0
Seppuku (feat. Suicideboy$ & Jgrxxn),Ghostemane,rap,61,0
Ji-Eun's Sunset,City Girl,latin,61,1
Desacatao - Remix,BlackRoy,latin,61,0
Wicked Ones,Dorothy,rap,61,0
Un Traguito,Lérica,latin,61,0
Hielo,Zoé,pop,61,0
Soak Me in Bleach,The Amity Affliction,rock,61,0
Make It To Heaven (with Raye) - Rework,David Guetta,edm,61,0
Dynamite,Nicky Romero,edm,61,0
Erase The Pain,Palisades,rock,61,0
Shining Star,"Earth, Wind & Fire",r&b,61,1
Alwayz Into Somethin',N.W.A.,rap,61,0
Celebration (feat. Ky-Mani Marley),Maffio,latin,61,0
AmarElo (Sample: Sujeito de Sorte - Belchior),Emicida,latin,61,0
Step by Step,New Kids On The Block,r&b,61,1
It's Like That,Run–D.M.C.,rap,61,0
Don't Walk Away,Jade,r&b,61,0
Love You Forever,Nicky Romero,pop,61,0
It's All on U - T-Mass & LZRD Remix,ILLENIUM,edm,61,0
I Can't Dance - 2007 Digital Remaster,Genesis,rock,61,1
Loose,Daniel Caesar,r&b,61,1
Just,Radiohead,rock,61,0
Lazarus,David Bowie,rock,61,0
I Wanna Be Your Dog,The Stooges,rock,61,0
Demaga Ge Gi Go Gu,El Alfa,latin,61,0
Monkey Gone to Heaven,Pixies,rock,61,1
Hole in the Roof,AronChupa,edm,61,1
Whole Heart,Gryffin,pop,61,0
Sonnet,The Verve,rock,61,0
Deleter,Grouplove,pop,61,0
Fall in the Fall,Jelly Roll,rap,61,0
Rio - 2009 Remaster,Duran Duran,pop,61,0
Deja Vu (Initial D),Tsuko G.,pop,61,0
12:51,The Strokes,pop,61,0
Two High,Moon Taxi,pop,61,0
Our Song,Taylor Swift,pop,61,0
Blah Blah Blah (feat. 3OH!3),Kesha,pop,61,0
Talk Is Cheap,Nick Murphy / Chet Faker,pop,61,1
Criminal,Fiona Apple,rock,61,0
If You Tolerate This Your Children Will Be Next,Manic Street Preachers,rock,61,0
Side Effects,Carlie Hanson,r&b,61,0
Rock Of Ages,Def Leppard,rock,61,0
Sweet Disaster,DREAMERS,pop,61,0
King And Lionheart,Of Monsters and Men,pop,61,0
Forgive or Forget - R3HAB Remix,Ina Wroldsen,edm,61,0
Sol y Luna,Duki,rap,61,0
The Only,Static-X,rock,61,0
God Damnit (with Call Me Karizma),ILLENIUM,edm,61,0
"Independent Women, Pt. 1",Destiny's Child,r&b,61,0
Who Do You Love - R3HAB Remix,The Chainsmokers,edm,61,0
Rock the Night,Europe,rock,61,0
No te enamores,Efecto Pasillo,latin,61,0
Bird Song,Elderbrook,edm,61,1
I Luv This Shit,August Alsina,rap,61,0
I Want U,Alison Wonderland,edm,61,0
Seventeen,Troye Sivan,pop,61,0
A Year Without Rain,Selena Gomez & The Scene,pop,61,0
Tan Bien (feat. Agus Padilla),Lit Killah,rap,61,0
Princ3,Not3s,r&b,61,0
Whisper,Blac Youngsta,r&b,61,0
Love Is Mystical,Cold War Kids,pop,61,0
Halo,Soil,rock,61,0
Come Around,Hoodie Allen,pop,61,0
Flames (feat. Ruel),SG Lewis,pop,61,0
minimal,ROLE MODEL,pop,61,0
Timebomb,WALK THE MOON,pop,61,0
Die Happy,DREAMERS,pop,61,0
Better Than Me,Hinder,rock,61,0
High,Sir Sly,pop,61,0
New Friends,Maty Noyes,pop,61,0
Hot Blooded,Foreigner,rock,61,0
Affection,Cigarettes After Sex,pop,61,1
Black Mambo,Glass Animals,pop,61,1
Ya No Soy Así,Cruz,latin,61,0
Water,Ugly God,r&b,61,1
Hipnotízame,Wisin & Yandel,latin,61,0
Gold,Kiiara,edm,61,1
Dead,Madison Beer,pop,61,0
All Your Days,Shallou,pop,61,1
Came For The Low,ZHU,edm,61,0
Just Friends,Olivia O'Brien,pop,61,1
Warm Animal,Sure Sure,pop,61,1
Breaking Free,Melodyia Music,pop,61,0
7 Things - Single Version,Miley Cyrus,pop,61,0
"Buenos Aires (feat. Khea, Bhavi)",Seven Kayne,rap,61,0
"TRAP.N.EXPORT (feat. Duki, Ysy A & Neo Pistea)",Modo Diablo,rap,61,0
PARA SACARMELO (prod. OMAR VARELA),Ysy A,rap,61,0
Stay The Night - Featuring Hayley Williams Of Paramore,Zedd,edm,61,0
Young Money,DubVision,edm,61,0
Hurricane - Arty Remix,Halsey,edm,61,0
"Shadow Man (feat. Phoelix, Smino & Saba)",Noname,r&b,61,1
Moves Like Jagger,Maroon 5,pop,61,0
"Bet On It - From ""High School Musical 2""/Soundtrack Version",Troy,pop,61,0
Take Me Away (feat. Syd),Daniel Caesar,r&b,61,1
Lost & Found,Jorja Smith,r&b,61,1
I See You,MISSIO,pop,61,0
"Tumba La Casa (Remix) [feat. Daddy Yankee, Nicky Jam, Farruko, Arcangel, De La Ghetto, Zion & Ñengo Flow]",Alexio,latin,61,0
Noche Loca Remix,Oken,latin,61,0
St. Tropez,J. Cole,r&b,61,1
Go Hard or Go Home,Wiz Khalifa,rap,61,0
Drinking Alone,Carrie Underwood,r&b,61,0
One More Night,Michael Kiwanuka,r&b,61,0
Hula Hoop,Daddy Yankee,latin,61,0
Holidae In,Chingy,r&b,61,0
No,Milly,latin,61,0
Potential Breakup Song,Aly & AJ,pop,61,0
Underwater,Cody Simpson,pop,61,1
Belém,DAO,rap,61,1
Vacilón,Don Omar,latin,61,1
Smoke Two Joints,Sublime,rock,61,0
Sonate Pacifique,L'Impératrice,rock,61,1
Tell Me Why,Alok,edm,61,0
UFOF,Big Thief,r&b,61,1
Ain't My Fault - R3hab Remix,Zara Larsson,rap,61,0
Bloom,bLAck pARty,r&b,61,1
Werewolves of London - 2007 Remaster,Warren Zevon,rock,61,0
Satellite of Love,Lou Reed,rock,61,1
Camuflaje,Alexis y Fido,latin,61,0
In Those Jeans,Ginuwine,r&b,61,1
The Mother We Share,CHVRCHES,pop,61,0
Personal Jesus - Original Seven Inch Version,Depeche Mode,rock,61,0
My First Kiss - feat. Ke$ha,3OH!3,pop,61,0
Twenty Eight,The Weeknd,r&b,61,1
Keep Their Heads Ringin',Dr. Dre,rap,61,0
A fuego - Bizarrap Remix,DrefQuila,rap,61,1
Aunque Ya No Estés,MC Davo,rap,61,1
Jettski Grizzley (feat. Lil Pump),Tee Grizzley,rap,61,0
Remember (with ZOHARA),Gryffin,pop,61,0
Back to Beautiful,Sofia Carson,edm,61,0
Superstylin',Groove Armada,edm,61,0
"Every Time I Close My Eyes (with Mariah Carey, Kenny G & Sheila E.)",Babyface,r&b,61,1
Sigo Fresh,Fuego,rap,61,1
Coffee,Sylvan Esso,pop,61,1
Zigzag,Bhavi,rap,61,0
Oye Mi Canto,N.O.R.E.,latin,61,0
Automovil,Ñejo,latin,61,0
Soy Una Gargola,Randy,latin,61,1
Bate Palma,MC JottaPê,edm,61,0
Sing Me to Sleep,Alan Walker,pop,61,0
Me Valoriza (feat. Dilsinho) - Ao Vivo,Avine Vinny,edm,61,0
La Clase,Cazzu,rap,61,1
Atlantic City,The Band,rock,61,1
In My Head,DAO,rap,61,1
I need to paint my walls,A L E X,rap,61,1
Now That You're Gone,Kavv,rap,61,1
Kaam 25 - Sacred Games,DIVINE,rap,61,0
Sometimes When We Touch,Dan Hill,rock,61,1
Pizza,Statistix,rap,61,1
Treat You Better - Single Edit,RÜFÜS DU SOL,pop,61,0
The Zone,The Weeknd,r&b,61,1
Soy Igual Que Tú,Alexis y Fido,latin,61,0
King of Everything,Dominic Fike,pop,61,1
Do You Love Her Now,Jai Paul,r&b,61,1
Ghostride,Crumb,r&b,61,1
Dile A Tu Amiga,Ñejo,latin,61,1
Dooriyan,Dino James,rap,61,1
Don't Touch My Hair,Solange,pop,61,1
Evidencia,Baby Rasta & Gringo,latin,61,0
Open Arms,PRETTYMUCH,r&b,61,1
Hear Me Now (feat. DIAMANTE),Bad Wolves,rock,61,0
Found Me (feat. Maria Hazell),The Him,pop,61,0
Tamo Lindo,Pekeño 77,rap,61,0
Perdón,Duki,rap,61,0
BAD KID,Night Lovell,rap,61,1
The Jester,Badflower,r&b,61,0
Murmuration,Blue Wednesday,pop,61,1
How You Love Me (feat. Conor Maynard & Snoop Dogg),Hardwell,pop,61,0
In My Room (feat. Ty Dolla $ign & Tyga),Mustard,rap,61,0
Dancing On My Own,Robyn,pop,61,0
Your Dog,Soccer Mommy,pop,61,0
Testing Tubes,Praizee,rap,61,1
Black Fur,Elder Island,edm,61,1
Skyline,FKJ,pop,61,1
Flow Natural,"Tito ""El Bambino""",latin,61,0
Punto y Aparte,Tego Calderon,latin,61,0
Lens,Frank Ocean,r&b,61,1
99 Problems,Hugo,r&b,61,0
i wish it would never stop snowing,Sleepy Fish,rap,61,1
Trika Trika,Faydee,latin,61,1
Hail Mary,2Pac,rap,61,0
Jungle Boyz,Malik Montana,rap,61,0
Ptak,Deemz,rap,61,0
Kiss on My List,Daryl Hall & John Oates,rock,61,1
I'd Really Love to See You Tonight,England Dan,rock,61,1
Fireworks,Nymano,rap,61,1
Lonely Is The Night - Remastered,Billy Squier,rock,61,0
Munich,Editors,rock,61,0
Someone That Loves You,HONNE,pop,61,0
Devil Inside Me (feat. KARRA),KSHMR,edm,61,0
Adderall,Max Frost,pop,61,0
Together,Martin Garrix,pop,61,0
Won't Get Fooled Again - Remix,The Who,rock,61,0
Halaga,Parokya Ni Edgar,rock,61,0
Gubię kroki,White 2115,rap,61,0
Qué Será,Leslie Grace,latin,61,0
Carta a Cupido,Bacilos,latin,61,0
In My Mind (feat. Georgi Kay) - Axwell Radio Edit,Ivan Gough,edm,61,0
Salt Lamp,Jobii,rap,61,1
Muñequita Linda,Juan Magán,latin,61,0
Mirala Miralo,Alejandra Guzman,latin,61,0
Te Perdiste Mi Amor (feat. Prince Royce),Thalía,latin,61,0
Fría Como El Viento,Luis Miguel,latin,61,1
Up & Down,Vengaboys,pop,61,0
Trust Nobody,Hippie Sabotage,rap,61,1
The Prophecy,Timmy Trumpet,edm,61,0
Ocean,Ella Vos,pop,61,1
City Of Dreams - Radio Edit,Dirty South,edm,61,0
Por Lo Que Reste de Vida,Thalía,latin,61,0
Ang Huling El Bimbo,Eraserheads,rock,61,1
Nowe dzwięki,Żabson,rap,61,0
Sigan Hablando de Mi,Paulo Londra,rap,61,0
Migraine,Moonstar88,rock,61,1
Blinded By The Light,Manfred Mann's Earth Band,rock,61,1
U and Dat (feat. T. Pain & Kandi Girl),E-40,rap,61,1
Mass Appeal,Gang Starr,rap,61,0
Hip 2 Da Game,Lord Finesse,rap,61,0
Air Force Ones,Nelly,rap,61,1
Espacio sideral,Jesse & Joy,latin,61,0
Lessons In Love,Level 42,rock,61,0
Breath,Breaking Benjamin,rock,61,0
Colors,Crossfade,rock,61,0
Una En Un Millón,Alexis y Fido,latin,61,0
Buying Time,Lucky Daye,r&b,61,1
Came Up,Flosstradamus,rap,61,0
Untouchable (feat. Aimee Dalton),Will Sparks,edm,61,0
Dreams (Will Come Alive),2 Brothers On The 4th Floor,pop,61,0
Mogę dziś umierać,White 2115,rap,61,0
PLEASE DON’T GO,Night Lovell,rap,61,1
Million Bucks,Smallpools,pop,61,0
Twenty Something - Stripped Sessions,Nightly,pop,61,1
There's Still A Light In The House,Valley,pop,61,0
Free Animal,Foreign Air,pop,61,0
Pistolet (prod. by Abel de Jong),Mr. Polska,rap,61,0
Radość,Tymek,rap,61,0
"Givenchy Bag (feat. Future, Nafe Smallz & Chip)",Wiley,r&b,61,0
Put It On,Big L,rap,61,0
Make Me Better,Fabolous,rap,61,1
Senza farlo apposta,Shade,r&b,61,0
yes & no,XYLØ,pop,61,1
Complicated,Mura Masa,pop,61,0
Deixe-Me Ir - LIVA Remix,1Kilo,pop,61,0
Take Ü There (feat. Kiesza),Jack Ü,pop,61,0
Too Deep,dvsn,r&b,61,1
Limbo (feat. Gilli),NODE,rap,61,0
"Endnu (feat. Gilli, Benny Jamz & Branco)",Stepz,rap,61,0
Flytilstand,Benny Jamz,rap,61,0
Sinaloa Stil,Shooter Gang,rap,61,1
Black Magic Woman,Santana,rock,61,1
Down For Me,G-Eazy,rap,61,0
Kodachrome,Paul Simon,rock,61,0
She Bangs the Drums - Remastered,The Stone Roses,rock,61,0
Metaphor,Alok,edm,61,0
Contra,Logic,rap,61,0
Till The End,Logic,rap,61,0
Still New York,MAX,latin,61,0
Never Let You Go (feat. John Newman),Kygo,latin,61,0
X,Xzibit,rap,61,0
Per Un Milione,Boomdabash,r&b,61,0
Stupida Allegria,Emma,r&b,61,0
Sandstorm - Radio Edit,Darude,pop,61,0
Bitch Please,Snoop Dogg,rap,61,0
Aquí No Es Así,Caifanes,rock,61,0
Turbococco,Ghali,r&b,61,0
Brioschi,Franco126,r&b,61,1
Nuova Era (with Dardust),Jovanotti,r&b,61,0
6 del mattino (feat. Brancar),Jake La Furia,r&b,61,0
Sneakers,Monma,rap,61,1
Stay Lost - Cabu Remix,Joe Hertz,r&b,61,1
Hennessy,Neutro Shorty,rap,61,1
Can You Stand The Rain,New Edition,r&b,61,1
Al di là dell’amore,Brunori Sas,r&b,61,0
Harder Than You Think,Public Enemy,rap,61,0
Cigarettes & Cush (feat. Kehlani & Lily Allen),Stormzy,r&b,61,0
Undefeated (feat. Lil Keed),Future,rap,61,0
Body 2 Body,MK,pop,61,0
Summer Lover (feat. Devin & Nile Rodgers),Oliver Heldens,pop,61,0
Kids in Love (feat. The Night Game),Kygo,latin,61,0
FEKA,De La Ghetto,rap,61,0
Cutting Shapes,Don Diablo,pop,61,0
Heaven Knows I'm Miserable Now - 2011 Remaster,The Smiths,rock,61,0
Lil Mama,Miles Wesley,rap,61,0
Sweet Love,Anita Baker,r&b,61,0
Can't You See (feat. The Notorious B.I.G.),Total,r&b,61,1
Southside,Lloyd,r&b,61,1
Don't Know What You Got (Till It's Gone),Cinderella,rock,61,1
Silent Lucidity - Remastered/2003,Queensrÿche,rock,61,0
Free Room (feat. Appleby),Ravyn Lenae,r&b,61,1
Gettin' It,Too $hort,rap,61,1
Traficando Rimas,Cartel De Santa,rap,61,0
Strangers,Vigiland,edm,61,0
"Obrigado, Mãe.",Dfideliz,rap,61,1
Petalaz,Sidoka,rap,61,0
Rock Bottom,grandson,pop,61,0
No Te Veo - Digital Single,Casa De Leones,latin,61,0
Deadroses,blackbear,pop,61,1
I Wish,Skee-Lo,rap,61,0
The King of Wishful Thinking,Go West,rock,61,0
You?,Two Feet,pop,61,0
Champagne Rose,Amenazzy,rap,61,0
Le parole lontane,Måneskin,r&b,61,0
Hint,Karan Aujla,rap,61,0
Infiel,Santa Fe Klan,rap,61,0
Lookin,Playboi Carti,rap,61,0
Zirkus,badmómzjay,rap,61,0
Luft,Lucio101,rap,61,0
Un Veneno,C. Tangana,r&b,61,1
Walk Away,Alle Farben,pop,61,0
Tequila Sunrise (feat. Barron Ricks),Cypress Hill,rap,61,0
You Don't Know My Name,Alicia Keys,r&b,61,1
De Love,1Kilo,r&b,61,0
Rock & Roll - 2015 Remastered Full Length Version,The Velvet Underground,r&b,61,0
Jane,Jefferson Starship,rock,61,0
Friday (feat. JGUAR),MOTi,edm,61,0
All Night,Example,edm,61,0
Tipo uma Glock,Jovem Dex,rap,61,0
DRAINO (feat. Denzel Curry),City Morgue,rap,61,0
Unskinny Bop,Poison,rock,61,0
Drop To The Floor,Hardwell,edm,61,0
Perdóname,FMK,rap,61,1
Y.M.C.A.,Village People,r&b,61,0
B.O.B.,OutKast,rap,61,0
Death & Taxes,Daniel Caesar,r&b,61,1
I’m So Hot,MOMOLAND,pop,61,0
Me & You,EXID,pop,61,0
No,CLC,pop,61,0
Tu Eres Ajena,Frank Reyes,latin,61,0
Te Quiero un Poco,Carlos Sadness,latin,61,0
Com a Mala,Costa Gold,rap,61,0
Carry You Home,James Blunt,rock,61,1
No Favors,Big Sean,rap,61,1
Crazy Dream,Tom Misch,r&b,61,0
The Beginning,ONE OK ROCK,rock,61,0
How Low,Ludacris,rap,61,0
Lost in Paris,Tom Misch,r&b,61,0
Flutuo,Leozin,rap,61,1
Porto Cervo,Lazza,rap,61,0
Hottest in the City,Ty Dolla $ign,r&b,61,0
Stick Out,Pouya,rap,61,0
Overkill,Motörhead,rock,61,0
Jenner (feat. Tommy Boysen),DrefQuila,latin,61,0
My Best Life (feat. Mike Waters),KSHMR,edm,61,0
Look What You've Done,Jet,rock,61,1
Hold My Hand,Michael Jackson,latin,61,0
Saturday in the Park - 2002 Remaster,Chicago,rock,61,0
Nightrain,Guns N' Roses,rock,61,0
Take Me to Your Heart,Michael Learns To Rock,rock,61,1
El Botecito,Los Hijos Del Pueblo,latin,61,0
Million Lights,Tungevaag & Raaban,pop,61,0
Open Wide,Calvin Harris,pop,61,0
Rosa Pastel,Belanova,pop,61,0
Calling (Lose My Mind) - Radio Edit,Sebastian Ingrosso,pop,61,0
Metal Health (Bang Your Head),Quiet Riot,rock,61,0
Edge of Seventeen - 2016 Remaster,Stevie Nicks,rock,61,0
Your Love Is King,Sade,r&b,61,1
Let's Go Crazy,Prince,r&b,61,0
Se Me Perdio La Cadenita,La Sonora Dinamita,latin,61,0
Bump n' Grind,R. Kelly,r&b,61,1
SLAY (feat. Quavo),YG,r&b,61,1
Give Up The Funk (Tear The Roof Off The Sucker),Parliament,r&b,61,0
BALLERN,Die Atzen,edm,61,0
Just Can't Get Enough - 2006 Remaster,Depeche Mode,rock,61,0
Won't Let Go,Lucas Estrada,latin,61,0
Close To Me (with Diplo) (feat. Swae Lee) - Felix Cartal Remix,Ellie Goulding,pop,61,0
Lights - Single Version,Ellie Goulding,latin,61,0
"My Neck, My Back (Lick It)",Khia,rap,61,0
colorblind,Mokita,pop,61,0
Outlaws & Outsiders,Cory Marks,rock,61,0
Azúcar Amargo,Fey,pop,61,0
Si Me Das Tu Amor,Carlos Vives,latin,61,0
We Zetten Herres,Bryan Mg,latin,61,0
That's How You Know (feat. Kid Ink & Bebe Rexha),Nico & Vinz,latin,61,1
Now and Later,Sage The Gemini,latin,61,0
OEFF,Yung Felix,latin,61,0
Last Man Standing,Yung Felix,latin,61,0
Fuik,Henkie T,latin,61,1
Nightshift,Commodores,rock,61,1
Safari,Maxwell,latin,61,0
El Papi,Tommy Boysen,latin,61,0
Lovely,Fly By Midnight,pop,61,0
Joyride,SONIA,pop,61,0
Stole Your Car,Charlotte Lawrence,pop,61,0
My Type,Saint Motel,pop,61,0
The Rhythm of the Night,Sean Finn,edm,61,0
Panic Station,Muse,rock,61,0
Unintended,Muse,rock,61,1
Supremacy,Muse,rock,61,0
Igual o Peor,Gigolo Y La Exce,latin,61,1
Blessings (feat. Jamila Woods),Chance the Rapper,r&b,61,1
Safe,Daya,pop,61,0
Call You Mine - Keanu Silva Remix,The Chainsmokers,pop,60,0
All My Friends - Eden Prince Remix,AJ Mitchell,pop,60,0
Torn - KREAM Remix,Ava Max,pop,60,0
Quite Miss Home - Steve Void Remix,James Arthur,pop,60,0
Juppig,ChildsPlay,latin,60,0
ORANGE,SINY,latin,60,1
Cupid Shuffle,Cupid,latin,60,0
I Wanna Be Down,Brandy,r&b,60,0
Lurkin' (feat. Tory Lanez),Chris Brown,latin,60,0
Here I Go Again,Whitesnake,rock,60,1
Take My Breath Away,Berlin,rock,60,1
Invisible Touch - 2007 Remaster,Genesis,rock,60,0
Rainbow in the Dark,Dio,rock,60,0
You Never Know,Beartooth,rock,60,0
Empire,Hollywood Undead,rock,60,0
Somos Dos,Bomba Estéreo,pop,60,0
To My Love,Bomba Estéreo,pop,60,0
Ojos Noche,Elsa y Elmar,latin,60,0
Amor De Papel,Sentidos Opuestos,pop,60,0
Games Continued - Radio Edit,Bakermat,edm,60,0
History of Violence,Theory of a Deadman,rock,60,0
Si Tú Te Vas,Ximena Sariñana,latin,60,0
High Hopes - Don Diablo Remix,Panic! At The Disco,pop,60,0
Only You-Bad Boy Remix (feat. The Notorious B.I.G. & Mase),112,r&b,60,0
Locomotive Breath,Jethro Tull,rock,60,1
Crying In The Sun,Faustix,pop,60,0
Thorns,Faustix,pop,60,0
eoh,Olympis,pop,60,1
Replay,Davai,latin,60,0
Wild Wild West (feat. Gunna),Offset,r&b,60,0
Have You Ever,Brandy,r&b,60,1
Did My Best,The Voidz,rock,60,0
Alive,Daughtry,rock,60,0
No One Like You,Scorpions,rock,60,0
Pra Te Convencer,Haikaiss,r&b,60,0
Hey Nineteen,Steely Dan,rock,60,1
Shot Me Down (feat. Skylar Grey) - Radio Edit,David Guetta,edm,60,0
One (Your Name) - Radio Edit,Swedish House Mafia,edm,60,0
The Vengeance,Black Veil Brides,rock,60,0
Sweet Soul Music,Arthur Conley,rap,60,0
The World Is Yours,Nas,r&b,60,0
Rapp Snitch Knishes feat. Mr. Fantastik,MF DOOM,r&b,60,0
House Of The Rising Sun,The Animals,rock,60,0
They Don't Know,Jon B.,r&b,60,1
Method Man,Wu-Tang Clan,r&b,60,1
Gravel Pit,Wu-Tang Clan,r&b,60,0
Int'l Players Anthem (I Choose You) (feat. OutKast),UGK,r&b,60,0
Cumbia del Olvido,Nicola Cruz,latin,60,1
Don't Let the Sun Go Down on Me,George Michael,pop,60,1
(Rock) Superstar,Cypress Hill,edm,60,0
For Elise,Saint Motel,rock,60,1
Waiting For Love,Brooks,edm,60,0
Lick It,Valentino Khan,edm,60,0
Halfway There (feat. Lena Leon),Tiësto,pop,60,0
Your Number,Ayo Jay,latin,60,1
Don't Let Go (Love),En Vogue,r&b,60,0
"U Know What's Up (feat. Lisa ""Left Eye"" Lopes)",Donell Jones,r&b,60,0
Come and Talk to Me - Remix,Jodeci,r&b,60,0
Save Me,LISTENBEE,latin,60,0
One in a Million -奇跡の夜に-,GENERATIONS from EXILE TRIBE,pop,60,0
Cemetery,COIN,pop,60,0
Give Me Love (Give Me Peace On Earth),George Harrison,rock,60,1
Heaven,Warrant,rock,60,1
Singular,Orgânico,r&b,60,0
Insecure,Billy Bueffer,rap,60,1
Trojans,Atlas Genius,rock,60,0
Genesis,Grimes,r&b,60,0
I Would Die 4 U,Prince,r&b,60,0
How You Gonna Act Like That,Tyrese,r&b,60,0
Lay It All on Me,Rudimental,latin,60,0
A-RA-SHI:Reborn,ARASHI,pop,60,0
Jordan,Kawe,rap,60,0
Get It Shawty - Main,Lloyd,latin,60,0
Hooka,Don Omar,latin,60,0
Ahora Quien - Salsa Version,Marc Anthony,latin,60,0
Damn It Feels Good to Be a Gangsta,Geto Boys,rap,60,0
Up On Cripple Creek - Remastered 2000,The Band,rock,60,0
Tumbling Dice,The Rolling Stones,r&b,60,0
SLOW DANCING IN THE DARK - Loud Luxury Remix,Joji,pop,60,0
Stronger,Prismo,pop,60,0
Sister Christian,Night Ranger,rock,60,1
No Fear No More,Madeon,edm,60,0
The Man,Aloe Blacc,pop,60,0
Set It Off,Boosie Badazz,rap,60,0
Cruel,Jeff Bernat,r&b,60,1
Hortelã,JayA Luuck,rap,60,1
The Recipe - Bonus Track,Kendrick Lamar,rap,60,0
Broke (feat. JID),Ari Lennox,r&b,60,1
Don't give up on us,David Soul,rock,60,1
I Hate That...,Promoting Sounds,rap,60,1
'39 - 2011 Mix,Queen,rock,60,1
Summer Girl,HAIM,pop,60,1
Fire Blazing,Dropgun,pop,60,0
Não Pisa no Meu Boot,MC Caverinha,rap,60,1
I Got Love,Nate Dogg,rap,60,1
Am I Wrong (feat. ScHoolboy Q),Anderson .Paak,rap,60,0
Hay Que Celebrar,Brray,latin,60,0
Baby Hair,Recayd Mob,rap,60,0
La vie en rose,Zaz,latin,60,1
Vallenato Apretao,Silvestre Dangond,latin,60,0
Invocation,Common,r&b,60,0
Nummer 1,Zuna,latin,60,1
Me da Lo Mismo,J Alvarez,latin,60,0
Old Friends,Pinegrove,r&b,60,1
Pristine,Snail Mail,r&b,60,0
Gimme,BANKS,pop,60,0
Shake It,Tujamo,edm,60,0
What A Heavenly Way To Die,Troye Sivan,rock,60,1
Ela Tá Que Tá,Mc Davi,rap,60,1
Too Close,Prismo,pop,60,0
Push It,Mike Candys,edm,60,0
Changes,Jeff Bernat,r&b,60,1
Still Fly,Big Tymers,rap,60,0
Good Vibes,Fuego,latin,60,0
Can't Have Everything,Drake,rap,60,1
DDD,EXID,pop,60,0
AH YEAH,WINNER,pop,60,0
SpottieOttieDopaliscious,OutKast,rap,60,0
Drowsy,Banes World,rock,60,1
Don't Let Me Down (feat. Khalid),Sabrina Claudio,pop,60,1
Quimbara,Johnny Pacheco,r&b,60,1
Dare Me,NERVO,edm,60,0
Show Me Love,Robin Schulz,pop,60,0
Just Say Yes,Snow Patrol,rock,60,0
Dancing,Mellow Fellow,rock,60,1
Don't Look Back Into The Sun,The Libertines,rock,60,0
Sin Filtro,Nicky Jam,latin,60,0
Mi Medicina,CNCO,latin,60,0
Play The Game - Remastered 2011,Queen,rock,60,0
Mujer,MC Davo,rap,60,1
La Paleta (feat. C-Kan),MC Davo,rap,60,0
Huracán,Gera MX,rap,60,1
Tengo Un Problema,MC Davo,rap,60,0
It's So Easy,Guns N' Roses,rock,60,0
07,Sidoka,rap,60,0
Cannonball,Damien Rice,r&b,60,1
Kitipun,Juan Luis Guerra 4.40,latin,60,0
People Are People,Depeche Mode,rock,60,0
Always Forever,Cults,rock,60,0
Never Catch Me,Flying Lotus,r&b,60,0
Road Head,Japanese Breakfast,r&b,60,1
Grown Up,Danny Brown,r&b,60,0
Drunk Drivers/Killer Whales,Car Seat Headrest,r&b,60,1
Sleepy Eyes,Elohim,pop,60,0
Hollyhood (feat. Kent Jamz),Buddy,r&b,60,0
Hoje Tem,WC no Beat,rap,60,0
Coastline (feat. Hollow Coves),Liu,pop,60,0
Chateau Lobby #4 (in C for Two Virgins),Father John Misty,r&b,60,0
Fineshrine,Purity Ring,r&b,60,0
Escápate Conmigo - Remix,Wolfine,latin,60,0
Cecilia And The Satellite,Andrew McMahon in the Wilderness,pop,60,0
i loved you first,joan,pop,60,1
Dear Agony,Breaking Benjamin,rock,60,0
Cold Heart,Luh Kel,r&b,60,0
Peach,Broods,pop,60,0
The Wire,HAIM,r&b,60,0
Hard Boy,Frawley,r&b,60,0
Calabria - Firebeatz Remix,Rune RK,edm,60,0
The Look Of Love - Pt. 1,ABC,rock,60,0
Talking In Your Sleep,The Romantics,rock,60,0
Yo No Soy Tu Marido,Nicky Jam,latin,60,0
Dutty Love,Don Omar,latin,60,0
Motorcycle Emptiness,Manic Street Preachers,rock,60,0
Sun,Two Door Cinema Club,pop,60,0
Run Free,Deep Chills,pop,60,0
Modern Jesus,Portugal. The Man,pop,60,0
Everyday Is Like Sunday - 2011 Remaster,Morrissey,rock,60,0
Pyar Bolda,Jassa Dhillon,rap,60,0
"Gucci On My (feat. 21 Savage, YG & Migos)",Mike WiLL Made-It,rap,60,1
Ryd,Steve Lacy,r&b,60,0
Bombay to Punjab,Deep Jandu,rap,60,0
Cool Cat - Remastered 2011,Queen,rock,60,1
9 Crimes,Damien Rice,r&b,60,1
Scotch,Sidoka,rap,60,1
Preto Rico,Dfideliz,rap,60,1
Espanha,Sidoka,rap,60,0
Some Kind Of Wonderful - Remastered 1999,Grand Funk Railroad,rock,60,0
Withorwithout,Parcels,pop,60,1
Party and Bullshit - 2008 Remaster,The Notorious B.I.G.,rap,60,0
Machine Gun Funk - 2006 Remaster,The Notorious B.I.G.,rap,60,0
Pumped up Kicks (feat. Joy Corporation),Dubdogz,edm,60,0
Voy a Beber,Nicky Jam,latin,60,0
Smile,Scarface,rap,60,1
99 Problems,JAY-Z,rap,60,0
If It Ain't Love,Jason Derulo,pop,60,0
Te regalo,Carlos Baute,latin,60,1
I Was Sad Last Night I'm OK Now,tobi lou,rap,60,1
Carefree,Mick Jenkins,rap,60,1
Crush,Duckwrth,rap,60,1
This Is How We Party (with Icona Pop),R3HAB,edm,60,0
Love Me,Felix Cartal,edm,60,0
Jubel,Klingande,latin,60,1
Stripper Bowl,Migos,rap,60,0
I Wouldn't Know Any Better Than You,Gentle Bones,r&b,60,1
Buss Down (feat. ZieZie),Aitch,rap,60,0
Rica y Apretadita (feat. Anayka),El General,latin,60,0
Stay Fly - Explicit Album Version,Three 6 Mafia,rap,60,0
New Love Cassette,Angel Olsen,r&b,60,1
The Party & The After Party,The Weeknd,r&b,60,1
All Into Nothing,R3HAB,pop,60,0
Call You (feat. Nasri of MAGIC!),Cash Cash,pop,60,0
Let Me Love You - DAZZ Remix,CALVO,edm,60,0
Áudio - Ao Vivo em Brasília,Diego & Victor Hugo,edm,60,0
Me Espera,Cacife Clandestino,edm,60,0
"Sol, Playa Y Arena","Tito ""El Bambino""",latin,60,0
Pictures Of You - Remastered,The Cure,rock,60,0
Your Teeth In My Neck,Kali Uchis,r&b,60,0
Sticky,Ravyn Lenae,r&b,60,0
Chronic Sunshine,Cosmo Pyke,r&b,60,0
Doctor Doctor - 2007 Remaster,UFO,rock,60,0
Greaze Mode,Skepta,rap,60,0
Hey,FÄIS,latin,60,0
You Know You Like It - Tchami Remix,AlunaGeorge,latin,60,0
Ballroom Blitz,Sweet,rock,60,0
Hit Me,Molotov,rap,60,1
"Comprendes, Mendes?",Control Machete,rap,60,0
Me Alegro de Su Odio 2014,Cartel De Santa,rap,60,0
LA & The Parties,Lost Kings,pop,60,0
Recognise,Lost Frequencies,latin,60,0
Different State of Mind,Kid Bloom,rock,60,1
Loco Papi,Sevenn,edm,60,0
With Arms Wide Open - New Version With Strings,Creed,rock,60,0
Shots,Lil Jon,pop,60,0
Bitch I'm Madonna,Madonna,pop,60,0
Volta Vai (feat. Simone & Simaria) - Ao Vivo,Avine Vinny,edm,60,0
Espelho Meu - Ao Vivo,Henrique & Diego,edm,60,0
HyperParadise - Flume Remix,Hermitude,rap,60,0
Sing Me to Sleep - Marshmello Remix,Alan Walker,rap,60,0
Drüg,Lucky Luke,edm,60,1
Darkside,grandson,pop,60,0
Counting the Days,Will Taylor James,pop,60,1
Poison,Rita Ora,pop,60,0
"I Don't Dance - From ""High School Musical 2""/Soundtrack Version",CHAD,pop,60,0
Song 32,Noname,r&b,60,1
The Groovy Cat,PAWSA,edm,60,0
Crowd Control,FISHER,edm,60,0
La Tua Futura Ex Moglie,Willie Peyote,r&b,60,1
Rope,Foo Fighters,rock,60,0
ID - Ultra Music Festival Anthem,Kygo,latin,60,1
Tell Me You Love Me,Galantis,latin,60,0
Not Going Home (feat. Gia Koka),DVBBS,latin,60,0
Grip - Alternative Version,Seeb,pop,60,1
Shackles (Praise You),Mary Mary,r&b,60,0
Beauty & Essex (feat. Daniel Caesar & Unknown Mortal Orchestra),Free Nationals,r&b,60,0
I'd Love to Change the World - 2004 Remaster,Ten Years After,rock,60,1
Til I Don't,Mokita,pop,60,0
Los Angeles (feat. Guè Pequeno),The Kolors,r&b,60,0
100 Miles and Running (ft. Wale & John Lindahl),Logic,rap,60,0
Young Jesus,Logic,rap,60,0
Lord Willin',Logic,rap,60,0
Pray,Sam Smith,rap,60,1
Overnight,Logic,rap,60,0
Life Goes On,2Pac,rap,60,0
flaga,chillwagon,rap,60,0
Millionaire - Alan Walker Remix,Digital Farm Animals,latin,60,0
Ingenting At Sige (feat. NODE),Gilli,rap,60,0
Evil Ways,Santana,rock,60,1
Ben 10,ONEFOUR,rap,60,0
Sheep (Alan Walker Relift),LAY,edm,60,0
Really,BLACKPINK,edm,60,0
I Wish,Hayley Kiyoko,pop,60,0
We’re Going to Ibiza!,Vengaboys,pop,60,0
Adagio For Strings,Lucas & Steve,edm,60,0
Get A Way,Maxx,pop,60,0
More And More - Single Version,Captain Hollywood Project,pop,60,1
Keepin it movin am & guv demo.mp3,Andy Mineo,rap,60,0
Kanye,The Chainsmokers,pop,60,0
Blue Orchid,The White Stripes,rock,60,0
Up & Down,Marnik,edm,60,0
Messages From Her,Sabrina Claudio,r&b,60,1
Hustle,Billy Marchiafava,rap,60,1
Audacity (feat. Headie One),Stormzy,rap,60,0
One Call Away,Chingy,rap,60,0
They Reminisce Over You (T.R.O.Y.),Pete Rock & C.L. Smooth,rap,60,1
Układanki,Young Igi,rap,60,0
Vivir Sin Aire,Maná,latin,60,1
Con los Años Que Me Quedan,Gloria Estefan,latin,60,1
Shame On a Nigga,Wu-Tang Clan,rap,60,1
La soledad - Versión 2001,Laura Pausini,latin,60,1
Freewill,Rush,rock,60,0
pager,schafter,rap,60,0
"Lean Wit It, Rock Wit It",Dem Franchize Boyz,rap,60,0
Sunshine (feat. Lea) - Explicit Album Version,Lil' Flip,rap,60,1
Knuck If You Buck (feat. Lil' Scrappy),Crime Mob,rap,60,0
Good Times,Styles P,rap,60,0
Te Vas Arrepentir - Remix,Chris Wandell,latin,60,0
Stockholm Syndrome,Muse,rock,60,0
Mercy,Muse,rock,60,0
Byte,Martin Garrix,edm,60,0
Limelight (NGHTMRE Remix),Just A Gent,rap,60,0
Wild Girl,Kito,pop,60,1
Just Wanna Be With You - Original Version,High School Musical Cast,pop,60,0
How TF,Deante' Hitchcock,r&b,60,0
Don't Go Away,Oasis,rock,60,0
All In My Head,Tori Kelly,r&b,60,1
There Will Be Blood,Kim Petras,pop,60,0
High Voltage,AC/DC,rock,60,0
Dzieci burzy,BORCREW,rap,60,1
Stars,Callalily,rock,60,1
Jailbreak,Thin Lizzy,rock,60,0
Mieć i nie mieć,Jetlagz,rap,60,1
Quién Diría,Ricardo Arjona,latin,60,1
Querida,Juan Gabriel,latin,60,1
Cool,Alesso,edm,60,0
Deep Down Low,Valentino Khan,edm,60,0
Wildcard (feat. Sidnie Tipton),KSHMR,edm,60,0
Warning - 2005 Remaster,The Notorious B.I.G.,rap,60,0
Da Mystery of Chessboxin',Wu-Tang Clan,rap,60,1
Vuelvo,Cami,latin,60,0
Try Again (feat. A7S),Tungevaag & Raaban,pop,60,0
Viernes 13,KAKTOV,rap,60,0
Faded,Tyga,rap,60,0
Golden Hours,Justnormal,rap,60,1
I'd Rather Go Blind - Live,Dua Lipa,r&b,60,1
A Place For Us (feat. Ynnox),Dualities,edm,60,0
Is It Real? (feat. Salena Mastroianni),Tobtok,edm,60,0
Celeste,Ezra Vine,pop,60,0
Alone Together,Fall Out Boy,pop,60,0
Erase / Rewind,The Cardigans,rock,60,0
Still Crazy After All These Years,Paul Simon,rock,60,1
Afterhours feat. Diplo & Nina Sky,TroyBoi,rap,60,0
867-5309 / Jenny,Tommy Tutone,rock,60,0
California Stars,Billy Bragg,rock,60,1
It's Oh So Quiet,Björk,rock,60,1
Something To Believe In,Young the Giant,pop,60,0
The Book of Love,The Magnetic Fields,rock,60,1
"Blue On Black (feat. Kenny Wayne Shepherd, Brantley Gilbert & Brian May)",Five Finger Death Punch,rock,60,0
Stupid for You,Waterparks,pop,60,0
Ella Se Fue,Kinto Sol,latin,60,0
You’re The Best Thing About Me,U2,rock,60,0
Get Stoned,Hinder,rock,60,0
Narcissistic Cannibal (feat. Skrillex & Kill the Noise),Korn,rock,60,0
"O Saki Saki (From ""Batla House"")",Neha Kakkar,latin,60,0
Your Smiling Face,James Taylor,rock,60,1
Llegamos A La Disco,Daddy Yankee,latin,60,0
Don't Do Me Like That,Tom Petty and the Heartbreakers,rock,60,0
Silly Girl,chloe moriondo,pop,60,1
Bad News Baby,ALMA,r&b,60,0
Real Wild Child (Wild One),Iggy Pop,rock,60,0
Feel the Pain,Dinosaur Jr.,rock,60,0
Take Me Back,WYS,rap,60,1
Jewelry Remover,Justnormal,rap,60,1
Ni Tú Ni Yo (feat. Gente de Zona),Jennifer Lopez,latin,60,0
DESFILAR MIS PENAS (prod. ASAN),Ysy A,rap,60,0
Donne-moi l’accord,Dadju,latin,60,0
Blasé (feat. Future & Rae Sremmurd),Ty Dolla $ign,rap,60,0
Rikki Don't Lose That Number,Steely Dan,rock,60,1
Nova,[ocean jams],rap,60,0
Coming Down,Halsey,r&b,60,0
The Game & Skrillex: El Chapo,The Game,rap,60,0
With That (feat. Duke),Young Thug,rap,60,0
Stupify,Disturbed,rock,60,0
In Case You Don't Live Forever,Ben Platt,r&b,60,1
Ella Se Contradice (feat. Plan B),Baby Rasta,latin,60,0
Awake,Tycho,edm,60,0
Levitating,invention_,rap,60,1
Vaivén,Daddy Yankee,latin,60,0
Unfaithful,H E R B,rap,60,1
Rxbury 02119,Jorge Milliano,rap,60,1
Lowdown - Edit,Boz Scaggs,rock,60,0
The Way I Do,Bishop Briggs,r&b,60,0
Familiär,Agnes Obel,pop,60,1
Motivation,Kelly Rowland,r&b,60,0
Face to the Floor,Chevelle,rock,60,0
Pa' Mayté,Carlos Vives,latin,60,0
Song For You,Rhye,pop,60,1
Purpose (feat. G Herbo),Calboy,r&b,60,0
Ain't Nothing Changed,Loyle Carner,r&b,60,1
Lost In Love,Air Supply,rock,60,1
Sorry,6LACK,r&b,60,1
Loaded Gun,6LACK,r&b,60,0
Fooled Around And Fell In Love,Elvin Bishop,r&b,60,1
The Greatest,Cat Power,r&b,60,1
Una Lady Como Tú - Remix,Manuel Turizo,latin,60,1
Conga,Gloria Estefan,latin,60,0
Invincible,Adelitas Way,rock,60,0
Nights In White Satin - Single Version,The Moody Blues,rock,60,1
Mr. Roboto,Styx,rock,60,1
Back In the Saddle,Aerosmith,rock,60,0
Same Girl (with Usher),R. Kelly,r&b,60,1
Video,India.Arie,r&b,60,0
Someone New,Astrid S,pop,60,0
Arroyito,Fonseca,latin,60,0
This Is Love,will.i.am,pop,60,0
"If I'm James Dean, You're Audrey Hepburn",Sleeping With Sirens,pop,60,0
Desperte Sin Ti (Remix),Noriel,rap,60,1
City Samba,Konteks,rap,60,1
"No Se De Ella ""My Space""",Don Omar,latin,60,1
Te Lo Advertí,Ecko,rap,60,0
I / Y,Lane 8,edm,60,1
Todo Bien,Lalo Ebratt,latin,60,0
Lose My Mind,Dean Lewis,r&b,60,0
Hero,Christopher Wilde,pop,60,0
PASS OUT (feat. 21 Savage),Quavo,rap,60,0
Hit 'Em Up Style (Oops!) (feat. Foxy Brown) - Remix Radio Mix,Blu Cantrell,r&b,60,0
Junto Al Amanecer,J Alvarez,latin,60,0
Good Times Roll,The Cars,rock,60,0
Oops (Oh My) [feat. Missy Elliott],Tweet,r&b,60,1
I Want It All (feat. Elderbrook),Casper Cole,edm,60,0
House of the Rising Sun,Five Finger Death Punch,rock,60,0
This Morning,Picture This,r&b,60,0
Unfoolish,Ashanti,r&b,60,1
First Place,Polo G,rap,60,0
Leaves covered by snow,No Spirit,rap,60,1
Jazzy Winter,Guustavv,latin,60,1
Million Voices,Armin van Buuren,pop,60,0
Spicy (with Diplo & Charli XCX),Herve Pagez,pop,60,0
Snelle Jongen Dunne Jasje,Henkie T,latin,60,0
Talk - Disclosure VIP,Khalid,pop,60,0
All Star - Breathe Carolina Remix,Smash Mouth,pop,60,0
Se Eu Escapar - Ao Vivo,Maiara & Maraisa,latin,60,0
2 Hot 4 U (feat. $Uicdeboy$),Fat Nick,rap,60,0
Animal,Def Leppard,rock,60,0
Just My Imagination,The Cranberries,rock,60,0
Animal Instinct,The Cranberries,rock,60,0
Speling,DJ DYLVN,latin,60,0
Happier - Matt Medved Remix,Marshmello,pop,59,0
Culo,Bizzey,latin,59,0
Sittin' Sidewayz (feat. Big Pokey),Paul Wall,rap,59,0
It's Your Thing,The Isley Brothers,r&b,59,0
Favorite Sound,Audien,edm,59,0
Already Dead,Hollywood Undead,rock,59,0
Infinite,Silverstein,rock,59,0
Love Is A Battlefield,Pat Benatar,rock,59,1
Delirious (Boneless) (feat. Kid Ink),Steve Aoki,edm,59,0
Domino Dancing,Pet Shop Boys,rock,59,0
Abuso,Brytiago,rap,59,0
"B.U.H.O (feat. Duki, Klave)",Midel,rap,59,0
Back In The City,Alejandro Sanz,latin,59,0
24K Magic - R3hab Remix,Bruno Mars,edm,59,0
Dusk Till Dawn - Brooks Remix,ZAYN,edm,59,0
El Eco de Tu Voz,Playa Limbo,pop,59,0
I Love Your Smile,Shanice,r&b,59,0
Wobble,V.I.C.,latin,59,0
Ready Set Let's Go,Sam Tinnesz,rap,59,0
Jump - 2004 Remaster,Van Halen,rock,59,0
Nota de Amor,Wisin,latin,59,0
Inside Out,The Chainsmokers,edm,59,0
Pero Asi,Made in M,rap,59,1
Legs - 2008 Remaster,ZZ Top,rock,59,0
Todo de Oro,Ysy A,rap,59,1
Tears Don't Fall,Bullet For My Valentine,rock,59,0
In the Air Tonight,Nonpoint,rock,59,0
Mi Mujer,Nicolas Jaar,pop,59,1
Fugitivo,Maikel Delacalle,latin,59,0
Nosequé,DJ Valdi,latin,59,0
Raw Quartet,Cookin Soul,rap,59,1
Everything Or Nothing,Picture This,r&b,59,0
I Don't Wanna,Aaliyah,r&b,59,1
XO TOUR Llif3,Fame on Fire,rock,59,0
I Will Let You Down (feat. KLARA),Madison Mars,edm,59,0
Brown Sugar,D'Angelo,r&b,59,1
Appletree,Erykah Badu,r&b,59,1
Rock and Roll - 1990 Remaster,Led Zeppelin,rock,59,0
Avant Gardener,Courtney Barnett,pop,59,0
Detenido,Pekeño 77,rap,59,0
Vice Grip,Parkway Drive,rock,59,0
Outta My System,Bow Wow,r&b,59,0
Don't Dream It's Over - Recorded at Sound Stage Studios Nashville,Lauren Daigle,r&b,59,1
Pasarela,Daddy Yankee,latin,59,0
Broken (feat. Jessie Reyez),THEY.,r&b,59,1
Howlin' For You,The Black Keys,pop,59,0
Amor Genuino,Ozuna,latin,59,1
Tell Me Something I Don't Know - Soundtrack,Selena Gomez,pop,59,0
Island (feat. Nevve),Seven Lions,edm,59,0
Easy,Son Lux,pop,59,1
Perfect (feat. Haris) - LUM!X Remix,Lucas & Steve,edm,59,0
Un Sueño,R.K.M & Ken-Y,latin,59,1
Crossroads,Hanz,rap,59,1
Aconcagua,Slumberville,rap,59,1
"selfish, Pt. 1",frumhere,rap,59,1
The Finish Line,Middle School,rap,59,1
Bedtime Stories (feat. The Weeknd) - From SR3MM,Rae Sremmurd,r&b,59,0
22 (OVER S∞∞N),Bon Iver,pop,59,1
Helplessness Blues,Fleet Foxes,pop,59,1
Slow Jamz (feat. Kanye West & Jamie Foxx),Twista,r&b,59,0
"Layla - Acoustic; Live at MTV Unplugged, Bray Film Studios, Windsor, England, UK, 1/16/1992; 1999 Remaster",Eric Clapton,rock,59,1
We Own It (Fast & Furious),2 Chainz,rap,59,0
Para Enamorarte,CNCO,latin,59,0
Colors - Audien Remix,Halsey,edm,59,0
Free Ride,The Edgar Winter Group,rock,59,1
Lost,ILLENIUM,edm,59,0
Besos Mojados,Wisin & Yandel,latin,59,0
Regalame Una Noche,J Alvarez,latin,59,0
Paradise,Rex Orange County,pop,59,1
On And On,Stephen Bishop,rock,59,1
You're No Good,Linda Ronstadt,rock,59,1
Far Away,Leavv,rap,59,1
Man Down,Rihanna,r&b,59,0
M Conformo,Pol Granch,latin,59,1
Céleste,Psalm Trees,rap,59,1
Little Lies,Fleetwood Mac,rock,59,0
Bang,RICCI,edm,59,0
Pray,JRY,r&b,59,0
Chasing Pirates,Norah Jones,r&b,59,1
Terrible Things - EP Version,Mayday Parade,pop,59,1
Pretty Girls,Britney Spears,pop,59,0
Lights Go Down,Mike Candys,edm,59,0
Thinking About You,GLDN,edm,59,0
Paracetamol,Declan McKenna,pop,59,0
All Night,Parov Stelar,edm,59,1
Click,Dontcry,rap,59,1
Sex for Breakfast II,Lo'fi Boy,rap,59,1
Caliente,Mente Fuerte,latin,59,1
Strife,Trivium,rock,59,0
Close to You,Klaas,edm,59,0
Jam,Starboy,latin,59,0
When Doves Cry - Recorded At Spotify Studios NYC,Sarah Jarosz,r&b,59,1
Si No Le Contesto,Plan B,latin,59,0
Dale Caliente,Daddy Yankee,latin,59,0
Sunshine Superman,Donovan,rock,59,0
Next Level,Julian Jordan,edm,59,0
Kamikaze,WALK THE MOON,pop,59,0
Hey Jealousy,Gin Blossoms,rock,59,0
Torn in Two,Breaking Benjamin,rock,59,0
"Sweet Child O' Mine - feat. Myles Kennedy and The Conspirators; Live at Spotify, London",Slash,latin,59,0
Christopher Walking,Pop Smoke,rap,59,0
Visions,Lane 8,pop,59,0
In the Name of Love - DallasK Remix,Martin Garrix,edm,59,0
Pizza,Martin Garrix,edm,59,0
I Miss the Misery,Halestorm,rock,59,0
Torn to Pieces,Pop Evil,rock,59,0
Hace un Mes,Myke Towers,rap,59,0
Lights,Journey,rock,59,0
Koryto,BORCREW,rap,59,0
We're An American Band - Remastered 2002,Grand Funk Railroad,rock,59,0
Miasto 24H,Kizo,rap,59,1
Epic - Garmiani Remix,Sandro Silva,edm,59,0
EDM Bubble,Jay Hardway,edm,59,0
Never Tear Us Apart,INXS,rock,59,0
I'm Different,2 Chainz,rap,59,0
DO DAT (feat. DaBaby & Lil Baby),Stunna 4 Vegas,rap,59,0
Made In The USA,Demi Lovato,pop,59,0
I Don't Care - Single Version,Fall Out Boy,pop,59,0
"Rasputin - 7"" Version",Boney M.,pop,59,1
Push My Luck - Famba Remix,The Chainsmokers,pop,59,0
Smooth (feat. Rob Thomas),Santana,rock,59,0
The Old Days (feat. Justin Adams),Upchurch,rap,59,1
Cornflake Girl,Tori Amos,rock,59,1
Vuelta a la Luna - Remix,Ysy A,rap,59,0
Closer,Travis,rock,59,1
Flares,The Script,pop,59,1
Heatwave (feat. Akon),Robin Schulz,edm,59,0
Nothing On You (feat. Paulo Londra & Dave),Ed Sheeran,latin,59,0
Caída libre,Vanesa Martín,latin,59,0
Dead Inside,Muse,rock,59,0
Liquid Swords,GZA,rap,59,1
I Like It (I Wanna Be Where You Are),Grand Puba,rap,59,0
Mitoman,Malik Montana,rap,59,0
Machika,J Balvin,latin,59,0
Ley De Newton,Beatriz Luengo,latin,59,1
Booty Bounce - Radio Edit,Tujamo,edm,59,0
Think About The Way,Ice Mc,pop,59,0
Brooklyn Zoo,Ol' Dirty Bastard,rap,59,1
Hold On Loosely,38 Special,rock,59,0
Slam,Onyx,rap,59,0
The Power,SNAP!,pop,59,0
Talkin' My Shit,Quin Nfn,rap,59,1
Stuntin' Like My Daddy - Street,Birdman,rap,59,0
Only,Jelly Roll,rap,59,0
Hypnotic - Vanic Remix,Zella Day,pop,59,0
Reapers,Muse,rock,59,0
Bella ciao - HUGEL Remix,El Profesor,edm,59,1
The Passenger,Siouxsie and the Banshees,rock,59,0
Sunburn,Muse,rock,59,0
La Jefatura,Duki,latin,59,0
Waiting For Tomorrow (feat. Mike Shinoda),Martin Garrix,edm,59,0
Lavender and Velvet,Alina Baraz,r&b,59,1
Gotta Go My Own Way,Melodyia Music,pop,59,0
La La Land,Demi Lovato,pop,59,0
Just the Girl,The Click Five,pop,59,0
McQueen,TrifeDrew,rap,59,0
Chief Rocka,Lords Of The Underground,rap,59,0
Hey Ma,Cam’ron,rap,59,0
Hold On,The Internet,r&b,59,1
candy.doll,schafter,rap,59,1
She Sells Sanctuary (2009 Re-master),The Cult,rock,59,0
Crop Circles,Jon Bellion,pop,59,0
"Build God, Then We'll Talk",Panic! At The Disco,rock,59,0
Jenny,The Click Five,rock,59,0
Heart,OTR,pop,59,1
Floss (feat. MoStack & Not3s),AJ Tracey,rap,59,1
Dobbelt (feat. Dayzon),Jamaika,rap,59,0
Sektion (feat. Branco & Gilli),Benny Jamz,rap,59,0
Say Less,Lisi,rap,59,1
tęczowy music box,chillwagon,rap,59,0
Toskania,Kizo,rap,59,0
Intro,Quality Control,rap,59,0
Trap Paris (feat. Quavo & Ty Dolla $ign),Machine Gun Kelly,rap,59,0
La ragazza con il cuore di latta,Irama,r&b,59,0
Monte Carlo,Jimilian,rap,59,0
Fanfare (feat. Guè Pequeno),Elettra Lamborghini,r&b,59,0
Bailando - Video Edit,Paradisio,pop,59,0
nana triste,Natalia Lacunza,pop,59,1
Mama No,Pablo López,pop,59,1
Bury Me Alive,Kelvyn Colt,rap,59,0
Resort,Farruko,rap,59,0
Who's Real?,Hooligan Hefs,rap,59,1
The Octagon (Ready For The Pain),Chillinit,rap,59,1
Can't Hide,Whethan,rap,59,0
I Like It - Dillon Francis Remix,Cardi B,rap,59,0
Famous,Ivy Adara,r&b,59,0
Bhavi - BZRP Music Sessions #1,Bhavi,rap,59,0
Nivel,Lucho SSJ,rap,59,0
Siempre me quedará,Bebe,latin,59,1
1 Thing,Amerie,r&b,59,0
Did I Mention,Jeff Lewis,pop,59,0
Temporary,Ella Vos,pop,59,1
Paris,Kungs,edm,59,1
Atoms - Said the Sky Remix,RL Grime,pop,59,0
Better By Myself,Hey Violet,pop,59,0
Wonders of the Unknown,Behind Clouds,rap,59,1
Siamo,Eros Ramazzotti,r&b,59,0
The Return,Logic,rap,59,0
Everybody Dies,Logic,rap,59,0
I Am The Greatest,Logic,rap,59,0
Like Woah,Logic,rap,59,0
"Flava in Ya Ear Remix (feat. Notorious B.I.G., L.L. Cool J, Busta Rhymes, Rampage)",Craig Mack,rap,59,0
Can't Nobody Hold Me Down (feat. Mase),Diddy,rap,59,0
B.M.F. (Blowin' Money Fast),Rick Ross,rap,59,0
Push It,Rick Ross,rap,59,0
It's Not Over,Daughtry,rock,59,0
Blame,Ekali,rap,59,0
Bap U,Party Favor,rap,59,0
Dapper (feat. Anderson .Paak),Domo Genesis,r&b,59,0
Knockin' da Boots,H-Town,r&b,59,1
Next to Me,Otto Knows,latin,59,1
Stellar,Incubus,rock,59,0
Super Mario World,Logic,rap,59,0
Take It Back,Logic,rap,59,0
Te Guste,Jennifer Lopez,rap,59,0
"All of Me (feat. Logic, ROZES)",Big Gigantic,rap,59,0
Hunger Strike,Temple Of The Dog,rock,59,1
Picture Me Rollin',2Pac,rap,59,0
It Ain't Hard to Tell,Nas,rap,59,0
Nubes,Caifanes,rock,59,0
Los Dioses Ocultos,Caifanes,rock,59,1
Gotta Get Mine,MC Breed,rap,59,1
I'M DEAD,Duckwrth,r&b,59,1
Someday At Christmas,Stevie Wonder,r&b,59,1
High Enough,Damn Yankees,rock,59,1
"The Heat Is On - From ""Beverly Hills Cop"" Soundtrack",Glenn Frey,rock,59,0
Juvenile,The Blaze,rock,59,1
Earthquake,Marshmello,rap,59,0
Heart Don't Stand a Chance,Anderson .Paak,r&b,59,0
Não Planeje Nada,Marcos & Belutti,edm,59,0
Do Me,Kim Petras,pop,59,0
Falling for Ya,Grace Phipps,pop,59,0
Troublemaker (feat. Flo Rida),Olly Murs,pop,59,0
Sweet Dreams,Dwin,edm,59,0
LaLaLaLaLa - Gaullin Remix,Dwin,edm,59,0
Shadowplay - 2007 Remaster,Joy Division,rock,59,0
Chin Check,N.W.A.,rap,59,0
Pequenas Alegrias da Vida Adulta (feat. Thiago Ventura),Emicida,edm,59,1
Paraíso (Heaven) - Ao Vivo,Fernando & Sorocaba,edm,59,0
Hay Algo en Ti,Luny Tunes,latin,59,0
Under the Milky Way,The Church,rock,59,1
"If You Leave - From ""Pretty In Pink""",Orchestral Manoeuvres In The Dark,rock,59,1
The Temple Of The King,Rainbow,rock,59,1
Candlelight,Zhavia Ward,r&b,59,1
Oxas,GAMPER & DADONI,latin,59,0
Miami 82 - Kygo Remix,Syn Cole,latin,59,0
Loving Myself (feat. Raphaella),Henri PFR,pop,59,0
Spicy - with Diplo & Charli XCX,Herve Pagez,pop,59,0
Biking (Solo),Frank Ocean,r&b,59,1
Aukaat,Jassie Gill,rap,59,0
Uebe (feat. Boro Boro),Fred De Palma,r&b,59,0
Once Bitten Twice Shy,Great White,rock,59,1
No Le Baje (Como en los Viejos Tiempos),Miky Woodz,rap,59,0
Found Love (feat. Lovespeake),MOTi,edm,59,0
How I Could Just Kill a Man,Cypress Hill,rap,59,1
Kingston,Faye Webster,r&b,59,1
Free The Frail,JPEGMAFIA,r&b,59,1
Cellophane,FKA twigs,r&b,59,1
Something from Nothing,Foo Fighters,rock,59,0
Warm on a Cold Night,HONNE,pop,59,0
Dreams,Beck,pop,59,0
No Place,Backstreet Boys,pop,59,0
Bye Bye (feat. Ivy Adara),Gryffin,pop,59,0
Good Together,HONNE,pop,59,0
Don't Let Me Down - Hardwell & Sephyx Remix,The Chainsmokers,edm,59,0
Adrenalize,In This Moment,rock,59,0
Anthem Of The Lonely,Nine Lashes,rock,59,0
Siren,Kailee Morgue,pop,59,1
Birch Tree,Foals,pop,59,0
Tessellate,alt-J,pop,59,1
BAD!,R3HAB,edm,59,0
Sheet Music - Episode 02,Vince Staples,rap,59,0
Häagen Dazs,Ghetto Sage,rap,59,1
A Hard Rain's A-Gonna Fall,Bob Dylan,rock,59,1
B-Town (feat. Sunny Malton),Sidhu Moose Wala,rap,59,0
Radioactive,Kings of Leon,rock,59,0
Running the Streets (feat. A Boogie Wit Da Hoodie & Denzel Curry),Rick Ross,r&b,59,1
We Takin' Over,DJ Khaled,rap,59,0
Keke,Lucky Luke,edm,59,0
Beast Mode,Kura,edm,59,0
Spread Your Wings - 2011 Mix,Queen,rock,59,0
Sweet Lady,Tyrese,r&b,59,1
King Of My Castle - Don Diablo Edit,Don Diablo,edm,59,0
Hasta Viejitos (feat. Carlos Vives),Alejandro Gonzalez,latin,59,0
Change (with Kehlani),Arin Ray,r&b,59,0
What You Did (feat. Ella Mai),Mahalia,r&b,59,0
Sangue Ruim,NGC Daddy,rap,59,1
Vem Mulher,Mc Rebecca,rap,59,1
Lovers,Anna of the North,pop,59,1
I Feel Good About This,The Mowgli's,pop,59,0
Easy Tiger,Billy Raffoul,r&b,59,1
No Option (feat. Burna Boy),DJ Snake,rap,59,0
This Picture,Placebo,rock,59,0
Player's Ball,OutKast,rap,59,0
Aerodynamic,Daft Punk,pop,59,0
Ghost,Confetti,pop,59,0
Let's Ride,Q-Tip,r&b,59,0
All The Things (Your Man Won't Do),Joe,r&b,59,0
Multiplica,Meno Tody,rap,59,0
Nicole Bahls,MC Igu,rap,59,0
DRIP,HINAPIA,pop,59,0
Dumb,BVNDIT,pop,59,0
Violet,Daniel Caesar,r&b,59,1
False Alarm,Matoma,pop,59,0
Do You Want To,Franz Ferdinand,rock,59,0
Nadie Muere De Amor,Darkiel,latin,59,0
Enciéndelo,Joseph El De La Urba,latin,59,0
The Bitch Is Back,Elton John,rock,59,0
Elevators (Me & You),OutKast,rap,59,1
Jovem Tralha,Felp 22,rap,59,0
Solo,Faustix,edm,59,0
Física Moderna,Carlos Sadness,latin,59,0
Mis Sentimientos,Los Angeles Azules,latin,59,0
Area Codes,Ludacris,rap,59,0
Super Sad Always,Melanie Faye,r&b,59,1
Children Of Today,Blasterjaxx,edm,59,0
One Way Trigger,The Strokes,rock,59,0
If Not For You,George Harrison,rock,59,0
Movin' Out (Anthony's Song),Billy Joel,rock,59,0
Grave,Summer Walker,r&b,59,1
Too Good,Drake,latin,59,0
God Is A Dancer - Toby Green Remix,Tiësto,edm,59,0
Chupetazos,Caloncho,latin,59,1
Bailar Contigo,Monsieur Periné,latin,59,1
Como Se Perdona,You Salsa,latin,59,0
Hoy (feat. Bad Bunny),Nengo Flow,latin,59,0
Black Horse And The Cherry Tree,KT Tunstall,rock,59,0
No Romeo No Juliet,50 Cent,rap,59,1
Pride (In The Name Of Love) - Remastered 2009,U2,rock,59,0
Timidez,Javiielo,latin,59,1
Tsunami,DVBBS,edm,59,0
Wild Child,W.A.S.P.,rock,59,0
Aloha,Carlos Sadness,latin,59,0
Mr. Brownstone,Guns N' Roses,rock,59,0
Bury Me Low,8 Graves,pop,59,0
Little Poor Me,Layto,pop,59,0
Didn't I (Blow Your Mind This Time),The Delfonics,r&b,59,1
Me Liberé,El Gran Combo De Puerto Rico,latin,59,0
High Tolerance (with Lil Durk feat. NLE Choppa),Only The Family,rap,59,0
Express Yourself,Charles Wright & The Watts 103rd Street Rhythm Band,r&b,59,1
Stay,EDX,edm,59,0
Love On Myself - Keanu Silva Remix,Felix Jaehn,edm,59,0
Desensitize,DREAMERS,rock,59,0
Just Stay,Mauve,latin,59,1
Always,Atlantic Starr,r&b,59,1
Wait (The Whisper Song),Ying Yang Twins,rap,59,1
Sumatra,Nora Van Elken,latin,59,1
Lupino,Magnofield,latin,59,1
these are my friends,lovelytheband,pop,59,0
Ábranse Perras,Gloria Trevi,latin,59,0
Close My Eyes Forever,Lita Ford,rock,59,1
Goodnight Goodnight,Maroon 5,pop,59,0
Years,Alesso,pop,59,0
Feel The Vibe,BJ The Chicago Kid,r&b,59,0
Straight Up,Paula Abdul,r&b,59,0
Falling Like The Stars - Madism Remix,James Arthur,latin,59,1
Waiting for You,Y.V.E. 48,latin,59,0
Grupo bom,UM44K,r&b,59,1
Without You,Promoting Sounds,rap,59,0
Groove Me,King Floyd,r&b,59,1
Back To Life,Soul II Soul,r&b,59,1
Bartier Cardi (feat. 21 Savage),Cardi B,rap,59,0
Daydreams - Sultan + Shepard Echoes Of Life Remix,ARTY,pop,59,0
Buzzing (with Nevve),Audien,pop,59,0
Con Mi Amiga,Daniela Darcourt,latin,59,0
Escándalo,Margarita la diosa de la cumbia,latin,59,0
Kayleigh - 2017 Remaster,Marillion,rock,59,1
Candy Rain,Soul For Real,r&b,59,0
Lucky Man - 2012 Remastered Version,"Emerson, Lake & Palmer",rock,59,1
Whip (feat. Travis Scott),2 Chainz,r&b,59,1
Mind Games - Remastered 2010,John Lennon,rock,59,0
Next Lifetime,Erykah Badu,r&b,59,1
gone,mr_slace,latin,59,1
Blue on Black,Kenny Wayne Shepherd,rap,59,0
Wat Is Je Naam,Yxng Le,latin,59,0
Somewhere,Lucas Estrada,latin,59,0
Nothing Like You,Lucas Estrada,latin,59,0
Right Here - Human Nature Radio Mix,SWV,r&b,59,0
Mess Around,Ray Charles,r&b,59,0
Low Rider,War,r&b,59,1
Far Away,Breaking Benjamin,rock,59,0
Faldita,Leslie Shaw,latin,59,0
Come Together - 2019 Mix,The Beatles,rock,59,1
Over And Over,Nelly,r&b,59,1
U Don't Have to Call,Usher,r&b,59,0
Sao Paulo Sunset,Saib,rap,59,0
Tourniquet,Breaking Benjamin,rock,59,0
Trenches,Pop Evil,rock,59,0
Recuerdos,Nicki Nicole,rap,59,1
Cheapest Flight,PREP,pop,59,0
A Death In The Ocean Would Be Beautiful,$uicideBoy$,rap,59,1
Band Plays On,Lil Wyte,rap,59,0
Sola,Becky G,latin,59,0
Let 'em Burn,Nothing More,rock,59,0
More Than This,Roxy Music,pop,59,1
Lemon Wedge in the Sky,"Sarah, the Illstrumentalist",latin,59,0
Ruin My Life - Steve James Remix,Zara Larsson,pop,58,0
La Tierra del Olvido,Carlos Vives,latin,58,1
Cross Me (feat. Chance the Rapper & PnB Rock) - M-22 Remix,Ed Sheeran,pop,58,0
MOTIVES,kenzie,r&b,58,0
Answer to No One (feat. JJ Lawhorn),Colt Ford,rap,58,0
CHASE,twuan,rap,58,1
The Best of My Love - 2013 Remaster,Eagles,rock,58,1
Still the One,Orleans,rock,58,0
Search for Tomorrow,Kupla,rap,58,1
Radical - Edit,Amtrac,edm,58,0
Floats My Boat,Aer,r&b,58,0
Fuji Opener,Skrillex,edm,58,0
Dembow,Wisin & Yandel,latin,58,0
Lovers + Strangers,Starley,pop,58,0
First Love,Lost Kings,pop,58,0
Keep Going,Syn Cole,edm,58,0
FRIENDS - Borgeous Remix,Marshmello,edm,58,0
Las Flores (feat. Los Auténticos Decadentes),Benjamín Amadeo,latin,58,0
Romantic - NOTD Remix,Stanaj,r&b,58,0
A Song to Sing,Kid Quill,r&b,58,0
My Neck of the Woods,Upchurch,rap,58,1
Te Robaré,Nicky Jam,latin,58,0
Savannah,Diviners,edm,58,0
Same Asshole,Jelly Roll,rap,58,0
Make Me Move,Culture Code,edm,58,0
Mile Away,Kelvyn Colt,r&b,58,1
Happy Song,Bring Me The Horizon,rock,58,0
Wave Time 2 (feat. Chip & Nafe Smallz),Mastermind,r&b,58,1
Paisaje Japonés,Mon Laferte,latin,58,1
Chicago Boy,Ari Lennox,r&b,58,1
Right Now,Fire From The Gods,rock,58,0
Work,MOTi,pop,58,0
LooseScrew,BONES,rap,58,1
Magic Man,Heart,rock,58,1
Morning Dew,Matt Quentin,r&b,58,1
Nadie Como Tu,Wisin & Yandel,latin,58,0
Un Poco Loca (feat. De La Ghetto),Jowell & Randy,latin,58,0
Love Is Not Enough,GATTÜSO,pop,58,0
Call You Mine - Asketa & Natan Chaim Remix,The Chainsmokers,pop,58,0
Sad Tonight,Chelsea Cutler,r&b,58,1
Long Road To Ruin,Foo Fighters,rock,58,0
How Much I Feel,Ambrosia,rock,58,1
Baby I'm-a Want You,Bread,rock,58,1
Lullabyes,Aviscerall,rap,58,1
Rose Garden,Kupla,rap,58,1
New Sky,RÜFÜS DU SOL,edm,58,0
Walls - Joris Voorn Remix,Yotto,edm,58,0
i brought her flowers.,frumhere,rap,58,1
Notion,Kings of Leon,rock,58,0
In My Blood,The Veronicas,pop,58,0
What I Did (feat. Kevin Gates),Yella Beezy,rap,58,0
Get Got,Death Grips,pop,58,0
Antidote,Orion Sun,pop,58,0
Lesson on Counting,"quickly, quickly",rap,58,0
Brisadão Na Dela,Xang,rap,58,1
Llamé Pa' Verte (Bailando Sexy),Wisin & Yandel,latin,58,0
All The Time,Marc Benjamin,edm,58,0
Used To Love (with Dean Lewis) - SWACQ Remix,Martin Garrix,edm,58,0
Taste,Rhye,pop,58,1
Carry On,"Crosby, Stills, Nash & Young",rock,58,1
Yo Se Que Tu Quieres (feat. Ñengo Flow),Sammy & Falsetto,latin,58,0
The Hunted (feat. Sully Erna),Saint Asonia,rock,58,0
Hotel,Dylan Sitts,rap,58,1
Drain You,Nirvana,rock,58,0
Door,Caroline Polachek,r&b,58,1
Two Weeks,FKA twigs,pop,58,0
Them Changes,Thundercat,pop,58,1
BTSTU (Edit),Jai Paul,pop,58,1
17,Youth Lagoon,pop,58,1
She Plays Bass,beabadoobee,r&b,58,0
Lemon - Edit,N.E.R.D,r&b,58,0
Quitate Tu Pa Ponerme Yo,Eddie Dee,latin,58,0
Left Right,Hardwell,edm,58,0
Under,Mac Ayres,r&b,58,1
You're Makin' Me High,Toni Braxton,r&b,58,0
Zero,Liniker e os Caramelows,latin,58,1
Jogo Virou,Cacife Clandestino,rap,58,0
Catalina,ROSALÍA,r&b,58,1
Running Out,Matoma,latin,58,0
The Bird,Anderson .Paak,r&b,58,0
Girl You Know It's True,Milli Vanilli,r&b,58,0
Goodbye Girl,David Gates,rock,58,1
Domino - 1999 Remaster,Van Morrison,rock,58,1
Nightcall,Kavinsky,pop,58,0
Anda Y Ve Lo Dudo,Akwid,rap,58,0
Be Right There,Diplo,edm,58,0
Moodswing,Deauxnuts,rap,58,1
You Don't Know,Psalm Trees,rap,58,1
Remember the Name (feat. Styles of Beyond),Fort Minor,rap,58,0
Murder Was The Case (Death After Visualizing Eternity) (feat. Dat Nigga Daz),Snoop Dogg,rap,58,0
Baby Boy (feat. Beyoncé ),Sean Paul,r&b,58,0
Puedo Ser,Cazzu,rap,58,0
Todas Mueren por Mí,Cartel De Santa,rap,58,0
Show Me Love,Sam Feldt,latin,58,1
Subiendo De Nivel,Jhay Cortez,rap,58,1
Victory (feat. The Notorious B.I.G. & Busta Rhymes),Diddy,rap,58,0
Can I Get A...,JAY-Z,rap,58,0
Fat Beat,Will Sparks,edm,58,0
Eins Zwei,Ummet Ozcan,edm,58,0
Revolution,Diplo,edm,58,0
Rajaner,Kizo,rap,58,0
Narda,Kamikazee,rock,58,0
Colors,Black Pumas,r&b,58,0
Púrpura,Nanpa Básico,latin,58,1
Chemia,BLACHA,rap,58,1
Atlas,Lane 8,edm,58,1
SAVAGES,Ice Nine Kills,rock,58,0
"Any Time, Any Place",Janet Jackson,r&b,58,1
Back Then,Mike Jones,rap,58,0
Frontlines,Zeds Dead,pop,58,0
Who's Crying Now,Journey,rock,58,1
Mi Fanatica,Arcangel,latin,58,0
Big Love - 2017 Remaster,Fleetwood Mac,rock,58,1
Sun In Our Eyes,MØ,edm,58,0
Queen,Perfume Genius,pop,58,0
Jeepney,Sponge Cola,rock,58,0
Aprovecha (feat. Daddy Yankee),Nova y Jory,latin,58,0
Light Beams,Guustavv,rap,58,1
For Those About to Rock (We Salute You),AC/DC,rock,58,0
By Your Side,Jonas Blue,edm,58,0
The Rover,Interpol,rock,58,0
Masaya,Bamboo,rock,58,1
Beer,Itchyworms,rock,58,0
It's No Good,Depeche Mode,rock,58,0
The Rhythm,Don Diablo,edm,58,0
Perdido En Tus Ojos,Don Omar,latin,58,0
True Love,Coldplay,rock,58,0
California Dreamin',farfetch'd,latin,58,0
I Believe in a Thing Called Love,Branches,r&b,58,0
Catch Me (feat. Naaz),Flux Pavilion,edm,58,0
Touch,3LAU,edm,58,0
Upside Down,6cyclemind,rock,58,1
Woman,Neneh Cherry,r&b,58,1
Go DJ,Lil Wayne,rap,58,0
Turn Up,Dimitri Vegas & Like Mike,edm,58,0
Scrub The Ground (feat. DJ Funk),Chocolate Puma,edm,58,0
Los Ageless,St. Vincent,pop,58,0
Take Your Time (Do It Right),The S.O.S Band,r&b,58,1
Old Age,Masego,r&b,58,1
Sun In Our Eyes - Don Diablo Remix,MØ,edm,58,0
Tell Me,Adon,edm,58,1
Urgent,Foreigner,rock,58,0
Been Around the World (feat. The Notorious B.I.G. & Mase),Diddy,rap,58,1
We Can (feat. Tory Lanez),Kranium,latin,58,1
"fuck, i’m lonely (with Anne-Marie) - Ofenbach Remix",Lauv,pop,58,0
There's No Way (feat. Julia Michaels) - Alle Farben Remix,Lauv,pop,58,0
Trzy Butelki,White 2115,rap,58,0
Too Much,Curbi,edm,58,0
What I Am - Recorded at Spotify Studios NYC,Iron & Wine,r&b,58,1
Ruled the World,Hogland,edm,58,0
Oululee Leh,Elyanna,latin,58,0
Silence - Tiësto's Big Room Remix,Marshmello,edm,58,0
Tearz,Wu-Tang Clan,rap,58,1
Bucktown,Smif-N-Wessun,rap,58,0
Real Hip-Hop,Das EFX,rap,58,0
The What,The Notorious B.I.G.,rap,58,0
Me Or The Papes,Jeru The Damaja,rap,58,0
Gandhi Money,DIVINE,rap,58,0
Pa' Que Vuelvas,Lyanno,latin,58,0
Shatter Me Featuring Lzzy Hale,Lindsey Stirling,rock,58,0
Fix Me,10 Years,rock,58,0
Pałac,White 2115,rap,58,0
Trumna,Sarius,rap,58,1
Something Like That,Mike Candys,edm,58,0
Where My Girls At,702,r&b,58,0
In The Middle,dodie,pop,58,1
Party Tattoos,dodie,pop,58,1
Ribs,Lorde,pop,58,1
Pretty Wings - uncut,Maxwell,r&b,58,1
Ghosts,Jacob Tillberg,pop,58,0
La Marcha De Los Tristes,Lng Sht,rap,58,0
"Knowing Me, Knowing You",Jeremy Irvine,r&b,58,0
Ella Y Yo,Aventura,latin,58,0
Nena Fichu,Farruko,latin,58,0
Falsas Mentiras (feat. Ozuna),Los De La Nazza,latin,58,0
Absolutely Smitten,dodie,pop,58,1
Kłapią Gębą,Tymek,rap,58,0
The Underground,Hardwell,edm,58,0
MC's Act Like They Don't Know,KRS-One,rap,58,0
Kohinoor,DIVINE,rap,58,0
Love Me - Felix Cartal's Chill Mix,Felix Cartal,pop,58,0
I'm Not Alone - CamelPhat Remix,Calvin Harris,edm,58,0
Murmaider,Metalocalypse: Dethklok,rock,58,0
Children,MATTN,edm,58,0
Shine A Light,Hardwell,edm,58,0
Rollout (My Business),Ludacris,rap,58,0
I Want You (Forever) - Josh Butler Remix - Radio Edit,Carl Cox,edm,58,0
Best of Me,Anthony Hamilton,r&b,58,0
Half Time,Amy Winehouse,r&b,58,1
Doing Yoga,Kazy Lambist,rock,58,0
Wanna Be,The Internet,r&b,58,1
The Power of Love,Jennifer Rush,rock,58,1
Bam Bam,Laidback Luke,edm,58,0
Satisfacción,Nicky Jam,rap,58,1
I Ain't Mad At Cha,2Pac,r&b,58,0
Pagol,Deep Jandu,rap,58,0
Stop Draggin' My Heart Around (with Tom Petty and The Heartbreakers) - 2016 Remaster,Stevie Nicks,rock,58,1
Dance the Night Away - 2015 Remaster,Van Halen,rock,58,0
Sweatshirt,X Lovers,edm,58,1
Feel It Still,Revelries,latin,58,0
Get Money,Junior M.A.F.I.A.,rap,58,0
Express Yourself,N.W.A.,rap,58,1
Galway Girl - Martin Jensen Remix,Ed Sheeran,latin,58,0
96 Quite Bitter Beings,CKY,rock,58,0
Phenomenon,Thousand Foot Krutch,rock,58,0
In questa città,Max Pezzali,r&b,58,0
Tiempo De Vals,Chayanne,latin,58,1
Piel Morena,Thalía,latin,58,0
Call Me A Spaceman - Radio Edit,Hardwell,edm,58,0
You're All I Need,White Lion,rock,58,1
The Spark,Afrojack,edm,58,0
Snuff,Slipknot,rock,58,0
American Boyfriend,Kevin Abstract,r&b,58,0
I Wanna Sex You Up - Single Mix,Color Me Badd,r&b,58,0
So Anxious,Ginuwine,r&b,58,1
Down By The Water,PJ Harvey,rock,58,1
love somebody like you,joan,pop,58,0
Mi Vecinita,Plan B,latin,58,0
Warpaint,88rising,r&b,58,0
Bake Sale (feat. Travis Scott),Wiz Khalifa,rap,58,0
Daylight,Maroon 5,latin,58,0
Hanoï café,Bleu Toucan,rock,58,0
I Get Off,Halestorm,rock,58,0
Ginger,Riton,edm,58,0
Calypso,Round Table Knights,edm,58,0
123456,Fitz and The Tantrums,pop,58,0
Barely Breathing,Duncan Sheik,rock,58,0
Don't You Worry Child - Acoustic Version,Swedish House Mafia,latin,58,0
I Feel The Love,Tritonal,edm,58,0
Denial,Sevendust,rock,58,0
ONE OF US,FEVER 333,rock,58,0
Pretending (feat. Jessie Reyez),A Boogie Wit da Hoodie,r&b,58,1
Easy to Adore You,Mauve,latin,58,0
Shadow Of Your Love,Guns N' Roses,rock,58,0
Peninsula,Flughand,rap,58,1
Like I Remember You,Vera Blue,pop,58,1
One,Måns Zelmerlöw,r&b,58,0
Clean up Woman,Betty Wright,r&b,58,1
Ain't No Love In The Heart Of The City - Single Version,"Bobby ""Blue"" Bland",r&b,58,1
Jam,Michael Jackson,r&b,58,0
Faded Pictures,Case,r&b,58,1
Is She Really Going Out With Him?,Joe Jackson,rock,58,1
Animal,Eladio Carrion,rap,58,0
Un Minutito,Aleman,rap,58,1
2am,Karan Aujla,rap,58,0
So High,Sidhu Moose Wala,rap,58,0
We Like To Party,RetroVision,edm,58,0
Echoes,Dontcry,rap,58,1
Tres Rosas,Seven Kayne,rap,58,1
"Gonna Love Me (feat. Ghostface Killah, Method Man & Raekwon) - Remix",Teyana Taylor,r&b,58,1
Middle Finger,Phoebe Ryan,pop,58,0
Walk Idiot Walk,The Hives,rock,58,0
Leave It In My Dreams,The Voidz,rock,58,0
Suffragette City - 2012 Remaster,David Bowie,rock,58,0
It's Love (feat. Matthew Young),Cosmo's Midnight,edm,58,0
Antes de Morirme,Miky Woodz,latin,58,0
Gold (Stupid Love),Excision,edm,58,0
Again - Alan Walker Remix,Noah Cyrus,edm,58,0
This I Love,Guns N' Roses,rock,58,1
Immigrant Song - 1990 Remaster,Led Zeppelin,rock,58,0
Tha Shiznit,Snoop Dogg,rap,58,0
Ontas?,Alex Rose,latin,58,0
Upside Down,Paloma Faith,edm,58,0
Freak Me,Silk,r&b,58,0
Spread Your Love,Black Rebel Motorcycle Club,rock,58,0
Little Bad Girl (feat. Taio Cruz & Ludacris),David Guetta,pop,58,0
Time After Time (feat. Jessie Ware),Franky Wah,edm,58,0
First Time,illusionize,edm,58,0
I'm Good,The Mowgli's,pop,58,0
Limestone,Magic City Hippies,pop,58,1
By,HNNY,rap,58,1
Stuck,Jome,pop,58,1
Something About You - Single Version,Level 42,rock,58,1
Take Me Home (feat. Bebe Rexha),Cash Cash,edm,58,0
Laura no està,Nek,latin,58,0
Quarteto Fodástico,Perera DJ,rap,58,1
Nossa Que Isso (feat. Mc Rebecca & MC Rogê),WC no Beat,rap,58,0
Out For Blood,Sum 41,rock,58,0
Who I Am,Wage War,rock,58,0
Ya No Tiene Novio - Remix,Sebastian Yatra,latin,58,0
Sweet Life,Frank Ocean,r&b,58,0
Mamita (feat. Natalia Lafourcade),Rawayana,latin,58,1
No Cap,Future,rap,58,0
It's All About Me,Mýa,r&b,58,1
Tremor - Sensation 2014 Anthem,Dimitri Vegas & Like Mike,edm,58,0
Won't Stop Rocking,R3HAB,edm,58,0
So Easy,Triple One,rap,58,0
Cat Scratch Fever,Ted Nugent,rock,58,0
Fractures,ILLENIUM,edm,58,0
No Podrás,Cristian Castro,latin,58,0
Wreckonize - Remix Vocal,Smif-N-Wessun,rap,58,1
"Getting Late (From ""Queen & Slim: The Soundtrack"")",Syd,r&b,58,1
Feel The Vibe (Uh Uh),Dubdogz,edm,58,0
SELECTA 19,JOYRYDE,edm,58,0
Cat Pack,AJ Tracey,rap,58,0
Heavy Metal,Sammy Hagar,rock,58,0
Strangers,Seven Lions,edm,58,0
Photograph,Ringo Starr,rock,58,1
You'll Always Find Your Way Back Home,Hannah Montana,pop,58,0
Feels Good,Tony! Toni! Toné!,r&b,58,0
Rebirth Of Slick (Cool Like Dat),Digable Planets,rap,58,1
On The Drums,Pickle,edm,58,0
Mojadero,Mark B.,latin,58,0
Helt Stabil,Fouli,rap,58,0
Flirtin' with Disaster,Molly Hatchet,rock,58,0
Silly Love Songs - 1993 Digital Remaster,Wings,rock,58,1
En Barranquilla Me Quedo,Joe Arroyo,latin,58,0
Tiburon,Proyecto Uno,latin,58,0
Dancing On Glass,St. Lucia,pop,58,0
What About Your Friends,TLC,r&b,58,0
Lighthouse - Andrelli Remix,Hearts & Colors,latin,58,0
Contact,Lulleaux,latin,58,0
Could Be You (feat. Danny Dearden),Michael Calfan,edm,58,0
Hold On,En Vogue,r&b,58,1
La Bamba - 45 Version,Los Lobos,rock,58,0
Love Hurts,Nazareth,rock,58,1
Who Am I (feat. Conrad Sewell),Enzo Ingrosso,edm,58,0
Transform (feat. Charlotte Day Wilson),Daniel Caesar,r&b,58,1
This Mess We're In,PJ Harvey,rock,58,1
Lost Soul,Deniz Koyu,edm,58,0
"The Best of Both Worlds - From ""Hannah Montana""/Soundtrack Version",Hannah Montana,pop,58,0
Macarena,Los Del Rio,latin,58,1
Blame It On Waylon,Josh Thompson,pop,58,0
Nice to Know You,Incubus,rock,58,0
Don't Leave Me Lonely - Purple Disco Machine Remix,Mark Ronson,pop,58,0
Holdet (feat. NODE),Jamaika,rap,58,0
TOGETHER,KAYTRANADA,r&b,58,0
Social Sites,Cosmo Pyke,r&b,58,0
Boomerang,Lalo Ebratt,latin,58,0
Dame Bien,Mala Rodríguez,latin,58,0
Lovely,Brent Faiyaz,r&b,58,1
Don't Let Me Down - W&W Remix,The Chainsmokers,edm,58,0
En el aire (feat. Abel Pintos),Vanesa Martín,latin,58,1
I Could Get Used To This,Martin Jensen,pop,58,0
Lying from You,Linkin Park,rock,58,0
Freek'n You,Jodeci,r&b,58,1
San Francisco (feat. Sofia Carson),Galantis,pop,58,0
P.D.A. (We Just Don't Care),John Legend,r&b,58,0
I Am,James Arthur,r&b,58,1
Qa bone,Azet,rap,58,0
Santa Baby,Eartha Kitt,r&b,58,1
Shopping,Meno Tody,rap,58,0
Home To You,Sigrid,pop,58,1
Me Gustas,La Banda Baston,latin,58,0
Addiction (feat. Lil Wayne & Saweetie),Big K.R.I.T.,rap,58,0
Fire on the Mountain,The Marshall Tucker Band,rock,58,0
Party All the Time,Eddie Murphy,rock,58,1
PICK ME,PRODUCE 48,pop,58,0
Like always,X1,pop,58,0
Rosa,Anitta,latin,58,0
Frikitona,Plan B,latin,58,0
Soul Food,Logic,rap,58,0
Yuck,Logic,rap,58,0
BoomTrap Protocol,Logic,rap,58,0
Can I Kick It,Logic,rap,58,0
in my miNd,Maty Noyes,pop,58,0
Borderline - Vanic Remix,Tove Styrke,pop,58,0
Butterflies and Hurricanes,Muse,rock,58,1
Survival,Muse,rock,58,0
Map of the Problematique,Muse,rock,58,0
Me Estas Tentando,Wisin & Yandel,latin,58,0
Soulshine,The Allman Brothers Band,rock,58,0
Fireflies (feat. Luciana),Bassjackers,edm,58,0
Won't Live Here,Daniel Caesar,r&b,58,1
Like I Love You,Lost Frequencies,pop,58,0
Si Tú No Estás,Gente De Zona,latin,58,0
Who Cares,EDX,edm,58,0
Con To',Maikel Delacalle,latin,58,0
You Used to Love Me,Faith Evans,r&b,58,1
I'm a Mess - Acoustic,Bebe Rexha,pop,58,1
The Drill,Magnificence,edm,58,0
Quiet Mornings,Mr. Käfer,rap,58,1
Stand By (feat. Rudimental) [#CWC19],LORYN,pop,58,0
Start of Something New,Melodyia Music,pop,58,0
"Fabulous - From ""High School Musical 2""/Soundtrack Version",Sharpay Evans,pop,58,0
Have Yourself a Merry Little Christmas,Pentatonix,r&b,58,1
Cosas Ricas,Yera,latin,58,0
Good Thing (feat. Kehlani) - Grant Remix,Zedd,pop,58,0
The Second You Sleep,Saybia,rock,58,1
Piledriver Waltz,Arctic Monkeys,rock,58,0
La Bebe,"Secreto ""El Famoso Biberon""",latin,58,0
I Ran (So Far Away),A Flock Of Seagulls,rock,58,1
Louboutin,Frenna,latin,58,0
Cazador,Matt Hunter,latin,58,0
Mamacita,KM,latin,58,0
Worldwide,Big Time Rush,pop,58,0
A Night to Remember - Original Version,High School Musical Cast,pop,58,0
All Things Must Pass,George Harrison,rock,58,1
Me Voy - Remix,Rombai,latin,58,0
Late Night Feelings - Jax Jones Midnight Snack Remix,Mark Ronson,pop,58,0
California,Childish Gambino,r&b,58,1
El Niágra En Bicicleta - En Vivo Estadio Olímpico De República Dominicana/2012,Juan Luis Guerra 4.40,latin,58,0
Métele Sazón,Luny Tunes,latin,58,1
Say Yes,Floetry,r&b,58,1
Do You Mean (feat. Ty Dolla $ign & bülow) - Myon Remix,The Chainsmokers,pop,58,0
Safety (feat. DJ Snake) - Dark Heart 2am Mix,GASHI,pop,58,0
Stay (Don't Go Away) [feat. Raye] - Mark Knight Remix,David Guetta,pop,58,0
Major Tom - Coming Home,Peter Schilling,pop,58,1
sobeautiful,Musiq Soulchild,r&b,58,0
D(R)Own,Ghostemane,rap,58,0
Wrongs,Krept & Konan,r&b,58,0
Spend My Life with You,Eric Benét,r&b,57,1
Big in Japan - Best of-Version,Alphaville,pop,57,1
Song to Say Goodbye,Placebo,rock,57,0
Move Bitch,Disturbing Tha Peace,rap,57,0
In Your Eyes,Ellipso,edm,57,0
Caravane,Raphaël,rock,57,1
Impatient Freestyle,Drakeo the Ruler,rap,57,1
Comfort Inn Ending (Freestyle),Jhené Aiko,r&b,57,1
Lovin' You,Minnie Riperton,rock,57,1
Tin Man,America,rock,57,1
"Amor, Amor, Amor (feat. Wisin)",Jennifer Lopez,latin,57,0
Youngblood - R3HAB Remix,5 Seconds of Summer,edm,57,0
The Dirt (Est. 1981) [feat. Machine Gun Kelly],Mötley Crüe,rock,57,0
Ordinary Pleasure,Toro y Moi,r&b,57,0
Aquiver,Le Youth,edm,57,0
Say It,Flume,rap,57,1
Just Friends (Sunny),Musiq Soulchild,r&b,57,1
Papi,Jennifer Lopez,latin,57,0
El Ritmo de Mi Corazón,Gian Marco,latin,57,0
Ma Lo,Tiwa Savage,r&b,57,0
All The Love You Got,MOTi,pop,57,0
Anything Could Happen,Ellie Goulding,pop,57,0
MAYDAY (feat. Sheck Wes & Young Thug),CHASE B,r&b,57,0
Hit The Flow,Landis,edm,57,0
Wake Up This Day,Tom Misch,r&b,57,1
Like Someone In Love,Bruno Major,r&b,57,1
Louder - Radio Edit,Dimitri Vegas & Like Mike,edm,57,0
Perdí Mi Ojo de Venado,Caifanes,rock,57,0
I Cry,Flo Rida,pop,57,0
Big Time Rush,Big Time Rush,pop,57,0
I Smile,Kirk Franklin,r&b,57,0
Summers Over Interlude,Drake,r&b,57,1
Reckless,Hardwell,edm,57,0
Too Far Gone,Lost Kings,pop,57,0
Charlene,Anthony Hamilton,r&b,57,1
Eyes Wide Open,Sabrina Carpenter,pop,57,0
Now That I've Found You,Martin Garrix,pop,57,0
Wasting Time,The Mowgli's,pop,57,0
Viraal,Frenna,latin,57,0
Can't Stop Singing,Ross Lynch,pop,57,0
Tussi,Marcianos Crew,rap,57,1
Throwback,Brytiago,latin,57,0
Subelo (Further Up),Static & Ben El,latin,57,0
Soon as I Get Home,Faith Evans,r&b,57,1
Mental Fallout,Jorge Milliano,rap,57,1
Ordinary Day (ft. Hailee Steinfeld),Logic,rap,57,0
Alone (feat. Anjulie & Jeffrey Jey) - Club Mix,Marnik,edm,57,0
Run It,Logic,rap,57,0
What I'd Give,LVNDSCAPE,latin,57,0
OooWee,Rapsody,r&b,57,0
Because I’m Me,The Avalanches,r&b,57,0
Qué Hay de Malo - Reggae Version,Farruko,latin,57,0
Atrebor,Flughand,rap,57,1
Perspective,Oatmello,rap,57,1
I Saw Mommy Kissing Santa Claus,The Jackson 5,r&b,57,0
Sunday Afternoon,Oatmello,rap,57,1
Skyline,Möwe,latin,57,0
Sweet Munchies,Cat Dealers,edm,57,0
Wrist,Logic,rap,57,0
Opposite Of Adults,Chiddy Bang,pop,57,0
I Don't Care Anymore - 2016 Remaster,Phil Collins,rock,57,1
Army Of Me,Björk,rock,57,0
We Are the Young,Addal,pop,57,0
What Do You Love,Seeb,pop,57,0
Loco,M2H,rock,57,1
Room Shaker,Ailee,pop,57,0
Niet Alsof (feat. MHD),Dopebwoy,latin,57,0
Je Kent ’t Wel,Chivv,latin,57,0
Gitaren Body,Architrackz,latin,57,1
Waiting for You,The Aces,pop,57,1
Warm Water - Snakehips Remix,BANKS,r&b,57,0
Ik Mis Je,Architrackz,latin,57,1
That's What Friends Are For,Dionne Warwick,rock,57,1
Kindergarten,chloe moriondo,pop,57,1
MIDDLE OF THE NIGHT,Elley Duhé,pop,57,0
Allstars,Sa4,rap,57,0
Wandering Romance,Jorja Smith,r&b,57,1
Mad Love,Sean Paul,edm,57,0
Honky Cat,Elton John,rock,57,0
HEAVEN AND BACK,Chase Atlantic,pop,57,0
Habiba,Boef,pop,57,0
Electric Feel (Kygo Remix),Henry Green,latin,57,1
Tear Me Down (feat. Philip Rustad),Davai,latin,57,0
Habri Pia,Broederliefde,latin,57,0
Ella,Sky Rompiendo,latin,57,0
Unstoppable,The Him,edm,57,0
Woman,HONNE,r&b,57,1
So Predictable,Set It Off,pop,57,0
Do You Ever?,Phil Good,pop,57,1
Maldito miedo (feat. Soge Culebra),Alex Ubago,latin,57,0
Mo Reala,Zaytoven,rap,57,1
Been Caught Stealing,Jane's Addiction,rock,57,0
Zumba,Don Omar,latin,57,0
Game Over,Martin Garrix,edm,57,0
rains,sagun,rap,57,1
Control,Winona Oak,pop,57,1
Faith (with Dolly Parton) [feat. Mr. Probz] - Acoustic,Galantis,pop,57,1
This Is Our Time,WILD,pop,57,0
Mad,Solange,r&b,57,0
STANDARD,I$WAAL,rap,57,0
La Vida Es Un Carnaval,Celia Cruz,latin,57,0
Traffic Jam,Banx & Ranx,latin,57,0
Shopping (feat. Kesi & Stepz),Benny Jamz,rap,57,0
I'm In Control,AlunaGeorge,pop,57,0
Fever,Don Diablo,edm,57,0
holy terrain,FKA twigs,r&b,57,1
Just Like You,Three Days Grace,rock,57,0
Fogo de Chão,Costa Gold,rap,57,0
Seventeen,Winger,rock,57,1
Before I Let You Go,Blackstreet,r&b,57,1
Constant Craving,k.d. lang,rock,57,0
Hola Beba,Farruko,latin,57,1
Bow Down,Westside Connection,rap,57,1
Breakin' My Heart (Pretty Brown Eyes),Mint Condition,r&b,57,1
Stitches and Burns,Fra Lippo Lippi,rock,57,1
Alive - 2006 Remaster,P.O.D.,rock,57,0
Eu Tenho Drip,Derek,rap,57,1
Equilíbrio,Krawk,rap,57,1
BIG TYME,Rick Ross,rap,57,0
Alone Again,Dokken,rock,57,0
Funk #49,James Gang,rock,57,0
A Little Less Conversation (feat. The Great Escape),Nebbra,rap,57,1
Never Be The Same,Tritonal,edm,57,0
Rescue Me,DubVision,edm,57,0
Devil's in the Backseat,Lostboycrow,pop,57,0
Back & Forth,Aaliyah,r&b,57,0
La niña fresa,Banda Zeta,latin,57,0
Lucky,Radiohead,rock,57,1
Opa,Dimitri Vegas & Like Mike,edm,57,0
"Mucho más allá - De ""Frozen 2""",David Bisbal,pop,57,0
Celébrate,Miki Núñez,pop,57,0
Poem,Taproot,rock,57,0
Unforgettable (feat. Swae Lee) - Major Lazer Remix,French Montana,edm,57,0
Dance Monkey,Coopex,edm,57,0
Dreamlover,Mariah Carey,r&b,57,0
Get Down,Nas,rap,57,0
Lions in the Wild,Martin Garrix,edm,57,0
Memo,Young Thug,rap,57,0
Ban Drill,Krept & Konan,rap,57,0
Big Log - 2006 Remaster,Robert Plant,rock,57,0
Broken,From Ashes to New,rock,57,0
Cotton Eye Joe,Rednex,latin,57,0
Fake Heartbreak,Audrey Mika,r&b,57,0
Chamei Chamando,Mc Don Juan,rap,57,1
Os Clínicos,MC Cabelinho,rap,57,0
Balenci,Larry 44,rap,57,0
Intoxicated - Radio Edit,Martin Solveig,pop,57,0
Written in the Stars (feat. Eric Turner),Tinie Tempah,pop,57,0
The Next Time I Fall (with Amy Grant),Peter Cetera,rock,57,1
Beauty,Dru Hill,r&b,57,1
Luka,Suzanne Vega,rock,57,0
Melt My Heart to Stone,Adele,r&b,57,1
My Immortal - Band Version,Evanescence,r&b,57,1
Pyramids (feat. Sanjin) - Radio Mix,DVBBS,edm,57,0
Business Men,LEVZ,rap,57,1
Harlem,New Politics,pop,57,0
1000 Nights,FRENSHIP,pop,57,0
Whatchusay,Sevyn Streeter,r&b,57,0
Do You Really Want It,Nothing More,rock,57,0
Encore,Red Hot Chili Peppers,rock,57,1
Shorty,Jerry Di,latin,57,0
Los Puti (with Lele Pons & Lyanno),Favian Lovo,latin,57,0
FALL,deadmau5,edm,57,0
Valet (feat. Fetty Wap and 2 Chainz),Eric Bellinger,rap,57,0
Matches,Cash Cash,edm,57,0
Mama Said Knock You Out (feat. Tech N9ne),Five Finger Death Punch,rock,57,0
First Things First,Stormzy,rap,57,0
Dreaming,Smallpools,pop,57,0
Grounds,DLJ,rap,57,1
Solamente tú,Pablo Alborán,latin,57,1
Lunar,Madison Mars,edm,57,0
ÓhUhLança,Recayd Mob,rap,57,0
Favela,MC Cabelinho,rap,57,0
Too Shy,Kajagoogoo,rock,57,0
If I Ever Lose My Faith In You,Sting,rock,57,0
Pretty in Pink,The Psychedelic Furs,rock,57,0
Floor Seats,A$AP Ferg,rap,57,0
Let Me Love You,SJUR,pop,57,0
No More,Disturbed,rock,57,0
Favorite Liar,The Wrecks,pop,57,0
Feels Like Summer,Weezer,pop,57,0
Painting (Masterpiece),Lewis Del Mar,pop,57,0
Blame It on the Boom Boom,Black Stone Cherry,rap,57,0
Faint,Memphis May Fire,rock,57,0
Now That We Found Love,Heavy D & The Boyz,r&b,57,1
We Got Love - Joel Corry Remix,Sigala,edm,57,0
Hollow Life,Coast Modern,pop,57,0
Depiction,Wenzel,rap,57,1
Rhythm Is A Dancer,SNAP!,pop,57,1
Si tú no vuelves,Miguel Bosé,latin,57,1
Hardcore Vibes,Dune,pop,57,1
God Is a DJ,Faithless,pop,57,0
Trendy,Brothers,rap,57,0
Hectic (feat. J Emz),Manu Crooks,rap,57,1
Put That Woman First,Jaheim,r&b,57,1
Mambeado,Onda Vaga,latin,57,0
9 Times Out Of 10,Big Havi,edm,57,1
Venus Fly,Grimes,pop,57,0
Take It Away,RL Grime,edm,57,0
"Gang Up (with Young Thug, 2 Chainz & Wiz Khalifa feat. PnB Rock)",Young Thug,rap,57,0
Whisper,Boombox Cartel,edm,57,0
Show Yourself,Mastodon,rock,57,0
My Michelle,Guns N' Roses,rock,57,0
Drop That Low (When I Dip) - Timmy Trumpet Remix,Tujamo,edm,57,0
The Watcher,Dr. Dre,rap,57,0
Talk Slow,Cody Lovaas,pop,57,0
hold on,flor,pop,57,0
We Got The Beat,The Go-Go's,rock,57,0
Mala Costumbre,Lalo Ebratt,latin,57,0
Peace,Alison Wonderland,pop,57,0
Pushing 21,Liv Dawson,pop,57,1
Cocktails,Syndrome,rap,57,1
Evenings,Idealism,rap,57,1
Never Be Lonely (feat. Envy Monroe),Blasterjaxx,edm,57,0
Everyday Struggle - 2005 Remaster,The Notorious B.I.G.,rap,57,0
Cissy Strut,The Meters,r&b,57,0
Congratulations - Remix,Post Malone,rap,57,0
2020,Great Good Fine Ok,pop,57,0
Stay Young,Mike Perry,pop,57,0
Too Young,Phoenix,pop,57,0
On the River,Young Dolph,rap,57,1
EARFQUAKE - Channel Tres Remix,"Tyler, The Creator",edm,57,0
Down By The River,Milky Chance,rock,57,1
How We Party,R3HAB,edm,57,0
(Feels Like) Heaven,Fiction Factory,rock,57,0
Close,Ella Mai,r&b,57,1
Stargazing,sapientdream,pop,57,1
Love Me Back,RITUAL,pop,57,0
Friends Go,Maggie Lindemann,pop,57,0
Lead Me Back,San Holo,pop,57,0
I Believe I'm Fine,Robin Schulz,pop,57,0
By My Side,Mauve,latin,57,1
Wild Wild Son,Armin van Buuren,pop,57,0
Save Me Pt 2 (feat. Austin Lam),Ski Mask The Slump God,r&b,57,1
Like Lovers Do,NLSN,latin,57,0
FU4E,Lost Kings,pop,57,0
Só Você,DONATTO,r&b,57,1
Soy Un Desastre,Timbiriche,latin,57,0
Te Conozco,Ricardo Arjona,latin,57,0
Over You,Daughtry,rock,57,0
Shorty Wanna Ride,Young Buck,rap,57,0
Other Side Of The Game,Erykah Badu,r&b,57,1
House Of Gold,Atreyu,rock,57,0
Spar (feat. 6LACK & Kodak Black),Dreezy,r&b,57,0
Movement,Lylos,latin,57,1
Samurai (feat. Big Soto),Lit Killah,rap,57,0
Reality (feat. Janieck Devy) - Radio Edit,Lost Frequencies,pop,57,0
Da Funk,MEDIKAL,edm,57,0
Motownphilly,Boyz II Men,r&b,57,0
Faneto,Chief Keef,rap,57,0
Swingin Party - 2008 Remaster,The Replacements,rock,57,0
Little Prince (feat. NIKI),Rich Brian,r&b,57,1
Dalla tua parte,Alessandra Amoroso,r&b,57,1
Leaving (feat. Yuna),Ekali,edm,57,0
You Don't Even Know Me,SLANDER,edm,57,0
Take You Down,ILLENIUM,edm,57,0
"Go Hard, Go Home (feat. Giz, Swellz & Choppa)",Roy Jones Jr.,rock,57,0
31 / 10,RKCB,pop,57,1
Maybe You're the Reason,The Japanese House,pop,57,0
If I Ain't Got You,Dan Talevski,pop,57,1
"Know No Better (feat. Travis Scott, Camila Cabello & Quavo)",Major Lazer,pop,57,0
If It Isn't Love,New Edition,r&b,57,0
Full Moon,Brandy,r&b,57,0
Hasta Que Se Seque el Malecón,Jacob Forever,latin,57,0
Febreze (feat. 2 Chainz),Jack Ü,pop,57,0
Nowy Kolor,Otsochodzi,rap,57,1
Robię Yeah (prod.by FRNKIE),K Koke,rap,57,1
MINIMINI,2K,rap,57,1
Carito,Carlos Vives,latin,57,0
Like That,NGHTMRE,edm,57,0
Pegadito,Tommy Torres,latin,57,1
Booyah 2018 Remixes (feat. We Are Loud & Sonny Wilson) - Breathe Carolina Remix,Showtek,edm,57,0
Ring The Alarm,Nicky Romero,edm,57,0
Peaches & Cream (feat. P. Diddy),112,r&b,57,0
Heavy,POWERS,pop,57,0
Hood Nigga,Gorilla Zoe,rap,57,0
Karma,Lloyd Banks,rap,57,0
Schnapp!,Gzuz,rap,57,0
No Diggity,Nick Murphy / Chet Faker,r&b,57,1
Follow - Radio Edit,Breaking Benjamin,rock,57,0
Breathe,Lonely in the Rain,edm,57,1
Dreams,Van Halen,rock,57,1
No Less,G-Eazy,r&b,57,1
Perros Salvajes,Daddy Yankee,latin,57,0
Feel The Heat,Bon Lui,latin,57,0
"Dollar - From ""Dakuaan Da Munda""",Sidhu Moose Wala,rap,57,0
Riptide,Unlike Pluto,pop,57,0
Monks,Frank Ocean,r&b,57,0
Ayer La Vi,Don Omar,latin,57,0
This Is Why I'm Hot,MiMS,rap,57,0
Wallah,DIVINE,rap,57,0
Toi Et Moi,Paradis,rock,57,0
Worst Day of My Life,Cal Scruby,rap,57,1
Sola,Khea,rap,57,0
Te Quiero,Flex,latin,57,0
Sleepwalking,The Chain Gang Of 1974,pop,57,0
Mister Glassman,Scotty Sire,pop,57,1
Sentimientos Escondidos - Remix,J Alvarez,latin,57,0
La Magia,Sabino,rap,57,0
Crazy,TRFN,edm,57,1
Ki Kehna (feat. R3HAB),QARAN,latin,57,0
Precious,Depeche Mode,rock,57,0
I Know There's Gonna Be (Good Times) [feat. Popcaan],Young Thug,r&b,57,1
Angel,Zack Knight,latin,57,0
Small Town Boy,Żabson,rap,57,0
Fallen Angel - Remastered,Poison,rock,57,0
Bailando - English Version,Enrique Iglesias,latin,57,0
Rush,The Score,rock,57,0
Secret Smile,Semisonic,rock,57,1
Dying for You (feat. Alex Aris),Otto Knows,pop,57,1
Go Your Own Way,Fleetwood Mac,rock,57,0
This Woman's Work,Maxwell,r&b,57,1
Nakamarra (feat. Q-Tip),Hiatus Kaiyote,r&b,57,1
Grillz - Dirty,Nelly,rap,57,0
Karate,R3HAB,edm,57,0
Mona Lisa (prod.Dio Mudara),Malik Montana,rap,57,1
rower (joint lover),chillwagon,rap,57,0
Here with Me,Susie Suh,pop,57,1
Not Fair,Lily Allen,pop,57,0
TIRy,BORCREW,rap,57,1
Bigroom Never Dies,Hardwell,edm,57,0
Live Forever,Oasis,rock,57,0
Can't Stop Playing (Makes Me High) [feat. Ane Brun] - Oliver Heldens & Gregor Salto Vocal Mix Edit,DR. KUCHO!,edm,57,0
After Life (feat. Stacy Barthe),Tchami,edm,57,0
Another's Arms,Coldplay,rock,57,0
Good Vibrations,Marky Mark And The Funky Bunch,r&b,57,0
Lesson Learned (feat. John Mayer),Alicia Keys,r&b,57,1
Bad Blood,Nao,r&b,57,1
Ella Es Mi Fiesta - Remix,Carlos Vives,latin,57,0
Bailar (feat. Pitbull & Elvis Crespo),Deorro,latin,57,0
Round And Round,Ariel Pink,r&b,57,1
All My Happiness is Gone,Purple Mountains,r&b,57,0
I Don't Wanna Be Funny Anymore,Lucy Dacus,r&b,57,0
los Disicipulos,Eddie Dee,latin,57,0
Sandalan,6cyclemind,rock,57,0
Roll with the Changes,REO Speedwagon,rock,57,0
Nico's Red Truck,Dijon,pop,57,1
Alone,Petit Biscuit,edm,57,1
Fall In Line (feat. Demi Lovato),Christina Aguilera,r&b,57,0
Chaos And Earthquakes,Nonpoint,rock,57,0
Tú No Eres Para Mi,Fanny Lu,latin,57,0
Get Back,Ludacris,rap,57,0
Unthinkable,Idealism,rap,57,1
distance,Nohidea,rap,57,1
Careless,Coastal,rap,57,1
Lola Montez,Volbeat,rock,57,0
Bravi Ragazzi,Tymek,rap,57,0
Justin Bieber,Oki,rap,57,0
K4FLE!,Young Multi,rap,57,0
Agree to Disagree,Sleeping With Sirens,rock,57,0
On The Wings Of Love,Jeffrey Osborne,r&b,57,1
Flutua,Johnny Hooker,latin,57,0
Un Par De Balas,C-Kan,rap,57,0
No Pressure,Mahalia,r&b,57,1
Gemini (feat. George Maple),What So Not,pop,57,0
Cold as Ice - 2008 Remaster,Foreigner,rock,57,0
Op Opa,Gaullin,edm,57,0
Green Light (feat. André 3000),John Legend,r&b,57,0
Float,SPEECHLESS,rap,57,1
Espoir,Philanthrope,rap,57,1
Mafo,Naira Marley,latin,57,0
Stay,Cueshé,rock,57,0
Say It,Phantoms,pop,57,0
Rivers,Thomas Jack,latin,57,0
Can We Pretend (feat. Cash Cash) - Sigala Remix,P!nk,pop,57,0
Otro Round,Brytiago,rap,57,0
Peleamos Mañana,Jon Z,rap,57,0
Condiciones,Maikel Delacalle,rap,57,0
Bailar Contigo,Carlos Vives,latin,57,0
Hopeless Boy (feat. David Ortiz),King Lil G,latin,57,0
Torete,Moonstar88,rock,57,1
Lady,Rema,r&b,57,0
De Qué Sirve,Paulina Rubio,latin,57,0
Culpable O No,Ana Guerra,latin,57,0
Te Adoraré,Ricardo Montaner,latin,57,0
Manuela,Sharlene,latin,57,0
Magic,Pilot,rock,57,0
In My Arms (feat. Norma Jean Martine),The Him,edm,57,0
Say It to My Face,Madison Beer,pop,57,0
All Eyez (feat. Jeremih) [Bonus Track],The Game,rap,57,0
Back to Life,Sofasound,rap,57,1
we'll stay inside when it rains,Rook1e,rap,57,1
Multidimensional,"Sarah, the Illstrumentalist",rap,57,1
I Just Want To Be Your Everything,Andy Gibb,rock,57,0
A Ella,KAROL G,latin,57,0
10K,Raffa Moreira,rap,57,1
Disimulas,Alex Rose,rap,57,0
HOLD UP (feat. Queen Naija),DDG,r&b,57,0
Home,Caribou,r&b,57,0
Quiero Cantar,Abel Pintos,latin,57,0
Such a Shame,Talk Talk,pop,57,1
Until You Were Gone,The Chainsmokers,edm,57,0
Hasta Abajo,Don Omar,latin,57,0
Por Ti,Belanova,pop,57,0
Pra Vida Inteira,Silva,latin,57,0
Suburban Forest Rain 2,Aquagirl,latin,57,0
Chill Waves & Wind in Leaves,Pinetree Way,latin,57,1
With You - LöKii Remix,Kaskade,pop,57,0
Sippin On Some Syrup (feat. UGK (Underground Kingz) & Project Pat),Three 6 Mafia,rap,57,0
To Live And Die In L.A.,Makaveli,rap,57,0
Low,Lenny Kravitz,rock,57,0
Impermanence,autumn keys,rap,57,1
Heartless (feat. Rick Ross & Bigga Rankin),YFN Lucci,rap,57,0
Wavybone,A$AP Rocky,rap,57,0
Gretel,(Sandy) Alex G,r&b,57,0
Loyal,ODESZA,rap,57,0
The Buzz (feat. Mataya & Young Tapz),Hermitude,rap,57,1
Dababy,Dfideliz,rap,57,0
You Are the Right One,Sports,pop,57,0
I'll Be Here For You,Sick Individuals,edm,57,0
Prettiest Virgin (Radio Edit),Agar Agar,pop,57,1
3 Days,Rhye,pop,57,1
Find You,ARTY,edm,57,0
Ya Te Perdoné,Ventino,latin,57,1
Lay It Down,Ratt,rock,57,0
Nobody Like You - RetroVision Flip,Landis,edm,57,0
AGEN WIDA,JOYRYDE,edm,57,0
Get Dirty,Brooke Evers,edm,57,0
Fashion Girl,Jadiel,latin,57,1
"Shakalaka (Steve Aoki, Deorro, MAKJ & Max Styler)",Steve Aoki,edm,57,0
Bad Bad Bad,Kalli,rap,57,1
al pasito/timeless,n o r m a l,rap,57,1
Like A Pro,Blac Youngsta,r&b,57,0
All About Tonight,Pixie Lott,pop,57,0
Higher,The Saturdays,pop,57,0
I Won't Give Up,Christina Grimmie,pop,57,1
Kiss You All Over,Exile,rock,57,1
Cloudy,HM Surf,rap,57,1
Wildflower,Joe Corfield,pop,57,1
Aquí Está Tu Caldo,Daddy Yankee,latin,57,0
Move Along,The All-American Rejects,rock,57,0
Drivin’ Around Song (feat. Jason Aldean),Colt Ford,rap,57,0
Wumbo,Harris Cole,rap,57,1
Moody,Yasper,rap,57,1
MADDEN,JOYRYDE,edm,57,0
GUD VIBRATIONS - Habstrakt Remix,NGHTMRE,edm,57,0
Miss You Everyday,Trackhead,latin,57,0
Jodeci Freestyle (feat. J. Cole),Drake,r&b,57,0
Thing Called Love,Kevin Ross,r&b,57,1
What About Us - Cash Cash Remix,P!nk,edm,57,0
Lola - Remastered,The Kinks,rock,57,0
Sofa Stories,Moods,rap,57,1
Ensnared,Melodiesinfonie,rap,57,1
meditate minds,digitalluc,rap,57,1
Hideaway,Kiesza,latin,57,0
No Retreat,Destructo,edm,57,0
Gone - The Wild Remix,Charli XCX,pop,57,0
2000 Rounds,Pouya,rap,57,0
Vengeance,Killstation,rap,57,1
Beautiful (feat. Camila Cabello) - Bazzi vs. EDX's Ibiza Sunrise Remix,Bazzi vs.,pop,56,0
infinity,Oatmello,rap,56,1
Quiet Nights,Epektase,rap,56,1
Bandida,Zion & Lennox,latin,56,0
Shorty,Casa De Leones,latin,56,0
Ritual - Benny Benassi & BB Team Remix,Tiësto,edm,56,0
Signs - Eden Prince Remix,Starley,pop,56,0
Mother - Fedde Le Grand Remix,Charlie Puth,pop,56,0
Freak Like Me,Adina Howard,r&b,56,0
Pegao,Wisin & Yandel,latin,56,0
Scootaloo,Jobii,latin,56,1
Paperplanes,DAO,rap,56,1
Crash,Chris Malinchak,edm,56,1
Treat You Better - Purple Disco Machine Remix,RÜFÜS DU SOL,edm,56,0
Youth Memories,Fljúga,rap,56,1
I Don't Dance,DMX,rap,56,0
In Between,dvsn,r&b,56,1
No me importa nada,Luz Casal,pop,56,0
Sing for Absolution,Muse,rock,56,1
Jerry Sprunger (with T-Pain),Tory Lanez,r&b,56,0
Endless Summer,Cashae,pop,56,0
Lonely No More,Rob Thomas,rock,56,0
White Mercedes - EDX's Miami Sunset Remix,Charli XCX,edm,56,0
Alguien Como Tú,Jósean Log,latin,56,1
Straight Up Menace,MC Eiht,rap,56,1
New Apartment,Ari Lennox,r&b,56,1
Hard,Rihanna,latin,56,0
ATTENTION ATTENTION,Shinedown,rock,56,0
Yuve Yuve Yu (feat. From Ashes to New),The HU,rock,56,0
No Quiere Novio (remix) [feat. Nejo & Tego Calderon],DJ Nelson,latin,56,0
Hello Sunshine,Bruce Springsteen,rock,56,1
Papi Chulo,El Chombo,latin,56,0
The Sun,Myd,pop,56,0
Time,Jungle,pop,56,0
Say OK,Vanessa Hudgens,pop,56,0
Feeling So Good,Ashley Tisdale,pop,56,0
Train Tracks (feat. Struggle),Jelly Roll,rap,56,0
Dubai,Mesita,rap,56,0
Better Together,Koosen,rap,56,1
M'$ (feat. Lil Wayne),A$AP Rocky,rap,56,0
Dum Dee Dum - JiKay Remix,Keys N Krates,rap,56,0
Rill Rill,Sleigh Bells,pop,56,0
Helicopter,Deerhunter,pop,56,0
The Pretender,Jackson Browne,rock,56,1
Window Seat,Erykah Badu,r&b,56,1
Blink,Meghan Trainor,r&b,56,0
Show & Tell (feat. Future),Burna Boy,r&b,56,0
WIFI LIT,Future,r&b,56,0
Phantom Menace,$uicideBoy$,rap,56,0
Pose To Do (feat. French Montana and Quavo),Lil Pump,r&b,56,0
Pipe,MC Igu,rap,56,1
2020,KEVVO,rap,56,1
Stop,RetroVision,edm,56,0
Fill the Crown,Poppy,rock,56,0
The Journey,Tom Misch,pop,56,1
Smokers Outside the Hospital Doors,Editors,rock,56,0
"Take On the World - Theme Song From ""Girl Meets World""",Rowan Blanchard,pop,56,0
LIKE I WANT YOU,Giveon,r&b,56,1
No Rappers (feat. E-40),G-Eazy,r&b,56,0
How Long,Ace,rock,56,1
Lvndr,Lilac,rap,56,1
Unbroken,Bon Jovi,rock,56,0
Daydream,Eli Way,pop,56,1
I Want You,Kings of Leon,rock,56,0
The Half,DJ Snake,edm,56,0
Don't Hold Your Breath,Nicole Scherzinger,pop,56,0
Te Regalo Amores,R.K.M & Ken-Y,latin,56,0
Judas,Lady Gaga,pop,56,0
Vamos a Portarnos Mal,Alkilados,latin,56,0
Lately,Celeste,r&b,56,1
Here If You Want (Pale Blue),MOSSS,pop,56,1
Tus Ojos,Belanova,pop,56,0
Cuando Te Veo,Chucho Rivas,latin,56,1
Dream Weaver,Gary Wright,rock,56,1
Aquemini,OutKast,rap,56,0
Line by Line,PREP,r&b,56,0
Good Looking,Don Omar,latin,56,0
Aunque Es De Noche,ROSALÍA,r&b,56,1
La Sandunguera,Nathy Peluso,r&b,56,0
Rock N' Roll,Dfideliz,rap,56,1
Everybody Clap,Dimitri Vegas & Like Mike,edm,56,0
Sex,Cheat Codes,edm,56,0
Listen To Your Momma,Showtek,edm,56,0
Bailame Despacio,Xantos,latin,56,0
Tienes La Magia,Lil Silvio & El Vega,latin,56,0
Carita Bonita,Erre XI,latin,56,0
Ojala,Bryant Myers,rap,56,1
orange crunch,mommy,rap,56,1
pheuratix,mr_slace,rap,56,1
All I Have (feat. LL Cool J),Jennifer Lopez,r&b,56,0
Let The Beat Build,Lil Wayne,rap,56,0
Canción De Mierda,Mon Laferte,latin,56,1
Drunken Truth,Steve Void,pop,56,0
"Esta Noche de Travesuras (feat. Héctor ""El Father"")",DJ Nelson,latin,56,1
You're High,Agar Agar,pop,56,0
Russian Roulette (feat. Charlie Who?),Tungevaag,edm,56,0
Red Lips (feat. Sam Bruno) - Skrillex Remix,Good Times Ahead,edm,56,0
Forgiveness I + II,Billy Talent,rock,56,0
Blow Me,The Used,rock,56,0
Dust,M|O|O|N,pop,56,0
Tech Noir,Gunship,pop,56,1
Love Is Stronger Than Pride,Sade,r&b,56,1
Akin Ka Na Lang,Itchyworms,rock,56,0
For Free,DJ Khaled,rap,56,0
Girlfriend in a Coma - 2011 Remaster,The Smiths,rock,56,0
Dance Moves,Franc Moody,pop,56,0
Baby Come Back,Player,rock,56,0
Big Words,Klaas,edm,56,0
Pare Ko,Eraserheads,rock,56,1
Welcome to Chilis,Yung Gravy,rap,56,1
Natural Fools,Maribou State,pop,56,1
Ready to Die - 2006 Remaster,The Notorious B.I.G.,rap,56,0
Yesterday,Atmosphere,r&b,56,1
CITY OF ANGELS,24kGoldn,rock,56,0
Sweet Dreams (feat. Kaleena Zanders),Breathe Carolina,edm,56,0
Bounce It (feat. Stonebwoy),Collie Buddz,latin,56,0
Slow Mo 3,Leozin,rap,56,1
Georgy Porgy (feat. Faith Evans),Eric Benét,r&b,56,0
Notorious Thugs (feat. Bone Thugs-n-Harmony) - 2007 Remaster,The Notorious B.I.G.,rap,56,0
All The Lies - Toby Romeo Remix / Radio Edit,Alok,pop,56,0
Talk - Alle Farben Remix,Khalid,pop,56,0
I Miss Myself - R3HAB Remix,NOTD,pop,56,0
I'm a Thug,Trick Daddy,rap,56,0
Into The Black,Chromatics,pop,56,1
C'Mon wit da Git Down,Artifacts,rap,56,0
A Design for Life - Remastered,Manic Street Preachers,rock,56,0
Policy Of Truth - 2006 Remastered Version,Depeche Mode,rock,56,0
Moving in Stereo,The Cars,rock,56,1
Til I Die,6o,rap,56,0
Sweet Escape,Alesso,edm,56,0
Saoco,Wisin,latin,56,0
Tempo,Olszakumpel,rap,56,0
ZMSW [QQ Untitled01],Qry,rap,56,1
I'm That Guy,Agar Agar,pop,56,1
Leave,Borgeous,pop,56,0
One Day They'll Know (ODESZA Remix),Pretty Lights,pop,56,0
Mr.drip,Żabson,rap,56,1
Heart Like A Wheel,Eric Church,r&b,56,1
My Generation - Mono Version,The Who,rock,56,0
Restart,Shellerini,rap,56,1
Give Up the Goods (Just Step) (feat. Big Noyd),Mobb Deep,rap,56,0
Immigrato,Checco Zalone,r&b,56,0
We Ain't Feeling Time,FKJ,r&b,56,1
Spiritual (Mriya) [feat. Brooke Tomlinson],Curbi,pop,56,0
Echo Beach,Martha and the Muffins,rock,56,0
Body to Body,Mike Perry,edm,56,0
Tired,Stone Sour,rock,56,0
Crowd Control - Radio Edit,Dimitri Vegas & Like Mike,edm,56,0
Wu-Tang: 7th Chamber,Wu-Tang Clan,rap,56,1
Derp - Original Mix,Bassjackers,rap,56,0
Resurrection,Common,r&b,56,0
Crimson and Clover,Tommy James & The Shondells,rock,56,1
Slip,Elliot Moss,pop,56,1
PLIK,DZIARMA,rap,56,1
Notorious B.I.G. (feat. Lil' Kim & Puff Daddy) - 2005 Remaster,The Notorious B.I.G.,rap,56,0
Idealne Połączenie,Young Igi,rap,56,1
Yakuza,Szymi Szyms,rap,56,1
Cell Therapy,Goodie Mob,rap,56,1
In The Face Of Evil,Magic Sword,pop,56,0
Modern Day Cowboy,Tesla,rock,56,0
Throw Some D's,Rich Boy,rap,56,0
Getting Money (feat. 808Charmer),Tujamo,edm,56,0
Make It Out Alive (feat. SiR),Nao,r&b,56,1
Hey Mama,Geko,latin,56,0
Never Stop,Lucky Luke,edm,56,0
Some Cut (feat. Cutty),Trillville,rap,56,0
Can't Get Enough - 2015 Remaster,Bad Company,rock,56,1
Pumped Up,Klingande,pop,56,0
Swim For Your Life,The Pale White,rock,56,0
P.I.M.P. - Snoop Dogg Remix,50 Cent,rap,56,0
Move,Thousand Foot Krutch,rock,56,0
Te Mentiría,Gian Marco,latin,56,0
My Prerogative,Bobby Brown,rap,56,1
The Things We Used to Share,Thomas Sanders,pop,56,1
Woke Up Late (feat. Hailee Steinfeld) - Sam Feldt Remix,Drax Project,pop,56,0
Bang Bang,Neelix,edm,56,0
Put Me Thru,Anderson .Paak,r&b,56,0
Mírame,Daddy Yankee,latin,56,0
I BE DAMNED,Comethazine,rap,56,0
Try Me,James Brown,r&b,56,1
Twister,Żabson,rap,56,0
Two Can Play That Game - Radio Edit,Bobby Brown,r&b,56,0
Red Light Special,TLC,r&b,56,1
No Hook,YBN Nahmir,rap,56,1
Made of Bones (Nightcall Remix),James Quick,latin,56,0
Gucci Rock N Rolla (feat. Rivers Cuomo & KYLE),Snakehips,pop,56,0
"Wow, I'm Not Crazy",AJR,pop,56,0
Beggar's Song,Matt Maeson,pop,56,1
Se Prepara,Malibu,r&b,56,1
Keep the Fire Burning - Remastered Version,Gwen McCrae,edm,56,1
Ice Cream Paint Job,Dorrough Music,rap,56,0
3 Strikes,Terror Jr,pop,56,1
Quel sorriso in volto,Modà,r&b,56,0
Fragile Stevie,Jobii,rap,56,1
Bob Marley,Grizfolk,pop,56,0
Per Le Strade Una Canzone (feat. Luis Fonsi),Eros Ramazzotti,r&b,56,0
Fight The Power,Public Enemy,rap,56,1
Poza Kontrolą,Tymek,rap,56,1
7 5 0,Malik Montana,rap,56,1
Sikam Szampan,Mr. Polska,rap,56,1
Mów,Otsochodzi,rap,56,0
Travellers,Ran the Man,latin,56,1
Hold On,Mac Beez,latin,56,1
East Side Flow,Sidhu Moose Wala,rap,56,0
Half Your Age,Joywave,rock,56,0
Why Boy - Club Mix,Steff da Campo,edm,56,0
In My Bed - So So Def Mix,Dru Hill,r&b,56,0
It Takes Two,Rob Base & DJ EZ Rock,r&b,56,0
Personal Jesus,Depeche Mode,pop,56,0
Grim,The Blue Stones,rock,56,0
Bien Puesto,Gera MX,rap,56,0
Praise You,GAMPER & DADONI,latin,56,0
Visa,TACONAFIDE,rap,56,1
Bailando por Ahi,Juan Magán,latin,56,0
You're On (feat. Kyan),Madeon,pop,56,0
Lines of the Broken,DROELOE,pop,56,0
Betray And Degrade,Seether,rock,56,0
Killing Spree,Logic,rap,56,0
Summertime,Musqitone,rap,56,1
Are You Crazy,Will Sparks,edm,56,0
joy. (R3HAB Remix),for KING & COUNTRY,edm,56,0
Without You,Hinder,rock,56,0
I Get Lonely,Janet Jackson,r&b,56,1
He Won't Go,Adele,r&b,56,0
Never Forget You,Noisettes,r&b,56,0
Tacata' - Radio Edit,Tacabro,latin,56,0
Evil Woman,Electric Light Orchestra,rock,56,1
California Dreamin',Yann Muller,latin,56,0
One Minute Man (feat. Ludacris),Missy Elliott,rap,56,0
Feed Me Dope,Future,rap,56,0
Money To Blow - Street Version,Birdman,rap,56,0
Halftime,Young Thug,rap,56,0
"Banda De Camión (Remix) [feat. Farruko, De La Ghetto, Bryant Myers, Zion, Noriel & Villano Sam]",El Alfa,latin,56,0
No One - Kayge Calypso & DUNN Remix,Mothica,pop,56,1
Hold Me Now,Thompson Twins,rock,56,1
Always Something There to Remind Me - 2018 Remaster,Naked Eyes,rock,56,0
Shoulder Lean (feat. T.I.),Young Dro,rap,56,1
Painless,Fozzy,rock,56,0
Hardwired,Metallica,rock,56,0
Chain,Lolo Zouaï,r&b,56,1
Euromillón,Rels B,rap,56,1
Mirror,Serhat Durmus,rap,56,1
Just Kissed My Baby,The Meters,r&b,56,1
Riot (with Lil Durk & Booka600 feat. G Herbo),Only The Family,rap,56,0
Te Necesito,Bhavi,rap,56,0
You Dropped A Bomb On Me,The Gap Band,r&b,56,0
balcony view,Leavv,rap,56,1
Dangerous,Michael Jackson,r&b,56,0
"I Wanna Be Down (feat. Queen Latifah, Yoyo & McLyte) - Remix",Brandy,r&b,56,1
Eazy-Duz-It,Eazy-E,rap,56,0
ALMA (prod. 0-600),Ysy A,rap,56,0
Hella Hoes,A$AP Mob,r&b,56,0
Take on Me - Kygo Remix,a-ha,latin,56,0
Human - Edit,The Human League,rock,56,1
Perfect - Stripped,One Direction,latin,56,1
colors,mr_slace,rap,56,1
Bulletproof,Godsmack,rock,56,0
1973 - Acoustic,James Blunt,latin,56,1
I Melt With You - Rerecorded,Modern English,rock,56,0
Backseat,Ari Lennox,r&b,56,0
Knocks Me Off My Feet,Donell Jones,r&b,56,0
Into the Sea,Wave Wave,latin,56,1
Every Little Step,Bobby Brown,rock,56,1
Pony - Recorded at Spotify Studios NYC,Leon Bridges,r&b,56,1
BEACH WITH MY BIX,Young Cister,rap,56,0
Mama Look at Me Now,Galantis,pop,56,0
Glitch,Martin Garrix,pop,56,0
Nagni,Jasmine Sandlas,rap,56,0
Tightrope (feat. Big Boi) - Big Boi Vocal Edit,Janelle Monáe,pop,56,0
Tongues,Joywave,pop,56,0
4th Chamber,GZA,rap,56,1
Mi Historia Entre Tus Dedos,Los 4,r&b,56,0
Bridges,Broods,pop,56,0
All About the Benjamins,Diddy,rap,56,0
home ft. WALK THE MOON,morgxn,pop,56,0
Eminence Front,The Who,rock,56,1
Big Shot,Billy Joel,rock,56,0
Mood,dvsn,r&b,56,1
Jaloux (feat. ATYPISK),Simsey,rap,56,0
Push It On Me,Damien,pop,56,1
Tu Boca,Beéle,latin,56,1
I Got You,Mike Williams,edm,56,0
Wild Horses - Sam Feldt Remix,Birdy,r&b,56,0
Astronaut In The Ocean,Masked Wolf,rap,56,0
If I Ever Fall In Love,Shai,r&b,56,1
Always Where I Need To Be,The Kooks,rock,56,0
The Walk,Mayer Hawthorne,r&b,56,0
Read Your Mind,Avant,r&b,56,1
Painkiller,DREAMERS,pop,56,0
Hillside Boys,Kim Petras,pop,56,0
My Lovin' (You're Never Gonna Get It),En Vogue,r&b,56,0
Vibin' Out,Ruck P,rap,56,1
Let Nas Down,J. Cole,r&b,56,0
The Rhythm Of The Night,Corona,pop,56,0
Stutter,Marianas Trench,pop,56,0
I Fought the Law - Single Version,The Bobby Fuller Four,rock,56,0
April Showers,Proleter,edm,56,1
Save Me,Aimee Mann,rock,56,1
Can't Feel My Face - Martin Garrix Remix,The Weeknd,edm,56,0
Hell on Earth,Rezz,edm,56,0
Te Hace Falta,Baby Rasta & Gringo,latin,56,0
Highway,Bleeker,rap,56,0
Modo Avião,MC Hariel,rap,56,1
FAKE,BROCKHAMPTON,r&b,56,1
Passenger Side,Smallpools,pop,56,0
Protokol,Jamaika,rap,56,1
Cain,EXES,pop,56,1
Berlin,Kota the Friend,rap,56,0
Brick,Ben Folds Five,rock,56,1
LLORAS,Cauty,latin,56,0
Why,Skinny Living,r&b,56,1
Lady In Black,Uriah Heep,rock,56,0
Fun Up Here (feat. Logic),Mike Posner,rap,56,1
I Just Can't,R3HAB,latin,56,1
Cheap Thrills Remix,Sia,latin,56,0
Hipnosis,Zion & Lennox,latin,56,0
Land of Confusion - 2007 Remaster,Genesis,rock,56,0
Un Bossa +,Zoe Gotusso,latin,56,1
Gz And Hustlas (feat. Nancy Fletcher),Snoop Dogg,rap,56,0
Got My Mind Made Up,2Pac,rap,56,0
Bad Romance - EP Version,Halestorm,rap,56,0
White Trash Millionaire,Black Stone Cherry,rap,56,0
Jump,Van Halen,pop,56,0
Um Drink no Inferno,Xamã,rap,56,1
Cicatrizes,Meno Tody,rap,56,0
Whatever,Godsmack,rock,56,0
Loser,3 Doors Down,rock,56,0
Yottabyte,Martin Garrix,edm,56,0
Gothersgade,Artigeardit,rap,56,0
Live The Night,W&W,edm,56,0
Suffocation Blues,Black Pistol Fire,rap,56,0
My Type (feat. Becky G & Melii) - Latin Remix,Saweetie,latin,56,0
Treehouse - R3HAB Remix,James Arthur,edm,56,0
Yo Quiero Bailar,Ivy Queen,latin,56,0
Stay With Me,Sam Smith,r&b,56,1
Fade Away,Matisse & Sadko,edm,56,0
Exército da Paz (Peace Army),Natiruts,edm,56,0
West Side,The Game,rap,56,0
Killer,Kali Uchis,r&b,56,0
Red Light,Tee Grizzley,rap,56,0
Visit By Cap Kendricks,Funky Notes,rap,56,0
Mueve,Gianluca Vacchi,latin,56,0
Agüitaecoco,Simon Grossmann,latin,56,1
Canela en Rama,El Kanka,latin,56,1
Espérame Feat. Elastic Bond,Los Amigos Invisibles,latin,56,0
Fast Life,Azet,rap,56,1
Melatonin (Unplugged),Phoria,r&b,56,1
Climbing Up the Walls,Radiohead,rock,56,0
Something Just Like This - Alesso Remix,The Chainsmokers,edm,56,0
Pop Dat,4B,rap,56,0
Be Fine (feat. Wafia),Ekali,pop,56,0
All Work,Curren$y,rap,56,0
"U.O.E.N.O. (feat. Rick Ross, Future)",Rocko,rap,56,0
Finally,CeCe Peniston,pop,56,0
Turn Up the Music,Adam Hicks,pop,56,0
Conga,Miami Sound Machine,rock,56,1
Play It Cool,Monsta X,pop,56,0
Bug A Boo,Joe Stone,edm,56,0
Vaca,Wun Two,rap,56,1
Fave Thing,Funky Notes,rap,56,1
No Te Vayas,Don Omar,latin,56,0
Let It Snow,Boyz II Men,r&b,56,1
Fall in Love,GoldLink,r&b,56,0
Oasis - Kyco x Barkley Remix,The Him,edm,56,0
Cuz You're My Girl,Yung Heazy,rock,56,1
Easy (feat. 6LACK),Next Town Down,r&b,56,1
De tus ojos - Versión Carlos Jean,Vanesa Martín,latin,56,1
Dag 1,Gilli,rap,56,0
Feels - Jai Wolf Remix,Kiiara,pop,56,0
Can't Stop Dancin',Becky G,pop,56,0
Meio Termo - Ao Vivo,Avine Vinny,edm,56,0
Kom Tot Me,Priceless,latin,56,0
You Love Me,flora cash,pop,56,1
Diamonds,Echosmith,pop,56,0
Wasabi Terraces,Testiculo y Uno,rap,56,1
Megaton Mile,Local Natives,pop,56,0
The Groove,Fabian Mazur,rap,56,0
Gotta Let Go,Hypanda,pop,56,0
Better Off Alone,Y.V.E. 48,latin,56,1
Midnight Sky,Sol Calor,latin,56,0
Sober,2Scratch,rap,56,1
Vicious,Lou Reed,rock,56,0
Qué vendrá,Zaz,latin,56,1
SHA LA LA,PENTAGON,pop,56,0
Number One Fan,MUNA,pop,56,0
Saturday Night’s Alright (For Fighting) - Remastered 2014,Elton John,rock,56,0
The Sun - Klingande Remix Radio Edit,Parov Stelar,latin,56,0
Forward (feat. James Blake),Beyoncé,r&b,56,1
A.S.S.N.,AK Ausserkontrolle,rap,56,0
Ayer Me Dijo un Ave,Caifanes,rock,56,1
Withu,Blvk,rap,56,1
No Lies,Psalm Trees,rap,56,1
Sandalwood,J. Roosevelt,rap,56,1
Sad,Aivarask,pop,56,0
Flashlight,Made in M,rap,56,1
Aspen,Nokiaa,rap,56,1
Focus,Phlocalyst,rap,56,1
One Day (ft. Ryan Tedder),Logic,rap,56,0
Soñé,Zoé,rock,56,0
Nobody's Perfect,Hannah Montana,pop,56,0
Promises,The Cranberries,rock,56,0
Ewa Ewa,Chivv,latin,56,0
Donde Estés Llegaré,Alexis y Fido,latin,56,0
Golden Years - M-Phazes Remix,Ruel,pop,56,0
Ohio - filous Remix,Damien Jurado,pop,56,1
Wherewithal,Bokki,rap,56,1
Vale Vale,Alok,edm,56,0
Revolt,Malaa,edm,56,0
U Do (feat. Siadou),TRFN,edm,56,1
Yokohama,Nathan Kawanishi,rap,56,1
Got Your Six,Five Finger Death Punch,rock,56,0
Hades,Ghostemane,rap,56,0
Te Siento,Wisin & Yandel,latin,56,0
High,James Blunt,rock,56,1
Don't Leave Me Lonely (feat. Yebba) - Claptone Remix,Mark Ronson,pop,56,0
John Dee,Ghostemane,rap,56,1
When It Comes To You - Benny Benassi & BB Team Remix,Sean Paul,pop,56,0
American Boy - Brooks Remix,Estelle,pop,56,0
La Vida Es Así,Ivy Queen,latin,56,0
Grounds for Divorce,Elbow,rock,56,0
Let's Chill,Guy,r&b,55,1
Crystal Ship,soder.,latin,55,1
Hexada,Ghostemane,rap,55,0
Caligula,Ghostemane,rap,55,1
Niagara (feat. Lil Peep),Ghostemane,rap,55,1
Paradise - Bazzi vs. Black Caviar Remix,Bazzi vs.,pop,55,0
Title,Kiana Ledé,r&b,55,0
When the Time Comes,Gordon,latin,55,1
Flames (with ZAYN) - R3HAB & Skytech VIP Remix,R3HAB,pop,55,0
I'm Not Alright,Loud Luxury,pop,55,0
Getting Away With Murder,Papa Roach,rock,55,0
My Nemesis,Five Finger Death Punch,rock,55,0
Cójela Que Va Sin Jockey,Luny Tunes,latin,55,0
Monster,Future,r&b,55,0
Sunday Song,Lane 8,edm,55,0
Open Your Eyes,Disturbed,rock,55,0
Hello Ego,Jhené Aiko,r&b,55,1
Out Of The Ordinary,Jacquees,r&b,55,1
Como un lobo (Dueto 2007),Miguel Bosé,pop,55,0
Fire We Make,Alicia Keys,r&b,55,1
T.R.U. (Totally Rotten Underground),$uicideBoy$,rap,55,0
Special K,Placebo,rock,55,0
Through the Fire,Chaka Khan,r&b,55,0
Fácil,Krawk,rap,55,1
Me and You and a Dog Named Boo,Lobo,rock,55,1
sugar honey ice & tea - Edit,Bring Me The Horizon,rock,55,0
Demi Lovato Medley,Cimorelli,pop,55,0
Come Clean,Hilary Duff,pop,55,0
Like Me,Maia Mitchell,pop,55,0
Starstruck,Christopher Wilde,pop,55,0
Independent (feat. Lil' Boosie and Lil' Phat),Webbie,rap,55,0
Boots,Greyson Chance,pop,55,0
Aprovechalo,Wisin & Yandel,latin,55,0
LLC,Nicki Minaj,pop,55,0
It Don't Come Easy,Ringo Starr,rock,55,1
Get Throwed,Bun B,rap,55,0
Hans Betaalt De Schade (feat. Chivv & Henkie T),Delivio Reavon,latin,55,0
Mammoth,Dimitri Vegas & Like Mike,edm,55,0
Unicorn Zombie Apocalypse,Borgore,edm,55,0
No Diggity,Campsite Dream,pop,55,0
Slow Down (with Calvin Harris),Normani,pop,55,0
Why Can't I?,Liz Phair,pop,55,0
Hot N Cold,Katy Perry,pop,55,0
Zweistellige Haftstrafen,Capital Bra,rap,55,0
Glitter,Bhavi,rap,55,1
Get Out,CHVRCHES,pop,55,0
Amor Duele,Akim,latin,55,0
Into The Great Wide Open,Tom Petty and the Heartbreakers,rock,55,1
What Are You Doing New Year's Eve?,Ledisi,r&b,55,1
All About Us,He Is We,pop,55,0
Humanity,Scorpions,rock,55,0
the movies,Nightly,pop,55,0
Hum With Me,John De Sohn,edm,55,0
Pentakill,Neelo,rap,55,0
D.D.D,THE BOYZ,pop,55,0
Little Do You Know,Campsite Dream,latin,55,0
The Ceremony,Bertholet,rap,55,1
VERDIEND,Chivv,latin,55,0
GIVENCHY,Chip Charlez,latin,55,0
All I Do Is Think of You,Troop,r&b,55,0
Foolin',Def Leppard,rock,55,0
Bringin' On The Heartbreak,Def Leppard,rock,55,0
Wine On Top,Chivv,latin,55,0
The Jam,Logic,rap,55,0
Slave II,Logic,rap,55,0
Work It Out,Party Favor,rap,55,0
Awa Ni,The Knocks,latin,55,0
We Can Make The World Stop,The Glitch Mob,edm,55,0
Dizzy,Dimmi,latin,55,0
Spaceship (feat. Uffie),Galantis,edm,55,0
Sexo Seguro,"Franco ""El Gorilla""",latin,55,0
Inside the Lines,Mike Perry,pop,55,0
Hallelujah,Logic,rap,55,1
"Living in America - From ""Rocky IV"" Soundtrack",James Brown,rock,55,0
You Know You Love Me,Jetlag Music,edm,55,0
Vamos a Escapar - Salsa Version,Alvaro Rod,latin,55,0
Frágil,Reynier Perez,latin,55,0
Vorankommen,Luciano,rap,55,1
Lollipop,MIKA,pop,55,0
Luz y Sal (feat. Edward Sanchez),Funky,latin,55,0
One Way Or Another,Blondie,rock,55,0
Echoes Of Silence,The Weeknd,r&b,55,1
Same Old Song,The Weeknd,r&b,55,1
Megalomaniac,Incubus,rock,55,0
Something Keeps Pulling Me Back,H.E.R.,r&b,55,1
Ufødte,Jamaika,rap,55,1
Uncle Albert / Admiral Halsey - Medley / Remastered 2012,Paul McCartney,rock,55,1
Call Me Devil,Friends in Tokyo,rap,55,0
The Wrong Ones,JC Stewart,latin,55,0
One More Try (from & Juliet),Jessie J,latin,55,1
Ra Ta Ta Ta (feat. Stepz),NODE,rap,55,0
Alle Dem,ICEKIID,rap,55,0
I Loved You (feat. Melissa Steel),Blonde,pop,55,0
One Thing,San Holo,edm,55,0
Watskeburt?!,De Jeugd Van Tegenwoordig,pop,55,0
No vaya a ser,Pablo Alborán,latin,55,0
Walk It Out,Unk,rap,55,0
Me Liberé,Evaluna Montaner,latin,55,0
Anywhere u go,Tove Lo,pop,55,1
We Are One (Ole Ola) [The Official 2014 FIFA World Cup Song],Pitbull,latin,55,0
The Boys Are Back - Original Version,High School Musical Cast,pop,55,0
Haunted,The Band CAMINO,pop,55,0
I Can Only Imagine (feat. Chris Brown & Lil Wayne),David Guetta,pop,55,0
Safe Place,Pelago,edm,55,0
Karma,Years & Years,pop,55,1
Cada Dia Que Pasa,Guayacán Orquesta,latin,55,0
backup,guardin,pop,55,1
Nuh Ready Nuh Ready,Calvin Harris,pop,55,0
DIZZY,KAS,rap,55,1
Act a Fool,Rick Ross,rap,55,0
Just Like Paradise,David Lee Roth,rock,55,0
Tomorrow,Kali Uchis,r&b,55,0
Rich & Sad,PLVTINUM,pop,55,0
Camellando,Yera,latin,55,0
Lambo,DubVision,edm,55,0
My Iron Lung,Radiohead,rock,55,0
Someday Never Comes,Creedence Clearwater Revival,rock,55,1
Who Can I Run To,Xscape,r&b,55,1
Sonreír,KURT,latin,55,1
"Serial Killa (feat. The D.O.C., Tha Dogg Pound & RBX)",Snoop Dogg,rap,55,0
Miami (feat. BIA),Kali Uchis,r&b,55,0
Slow Ride,Foghat,rock,55,1
Sweet Thing,Mary J. Blige,r&b,55,1
Lacrimosa,Apashe,rap,55,0
Summertime Love,Captain Cuts,pop,55,0
Sou Rock N' Roll,Dfideliz,rap,55,0
Do Nada,Derek,rap,55,0
Lo Lo (feat. P-Lo & Guapdad 4000),Destiny Rogers,r&b,55,0
Disfarce,Thiago,rap,55,1
Udsigt,ZK,rap,55,0
Warm (feat. HAIM),Charli XCX,pop,55,1
Sims,Lauv,pop,55,1
Dig,Arrested Youth,rap,55,0
Love Again,Brandy,r&b,55,1
Rhythm Of The Night,Maurice West,edm,55,0
Never Be Alone,TheFatRat,pop,55,0
Can't Take It From Me,Major Lazer,latin,55,0
La Grange - 1999 Remaster,ZZ Top,rock,55,0
"Pop, Lock & Drop It - Video Edit",Huey,rap,55,0
I Gotta Feeling - Edit,The Black Eyed Peas,latin,55,0
I Love You a Lo Vío (feat. Movimiento Original),Chystemc,latin,55,0
"Esta Noche (feat. Portavoz, Niel & Evelyn Cornejo)",Cidtronyck,latin,55,0
Pretty Girls,Michael Seyer,rock,55,1
Shadows Of The Night,Pat Benatar,pop,55,1
Better in Stereo - Theme Song Version,Dove Cameron,pop,55,0
Don't Take It Personal (Just One of Dem Days),Monica,r&b,55,1
Rude - Zedd Remix,MAGIC!,edm,55,0
From the Beginning - 2015 - Remaster,"Emerson, Lake & Palmer",rock,55,1
Sleep Alone,Two Door Cinema Club,rock,55,0
Fine Lines,Jorja Smith,r&b,55,1
Skateboard P,MadeinTYO,rap,55,0
Birthday,JP Cooper,r&b,55,0
Baby,Devendra Banhart,rock,55,1
Try,Lost Kings,pop,55,0
Unlove You - Nicky Romero Remix,Armin van Buuren,edm,55,0
$ENHOR,FBC,rap,55,0
CAN'T LOSE YOU,Night Lovell,rap,55,1
Para Nosotros,Romeo El Santo,latin,55,1
Fra Gaden (feat. Benny Jamz),ATYPISK,rap,55,0
Bandolero,Jamaika,rap,55,0
I Don't Want to Know - 2004 Remaster,Fleetwood Mac,rock,55,0
Party Time,Tiësto,edm,55,0
Rock & Roll Band,Boston,rock,55,0
Is It Any Wonder?,Durand Jones & The Indications,r&b,55,1
Welcome To Your Life,Grouplove,pop,55,0
Be My Lover,Sam Feldt,latin,55,0
What The Price,Migos,rap,55,0
When She Cries,Restless Heart,rock,55,1
Sour Patch Kids,Bryce Vine,pop,55,0
Se Prendió,Agus Padilla,latin,55,0
Waiting for Tonight,Jennifer Lopez,pop,55,0
Baby Baby,Corona,pop,55,0
"Wildside - From ""Adventures in Babysitting""",Sabrina Carpenter,pop,55,0
Rumors (With Sofia Carson),R3HAB,edm,55,1
I'm Dreamin',Christopher Williams,r&b,55,0
My Thoughts on You,The Band CAMINO,pop,55,0
Marijuana Breath,Adam Jensen,pop,55,1
What Up Gangsta,50 Cent,rap,55,0
Hit That Jive,Gramatik,edm,55,0
Great Dane,Cosmo Pyke,r&b,55,0
All That (feat. Jeremih),Drama Relax,r&b,55,0
La Negra Tiene Tumbao,Celia Cruz,r&b,55,0
When You Wish Upon A Star,The Mamas,pop,55,1
Last Light in August,Chaxti,rap,55,1
Who Got Da Props,Black Moon,rap,55,1
I'm Eighteen,Alice Cooper,rock,55,1
Happily Ever After,Case,r&b,55,0
Yoga,Janelle Monáe,pop,55,0
UMI Says,Mos Def,r&b,55,1
Defaulter,R. Nait,rap,55,0
Come Through,Sydney Yungins,rap,55,0
Magic,KSHMR,edm,55,0
Lejos de Tí,Rels B,rap,55,1
Dawn Chorus,Thom Yorke,rock,55,1
Sub Me In,Futuristic,rap,55,0
Clicc Clacc,NLE Choppa,edm,55,1
How Deep Is Your Love,Dru Hill,r&b,55,1
No Creo,Big Soto,rap,55,0
All I Wanna Do,Martin Jensen,pop,55,0
Dvd,Mlodyskiny,rap,55,1
Mentira,Kinder Malo,rap,55,1
A Mi Manera,Seven Kayne,rap,55,0
Si No Fue Asi,Midel,rap,55,0
MOSH,Polimá Westcoast,rap,55,0
Talk About It,Mike Perry,pop,55,0
Disarm You (feat. Ilsey),Kaskade,edm,55,0
Horizon,Seven Lions,edm,55,0
Laze,Flovry,rap,55,1
Jump (feat. Gizzle),Lupe Fiasco,rap,55,0
Honestly,Hot Chelle Rae,pop,55,0
Alive,Krewella,pop,55,0
Bad Day - Acoustic Version,Daniel Powter,latin,55,1
Is This It,The Strokes,rock,55,0
Incomplete Kisses,Sampha,r&b,55,1
Nun 2 Fuck Wit (feat. Young Dolph),1PLAYY,edm,55,0
Song Goes Off,Trey Songz,r&b,55,1
Stay For It,RL Grime,edm,55,0
ROCKABYE BABY (feat. ScHoolboy Q),Joey Bada$$,rap,55,0
Down And Out,Cam’ron,rap,55,0
Locked Up,Akon,rap,55,0
Lucifer,JAY-Z,rap,55,0
Coolie High,Camp Lo,rap,55,0
Amante Bandido,Miguel Bosé,latin,55,0
The Rover - 1993 Remaster,Led Zeppelin,rock,55,0
Back To You,Madison Mars,edm,55,0
Never Alone,2 Brothers On The 4th Floor,pop,55,0
Bombay Dreams (feat. Kavita Seth),KSHMR,edm,55,0
Milkshake,Kelis,rap,55,0
Mine,Mark Mendy,edm,55,0
Porsche,Kukon,rap,55,0
Circles,Snaer.,rap,55,1
Bad Vibes,K.Flay,pop,55,0
Feel You Now,The Driver Era,pop,55,0
The Ghetto,Too $hort,rap,55,1
Pusherman,Curtis Mayfield,r&b,55,0
Intro,Gzuz,rap,55,0
Preta,Orgânico,r&b,55,0
The Dead Heart - 2007 Remastered,Midnight Oil,rock,55,0
Embriágame,Zion & Lennox,latin,55,0
Move to San Francisco,Circa Waves,rock,55,0
My Old School,Steely Dan,rock,55,1
What You Don't Do - Tom Misch Remix,Lianne La Havas,r&b,55,1
Crush,Campsite Dream,latin,55,1
Jealous,Beyoncé,rap,55,1
Breaking Up My Bones,Vinyl Theatre,pop,55,0
Down By The River (feat. Emy Perez),Möwe,latin,55,0
Fear Of The Dark - 1998 Remastered Version,Iron Maiden,rock,55,0
Casablanca,BLACHA,rap,55,0
The Set Up,Favored Nations,pop,55,0
Así,Tayl G,latin,55,0
Quien Empezó,j mena,latin,55,0
Hang on to Yourself,Palaye Royale,rock,55,0
Ojos Chinos,El Gran Combo De Puerto Rico,latin,55,1
Back In Your Heart,Junior J,latin,55,0
NEGOCIANDO POR TIEMPO (prod. SHIGANT-G),Ysy A,rap,55,0
Bad Girlfriend,Theory of a Deadman,rock,55,0
New Level REMIX,A$AP Ferg,rap,55,0
Somebody I'm Not,Martin Jensen,latin,55,0
Numb,Carlie Hanson,pop,55,0
Spin With You (feat. Jeremy Zucker),Emma Sameth,pop,55,1
Best Day Of My Life - Gazzo Remix,American Authors,edm,55,0
Naachne Ka Shaunq,Raftaar,rap,55,0
När solen går ner,AKI,rap,55,0
Poppin' My Collar - feat. Project Pat - Explicit,Three 6 Mafia,rap,55,0
Say I Yi Yi,Ying Yang Twins,rap,55,0
Wouldn't Get Far,The Game,rap,55,0
Si Tú,Justin Quiles,latin,55,0
"New York, New York",Tha Dogg Pound,rap,55,0
Matilda,alt-J,rock,55,1
Return To Love,Andrea Bocelli,r&b,55,1
Verrückt,Eisbrecher,pop,55,0
for him.,Troye Sivan,pop,55,0
Why Boy,Steff da Campo,pop,55,0
VvsNike (Prod. Olek),Malik Montana,rap,55,1
BlaBlaCar (feat. Malik Montana),DMN,rap,55,0
The Waters (feat. BJ the Chicago Kid),Anderson .Paak,r&b,55,0
Sumthin' Sumthin',Maxwell,r&b,55,1
Street Dreams,Nas,rap,55,0
Nunca Me Olvides - Remix,Yandel,latin,55,0
Sail Away,Møme,edm,55,0
Chili Hot,Wac Toja,rap,55,0
Brujeria,El Gran Combo De Puerto Rico,latin,55,1
Dear God,Confetti,pop,55,0
Breaking the Chains,Dokken,rock,55,0
Don't Treat Me Bad,Firehouse,rock,55,0
Primera Cita - Recorded at Electric Lady Studios NYC,CNCO,latin,55,1
Do Or Die - Afrojack vs. THIRTY SECONDS TO MARS Remix,Afrojack,edm,55,0
Head Over Heels - James Roe Remix,Sultan + Shepard,pop,55,0
Walls to Build - Mall Grab Remix,Kllo,edm,55,1
Video Games - Remastered,Lana Del Rey,r&b,55,1
La La Love,C-BooL,edm,55,0
Una volta ancora (feat. Ana Mena),Fred De Palma,r&b,55,0
LUNA,Sick Individuals,edm,55,0
Kids (Ain't All Right),Grace Mitchell,pop,55,0
A Toast and a Spirit,Vacation Manor,pop,55,0
cirque du soleil,schafter,rap,55,0
Lean On (with Emiway Bantai),Celina Sharma,rap,55,0
Silence,Philanthrope,rap,55,1
Love Song (feat. Glasses),Kazy Lambist,rock,55,1
1441,KASIMIR1441,rap,55,0
Rutina,Favian Lovo,latin,55,0
Nie chcę,O.S.T.R.,rap,55,0
Light It Up,CALVO,edm,55,0
Who You Are,Jessie J,edm,55,0
Gwiazda,Mr. Polska,rap,55,0
Slow Up,Jacob Banks,r&b,55,1
I'm Going Like,Hallman,latin,55,0
Lucky Ones,James Carter,latin,55,0
Remember,Seinabo Sey,r&b,55,1
"Bad Boy (feat. Beteo, ReTo & Siles)",Kubi Producent,rap,55,1
Too Much Time On My Hands,Styx,rock,55,1
Inny Gatunek,Young Igi,rap,55,0
Hustler Musik,Lil Wayne,rap,55,0
WTF (feat. Amber Van Day) - Tujamo Remix,HUGEL,edm,55,0
Popiół (prod. Szwed),Płomień 81,rap,55,0
M.A.D.E.,Lucky Luke,edm,55,0
Habibi (Ya Nour El Ein) - Recorded at Spotify Studios Stockholm,Imenella,latin,55,0
1 of 1,Tyga,rap,55,1
I Luv It,Jeezy,rap,55,0
Honey,Johnny Balik,pop,55,1
Hello,Ice Cube,rap,55,0
Oceans,Coldplay,rock,55,1
I Can Be Somebody (feat. Erin McCarley),Deorro,edm,55,1
Aquarius / Let the Sunshine In (The Flesh Failures) [Remastered],The 5th Dimension,rock,55,0
...To Be Loved,Papa Roach,rock,55,0
Mi Tierra,Gloria Estefan,latin,55,0
They Want EFX,Das EFX,rap,55,1
Árabe,Papichamp,latin,55,0
Ready For Action,Dimitri Vegas & Like Mike,edm,55,0
Te Suelto el Pelo,Yandel,latin,55,0
Everybody Wants You - Remastered 2002,Billy Squier,rock,55,0
Never Would Have Made It,Marvin Sapp,r&b,55,0
Must Be Nice,Lyfe Jennings,r&b,55,1
Discovery,Syn Cole,pop,55,0
Crystallize,Lindsey Stirling,pop,55,0
Como Le Hago,Ezio Oliva,latin,55,0
Simple Hit,Dombresky,pop,55,0
Don't Let Me Go (Remake) - Radio Edit,Dubdogz,edm,55,0
Make Ü Mine,Lucky Luke,edm,55,0
Kevin,Otsochodzi,rap,55,1
This Must Be the Place (Naive Melody) [by Talking Heads],Kishi Bashi,r&b,55,1
Let's Go,Lucas & Steve,edm,55,0
Electricity - 2003 Digital Remaster,Orchestral Manoeuvres In The Dark,rock,55,0
GRAVE,GNAR,rap,55,0
Sāo Paulo,Greg Ferreira,rap,55,0
Yesterday (feat. Maxx Owa),GASHI,r&b,55,0
Dale Vieja Dale,Toño Rosario,latin,55,0
Me Hubieras Dicho,Yiyo Sarante,latin,55,1
Don't Miss It,James Blake,r&b,55,1
No Me Ronke (with Miky Woodz & Jon Z),Jay Menez,rap,55,0
Giulia,Prince Paris,pop,55,0
Dumptruck,Wilson,rock,55,0
Underdog,You Me At Six,pop,55,0
Ella busca,DrefQuila,rap,55,1
Lost in Flight,SwuM,rap,55,1
Tonight's the Night (Gonna Be Alright) - 2009 Remaster,Rod Stewart,rock,55,1
Endless Ether,fantompower,rap,55,1
Coastal Walks,.Sinh,rap,55,1
Pasos de gigantes,Bacilos,latin,55,0
Emotional,Flux Pavilion,pop,55,0
We Found Love - Zack Martino & Kastra Remix,Sultan + Shepard,edm,55,0
Ziom z papieru,BORCREW,rap,55,0
The Anthem (Der Alte),Dimitri Vegas & Like Mike,edm,55,0
Si Decides (Baby),Ventino,latin,55,0
Breathe Again,Toni Braxton,r&b,55,0
Moist (feat. K CAMP),Eric Bellinger,r&b,55,0
Calmô,Liniker e os Caramelows,latin,55,1
New Sky (feat. Kadhja Bonet),SiR,r&b,55,0
Nine in the Afternoon,Panic! At The Disco,rock,55,0
Cats in the Cradle,Harry Chapin,rock,55,1
Puppet Theatre,Claptone,pop,55,0
Pompeii - Audien Remix,Bastille,pop,55,0
How To Love (feat. Sofia Reyes),Cash Cash,latin,55,0
Novo Drip,Recayd Mob,rap,55,1
Paspatou,Parra for Cuva,edm,55,1
Pilot Jones,Frank Ocean,r&b,55,1
Roll Bounce,Drakeo the Ruler,rap,55,1
Deep In My Soul,Rob & Jack,edm,55,0
Down Low,Astrid S,pop,55,1
Sometimes,MARTIN $KY,rap,55,1
Cruel,St. Vincent,r&b,55,0
Famous,TAEMIN,pop,55,0
Ni Un Fruto,Denise Rosenthal,latin,55,0
Hola - Acústico En Vivo,Dalex,latin,55,1
Chichi,Periko & Jessi Leon,latin,55,0
El primer paso (con Taburete),Despistaos,latin,55,0
Loose Ends,Loyle Carner,pop,55,0
Grow Up (feat. Chikk),King Lil G,latin,55,1
Dance with Me,Orleans,rock,55,1
Higher Ground,TNGHT,rap,55,1
Battle Born,Five Finger Death Punch,rock,55,0
Propaganda,DJ Snake,rap,55,0
Sunflower Serenade,Minthaze,rap,55,1
Don't Mind Me,Fallen Roses,rap,55,1
I'm Into You,Nick Murphy / Chet Faker,pop,55,1
Quiero Saber,Ivy Queen,latin,55,0
Dirty South,Upchurch,rap,55,1
Otra Botella,Neo Pistea,rap,55,1
Meds,Placebo,rock,55,0
California Love (remix),2Pac,rap,55,0
Worst Comes To Worst - Edited,Dilated Peoples,rap,55,0
Shifting Skies,Guustavv,latin,55,1
Life,Slumberville,rap,55,1
Hack Slash,Getter,rap,55,0
Filth,Killstation,rap,55,0
Грустная сука,IC3PEAK,rap,55,0
Antes y Después De Ti,Ralphy Dreamz,latin,55,0
Love Me Less (feat. Quinn XCII) - Party Pupils Remix,MAX,pop,55,0
Check Me Out,Brooke Evers,edm,55,0
Algo Musical,Ñejo & Dalmata,latin,55,0
Send Me An Angel,Real Life,pop,55,0
No Te Puedo Olvidar,Camilo Séptimo,pop,55,1
Harleys In Hawaii - KANDY Remix,Katy Perry,edm,55,0
Freaking Me Out - Keanu Silva Remix,Ava Max,pop,55,0
Cellophané,Rim'K,r&b,55,0
This Is How We Party - Cat Dealers Remix,R3HAB,edm,55,0
I Dare You,Jauz,edm,55,0
Porque Me Tratas Así?,Wisin & Yandel,latin,55,1
If You're Hearing This,Hook N Sling,latin,55,1
You Ain't a Killer,Big Pun,rap,55,0
When You're Gone,The Cranberries,rock,55,1
Hey Hey Hey,Katy Perry,pop,55,0
Bangalang,Yung Felix,latin,55,0
She's Playing Hard To Get,Hi-Five,r&b,55,0
Like A Pimp,David Banner,rap,55,0
No New Friends - Dombresky Remix,Sia,pop,55,0
We Did It,AREA21,edm,55,0
.suede,junyii.,rap,55,1
The Power (feat. Snap!),Tommie Sunshine,edm,55,0
Bury Me,Getter,rap,54,0
Spaceman - Carnage Festival Trap Remix,Hardwell,edm,54,1
Dónde Están,Anna Carina,latin,54,0
La Promesa,Andrés Cepeda,latin,54,0
Exodus,$uicideBoy$,rap,54,0
I Like The Way,Hi-Five,r&b,54,0
The Pusher,Steppenwolf,rock,54,1
Coloring Outside The Lines,MisterWives,pop,54,0
La Melodía,Joey Montana,latin,54,0
25 Horas,Proyecto Uno,latin,54,0
Long Live Rock N Roll,Rainbow,rock,54,0
bouquet of balloons,biosphere,rap,54,1
Want You Back,Grey,pop,54,0
The Way I Am,Gavin Haley,pop,54,1
Scatman's World,Scatman John,pop,54,0
Mr. Vain,Culture Beat,pop,54,0
calles feat. tuamie,Wun Two,latin,54,1
Caught Up In The Country (Sam Feldt Remix),Rodney Atkins,edm,54,0
As Far as Feelings Go - Keanu Silva Remix,Alle Farben,edm,54,0
Ode To Billie Joe,Bobbie Gentry,rock,54,1
Se Supone,Lucah,latin,54,1
"Culpa, Tengo",Elsa y Elmar,latin,54,0
Too Bad,Rival Sons,rock,54,0
You Need To Calm Down - Clean Bandit Remix,Taylor Swift,edm,54,0
The Safety of Disbelief,Light The Torch,rock,54,0
El Beso,Mon Laferte,latin,54,0
Hate Conquers All,Anti-Flag,rock,54,0
Tungba,Ajebutter22,r&b,54,1
Under the Moon,Claptone,pop,54,0
Another Life,D'Angelo,r&b,54,1
Raindrops,Sikdope,edm,54,0
Where I Wanna Be,A R I Z O N A,pop,54,0
Stay (Don't Go Away) [feat. Raye] - Nicky Romero Remix,David Guetta,edm,54,0
Fools,ufo ufo,pop,54,0
Terrified,Terror Jr,pop,54,1
Thank Me Later,Anna of the North,pop,54,1
Lo Siento,Kaydy Cain,rap,54,1
Tamo Loco,Ysy A,rap,54,0
Completamente Enamorados,Chayanne,latin,54,1
Loungin (Who Do Ya Luv) - Remix,LL Cool J,r&b,54,1
Where Are Ü Now (with Justin Bieber) - Marshmello Remix,Jack Ü,edm,54,0
Tinseltown in the Rain,The Blue Nile,pop,54,0
People Help the People,Birdy,rock,54,1
Supersonic - Remastered,Oasis,rock,54,0
Chilango Blues,Mon Laferte,latin,54,1
Dime (feat. Reik),Noel Schajris,latin,54,0
Let's Get It Started,The Black Eyed Peas,pop,54,0
Too Late To Turn Back Now,Cornelius Brothers & Sister Rose,rock,54,0
Pegaito a la Pared (feat. Plan B) - Remix,Tego Calderon,latin,54,1
Te Equivocaste (Primera Fila) - En Vivo,Yuridia,latin,54,0
Vas A Recordarme,Gloria Trevi,latin,54,0
Merci,jrd.,rap,54,1
Superfly,Curtis Mayfield,r&b,54,1
Thank You (Falettinme Be Mice Elf Agin) - single master,Sly & The Family Stone,r&b,54,1
Hollywood Swinging,Kool & The Gang,r&b,54,0
God Only Knows (R3HAB Remix),for KING & COUNTRY,edm,54,0
Only Ever,Alive City,pop,54,0
Um Pouco De Você,Vitão,r&b,54,0
Lola's Theme,The Shapeshifters,edm,54,0
Morning Mist Resort,Saito,rap,54,1
Tropical Forest,The Sleep Specialist,latin,54,1
Gimme The Loot,Big Baby Tape,rap,54,0
Repentance,D-Block Europe,r&b,54,1
Sign 'O' the Times,Prince,r&b,54,0
You're in Love,Ratt,rock,54,0
El Destino,Natalia Jiménez,latin,54,0
Es por Ti,Emilio,latin,54,0
Nowhere To Run,Fozzy,rock,54,0
"Burial (feat. Pusha T, Moody Good, TrollPhace)",Yogi,edm,54,0
Kiss Me Deadly,Lita Ford,rock,54,0
Talk Dirty To Me,Poison,rock,54,0
Bartender (feat. Akon),T-Pain,r&b,54,1
Only You,Hogland,latin,54,0
Relaxing Jungle Sounds,Lluvia del Bosque,latin,54,1
When I'm With U,Tritonal,pop,54,0
Off Limits,BAYNK,pop,54,1
Young,Parachute,pop,54,0
Disco Inferno,The Trammps,r&b,54,0
Chasin' Honey,Wild Party,pop,54,0
Pretty Sad,XYLØ,pop,54,0
Low Life,Crobot,rock,54,0
MONOMANIA,The Word Alive,rock,54,0
Badd,Mike Jones,rap,54,0
Raise Up,Petey Pablo,rap,54,0
Grindin',Clipse,rap,54,0
Burbons And Lacs,Master P,rap,54,0
Tilted,Christine and the Queens,pop,54,1
Souvenir - Remastered 2003,Orchestral Manoeuvres In The Dark,pop,54,1
We Are,ONE OK ROCK,rock,54,0
完全感覚Dreamer,ONE OK ROCK,rock,54,0
I Want You Back - Radio Edit,*NSYNC,pop,54,0
537 C U B A,Orishas,r&b,54,0
Me Pichea,Casper Magico,latin,54,0
Body Work,Pickle,edm,54,0
Montreal,Roosevelt,rock,54,0
Ann Wants to Dance,Papooz,rock,54,1
Waiting,FKJ,r&b,54,1
"Pode Me Esperar (feat. Meucci, Tasdan & Agatha)",MTK,r&b,54,0
Petty Lover,Jaz Karis,r&b,54,1
Shake Me,Cinderella,rock,54,0
Funkdafied,Da Brat,r&b,54,1
Slob on My Knob,Tear Da Club Up Thugs,rap,54,0
My Friend,Yves V,pop,54,0
Kylie Jenner,Derek,rap,54,0
Switch,Afrojack,pop,54,0
Lovers on the Sun (feat. Sam Martin),David Guetta,edm,54,0
Mi Mejor Despedida,Manel Navarro,latin,54,1
New Rules,Miscris,edm,54,1
Asli Hip Hop,Ranveer Singh,rap,54,1
yellow chords,jhfly,rap,54,1
Your Silent Face - 2015 Remaster,New Order,rock,54,0
The Twenty Five (Official Nature One Anthem 2019),Neelix,edm,54,0
Mala y Peligrosa (feat. Bad Bunny),Víctor Manuelle,latin,54,0
Canggu,FKJ,r&b,54,1
Follow,Tom Misch,r&b,54,1
Ottolenghi,Loyle Carner,r&b,54,1
Neptune,EDX,edm,54,0
Aura - Edit,Avoure,pop,54,0
Back Together,Loote,pop,54,0
I Like to Move it - Radio Mix,Nicola Fasano,edm,54,0
MILK,BROCKHAMPTON,r&b,54,1
Ai Droga,Pineapple StormTv,rap,54,0
Preto Todo de Ouro,Dfideliz,rap,54,1
6 Horas,MC Cabelinho,rap,54,0
Emiway-Samajh Mein Aaya Kya?,Emiway Bantai,rap,54,1
Coco Jamboo - Calippo Remix Edit,Angelika Vee,edm,54,0
Oh My God,Lord Siva,r&b,54,0
Bricks,Tommy Genesis,r&b,54,0
W.A.N.T.S,Global Dan,rap,54,0
Meant to Live,Switchfoot,rock,54,0
Nothin' At All (feat. Skoolie 300),Chuuwee,r&b,54,1
Hookah & Sheridan's (Bachata Version),DJ Khalid,latin,54,0
Salsa Pa' Olvidar las Penas (feat. Gilberto Santa Rosa),Víctor Manuelle,latin,54,0
"My, My, My",Johnny Gill,r&b,54,1
Parking Lot,Anderson .Paak,r&b,54,0
Get Away,The Internet,r&b,54,1
Galaxy,Paul van Dyk,edm,54,0
Wake Me Up Before You Go-Go - Remastered,Wham!,pop,54,0
Material Girl,Madonna,pop,54,1
Island,Kensington,rock,54,0
Sending My Love,Zhané,r&b,54,1
Superwoman,Karyn White,r&b,54,0
Two of Hearts,Stacey Q,latin,54,0
Thinking About You,Hardwell,edm,54,0
Nadita,Las Villa,latin,54,0
Celosa,Alejandro Gonzalez,latin,54,0
Paper Trails,DARKSIDE,pop,54,1
El Taqui Taqui - Original Mix,Ilegales,latin,54,0
Lullabies - Adventure Club Remix,Yuna,latin,54,0
Outside,Foo Fighters,rock,54,0
Farak,DIVINE,rap,54,0
Well I Wonder - 2011 Remaster,The Smiths,rock,54,1
Nothin' to Compare,Who,pop,54,1
Patek,MC Igu,rap,54,1
Feel It Too,Tainy,r&b,54,1
Underworld,Unaverage Gang,rap,54,0
Shakin',Eddie Money,rock,54,0
Tequila - Robin Schulz Remix,Dan + Shay,pop,54,0
HIGH,BAYNK,edm,54,1
"Lost - Recorded at Metropolis Studios, London",Jorja Smith,r&b,54,1
Rob A Bank,Confetti,pop,54,0
Run Wild,Thutmose,pop,54,0
I'm Your Baby Tonight,Whitney Houston,r&b,54,0
Choir - Remix,Guy Sebastian,pop,54,0
Sexy Robotica,Don Omar,latin,54,0
Aunque Te Fuiste,Don Omar,latin,54,0
Aventura,Luny Tunes,latin,54,0
Never Grow Up,CHANMINA,pop,54,0
FAST,Arizona Zervas,rap,54,0
Hostage,Unodavid,rap,54,1
Odessa,Caribou,r&b,54,0
Zebra,Beach House,r&b,54,1
Kyrie - Single Version,Mr. Mister,rock,54,1
Trátame Suavemente - Remasterizado 2007,Soda Stereo,rock,54,1
Show Me Love,Sandeville,edm,54,0
"Cuándo, Cuándo Es?",J-King y Maximan,latin,54,0
COLORLESS,Daichi Miura,latin,54,0
Flor Passionis,Styn,rap,54,1
The Riddle Anthem - Rework,Mike Candys,edm,54,0
Te Iré a Buscar,Farruko,latin,54,0
Hey Moon,John Maus,r&b,54,1
Hate Me,DED,rock,54,0
Dream On,Blacktop Mojo,rock,54,0
Best Life,Danny Brown,r&b,54,0
Time,Angelo De Augustine,r&b,54,1
Next To Me,Axel Johansson,pop,54,0
You Got It (The Right Stuff),New Kids On The Block,r&b,54,1
Famous,Sidhu Moose Wala,rap,54,0
Death Route,Sidhu Moose Wala,rap,54,0
BANG (with Helion),Medon,edm,54,0
Trains,Porcupine Tree,rock,54,0
LO'REAL,TUZZA Globale,rap,54,0
Lodi Dodi (feat. Nancy Fletcher),Snoop Dogg,rap,54,0
So Into You,Atlanta Rhythm Section,rock,54,1
Hello It's Me,Todd Rundgren,rock,54,0
she's all yours,Loote,r&b,54,0
Pełnia,Smolasty,latin,54,0
Cordite In The Air,mädmäx,rap,54,1
The Shape I'm In - Remastered 2000,The Band,rock,54,0
Somebody Out There,Lost Kings,pop,54,0
Forget About It,Sidhu Moose Wala,rap,54,0
Una Locura,J Alvarez,latin,54,0
You,dodie,pop,54,1
I Never Loved a Man (The Way I Love You),Aretha Franklin,r&b,54,1
Dreams,ZHU,latin,54,0
Are You Mine,Alex Schulz,latin,54,0
The Feast and The Famine,Foo Fighters,rock,54,0
SaDa,furino,rap,54,1
Law,Sleepdealer,rap,54,1
Core,RL Grime,rap,54,0
Face Everything And Rise,Papa Roach,rock,54,0
Falling Back,Roosevelt,edm,54,0
JUST SAYING,Comethazine,rap,54,1
Apollo,BLACHA,rap,54,0
This Is Gonna Hurt,Sixx:A.M.,rock,54,0
Run It (feat. Annika Wells),Midnight Kids,edm,54,0
Stitches - Seeb Remix,Shawn Mendes,edm,54,0
Boy Oh Boy,Good Times Ahead,rap,54,0
Missile,Dorothy,rap,54,0
Q.U.E.E.N.,Janelle Monáe,pop,54,1
Somebody Else,Zonoma,pop,54,0
Mr. Ferrari,GASHI,r&b,54,0
BOSS,The Carters,r&b,54,1
Back to Life,Chiiild,r&b,54,0
Nightgowns,Tom Misch,pop,54,1
Dominicana,Tego Calderon,latin,54,0
El Carnaval,Baby Rasta & Gringo,latin,54,0
Brother,Saul,rock,54,0
Romeo and Juliet,Dire Straits,rock,54,1
What a Life,MFnMelo,rap,54,1
IF YOU PRAY RIGHT,BROCKHAMPTON,rap,54,1
My Life Be Like(Grits),L. Starz,pop,54,0
Say You Won't Let Go - Luca Schreiner Remix,James Arthur,edm,54,0
Dogs of War,Blues Saraceno,rap,54,1
8 Money,Giants' Nest,latin,54,0
SPORT,Zeamsone,rap,54,1
Stop Calling (feat. Key Glock & Tay Money),MadeinTYO,rap,54,1
The Safety Dance,Men Without Hats,rock,54,0
Carry Your Throne,Jon Bellion,pop,54,0
WTP,Teyana Taylor,r&b,54,0
End Of Me,Ashes Remain,rock,54,0
Sweet Dreams (Are Made Of This),Marilyn Manson,rock,54,0
sunset cruise,Slowheal,rap,54,1
Ha Leh Lou Ya,Robin Schulz,latin,54,0
Gone,The Weeknd,r&b,54,1
Dippin' From The Cops,Aystar,rap,54,0
Green Machine,Kyuss,rap,54,0
Motownphilly - Original Version,Boyz II Men,r&b,54,0
Down To The Bottom,Dorothy,rap,54,0
"Honey, I'm Good",Andy Grammer,latin,54,0
Fortress - Just A Gent Remix,ILLENIUM,rap,54,0
Just Another Thing (feat. Crucifix),The Lacs,rap,54,0
Cowboys,Jelly Roll,rap,54,0
California,Jelly Roll,rap,54,0
Cuando Baila Reggaeton,Tego Calderon,latin,54,0
Enough to Believe,Bob Moses,pop,54,1
The Struggle Is Real,Struggle Jennings,rap,54,0
Peach,Glimlip,rap,54,1
Too Soft,6ixbuzz,rap,54,0
Beautiful,MOTi,latin,54,0
Speechless (feat. Erika Sirola) - MOTi Remix,Robin Schulz,pop,54,1
I'm Gonna Do My Thing,Royal Deluxe,rap,54,0
Joga Esse Rabão pro Pai,Dennis DJ,edm,54,0
LET YOU BE RIGHT,Meghan Trainor,pop,54,0
Let Me,Ilkay Sencan,edm,54,0
Paranoia,Frijo,rap,54,0
Cowboy,Upchurch,rap,54,1
Smoking Section,Jelly Roll,rap,54,1
L.A. Boyz,Victorious Cast,pop,54,0
Pieces Of Me,Ashlee Simpson,pop,54,0
Body = Fit (feat. Jonna Fraser & Tabitha),DJ DYLVN,latin,54,0
"Train, Train",Blackfoot,rock,54,0
Piscininha Amor,Whadi Gama,edm,54,0
Love,Musiq Soulchild,r&b,54,1
Buoy,RICCI,edm,54,0
Straight Thru,Quin Nfn,rap,54,1
Stick By My Side,Clever,rap,54,1
HONDA,Friday Night Plans,r&b,54,0
Lowlife,Josh A,rap,54,0
That's All I Need,Dirty Heads,pop,54,0
Friendly Candy,Burrito Brown,rap,54,1
POWER,Türküm,rap,54,0
Butterfly Effect,DJ Snake,rap,54,0
Grow Up,Bolier,latin,54,0
Faded,John De Sohn,pop,54,0
"Lawyers, Guns and Money - 2007 Remaster",Warren Zevon,rock,54,0
Solid,Ashford & Simpson,rock,54,1
This Must Be My Dream,The 1975,pop,54,0
Anniversary,Tony! Toni! Toné!,r&b,54,1
Sidelove,Astrid S,pop,54,1
Down Under,Omaure,pop,54,1
In My Hood,South Park Mexican,latin,54,0
Sticky Situation,anders,rap,54,0
Make It Rain,Fat Joe,rap,54,0
Ole School Shit,Eazy-E,rap,54,0
Dancer (Kygo Remix),Didrik Thulin,latin,54,1
Hold My Girl - Martin Jensen Remix,George Ezra,pop,54,0
The Dreamer (feat. Talib Kweli & Timan Family Choir),Anderson .Paak,r&b,54,0
A Hazy Shade of Winter,Simon & Garfunkel,rock,54,0
Sezon,Otsochodzi,rap,54,1
San Andreas,Zeamsone,rap,54,0
Subwalk,Bamba Lamer,latin,54,0
No Te Vas - Remix,Nacho,latin,54,0
Can't You See,Black Stone Cherry,rock,54,0
Something About the Sunshine,Anna Margaret,pop,54,0
Anoniem,Chivv,latin,54,0
Suave (Kiss Me) (feat. Mohombi & Pitbull),Nayer,pop,54,0
Méditerranée,Figub Brazlevic,rap,54,1
Sun Is Never Going Down,Martin Garrix,edm,54,0
Feels Like Home - Radio Edit,The Him,latin,54,0
Straight Outta Compton - Extended Mix / Edit,N.W.A.,rap,54,0
Bagsakan,Parokya Ni Edgar,rock,54,0
Chinatown,Kali,rap,54,0
All For Love,Madison Beer,pop,54,0
Pimpin' All Over The World,Ludacris,rap,54,0
Todo Lo Que Quieres Es Bailar - feat. Descemer Bueno,Jorge Villamizar,latin,54,0
PIA,Frenna,latin,54,0
Werewolves of London,Warren Zevon,rock,54,1
Bummer,[ocean jams],rap,54,1
Molasses,Hiatus Kaiyote,r&b,54,1
Man With The Bag,Jessie J,r&b,54,0
Free Yourself,Fantasia,r&b,54,1
No Other Way,Sinead Harnett,r&b,54,1
Keep Ya Head Up - Recorded at Spotify Studios NYC,Jhené Aiko,r&b,54,1
Beg,Jack & Jack,r&b,54,1
Ligaya,Eraserheads,rock,54,1
Martyr Nyebera,Kamikazee,rock,54,0
Close - Brooks Remix,IZECOLD,edm,54,0
Mala Suerte - Remix,Jory Boy,latin,54,0
Not That Type,gugudan,pop,54,0
It's Been A Long Time,Rakim,rap,54,0
La Ciudad,ODESZA,pop,54,0
If You Don't,Jonah Baker,pop,54,1
Whales,Cap Kendricks,rap,54,1
I Wanna Be Your Dog - 2019 Remaster,The Stooges,rock,54,0
Circular,Crisp Nibblets,latin,54,1
I Can't Help That I Miss You Now (Instrumental Version),Basixx,latin,54,0
Over The Hills And Far Away,Gary Moore,rock,54,0
Lilili Yabbay,SEVENTEEN,edm,54,0
Sensitivity,Ralph Tresvant,r&b,54,1
No Weapon,Fred Hammond,r&b,54,1
The Only (feat. IRENE of Red Velvet),Raiden,pop,54,0
Cosas Bonitas,Grupo Niche,latin,54,0
Sunshine,David Guetta,pop,54,0
DEMONY,DZIARMA,rap,54,1
Tear Down the Wall,Art Of Dying,rock,54,0
Clan In Da Front,Wu-Tang Clan,rap,54,1
The House Of House,Dimitri Vegas & Like Mike,edm,54,0
I Know You Know,Esperanza Spalding,r&b,54,1
Closer,Goapele,r&b,54,1
Therapy,Duke Dumont,edm,54,0
Eres Mi Bendicion (feat. Alex Zurdo),Funky,latin,54,0
"Trapstorno (feat. Natan El Profeta, Rubinsky Rbk & Philipe)",Redimi2,latin,54,0
Viviré (feat. Evan Craft),Redimi2,latin,54,0
Wake up Everybody (feat. Common & Melanie Fiona),John Legend,r&b,54,1
Do You Call My Name,Ra,rock,54,0
In Flames,Dabin,edm,54,0
All My Friends Are Dead,Turbonegro,rock,54,0
Una Vez Más,Manuel Turizo,rap,54,1
King of the Jungle,Shanguy,edm,54,0
Schnell machen,Sa4,rap,54,0
Sunset Blvd,7apes,rap,54,1
After the Storm,Mumford & Sons,r&b,54,1
Lucky Love,Michael Seyer,rock,54,1
Omega (feat. Ibranovski),Tchami,edm,54,0
El Despertar,Nil Moliner,latin,54,0
¿Qué Tiene?,Ximena Sariñana,latin,54,1
Lost In The Rhythm - Original Mix,Jamie Berry,edm,54,0
Delight - Original Mix,Jamie Berry,edm,54,0
Swerve,Molife,latin,54,1
Ahí Ahí,Vicente Garcia,latin,54,1
Dear Summer,Memphis Bleek,rap,54,0
Never Scared (feat. Killer Mike & T.I.) - Club Mix,Bone Crusher,rap,54,0
Welcome to Atlanta (feat. Ludacris),Jermaine Dupri,rap,54,0
No Problem,Lil Scrappy,rap,54,0
All Over,CRUISR,pop,54,0
Arrasando,Thalía,latin,54,0
Let It Die,Three Days Grace,rock,54,0
Go To War,Nothing More,rock,54,0
Wake Up Where You Are,State of Sound,pop,54,0
Hvil I Fred (feat. Jamaika),Xander,rap,54,0
Startede Sammen,Gobs,rap,54,1
MALDIVERNE (feat. KESI),Carmon,rap,54,0
Back for You,Kalom,edm,54,1
AM To PM,Christina Milian,pop,54,0
Home (feat. Nico Santos),Topic,pop,54,0
Samurai (feat. Sivas),Stepz,rap,54,0
Please Don't Go,SRTW,latin,54,1
Captain (feat. Smokepurpp) - Remix,Wiz Khalifa,rap,54,0
Baby 8,YBN Nahmir,rap,54,0
Stash (feat. Blueface),Tyga,rap,54,0
El Taxi - Radio Edit,Pitbull,latin,54,0
Do U?,Do Or Die,rap,54,0
La Rosa De Los Vientos,Makiza,latin,54,0
3 Minutos,Tommy Torres,latin,54,1
Himalaya,Larry 44,rap,54,1
Go (Remastered),Pearl Jam,rock,54,0
No Heroes (feat. Luciana),Firebeatz,edm,54,0
Prima Che Diventi Giorno,Jovanotti,r&b,54,0
De la Noche a la Mañana,Elefante,latin,54,0
Satellite,STARSET,rock,54,0
Vans - King Kavalier Remix,Arrested Youth,rap,54,0
Heartz Of Men,2Pac,rap,54,0
Hold On (feat. Michel Zitron) - Julian Jordan Remix,Martin Garrix,edm,54,0
Sunrise,Kevitch,pop,54,1
Kusanagi,ODESZA,pop,54,1
Hele Vejen (feat. Gilli),KESI,rap,54,0
Cinderella,ICEKIID,rap,54,0
Cha Cha Slide - Original Live Platinum Band Mix,DJ Casper,latin,54,0
Clandestino (feat. Calypso Rose),Manu Chao,latin,54,1
Crossfire / So Into You,Nai Palm,r&b,54,1
Youuu,COIN,pop,54,0
Love and Death,Ebo Taylor,rock,54,0
The Emotion,BØRNS,pop,54,0
Doggy Dogg World (feat. The Dramatics & Tha Dogg Pound),Snoop Dogg,rap,54,0
Estamos Clear,Miky Woodz,latin,54,0
Shake The Tree,Simon Field,latin,54,0
Save My Grave,Zeds Dead,rap,54,0
Jugg King,Young Scooter,rap,54,0
Beauty and Madness - 1993,Fra Lippo Lippi,rock,54,1
Kawasaki,Jamaika,rap,54,0
Turn Back The Clock,Johnny Hates Jazz,rock,54,0
Say My Name,Lil Yachty,rap,54,0
Voices Carry,'Til Tuesday,rock,54,1
Better,Guns N' Roses,rock,54,0
Do Right,Glades,r&b,54,0
How to Love (feat. Sofia Reyes) - Boombox Cartel Remix,Cash Cash,edm,54,0
Why I Love You,MAJOR.,r&b,54,1
"My Moment (feat. 2 Chainz, Meek Mill and Jeremih)",DJ Drama,rap,54,0
Poca Tela,Jaycob Duque,latin,54,0
Pandora,Vibarco,latin,54,0
Uitzicht,Bakermat,latin,54,1
500 Benz,Joey Bada$$,r&b,54,0
Uncomfortable,Halestorm,rock,54,0
Sunglasses At Night,Corey Hart,rock,54,1
The Line,Foo Fighters,rock,54,0
Lovefool,Scott Bradlee's Postmodern Jukebox,edm,54,1
Since You've Been Gone,DAY26,r&b,54,0
A Pedir Su Mano,Juan Luis Guerra 4.40,latin,54,0
The Wild Boys,Duran Duran,pop,54,0
It's Been Awhile,Staind,rock,54,0
A Long Walk,Jill Scott,r&b,54,1
One by One - Alle Farben Remix,Broken Back,latin,54,0
Nada Va Pasar,Yaga & Mackie,latin,54,0
Somebody To Love Remix,Justin Bieber,latin,54,0
Blue Monday - 2011 Total Version,New Order,pop,54,0
De Repente,Soraya,pop,54,1
Faded - ODESZA Remix,ZHU,pop,54,0
winter in rio,Wun Two,latin,54,1
English Breakfast,Jobii,latin,54,0
You Are My Lady,Freddie Jackson,r&b,53,1
I Can't Stop Loving You,Kem,r&b,53,1
Smoke,Toby Green,edm,53,0
Take Me Home,KAAZE,edm,53,0
Off The Ground,The Record Company,rock,53,0
"Hoy (feat. Daddy Yankee, J-Alvarez & Jory)",Farruko,latin,53,0
Something About You (with Rudimental),Elderbrook,pop,53,1
days like this,Two Sleepy,latin,53,0
So Lo,Louis Baker,r&b,53,1
Her Eyes,Fame on Fire,rock,53,0
Hot Legs,Rod Stewart,rock,53,0
Wonderful Together (feat. Envy Monroe),Blasterjaxx,edm,53,0
Monster (feat. Junior Funke),Blasterjaxx,edm,53,0
Daydreams,ARTY,edm,53,0
Radio Love,Lucas Estrada,latin,53,0
County Lines 1,Frosty,r&b,53,1
Burn The Ships (R3HAB Remix),for KING & COUNTRY,pop,53,0
Feels Like You,MOTi,edm,53,0
I Got The... - 2006 Remaster,Labi Siffre,r&b,53,1
Quarter-Life Crisis,Judah & the Lion,pop,53,0
With Tim,Guustavv,rap,53,1
Hood Took Me Under,Compton's Most Wanted,rap,53,1
My Buddy,G-Unit,rap,53,0
On Your Own,Y.V.E. 48,latin,53,1
Angst,INZO,rap,53,0
Mother - Remastered 2010,John Lennon,rock,53,1
Cold Hearted,Paula Abdul,r&b,53,0
God - Remastered 2010,John Lennon,rock,53,1
Diggin' On You,TLC,r&b,53,0
Wicked Game,HIM,rock,53,0
Stay Away from My Baby,Banes World,rock,53,1
"Over My Head (Cable Car) - Live at Sirius Radio, NYC, NY - May 2006",The Fray,latin,53,1
"American Woman - 7"" Version",The Guess Who,rock,53,0
No Mercy (feat. Denzel Curry),MELODOWNZ,rap,53,0
What's on Your Mind (Pure Energy),Information Society,rock,53,0
Double Talkin' Jive,Guns N' Roses,rock,53,0
Por Tu Olor,El Kanka,latin,53,1
Paranoid Android - Remastered,Radiohead,rock,53,0
Roni,Bobby Brown,r&b,53,0
Silly Love Songs - Remastered 2014,Wings,rock,53,1
Oh My Love - Remastered 2010,John Lennon,rock,53,1
Feel Like A Fool,Kali Uchis,r&b,53,0
More Life,Burna Boy,r&b,53,1
Lovely,Midsplit,rap,53,1
Flava in Ya Ear,Craig Mack,rap,53,1
Bounce (feat. Snoop Dogg),Dimitri Vegas & Like Mike,edm,53,0
Ella Me Besó,Elvis Crespo,latin,53,0
Nobody Else,Wahlstedt,edm,53,0
I Wanna Rave,Steve Aoki,edm,53,0
Let Go,RAC,pop,53,0
Reasons Not To Die - Demo,Ryn Weaver,pop,53,1
Backwood,Ari Lennox,r&b,53,1
Sin Ti,Alex Zurdo,latin,53,0
Feather,Lost Kings,edm,53,0
Psycho (feat. Artigeardit),Omar,rap,53,0
On & On - Mixed,MØ,pop,53,0
Slip Away,Clarence Carter,rap,53,1
Vivir Sin Aire - Unplugged,Maná,latin,53,0
Wishful Thinking,China Crisis,rock,53,1
So I Met Someone,VHS Collection,pop,53,0
Tonite,DJ Quik,rap,53,1
Tequila e San Miguel,Loredana Bertè,r&b,53,0
#Sádico,Rawayana,latin,53,1
Light,SIRUP,pop,53,0
Off The Hook,Hardwell,edm,53,0
Mafiosa,NODE,rap,53,1
80's Comedown Machine,The Strokes,rock,53,1
Good Morning,Grouplove,pop,53,0
Sexual Healing - Kygo Remix,Marvin Gaye,pop,53,1
Get A Move On!,Mr. Scruff,edm,53,0
Love and War,Tamar Braxton,r&b,53,0
911 - Tom Wilson Remix,Ellise,rap,53,0
Airmax gegen Kopf,Dardan,rap,53,0
Don't Sweat The Technique,Eric B. & Rakim,rap,53,0
Dollaz + Sense,DJ Quik,rap,53,0
Backyard Boogie,Mack 10,rap,53,1
Back To The Hotel,N2DEEP,rap,53,1
Inevitable - En Vivo,Shakira,latin,53,0
Blind Faith,GAMPER & DADONI,pop,53,0
Pompen,Kraantje Pappie,pop,53,0
Ganas de Vivir,Kike Pavón,latin,53,0
The Language,Drake,r&b,53,0
Vent,o k h o,rap,53,1
Circus,TAEYEON,edm,53,1
Promesas,Funky,latin,53,0
Lo Mio No Pasa,Alex Zurdo,latin,53,0
Part-Time Lover,Dabin,edm,53,0
Boom - 2006 Remaster,P.O.D.,rock,53,0
Fruta Prohibida,Dragon & Caballero,latin,53,0
LA MIA ULTIMA STORIA,AIELLO,r&b,53,1
Dove e quando,Benji & Fede,r&b,53,0
No Te Va,Joey Montana,latin,53,0
Karru,FloFilz,rap,53,1
Fanático,Maxiolly,rap,53,0
Cassie (feat. Suspekt),Xander,rap,53,0
Killing Butterflies,Lewis Blissett,latin,53,0
Aquí (feat. María José),Beto Cuevas,latin,53,0
Peeping Tom - Original Mix,Jamie Berry,edm,53,0
Push,Grennels,latin,53,0
Колибри,Kavabanga Depo Kolibri,rap,53,1
Lost Lake,Boomo,latin,53,1
How Hard I Try (feat. James Hersey),filous,pop,53,1
Déjà Vu,Katy Perry,pop,53,1
grass,MF Eistee,rap,53,1
I Used to Love H.E.R.,Common,rap,53,1
Emily,Two Friends,edm,53,0
Wszystko co mam,Otsochodzi,rap,53,0
Co u Ciebie?,Filipek,rap,53,1
MVP,Big L,rap,53,0
Wrong Side of da Tracks,Artifacts,rap,53,1
Next Level - Nyte Time Mix,Showbiz & A.G.,rap,53,1
ERROR,KLOUD,rap,53,0
Aviation,The Last Shadow Puppets,rock,53,0
You Know My Name,Tasha Cobbs Leonard,r&b,53,1
Your Spirit,Tasha Cobbs Leonard,r&b,53,0
Don't Want You Back,Bakermat,edm,53,0
Pa' Mala Yo,Natti Natasha,latin,53,0
Devoted Passion,Figub Brazlevic,rap,53,1
It's On,Eazy-E,rap,53,0
One More Chance - 2005 Remaster,The Notorious B.I.G.,rap,53,0
Crooklyn - Crooklyn/Soundtrack Version,Crooklyn Dodgers,rap,53,0
Czarne Oczy (Chilaca),Wac Toja,rap,53,0
Untouchable,Tritonal,edm,53,0
So High,JAYLIEN,pop,53,0
A Mí Me Gusta,El Freaky,latin,53,0
Vuelve a Mi,Micro Tdh,rap,53,0
Cubierto de Ti,Rauw Alejandro,rap,53,0
In Je Face,Poke,latin,53,0
Tropic Love,Diviners,pop,53,0
Boss,La Zowi,rap,53,0
UnFazed (feat. The Weeknd),Lil Uzi Vert,r&b,53,0
DAYLIGHT,TELYKast,edm,53,0
Sway - Chainsmokers Remix,Anna of the North,pop,53,0
VHS,PlanBe,rap,53,1
Impreza,Sobel,rap,53,1
Alipin,Shamrock,rock,53,1
Take Off,RetroVision,edm,53,0
An End Has a Start,Editors,rock,53,0
We Can Freak It,Kurupt,rap,53,0
Falling Short,Låpsley,pop,53,1
"The Gangsta, The Killa And The Dope Dealer",Westside Connection,rap,53,0
Nothin' But The Cavi Hit,Mack 10,rap,53,0
"This is Our Song - From ""Camp Rock 2: The Final Jam""",Demi Lovato,pop,53,0
Brown Skin,India.Arie,r&b,53,1
In Between Days - 2006 Remaster,The Cure,rock,53,0
BAMM,Milo Manheim,pop,53,0
Voorzichtig,Poke,latin,53,0
"Can't Back Down - From ""Camp Rock 2: The Final Jam""",Demi Lovato,pop,53,0
My Medicine - Single Version,The Pretty Reckless,rap,53,0
U Send Me Swingin',Mint Condition,r&b,53,0
What About Love,Austin Mahone,pop,53,0
Guilty,Sick Individuals,edm,53,0
Takin' You For A Ride,Pandrezz,pop,53,1
Wander With Me,Tom Misch,pop,53,1
He Said She Said,Ashley Tisdale,pop,53,0
Breathe,Michelle Branch,pop,53,0
Kaki,Equalz,latin,53,1
Work It,Tabitha,latin,53,0
Burn Me Down,Dannic,edm,53,0
Mornin Dew,Sunni Colon,pop,53,1
Rubber Band Man,T.I.,rap,53,0
The Boy with the Thorn in His Side - 2011 Remaster,The Smiths,rock,53,0
Yoyo,Marina Yers,latin,53,0
Hold The Line - Acoustic,A R I Z O N A,pop,53,1
Rocket,Def Leppard,rock,53,0
Meant to Be,Ross Lynch,pop,53,0
Don't Stop the Devil,Dead Posey,rap,53,0
Helicopter - Video Edit,Martin Garrix,edm,53,0
All Those Years Ago - 2004 Mix,George Harrison,rock,53,0
Wah-Wah,George Harrison,rock,53,0
Smoke My Dope (feat. Smokepurpp),Lil Pump,rap,53,0
Elm Street,Jimmy Wopo,rap,53,1
Ran off on Da Plug Twice,Plies,rap,53,0
Still,Loyle Carner,pop,53,1
linus,lōland,rap,53,1
Swordfighter,Andrew Applepie,rap,53,1
Homesick,Kazam,rap,53,1
Baila Conmigo,Manuel Turizo,latin,53,1
Roadhouse Blues - New Stereo Mix,The Doors,rock,53,0
London,GUILC,edm,53,0
Antes de Que Nos Olviden,Caifanes,rock,53,1
Life in a Northern Town,The Dream Academy,rock,53,1
Casanova,Levert,r&b,53,0
Should've Known Better (feat. Anne-Marie),Clean Bandit,pop,53,0
Freaking Out,The Wrecks,rock,53,0
Never Let You Go (feat. Sofia Reyes),Slushii,pop,53,0
Baby I'm Ready,Levert,r&b,53,1
Favela,Murda,latin,53,0
Beauty By Nature (feat. Famke Louise),Architrackz,latin,53,1
Draco,Dillom,rap,53,1
Setting Fires,The Chainsmokers,edm,53,0
De Cero,CNCO,latin,53,0
Oh Me Oh My,DJ Snake,edm,53,0
Te Boté II,Casper Magico,latin,53,0
Here Comes The Night,DJ Snake,edm,53,0
Peppa Pig (Prod. Y2K),Leyla Blue,r&b,53,1
Fade Away (feat. INNA),Sam Feldt,pop,53,0
Pass Out,Tinie Tempah,pop,53,0
Gotta Get Up - Interlude,Kali Uchis,r&b,53,1
Rump Shaker,Wreckx-N-Effect,r&b,53,0
In My Mind Part 3 (feat. Georgi Kay),Flo Rida,latin,53,0
Wifey,Next,r&b,53,0
Back Foot,Dinosaur Pile-Up,rock,53,0
Lite Weight (feat. The Free Nationals United Fellowship Choir),Anderson .Paak,r&b,53,0
Room in Here (feat. The Game & Sonyae Elise),Anderson .Paak,r&b,53,0
Celebrate,Anderson .Paak,r&b,53,0
Like A Bitch - Extended Mix,Zomboy,rap,53,0
Steer Clear,Upchurch,rap,53,0
So Good Looking,The Kooks,pop,53,0
Shine A Light,Bryan Adams,rock,53,0
Another Day in Paradise,KALUMA,latin,53,0
Dance Monkey,Yann Muller,latin,53,0
Harder - KC Lights 6AM Remix,Jax Jones,edm,53,0
The Season | Carry Me,Anderson .Paak,r&b,53,0
Ghetto Flex,Kabe,rap,53,0
Immortalized,Disturbed,rock,53,0
Wild Thoughts - Medasin Dance Remix,DJ Khaled,rap,53,0
Donde Hubo Fuego,Daddy Yankee,latin,53,0
Moonlight Bossa,Jazzinuf,rap,53,0
Night Train,Koralle,rap,53,1
While I'm Alive,STRFKR,pop,53,0
Till Dawn (Here Comes The Sun),The Weeknd,r&b,53,1
Case Of The Ex (Whatcha Gonna Do),Mýa,r&b,53,0
Lejos De Ti,Gian Marco,latin,53,0
Limitless,Elektronomia,pop,53,0
Triángulo,Les Gordon,edm,53,0
Photograph - Felix Jaehn Remix,Ed Sheeran,edm,53,0
Around The Way Girl,LL Cool J,r&b,53,1
Try Again,Aaliyah,r&b,53,0
Magic,Jauz,rap,53,0
Careless Whisper,Seether,rock,53,0
Limitless,Sudan Archives,r&b,53,1
Busy Earnin',Jungle,pop,53,0
Lost in My Mind,RÜFÜS DU SOL,edm,53,0
Bag Lady,Erykah Badu,r&b,53,1
Animales,Romeo Santos,latin,53,0
"Good to Be Home (feat. Tom Misch, Loyle Carner & Rebel Kleff)",Barney Artist,pop,53,0
Primetime,Janelle Monáe,pop,53,0
Pamiętnik EX,Young Igi,rap,53,0
"Keep It Loose, Keep It Tight",Amos Lee,r&b,53,1
Get Away (feat. Rama Duke),Breathe Carolina,edm,53,0
Faza,Mr. Polska,rap,53,0
styl,Be Vis,rap,53,1
Gale Song,The Lumineers,r&b,53,1
Waves - Guitar Acoustic,Dean Lewis,r&b,53,1
I Am A River,Foo Fighters,rock,53,0
Pop Song,Perfume Genius,r&b,53,1
The Drop,Bro Safari,rap,53,0
Blac Chyna,Lambo Anlo,rap,53,1
Downtown,Majical Cloudz,pop,53,1
For You,Staind,rock,53,0
Happier - Tiësto’s AFTR:HRS Remix,Ed Sheeran,pop,53,0
Adhana,Vini Vici,edm,53,0
Rock Steady,The Whispers,r&b,53,0
Girls Dem Sugar,Beenie Man,r&b,53,0
"It's All About the Benjamins (feat. The Notorious B.I.G., Lil' Kim & The Lox) - Remix",Diddy,rap,53,0
What to Do,GLDN,edm,53,0
Me llamas,Piso 21,latin,53,0
Open Eye Signal,Jon Hopkins,pop,53,0
New Rules - Alison Wonderland Remix,Dua Lipa,rap,53,0
Flatline,Blanke,rap,53,0
Flotando,Francisca Valenzuela,latin,53,0
Black Dog - 1990 Remaster,Led Zeppelin,rock,53,0
Cross My Heart,Hogland,pop,53,0
Flash Pose,Pabllo Vittar,edm,53,0
Anywhere,112,r&b,53,1
Don't You Cry For Me,Cobi,pop,53,1
Difference,Amrit Maan,rap,53,0
Westside,TQ,r&b,53,0
Firefly,Breaking Benjamin,rock,53,0
Un Beso,Baby Rasta & Gringo,latin,53,0
Talk To Myself,Avicii,pop,53,0
Where Is the Love (Wave Remix),Alex Martura,edm,53,1
Baguettes (feat. Gunna),Smokepurpp,rap,53,0
Show U Off (feat. Lil Uzi Vert),Lud Foe,rap,53,1
When I Need You - Remastered,Leo Sayer,rock,53,1
Alone Again (Naturally),Gilbert O'Sullivan,rock,53,1
Vencemo,Buddy,rap,53,1
Drug Sick,Tommy Ice,rap,53,1
I'm Leaving,Rileyy Lanez,r&b,53,1
Clarity,Model Man,edm,53,0
Get Lost - Ford. Remix,Bearson,edm,53,1
To Live & Die In L.A.,2Pac,rap,53,0
A Storm On A Summers Day,Full Crate,r&b,53,1
No Te Quiero Perder,Sabino,rap,53,0
La Desean,Sartiboy,latin,53,0
Right Now,Confetti,pop,53,0
Loco,Jowell & Randy,latin,53,0
Beba Tu Estas Flama,Nestor En Bloque,latin,53,0
Favor,Zouhair Bahaoui,latin,53,1
Who You Are (feat. MIO),Syn Cole,edm,53,0
Savages,MARINA,pop,53,0
SAYONARA,Aries,pop,53,0
Let The Music Play,Shannon,latin,53,0
Deliverance,Bubba Sparxxx,rap,53,0
Cold as Ice,Blacklite District,rock,53,0
Botas y Texana,La Plebada,rap,53,0
Paint California,NoMBe,rock,53,0
Come To Me,ÄTNA,rock,53,0
Signos - Remasterizada 2007,Soda Stereo,rock,53,0
Paris,Magic Man,pop,53,0
Guallando,Fulanito,latin,53,0
Sinner,Drowning Pool,rock,53,0
The Headmaster Ritual - 2011 Remaster,The Smiths,rock,53,0
So In Love,Orchestral Manoeuvres In The Dark,rock,53,0
"memories of her, last winter",Rook1e,rap,53,1
So In Love - feat. Anthony Hamilton,Jill Scott,r&b,53,0
Golden,Jill Scott,r&b,53,1
Nothing - Original Mix,HNNY,edm,53,1
Disco Dancer,Kiki Gyan,edm,53,0
Final Credits,Midland,edm,53,0
A Phone Call In Amsterdam,Valley,pop,53,0
Função,L7NNON,rap,53,1
Wanderlust,Throttle,edm,53,0
Deal with the Devil,Pop Evil,rock,53,0
Elusive,blackwave.,r&b,53,0
Let the Sparks Fly,Thousand Foot Krutch,rock,53,0
Te Recordaré Bailando,Don Omar,latin,53,0
Ready Or Not,After 7,r&b,53,1
Lalu,Omy de Oro,rap,53,1
You Deserve Better - Andrelli Remix,James Arthur,pop,53,0
Hands Free,Saiko,rap,53,1
Sharp Dressed Man,ZZ Top,rock,53,0
Cityyyyyy Lifeee,Dwin,edm,53,0
When We Were Still Young - Averro Remix,Klaas,edm,53,0
Nobody Knows,The Tony Rich Project,r&b,53,1
BB's Theme,Ludvig Forssell,pop,53,1
Love Song,Tesla,rock,53,1
House of Pain,Faster Pussycat,rock,53,1
Poco A Poco,Luis Fonsi,latin,53,0
Dead Man's Party,Oingo Boingo,rock,53,0
Spotless,Martin Garrix,edm,53,0
Try,6o,rap,53,1
Gangsta Gangsta,18 Karat,rap,53,0
New World Sound,Tom & Jame,edm,53,0
I Got the Keys (feat. Jay-Z & Future),DJ Khaled,latin,53,0
Love Of My Life - Remastered 2011,Queen,rock,53,1
Vamos Pa' Encimota,D.OZI,rap,53,0
Human,Sevdaliza,r&b,53,1
Killing Me Softly With His Song - The Four Performance,Zhavia Ward,r&b,53,0
Tenho Você,Davi,latin,53,1
Cosas de la Vida,Cartel De Santa,rap,53,0
Over It,Audien,edm,53,0
N.T.M.,LX & Maxwell,rap,53,0
A Forest - Remastered Version,The Cure,rock,53,1
These Days,Manwolves,r&b,53,1
Sideshow,Jutes,rap,53,0
Down for You (feat. BJ the Chicago Kid),Kehlani,r&b,53,0
Ich rolle mit meim Besten - Babos Remix,Haftbefehl,rap,53,0
Fogo (feat. Julimar Santos),Garmiani,edm,53,0
Fire Escape,Andrew McMahon in the Wilderness,pop,53,0
Punk'd,Haus of Panda,edm,53,0
Not in Control,Glaceo,pop,53,0
Free Your Mind,En Vogue,r&b,53,0
Criticize,Alexander O'Neal,r&b,53,0
I Wish,Tom Misch,r&b,53,1
Supersonic (feat. Christian Burns),Swanky Tunes,edm,53,0
Euphoria,Destiny Rogers,r&b,53,0
Latency,Martin Garrix,edm,53,0
Mohabbat,Kaam Bhaari,rap,53,0
Don't Matter,Cherokee,rock,53,1
Sounds Like a Melody,Alphaville,pop,53,0
I Seen a Man Die,Scarface,rap,53,0
The Disease,Anti-Flag,rock,53,0
Grave,Wage War,rock,53,0
Make It Last Forever (with Jacci McGhee),Keith Sweat,r&b,53,1
Control,Emmit Fenn,edm,53,1
Rinse & Repeat - Radio Edit,Riton,edm,53,0
Spoonful,Grizfolk,pop,53,0
Moral of the Story,Ashe,pop,53,1
Corona,Minutemen,r&b,53,0
The Launch - Radio Edit,DJ Jean,pop,53,0
Como Me Duele Perderte,Gloria Estefan,latin,53,1
Panacea.,Misc.Inc,rap,53,1
NGC 6236,Toonorth,rap,53,1
Thank You,Quincy Mumford,r&b,53,1
No Regrets (feat. Krewella) - KAAZE Remix,KSHMR,edm,53,0
Fuse,Brenky,rap,53,1
Somebody Else,Isac Elliot,r&b,53,0
Pick Up the Pieces,Average White Band,r&b,53,0
Becher & Blunt,Haze,rap,53,0
Get Up Offa That Thing,James Brown,r&b,53,0
Corda Bamba,Malibu,r&b,53,1
You're Always On My Mind,SWV,r&b,53,1
Eternally 12,Melanie Faye,r&b,53,1
One Way Ticket,ONE OK ROCK,rock,53,0
broken - Cash Cash Remix,lovelytheband,edm,53,0
Kali Yuga,Ghostemane,rap,53,0
Visa Para Un Sueño - En Vivo Estadio Olímpico De República Dominicana/2012,Juan Luis Guerra 4.40,latin,53,0
Million Pieces - M-22 Remix,Bastille,pop,53,0
Shattered Amethyst,$uicideBoy$,rap,53,0
Desolate Blur,Jobii,rap,53,1
Soul Fifty,Chocolate Puma,edm,53,0
Waking Up The Giants,Grizfolk,pop,53,0
Run To Me,Double You,pop,53,0
Beyond the Realms of Death,Judas Priest,rock,53,0
Nowhere to Run,Brennan Savage,rap,53,1
The Streets - Re-Twist,WC,rap,53,0
I Think I Love You Again,Aaron Taylor,r&b,53,1
Send It On,D'Angelo,r&b,53,1
No Me Voy A Morir,Belanova,pop,53,0
Pony,Valentino Khan,edm,53,0
Riptide - FlicFlac Edit,Vance Joy,latin,53,0
Alive And Kicking,Simple Minds,rock,53,0
Mimosas,LATENIGHTJIGGY,latin,53,0
Low,Cracker,rock,53,0
Alone with You,Y.V.E. 48,latin,53,1
Angel,Akon,latin,53,0
Polaris,Ghostemane,rap,53,1
Breaking Up Is Hard to Do,Neil Sedaka,rock,53,1
Euronymous,Ghostemane,rap,52,0
Crooked Soul - Single Version,Dayseeker,rock,52,0
Pepe,JEANS,pop,52,0
Punching in the Dark,Hellberg,latin,52,0
What Am I - SONDR Remix,Why Don't We,pop,52,0
How You Love Me,3LAU,edm,52,0
Nothing In This World,KeKe Wyatt,r&b,52,0
Spaceman,Hardwell,edm,52,0
Satisfy Me,The Unfits,rock,52,1
Reach,chief.,rap,52,1
CharacterSelect (ВыборПерсонажа),BONES,rap,52,1
Yellow Bird,Pretty Lights,latin,52,0
I Don't Care (feat. Robin Valo),Ummet Ozcan,edm,52,0
X,Nicky Jam,latin,52,0
World At Our Feet - Deorro Remix,Timmy Trumpet,edm,52,0
Love The Things You Do,Pip Millett,r&b,52,1
Every Second (Eva Under Fire),From Ashes to New,rock,52,0
Get Your Walk On,Xzibit,rap,52,0
Roses - Zaxx Remix,The Chainsmokers,edm,52,0
Southernplayalisticadillacmuzik,OutKast,rap,52,0
A Donde Voy (feat. Daddy Yankee),Cosculluela,latin,52,0
Overpowered,Róisín Murphy,pop,52,0
Stutter (feat. Mystikal) - Double Take Remix,Joe,r&b,52,0
Burn (Let Your Mind Go) (feat. Luciana) - Radio Edit,KSHMR,edm,52,0
Lemonade,Alex Zind,r&b,52,0
Revell,Smoke Trees,rap,52,1
Heavy Wave,Motorama,rock,52,0
Lips Like Sugar,Echo & the Bunnymen,rock,52,0
This Is Your Night,Amber,pop,52,0
Maybe,Janieck,edm,52,0
Foda-Se a Ex,MC Cabelinho,rap,52,0
Fire Alarm,Castlecomer,pop,52,0
Stranger,Phlocalyst,rap,52,1
faceless woman,less.people,rap,52,1
MIAmi Ye,Roco,latin,52,0
Stockholm,Atlas Genius,pop,52,0
Memories,Cat Dealers,edm,52,0
Dreamer - Nicky Romero Remix,Martin Garrix,edm,52,0
Sehera,Ali B,latin,52,0
Be My Now,Gestört aber GeiL,latin,52,1
Wolves,KAAZE,edm,52,0
ease your mind,joan,pop,52,0
Just Got Paid,ZZ Top,rock,52,1
Dreams Never End - 2015 Remaster,New Order,rock,52,0
Tacones,Gemeliers,latin,52,0
"Yes, No, Maybe feat. Tom Misch",Detroit Swindle,edm,52,0
Ebbe & Flut,Gzuz,rap,52,0
Compton,LX,rap,52,0
Can't Get Enough! - Vocal Club Mix,Soulsearcher,edm,52,0
Lyk U Use 2 (feat. Andres),Moodymann,edm,52,1
Isolation - 2007 Remaster,Joy Division,rock,52,0
Bomb A Drop,Garmiani,edm,52,0
Barbarism Begins at Home - 2011 Remaster,The Smiths,rock,52,0
Takedown,Dirty Palm,edm,52,0
Popeye,MC Igu,rap,52,1
Beast,Tungevaag,pop,52,0
Anywhere,Dillon Francis,pop,52,0
Japanese Garden,Katashi Kaitō,rap,52,1
See You Leave,RJD2,r&b,52,0
Scene Seven: I. The Dance of Eternity,Dream Theater,rock,52,0
Boys Ain't Shit,SAYGRACE,r&b,52,0
Sit Back,IAMDDB,r&b,52,1
Make Me Wanna Die,The Pretty Reckless,rock,52,0
Make It Bounce,Martin Vide,edm,52,0
Rock the House,Gorillaz,r&b,52,0
달라달라 DALLA DALLA,ITZY,pop,52,0
Si No Cuidas Tu Mujer,Eddie Dee,latin,52,0
Me Gustas,Kevin Roldan,latin,52,0
High as Fuck,Thelonious Coltrane,rap,52,1
autumn daze,charlie toØ human,rap,52,1
Red Right Hand,Arctic Monkeys,rock,52,0
Lost!,Coldplay,rock,52,0
Fallin',Sick Individuals,pop,52,0
Flashbacks,Marshmello,rap,52,0
"Strangelove - 7"" Version",Depeche Mode,rock,52,0
Save It For Later,The English Beat,rock,52,0
Eighties - 2007 Digital Remaster,Killing Joke,rock,52,0
Blue Monday '88 - 2015 Remaster,New Order,rock,52,0
Tokyo,Drevm,rap,52,1
The Fall,Bryce Vine,pop,52,0
Don't Push Me,50 Cent,rap,52,0
Warrior,Hopex,rap,52,0
"Selfie (feat. Zion & Lennox, Jhay Cortez & Miky Woodz) - Remix",De La Ghetto,latin,52,0
Anoche (Remix),Romeo El Santo,latin,52,0
Waking Dreams,damaa.beats,rap,52,1
What Can I Say,Boz Scaggs,rock,52,0
Burn Down The Mission,Elton John,rock,52,1
"Just in Case (feat. Swizz Beatz, Rick Ross & DMX)",Godfather of Harlem,r&b,52,0
Сонная лощина,MiyaGi,rap,52,1
No Estaba en Mis Planes,Sandoval,latin,52,1
Thug,Slim Thug,rap,52,0
Ghost Ranch,Upchurch,rap,52,0
Silicon Valley,Anderson .Paak,r&b,52,1
Without You (feat. Rapsody),Anderson .Paak,r&b,52,0
Energía,Alexis y Fido,latin,52,0
High All The Time,50 Cent,rap,52,0
Layaway,Alexander Lewis,rap,52,1
Soul Mates,Jazzinuf,rap,52,1
Nepenthe,goosetaf,rap,52,1
Shower the People,James Taylor,rock,52,1
Moon Light,Ymori,rap,52,1
Déjà Vu,Roger Waters,rock,52,1
Remember (Original Mix),The Underdog Project,edm,52,0
Slow Down,Cam Meekins,r&b,52,0
Lonely Boy,Andrew Gold,rock,52,1
Oops!... I Did It Again,why mona,r&b,52,0
Steal Away - Remastered,Robbie Dupree,rock,52,1
Gasoline,Party Favor,rap,52,0
Tonight,Upchurch,rap,52,1
Happy Man,Jungle,pop,52,1
Vale,Maribou State,pop,52,1
Tick Tock,Tom Misch,pop,52,1
Be Somebody,Kings of Leon,rock,52,0
Wouldn't Change a Thing,Demi Lovato,pop,52,0
Pyrite,"Sarah, the Illstrumentalist",rap,52,1
Happy To Help,Fallen Roses,rap,52,1
Julia,Jungle,pop,52,0
Better Days,Cam Meekins,r&b,52,0
All I Want (feat. Cameron Dallas),Daniel Skye,r&b,52,0
Outlaw Shit (feat. Waylon Jennings & Yelawolf),Struggle Jennings,rap,52,0
No Pressure,The Kooks,pop,52,0
Bliss,Th' Dudes,rock,52,0
Guess Who's Back,Scarface,rap,52,0
Sige,6cyclemind,rock,52,0
Factory of Faith,Red Hot Chili Peppers,rock,52,0
Antidote - Extended,Swedish House Mafia,edm,52,0
taiyō,lōland,rap,52,1
cherry,Tom Doolie,rap,52,1
Leaving,High John,rap,52,1
Ballads for Backgrounds,Konteks,rap,52,1
Verdi,Wun Two,rap,52,1
Fick die Hoe,AK Ausserkontrolle,rap,52,0
Mister (feat. 21 Savage),Young Nudy,rap,52,1
OdeToYou,Flitz&Suppe,pop,52,1
Home,Marshmello,edm,52,0
"Keep It Undercover - Theme Song From ""K.C. Undercover""",Zendaya,pop,52,0
I Think She Like Me,Rick Ross,rap,52,0
Can It Be All So Simple / Intermission,Wu-Tang Clan,rap,52,1
Imagine Me,Kirk Franklin,r&b,52,0
Babylon (feat. Kendrick Lamar),SZA,r&b,52,1
Die Echten,Capital Bra,rap,52,0
What Might Have Been,Robot Orchestra,rap,52,1
Got You There,Matrix & Futurebound,edm,52,0
I'm Getting Ready,Tasha Cobbs Leonard,r&b,52,0
With A Smile,Eraserheads,rock,52,1
Noypi,Bamboo,rock,52,1
I'm On Fire,Town Mountain,r&b,52,1
Where Is My Mind?,Trampled by Turtles,r&b,52,1
Trap Trap Trap,Rick Ross,rap,52,0
Como Le Gusta a Tu Cuerpo (feat. Michel Teló),Carlos Vives,latin,52,0
Electric Relaxation,A Tribe Called Quest,rap,52,1
Shukar,Andra,r&b,52,0
Fabricando Fantasías - Salsa Version,Tito Nieves,latin,52,0
Therapy,Armin van Buuren,pop,52,0
2065,AK Ausserkontrolle,rap,52,0
We Found Love (feat. Ashibah),Nora En Pure,edm,52,0
Ready to Diet,Kevoe West,rap,52,1
Your Love,Mercer,edm,52,0
Se Siente Bien,Dragon & Caballero,latin,52,0
100 dni do matury,Mata,rap,52,0
Afro Blue,Robert Glasper,r&b,52,1
Straighten It Out,Pete Rock & C.L. Smooth,rap,52,1
Unbelievable - 2005 Remaster,The Notorious B.I.G.,rap,52,0
Things Done Changed - 2005 Remaster,The Notorious B.I.G.,rap,52,0
Wasted (feat. Plies),Gucci Mane,rap,52,0
You Don't Know How Lucky You Are,Keaton Henson,r&b,52,1
Magisch,Olexesh,rap,52,0
Hallucinations - Acoustic,PVRIS,pop,52,1
VICTIM OF A SYSTEM,RAT BOY,pop,52,0
Fun Tonight,Macross 82-99,r&b,52,0
Patte fließt,Azet,rap,52,0
Don't Wanna Lose You,Gloria Estefan,latin,52,1
Como Soy,Pacho El Antifeka,rap,52,0
Accetto Miracoli,Tiziano Ferro,r&b,52,1
Momenti perfetti,Giusy Ferreri,r&b,52,0
Breathe Without,Nurko,edm,52,0
Till It Hurts,Yellow Claw,edm,52,0
Sound Bwoy Bureill,Smif-N-Wessun,rap,52,1
Black Star,Radiohead,rock,52,0
Amor De Una Noche (feat. Julio Voltio) - Remix Version,N'Klabe,latin,52,0
All The Fucking Time - Acoustic,Loote,pop,52,1
Cloud 9,Beach Bunny,pop,52,0
G Walk (with Chris Brown),Lil Mosey,rap,52,0
First World Problemz / Nobody Carez,Brent Faiyaz,r&b,52,1
Diez Pasos Hacia Ti,"Daniel, Me Estás Matando",latin,52,1
Steambreather,Mastodon,rock,52,0
Cosa ci ha fatto l'amore,Nek,r&b,52,1
YDLM,The Griswolds,pop,52,0
Dem Boyz,Boyz N Da Hood,rap,52,0
Black Is The Soul,Korn,rock,52,0
How Long Will They Mourn Me?,Thug Life,rap,52,0
Let's Play House,Tha Dogg Pound,rap,52,0
Playaz Club,Rappin' 4-Tay,rap,52,1
Don't Believe The Hype,Public Enemy,rap,52,1
Boss,Lil Pump,rap,52,0
Peek A Boo,Lil Yachty,rap,52,0
Thursday,Leven Kali,r&b,52,1
Tunnel Vision,Kodak Black,rap,52,0
Money in the Bank (feat. Young Buck) - Remix,Lil Scrappy,rap,52,0
Game Over,Lil' Flip,rap,52,0
Nice Guy,courtship.,pop,52,0
Superstar,Said the Sky,edm,52,0
Filthy,Justin Timberlake,r&b,52,0
Runaway,Armin van Buuren,edm,52,0
Wave Goodbye (feat. Jeffrey Jey),Robin Schulz,latin,52,0
Hope,DubVision,edm,52,0
You and I,Wahlstedt,edm,52,0
Tu Falta de Querer,Son Tentacion,latin,52,1
Dust N' Bones,Guns N' Roses,rock,52,0
Truly Madly Deeply,Savage Garden,rock,52,0
Telephone,Waterparks,pop,52,0
Duda Morena,Churupaca,latin,52,1
Three,Future,rap,52,0
Breach (Walk Alone),Martin Garrix,edm,52,0
Molly,Tyga,rap,52,0
Princess of China - Acoustic,Coldplay,latin,52,1
Friends,Andy Mineo,rap,52,0
Get Mine,Bryson Tiller,rap,52,1
Let Me Clear My Throat - Old School Reunion Remix '96,DJ Kool,rap,52,0
Wanna Be,Betty Who,pop,52,0
Riders on the Storm - New Stereo Mix,The Doors,rock,52,1
Buen Viaje,Femina,latin,52,1
Astronomia,32Stitches,rap,52,0
I’m Fine,William Black,rap,52,0
Nothing to Say,Y.V.E. 48,latin,52,1
Here Comes the Sun,Mauve,latin,52,1
Times Like These,Eden Project,pop,52,1
Somebody To Love,Kacey Musgraves,pop,52,1
4 Life (feat. Graham Candy),Robin Schulz,latin,52,0
Fight Night,Migos,r&b,52,0
All Night,Steve Aoki,r&b,52,0
Secret,Orchestral Manoeuvres In The Dark,rock,52,1
D.O.N,Rops1,rap,52,0
Are You Gonna Be My Girl - UK Acoustic Version,Jet,latin,52,0
Oh My God,HELLYEAH,rock,52,0
Latinoamérica Morena,Rapper School,latin,52,0
Regulars,Allie X,pop,52,0
El Juego Verdadero,Tiro De Gracia,latin,52,0
Summer Rain,Carl Thomas,r&b,52,0
Chasing Light - Pt. 2,MEMBA,rap,52,0
Even When The Water's Cold,!!!,pop,52,0
Hot Butter,Nathy Peluso,r&b,52,1
Lose It All,James Carter,latin,52,1
Turn You Down,NLSN,latin,52,0
Round & Round,Selena Gomez & The Scene,pop,52,0
Every Little Thing I Do,Soul For Real,r&b,52,1
Peachy Keen,L Devine,pop,52,1
Baby-Baby-Baby,TLC,r&b,52,0
Giving Him Something He Can Feel,En Vogue,r&b,52,1
Swim,Fickle Friends,pop,52,0
Witness,Katy Perry,pop,52,1
Morning Sun,Robin Thicke,r&b,52,0
Behind Blue Eyes,The Who,rock,52,1
Paradise,UNOMAS,latin,52,0
Something About You,James Carter,latin,52,0
So What,Field Mob,rap,52,1
Dance Tonight,Lucy Pearl,r&b,52,0
Love Calls - Main,Kem,r&b,52,1
BeBe,Stepz,rap,52,0
All I Need (with Gucci Mane),Dimitri Vegas & Like Mike,edm,52,0
Venus,Shocking Blue,rock,52,0
Rock Wit'cha,Bobby Brown,r&b,52,1
Kingdom Come,Red Velvet,edm,52,0
Out In The Fields,Gary Moore,rock,52,0
Life Is Music,Blasterjaxx,edm,52,0
Idiot (SLCT Remix) (Instrumental Version),Nahra,latin,52,1
Lovefool,Robin Knaak,latin,52,0
Looking Like This,Lyre Le Temps,edm,52,0
Back In The U.S.S.R. - 2018 Mix,The Beatles,rock,52,0
Feelin' Alright?,Traffic,rock,52,1
Darkness and Light,John Legend,r&b,52,0
Es Imposible,Funky,latin,52,0
Make Luv,Room 5,pop,52,0
I Wish,Carl Thomas,r&b,52,0
Miedo,Caifanes,rock,52,0
Elevate,St. Lucia,pop,52,0
He Loves Me (Lyzel in E Flat),Jill Scott,r&b,52,1
Follow,Amelie Lens,edm,52,0
En Bajita,Young Martino,rap,52,1
Titi Flaco,Pekeño 77,rap,52,0
Lost in Atlantis,Smartface,latin,52,1
Veneno,Zoé,rock,52,0
Quizás,Rich Music LTD,latin,52,0
Loungin' II,Epifania,rap,52,1
Have Yourself A Merry Little Christmas - Remastered,Lou Rawls,r&b,52,1
fallin',Idaly,latin,52,1
Not A Love Song,Austin Moon,pop,52,0
Dios Nunca Falla,Madiel Lara,latin,52,0
Hoe Je Bent,Broederliefde,latin,52,0
Shelbyana,Broederliefde,latin,52,0
You're Mine - Original Mix,Oscar and the Wolf,edm,52,1
Nothing But You (feat. Donnie Sloan & Ricky Ducati),Devault,edm,52,1
(Oh) Pretty Woman - 2015 Remaster,Van Halen,rock,52,0
C-Walk,Kurupt,rap,52,1
Ghetto Bird - Remastered,Ice Cube,rap,52,0
"You Are the Music in Me - From ""High School Musical 2""/Soundtrack Version",Troy,pop,52,0
Afro Blue,Robert Glasper Experiment,r&b,52,1
Hoelang,Broederliefde,latin,52,0
I'm Still In Love With You,New Edition,r&b,52,1
Rock Star,Hannah Montana,pop,52,0
Think I'm In Love,Eddie Money,rock,52,0
Uno,John Christian,edm,52,0
Half a Person - 2011 Remaster,The Smiths,rock,52,0
Gold,Sam Feldt,latin,52,1
BIRDBOY,NLE Choppa,rap,52,1
Pomarańczowe Niebo,BLACHA,rap,52,1
Mony Mony - Downtown Mix / 24-Bit Digitally Remastered 2001,Billy Idol,rock,52,0
Feels like the First Time - 2008 Remaster,Foreigner,rock,52,0
Sharpness,Jamie Woon,r&b,52,1
Cemetry Gates - 2011 Remaster,The Smiths,rock,52,0
What Difference Does It Make? - 2011 Remaster,The Smiths,rock,52,0
Strong,R3HAB,edm,52,0
entheogen,Nohidea,rap,52,1
Never Been Any Reason,Head East,rock,52,1
Screaming in the Night,Krokus,rock,52,1
Forever My Lady,Jodeci,r&b,52,1
TRACK UNO,KAYTRANADA,r&b,52,1
If,Janet Jackson,r&b,52,0
Work - R3hab Remix,Rihanna,edm,52,0
Noch n Schluck (feat. Maxwell),Estikay,rap,52,0
Still Not a Player (feat. Joe),Big Pun,rap,52,0
It's Happening Again,Agnes Obel,pop,52,1
On & On,Lonely in the Rain,edm,52,1
Promienie Słońca,Young Igi,rap,52,0
Kirnua,Jones Meadow,latin,52,0
Lay It on the Line,Triumph,rock,52,0
CIKA CIKA (feat. Xhensila) - Remix,Ardian Bujupi,latin,52,0
Satisfy You,Diddy,r&b,52,1
Never Lack,Splurgeboys,rap,52,0
Mek It Bunx Up,DeeWunn,rap,52,0
From Eden,Hozier,r&b,52,1
Renee,SALES,pop,52,1
Ucieknij ze mną,Żabson,rap,52,0
Flowers - RudeLies Remix,Jacob Tillberg,edm,52,0
Young Ones - RudeLies Remix,Avenza,edm,52,0
Kanye West (feat. Wyclef Jean),Young Thug,rap,52,0
You Belong With Me,Taylor Swift,latin,52,0
Missing You,Case,r&b,52,1
Hurts 2B Human (feat. Khalid) - Midnight Kids Remix,P!nk,edm,52,0
Dawood,Sidhu Moose Wala,rap,52,0
Khaas Bande,Gagan Kokri,rap,52,0
Khatarnaak,Gippy Grewal,rap,52,0
Time Chakda,Kambi,rap,52,0
Nothing Really Matters - Afrojack Remix,Mr. Probz,edm,52,0
Make Me Feel,Janelle Monáe,pop,52,1
Ink,Karan Aujla,rap,52,1
Affair,Baani Sandhu,rap,52,0
MIA,Tayl G,latin,52,0
Cruise,Clément Leroux,edm,52,1
Ex-Factor - BBC Live Session,JP Cooper,r&b,52,1
Only When It Rains,Frank Walker,pop,52,0
Wildfire,Kyler Fisher,edm,52,0
Thank Me Later 2018,Mike Emilio,edm,52,0
Boom,Lucus,edm,52,1
They Don't Know Me,Josefine,edm,52,0
Cradles,Besomorph,pop,52,1
The Git Up,Blanco Brown,pop,52,0
Outlaw,Sidhu Moose Wala,rap,52,0
Only Girl,Kali Uchis,r&b,52,1
Speed,Kali Uchis,r&b,52,0
Here With Me,Mada,latin,52,1
Memories,Zita,latin,52,1
You Can Do It,Ice Cube,rap,52,0
Thursday - Nicky Romero Remix,Jess Glynne,pop,52,1
Double Vision,Foreigner,rock,52,0
Nothing in Return,Monsune,pop,52,0
Bang Your Head - Naeleck & KATFYR Remix,Fukkk Offf,edm,52,0
Paralyzed,Marshmello,pop,52,0
Trend,Sidhu Moose Wala,rap,52,0
"Night Riders (feat. Travi$ Scott, 2 Chainz, Pusha T & Mad Cobra)",Major Lazer,pop,52,0
Let The Music Guide You (ASOT 950 Anthem),Armin van Buuren,edm,52,0
My Body,LSG,r&b,52,1
The One and Only,DJ F.R.A.N.K,edm,52,0
Lámpara Pa' Mis Pies,Juan Luis Guerra 4.40,latin,52,0
Daymarks,Catching Flies,edm,52,1
Painting Greys,Emmit Fenn,pop,52,1
Devil Devil,MILCK,pop,52,1
Tyrant (feat. Jorja Smith),Kali Uchis,r&b,52,1
Shine A Light - Flight Facilities Remix,The C90s,pop,52,0
"I Stand Alone - From ""The Scorpion King"" Soundtrack",Godsmack,edm,52,0
Verano del 2006,Charles Ans,rap,52,1
Dirt in my Eyes,Cold War Kids,rock,52,0
CAN YOU HEAR ME NOW?,Bishop Briggs,rock,52,0
This Luv,Donell Jones,r&b,52,1
Alabame,Nathy Peluso,r&b,52,1
Relaxing Crickets And Waterfall,Natural Sound Makers,latin,52,1
Shooting Arrows,Lane 8,edm,52,1
PLAY,Tokyo Machine,edm,52,0
Oasis - Ao Vivo no Estúdio MangoLab,Potyguara Bardo,latin,52,1
Duas da Tarde,Silva,latin,52,1
Just Sayin/I Tried,The Internet,r&b,52,1
Rock Yo Hips,Crime Mob,rap,52,0
TUTUTU,Quintino,edm,52,0
Somos Iguales,Jhay Cortez,latin,52,0
Dreamer,Four Tet,pop,52,1
Tender Love,Force M.D.'s,r&b,52,1
Toys In The Attic,Aerosmith,rock,52,0
Hollow,Barns Courtney,rock,52,0
Higher,Third Party,edm,52,0
Underneath,Code Orange,rock,52,0
Strike It Up,Black Box,r&b,52,0
I Love You,Faith Evans,r&b,52,0
Rain Forest and Tropical Beach Sound,Nature Sounds Nature Music,latin,52,1
Something Summery,Cozy Collective,latin,52,1
Officially Missing You,Tamia,r&b,52,1
Déjame Volar,Aleman,rap,52,1
Escapade,Janet Jackson,r&b,52,0
Trouble,VASSY,edm,52,0
Piece Of My Love,Guy,r&b,52,1
Every Little Thing,Hillsong Young & Free,pop,52,0
Caile,"Tito ""El Bambino""",latin,52,0
Sola,"Héctor ""El Father""",latin,52,0
Let It Be Me,Steve Aoki,pop,52,0
Don't Leave Me Alone (feat. Anne-Marie) - R3HAB Remix,David Guetta,edm,52,0
Como Te Hago Entender,Karibe Orquesta,latin,52,0
Let's Ride,The Game,rap,52,0
Throw It Up,Pastor Troy,rap,52,0
What Side Of Love - Acoustic Version,Parachute,latin,52,1
What Am I to Do?,Ezra Collective,r&b,52,1
Jumping Off the Moon,Mac Ayres,r&b,52,0
So Alive,Love and Rockets,pop,52,1
Mi soledad y yo,Alejandro Sanz,latin,52,1
Air Conditioning,Guustavv,rap,52,1
Soulstice,Freddie Joachim,rap,52,1
Morning Dew,fantompower,rap,52,1
Ni Una Sola Palabra,Paulina Rubio,latin,52,0
slow motion,flor,pop,52,0
Karma,Robinson,pop,52,0
They Told Me,Palm Trees,pop,52,1
Aerodynamic - Daft Punk Remix,Daft Punk,edm,52,0
Bandit,Hemso,rap,52,0
What Is Hip?,Tower Of Power,r&b,52,0
Es Mejor,Rels B,rap,52,0
Tell It Like It Is,Aaron Neville,r&b,52,1
Ojala Que Llueva Cafe,Juan Luis Guerra 4.40,latin,51,0
Lost At Sea,Zedd,edm,51,0
With You - Dexter Remix,Kaskade,pop,51,0
My Sunshine,Kavv,latin,51,1
On My Own,Patti LaBelle,r&b,51,1
Circle,Marques Houston,r&b,51,0
4AM,Melanie Fiona,r&b,51,1
Wannabe,Jonasu,latin,51,0
Infinite,Habstrakt,edm,51,0
Cae la Noche,Luny Tunes,latin,51,0
Hola Bebe,"Héctor ""El Father""",latin,51,0
Open My Eyes,Rival Sons,rock,51,0
Warp 1.9 (feat. Steve Aoki) - QUIX Remix,The Bloody Beetroots,edm,51,0
XLR,BONES,rap,51,1
Surf Club,SAINt JHN,rap,51,0
Villas,Dylan Sitts,latin,51,1
Travelling in the Summer,Kavv,latin,51,1
Brick in the Wall,Guustavv,latin,51,1
Thinkin Bout You,Jonasu,latin,51,0
Figured You Out,KVR,latin,51,0
Frequency 75,DJ Snake,edm,51,0
'74 - '75 (feat. Susan Tyler) - Radio Edit,Paolo Pellegrino,latin,51,0
I'm Good,Anfa Rose,rap,51,0
Good Love (feat. Tory Lanez),Nafe Smallz,r&b,51,0
The Rest Will Follow,Ludvigsson,latin,51,0
Cabelinho Disfarçado,Bonde R300,rap,51,0
Sunflower,Zach Farache,latin,51,1
Peaceful Forest,The Sleep Specialist,latin,51,1
All ‘Bout The Money,FAULHABER,pop,51,0
River,Ibeyi,r&b,51,1
Penélope Cruz Volver,Estrella Morente,r&b,51,1
Súbele a la Greibol,Cartel De Santa,rap,51,0
For You,Kenny Lattimore,r&b,51,1
Me Quedaré Contigo,El Micha,latin,51,1
Happier - Frank Walker Remix,Marshmello,pop,51,0
El Día Que Muera,Ñejo,rap,51,0
Who Shot Ya? - 2007 Remaster,The Notorious B.I.G.,rap,51,0
Fuera del Planeta,Randy,latin,51,0
007,Be Vis,rap,51,0
I Don't Need No Help - Glokknine Remix,NLE Choppa,rap,51,0
"9 Żyć (feat. Otsochodzi, schafter & PlanBe)",Kubi Producent,rap,51,0
No One - Jonas Blue Remix,Jess Glynne,pop,51,0
SenSei,Trill Pem,rap,51,1
Superman,Kubi Producent,rap,51,0
Discovery - Sunrise Mix,Syn Cole,latin,51,0
Nervous - The Ooh Song: Mark McCabe Remix,Gavin James,latin,51,0
The Nigga Ya Love To Hate,Ice Cube,rap,51,1
San Francisco,Yann Muller,latin,51,1
Portimao,Manic Twister,latin,51,1
It Will Feel,Saco,latin,51,0
Vibin,Habstrakt,edm,51,0
La Isla Bonita,Hr. Troels,latin,51,0
Don't Break Up,Fresh Faces,latin,51,1
Overdose (feat. Chris Brown),AGNEZ MO,r&b,51,0
Simón,Yung Sarria,rap,51,1
Чёрный бумер,Seryoga,rap,51,0
I Know You - Vigiland Remix,Craig David,pop,51,1
Silent (Instrumental Version),Aiyo,latin,51,1
25 Bucks (feat. Purity Ring),Danny Brown,r&b,51,0
Capsized,James Carter,latin,51,0
Jump - Armin van Buuren Remix,Van Halen,edm,51,0
Blood Moon,Tarro,rap,51,0
Strangers,GAB,latin,51,0
Look Alive - Remix,Rae Sremmurd,rap,51,0
Hollywood's Bleeding,Egzod,rap,51,0
Batida do Amor,Francisca La Braza,latin,51,0
Mis Muertos,Julieta Venegas,latin,51,0
Elements,Lindsey Stirling,pop,51,0
Mind,Mar Vei,edm,51,1
The Violence - Sikdope Remix,Asking Alexandria,edm,51,0
Congratulations - Don Diablo VIP Mix,Don Diablo,edm,51,0
Ain't No Time,Future,rap,51,0
Fallout,The FifthGuys,rap,51,0
Blame,Manse,edm,51,1
Solo Le Dije,Kevin Johansen,latin,51,1
Sun Goes Down (feat. Jasmine Thompson) - Radio Mix,Robin Schulz,latin,51,0
Amantes - Versión Salsa,Greeicy,latin,51,0
Mala,Mr. Don,latin,51,0
Loma de Cayenas,Vicente Garcia,latin,51,0
Beach House - Ashworth Remix,The Chainsmokers,edm,51,0
Empresario,Khea,rap,51,0
Golden Record,TEEMID,edm,51,1
Is It Love,3LAU,latin,51,0
2012,Party Favor,rap,51,0
ID,Boombox Cartel,rap,51,0
You're Gonna Love Again,NERVO,edm,51,0
Mixed Messages,Big K.R.I.T.,r&b,51,0
21,H.E.R.,r&b,51,1
Only Can Get Better (feat. Daniel Merriweather),Silk City,latin,51,0
Mangroves,Shahmen,rap,51,1
Southtown,P.O.D.,rock,51,0
Bad Religion,Godsmack,rock,51,0
THE SUN,Night Lovell,rap,51,1
X.T,Dalsin,rap,51,1
"It's A Man's, Man's, Man's World",James Brown,r&b,51,1
Game Time (feat. Ninja),3LAU,edm,51,0
Paid In Full,Eric B. & Rakim,rap,51,0
I LIKE BLOOD,Night Lovell,rap,51,1
Genie in a Bottle,Campsite Dream,latin,51,0
Revival,Gregory Porter,pop,51,0
SWIM,BROCKHAMPTON,r&b,51,1
Deja Vu,Dolla,rap,51,1
We like to Party! (Six Flags),Vengaboys,pop,51,0
Rockstar (feat. DV8),Timmy Trumpet,edm,51,0
Rocket,Mike Williams,edm,51,0
Like This,Throttle,edm,51,0
Tombstone,Will Sparks,edm,51,0
Volverte A Ver,Juanes,latin,51,0
Rie y Llora,Celia Cruz,r&b,51,0
I Want Love,Chris Stapleton,r&b,51,0
Hero,Frank Ocean,r&b,51,0
We found another earth,Diskay,edm,51,1
Play Me,PLÜM,edm,51,1
Loyal,SAYGRACE,r&b,51,1
Vogue - Edit,Madonna,pop,51,0
Desnuda,Ricardo Arjona,latin,51,1
Misty Blue,Dorothy Moore,r&b,51,1
Recuerdos,Kelmitt,rap,51,0
SEXTOU,Cacife Clandestino,rap,51,1
It's Funky Enough - Remastered Single,The D.O.C.,rap,51,0
Why Can't You See,Lucas & Steve,edm,51,0
Atomic Dog,George Clinton,r&b,51,1
La Raza,Kid Frost,rap,51,1
A Sky Full of Stars - Hardwell Remix,Coldplay,edm,51,0
Enjoy the Ride,Krewella,edm,51,0
Maddy La Nuit,Flavien Berger,edm,51,1
Heartbreaker,Bad Suns,pop,51,0
Tudo o Que Você Quiser,Orgânico,r&b,51,0
"Enrolando, Enrolando",PrimaSol,r&b,51,1
Women Who Look Like You (feat. Guapdad 4000),JP Saxe,r&b,51,1
She Can't Love You,Chemise,edm,51,0
Breathe,Miles Wesley,rap,51,0
Vladimir Putin,Capital Bra,rap,51,0
Summer Air (feat. Trevor Guthrie),Hardwell,pop,51,0
Catch Up,Pasto Flocco,rap,51,0
Brothers,Bankrol Hayden,rap,51,1
Scared To Be Lonely - Brooks Remix,Martin Garrix,edm,51,0
Infinity 2018 - Klaas Remix Edit,Sean Finn,edm,51,0
Smoke Some Weed,Ice Cube,rap,51,0
7K,Yung Buda,rap,51,1
Outra Vez,Mãolee,rap,51,0
Sacrilegious,ScHoolboy Q,rap,51,1
Retrida,Angelov,edm,51,0
Mannish Boy,Jimi Hendrix,rock,51,0
Quit You,Lost Kings,edm,51,0
Hustle,MiyaGi & Endspiel,rap,51,0
Cause A Commotion (feat. Skip Marley),Bugzy Malone,latin,51,1
Good For You,Jack Vallier,r&b,51,1
The Hills - RL Grime Remix,The Weeknd,rap,51,0
Drive Way (feat. Azul Wynter),GASHI,r&b,51,0
Ahora que tú no me ves,Alex Ubago,latin,51,0
Un Beso,Marcos Menchaca,latin,51,1
Heat,50 Cent,rap,51,0
I Believe In Love,Jessie J,r&b,51,1
Addicted,Amy Winehouse,r&b,51,0
Bring It,Trapt,rock,51,0
george,Arlo Parks,r&b,51,1
Surprise Surprise,Billy Talent,rock,51,0
Anthracite,Lane 8,edm,51,0
So High,WATEVA,edm,51,0
Return to Oz - ARTBAT Remix,Monolink,edm,51,1
Lost Souls - Nora En Pure Remix,Eelke Kleijn,edm,51,0
Noise,Denis Horvat,edm,51,1
Man With The Red Face - Radio Edit,Mark Knight,edm,51,0
You,Five Finger Death Punch,rock,51,0
Feeling Good,Demun Jones,rap,51,0
Can't Go Home,Jelly Roll,rap,51,0
Spill The Wine,Eric Burdon,rock,51,1
Just Ain't Gonna Work Out,Mayer Hawthorne,r&b,51,0
In Love With You,Erykah Badu,r&b,51,1
Everyday,Lucy Pearl,r&b,51,0
Jolie Coquine,Caravan Palace,edm,51,0
Sexual,NEIKED,edm,51,0
"Strut - From ""The Cheetah Girls 2""",The Cheetah Girls,pop,51,0
Make You Believe,Lucy Hale,pop,51,0
Emotion,Mia Rodriguez,r&b,51,0
LoveStoned / I Think She Knows Interlude,Justin Timberlake,rap,51,0
Money On My Mind,Lil Wayne,rap,51,0
Shake Ya Ass,Mystikal,rap,51,0
Po Pimp,Do Or Die,rap,51,1
Get It On Tonite,Montell Jordan,r&b,51,1
Beat Of My Drum,POWERS,pop,51,0
Southern Hospitality (Featuring Pharrell),Ludacris,rap,51,0
El Poeta,Chino & Nacho,latin,51,0
This Is Living,Hillsong Young & Free,edm,51,0
"Devil (feat. Busta Rhymes, B.o.B & Neon Hitch)",Cash Cash,edm,51,0
Gin and Juice,The Gourds,r&b,51,0
Hoy - Spanish Version,Gloria Estefan,latin,51,1
Wepa,Gloria Estefan,latin,51,0
Represent,Nas,rap,51,0
Livin' Proof,Group Home,rap,51,0
Sometimes I Rhyme Slow,Nice & Smooth,rap,51,1
Puoi leggerlo solo di sera,Modà,r&b,51,1
Freedom,Zucchero,r&b,51,0
A chi mi dice,Il Volo,r&b,51,0
Quelli come me,Modà,r&b,51,0
Only Happy When It Rains,Garbage,rock,51,0
Shala-Lala-La,Waldeck,edm,51,1
C O O L - Radio Edit,Le Youth,pop,51,0
The Great Escape,Boys Like Girls,pop,51,0
Rock The Bells,LL Cool J,rap,51,1
Quanto amore si dà (feat. Guè Pequeno),Gigi D'Alessio,r&b,51,0
America,Logic,rap,51,0
Spit Out the Bone,Metallica,rock,51,0
Millones,Arcangel,latin,51,0
Wrong,A$AP Mob,rap,51,1
Misery - Acoustic Version,Maroon 5,latin,51,1
Chloe (You're the One I Want),Emblem3,pop,51,0
There Was A Time,Guns N' Roses,rock,51,0
Doubt,Charlotte Day Wilson,r&b,51,1
Goody Two Shoes,Adam Ant,rock,51,0
Walking In My Shoes,FEVER 333,rock,51,0
Massage Situation,Flying Lotus,r&b,51,0
Make You Feel That Way,Blackalicious,r&b,51,1
Had Me @ Hello,Olivia Holt,pop,51,0
Just Kickin' It,Xscape,r&b,51,1
Volcanic Love,The Aces,pop,51,0
Cloud 9 - Original TV Movie Soundtrack,Dove Cameron,pop,51,0
Age Ain't Nothing But a Number,Aaliyah,r&b,51,1
Let 'Em In - Remastered 2014,Wings,rock,51,1
Opposites Attract,Paula Abdul,r&b,51,0
All 4 Love,Color Me Badd,r&b,51,0
Flaws,Bastille,pop,51,1
I Wanna Sex You Up,Color Me Badd,r&b,51,0
Feel It In The Air,Beanie Sigel,rap,51,1
Good News,K.Flay,pop,51,0
Return of the Tres,Delinquent Habits,latin,51,0
Papi ¿Dónde Está El Funk?,Los Tetas,latin,51,0
Painkiller (feat. Meghan Trainor),Jason Derulo,edm,51,0
FOR YOUR EYES ONLY,Cashmere Cat,pop,51,1
Unstoppable,AJ Mitchell,pop,51,0
They Don't Make Em Like Me,Pigeon John,edm,51,0
Sweettalk my Heart - Team Salut Remix,Tove Lo,pop,51,0
Cheerleader (Felix Jaehn Remix) - Radio Edit,OMI,latin,51,1
Se Nota En Tus Ojos,Funky,latin,51,0
Perfect,Topic,edm,51,0
Deseos de usar y tirar,Bunbury,latin,51,1
Eternamente Amor,Su Presencia,latin,51,0
Sexo En La Playa,Ñejo & Dalmata,latin,51,0
Nite and Day,Al B. Sure!,r&b,51,1
Lavender,Marillion,rock,51,1
CheezNDope (feat. Young Dolph & Key Glock),Project Pat,rap,51,1
One Day,UGK,rap,51,1
Design,Kevcody,latin,51,1
I Can't Be With You,The Cranberries,rock,51,0
Surf Crazy,Spencer Lee,pop,51,0
Ballin',Equalz,latin,51,0
Libie,Henkie T,latin,51,0
Oh Sheila,Ready For The World,rock,51,0
Follow Your Heart,Scorpions,rock,51,0
Moni Mi Suku,Broederliefde,latin,51,0
Options (feat. Stephen Marley),Pitbull,pop,51,0
Better To Lie (with Jesse & Swae Lee),benny blanco,pop,51,0
Naughty,SXTEEN,latin,51,1
Shaku In Town (feat. ValsBezig),Jayboogz,latin,51,1
Nasty,Janet Jackson,rock,51,1
Me Encanta,Logan Romero,latin,51,0
You Remind Me (feat. Stanaj),Gryffin,pop,51,0
I Want Her,Keith Sweat,r&b,51,0
Overtime,Cash Cash,pop,51,0
Closer - R3hab Remix,The Chainsmokers,edm,51,0
Shape of You - Galantis Remix,Ed Sheeran,edm,51,0
Cross Off,Mark Morton,rock,51,0
MZRY,Crown The Empire,rock,51,0
Evil Ways (Justice Mix),Blues Saraceno,rap,51,0
Three Trees,Jacob Tillberg,edm,51,1
Cry For You,Jodeci,r&b,51,1
These Are The Times,Dru Hill,r&b,51,1
Lonely,Carson Lueders,edm,51,0
So Far Away,Crossfade,rock,51,0
Blackest Eyes,Porcupine Tree,rock,51,0
Once Again,Quality Control,rap,51,0
Sittin' Up In My Room,Brandy,r&b,51,1
More Than Words Can Say,Alias,rock,51,1
Murder Reigns,Ja Rule,r&b,51,0
Lay Low,Snoop Dogg,r&b,51,0
Me Voy Enamorando,Chino & Nacho,latin,51,0
This Town (feat. Sasha Sloan & Gucci Mane) - Gucci Mane Edit,Kygo,pop,51,1
Hot,Confetti,pop,51,0
Lonely,Walk Off the Earth,pop,51,0
I Wonder If I Take You Home,Lisa Lisa & Cult Jam,latin,51,0
Up All Night,Slaughter,rock,51,0
Implant,Makeup And Vanity Set,pop,51,0
Edge Of A Broken Heart,Vixen,rock,51,0
I Don't Believe In Love - Remastered 2003,Queensrÿche,rock,51,0
Paris (Aeroplane Remix),Friendly Fires,pop,51,0
Hábito de Ti - Radio Single,María José,latin,51,0
"Guasa, Guasa",Tego Calderon,latin,51,0
Bleu Chanel (NA-NO Remix),ARIA,edm,51,1
A Sky Full of Stars - Robin Schulz Edit,Coldplay,pop,51,0
La Fuerza Del Destino,Fey,pop,51,0
American Woman,Lenny Kravitz,rock,51,0
F.O.K. Friends,Nacho,latin,51,0
I'd Love You to Want Me,Lobo,rock,51,1
Pop Style,Drake,latin,51,1
The Way You Make Me Feel - 2012 Remaster,Michael Jackson,r&b,51,0
Honey Dew,LION BABE,r&b,51,1
Me Pregunto,Belanova,pop,51,0
Sólo Amigos,Adexe & Nau,latin,51,0
Softest Place On Earth,Xscape,r&b,51,1
"All the Times (feat. Faith Evans, Coko & Missy Elliott)",LSG,r&b,51,0
Solo (feat. Demi Lovato) - Wideboys Remix,Clean Bandit,edm,51,0
Ride It,Jay Sean,latin,51,0
Tarzan Boy,Baltimora,pop,51,0
Nann Nigga,Trick Daddy,rap,51,0
Are 'Friends' Electric?,Gary Numan / Tubeway Army,pop,51,0
Sound the Alarm,Shallow Side,rock,51,0
¿Cuánto E$?,Jhay Cortez,latin,51,1
Ahora Me Toca,Juan Magán,latin,51,0
Selfish High Heels (feat. Macross 82-99 & Harrison),Yung Bae,r&b,51,0
Sukiyaki,Kyu Sakamoto,r&b,51,1
1 Question,E-40,r&b,51,0
Song To The Siren (Remastered),This Mortal Coil,pop,51,1
Helena,My Chemical Romance,rock,51,0
The Only Difference Between Martyrdom and Suicide Is Press Coverage,Panic! At The Disco,rock,51,0
Crumblin' Erb,OutKast,rap,51,1
Zombie - Bassjackers Remix,Ran-D,edm,51,0
Sun Is Shining - Firebeatz Remix,Funkstar De Luxe,edm,51,0
I Was King,ONE OK ROCK,rock,51,0
Another Day,Jamie Lidell,rock,51,0
Cry Out,ONE OK ROCK,rock,51,0
Truth Hurts,Lizzo,pop,51,0
Cellophane,Ella Vos,pop,51,1
No Sleep,No Love For The Middle Child,pop,51,1
Victory,Fire From The Gods,rock,51,0
Drop It Down Like - Radio Edit,Lady Bee,edm,51,0
Boom Boom,RedOne,latin,51,0
Take It to da House,Trick Daddy,rap,51,0
Some,Steve Lacy,r&b,51,0
Dontcha,The Internet,r&b,51,1
Mr. Writer,Stereophonics,rock,51,0
Keep On Loving,Topic,edm,51,0
On the Road Again - Live,Willie Nelson,pop,51,0
idc,ren,rock,51,1
En La Disco,"Tito ""El Bambino""",latin,51,0
City Stroll,Otis Ubaka,rap,51,1
Under Control,The Internet,r&b,51,0
La Última Cena,Charles Ans,rap,51,1
The Spook,KSHMR,edm,51,0
Sometimes,Miami Horror,pop,51,0
Badfella,Sidhu Moose Wala,rap,51,0
"Woofer (feat. Snoop Dogg, Zora Randhawa & Nargis Fakhri)",Dr Zeus,rap,51,0
BootCut,Prem Dhillon,rap,51,0
Help Our Souls (Urban Contact Radio Edit),NIHILS,rock,51,0
It's You - Radio Edit,Syn Cole,pop,51,0
Let Me Hold You (Turn Me On),Dante Klein,pop,51,0
Ella Usó Mi Cabeza Como Un Revólver - Remasterizado 2007,Soda Stereo,rock,51,0
Millionaire,A Kay,rap,51,0
Call You Home - Faul & Wad Ad Remix,Kelvin Jones,pop,51,1
All Night Longer REMIX,Sammy Adams,pop,51,0
Motel Hours,Kid Tarô,rap,51,1
W.Y.G.D.T.N.S. (feat. ScHoolboy Q),The Alchemist,rap,51,1
Beige,TOBi,rap,51,1
2012,Joey Purp,rap,51,1
Fantasy,Aldo Nova,rock,51,0
Dutches,Clap Cotton,rap,51,1
Kaleidoscope Love - Kaytranada Edition,AlunaGeorge,r&b,51,1
tokyo,joan,pop,51,0
Para Que No Digas Que No Pienso en Ti,Caifanes,rock,51,0
ONE TOO MANY,KAYTRANADA,r&b,51,0
Pa´ la Camara,Power Peralta,latin,51,0
For Sale,Mr. Collage,rap,51,1
The Jam,Tru Comers,rap,51,1
Lullaby - Calvo Remix,Sigala,edm,51,0
Supa Dupa Fly 2018,W&W,edm,51,0
Rave After Rave,W&W,edm,51,0
Favorite Time Of Year,India.Arie,r&b,51,0
Cuéntame Tu Vida,Caifanes,rock,51,0
Soul Sista,Bilal,r&b,51,1
Electric Elephants,Jay Hardway,edm,51,0
Ella Tiene Novio - Remix,"Drako ""El Principe""",latin,51,0
"Rudolph, The Red-Nosed Reindeer",Mary J. Blige,r&b,51,1
High Hopes - filous Remix,Kodaline,pop,51,1
What Kind Of Man Would I Be,Mint Condition,r&b,51,1
Troublous,Zambonini,rap,51,1
Caffeine,Epifania,rap,51,1
All In My Feelings,OYABUN,rap,51,1
Chicago,Cookin Soul,rap,51,1
This Is Love,PJ Harvey,rock,51,0
White Lies - Guy Arthur Remix,The Him,edm,51,0
People Crying Every Night,A R I Z O N A,pop,51,0
Halfcrazy - Album Version (Edited),Musiq Soulchild,r&b,51,0
Turn It Up,Armin van Buuren,edm,51,0
How Many,W&W,edm,51,0
Write It Down,Hamzaa,latin,51,0
Dig,Benjamin Hav,rap,51,0
Ludo,Xabski,rap,51,1
It's Strange (feat. K.Flay),Louis The Child,pop,51,1
Believer,Major Lazer,edm,51,0
She Sets The City On Fire,Gavin DeGraw,pop,51,0
You And I - R3HAB Remix,LÉON,pop,51,0
Run,Lost Child,rap,51,1
Prestige,Danni,rap,51,0
Time,Sebastian Mikael,r&b,51,0
I Wear Glasses,Mating Ritual,pop,51,0
Girls Your Age,Transviolet,pop,51,1
Operate - The Chainsmokers Remix,ASTR,pop,51,0
Panama,Van Halen,rock,51,0
Carry On - Acoustic,Young Rising Sons,pop,51,1
Careless,Vacation Manor,pop,51,0
Waiting on the Summer,VHS Collection,pop,51,0
Jubilee Street,Nick Cave & The Bad Seeds,rock,51,1
Loves Missing,Iggy Pop,rock,51,0
We Come Running,Youngblood Hawke,pop,51,0
Take My Breath Away,EZI,pop,51,0
Men's Needs,The Cribs,rock,51,0
Dear to Me,Electric Guest,pop,51,0
Kung Wala Ka,Hale,rock,51,1
Obstacle 1,Interpol,rock,51,0
People Are Strange - Festival Mix,KAAZE,edm,51,0
Gusto Ko Lamang Sa Buhay,Itchyworms,rock,51,0
Lintik,Brownman Revival,rock,51,0
Watch Me Dance,Tom Misch,pop,51,1
Sandunga,Don Omar,latin,51,0
Dure Dure,JEN,latin,51,0
Your Love,Alamid,rock,51,1
Right As Rain,Adele,pop,51,1
Llamé Pa' Verte,Wisin,latin,51,0
Si Una Vez - If I Once,Play-N-Skillz,latin,51,0
Promises,Eric Clapton,rock,51,1
I Saw the Light,Todd Rundgren,rock,51,0
Into The Night,Benny Mardones,rock,51,0
Sentimental Lady,Bob Welch,rock,51,1
I Just Wanna Stop,Gino Vannelli,rock,51,1
Llegó la Cripta,El Chombo,latin,51,0
April Skies,The Jesus and Mary Chain,rock,51,0
Reel Around the Fountain - 2011 Remaster,The Smiths,rock,51,0
Surf,Osoku,rap,51,1
Fresh Air,goosetaf,rap,51,1
Set On Fire,MAGIC GIANT,pop,51,0
Mere Gully Mein (feat. Naezy),DIVINE,rap,51,0
City Slums,Raja Kumari,rap,51,0
Kadak Ban,Emiway Bantai,rap,51,0
Sun Goes Down,Gaullin,edm,51,0
Misty Mountain Hop - Remaster,Led Zeppelin,rock,51,0
Leave Me Alone - 2015 Remaster,New Order,rock,51,0
Good Golly Miss Molly,Creedence Clearwater Revival,rock,51,0
KNAS - BROHUG Remix,Steve Angello,edm,51,0
Move Over,Janis Joplin,rock,51,1
Day and Night,Dwin,edm,51,0
Sleep Deep,Omaure,rap,51,1
Cheeky Steve,Mr Mantega,rap,51,1
Feel My Needs - Gorgon City Remix,Weiss (UK),edm,51,0
Next Levels,King Geedorah,r&b,51,1
Lakshmana,Made in M,rap,51,1
Take It Off,Two Friends,pop,51,0
Grain,Getter,rap,51,0
Kybalion,Ghostemane,rap,51,0
Kung Fu,Dr. Fresch,edm,51,0
OMG,ricky retro,edm,51,0
Easy Way,Deborah Cox,r&b,51,1
Las Avispas,Juan Luis Guerra 4.40,latin,50,0
Procura,ChiChi Peralta,latin,50,0
Mama - Syn Cole Remix,Jonas Blue,edm,50,0
Diosa De La Noche,Gloria Trevi,latin,50,0
You're in My Heart (The Final Acclaim),Rod Stewart,rock,50,1
Plastic Love,リアムMAZE1981,r&b,50,0
Cyclone,Trove,pop,50,0
Long Time Coming,Caitlyn Smith,pop,50,0
Globetrotter,Ludvigsson,latin,50,0
McDonalds Rich,SAINt JHN,rap,50,0
"Okay,ButThisIsTheLastTime",BONES,rap,50,1
Analog,leaf beach,rap,50,1
Horologist,Osoku,rap,50,1
Alive,Dabin,pop,50,0
Better Days,The Goo Goo Dolls,rock,50,0
Rapture,Ghostemane,rap,50,0
Scrying Through Shattered Glass,Ghostemane,rap,50,0
"Beware, the Sirens",Getter,rap,50,0
Torn,LeToya,r&b,50,0
Pa Bajarte el Calentamiento,Jadiel el Incomparable,latin,50,0
Only One - Brookes Brothers Remix,Sigala,pop,50,0
Outlaws,Manse,edm,50,0
There For You - ARTY Remix,Gorgon City,edm,50,0
People Have the Power,Patti Smith,rock,50,0
Hey Leonardo (She Likes Me for Me),Blessid Union Of Souls,rock,50,0
Giddem,Burna Boy,r&b,50,0
Mon ami,Still Fresh,r&b,50,0
Kill For You,Skylar Grey,latin,50,0
La Roca,Ivy Queen,latin,50,0
Swing,Emir Pabón,latin,50,0
Shower Me With Your Love,Surface,r&b,50,1
You Give Good Love,Whitney Houston,r&b,50,1
I'll Give All My Love to You,Keith Sweat,r&b,50,1
Get On Up,Jodeci,r&b,50,1
Nightfall by the Sea,Shaman,latin,50,1
Escolheu a Pessoa Errada para Humilhar,Johnny Hooker,latin,50,1
bossa uh,potsu,latin,50,1
Alcoholizados,La Santa Grifa,rap,50,0
Sucesso Na Vida,Choice,rap,50,1
4 [bump],[bsd.u],rap,50,1
All That She Wants,Campsite Dream,latin,50,0
Hold on Tight,Sterkøl,latin,50,0
I'm Blessed,Charlie Wilson,r&b,50,0
Pass Me Da Green,Master P,rap,50,1
Recto Verso,Paradis,pop,50,0
In My Dreams (Re-Recorded / Remastered),Dokken,rock,50,0
Damn! - Club Mix,Youngbloodz,rap,50,0
Carnavalera,Bomba Estéreo,latin,50,0
Wheelz of Steel,OutKast,rap,50,0
Something in My Heart,Michel'le,r&b,50,1
Miracle,Julian Perretta,latin,50,1
Roar - Adana Twins Remix,Patrice Bäumel,edm,50,0
Opium,Syndrome,rap,50,1
warm,Ameba,rap,50,1
Treflip FS Blunt,Figub Brazlevic,rap,50,0
repeat,Loop Schrauber,rap,50,1
Kopi Luwak,Shuko,rap,50,1
Clouds,SamuW,rap,50,1
High,Young Rising Sons,pop,50,0
Your Mind - Will Clarke Remix,Adam Beyer,edm,50,0
Tropical Rainforest at Dawn 6,Nature Sounds,latin,50,1
Céu Azul,Jaloo,latin,50,1
Uncle Tom's Cabin,Warrant,rock,50,0
The New Insane,COUNTERFEIT.,pop,50,0
...Ready For It? - BloodPop® Remix,Taylor Swift,edm,50,0
Tu Luz,Azul Violeta,pop,50,0
La Vida Es Una Sola,Nacho,latin,50,0
"Si Te Atreves - Canción Original De La Película ""Los Japón""",Juan Magán,latin,50,0
I Like This F’n Song,Deorro,edm,50,0
Sing It With Me - Embody Remix,JP Cooper,pop,50,0
Never Would Have Made It,Teyana Taylor,r&b,50,1
Matrix,W&W,edm,50,0
Tu Amor Es Como Un Río,Kany Garcia,latin,50,1
México Lindo y Bandido,Cartel De Santa,rap,50,1
Revolution - Remix,Sean&Bobo,pop,50,1
Pegadito Suavecito,Elvis Crespo,latin,50,0
Clocks - Radio Edit,Stream,edm,50,0
Soldier of Fortune,Deep Purple,rock,50,1
365 - Zedd Remix,Zedd,edm,50,0
100 Grados (feat. A.CHAL),Lali,latin,50,0
Top of the World (feat. Mase),Brandy,r&b,50,0
Can't Lose,DISTO,edm,50,0
Train Kept a Rollin',Aerosmith,rock,50,0
Ain't No Sunshine,Max Oazo,latin,50,0
Hidden T,Enrico Sangiuliano,edm,50,1
Unforgettable - The Four Performance,Zhavia Ward,r&b,50,0
Fortunate Son,The Dead Daisies,rock,50,0
Crack of Doom (feat. Troy Sanders),Kvelertak,rock,50,0
Go to Sleep,John De Sohn,edm,50,0
Kids in Love - Don Diablo Remix,Kygo,edm,50,0
Uśmiech,Siles,rap,50,0
Fireproof,offrami,latin,50,0
YSL,Be Vis,rap,50,0
BLOCC IS HOT,NLE Choppa,rap,50,0
Breakfast In America,Madism,latin,50,0
Atmosphere - 2010 Remaster,Joy Division,rock,50,1
Space Age Love Song,A Flock Of Seagulls,rock,50,0
Rhythm Nation,Janet Jackson,r&b,50,0
Faded Pictures - From The Rush Hour Soundtrack,Case,r&b,50,1
Flowers,Jacob Tillberg,edm,50,0
X - Spanglish Version,Nicky Jam,latin,50,0
Good Thing (feat. Kehlani) - Marc Benjamin Remix,Zedd,edm,50,0
"Verify (feat. Young Thug, Gunna)",Jacquees,r&b,50,0
Eazy-er Said Than Dunn,Eazy-E,rap,50,0
IDGAF - Hazers Remix,Dua Lipa,pop,50,0
Rewind,Cornpop,latin,50,0
Higher,Axero,latin,50,0
MOSHI,Pegboard Nerds,edm,50,0
Long Way Home,Tritonal,edm,50,0
In The Name Of Love - The Him Remix,Martin Garrix,edm,50,0
What a Wonderful Thing to Do,Joey Pecoraro,edm,50,1
What You're Made Of,Arrested Youth,rock,50,0
No Todavía,Kenny Man,latin,50,0
Pro Dia Nascer Feliz,Jetlag Music,edm,50,0
Storm (feat. Kyra Mastro),Famba,edm,50,0
Tao Lang,Loonie,pop,50,0
Another Life,Any Given Sin,rock,50,0
Always The Sun - Sunny Side Up Mix,The Stranglers,pop,50,0
Apple Pie,Lizzy McAlpine,pop,50,1
Heartbreak Back,Frank Walker,pop,50,1
Sacarte a Bailar,LÚA,latin,50,1
BARRACA (feat. MC Pikachu),Garmiani,edm,50,0
Nah Nah,Carnage,edm,50,0
Dreaming,Dynoro,edm,50,0
Sunflower,Edward Sizzerhand,rap,50,1
spaced out,Cozy Collective,rap,50,1
They Know,HUGEL,edm,50,0
We Don't Have To Take Our Clothes Off - Mulshine Remix,Vivid Color,latin,50,0
Hold Your Hand,NAV,r&b,50,0
AFTER,Johnny 500,latin,50,0
Day 'N' Nite,Kid Cudi,pop,50,0
S/O naar de...,Bizzey,latin,50,0
Dark Nights,Dorothy,rap,50,0
KINGDOM,FEVER 333,rock,50,0
Torn (feat. Emelie Cyréus),Chad Cooper,edm,50,0
Tapping Out,Issues,rock,50,0
"Shake It Up - From ""Shake It Up""",Selena Gomez,pop,50,0
Alive,Snavs,rap,50,0
Blue Collar Man (Long Nights),Styx,rock,50,1
Phantom,Nightly,pop,50,0
Still Ray,Raphael Saadiq,r&b,50,1
Bluebird,One Self,r&b,50,0
Are 'Friends' Electric?,Tubeway Army,rock,50,0
Malibu Nights,Roxy Tones,latin,50,0
Juanita la Chismosa,El Caribefunk,latin,50,1
Enjoy The Silence - 2006 Remastered Version,Depeche Mode,rock,50,1
Lucretia My Reflection - Vinyl Version,Sisters of Mercy,rock,50,0
Shadow of the Day,Linkin Park,rock,50,1
Daylight (Airbeat One Anthem 2018),Fluex,pop,50,0
Penny,Dimitri Vangelis & Wyman,pop,50,0
"It's On - From ""Camp Rock 2: The Final Jam""",Demi Lovato,pop,50,0
Dreaming My Dreams,The Cranberries,rock,50,1
Salvation,The Cranberries,rock,50,0
Save As Draft,Katy Perry,pop,50,1
Go Getta,Jeezy,rap,50,0
You Are My Heart,Rex Williams,rock,50,1
While My Guitar Gently Weeps,Regina Spektor,pop,50,1
Life's What You Make It,Graham Colton,pop,50,0
Paradise (feat. KStewart),Matoma,edm,50,0
Zero For Conduct,Block B - BASTARZ,edm,50,0
Simply Irresistible,Robert Palmer,rock,50,0
Todo Empezó,Musiko,latin,50,0
DULCE,GAWVI,latin,50,0
Mistaken (feat. Alex Aris) - Club Mix,Martin Garrix,edm,50,0
The Kid I Used to Know,Arrested Youth,rap,50,0
Bury Me A G,Thug Life,rap,50,0
We Just Disagree,Dave Mason,rock,50,1
Dividido,Alex Cuba,latin,50,1
Make Me (Cry) - Marshmello Remix,Noah Cyrus,edm,50,0
Right Here,Jess Glynne,pop,50,0
Scared To Be Lonely - Conro Remix,Martin Garrix,edm,50,0
White Sky,Vampire Weekend,pop,50,0
Meisjes Blijven Meisjes,Frenna,latin,50,0
Close Enough to Hurt,Rod Wave,r&b,50,1
she,Hayley Kiyoko,pop,50,0
YEBISU - Yung Bae Edit,Yung Bae,r&b,50,0
Tengo Victoria,Alex Zurdo,latin,50,0
Balenciaga,Ufo361,rap,50,1
Si Alguna Vez,Mon Laferte,latin,50,1
Amorita,Mujo,rap,50,1
#Natural,Paty Cantú,latin,50,0
Dissolve Me,alt-J,pop,50,1
Small Talk,Majid Jordan,r&b,50,1
F.U.B.U.,Solange,r&b,50,1
Perdóname,You Salsa,latin,50,0
Drop In the Ocean,OMI,latin,50,0
You Don't Want Drama,8Ball & MJG,rap,50,0
Best Rapper Alive,Lil Wayne,rap,50,0
Illusion,VNV Nation,pop,50,1
Gracefully Broken,Tasha Cobbs Leonard,r&b,50,1
We're Blessed,Fred Hammond,r&b,50,0
Echte Berliner,AK Ausserkontrolle,rap,50,0
Shh,Rajstar,rap,50,1
Long Way Home,.Sinh,rap,50,1
Carluccio,Loyle Carner,pop,50,0
No Le Temas a el Beat,Trebol Clan,latin,50,0
Krispy,Loyle Carner,pop,50,1
Magpakailanman,Rocksteddy,rock,50,0
Days Gone By,Van Morrison,rock,50,0
Coming Home,Dubdogz,edm,50,0
God Level 3,Apache,latin,50,0
Siempre Peligroso - feat. Fermin IV Caballero of Control Machete,Cypress Hill,latin,50,1
Yo Quiero Fumar (I Wanna Get High) - Spanish Edit,Cypress Hill,latin,50,1
Glory,Bastille,pop,50,1
The List,Moonchild,r&b,50,1
No Es Justo,Xcelencia,latin,50,0
Say Amen (Saturday Night),Panic! At The Disco,pop,50,0
Instant Karma! (We All Shine On),John Lennon,rock,50,0
Love - Remastered 2010,John Lennon,rock,50,1
West (feat. Daniel Caesar),River Tiber,r&b,50,1
Push,Steff da Campo,edm,50,0
Lovin' So Hard,Becky G,pop,50,0
Ignorance - Acoustic,Paramore,latin,50,0
You're Not Alone (feat. Kiiara),Don Diablo,edm,50,0
I Wanna Go,Summer Heart,edm,50,0
Four Seasons,Deauxnuts,rap,50,1
Charades,Why G,rap,50,1
Budokai Tenkaichi,Saramalacara,rap,50,1
Renegade Music,Papa Roach,rock,50,0
Don’t Leave,Seven Lions,edm,50,0
"I Am The Highway - Live At Queen Elizabeth Theatre, Toronto, ON/2011",Chris Cornell,rock,50,1
Find You,Landon Forbes,edm,50,1
Keep On Rockin',Da Tweekaz,edm,50,0
The Perfect Kiss - 2015 Remaster,New Order,rock,50,0
Tenderness,General Public,rock,50,0
Tripping Off,Kungs,latin,50,0
Dopeman - Remix,N.W.A.,rap,50,0
Mr Todd Terry,Riton,pop,50,0
Montrose Ave,Y.V.E. 48,latin,50,0
Grip - Jay Pryor Remix,Seeb,edm,50,0
Warm Winds (feat. Isaiah Rashad),SZA,r&b,50,1
Tep Tep,Baauer,rap,50,1
Stress ohne Grund (feat. Bushido),Shindy,rap,50,0
Soledad,Don Omar,latin,50,0
Whatever You Like - Radio Edit,Dasco,latin,50,0
Never Gonna Give You Up,Mac Beez,latin,50,0
Better,Hot Shade,latin,50,0
Life,Noise Cans,rap,50,0
All the Rage Back Home,Interpol,rock,50,0
Club Foot,Kasabian,rock,50,0
Don't Let Go,Viva La Panda,latin,50,1
Someone Like You - Mazza & Tenashar Remix,Klaas,edm,50,0
Dancing In The Dark,Lucy Dacus,rock,50,0
Empires,The Electric Swing Circus,edm,50,0
Oldskool,Julian Jordan,edm,50,0
No Strings Attached,SWACQ,edm,50,0
Fun,Kaskade,edm,50,0
You & I,TRXD,pop,50,0
Wu Tang Remix,China Mac,r&b,50,0
Confetti,Big K.R.I.T.,r&b,50,1
Doberman,Matisse & Sadko,edm,50,0
On A Sunday Afternoon,Lighter Shade Of Brown,latin,50,0
Stepping Stone,Duffy,r&b,50,1
About The Distance,Flitz&Suppe,pop,50,1
Before Paris,Tom Misch,pop,50,1
The A Team - Acoustic,Ed Sheeran,latin,50,1
Constellation,Win and Woo,edm,50,1
"Slime Shit (feat. Yak Gotti, Duke & Peewee Roscoe)",Young Thug,rap,50,1
Me Voy Pa'l Party,Nicky Jam,latin,50,0
Now That We're Dead,Metallica,rock,50,0
Forever (feat. Elohim),Ekali,edm,50,1
Posse On Broadway,Sir Mix-A-Lot,rap,50,1
Die To Live,Volbeat,rock,50,0
One Time 4 Your Mind,Nas,rap,50,0
Blow Job,UCLÃ,rap,50,0
Paradise By the Dashboard Light,Meat Loaf,rock,50,0
All For You,Night Riots,pop,50,0
Games,Chris River,edm,50,1
Handful Of Gold - Hounded Remix,CAZZETTE,latin,50,1
The Wave,R3HAB,latin,50,1
Surrender,Cash Cash,edm,50,0
I Swear This Time I Mean It,Mayday Parade,pop,50,1
Lights,Dabin,edm,50,0
Odio el Drama,Remik Gonzalez,rap,50,1
Flight 0001,Flyboiz,rap,50,1
Beige,Yoke Lore,pop,50,1
Don't Stop Believin',Leontine,edm,50,0
Nobodys Daddy Part 2,Nobodys Face,rap,50,1
Rio Roadtrippin',Ozoyo,rap,50,0
Mambo Rap,Parov Stelar,edm,50,0
Threnody - Bombs Away Remix,Naeleck,edm,50,0
Never Gonna Give You Up,The Black Keys,r&b,50,1
Silhouette,Goldroom,pop,50,0
Red Right Hand - From 'Peaky Blinders' Original Soundtrack,PJ Harvey,rock,50,1
Murder,Mako,pop,50,0
DaNcing in a RoOm,EZI,pop,50,0
Beggars,Krewella,edm,50,0
Dembow,Tommy Boysen,latin,50,0
Choke,Team Mati,latin,50,0
Relaxa,Altamira,rap,50,1
Sumô,Jé Santiago,rap,50,1
Segundo Andar,Kiaz,rap,50,1
Still Frame,Trapt,rock,50,0
Not Falling,Mudvayne,rock,50,0
Just Get Here (feat. Wale & VanJess),Xavier Omär,r&b,50,1
Sucrilhos,WIU,rap,50,0
Turning Japanese - Non Stop Edit,The Vapors,rock,50,0
Honey Dove,Lee Fields & The Expressions,r&b,50,0
Back 2 U (feat. WALK THE MOON),Steve Aoki,edm,50,0
drive all night,joan,pop,50,0
Da' Dip,Freak Nasty,rap,50,1
Nonno Hollywood,Enrico Nigiotti,r&b,50,0
Chiquilla,A.B. Quintanilla III Y Los Kumbia Kings,latin,50,0
All Around The World (La La La) - LUM!X Remix,R3HAB,edm,50,0
Come Clean - E New Y Radio,Jeru The Damaja,rap,50,1
Funky Child,Lords Of The Underground,rap,50,0
Lo Que Sangra (La Cúpula) - Remasterizado 2007,Soda Stereo,rock,50,0
Pharaohs,SBTRKT,pop,50,0
We Could Be Beautiful,Wrabel,edm,50,0
Ghost - Oliver Nelson Remix,Ella Henderson,pop,50,0
Coming Home - Interlude,Kali Uchis,r&b,50,1
BUMP,BROCKHAMPTON,r&b,50,0
TRIP,BROCKHAMPTON,r&b,50,1
Good Vibes Soldier (feat. Head Quattaz),KSHMR,edm,50,0
caronte,Alba Reche,pop,50,1
Hang On to Yourself - 2012 Remaster,David Bowie,rock,50,0
Two Dope Boyz (In a Cadillac),OutKast,rap,50,0
Want U 2,Marshmello,edm,50,0
This Is Me,Demi Lovato,pop,50,0
Lootera,R. Nait,rap,50,0
The Way,Trevor Omoto,edm,50,0
Idols Become Rivals,Rick Ross,rap,50,0
Vuelva a Ver,Dalex,rap,50,1
Above Water,Manu Crooks,rap,50,0
"Or Nah (feat. Wiz Khalifa) - Live at the Village, Los Angeles, CA",Ty Dolla $ign,rap,50,1
"The More You Ignore Me, the Closer I Get - 2014 Remaster",Morrissey,rock,50,0
"Do It When I'm In It (feat. Jermaine Dupri, Ozuna & Slim Jxmmi)",Snoop Dogg,rap,50,0
Cuba,Theophilus London,rap,50,0
Orange Moon,Erykah Badu,r&b,50,1
Happy People (feat. Marky Mark),Prince Ital Joe,pop,50,1
Maria Gasolina,MC Hariel,rap,50,0
Pigalle,DJ Snake,edm,50,0
Rumors,Lindsay Lohan,pop,50,0
Push It to the Limit,Corbin Bleu,pop,50,0
Tengo Niveles,J Montez,latin,50,0
A Vapor,Sky,latin,50,0
Gedi,Kulbir Jhinjer,rap,50,0
The King,Amrit Maan,rap,50,0
Kabza,Dilpreet Dhillon,rap,50,0
Thick (feat. 2 Chainz),O.T. Genasis,rap,50,0
LOVEHAPPY,The Carters,rap,50,0
Jealous Guy,Donny Hathaway,r&b,50,1
All Around You,Sturgill Simpson,r&b,50,0
Milano Step (Lamin X Artigeardit),Lamin,rap,50,0
Reckless Lover - Acoustic,Handsome Ghost,pop,50,1
Love Vigilantes - 2015 Remaster,New Order,rock,50,0
The Bomb (These Sounds Fall Into My Mind),The Bucketheads,pop,50,0
Think of You - Radio Edit,Whigfield,pop,50,0
Me Quedo Contigo,Leoni Torres,r&b,50,0
So You Want to Be a Gangster,Too $hort,rap,50,1
Appetite For Destruction,N.W.A.,rap,50,0
L.A. Story (feat. Mike Posner),Sammy Adams,pop,50,0
"Frijo: Bzrp Music Sessions, Vol. 10",Bizarrap,rap,50,0
Inception (Ultra Live Anthem 2019),Lucas & Steve,edm,50,0
Car Wash,Rose Royce,r&b,50,1
Shake Your Body (Down to the Ground),The Jacksons,r&b,50,0
Feel the heat of the night - Radio Edit,Masterboy,pop,50,0
Smile Again,Green Assassin Dollar,rap,50,1
Neighbors,Don Philippe,rap,50,1
Takeoff,High John,rap,50,1
Nunca Voy A Olvidarte,Cristian Castro,latin,50,0
Mind,Declan McKenna,pop,50,0
See The End - Nora En Pure Remix,Above & Beyond,edm,50,0
Happy,ØMG,pop,50,0
Ryo,Joris Voorn,edm,50,0
Pick You Up (feat. Penny F),Redondo,edm,50,0
Decade,Ben Böhmer,edm,50,1
Provócame,Chayanne,latin,50,0
Hard Times,Baby Huey & The Baby Sitters,r&b,50,0
It Felt Wrong,Jr. Wellness,rap,50,1
The Only Way Is Up - Radio Edit,Martin Garrix,edm,50,0
Da Graveyard,Big L,rap,50,0
Amor,Cristian Castro,latin,50,1
Chasing Shadows,Justin Mylo,edm,50,0
placeholder,Hand Habits,r&b,50,1
Georgia,Brittany Howard,r&b,50,1
Midnight Blue,Lou Gramm,rock,50,1
Gangsta,Smiler,rap,50,1
Imperfect Circle,Jorja Smith,r&b,50,0
Lost 蛇,October Ends,rock,50,0
Old Man,Stella Donnelly,r&b,50,0
Breathe,Fabolous,rap,50,0
Não Dá Mais,CMK,r&b,50,0
Apollo - Radio Edit,Hardwell,edm,50,0
Open Over Us (Live),Meredith Andrews,pop,50,1
Duhan,Mazlum Uruc,rap,50,0
Fogo,Lourena,r&b,50,1
Fortunate,Maxwell,r&b,50,1
EDM O' CLOCK,TV Noise,edm,50,0
Gucci Fendi Prada,Merk & Kremont,edm,50,0
Hokusai,Cap Kendricks,rap,50,1
tilda,keko.the.dog,rap,50,1
Guilty Pleasure,Bryce Vine,pop,50,0
Nobody.knows,Brenky,rap,50,1
Your Love,Tom Misch,r&b,50,1
Be Okay,Jordan Fisher,pop,50,0
She's A Beauty - Remastered 1991,The Tubes,rock,50,0
Troublesome '96,2Pac,rap,50,0
Ballermann,187 Strassenbande,rap,50,0
Sexymecri,1Kilo,r&b,50,0
Dancer,Gino Soccio,edm,50,1
Flashlight,R3HAB,edm,50,0
I Need You Now,Smokie Norful,r&b,50,1
Just in Case,Jaheim,r&b,50,0
Old Man - 2017 Remaster,Neil Young,rock,50,1
Dontchange - Album Version (Edited),Musiq Soulchild,r&b,50,1
Crazy in Love - Electro Swing Version,Swing Republic,edm,50,0
Waterfloat,Green Assassin Dollar,rap,50,1
Smoke One,Marcos Caixa,rap,50,1
Криминал,N1NT3ND0,rap,50,1
Blue (Da Ba Dee) - Sound of Legend Version Edit,Sound Of Legend,edm,50,0
Kuku187,Capital Bra,rap,50,0
Better Runaway - Erlandsson Remix,Hogland,edm,50,0
Hydro,Cap Kendricks,rap,50,1
Chrome,7apes,rap,50,1
Panzaknacka,AK Ausserkontrolle,rap,50,0
Dime,Julia Medina,latin,50,0
L'amour ne suffit pas,Singuila,latin,50,0
Воу-воу палехчэ,Jah Khalib,rap,50,1
Like I Do,AWA,r&b,50,0
Culo,Pitbull,latin,50,0
Another Brick In The Wall - 2001 Remastered Version,Pink Floyd,rock,50,1
Detrás de Ti,Caifanes,rock,50,0
Quisiera Ser Alcohol,Caifanes,rock,50,1
I Forgot To Be Your Lover,William Bell,r&b,50,1
Sail,DevilDriver,rock,50,0
Cuéntale - Remastered 2016,Don Omar,latin,50,0
Cold Ain't For Me,Oceans,pop,50,0
Snatch,Bassjackers,edm,50,0
Childish Dreams,Misc.Inc,rap,50,1
Deep End,P.MO,rap,50,0
Lights On,Izzy Bizu,r&b,50,0
Jee Karda,F1rstman,latin,50,0
Patser Bounce,Dimitri Vegas & Like Mike,edm,50,0
Selfish - DVLM & Brennan Heart VIP Remix,Dimitri Vegas & Like Mike,edm,50,0
Something Just Like This - Dimitri Vegas & Like Mike Remix,The Chainsmokers,edm,50,0
Tiger,R3HAB,edm,50,0
Novocaine,Valentino Khan,edm,50,0
Late Nights,Burna Bandz,r&b,50,0
Duck in a Box,Jobii,latin,50,1
Just Right,Raheem DeVaughn,r&b,50,1
Sea Sick,Fat Nick,rap,50,0
Beginnings,Knowmadic,rap,50,1
savacu,Wun Two,rap,50,1
So Sick,EC Twins,latin,50,0
Bonnie & Clyde,Jake Cooper,latin,50,1
REDLIGHT - Holy Goof Remix,NGHTMRE,edm,50,0
The One,Habstrakt,edm,50,0
Nuestra Cancion,Elvis Crespo,latin,49,0
Mixed Feelings,Ariel T,latin,49,1
Bounce,Firebeatz,edm,49,0
Tighten Up,The Black Keys,rock,49,0
With Me All Along,Bronze Radio Return,pop,49,0
RideOut,enjo,rap,49,1
Get Along,Behmer,latin,49,0
Marlboros & White Widow,$uicideBoy$,rap,49,0
I Like,Guy,r&b,49,1
Delirious,Prince,r&b,49,1
What's Love Got To Do With It,Max Vangeli,edm,49,0
How Ya Do Dat,Young Bleed,rap,49,1
You,Jesse Powell,r&b,49,1
When I Think Of You,Janet Jackson,r&b,49,1
Los Días Que Vendrán,KURT,latin,49,0
Another Sad Love Song,Toni Braxton,r&b,49,0
Right and a Wrong Way,Keith Sweat,r&b,49,1
Do Well,Pip Millett,r&b,49,0
Rise and Shine - Radio Edit,Deorro,edm,49,0
Take Me Away,Calippo,pop,49,0
Aftermath,Kydus,pop,49,1
Time In,Billy Marchiafava,rap,49,1
Mz. Hyde,Halestorm,rock,49,0
All Falls Down (feat. Juliander) - Steve Aoki Remix,Alan Walker,edm,49,0
留学生,Monkey Majik,pop,49,0
Astronomia,Vicetone,edm,49,0
No More Rain (In This Cloud),Angie Stone,r&b,49,1
That's Just Me,Ameba,rap,49,1
Dead But Rising,Volbeat,rock,49,0
Die Trying,Art Of Dying,rock,49,0
I'm So Juiced Up,DJ Paul,rap,49,0
Weekend,Henry Santos,latin,49,0
Mixed Signals,Rezz,edm,49,0
Good Intentions - LP Mix,Session Victim,edm,49,1
Hoy Se Me Olvida,Chucho Rivas,latin,49,0
Dreamin' (feat. Fiora),Seven Lions,edm,49,0
IYABO,GuiltyBeatz,latin,49,0
Bicycle,filous,edm,49,0
Aviéntame,Caifanes,rock,49,0
Airplanes,Local Natives,r&b,49,1
Kaputt,Destroyer,r&b,49,0
Angelito - Remastered 2016,Don Omar,latin,49,0
Conteo - Remastered 2016,Don Omar,latin,49,0
Smokeloud,Millennium Jazz Music,rap,49,1
Pick Me Up,Dutch Revz,rap,49,1
Kunden,Nate57,rap,49,0
Acreditar de Novo,1Kilo,r&b,49,1
Collab Bro,Timmy Trumpet,edm,49,0
California - Chris Lake & Matroda Remix,SNBRN,edm,49,0
"What Christmas Means to Me - from ""The Best Man Holiday Original Motion Picture Soundtrack""",Fantasia,r&b,49,0
So Good,Wahlstedt,edm,49,0
reconsider,Jost Esser,rap,49,1
Fire to Hire,Mr Mantega,rap,49,1
"Hallelujah (feat. Buddy, A$AP Ferg & Wale)",Godfather of Harlem,r&b,49,0
Soledad,Loco Escrito,latin,49,0
MONEY MANIN,FBC,rap,49,0
Careless,Dusky,edm,49,0
Was 2 hol 10,Capital Bra,rap,49,0
Kristall,AK Ausserkontrolle,rap,49,0
Hard Times,Young L3x,rap,49,1
Cathedral - Project North Edit,Corx,edm,49,0
Cambias Mi Amor,Juan Ingaramo,latin,49,0
I'm So Hood,DJ Khaled,rap,49,0
Табор уходит в небо,Kaspiyskiy Gruz,rap,49,1
Fujiyama Lights,Mujo,rap,49,1
Middle of the Road - 2007 Remaster,Pretenders,rock,49,0
Love Bites,Def Leppard,rock,49,0
Tentação,Clau,r&b,49,0
WITH U (feat. Karen Harding) - David Puentez Remix,Tujamo,edm,49,0
Savior - Radio Edit,Bassjackers,edm,49,0
Tell Your Friends (feat. Loote),The Him,edm,49,0
Believe In Me,Lenny Kravitz,rock,49,0
Ring The Alarm - Stadiumx Remix,Nicky Romero,edm,49,0
Ghettostjerne (feat. ZK),NODE,rap,49,0
I Want You,MØ,pop,49,0
Down,Chloe x Halle,pop,49,0
Sundara,ODESZA,pop,49,1
Gold Skies,Sander van Doorn,edm,49,0
Wigs (feat. City Girls & ANTHA),A$AP Ferg,rap,49,0
Isn't It Time,The Babys,rock,49,0
Nudies,24hrs,rap,49,0
Baby Blu,Nilüfer Yanya,r&b,49,0
Toulouse - Bobby Anthony Vocal Mix,Nicky Romero,edm,49,0
Take Me - Radio Edit,Tiësto,edm,49,0
Ka Ikk,RH,rap,49,0
365 - Jonas Aden Remix,Zedd,edm,49,0
La Fortuna (feat. Tommy Torres),Diana Fuentes,r&b,49,1
Me Tienes Loco,CantoParaBailar,latin,49,0
Hasta Que Salga El Sol,Don Omar,latin,49,0
Live Your Life - Radio Edit,Erick Morillo,edm,49,0
Take Me Higher,BLR,edm,49,0
Don't Let Me Go,Lane 8,edm,49,1
Swish,Josh Stanley,pop,49,1
Dangerous,Shaman's Harvest,rock,49,0
Silence - Slushii Remix,Marshmello,rap,49,0
Looks,Steve Lacy,r&b,49,0
Maschine,The Cratez,rap,49,0
I Like Tuh,Carnage,rap,49,0
Get The Funk Out Ma Face,The Brothers Johnson,r&b,49,1
All Good,Capital Kings,edm,49,0
Being Alive,Hardwell,edm,49,0
Ela Me Usa e Abusa,MC Loma e As Gêmeas Lacração,rap,49,0
Sad (feat. Afrojack) - SLVR Remix,Chico Rose,pop,49,0
Gypsy - 2018 Remaster,Fleetwood Mac,rock,49,0
Waves of 84,The Swing Bot,edm,49,1
Hit the Road Jack,Maskarade,edm,49,0
Geraldines Routine,Tape Five,edm,49,0
Elixir,Wiki,rap,49,0
December - Chillaxed,The Breed,rap,49,1
Eso Ehh..!!!,Alexis y Fido,latin,49,0
The Dance,Struggle Jennings,rap,49,0
The Cure & The Cause - Dennis Ferrer Remix,Fish Go Deep,edm,49,0
Havana 1957,Orishas,r&b,49,0
Meu baile,Papatinho,rap,49,0
Boys Do Fall In Love,Robin Gibb,rock,49,1
Moves,Hp Boyz,rap,49,1
La Trompeta (feat. MellemFingaMuzik),Camur,rap,49,0
Run Away,Real McCoy,pop,49,0
Will I Ever,Alice DJ,pop,49,0
Es Tu Mirada - Remasterizado,Leoni Torres,r&b,49,0
Sober,DJ Snake,edm,49,0
Mafia Style,Sidhu Moose Wala,rap,49,0
Turn It Up,Chamillionaire,rap,49,0
Who I Am,Nick Jonas & The Administration,pop,49,0
Samme Vej,NODE,rap,49,1
Gadesoldat,Beko,rap,49,0
Go Crazy (Remix),Jeezy,rap,49,0
Runnin' Down A Dream,Tom Petty,rock,49,0
Wat Da Hook Gon Be - Dirty,Murphy Lee,rap,49,0
Roses,BJ The Chicago Kid,r&b,49,1
SOS,McClenney,r&b,49,1
Do Me Like That,Penguin Prison,pop,49,0
Not Alone - REGGIO Remix,Sick Individuals,edm,49,0
Don't Call,Lost Kings,pop,49,0
Prometo Olvidarte,Tony Dize,latin,49,0
Tu Guardián (Versión Remix Merengue),Victor Muñoz,latin,49,0
The Whole World (feat. Killer Mike),OutKast,rap,49,0
No Tears,Scarface,rap,49,0
Make 'Em Say Ugh,Master P,rap,49,0
Introducing Me,Nick Jonas,pop,49,1
Mr. Williams (feat. THEMXXNLIGHT & Curren$y) / Where is the Love,Wiz Khalifa,rap,49,0
Dub-I-Dub,Me & My,pop,49,0
Hung Up,Tritonal,edm,49,0
Y Ahora,Nengo Flow,rap,49,1
"Front, Back & Side to Side",UGK,rap,49,0
Vamo´ a la calle,Carlos Baute,latin,49,0
Besame (Remix) [feat. Rakim Y Ken Y & Nova La Amenaza],Jory Boy,latin,49,0
The Bomb Dot Com V2.0,Sleeping With Sirens,pop,49,0
Poison,Sidhu Moose Wala,rap,49,0
Flutes,Hot Chip,pop,49,0
Blue (with Olympis),Michael Blunt,edm,49,0
No Swinggity,Minimatic,edm,49,1
"Cuba Isla Bella (feat. Gente de Zona, Leoni Torres, Isaac Delgado, Buena Fe, Descemer Bueno, Laritza Bacallao, Waldo Mendoza & Pedrito Martinez)",Orishas,r&b,49,0
Access,Martin Garrix,edm,49,0
Torn,Campsite Dream,latin,49,0
Quando Te Vejo no Baile,BlakkStar,rap,49,1
CASH,BROCKHAMPTON,r&b,49,0
Vibe,Frank Pierce,latin,49,0
Pegamos Tela,Lérica,pop,49,0
Keep Moving - (Sultan + Shepard Reboot),Sultan + Shepard,edm,49,0
All I Ever Wanted (feat. River),Eat More Cake,edm,49,0
Surprise,Leozin,rap,49,1
If You Leave - Remastered 2019,Orchestral Manoeuvres In The Dark,rock,49,0
The Sinner,Isaac Delusion,pop,49,0
Holy,Jamila Woods,r&b,49,1
Hand On the Pump,Cypress Hill,rap,49,1
La Vida Me Hizo Cabron,C-Kan,rap,49,0
jasmine (demo),Jai Paul,pop,49,1
Hard to Say I'm Sorry / Get Away - 2005 Remaster,Chicago,pop,49,1
Carne,Santa RM,rap,49,1
Caja De Madera,Lng Sht,rap,49,1
Quiero Bailar,Ivy Queen,latin,49,0
Felina,Hector & Tito,latin,49,0
Can't Wait,Jill Scott,r&b,49,1
RedRover,BONES,rap,49,1
Supernatural (feat. Anjulie),Boombox Cartel,rap,49,0
Tucson,Healy,r&b,49,1
Psychosocial,Slipknot,rock,49,0
Warm Me Up,The Audition,pop,49,0
WIEE,Martin Garrix,edm,49,0
Never let you go,Waldeck,edm,49,0
Stellar,Jamila Woods,r&b,49,1
Her Eyes Are a Blue Million Miles,Captain Beefheart & His Magic Band,rock,49,1
Like This (feat. AMY MIYÚ) - Carta Edit,SMACK,edm,49,0
You Look Like Rain,Morphine,rock,49,1
Heading Home,Ludvigsson,pop,49,0
Time,Audrey,r&b,49,1
Creed,Türküm,rap,49,0
Tango,Mata,rap,49,1
Level Up,Fabian Mazur,rap,49,0
Tender Lies,Türküm,rap,49,0
"How to Save a Life - Live in Nashville, TN - December 2006",The Fray,latin,49,1
Dirty,Sevendust,rock,49,0
Entre Mi Vida y la Tuya,Fonseca,latin,49,0
Death & Desire (feat. Harrison) - Laidback Luke Remix,Knife Party,edm,49,0
La differenza,Gianna Nannini,r&b,49,1
WATCH ME,Night Lovell,rap,49,1
Dados,Dudu,rap,49,1
Symphony - Dr Phunk Remix,Sick Individuals,edm,49,0
Rebel Yell,Klingande,latin,49,0
I Got Eyes,John De Sohn,pop,49,0
Let There Be More Light,Pink Floyd,rock,49,1
Overdrive,Eraserheads,rock,49,1
Por Tus Pujidos Nos Hallaron,Akwid,latin,49,0
Midnight Moon,Oh Wonder,pop,49,1
Stand Inside Your Love,The Smashing Pumpkins,rock,49,0
Paradise (feat. Badbadnotgood & Sean Leon),Daniel Caesar,r&b,49,0
Like Before You Were Born,DIIV,rock,49,0
New Rose,Guns N' Roses,rock,49,0
Attitude,Guns N' Roses,rock,49,0
101,WALLA,pop,49,0
Angel,Sarah McLachlan,rock,49,1
Strange Overtones,David Byrne,rock,49,0
Super Hott,Jauz,edm,49,0
$$$ - Remix,Saramalacara,rap,49,1
Orange Cookies,Joven BTZ,rap,49,0
Get Along (feat. Anderson .Paak & Blu),Elements of Music,r&b,49,1
Hair Of The Dog,Guns N' Roses,rock,49,0
Every Breaking Wave,U2,rock,49,1
Ain't That Easy,D'Angelo,r&b,49,0
A Crime To Remember,Pop Evil,rock,49,0
Hendrix,Wyclef Jean,rap,49,0
Sorry,Guns N' Roses,rock,49,1
GERONIMO (feat. Ace Hood),BLVK JVCK,rap,49,0
Break of Dawn - Duke & Jones Remix,Yellow Claw,rap,49,0
Through My Mind,Firebeatz,edm,49,0
Wahre Begebenheiten (feat. AK Ausserkontrolle),18 Karat,rap,49,0
First of Summer,Urbandub,rock,49,0
Encanto,Don Omar,latin,49,0
Coming Home,TooManyLeftHands,pop,49,0
Down Came the Rain,Electric Light Orchestra,rock,49,0
Spring Love,Stevie B,latin,49,0
Meister Yoda,Azet,rap,49,1
We Can Change (Infinity),Trobi,edm,49,0
Corazón Enamorado,Juan Luis Guerra 4.40,latin,49,1
Back to Me,Moonchild,r&b,49,1
Ponte Pa' Mi (feat. Eladio Carrion),Neo Pistea,rap,49,1
Don't Give Up On Me,Armin van Buuren,pop,49,0
Take A Sip - Dodge & Fuski Remix,Naeleck,edm,49,0
Dawn - ford. Remix,OTR,edm,49,1
Jennesys,Emrod,edm,49,0
Lamento Tu Pérdida,Natti Natasha,latin,49,0
Gemini,Sponge Cola,rock,49,1
"Te He Querido, Te He Llorado",Ivy Queen,latin,49,0
Invite Me,Brent Faiyaz,r&b,49,1
Culpable - Remix / Versión Salsa,Tutto Duran,latin,49,0
Quítame Ese Hombre,Gaby Zambrano,latin,49,0
Awnaw - All Hooks up Version,Nappy Roots,rap,49,0
ALAMAIM,DORJ,r&b,49,1
All We Do,Matt Quentin,r&b,49,1
"Temptation - 7"" Version; 2015 Remaster",New Order,rock,49,0
Hipsta,Timmy Trumpet,edm,49,0
GDFR (feat. Sage the Gemini & Lookas) - K Theory Remix,Flo Rida,edm,49,0
Need You,Dillon Francis,edm,49,0
A las Cosas por Su Nombre,Violadores Del Verso,latin,49,0
"Llaves, Teléfono y Cartera",Lng Sht,latin,49,0
Dark Angel (feat. Kevin Gates),Trae Tha Truth,rap,49,0
Candela,Vicente Garcia,latin,49,0
No Escape,2nd Life,rap,49,0
Believe I'm Leaving,Egzod,rap,49,0
Don't Leave Me Alone (feat. Anne-Marie) - Oliver Heldens Remix,David Guetta,edm,49,0
I Was Only Joking,Rod Stewart,rock,49,1
Save It For A Rainy Day,Stephen Bishop,rock,49,1
Arráncame - Live,Marissa Mur,latin,49,0
Full Moon,DREAMCATCHER,edm,49,0
Smile,R5,pop,49,0
On My Mind,Juan Rios,rap,49,1
Malas Intenciones,Tharyk,latin,49,0
Una Nueva Canción (feat. Kike Pavón),Alex Zurdo,latin,49,0
Guerra y Hambre,Midel,rap,49,0
Only Everything,Quinn Lewis,r&b,49,1
Possible,片寄涼太,pop,49,0
Miss Macross,Macross 82-99,rock,49,0
Kom Bij Mij,Hansie,latin,49,0
Laat Niet Los,Delany,latin,49,1
Renegades - Stash Konig Remix,X Ambassadors,edm,49,0
Veneno,BB Nobre,latin,49,0
Mighty Long Fall,ONE OK ROCK,rock,49,0
Splash Waterfalls,Ludacris,rap,49,0
Kuaga (Lost Time) (Radio Edit),Pierce Fulton,edm,49,0
Up & Down,EXID,edm,49,0
Mystify,INXS,rock,49,0
Age Gag,Mamamoo,edm,49,0
Yo Soy Así,Funky,latin,49,0
Cachondea,Fruko Y Sus Tesos,latin,49,0
Fake Love,The FifthGuys,rap,49,0
New Page,INTERSECTION,pop,49,0
Amor De Verano,Vacación,latin,49,0
Quisiera,Natalie Perez,latin,49,1
Old Guitar,BUNT.,latin,49,0
Out of Sight,N3WPORT,rap,49,0
W.Y.L.I.G.,The FifthGuys,rap,49,0
Back to Black,Besomorph,rap,49,0
Lightning Crashes,Live,rock,49,1
Dynamite - Original Mix,Hot Light,edm,49,0
Vértigo,Perotá Chingó,latin,49,1
Where the Rivers Flow - Radio Mix,Sons Of Maria,latin,49,0
Twenty One,The Cranberries,rock,49,1
Bij Mij (feat. Idaly),Kevin,latin,49,0
Empty,The Cranberries,rock,49,1
In My Pocket,Pimp C,rap,49,0
The Pressure,The Cranberries,rock,49,0
Miss You More,Katy Perry,pop,49,1
"Chico, Qué Te Pasa?",Pekeño 77,rap,49,1
Me And Mary Jane,Black Stone Cherry,rap,49,0
Sea of Love - 2006 Remaster,The Honeydrippers,rock,49,1
Suave,Tabitha,latin,49,0
Masochist,Polaris,rock,49,0
You & I - Live,Scorpions,rock,49,0
Who's Laughing Now,Jessie J,pop,49,0
Planet Earth,Jinco,rap,49,0
Dancing In the Moonlight - Original Recording,King Harvest,rock,49,1
Make You Mine (feat. Moa Lisa),Mike Williams,edm,49,0
A1,DARKSIDE,pop,49,1
Hot Fun in the Summertime,Sly & The Family Stone,rock,49,1
Tale of Rise and Fall,Y.V.E. 48,latin,49,0
Lava Lamp,Luude,rap,49,0
Hourglass,Hex Cougar,rap,49,0
Black Hole Sun,Soundgarden,rock,49,0
Radio Love - Dualities Remix,Lucas Estrada,edm,49,0
Who Ride Wit Us,Kurupt,rap,49,0
Le dîner,Bénabar,rock,49,0
Terra Titanic,Peter Schilling,pop,49,0
Lonely,TooManyLeftHands,edm,49,0
Twenty One,Greyson Chance,pop,49,1
You're the One,SWV,r&b,49,1
Come & Talk To Me,Jodeci,r&b,49,1
Tsunami,Bipo Montana,rap,49,0
In Time,CAZZETTE,pop,49,0
Heart Never Broke,James Carter,latin,49,0
Hit and Run,Goldbird,latin,49,0
GoodEnough,blackwave.,r&b,49,1
Last Goodbye,Wave Wave,latin,49,0
Hollywood,RAC,pop,49,0
Running Thru 3AM,Aeris Roves,pop,49,1
Expectations,Glaceo,latin,49,0
Fuck I'm Lonely,Lone Tusker,latin,49,0
Chemicals,Miscris,edm,49,0
Are You Satisfied?,Reignwolf,rap,49,0
Final Song - Diplo & Jauz Remix,MØ,edm,49,0
I Would Like - R3hab Remix,Zara Larsson,edm,49,0
Coexist,Sonia Stein,rock,49,1
rhythmuss sein,Knowsum,rap,49,1
Scared of Love,Rudimental,pop,49,0
Real,Habstrakt,edm,49,0
TORBA,Young Multi,rap,49,0
Mo Money Mo Problems (feat. Puff Daddy & Mase) - 2005 Remaster,The Notorious B.I.G.,rap,49,0
Lyd (Like You Do),Lucky Luke,edm,49,0
Ask the Lonely,Journey,rock,49,0
Together,Calvin Harris,pop,49,0
Sweaters,Blanks,pop,49,0
Hocus Pocus - Extended Version,Focus,rock,49,0
Wicked Games,The Hot Damns,rap,49,0
Waste It On Me (feat. BTS),Steve Aoki,pop,49,0
Welcome Home,HELLYEAH,rock,49,0
Aguante,Mala Rodríguez,latin,49,0
Demasiado Loca,Sak Noel,latin,49,0
Thinking out Loud - Alex Adair Remix,Ed Sheeran,latin,49,0
Late Night Hype,Compton's Most Wanted,rap,49,1
Los Que Son,Jamby el Favo,rap,49,1
With You - Frank Walker Remix,Tyler Shaw,pop,49,0
Don't Be Cruel,Bobby Brown,r&b,49,0
Feelings Hurt,Rockie Fresh,edm,49,0
Out of My Head,Prefekt,edm,49,0
Wasted,Noize Generation,edm,49,0
Someone I Used To Know - Kue Radio Remix,Zac Brown Band,edm,49,0
Gypsy Woman (She's Homeless) [House Kitsuné America],Mija,latin,49,1
No Puedo Estar Sin Ti,Mœnia,pop,49,1
Stranger,MOTHXR,pop,49,0
Jungle,H.E.R.,r&b,49,1
Everything Is Embarrassing,Sky Ferreira,pop,49,0
RX,Don Omar,latin,49,0
STAND,Comethazine,rap,49,0
Sun Comes Out,Hallman,latin,49,0
viaduct creek,Delayde,rap,49,1
Miss You Much,Janet Jackson,r&b,49,0
Sweet Sweet,Taliwhoah,rap,49,0
Juegos de Amor,Mœnia,pop,49,0
Polaroid - R3HAB Remix,Jonas Blue,edm,49,0
CHECK,Kennedy Stephens,rap,49,0
Don't Wanna Fall in Love,Jane Child,r&b,49,0
Descara,Yomo,latin,49,0
Bailando Fue,Randy,latin,49,0
We Are Young,Saco,latin,49,0
Fuego - Julian Jeweil Remix,Dubfire,edm,49,0
Forget - Original Mix,Patrick Topping,edm,49,0
Morio,Smoke Trees,rap,49,1
Princess,soder.,rap,49,1
Wake Me Up,Foreign Air,pop,49,0
Electric Blue,Satin Jackets,pop,49,0
Pull Up,MEMBA,pop,49,0
World In My Eyes - 2006 Remastered Version,Depeche Mode,pop,49,0
But I Like It,Lauren Sanderson,pop,49,1
Beautiful Stranger,Marcus King,pop,49,1
Answer to Love,Dexter,pop,49,0
On the Back of Your Neck,Cienfue,pop,49,0
A Couple Of Forevers,Chrisette Michele,r&b,49,1
Say Something - The Four Performance,Zhavia Ward,r&b,49,1
Me Pagan,Aleman,rap,49,1
Don Juan & Cupido,Henry Santos,latin,49,1
Maya,Prabh Deep,rap,49,0
Você Não Existe,Potyguara Bardo,latin,49,0
Lifetime,Maxwell,r&b,49,1
Nobody's Perfect,Anti Lilly,r&b,49,1
whereucomefrom.,oofoe,rap,49,1
Green Tea,chief.,rap,49,1
Triste,Kase.O,r&b,49,1
I Found My Smile Again (Radio Edit),D'Angelo,r&b,49,1
Two Occasions,The Deele,r&b,49,0
With You,Tony Terry,r&b,49,1
Get So Lost,WVLNGTH,edm,49,0
Don't Close Your Eyes,Kix,rock,49,1
Hard To Say I'm Sorry,Az Yet,r&b,49,1
Sending All My Love,Linear,latin,49,1
Vertigo - Radio Edit,Gil Glaze,latin,49,0
Too Good At Goodbyes - Galantis Remix,Sam Smith,edm,49,0
U Got the Look,Prince,r&b,49,1
Lotta Love,Nicolette Larson,rock,49,1
You Love It!,ripmattblack,pop,49,0
No One Knows,Brent Faiyaz,r&b,49,1
The Good Life,Devon Gilfillian,pop,49,0
Take Me with U,Prince,r&b,49,0
Return of the Mack - C&J Extended Mix,Mark Morrison,r&b,49,0
Diamonds & Wood,UGK,rap,49,1
Tropic Breeze,"Sarah, the Illstrumentalist",latin,49,1
I Put My Dick in Your Mental,gizmo,rap,49,0
OPalite,"Sarah, the Illstrumentalist",rap,49,1
Lavender,Casiio,rap,49,1
Bridges,.Sinh,rap,49,1
Shake,Zeds Dead,edm,49,0
Comfort Zone,Alle Farben,latin,49,0
Until the Light Takes Us,Ghostemane,rap,49,0
Blackmage,Ghostemane,rap,49,0
Don't Owe You a Thang,Gary Clark Jr.,rock,49,0
get warmer,BROCKBEATS,latin,49,1
Red Eye (feat. WSTRN & Lil Baby),The Plug,r&b,49,0
Nails,Ghostemane,rap,49,0
Feelings,Deep Chills,latin,49,1
I Wanna Know - Alesso & Deniz Koyu Remix,Alesso,pop,49,0
Goosebumps,$uicideBoy$,rap,49,0
As Above so Look out Below,Ghostemane,rap,49,0
Nightmare Choir (I Been Asleep Too Long),$uicideBoy$,rap,49,0
Bak Pak,Lunchmoney,rap,49,1
Mosaic - Skit,Psalm Trees,rap,49,1
Detroit Vs. Everybody,Eminem,rap,48,0
Yallah Goodbye (feat. Gringo),Summer Cem,latin,48,0
Always,Killswitch Engage,rock,48,0
Heya Heya,Rocwell S,latin,48,0
Once I Had A Love (AKA The Disco Song) - Remastered,Blondie,rock,48,1
Till It Happens To You,Corinne Bailey Rae,r&b,48,1
For Real,Amel Larrieux,r&b,48,1
Heroes (we could be) - Branchez Remix,Alesso,pop,48,1
Know Love - OTR Remix,RKCB,pop,48,0
Wait,White Lion,rock,48,0
Complicated,Rihanna,latin,48,0
Summertime Girls - Studio Version,Y&T,rock,48,0
Operator (That's Not The Way It Feels),Jim Croce,rock,48,1
Outside Inside,EDEN KAI,pop,48,1
MMXX,Royal & the Serpent,pop,48,1
World's on Fire,Superheart,pop,48,0
If I Was Your Girlfriend,Prince,r&b,48,1
Uhh Ahh,Boyz II Men,r&b,48,0
Spray (feat. Tyga & YG),Sneakk,r&b,48,0
Cause,Vhsceral,rap,48,1
Veneno,Monsieur Periné,latin,48,1
MustBeARealDragWakingUpAndBeingYou,BONES,rap,48,1
All My Life I've Wanted A Chevy,$uicideBoy$,rap,48,1
Mr. Miyagi,andrei,rap,48,0
Somebody,Erlandsson,latin,48,0
Nakama's Dance,Ariel T,latin,48,1
+ High (feat. Jaycob Duque),Nibal,latin,48,0
One Little Christmas Tree,Stevie Wonder,r&b,48,1
fortune cookie,B0nds,rap,48,0
With You (Jai Wolf Remix),Dirty South,pop,48,0
"Play - B2A, Anklebreaker & Tungevaag Remix",K-391,edm,48,0
Riding For The Feeling,Bill Callahan,r&b,48,1
DOWN BY LAW,THE RAMPAGE from EXILE TRIBE,pop,48,0
Still In Love,Thirdstory,r&b,48,0
Someone To Love You,Ruff Endz,r&b,48,0
One Magic Moment,Bad Suns,pop,48,0
Keep You Close,FRENSHIP,pop,48,1
Arabian Knights,Mishaal,rap,48,1
Higher,GARZI,rap,48,0
NIGHT OWL,Psymun,rap,48,0
Valiente y Libre - Acústico,Funambulista,latin,48,1
Shine - Kygo Remix,Benjamin Francis Leftwich,pop,48,1
Concentração,1Kilo,r&b,48,0
Borrowed Time,Parquet Courts,r&b,48,0
Back Door Santa,Clarence Carter,r&b,48,1
Waterfalls,THE WLDLFE,pop,48,0
Perfection,twoloud,edm,48,0
Se Perdio - Remix,area3,latin,48,0
Take Me Home,Bryce Vine,pop,48,0
Life's a Bitch,Accept,rock,48,0
Llama,Ana Torroja,latin,48,0
First Time - Gryffin Remix,Kygo,edm,48,0
Number One Spot,Ludacris,rap,48,0
Nadir,TENDER,pop,48,0
Outside,TENDER,pop,48,1
Delorean Dynamite,Todd Terje,pop,48,0
Designs for You,Phantoms,pop,48,0
Ojos Que No Ven,Alexis y Fido,latin,48,0
You Can Win,Bileo,edm,48,0
Mais um Som de Amor,3030,r&b,48,0
The Break Up - Original Mix,Detroit Swindle,edm,48,0
Coconuts,Fouk,edm,48,1
Neutron Dance - Edit,Krystal Klear,edm,48,0
Don’t You Want My Love,Moodymann,edm,48,1
Achilipú,El Gran Combo De Puerto Rico,latin,48,0
Point of No Return,Exposé,latin,48,0
New York,Jake Isaac,pop,48,1
Hard,Noah Neiman,pop,48,0
Delirio,Nacho,latin,48,0
Hasta Morir,Caifanes,rock,48,1
Piedra,Caifanes,rock,48,0
Destroyer,Lala Lala,r&b,48,1
Lucky,Dehd,r&b,48,0
A Mí No Me Hables - Acústico,India Martinez,latin,48,1
Water Me Down,Vagabon,r&b,48,1
It's Good,Lil Wayne,rap,48,0
Cheapside Sloggers (feat. Gary Holt),Volbeat,rock,48,0
Roundabout - 2008 Remaster,Yes,rock,48,0
No Quiere Novio,Ñejo & Dalmata,latin,48,0
Sunny,Robert Falcon,edm,48,0
Look Into My Eyes,Brando,pop,48,0
Rise Up,Thomas Jack,latin,48,0
Gentle Waves on Rocks,Pinetree Way,latin,48,1
Understand This,ROËDS,latin,48,0
...Til the Cops Come Knockin',Maxwell,r&b,48,1
Shamania,Ekat Bork,edm,48,0
I've Fallen for You,Tom Redwood,pop,48,1
Cake,Salvatore Ganacci,edm,48,0
4AM,Ocean Wisdom,rap,48,0
Rock Candy,Montrose,rock,48,0
Holiday,Rockie Fresh,rap,48,0
Danger,The Flirts,latin,48,1
The Pleasure Principle,Janet Jackson,r&b,48,1
Lately,Tyrese,r&b,48,0
Ready for Love - 2015 Remaster,Bad Company,rock,48,1
I Won’t Complain,Benjamin Clementine,r&b,48,1
Oração,Linn da Quebrada,latin,48,1
Dreams Of You (feat. Rae Morris),Icarus,pop,48,0
Higher Love,State of Sound,latin,48,1
Presente - A COLORS SHOW,Liniker,latin,48,1
Oceans Away - Sam Feldt Remix,A R I Z O N A,latin,48,1
Do You Mean (feat. Ty Dolla $ign & bülow),The Chainsmokers,r&b,48,1
only one,Promoting Sounds,rap,48,1
Angel (Live),Lalah Hathaway,r&b,48,1
Flip The Beat,Bassjackers,edm,48,0
Zebra,John Butler Trio,rock,48,0
85/Billy Dee Interlude,Youngbloodz,rap,48,0
I'm a Mess - Ofenbach Remix,Bebe Rexha,edm,48,0
Close To You,Maxi Priest,r&b,48,0
Adrienne,The Calling,rock,48,0
Ride With The Devil,Mötley Crüe,rock,48,0
Floating,wuf,rap,48,1
Snitchfoot,Karavelo,rap,48,1
Wasted Years,Arvo to me,rap,48,1
Polarised,Cosmo's Midnight,rock,48,0
Take Care of You,Cherokee,rock,48,1
Naufrago,Majur,latin,48,1
The Nights - Felix Jaehn Remix,Avicii,pop,48,0
Was ist das?,Megaloh,rap,48,0
Prayers,MIKE,rap,48,0
Old Friend (MK Remix) [Edit],Elderbrook,edm,48,0
Lost & Found,The Midnight,pop,48,0
Easy,Lionel Richie,r&b,48,1
Reckless,JAXSON GAMBLE,rock,48,0
Far Away,Marsha Ambrosius,r&b,48,1
Vete,Biig Piig,r&b,48,1
Keep Ya Head Up,2Pac,rap,48,0
Find Our Way (feat. Chandler Blasé),Dirty Palm,edm,48,0
Palm Beach,Vicente Garcia,latin,48,1
Distraido - Original Mix,Rafa Barrios,edm,48,0
The Drums (Din Daa Daa),Claptone,edm,48,0
Be Sharp Say Nowt - Original Mix,Patrick Topping,edm,48,0
War,Jay Sean,latin,48,1
Missed Call,Hogland,latin,48,0
Camara Roll,Leebrian,rap,48,0
I See,Nicky Romero,edm,48,0
Cannabis,Cartel De Santa,rap,48,0
M-E-X-I-C-O,C-Kan,rap,48,0
Complicated,Nivea,r&b,48,1
Best For You,Lil Muk,edm,48,1
Just Got Paid - Single Version,Johnny Kemp,r&b,48,0
Stray Lines,Mishaal,edm,48,1
ARROGANT AMERiCAN FREESTYLE - REMIX,Riff Raff,rap,48,0
Floor Seats,Moxas,rap,48,1
Tu Pirata Soy Yo,Chayanne,latin,48,1
Bootie in Your Face - No Rock Drop,Deorro,edm,48,0
Human Touch,Betty Who,pop,48,0
C.U.B.A,Calvin Harris,edm,48,0
Saint-Tropez,Post Malone,rap,48,0
Keep It 100,Grandtheft,rap,48,0
ANTHEM,Connor Bvrns,pop,48,0
Goodbyes,Joachim Pastor,edm,48,1
The Weekend,David Puentez,edm,48,0
Better Off,Cory Marks,rock,48,0
About You,CCIITTYY,r&b,48,0
The People,KSHMR,edm,48,0
Por Ese Hombre,Los 4,r&b,48,0
Meu Olhar,WC no Beat,rap,48,1
Easy (LIke Sunday Morning),Charles Givings,r&b,48,1
Last Child,Aerosmith,rock,48,1
Try Me Out,Corona,pop,48,0
Black Betty,Caravan Palace,edm,48,0
Shine (Kygo Remix),Benjamin Francis Leftwich,pop,48,1
La Noche Se Presta,J Bas Y Santy,latin,48,0
Groove Me,Guy,r&b,48,1
Dancing With The Moonlit Knight - Remastered 2008,Genesis,rock,48,1
Electric Lady,Janelle Monáe,pop,48,0
Psycho,metr,edm,48,0
Captain Jack - Short Mix,Captain Jack,pop,48,0
No Sigue Modas Aka Ella No Sigue Modas,Don Omar,latin,48,0
Wave,Zen/it,edm,48,0
Eternamente Bella,Alejandra Guzman,latin,48,0
Wash My Hands,Kormac,edm,48,0
NO TRU$T,NUGAT,rap,48,0
GØR VED MIG (feat. Sivas),Carmon,rap,48,0
He's Back (The Man Behind The Mask),Alice Cooper,rock,48,1
Waves feat. Chris Brown & T.I - Robin Schulz Remix,Mr. Probz,edm,48,1
Bonita,Cabas,latin,48,1
Infinity,Infinity Ink,edm,48,1
striptease,carwash,pop,48,1
Transmission - 2010 Remaster,Joy Division,rock,48,0
Unloveable - 2011 Remaster,The Smiths,rock,48,1
Universe Inside Me,Liquid Soul,edm,48,0
I Like That,Janelle Monáe,pop,48,1
Do Me!,Bell Biv DeVoe,r&b,48,0
Sny z ulicy,Beteo,rap,48,1
Brighter Day,State of Sound,latin,48,0
Kinder Eyes (feat. Ryann),Ryan Riback,latin,48,0
Paradise - Tiësto Remix,Coldplay,edm,48,0
Helter Skelter,Rob Zombie,rock,48,0
No More (I Can't Stand It),Maxx,pop,48,0
Got to Get It,Culture Beat,pop,48,0
2PAC,BROCKHAMPTON,r&b,48,1
Fish (feat. Raekwon & Cappadonna),Ghostface Killah,rap,48,0
Visionz,Wu-Tang Clan,rap,48,0
The Riddle (Original Mix),Gigi D'Agostino,pop,48,0
Don't Let Me Down - Tropical House Mix,Zonoma,latin,48,0
Run to the Hills - 1998 Remaster,Iron Maiden,rock,48,0
Old Love / New Love,Twin Shadow,pop,48,0
Polish Girl,Neon Indian,pop,48,0
Crashing Down,TRFN,edm,48,0
BLACK EFFECT,The Carters,rap,48,0
All I Need,Lee Fields & The Expressions,r&b,48,0
Closer (Ode 2 U),Ravyn Lenae,r&b,48,1
Wavy (feat. Joe Moses),Ty Dolla $ign,rap,48,1
Head Over Heels,The Go-Go's,rock,48,0
Last Forever,Dye O,latin,48,0
Symphony (feat. Zara Larsson) - R3hab Remix,Clean Bandit,edm,48,0
Your Body's Callin',R. Kelly,r&b,48,1
Get to Know Ya,Maxwell,r&b,48,0
Crooked Teeth,Death Cab for Cutie,rock,48,0
No Eres Tú,Jesse Baez,rap,48,0
PAY ME BACK!,ILIRA,pop,48,0
Bankroll,Taz,rap,48,1
Back to Earth (feat. Fall Out Boy),Steve Aoki,edm,48,0
Bad Habits,The Federal Empire,pop,48,0
Rodeo,Juvenile,rap,48,0
One Girl / One Boy,!!!,pop,48,0
Bestia,Young Igi,rap,48,1
Senorita,Zita,latin,48,1
Young & Reckless,Jason Thurell,latin,48,0
Gasoline,Whiskey Myers,rock,48,0
Bang Bang 99,Dwin,edm,48,0
Odyssey (feat. Elz),Coops,r&b,48,1
Bonnie & Clyde,BLACHA,rap,48,1
Habits (Stay High) - The Chainsmokers Extended Mix,Tove Lo,pop,48,0
Up We Go,Lights,pop,48,1
Ain't I - main voc up,Yung L.A.,rap,48,0
State Of The Nation,Industry,rock,48,0
GOAT,Ari Lennox,r&b,48,0
Missing Me (feat. Jack Tyson-Charles),Lack Of Afro,r&b,48,0
Road Trip,chloe moriondo,pop,48,1
No Lie (feat. WizKid),GoldLink,r&b,48,1
Set You Free (feat. Kelly Price),Wale,r&b,48,0
Made For You,John De Sohn,edm,48,0
RAWSIDE,GRAVEDGR,edm,48,0
Menage A Trois - Ellipso Remix,LIZOT,edm,48,0
Stranger,Dijon,pop,48,0
Waiting for You,Iceleak,latin,48,0
Your Peace (feat. Lil Baby),Jacquees,r&b,48,0
supernova,prettyboyshav,pop,48,0
Me Marcharé (feat. Wisin),Los Cadillac's,latin,48,0
Ya No Me Duele Más - Remix,Silvestre Dangond,latin,48,0
Dame Un Besito (feat. Chino & Nacho),Fainal,latin,48,0
Único,Joey Montana,latin,48,0
Nada más que hablar,Chita,rap,48,1
(I'll Remember) In The Still Of The Night,The Five Satins,r&b,48,1
Don't,Zoë Kravitz,r&b,48,1
Golden,Parade of Lights,pop,48,0
Six Pack,Sophie Francis,edm,48,0
Beast,Nico Vega,rap,48,0
Ever After,dvine,latin,48,0
Vários Flash,mayklove,rap,48,1
Street Struck,Big L,rap,48,0
Top O' the Morning to Ya,House Of Pain,rap,48,0
Fé Pros Real,Kalli,rap,48,0
Cuddle Up,Catey Shaw,pop,48,0
Work It Out,Knox Hamilton,pop,48,0
#1 Stunna,Big Tymers,rap,48,0
In My Mind (Axwell Radio Edit),Ivan Gough & Feenixpawl feat. Georgi Kay,edm,48,0
Santa Maria,C-Kan,rap,48,1
Mi Buen Amor,Gloria Estefan,latin,48,1
PINK WITCH / LESSON,Night Lovell,rap,48,0
Hold On,Jarami,r&b,48,0
My 64 (feat. Bun B & Snoop Dogg),Mike Jones,rap,48,0
Birthright,Nora En Pure,latin,48,1
Osiris,Matstubs,rap,48,1
Me Despierto,Ecko,rap,48,0
Sunset Under Palms,Sole Sole,latin,48,0
The Sun,Meynberg,latin,48,1
Vengamavan,Hiphop Tamizha,rap,48,0
Head Games,Foreigner,rock,48,0
House Phone,Zookëper,edm,48,0
Miss You Like Hell,Nightly,pop,48,0
"Doo uap, doo uap, doo uap - Radio edit",Gabin,edm,48,0
"Work Hard, Play Hard",Wiz Khalifa,rap,48,0
I'm So Sick,Flyleaf,rock,48,0
Nacada Drive,Testiculo y Uno,rap,48,0
Culo Remix,Ivy Queen,latin,48,0
Será Porque Te Amo,El Combo Loco,latin,48,0
Never Had No One Ever - 2011 Remaster,The Smiths,rock,48,0
Jungli Sher,DIVINE,rap,48,0
Shake It Up,The Cars,rock,48,0
Electric Man,Rival Sons,rap,48,0
Armageddon It,Def Leppard,rock,48,0
Not Alone,Sick Individuals,edm,48,0
Pretty Girl - Remix,Dyablo,latin,48,0
Sometimes It Hurts,Dojo Cuts,r&b,48,1
Toca (feat. Timmy Trumpet & KSHMR),Carnage,edm,48,1
Lightning Strikes,Steve Aoki,edm,48,0
Wild Church,Kungs,latin,48,0
Manic Monday,The Bangles,pop,48,0
I Ain't No Joke,Eric B. & Rakim,rap,48,0
Ain't No Future In Yo' Frontin',MC Breed,rap,48,0
No Need To Argue,The Cranberries,rock,48,1
Cloud Forest,NLSN,edm,48,1
Serotonina,Simón Campusano,latin,48,1
Whisper so Loud - Roxy Tones Remix,nourii,latin,48,0
Feel It,Dualities,latin,48,0
Fallen (feat. Desiree Dawson) (WILLIAM BLACK Remix),ARMNHMR,edm,48,0
Rivers - Sam Feldt & De Hofnar Remix,Thomas Jack,latin,48,0
Regulate - Le Boeuf Remix,Warren G,latin,48,0
XO Tour Llif3,Brasstracks,r&b,48,0
Don't Worry Bout Me - Alle Farben Remix,Zara Larsson,pop,48,0
Same Song - Edit Version,Digital Underground,rap,48,0
Consuela,Belly,rap,48,0
Dolceamaro,Malgioglio,r&b,48,0
Casablanca,Equalz,latin,48,0
BUK,ValsBezig,latin,48,0
Skew It on the Bar-B,OutKast,rap,48,0
Heaven,Alex Adair,latin,48,0
The Voices,dreamEater,rap,48,0
Mercury,Fytch,rap,48,0
Shelter (Mix Cut) - Yoel Lewis Remix,Dash Berlin,pop,48,0
Love Will Keep Us Together,Captain & Tennille,rock,48,1
The Universe Is Yours (feat. Micah Martin),ARMNHMR,edm,48,0
The Message (feat. Melle Mel & Duke Bootee),Grandmaster Flash & The Furious Five,rap,48,1
Pimp Of The Year,Dru Down,rap,48,0
Tonight and Every Night,Robin Schulz,latin,48,1
Kingdom Of Rust,Doves,rock,48,1
The Sweetest Sin,RÆVE,latin,48,0
Sun Don't Shine,Klangkarussell,latin,48,1
Danger Days,Yellow Claw,rap,48,0
Back,Rickyxsan,rap,48,0
Shy Guy,Campsite Dream,pop,48,1
Journey - Radio Mix,BUNT.,latin,48,1
Las Horas,Young L3x,latin,48,1
Fin de Semana,Kaline,latin,48,0
Animal,THE TRASH MERMAIDS,rock,48,0
Dreams,Campsite Dream,latin,48,0
Ridiculous Thoughts,The Cranberries,rock,48,0
Cha La Head Chala,Super3,rock,48,0
Just You and I - R3HAB Remix,Tom Walker,edm,48,0
Novocaine,Twin Atlantic,rock,48,0
All The Way (Stay),Jimmy Eat World,rock,48,0
Pressure,Seth Hills,edm,48,0
Sound Of The Underground,Zeds Dead,edm,48,0
First Day Out,Tee Grizzley,rap,48,0
Yo Soy De Aqui,Don Omar,latin,48,0
Old Man,Andrelli,latin,48,1
Now,Miguel,r&b,48,1
U-turn (Lili),AaRON,rock,48,1
Po' Folks (feat. Anthony Hamilton),Nappy Roots,rap,48,0
LIKE I WOULD,ZAYN,edm,48,0
Get to You Again,Mac Ayres,r&b,48,1
Trial By Fire,Saul,rock,48,0
Battle Drums,Kayzo,rock,48,0
In the Morning (feat. Syd & Thundercat),Mac Miller,r&b,48,0
Disguise,A.M. SNiPER,r&b,48,0
Used To Love Her,Guns N' Roses,rock,48,0
Can't Bring Me Down,Quintino,edm,48,0
Hol'mir dein Cousin,Zuna,rap,48,0
Blow Away - 2004 Mix,George Harrison,rock,48,1
In da Wind,Trick Daddy,rap,48,0
Yugo Desigual,Indiomar,latin,48,0
Say My Name,Digital Farm Animals,edm,48,0
GLOW,CORSAK,edm,48,1
They Know (Dey Know),Shawty Lo,rap,48,0
Any Day Now,Ronnie Milsap,rock,48,1
Woman To Woman,Shirley Brown,rap,48,1
Lagoon,Laura Misch,pop,48,1
El Rincón,Juan Pablo Vega,latin,48,1
Waking up Alive,LIZOT,edm,48,0
Out of My Head,Kaan Pars,edm,48,1
Forever Love,YOUNGJAE,pop,48,0
Phantom,Jessie Paege,pop,48,0
Hawaii Five-O,The Ventures,rock,48,0
No Siento Nada,Miky Woodz,latin,48,0
Bae City Rollaz,Yung Bae,r&b,48,0
Todo Cambio,Becky G,latin,48,0
Sin Tu Amor,Musiko,latin,48,0
Cumbia Sobre el Mar - El Búho Remix,Quantic,latin,48,0
Fishaman (feat. Elkin Robinson),Juan Pablo Vega,latin,48,0
9と4分の3番線で君を待つ (Run Away) - Japanese Ver.,TOMORROW X TOGETHER,pop,48,0
Enough (with Shoffy),KREAM,edm,48,0
Fallin' (feat. Twan Ray),Lulleaux,edm,48,0
Lost At Sea,Dante Klein,edm,48,0
Auf einmal sind alle korrekt (feat. Bonez MC),18 Karat,rap,48,0
Verkauft,RAF Camora,rap,48,1
You,WildVibes,edm,48,0
God Level (La Batalla de los Dioses),Omega El CTM,latin,48,0
Tequila (Tequila Sunrise) - Spanish Edit,Cypress Hill,latin,48,1
Where Do We Go,Solange,r&b,48,1
Another Again,John Legend,r&b,48,0
Mas de Mi,Tony Succar,latin,48,0
Have Mercy,Eryn Allen Kane,r&b,48,1
I Can't Make You Love Me,Jake Isaac,r&b,48,1
AVA,Garmiani,edm,48,0
ResuRection - Maurice West Remix,Planet Perfecto Knights,edm,48,1
Answer is near,ONE OK ROCK,rock,48,0
Halle Berry (She's Fine),Hurricane Chris,rap,48,0
Bésame,Gian Varela,latin,48,1
Reset,LAGOS,latin,48,0
Somos Panas,Dejota2021,latin,48,1
Bassline,Julian Jordan,edm,48,0
Bombai,Dyro,edm,48,0
Leaving,Blinders,edm,48,0
Making Plans For Nigel,Nouvelle Vague,latin,48,1
Get It Together,India.Arie,r&b,48,1
Be Mine Tonight,Th' Dudes,rock,48,0
La Ola,Marco Mares,latin,48,1
Lucía,Andrés Calamaro,latin,48,1
California,Delinquent Habits,latin,48,0
Roca N' Ron,Doble Porcion,latin,48,1
White Girl,U.S.D.A.,rap,48,0
Heart Made Up On You,R5,pop,48,0
Hotel Room,Lauren Sanderson,pop,48,0
Spicy - Majestic Remix,Herve Pagez,pop,48,0
Addicted,Alex Parker,latin,48,0
This World Is Sick,IC3PEAK,rap,48,0
The Sacred,$uicideBoy$,rap,48,0
Jolene,DROP,latin,48,1
Enamorado De Ti,Arcangel,latin,48,0
Pressure - Valentino Khan Remix,RL Grime,edm,48,0
Save You,Ray Rockman,rap,48,1
97,Bertholet,rap,48,1
Not the Same,twuan,rap,48,1
Emotion,Hazey Eyes,pop,48,1
smize,Meiji,rap,48,1
Caffè,Tears,rap,48,1
Blinded,Deep Chills,latin,48,1
Isla para dos,Nano Cabrera,latin,48,0
Got 2 Luv U,Sean Paul,latin,47,0
High Up,Arizona Zervas,rap,47,0
By My Side,Julian Era,latin,47,0
Fool Myself (feat. Welms),Lü,latin,47,1
Lucky One (feat. ILY),Tom Ferry,latin,47,0
Look Away - Steve Void Remix,Stephen Puth,latin,47,0
Wild Frontier - Remastered 2002,Gary Moore,rock,47,0
Amanece,Caifanes,rock,47,0
The World Is Mine,Samm Henshaw,r&b,47,0
Burn Break Crash,Aanysa,edm,47,0
Iceland,Petit Biscuit,edm,47,0
Smooth Criminal - Radio Edit,Michael Jackson,rock,47,0
Tender Kisses,Tracie Spencer,r&b,47,1
Alright,Ledisi,r&b,47,1
Ha,Juvenile,rap,47,0
Sweet Love,Junko Ohashi,r&b,47,0
There For You - Madison Mars Remix,Martin Garrix,edm,47,0
Breathing Underwater,Hiatus Kaiyote,r&b,47,1
Starchild,Ummet Ozcan,edm,47,0
Long Time,Blondie,rock,47,0
"Gone Baby, Don't Be Long",Erykah Badu,r&b,47,0
De Pe a Pa,Granuja,latin,47,0
Sueños - Remaster 2004,Tiro De Gracia,latin,47,0
Bling Bling,B.G.,rap,47,0
Real Big,Mannie Fresh,rap,47,0
Another One,Kim Petras,pop,47,1
Green-Eyed Lady,Sugarloaf,rock,47,1
Te Lo Quiero Hacer (feat. De La Ghetto),KAROL G,latin,47,0
Dragostea Din Tei - Romanian Version,O-Zone,pop,47,0
FUCK IT UP,Hearts & Colors,pop,47,1
Fell In Love With A Boy,Joss Stone,r&b,47,0
Go,Uplink,rap,47,0
Drifting,TWO LANES,rap,47,0
After Laughter (Comes Tears),Wendy Rene,rap,47,1
Seaside Rendezvous - Remastered 2011,Queen,rock,47,0
Das Leben ist so,Capital Bra,rap,47,0
Paff Paff weiter 2,Capital Bra,rap,47,0
Higher Ground (Acoustic),SKAAR,r&b,47,1
Lento,Nio Garcia,rap,47,0
Tú Con Él,Frankie Ruiz,latin,47,1
Show Me Love,Above & Beyond,edm,47,0
Día y Noche,Liricistas,latin,47,1
The Bottom (feat. Kellin Quinn),YULTRON,rap,47,0
Say It Now,Coopex,rap,47,0
What You Promised,Fairlane,rap,47,0
Hoops - Acoustic,JONES,r&b,47,1
Decision (feat. Tyler Carter),ONE OK ROCK,rock,47,0
El Peor,Chyno Miranda,latin,47,0
From Out of Nowhere,Electric Light Orchestra,rock,47,1
Fantasy Girl,Johnny O.,latin,47,1
No Sé Decirte No,Marco Mares,latin,47,1
Voices In My Head,NIVIRO,edm,47,0
I'm In Love With My Car - Remastered 2011,Queen,rock,47,0
Waves,Joey Bada$$,r&b,47,0
Whip Appeal - 12-inch Version,Babyface,r&b,47,1
Crippled Inside - Remastered 2010,John Lennon,rock,47,0
Seasons,Shaggy,latin,47,0
I'm a King,P$C,rap,47,1
Ya No Te Quiero,Luz Pinos,latin,47,1
Ola Adiós,Vacación,latin,47,1
Can't Stop Dancin' - J Balvin Remix,Becky G,latin,47,0
Oh Lori,Alessi Brothers,rock,47,1
Home,Tom Misch,pop,47,1
The Melody,NWYR,edm,47,0
Agua Salada,Los Rumberos,latin,47,0
Temes,iLe,latin,47,1
stop and stare,joan,pop,47,0
Shaolin Monk Motherfunk,Hiatus Kaiyote,r&b,47,1
Misery Business - Acoustic Version,Paramore,latin,47,1
Small,chloe moriondo,pop,47,1
In A Dream - Original Mix,Rockell,latin,47,0
Coming Back Again,Kings of Leon,rock,47,0
Future Noise,KAAZE,edm,47,0
Ahora,Zanto,rap,47,0
Flexscheibe,AK Ausserkontrolle,rap,47,0
"Me, Myself & I - Marc Stout & Scott Svejda Remix",G-Eazy,edm,47,0
Cock the Hammer,Cypress Hill,rap,47,1
Four to the Floor,Starsailor,rock,47,0
Best Friend,Ady Suleiman,r&b,47,1
Trumpsta - Djuro Remix,Contiez,edm,47,0
Off on Your Own (Girl),Al B. Sure!,r&b,47,1
Almost Mine - Radio Edit,Wankelmut,latin,47,0
Brand New,Taylor Gang,rap,47,0
Malandro,TREN LOKOTE,rap,47,0
PPP,Beach House,pop,47,1
Black Leather,Guns N' Roses,rock,47,0
Ironic - Acoustic,Alanis Morissette,latin,47,1
Hands In The Air,8Ball,rap,47,0
Eres,Un Corazón,latin,47,0
"Cornbread, Fish & Collard Greens",Anthony Hamilton,r&b,47,1
Killa,Kaan Pars,edm,47,1
Drive,TRFN,edm,47,0
Free To Decide,The Cranberries,rock,47,0
All on Me,Olivia King,edm,47,0
Anghel,Stonefree,rock,47,0
Hurt My Heart,White Lies,rock,47,0
She Said,Sundara Karma,pop,47,0
Mr. Romantic,Mike Stanley,latin,47,0
Casey Jones - 2001 Remaster,Grateful Dead,rock,47,1
Ella Ella,Don Omar,latin,47,0
Walk In The Spot,Matroda,edm,47,0
Throw Some D's Remix,Rich Boy,rap,47,0
Better Than This,KAAZE,edm,47,0
Yokubou ni michita seinendan,ONE OK ROCK,rock,47,0
I Bet My Life - Alex Adair Remix,Imagine Dragons,latin,47,1
Castles,LEVR,rap,47,0
Milly Rock,2milly,rap,47,1
You And Me,The Cranberries,rock,47,0
No Llegare (Remix del Remix),Neto Peña,rap,47,0
Klsp,Sponge Cola,rock,47,0
Evil,Interpol,rock,47,0
No One,Biometrix,rap,47,0
Say Something,Lucas & Steve,edm,47,0
"Mush, Mush (2019 Reboot)",Bassjackers,edm,47,0
P.O.V.,dvsn,r&b,47,1
Happy When It Rains,The Jesus and Mary Chain,rock,47,0
La Venganza,J Balvin,latin,47,0
Hurts Like Hell,Evernone,rap,47,0
lift me from the ground - Jaron Remix,San Holo,rap,47,0
Feelings (feat. H.E.R.),Deante' Hitchcock,r&b,47,0
On my shoulders,The Dø,rock,47,0
She Loves Me Not,Tohaj,r&b,47,1
She Said,Hablot Brown,r&b,47,1
Boy Oh Boy,Möwe,latin,47,0
Moment,Sander W.,latin,47,0
I Don't Know,Ericé,pop,47,0
Frankie Sinatra,The Avalanches,r&b,47,0
Exhale,EBEN,rap,47,0
Get Low,Fabian Mazur,rap,47,0
Rose Red Violent Blue (This Song Is Dumb & so Am I),Stone Sour,rock,47,0
Supersonic,J.J. Fad,rap,47,1
Coronando,Madiel Lara,latin,47,0
Tizora,Broederliefde,latin,47,0
Show Me Love,Max Lean,latin,47,0
The Way,CARSTN,latin,47,1
Sacrifice,Hex Cougar,rap,47,0
Would I Lie to You? - Remastered Version,Eurythmics,rock,47,0
Leave It,UZ,rap,47,0
Kickin Back Being Blue,Mr. Criminal,latin,47,0
Don’t Stop (feat. RayRay),Curbi,edm,47,0
Your Prime,Anderson .Paak,r&b,47,0
Save You,Richard Durand,edm,47,0
I'm Bad,LL Cool J,rap,47,1
Vica Versa,Pastor Troy,rap,47,0
Shopping Spree,Equalz,latin,47,0
Poison,Coopex,rap,47,1
Back to You,TWO LANES,rap,47,0
Kidnap Me,CRUISR,pop,47,0
Don't Judge Me,Janelle Monáe,r&b,47,1
Tijdmachine - Edit,Dio,rap,47,0
Musica che resta,Il Volo,r&b,47,0
Ci siamo capiti male,Biagio Antonacci,r&b,47,0
Nothing To Hide,Boombox Cartel,edm,47,0
3 Foot Tall,Classified,pop,47,0
Que Sera,Jasmine Ortiz,latin,47,1
La Locura Automática,La Secta AllStar,latin,47,0
Wonderwall (feat. Emelie Cyréus),Chad Cooper,edm,47,0
TTYLXOX,Bella Thorne,pop,47,0
Everytime,Toby Green,edm,47,0
Be Here,Raphael Saadiq,r&b,47,0
Guess Who Loves You More,Raheem DeVaughn,r&b,47,1
Make Believe,TOTO,rock,47,1
Psychic City - Classixx Remix,YACHT,pop,47,0
Muthaf**ka Up,Tyga,edm,47,0
Getaway,Tritonal,edm,47,0
She Said,Michael Moawad,edm,47,1
Home We'll Go (Take My Hand),Steve Aoki,edm,47,0
PAIN,Night Lovell,rap,47,1
We Start Fires,Little Giants,latin,47,0
Illuminate,AINT,latin,47,0
Unbelievable,Andrew Roman,pop,47,1
What Lana Says,Proleter,edm,47,1
The Future Never Dies,Scorpions,rock,47,0
AMOR,Jonna Fraser,latin,47,0
Shot,Wave Wave,latin,47,1
Ocarina (The TomorrowWorld Anthem) (feat. Wolfpack) - Instrumental Mix,Dimitri Vegas & Like Mike,edm,47,0
B.L.O.W.,Tory Lanez,r&b,47,0
Voodoo Song - Radio Edit,Willy William,pop,47,0
I Gotsta Get Paid,ZZ Top,rap,47,0
Toma,Neutro Shorty,rap,47,0
Валим,Nurminsky,rap,47,0
Sucker,Lone Tusker,latin,47,1
Afro Puffs,The Lady Of Rage,rap,47,0
Lose Control,Wax Motif,edm,47,0
Can't Stay Away from You,Gloria Estefan,latin,47,1
Wild Horses,Old & In The Way,r&b,47,1
Bitch Betta Have My Money,Tyga,rap,47,0
I Need A Hot Girl,Hot Boys,rap,47,0
No Tengo Dinero,A.B. Quintanilla III Y Los Kumbia Kings,latin,47,0
De Donde Vengo,West Gold,rap,47,1
Can't Fear The Night,Momo Soundz,edm,47,0
Bloodline,Northlane,rock,47,0
Alone,Of Virtue,rock,47,0
Chemical,The Devil Wears Prada,rock,47,0
Si No Te Quiere (feat. D.OZi),Ozuna,latin,47,0
Who's Lovin' You,Michael Bublé,r&b,47,1
(If Loving You Is Wrong) I Don't Want to Be Right,Luther Ingram,r&b,47,1
Happy With Me,HOLYCHILD,pop,47,0
Ауфф,Nurminsky,rap,47,0
Love No Limit,Mary J. Blige,r&b,47,0
You Remind Me,Mary J. Blige,r&b,47,0
Passinho do Rá,Dennis DJ,edm,47,0
Forget Me Nots,Saxity,latin,47,0
Liar,ROËDS,latin,47,1
Watch Out Now,The Beatnuts,rap,47,0
Cmnd,Dust Collectors,rap,47,1
Nenjinile Rebirth,Chris G.,rap,47,0
Oznaka Mężczyzn,Young Igi,rap,47,0
Set You Free,Fella,edm,47,0
Cúcara Mácara,DAAZ,rap,47,0
Cinnamon Girl - Radio Edit,[dunkelbunt],edm,47,0
Feeling Electric,Parade of Lights,pop,47,0
Stupid Girl,Garbage,rock,47,0
Anything,JAY-Z,rap,47,0
Lemonade,Gucci Mane,rap,47,1
The Wave (feat. Harrison),VINAI,edm,47,0
Sirens,Fleurie,pop,47,1
Wasted On You,Louis Futon,pop,47,0
Rock Me Amadeus - The Gold Mix,Falco,pop,47,0
"Pretty Bitches In The Trap (Extended Remix) (feat. Gucci Mane, Tokyo Jetz & Trouble)",Summerella,r&b,47,0
Fake,RedHook,rock,47,0
In Too Deep - 2007 Remaster,Genesis,rock,47,1
Let Me Hold You,Bow Wow,r&b,47,0
Outside (feat. Jaime Deraz),David Hopperman,edm,47,0
Somebody I'm Not,Davai,pop,47,1
"Worldwide (feat. Curtis Heron, Night Lovell, Fifty Grand & Dylan Brady)",MISOGI,rap,47,1
Microphone Fiend,Eric B. & Rakim,rap,47,0
The Best Crew,Tep No,latin,47,0
Sweet Dreams (Are Made of This),Kaan Pars,edm,47,1
Canción Animal - Remasterizado 2007,Soda Stereo,rock,47,0
Winter In Lofi Land,Katashi Kaitō,rap,47,0
Horsey (feat. Sarah Bonito),Macross 82-99,r&b,47,0
Fly,Lucky Daye,r&b,47,0
Bailando - Official Salsa Version,Issac Delgado,r&b,47,0
Cuba No Se Fue de Mí,Orishas,r&b,47,0
Waake,Gurnam Bhullar,rap,47,0
Change Of Coast,Neon Indian,pop,47,0
You Won’t Answer My Phone Calls but I Bet You’ll Listen to This Song so I Guess This Is the Only Way to Talk to You,Adam Jensen,rock,47,1
Watching You,Alvaro,latin,47,0
Why Don't You,Gramophonedzie,edm,47,0
"i hate u, i love u (feat. olivia o'brien) - Deepend Remix",gnash,edm,47,1
Like A Fool (Back To You),Mabryx,edm,47,0
Loud,Dubio,edm,47,0
Ain't 2 Proud 2 Beg,TLC,r&b,47,0
Walk Away,STVCKS,latin,47,0
Dilemma,Jemme,latin,47,1
Somebody Like Me (feat. ORKID),State of Sound,latin,47,0
Not a Goodbye,Alex Parker,latin,47,0
You Might Find Me,Jacob Banks,r&b,47,1
Paloma Negra,Chavela Vargas,r&b,47,1
Lookin' at Me (feat. Puff Daddy),Mase,rap,47,0
I Don't Ever Want to See You Again,Uncle Sam,r&b,47,1
Same Ol' G,Ginuwine,r&b,47,1
Bad Man,Blues Saraceno,rap,47,0
Qué hay más allá,María Parrado,pop,47,1
Boombox,Laura Marano,pop,47,0
Magic,Selena Gomez,pop,47,0
Timmy's Prayer,Sampha,r&b,47,1
Calling All the Monsters,China Anne McClain,pop,47,0
Somewhere New (feat. M-22) - Radio Edit,Klingande,edm,47,0
Easy Go,Grandtheft,edm,47,0
Lo-Fi Children,Wild Party,pop,47,0
Nas Alturas,UCLÃ,rap,47,0
Loco Loco (feat. Kelvis Ochoa & Gilberto Santa Rosa),Gente De Zona,r&b,47,0
Kernkraft 400,Zombie Nation,pop,47,1
Nessaja,Scooter,pop,47,0
Sueños,Diego Torres,latin,47,0
Kill the Lights,Righteous Vendetta,rock,47,0
Bigfoot - Original Mix,W&W,edm,47,0
Tonight - VIZE Remix,Milk for Two,edm,47,0
The Stars Are Mine,Chocolate Puma,edm,47,0
Ozone,New Politics,rock,47,0
Eso En 4 No Se Ve (feat. Nejo Y Dalmata & Luigi 21 Plus),J Alvarez,latin,47,1
La Pregunta Remix (feat. Tito El Bambino & Daddy Yankee),J Alvarez,latin,47,0
My Life (feat. YK Osiris),Jae Mansa,edm,47,0
Gabby,The Internet,pop,47,0
Last Night,Az Yet,r&b,47,1
"Karn Evil 9 1st Impression, Pt. 2 - 2014 Remastered Version","Emerson, Lake & Palmer",rock,47,0
Superhéroe,Alexis y Fido,latin,47,0
Sit Back (feat. Truthos Mufasa & Black Josh),The Mouse Outfit,r&b,47,1
And I Love Him,Esther Phillips,r&b,47,1
Murder Man,Pastor Troy,rap,47,0
UP-14,Raga,rap,47,1
Light - Deep Mix,Jerome,edm,47,0
Baby,Brandy,r&b,47,0
ATTITUDE,PayAttention,latin,47,0
Gas Drawls,MF DOOM,rap,47,0
Criminology,Raekwon,rap,47,0
Just Between You And Me,April Wine,rock,47,1
Samurai,Vanic,pop,47,0
Ain't No Saint,Peg Parnevik,pop,47,0
Todo a Pulmon,Miguel Rios,rock,47,1
Overdose,Phi11a,edm,47,0
Don't Look Back,PREP,pop,47,1
Dancing In The Dark (feat. Christof Jeppsson),Strobe!,latin,47,0
Tantas Veces,Aleman,rap,47,0
Fried for the Night,TOKiMONSTA,edm,47,0
Mellow,Showtek,edm,47,0
Præg På Kortet,DON x LEE x BARBER,rap,47,0
Get Get Down - Radio Edit,Paul Johnson,edm,47,0
You And I - Deadmau5 Remix,Medina,edm,47,0
Spite (Dusk Edit),Morgin Madison,edm,47,0
Nas Interlude (Skit),DIVINE,rap,47,0
sunday,Smeyeul.,rap,47,1
Crises,organic_kid,rap,47,1
Rest Easy,Cozy Collective,rap,47,1
Loss,Chris Keys,rap,47,1
Noairleft,Lostiu.,rap,47,1
Recollections,jrd.,rap,47,1
Backyard,Kota the Friend,rap,47,0
Dark Red,Steve Lacy,r&b,47,0
Collide (feat. Rosi Golan),Vicetone,edm,47,0
Bunker,Dave Knud,edm,47,1
Miami 2 Ibiza - Swedish House Mafia vs. Tinie Tempah,Swedish House Mafia,edm,47,0
The Rubberband Man,The Spinners,r&b,47,1
"Like Father, Like Son",Struggle Jennings,rap,47,0
Let You Know - Nathan C Remix,Flume,edm,47,0
Emotional,Carl Thomas,r&b,47,1
Píntame,Gabriel,latin,47,0
Santa Muerte,Cartel De Santa,rap,47,0
Are You Lonely (feat. ISÁK),Steve Aoki,pop,47,0
Cleva,Erykah Badu,r&b,47,1
Under Water,Max M,edm,47,1
Blue,Dolo Tonight,rap,47,1
Será Que Eu Posso...,CortesiaDaCasa,r&b,47,0
Pirata,Samantha Machado,r&b,47,1
Só pra Relaxar,1Kilo,r&b,47,0
Good Life,The Young Escape,pop,47,0
Everytime We Touch (with Steve Angello & Sebastian Ingrosso),David Guetta,edm,47,1
Evitar,Pelé MilFlows,r&b,47,1
Se Essa Mina,San Joe,r&b,47,0
Alive,Madden,pop,47,0
Foda Que Ela É Linda,3030,r&b,47,0
Paris,MXMS,edm,47,1
Free Free Free,Pitbull,latin,47,0
Pillars of Creation,BluntOne,rap,47,1
Dead Ringer for Love (with Cher),Meat Loaf,rock,47,0
Stupid In Love,Rihanna,latin,47,1
Go to Sleep Little Baby,Niykee Heaton,pop,47,1
Partly Sunny,Joey Pecoraro,latin,47,1
Closer - T-Mass Remix,The Chainsmokers,rap,47,0
I'll Go,Donell Jones,r&b,47,0
Cara Mia (feat. Sivas & KESI),Stepz,rap,47,0
G.F.P.,Marco Rahim,rap,47,0
I Need You To Try,FIXL,edm,47,0
A Braba,Lord ADL,r&b,47,1
747,Bill Callahan,r&b,47,1
Yard,Toddla T,rap,47,0
New Girl Now,Honeymoon Suite,rock,47,0
Você Me Vira a Cabeça,Urias,latin,47,1
our little pond,mommy,rap,47,1
Reminisce,Howiewonder,rap,47,1
1412,Afluen,rap,47,1
aural sex,less.people,rap,47,1
The Road,Flynn,rap,47,1
Village,Wun Two,rap,47,1
Feeling Good,Vintage Culture,edm,47,1
Coming Back,Closed Doors,latin,47,0
El Mariachi,Bassjackers,edm,47,0
Sinner,24hrs,rap,47,0
BREAKDANCE LESSON N.1,KAYTRANADA,r&b,47,0
Good Day To Die,Godsmack,rock,47,0
Burn (feat. Big Sean),Meek Mill,rap,47,0
Bloodbuzz Ohio,The National,pop,47,0
Ridin' the Storm Out,REO Speedwagon,rock,47,0
No Quiere Novio,Ñejo,latin,47,1
Mother - 8 Mix,Smallpools,pop,47,0
IZMIR,Ummet Ozcan,edm,47,0
One Woman Man,Dave Hollister,r&b,47,0
BMW Alpina,Capital Bra,rap,47,0
Magalenha (feat. Sergio Mendes),Simon Fava,latin,47,0
Make Believe,Quintino,edm,47,0
Loverman - 2011 Remastered Version,Nick Cave & The Bad Seeds,rock,47,0
Bad Boy Ken (feat. Siri),Badpojken,edm,47,0
Love Me,Lil Tecca,rap,47,1
Contigo Quiero Estar,Mark Cast,latin,47,0
Só Nós Dois (Rasta Beats Jam III),1Kilo,r&b,47,1
Just Say It out Loud,Gamma Skies,pop,47,1
U DO U,Yung Scuff,pop,47,1
Don't Miss Me? - UNKLFNKL Remix,Marianas Trench,pop,47,0
No Rest for the Wicked - Robin Schulz Remix Edit,Lykke Li,pop,47,0
Melanin,Sauti Sol,latin,47,0
Aftershock (feat. Jacquie),Cash Cash,edm,47,0
The Sign,R.I.O.,edm,47,0
Falling,LYRA,r&b,47,1
Решето,Andery Toronto,rap,47,0
Ya Agmal Eyoun (Remix),Amr Diab,latin,47,0
Did It Again,Lil Tecca,rap,47,1
Don't Ask,Aeris Roves,r&b,47,1
United We Dance - Vicetone Edit,Vicetone,edm,47,0
Wine & Chocolates - andhim Remix Radio Version,Theophilus London,edm,47,0
Yo Soy Su Vida,Gloria Trevi,latin,47,0
Say My Name (feat. Zyra) - RAC Mix,ODESZA,pop,47,0
Texas Flood,Stevie Ray Vaughan,rock,47,1
Flava,Manny,rap,47,1
Chunky - Club Mix,Format:B,edm,47,0
Your Everything (Camero Edit),Foxa,latin,47,1
Looking At Me,Skytech,edm,47,0
Wild Love - Jonas Blue Remix,James Bay,edm,47,0
Move You,Kelly Clarkson,r&b,47,0
Temper Temper,Bullet For My Valentine,rock,47,0
Take the Bullets Away (feat. Lacey Sturm),We As Human,rock,47,0
Holdin on All Day,Jeriqo,rap,47,0
Give It to Me,Yellow Claw,edm,47,0
Rhiannon - 2017 Remaster,Fleetwood Mac,rock,47,1
Savage Mode,KAZZANOVA,edm,47,0
Invincible (feat. Ruby Prophet) - Radio Edit,Firebeatz,edm,47,0
Limitless,Bassjackers,edm,47,0
Get into the Party Life,LION BABE,r&b,47,0
Futureland,Sonic Mayhem,pop,47,1
Still,Geto Boys,rap,47,0
Faintly,Shrimpnose,rap,47,1
Without You - Otto Knows Remix,Avicii,edm,47,0
Ah Yeah,Robert Glasper Experiment,r&b,47,1
Gucci Mane,D-Block Europe,r&b,47,0
Time After Time,Lil Baby,r&b,47,1
Niño,Belanova,pop,47,0
Let's Wait Awhile,Janet Jackson,r&b,47,1
Ain't Nothing Like It,KLYMVX,latin,47,0
Remember,Magnificence,edm,47,0
Sabotaje,Karlos Rosé,latin,47,1
Red Tide,xJK.,rap,47,1
Out West,Sumwun,rap,47,1
Winter Walks,Lungfulls,rap,47,1
blxt,asbeluxt,rap,47,1
Flip It,Curbi,edm,47,0
Booyah - Radio Edit,Showtek,edm,47,0
In The Air Tonight,Panski,latin,47,0
Wasted,Tiësto,edm,47,0
Dos Palgas,Jowell & Randy,latin,46,0
Waterfalls,Roger Martin,latin,46,0
Earthquake (feat. Bok Nero) - Luca Lush Remix,QUIX,edm,46,0
Rumble And Sway,Jamie N Commons,rock,46,0
Blackout,Blasterjaxx,edm,46,0
Retrograde,Hardwell,edm,46,0
Go Deep,Janet Jackson,r&b,46,0
Wicked Game,EC Twins,latin,46,0
Mo Fire,Lil Wayne,rap,46,0
Very,Bertholet,rap,46,1
Raise Your Hands,Ummet Ozcan,edm,46,0
OPTIMISTIC,X Ambassadors,pop,46,0
Complicated (feat. Kiiara) - Brennan Heart Remix,Dimitri Vegas & Like Mike,edm,46,0
You're The Reason Why,Aaron Taylor,r&b,46,1
Strangers - Jonas Blue Remix,Sigrid,edm,46,0
I Miss You (feat. Julia Michaels) - Cahill Remix,Clean Bandit,edm,46,0
Panic Room - Club Mix,Au/Ra,edm,46,0
Something Better,Minke,pop,46,1
I Like,Kut Klose,r&b,46,1
Cryin',Vixen,rock,46,1
Where Are You Now,Stadiumx,edm,46,0
NEW WIP - Chris Lorenzo Remix,Boombox Cartel,edm,46,0
Hainan Paradise,SINY,latin,46,1
Yessirr,Tory Lanez,r&b,46,1
Hole in the Earth,AWAY,edm,46,0
Ojos Que No Ven,Kexxy Pardo,latin,46,0
Money on Your Mind,Lucian,rap,46,1
Heard It in a Love Song,The Marshall Tucker Band,rock,46,0
Filamén,Balti,latin,46,1
"Merry Christmas, Baby - Remastered",Charles Brown,r&b,46,1
One,Cleo Sol,r&b,46,0
Wngs,NxWorries,r&b,46,0
Perfect - Mike Perry Remix,Ed Sheeran,edm,46,0
14 Til,Anti-Lilly & Phoniks,r&b,46,0
lay up,Bonnaz,rap,46,1
Good Girls,Joe,r&b,46,0
Shook Ones - Freestyle,Mobb Deep,rap,46,0
Forever,Jacquie,pop,46,1
Too Much Information - Laolu Remix (Edit),Dele Sosimi Afrobeat Orchestra,edm,46,0
Can't You See,Rick Wade,edm,46,0
Shoot to Thrill,Halestorm,rock,46,0
BURIED,27CLUB,rap,46,1
Mami Cosa,Hassan El Shafei,latin,46,0
Дыхание улиц,Gamora,rap,46,1
"Оп, мусорок",Litvinenko,rap,46,0
"Cross the Path (feat. Swizz Beatz, A.CHAL & Jidenna)",Godfather of Harlem,r&b,46,0
Enemies (feat. DaBaby),Post Malone,r&b,46,0
melancholyism.,Super Whatevr,pop,46,0
Lookout Weekend,Debbie Deb,latin,46,0
SureÑos,TREN LOKOTE,rap,46,0
Top of the World - Erlandsson Remix,Vide,latin,46,1
Don't Waste My Time,Kharfi,pop,46,0
Con el Corazon,Cartel De Santa,rap,46,0
goodbye,updog,pop,46,0
Tell You,Lil Loski,rap,46,0
Capsize - Dzeko & Torres,FRENSHIP,edm,46,0
What I've done - Feast. Remix,James Hersey,pop,46,1
Can You Feel It,Tiësto,edm,46,0
Faith (with Dolly Parton) [feat. Mr. Probz] - Jewelz & Sparks Remix,Galantis,edm,46,0
Ella - Remix,Pitizion,latin,46,0
Gringo,Parov Stelar,edm,46,0
Hot Child In The City - (Pre-Order Exclusive),Nick Gilder,rock,46,0
Rock the Boat,Hues Corporation,rock,46,0
Rise - TV Noise Ibiza Mix,Jonas Blue,edm,46,0
Voices From The Dawn,Adriatique,edm,46,0
El Final,J Alvarez,rap,46,0
Perros,Cartel De Santa,rap,46,0
Not Gon' Cry,Mary J. Blige,r&b,46,1
De Noche Todos los Gatos Son Pardos,Caifanes,rock,46,1
Dopamine,Franc Moody,edm,46,0
I Wanna Be the One,Stevie B,latin,46,0
Catch Me (I'm Falling),Pretty Poison,latin,46,0
Asesino de Acesinos,Cartel De Santa,rap,46,0
La Llamada,Cartel De Santa,rap,46,0
20ver,Majur,latin,46,0
Alone with You,Tevin Campbell,r&b,46,1
Compañera (Acústico),Nahuel Pennisi,latin,46,1
Don't Call Me Up - Burak Yeter Remix,Mabel,edm,46,0
Adelanto,Chris Wandell,rap,46,1
Money Diamonds Roses,Lolo Zouaï,edm,46,1
Jimmy Neutron,ABG Neal,edm,46,0
On Our Own,Bobby Brown,r&b,46,0
Funk You,Tujamo,edm,46,0
Cream - Radio Edit,Tujamo,edm,46,0
Come Close,Common,r&b,46,1
Anything for You,Chelsea Cutler,pop,46,1
Don't Wanna Be Your Girl,Wet,pop,46,1
Medisin,SIXN,rock,46,0
Mi Canción Perdida,Daniel Santacruz,latin,46,0
Whatever Happens,Michael Jackson,r&b,46,0
Let This Be,Jack Rose,latin,46,0
This Is Our City,Airbourne,rock,46,0
Silver Lining,Wallaby,edm,46,0
Kobe,Chief Keef,rap,46,0
night time,Chill Children,rap,46,1
Chhote Sunn,Loka,rap,46,0
All To Me (feat. Lola Rhodes),Deekey,edm,46,0
Do It Again,No Rome,pop,46,1
Words Don’t Come Easy,Mamamoo,r&b,46,1
Dancehall Queen (feat. Chevelle Franklyn),Beenie Man,r&b,46,0
Whiskey Fever,Dorothy,rap,46,0
Back Around,90 Miles,edm,46,0
"This Is for the Lover In You (feat. LL Cool J, Howard Hewett, Jody Watley & Jeffrey Daniels)",Babyface,r&b,46,1
If I Had No Loot,Tony! Toni! Toné!,r&b,46,0
Higher Than Mine,SEU Worship,pop,46,0
Me Diz,MTK,r&b,46,1
Como Olvidar,Eix,latin,46,0
I Can't Lose (feat. Keyone Starr) - Pomo Remix,Mark Ronson,r&b,46,0
Down On My Luck,Vic Mensa,r&b,46,0
Static Theory,Wax Motif,edm,46,0
jolka,chillwagon,rap,46,0
House Music,HUGEL,edm,46,0
Ghost,Motorama,rock,46,0
DM,The Rudeboyz,latin,46,0
Una Vez Mas,Calle Ciega,latin,46,1
Titanium (feat. Sia) - Alesso Remix,David Guetta,edm,46,0
House Of Cards (feat. Sidnie Tipton),KSHMR,pop,46,0
Rub You The Right Way,Johnny Gill,r&b,46,0
Down,Swardy,edm,46,1
Falando Dela,Mc Maha,r&b,46,1
Lose Control,Matt Simons,pop,46,0
The One,W&W,edm,46,0
På vej (feat. Simon Jul),Benjamin Hav,rap,46,0
Get Out,Sundell,latin,46,0
Sweat On Me,Tape Machines,latin,46,0
The Heat,The Bones of J.R. Jones,rap,46,0
Sleeping Bag,ZZ Top,rock,46,1
Matador,Mickey 3d,rock,46,0
Murder,UGK,rap,46,0
Awakening,Throw The Fight,rock,46,0
Is It Good To You,Heavy D & The Boyz,r&b,46,1
I Don't Give A Fuck,2Pac,rap,46,1
Meros überall,Sero El Mero,rap,46,0
Music,Leela James,r&b,46,1
When I Get Older,Wild Party,pop,46,0
The Victory - Reloaded,Deborah Dworshipper,pop,46,0
One Thing Right - Koni Remix,Marshmello,pop,46,0
Make It Happen,Mariah Carey,r&b,46,0
Heavy/Like a Witch,All Them Witches,rap,46,0
@,chillwagon,rap,46,0
Write This Down (feat. Nieve),SoulChef,r&b,46,0
Over You,Dillon Reed,edm,46,1
D.O.N.T.,Lucky Luke,edm,46,0
Your Love Gets Sweeter,Finley Quaye,r&b,46,1
We Got That Cool (feat. Afrojack & Icona Pop) - Robert Falcon & Jordan Jay Remix,Yves V,edm,46,0
Melody - Radio Mix,Dimitri Vegas & Like Mike,edm,46,0
Thunder,W&W,edm,46,0
Zenci,LOKO BEN,rap,46,0
Festival of Lights,KSHMR,edm,46,0
Back (with Jake Owen),Colt Ford,rap,46,0
Buggin' - Edit,Hot Since 82,edm,46,0
Black Honey,Thrice,rock,46,0
"Tamizhi - From ""Tamizhi""",Hiphop Tamizha,rap,46,0
Rap Ka Mausam,Raga,rap,46,0
Amar,Prabh Deep,rap,46,1
Leavin',Brenky,rap,46,1
Rolling Stone (John Skyfield & ConKi Remix),East Love,latin,46,0
Done Da Da,Massari,pop,46,0
Blaze It up (feat. Sparkz),The Mouse Outfit,r&b,46,1
Stay Ready,Adelitas Way,rock,46,0
This Way (Khalid x H.E.R.),Khalid,r&b,46,1
Max Don´t Have Sex With Your Ex,E-Rotic,pop,46,0
Caviar,Lenny Tavárez,rap,46,1
Nobody,Local Sound,pop,46,0
Country to the City (feat. Jg Made Um Look),Bubba Sparxxx,rap,46,1
If You Were,Danny Howard,edm,46,0
1965,Danny Boone,rap,46,0
Casanova,Palm Trees,latin,46,0
Save the Rave,Tommie Sunshine,edm,46,0
Hoo-Bangin' (WSCG Style),Westside Connection,rap,46,1
Primrose,Dream State,rock,46,0
The Sparrows And The Nightingales,Wolfsheim,pop,46,1
Bad Love,Eric Clapton,rock,46,0
I'm Me,Lil Wayne,rap,46,0
Belly Danza - Remastered 2016,Don Omar,latin,46,0
Find Our Way - Feenixpawl Remix,Midnight Kids,edm,46,0
U Got 2 Let The Music - Brescia Edit,Cappella,pop,46,0
Between The Lines,Amtrac,edm,46,0
Hold the Night,Lyre Le Temps,edm,46,0
Attention - Tropical House Mix,Boonz,latin,46,1
Savannah,FAULHABER,latin,46,0
Мент на меня газует,Nurminsky,rap,46,0
Freak Like Me (feat. Melody Thornton),Harrison,latin,46,0
Home to Your Love,Maloma,latin,46,0
Type of Way,Rich Homie Quan,r&b,46,1
King of Rock,Run–D.M.C.,rap,46,0
Run Wild,Hardwell,edm,46,0
Pull Away,Leon Bridges,r&b,46,1
Too Afraid to Love You,The Black Keys,r&b,46,0
Livin' in a Country Song,Upchurch,rap,46,0
California Girls,David Lee Roth,rock,46,0
Sundown,EAUXMAR,pop,46,0
Reminisce,Mary J. Blige,r&b,46,0
Wish You Well (feat. Trove),Famba,pop,46,0
Blow That Smoke (feat. Tove Lo),Major Lazer,pop,46,0
Why Don’t You Come On (ft. Khalid and Empress Of),DJDS,r&b,46,0
Take It or Leave It,Great Good Fine Ok,pop,46,0
Got Me Thinkin' (feat. Sparkz),The Mouse Outfit,r&b,46,1
Himmel grau,The Cratez,rap,46,1
Foxey Lady,Jimi Hendrix,rock,46,0
All of the People,Panama Wedding,pop,46,0
WHERE U FROM,B Wise,rap,46,0
Ya Te Olvide,Los 4,r&b,46,0
Lucky Chances (feat. KSHMR),Bali Bandits,edm,46,0
Sunrise,On June,latin,46,1
Whatever You Want,Tony! Toni! Toné!,r&b,46,0
In Trance - Studio Edit,Scorpions,rock,46,0
Pass Me By,R5,pop,46,0
Wild Thing,JAXSON GAMBLE,rap,46,0
Dope,PashaPG,rap,46,0
2 Seater (feat. Quavo & 21 Savage),DJ Holiday,rap,46,0
Orange Juice (feat. Youkii),Henri Purnell,latin,46,0
Good Morning,John Legend,r&b,46,1
Oxygen,Maia Mitchell,pop,46,0
It Never Rains (In Southern California),Tony! Toni! Toné!,r&b,46,1
Lifted,Otherwise,rock,46,0
From The Ashes,Red,rock,46,0
Drunk,Flip Capella,edm,46,1
Pizza,Anti Up,edm,46,0
En La Ciudad De La Furia - Remasterizado 2007,Soda Stereo,rock,46,0
El Rito - Remasterizado 2007,Soda Stereo,rock,46,0
Wakhra Swag (feat. Badshah),Navv Inder,rap,46,0
Cool Off the Rain (feat. Ari Lennox),VanJess,r&b,46,1
Heaven (Don't Have A Name) [feat. Jeremy Renner],Sam Feldt,edm,46,0
Under,Sampha,r&b,46,1
SAD,Bisken,edm,46,0
Toumast Tincha,Tinariwen,rock,46,1
90 Degrees,Yazmin Lacey,r&b,46,1
Love Like Waves,Friendly Fires,pop,46,0
Come Home,Sad Eye,latin,46,1
(Keep Feeling) Fascination,The Human League,rock,46,1
Little Games - St. Lucia Remix,The Colourist,pop,46,0
Gravity,Ralph,pop,46,0
Relaxa E Fica,Shark,rap,46,0
Trouble,R3HAB,latin,46,0
Very Special,Wiz Khalifa,rap,46,0
"Me, Myself, and I",Vinyl Theatre,pop,46,0
NoLo,Grace Mitchell,pop,46,0
Melody,Little Venice,latin,46,0
Heartbeats,Fairlane,rap,46,1
Love Again,Adon,latin,46,0
Alright,NLSN,latin,46,0
So Over,Kid Francescoli,edm,46,1
A Moment In A Million Years,Scorpions,rock,46,1
I Miss You,Aaron Hall,r&b,46,0
Everything I Said,The Cranberries,rock,46,1
Wicked (with Helion),Medon,edm,46,0
Way Back Home,Krys Talk,latin,46,1
Fantasy - Felix Jaehn Remix,Alina Baraz,latin,46,0
Ven A Bailar,Yámana,latin,46,0
Te Viví,Villamizar,latin,46,0
Istanbul (Not Constantinople),Bart & Baker,edm,46,0
Sunday,The Cranberries,rock,46,1
Daffodil Lament,The Cranberries,rock,46,1
I Still Do,The Cranberries,rock,46,1
One,Three Dog Night,rock,46,1
Rock Lobster - 45 Version,The B-52's,rock,46,0
When You Need Me,Silent Child,rap,46,1
Moonlight Densetsu,Super3,rock,46,0
Miami,Nicki Minaj,pop,46,0
Staring At The Sun,Vanic,edm,46,0
Slow Dance,Kelly Clarkson,r&b,46,0
Set on You,Bolier,edm,46,1
Can't Be Alone Tonight,Atlas Genius,pop,46,0
Violin 4.0 (Olympis Remix),Helion,edm,46,1
O.N.E.,Yeasayer,pop,46,0
Tochan,Sidhu Moose Wala,rap,46,0
Gangland,Mankirt Aulakh,rap,46,0
En El Séptimo Día - Remasterizado 2007,Soda Stereo,rock,46,0
Danger - Original Mix,Blahzay Blahzay,rap,46,0
Shuttin It Down,Maddix,edm,46,0
Tell Me,Smilez and Southstar,rap,46,0
You're All I've Got Tonight,The Cars,rock,46,0
Saturday (Oooh! Ooooh!),Ludacris,rap,46,0
"Siempre Me Llama (feat. Farruko, Maldy & Yaviah)",Opi the Hit Machine,latin,46,0
Hasta Las 6,Kodigo,rap,46,1
Falling for Ya,Jordan Fisher,pop,46,0
Good When We're Together - Radio Edit,Kav Verhouzer,latin,46,0
Fool's Gold,Tessa Kaye,pop,46,1
Aire,Leslie Grace,latin,46,0
Crossfire,Otherwise,rock,46,0
I Melt With You,Modern English,pop,46,1
Identity,Ryos,edm,46,0
Rocket Science,Joyce Wrice,r&b,46,1
White Tiger - Marcus Layton Radio Edit,Izzy Bizu,latin,46,0
Claridad,El Otro Polo,latin,46,0
Dangerous,No Friends,pop,46,1
Could Be Fun,Banana Club,pop,46,0
Time Passages,Al Stewart,rock,46,1
Key Largo,Bertie Higgins,rock,46,1
No Other Love (feat. Estelle),John Legend,r&b,46,0
Mi Vicio,Santa Fe Klan,rap,46,0
Dreamers,Savoir Adore,pop,46,0
Meu Drip,Lucas Muto,rap,46,1
Love Is A Long Road,Tom Petty,rock,46,1
First Time - R3hab Remix,Kygo,edm,46,0
"Ease My Mind - Feat. Tre Hardson, Fat Lip & Omni",Jazz Liberatorz,r&b,46,1
I Can Tell,Yung Bae,r&b,46,0
Feels Like,Vicetone,edm,46,0
get behind this,flor,pop,46,0
No Strings Attached,Swingrowers,edm,46,0
Love Me Less (feat. Quinn XCII) - Ookay Remix,MAX,rap,46,0
Love That We Need,Silience,latin,46,0
Chernobyl,Unaverage Gang,rap,46,1
Don't Come Close,Yeasayer,pop,46,0
From Nowhere - Baardsen Remix,Dan Croll,pop,46,0
Again,John Legend,r&b,46,1
Like I'm Gonna Lose You,Noah Guthrie,r&b,46,1
4runner,prettyboyshav,pop,46,0
Ich muss gar nix,Grossstadtgeflüster,pop,46,0
Just A Dream - Main,Nelly,latin,46,0
Playground,More Giraffes,pop,46,0
Sugar - Remix,Maroon 5,edm,46,0
Wa Wa - Radio Edit,Sam Collins,edm,46,0
Trouble Is Your Middle Name,Whitesnake,rock,46,0
The Truth,India.Arie,r&b,46,1
Hacerlo de Nuevo,McKlopedia,latin,46,0
Break the Rules,Charli XCX,pop,46,0
Above the Clouds,Robin Schulz,latin,46,1
California,Akwid,latin,46,0
Do It,MR.BLACK,edm,46,0
Corazon Abierto,Victor Muñoz,latin,46,0
The Formula,The D.O.C.,rap,46,0
"Hold It Now, Hit It",Beastie Boys,rap,46,0
"Big Hearts (feat. Stargate, KYLE)",Netsky,edm,46,0
Famous,Ty Dolla $ign,r&b,46,1
The Prophet's Song - Remastered 2011,Queen,rock,46,1
Vuelve - MTV Unplugged Version,Ricky Martin,latin,46,0
Never Tired Of You,Julian Jordan,edm,46,0
Follow Me,Levianth,rap,46,0
Flute,Barcode Brothers,edm,46,0
Weekend Love,Steve Modana,edm,46,0
You got the Love,Mr. Da-Nos,edm,46,0
Gimme Gimme Gimme (with Patti Austin),Narada Michael Walden,pop,46,0
Which Light Switch Is Which?,Scooter,edm,46,0
Death On Two Legs (Dedicated To...) - Remastered 2011,Queen,rock,46,0
You & I,Geoxor,edm,46,0
Wanted - RetroVision Remix,NOTD,edm,46,0
Milk It,Rony Rex,edm,46,0
Somthing's Missing,The Internet,r&b,46,1
Love Him Like I Do,Deitrick Haddon,r&b,46,0
Maaya,Achtabahn,latin,46,1
Oh Baby,Seizo,latin,46,0
Seasons,Aso,pop,46,1
The Yes Yes Show,Parokya Ni Edgar,rock,46,0
Ven Ven,Toser One,rap,46,0
Fateme Cantà,Ultimo,r&b,46,1
Fractures - Trivecta Remix,ILLENIUM,edm,46,0
Rewind,Louis Futon,edm,46,0
Puesta Pa Mí,Coqeéin Montana,rap,46,1
"Endless, a Silent Whisper",Urbandub,rock,46,0
All I Know,Jordan Solomon,rap,46,1
Smack That,Erd1,edm,46,0
(Forever) Live And Die,Orchestral Manoeuvres In The Dark,rock,46,1
The Man Who Sold The World - MTV Unplugged,Nirvana,rock,46,0
Tell Me Why - Keanu Silva Remix,Sound Of Legend,edm,46,0
Psycho,A$AP Ferg,rap,46,0
Capital Letters,Hailee Steinfeld,r&b,46,0
Tokyo,Lianne La Havas,r&b,46,1
Tabing Ilog,Barbie's Cradle,rock,46,1
Flash,MEMBA,rap,46,0
Suavecito,Malo,rock,46,1
Alone,Claptone,pop,46,1
You Really Got a Hold on Me,She & Him,r&b,46,1
Infinite Ammo,Le Castle Vania,edm,46,0
Keep Your Head to the Sky,"Earth, Wind & Fire",r&b,46,1
Jealousy - Remastered 2011,Queen,rock,46,1
Generé,Bipo Montana,rap,46,1
Raw Power,Guns N' Roses,rock,46,0
Before I Let Go - Edit/Remastered,Maze,rap,46,0
JOYFUL,X Ambassadors,r&b,46,1
Home (feat. Nico Santos) - Marcapasos Radio Remix,Topic,latin,46,0
Ride,Madison Mars,edm,46,0
Playtime,Oomloud,edm,46,0
Down On The Corner,Creedence Clearwater Revival,rock,46,1
Dobla Rodilla,Don Omar,latin,46,0
Tírate Al Medio,Don Omar,latin,46,0
Just Remember I Love You,Firefall,rock,46,0
TAKIKARDIA,Kenny Man,latin,46,0
Runnin',Leo Salom,edm,46,0
Touch It,Monifah,r&b,46,1
Lovergirl,Teena Marie,r&b,46,0
Fangs,Ghastly,edm,46,0
Lovers + Strangers - GATTÜSO Remix,Starley,pop,46,0
La Esperanza,Claptone,pop,46,0
Let's Go To My Crib,Voltio,latin,45,0
So Much in Love,All-4-One,r&b,45,1
Mea Muri Tu (feat. MV Killa & Yung Snapp),Vale Lambo,rap,45,0
Different Kind of Love,Erlandsson,latin,45,0
Gotta Push On,GRiZ,pop,45,0
Trampoline - Dave Audé Remix,SHAED,pop,45,0
it's a beautiful,BROCKBEATS,latin,45,1
Goza,Henry Mendez,latin,45,0
Goodie Bag,Still Woozy,r&b,45,1
Skin - Rinzen Remix,Kidnap,pop,45,0
Winter Wonderland,Aretha Franklin,r&b,45,1
Don't You (Forget About Me),Simple Minds,rock,45,0
Teenage Kicks,The Undertones,rock,45,0
Stay Free - Remastered,The Clash,rock,45,0
Best Friend,Brandy,r&b,45,0
Temple,SwuM,rap,45,1
We Are The Greatest,Keanu Silva,pop,45,0
Strike Back,We As Human,rock,45,0
You Mean the World to Me,Toni Braxton,r&b,45,0
Let It Flow,Toni Braxton,r&b,45,1
INSIDE,Night Lovell,rap,45,1
No Fear (feat. Donna Missal),Rudimental,edm,45,0
Tounge Tied,Faber Drive,rock,45,0
You Know What It Is (feat. Wyclef Jean),T.I.,rap,45,0
Kissing You,Keith Washington,r&b,45,1
Perfume,Annella,edm,45,0
Moment Of Surrender,U2,rock,45,0
Yo No Se Que Hacer,"Tito ""El Bambino""",latin,45,0
Jundo,Ekali,rap,45,0
Amen,Andra Day,r&b,45,1
1312,Vega,rap,45,0
Cazal (feat. Miami Yacine),Zuna,rap,45,0
Gangsta Rap,LX & Maxwell,rap,45,0
How? - Remastered 2010,John Lennon,rock,45,1
Summer Love,Sole Sole,edm,45,0
Say My Name,William Singe,r&b,45,1
Brighter Day,Kirk Franklin,r&b,45,0
My Melancholy Blues - Remastered 2011,Queen,rock,45,1
Semillas,La Banda Baston,rap,45,0
Me Recuerdas,Yoss Bones,rap,45,0
Stress mit Grund (feat. Bushido & Haftbefehl),Shindy,rap,45,0
Too Good,A&G,latin,45,0
Bomb Bae (Tiësto Remix),Jaz Dhami,edm,45,0
Nocturne,Julian Lage,pop,45,1
L'ammore,Gigi D'Alessio,r&b,45,1
"Dillom: Bzrp Music Sessions, Vol. 9",Bizarrap,rap,45,0
Palmera del Desierto,Rawayana,latin,45,0
Coastin',Cali Life Style,latin,45,1
Ooouuu (feat. Blac Youngsta),YBN Almighty Jay,rap,45,0
Milk Man 2019,KAAZE,edm,45,0
Novacane,Lusca061,rap,45,1
God Save The Queen - Remastered 2011,Queen,rock,45,1
The Village - 2015 Remaster,New Order,rock,45,0
You Again,Carly and Martina,edm,45,1
Chief Don't Run,Jidenna,rap,45,1
Grant Green,Mr Jukes,r&b,45,0
Heatwave (feat. Akon) - HUGEL Remix,Robin Schulz,latin,45,0
Chasing Time - Radio Edit,Vicetone,edm,45,0
Cocaine - Original,Nomy,rock,45,0
E Poi Ti Penti,Alberto Urso,r&b,45,1
Do It Right,Perfect Pitch,edm,45,0
Magical,Newclaess,edm,45,0
Nothing Breaks Like a Heart,Frank Carter & The Rattlesnakes,rock,45,0
Perfect - Acoustic Version,Simple Plan,latin,45,1
Lazing On A Sunday Afternoon - Remastered 2011,Queen,rock,45,1
Klavier - Radio Mix,Starjack,edm,45,0
Sandmann,OOMPH!,pop,45,0
Weekend,West Gold,rap,45,1
Go Downtown,J.J. Cale,rock,45,1
BEEP BEEP,RUANN,pop,45,0
Desde Que No Estás,Fonseca,latin,45,0
Don't Leave - Ekali Remix,Snakehips,edm,45,0
Su Cotorreo,Derian,rap,45,0
Kids in Love,Mayday Parade,pop,45,0
The Morning,Raekwon,rap,45,0
Penthouse Cloud,The Internet,r&b,45,1
Fake Love,Olexesh,rap,45,1
What's Goin' On,Vigiland,edm,45,0
I Found Out - Remastered 2010,John Lennon,rock,45,0
Lucky - Spotify Session,Jason Mraz,latin,45,1
Belief - Acoustic,John Mayer,latin,45,1
Out Of Control,LOOPERS,edm,45,0
Jus Lyke Compton,DJ Quik,rap,45,1
This Is The Carter,Lil Wayne,rap,45,0
Make tha Trap Say Aye (feat. Gucci Mane),OJ Da Juiceman,rap,45,1
Milki,Akapellah,latin,45,1
Dear Breeze,オメガトライブ,rock,45,1
So Sick,Encure,edm,45,0
Hungover You,Hazey Eyes,pop,45,0
Chupacabras - Remaster 2004,Tiro De Gracia,latin,45,0
Morning Starship,Morrissey,rock,45,0
So Lonely - My Songs Version,Sting,rock,45,0
The May Queen,Robert Plant,rock,45,0
Saturday in the Park,Chicago,rock,45,1
Te Quiero a Morir,Ralphy Dreamz,latin,45,1
Out Of My System,BONNIE X CLYDE,rap,45,0
The Passenger,Iggy Pop,rock,45,0
Seven - Remastered,Sunny Day Real Estate,rock,45,0
Perfidia,Los Rabanes,latin,45,0
Remember the Rain,Kadhja Bonet,r&b,45,1
Mais Non - 1920 Version,Klischée,edm,45,0
Better Half of Me - R3HAB Remix,Tom Walker,pop,45,0
Photograph,Ljung,pop,45,1
Can't Go Home (feat. Adam Lambert) - Radio Edit,Steve Aoki,edm,45,0
Too Close,Sterkøl,pop,45,0
Reach (NBC Olympic Version),Gloria Estefan,latin,45,0
Hagamos las Paces,Neto Peña,rap,45,1
Ricocó,Ø Suave,latin,45,0
Olympia,Falling North,rap,45,0
Labyrinth,Convex,rap,45,0
Soñé Contigo,Anddy Caicedo,latin,45,0
Deliriously Good,Rat City,pop,45,0
Payphone - Edit,Maroon 5,edm,45,0
Such mich find mich,OOMPH!,pop,45,0
Sever,Red,rock,45,0
Ghost Rider,Taz,rap,45,1
All Black,Big L,rap,45,0
Angels - Radio Edit,Vicetone,edm,45,0
Hit 'Em up Style,Carolina Chocolate Drops,r&b,45,1
Don't You (Forget About Me),The Wind and The Wave,r&b,45,0
Back To Life (with Brandyn Burnette),SJUR,edm,45,1
Toda La Noche,Alok,latin,45,0
Ven Conmigo,Redimi2,latin,45,1
Thinking Of (feat. OVAN & SUMIN),SHAUN,edm,45,0
Chevy Van,Sammy Johns,rock,45,1
Fountain of Sorrow - 2014 Remaster,Jackson Browne,rock,45,1
Fall Hard,Bruer,rap,45,0
Helado de Mango,Naïa Valdez,latin,45,1
Alucinado,Jose Carlos Garcia,latin,45,0
No Soy Yo (feat. Redimi2),Alex Zurdo,latin,45,0
Welcome to My Nightmare,Alice Cooper,rock,45,1
Cool Side Of The Pillow,Kyle Dion,r&b,45,1
Too Good,Christian Kuria,r&b,45,1
Receipt,Lil Wayne,rap,45,0
Anywhere,Rita Ora,pop,45,0
Loco Fefo,Italian Somali,latin,45,0
Hoy Me Atrevo,Ñejo & Dalmata,latin,45,0
"Lover, Always",Luke Robert White,pop,45,1
Little Jeannie,Elton John,rock,45,1
BomBae,Fuse ODG,latin,45,0
Calavera,Chato 473,rap,45,0
Rollin' (Air Raid Vehicle),Limp Bizkit,rock,45,0
Falling,Jamiroquai,r&b,45,1
Dive In,kwassa,pop,45,0
Tryb komfort,Kizo,rap,45,0
HIGH.,Menestrel,rap,45,1
Summer In The Winter (feat. Omarion),Kid Ink,rap,45,1
Baknaffek,Das EFX,rap,45,1
Kick Ass,Egypt Central,rock,45,0
Oye,Gloria Estefan,latin,45,0
Words Get in the Way,Gloria Estefan,latin,45,1
Ayer,Gloria Estefan,latin,45,1
Jovem Estrela,Knust,rap,45,0
Hold On,Foxa,pop,45,0
The Sapling,David Gray,r&b,45,1
SkindeepSkyhighHeartwide,Lawrence Rothman,pop,45,0
Things I Said,Nu Aspect,edm,45,0
E.B.Y.T.,Lucky Luke,edm,45,1
Bring You Down,KDrew,rap,45,0
Coming Home,ALLEGRØ,edm,45,0
Gotta Find You,Joe Jonas,pop,45,0
Day & Night,Odd Chap,edm,45,0
The Icicle Melts,The Cranberries,rock,45,1
Pretty,The Cranberries,rock,45,1
Memory,2 Man Embassy,edm,45,1
Caramelo,La Lá,latin,45,1
Safe and Sound,WUSA,latin,45,1
Spaceship,Comet Blue,latin,45,0
Shooter,Lil Wayne,rap,45,0
Humble Mumble (with Erykah Badu),OutKast,rap,45,0
CHAT,Young Cister,rap,45,1
Mirala (feat. Farruko & Zion),De La Ghetto,latin,45,0
Tus Ojos No Me Ven - feat. Joewell y Randy,Joey Montana,latin,45,1
Our Story - Radio Edit,Mako,edm,45,0
Down Down Down,Dr Phunk,edm,45,0
Sentimento,Dj Gabriel do Borel,rap,45,0
Não Quero Mais Falar de Amor,Goude,rap,45,1
Hard Out Here for a Pimp,Three 6 Mafia,rap,45,0
Knock Me Down - Remastered,Red Hot Chili Peppers,rock,45,0
New Jack Hustler (Nino's Theme),Ice-T,rap,45,0
Keep Working,Vaski,rap,45,1
10 Punten (feat. Hef & Valsbezig),Nafthaly Ramona,latin,45,0
Caroline,Status Quo,rock,45,0
Insta,Bizzey,latin,45,0
You Kill Me (In a Good Way),Sleeping With Sirens,pop,45,0
Rooftop,NOËP,latin,45,1
Pulling Away,Sinead Harnett,r&b,45,1
Nobody To Love,Out Of Sound,pop,45,0
Grow Up - Martin Jensen Remix,Olly Murs,latin,45,0
Like I Did,Shane Harper,pop,45,0
Someone New,Quentyn,pop,45,0
In the End (Lost Tapes),Röyksopp,pop,45,1
Long Shot - Mount Pleasant Remix,Transviolet,pop,45,1
Aane De,Naezy,rap,45,0
Medicine Man,Dorothy,rap,45,1
REV001,Refused,rock,45,0
The L.A. Song,People Under The Stairs,rap,45,0
Bigger Dan,Paul Kold,edm,45,0
Everything Else Has Gone Wrong,Bombay Bicycle Club,rock,45,0
The Trooper - 1998 Remaster,Iron Maiden,rock,45,0
Back in My Life,Alice DJ,pop,45,0
Hommies,Ninja,rap,45,0
Disappear Here,Bad Suns,rock,45,0
Echo,Foreign Air,pop,45,0
Ace in the Hole,Saint Motel,rock,45,1
Caliente,Dyland & Lenny,latin,45,0
Be As You Are - JordanXL Remix,Mike Posner,edm,45,0
4 Life,DJ Snake,edm,45,1
REPEAT (feat. Pistol Pete & Enzo),Jaecy,rap,45,0
The Hum - Short Edit,Dimitri Vegas & Like Mike,edm,45,0
Angel,Fra Lippo Lippi,rock,45,1
Ecuador - Original Radio Edit,Sash!,pop,45,0
Spirit Of Freedom,Dropgun,pop,45,0
Heartless,Miles Away,rap,45,0
Tupac Back (feat. Rick Ross),Meek Mill,r&b,45,0
The Rockers (feat. Wiz Khalifa),Action Bronson,r&b,45,0
Another Love - Dimitri Vangelis & Wyman Remix,Tom Odell,edm,45,0
Pure Shores,Meynberg,latin,45,0
Never Meant to Last,Citna,latin,45,0
Hit Me Off,New Edition,r&b,45,0
Devil in Me,Anderson East,r&b,45,0
Stone,Agnes Obel,pop,45,1
Find A Way,Dwele,r&b,45,0
Bella Ciao,Klischée,edm,45,0
Not Your Birthday,Allstar Weekend,pop,45,0
Trumpets (feat. Sean Paul),Sak Noel,pop,45,0
HVJ,Hansie,latin,45,0
Use Your Heart,SWV,r&b,45,1
Нам надо дыма,Litvinenko,rap,45,0
Дым - мой круговорот,StaFFord63,rap,45,1
Navigator,MOONZz,pop,45,0
"Class-Sikh Maut, Vol. II",Prabh Deep,rap,45,0
7 AM,Tomas Skyldeberg,latin,45,0
Buenos Amantes,Japiaguar,latin,45,0
Make It,Aerosmith,rock,45,0
Cheek to Cheek - Swing Hop Mix,Odd Chap,edm,45,0
Hey Up There (feat. Ty Dolla $ign),Buddy,rap,45,0
Los Awesome,ScHoolboy Q,rap,45,0
Shine Your Way,Alan Silvestri,pop,45,1
Home We'll Go,Walk Off the Earth,pop,45,0
We Got The World,Charleon,latin,45,0
Blueblurry,Duckmaw,latin,45,1
Deserter,Jones Meadow,latin,45,0
Джип,Nurminsky,rap,45,1
Bailando - Matoma Remix,Enrique Iglesias,latin,45,0
Rebel Rebel - Remastered,David Bowie,rock,45,0
Waves,Luna Shadows,pop,45,0
Bonnie & Clyde (Carmon X Alrima),Carmon,rap,45,0
Agradable - Remix,Jeeiph,rap,45,1
Fifty,Franklin Embry,rap,45,0
How It Goes,Pharien,edm,45,0
When Your Heart Is A Stranger,Friends In Paris,pop,45,1
Sorry About the Carpet,Agar Agar,pop,45,1
Plaqtudum - Frijo & Negro Dub Remix,Recayd Mob,rap,45,1
Noc,White 2115,rap,45,1
Played Like a Piano,King T,rap,45,1
Space Age Pimpin',8Ball & MJG,rap,45,0
For Your Love,Khapter Two,edm,45,1
Can't Fear The Night - FIXL Remix,Momo Soundz,r&b,45,0
Burn the Witch,Radiohead,pop,45,0
"Girl, Interrupted",2xxx!,r&b,45,1
Millionaire (feat. Nelly),Cash Cash,pop,45,0
it's Friday,Vendredi,r&b,45,0
Bartender,Alexis y Fido,latin,45,0
18HUNNA (feat. Dave) - Four Tet Remix,Headie One,rap,45,1
Gryndin (feat. Young Marco),Jae Mansa,rap,45,0
Wild Ones - Nightcall Remix,Theresa Rex,latin,45,0
Black Superman,Above The Law,rap,45,0
Euforia,Otsochodzi,rap,45,0
The High Way,Fliptrix,r&b,45,0
君は1000%,1986 Omega Tribe,r&b,45,1
Street Life,Randy Crawford,r&b,45,0
Secreto,Lenny Tavárez,rap,45,0
Lies (feat. Luciana),KSHMR,edm,45,0
Where Do You Go (feat. Lexy Panterra),Shaun Frank,edm,45,0
I'm Not Sorry,Hardwell,edm,45,0
All I Need,Dirty South,edm,45,0
Alone,Armin van Buuren,edm,45,0
Long Road,Big Matt,rap,45,0
Chartreuse,Capital Cities,pop,45,0
From Finner,Of Monsters and Men,pop,45,0
ifuleave [feat. Mary J. Blige],Musiq Soulchild,r&b,45,0
Raining in L.A,FrankJavCee,pop,45,1
Smash the Funk,GRiZ,pop,45,0
Worldwide,Otsochodzi,rap,45,0
New Day,Abstract Orchestra,r&b,45,1
sHe,LTGTR,edm,45,1
To Comprehend,Marrakesh,pop,45,0
Don't Answer (feat. Wiley),KAMILLE,latin,45,0
Octopus,Syd Barrett,rock,45,1
Cathedral,JETFIRE,edm,45,0
Where Would You Be,Yaw,r&b,45,1
Nostalgia,MØ,pop,45,0
Mala,Elettra Lamborghini,latin,45,0
Dio benedica il reggaeton (feat. Baby K),Fred De Palma,latin,45,0
I Fell In Love,Gidge,r&b,45,1
Eighteen,CASP:R,latin,45,0
By My Side,CALVIN,latin,45,0
Summertime - Single Edit,DJ Jazzy Jeff & The Fresh Prince,r&b,45,0
400 Degreez,Juvenile,rap,45,1
Keep On,VARGENTA,edm,45,0
So High,Spada,edm,45,0
Goodbye,Blac Youngsta,r&b,45,0
District,AK Ausserkontrolle,rap,45,0
I Lived - Arty Remix,OneRepublic,edm,45,0
Hypnotize,PARTY SHIRT,edm,45,0
Bury Me,View,r&b,45,0
I Just Wanna Say,Weisser Quiff,rap,45,0
I Miss You,Jeriqo,edm,45,0
Never Never (feat. Indiiana) - Skytech Remix,Drenchill,edm,45,0
Good Life,José Lucas,latin,45,0
Feliz Año Nuevo 2,Ele A El Dominio,rap,45,1
Echame a Mí la Culpa,Guaraná,latin,45,0
Friend Zone,Thundercat,r&b,45,0
Eggs,Wiki,rap,45,0
San Frandisco - Eli Brown Remix,Dom Dolla,edm,45,0
Criminals,Xuitcasecity,pop,45,0
Like Home - Radio Edit,Nicky Romero,edm,45,0
Exhale,Jay Hardway,edm,45,0
Backseat Boogie,Airbourne,rock,45,0
Never Back Down,Hyro The Hero,rock,45,0
Watch Out (feat. Fetty Wap),Shelow Shaq,edm,45,0
Swimming In Your Feelings,HAVEN,pop,45,0
Dance Apocalyptic,Janelle Monáe,pop,45,0
Ghost,Lianne La Havas,r&b,45,1
How Deep Is Your Love - DJ Snake Remix,Calvin Harris,edm,45,0
Louca Vida,Crod,r&b,45,1
Julius Cesar,Haftbefehl,rap,45,0
Summertime Girls,Y&T,rock,45,0
Thangs,Steve Lacy,r&b,45,0
Drop Your Love (feat. Dirty Radio),Young Franco,r&b,45,0
Foggy Windows,Zacari,r&b,45,1
Kiss It Better - KAYTRANADA Edition,Rihanna,r&b,45,1
Don't Give Up On Me - Club Mix,Armin van Buuren,edm,45,0
Te Seduce,N'Klabe,latin,45,0
Cherry Top,Gabriel Tirado,rap,45,0
Summiteer,Watch Out Stampede,rock,45,0
Make A Move,EMMA WAHLIN,r&b,45,0
Runnin' (Dying To Live),2Pac,rap,45,0
In Hypnose,Deborah de Luca,edm,45,0
Mirame,Daddy Yankee,latin,45,0
Live Your Life,X-Change,latin,45,0
Bråtebrann,Kvelertak,rock,45,0
My Name Is Not Susan,Whitney Houston,r&b,45,0
Nobody (feat. Athena Cage) - Single Version; 2007 Remaster,Keith Sweat,r&b,45,1
Love Of My Life,Brian McKnight,r&b,45,1
Mis Impulsos Sobre Ti - Remastered,Aleks Syntek,pop,45,0
Share My World,Mary J. Blige,r&b,45,0
Quedate feat. LouisaFer (Original Mix),Cesar Vilo,pop,45,0
"Kick, Bass & Trance",Andrew Rayel,edm,45,0
Monster (with Magnificence),Sunnery James & Ryan Marciano,edm,45,0
Te Quedaste Solo,Fanny Lu,latin,45,0
Flirt,Biig Piig,r&b,45,1
How You Been,Phi11a,edm,45,0
All or Nothing,Theory of a Deadman,rock,45,0
Dirt,SASH,edm,45,1
Aisle Thots,Skipp Whitman,rap,45,1
Awaiting On You All,George Harrison,rock,45,0
THE MOVE - prod. KAYTRANADA,Reva DeVito,r&b,45,1
Яд,Местный,rap,45,0
Runaway (U & I) - Dillon Francis Remix,Galantis,rap,45,0
Seu olhar - Remix,2STRANGE,r&b,45,1
Despedida (feat. Anna & RNT),MTK,r&b,45,1
Saving,Local Jane,rap,45,1
Reencontrar,Altamira,r&b,45,1
Libriana,Crod,r&b,45,1
64 Ways,Detroit Swindle,edm,45,0
40 Bandz,Ducko McFli,rap,45,0
Glocks & Drums,Lil Mexico,rap,45,1
Options,Mr. Pig,pop,45,0
Never Wanna Leave,Max M,edm,45,0
Magic City,Wahlstedt,edm,45,0
El Besito - Unplugged,Pasabordo,latin,45,1
More - Blasterjaxx Remix,Laidback Luke,edm,45,0
Hurt Me (2015),Låpsley,pop,45,1
Fuck Everybody,Steel Panther,rock,45,0
One Kiss (with Dua Lipa) - Jauz Remix,Calvin Harris,edm,45,0
Back To You - Anki Remix,Selena Gomez,edm,45,0
Asi Son Mis Dias,Control Machete,rap,45,1
Lullaby For My Insomniac,James Blake,r&b,45,1
Que te vaya bonito,Chavela Vargas,r&b,45,1
Paper Tiger,Beck,rock,45,1
Need a Little Time,Courtney Barnett,rock,45,0
Creep - The Four Performance,VINCINT,r&b,45,0
Pony,Julian Perretta,r&b,45,0
Pistoleiro,UCLÃ,rap,45,1
Legaliza,MISAEL,rap,45,1
Diamond Girl,Nice & Wild,latin,45,0
Take Me In Your Arms,Lil Suzy,latin,45,0
Aqui no dominas nada,W. Corona,rap,45,0
Onda,Mc Tha,latin,45,0
Waterfall Jungle,The Sleep Specialist,latin,45,1
Balão,Orochi,rap,45,0
Illusions,Cypress Hill,rap,45,0
Crocodile Tears,Unlike Pluto,pop,45,0
More Than A Woman (feat. Calvin) - Duet w/ Calvin,Angie Stone,r&b,45,1
Cold Blood (feat. Jeffrey James),Tungevaag,edm,45,0
Swallow Your Pride,Rhys,pop,45,1
Colar da Versace,MC Hariel,rap,45,1
more,AmPm,pop,45,0
Silent Night,Boyz II Men,r&b,45,1
Sleigh Ride,TLC,r&b,45,0
Somethin Out of Nothin' (feat. Saara Maria),Joomanji,r&b,45,1
Don't You Forget It,Glenn Lewis,r&b,45,1
Side To Side - Slushii Remix,Ariana Grande,edm,45,0
Never Letting Go,Coopex,latin,45,0
Cuando Mueves,Dateless,edm,45,0
How,Volkoder,edm,45,0
Blue in Green,Anti-Lilly & Phoniks,r&b,45,1
Is She,Tori Templet,pop,45,1
How Deep Is Your Love - Calvin Harris & R3hab Remix,Calvin Harris,edm,45,0
Ribbon in the Sky,Intro,r&b,45,1
The Drone Racing League,Gunship,pop,45,0
Swing Tree,Discovery,pop,45,0
Good To Go,Aexcit,edm,45,0
Never Forget - Nicky Romero Edit,Trilane,edm,45,0
Cameras,Matt and Kim,pop,45,0
Blue Shades,DLJ,latin,45,1
I Got U,SlYder,edm,45,1
Okay Okay,Bombs Away,edm,45,0
Insomnia,Josh Le Tissier,edm,45,0
Butterflies - Demo/Album Version,Floetry,r&b,45,0
Blue Zone,Don Omar,latin,45,0
Use Me,Hinder,rock,45,0
Ella No Sigue Modas,Juan Magán,latin,45,0
Backfire,Deep Chills,latin,45,1
Rumors,Club Nouveau,r&b,45,0
Inside Out,XYZ,rock,45,0
Young And Beautiful [Lana Del Rey vs. Cedric Gervais] - Cedric Gervais Remix Radio Edit,Lana Del Rey,edm,45,0
Too Loud,ROËDS,latin,45,0
Touching Me,Skytech,edm,45,0
I Felt Nothing,Prince of falls,rap,45,1
Alles,COMPUTER DATA,pop,45,1
Wave,The Midnight,pop,45,0
Goodbye Love,Guy,r&b,45,1
Krypton,Ummet Ozcan,edm,45,0
Peace and Quiet,Laffey,rap,45,1
Fool of Me,Meshell Ndegeocello,r&b,45,1
Suena,Akwid,rap,45,0
"No Pain, (No Gain)",Betty Wright,rap,45,1
Black & White,Rudy Mancuso,r&b,45,0
Crónicas de un Debate de Amor,Lola Club,latin,45,0
Drunk,JØRD,edm,45,0
Human,HELLYEAH,rock,45,0
Yen,Night Lovell,rap,45,1
That's The Way I've Always Heard It Should Be,Carly Simon,rock,45,1
As We Lay,Shirley Murdock,r&b,45,1
Cicatrices,Kalimba,latin,45,0
Sway (feat. Nevve),Syn Cole,edm,45,0
Together We Are (feat. Chris James),ARTY,edm,45,0
Lord Knows (feat. Justin Adams),Upchurch,rap,44,0
Dearly Departed,Jelly Roll,rap,44,0
Can't Stop Me (feat. Shermanology),Afrojack,edm,44,0
How,The Cranberries,rock,44,1
Yeats' Grave,The Cranberries,rock,44,0
I'll Be There For You,Silent Child,pop,44,1
Wake Me When It's Over,The Cranberries,rock,44,0
Birdsong,Claptone,pop,44,0
We Bemoeien Niet,Equalz,latin,44,1
Ibiza (Desaparecidos Vs Walter Master J) - Raf Marchesini & Simone Farina 2K19 Remix Extended,Desaparecidos,edm,44,0
Party Like Its 1920,The Swinghoppers,latin,44,0
When I'm Gone,I4NI,rap,44,0
One Way Out,Florence Black,rock,44,0
Bailando,Maria Daniela Y Su Sonido Lasser,latin,44,0
No Me Conformo (Quiero Más),Funky,latin,44,0
Stop,Justice,pop,44,0
Catching Fire,Ryos,edm,44,0
Let's Talk It Over,Lee Fields,r&b,44,1
Red Virgin Soil,Agnes Obel,pop,44,1
Me Gusta,Madiel Lara,latin,44,0
Army of the Sun,Doctor Pheabes,rock,44,0
Leaders of Tomorrow,Perkele,rock,44,0
Medina,Dontcry,latin,44,1
Just A Dog,Big Moe,rap,44,0
Pimp Tha Pen,DJ Screw,rap,44,0
Bailando Sola - Remastered 2016,Don Omar,latin,44,0
Stay,Hotel Apache,pop,44,0
Awake,Electric Guest,pop,44,0
Dancing in the Rain,Da Hool,edm,44,0
Can't Get Enough,Tiësto,edm,44,0
No Fallará,Funky,latin,44,0
Dear Life,Anthony Hamilton,r&b,44,1
One Shot,Hansie,latin,44,0
Se iluminaba,Fred De Palma,latin,44,0
Cold War,Janelle Monáe,pop,44,0
Maria,Rockie Fresh,edm,44,1
Make It Up,Shura,pop,44,0
Caffè Mocha,Jazzinuf,latin,44,0
92 Bars,The Game,rap,44,0
Sango,OSHUN,r&b,44,1
We Should Tell the Truth,metr,edm,44,1
Needed Me - R3hab Remix,Rihanna,edm,44,0
Without You,Thomas Gold,edm,44,0
Good Morning,Green Assassin Dollar,rap,44,1
Know,Syd,r&b,44,0
Ghost - The Him Remix,Au/Ra,edm,44,0
Control,Janet Jackson,rock,44,1
D'estate non vale (feat. Ana Mena),Fred De Palma,latin,44,0
New Dream,Roman Müller,latin,44,0
Paradise,The Sunnefield,latin,44,0
Runaway,Manse,edm,44,0
Drive,Glades,pop,44,0
Repórtense - Remastered 2016,Don Omar,latin,44,0
Not To Much - Remastered 2016,Don Omar,latin,44,0
Working For It - Nomero Remix,ZHU,edm,44,1
レイディ・ブルース,LUCKY TAPES,r&b,44,0
Verbania,Wun Two,rap,44,1
Think for Yourself,Moonspatz,rap,44,0
Life in the Balance,The Four Owls,r&b,44,0
Shed a Light - Acoustic Version,Robin Schulz,edm,44,1
Scared To Be Lonely - DubVision Remix,Martin Garrix,edm,44,0
Hollow Bastion,Saving Vice,rock,44,0
Thunder,Jauz,edm,44,0
Black Flag Army,HELLYEAH,rock,44,0
Ox,SWACQ,edm,44,0
Once and for All,Moe Aly,latin,44,1
Bleed,Haze & Mellow,latin,44,0
Rattle Your Cage,Skrizzly Adams,rock,44,0
Equality,Afu-Ra,r&b,44,0
Somnífera,The Guadaloops,latin,44,1
Verdugo,Proof,latin,44,0
The Deep End,Crossfade,rock,44,0
Night Like This,Shawn Desman,pop,44,0
Wow.,Post Malone,pop,44,1
Haan Bhai,Fotty Seven,rap,44,1
Zeher,Kaam Bhaari,rap,44,0
On the Weekend - Phantoms Remix,Moli,pop,44,0
Loco En El Coco (Insane In the Brain) - Spanish Edit,Cypress Hill,latin,44,0
Dr. Dedoverde (Dr. Greenthumb) - Spanish Edit,Cypress Hill,latin,44,1
Marijuano Locos (Stoned Raiders) - Spanish Edit,Cypress Hill,latin,44,0
Manimals,Tarun,rock,44,1
Power To The People,John Lennon,rock,44,0
Surviva (feat. Yogi B & Mali),Anirudh Ravichander,rap,44,0
Asal Hustle,Naezy,rap,44,0
Roots (feat. Raja Kumari),DIVINE,rap,44,0
Plenty,Guru's Jazzmatazz,r&b,44,1
All I Want,Dafuniks,r&b,44,0
Khat,Prabh Deep,rap,44,1
Oxygen,Royse,latin,44,1
What You Say,Cabela and Schmitt,latin,44,0
No-No Song,Ringo Starr,rock,44,1
On The Road (feat. Meek Mill & Lil Baby),Post Malone,rap,44,0
Reckless Life (Original Demo Version),Hollywood Rose,rock,44,0
Hold On,N7,rap,44,0
All I Had To Lose (feat. Mark Morales),Mark Morton,rock,44,1
When the Contagion Is You,Jasta,rock,44,0
DatDatDat,BROHUG,edm,44,0
Hunned Of Miles,NUGAT,rap,44,1
"The Sound Of The Jungle With Coloured Birds For Relaxation, Sleeping, Studying",Life Sounds Nature,latin,44,1
Pense em Mim,Johnny Hooker,latin,44,1
By Your Side,The Him,edm,44,0
Smokey Hue,TyLuv.,rap,44,1
Nothing Left to Say,Mint Condition,r&b,44,0
Me and You,Laura Marano,pop,44,0
Precious,Esperanza Spalding,r&b,44,1
leaf,illiterate,rap,44,1
92 Baby,W3alth,rap,44,1
Ueno,Nathan Kawanishi,rap,44,0
Rave (feat. Kris Kiss),Steve Aoki,edm,44,0
One More Hit,Weedthief,rap,44,1
Meditation,Beat Dealer,rap,44,1
Star Sapphire,Nathassia,edm,44,0
Let Me Go,Heaven 17,rock,44,0
Renegade,The Anix,rock,44,0
the light is coming (feat. Nicki Minaj),Ariana Grande,pop,44,0
Japan Stuff,Beaumont,rap,44,1
The Ghost in You,The Psychedelic Furs,rock,44,1
Song For Someone,U2,rock,44,1
Iris (Hold Me Close),U2,rock,44,0
Oblivion,Zayde Wølf,rock,44,1
Stardust,Zeds Dead,pop,44,0
No vuelvas,DrefQuila,rap,44,1
WHERE R U FROM,SEUNGRI,edm,44,0
Kiss from a Rose,Wake Me,rock,44,0
All In - Ostblockschlampen Mix,Eastblock Bitches,edm,44,0
Drunk On You,Zookeepers,edm,44,0
Welcome To My Hood,DJ Khaled,rap,44,0
Moon and Tonic,Jazzinuf,latin,44,1
Trap 4 Real,Diego Miranda,edm,44,0
Playground,My Ugly Clementine,rock,44,1
Take It To Reality,Alison Wonderland,pop,44,0
Apollo,Lookas,rap,44,0
Dinner with the Devil,Binoy,rap,44,0
Stranger In My House,Ronnie Milsap,rock,44,0
Piano's On The Beach,Jacques Renault,pop,44,0
useless,RUFUS,pop,44,1
Still Got The Blues,Gary Moore,rock,44,0
Good Man,The Federal Empire,rock,44,0
Leflaur Leflah Eshkoshka,Heltah Skeltah,rap,44,1
Soundtrack 2 My Life,Kid Cudi,rap,44,0
Twijfel,Fresku,rap,44,0
Baby You're Bad,HONNE,pop,44,0
Scream and Shout,SLORAX,edm,44,1
Bird Machine,DJ Snake,rap,44,0
Back To You,Wells*,pop,44,0
Over That,Emily Vaughn,pop,44,1
Luh You,Anderson .Paak,r&b,44,0
Que Se Repita,Rigo V,latin,44,1
"Take Me Home, Country Roads - Rerecorded",John Denver,pop,44,1
New Sensation,INXS,rock,44,0
DIEZ MINUTOS (feat. Mario Bautista),Paula Cendejas,latin,44,0
Camarim,Maquiny,rap,44,0
Yeah,UCLÃ,rap,44,0
Al Telefono,Cesare Cremonini,r&b,44,1
Bottle of Pills,John The Blind,r&b,44,0
Dreamreacher (feat. Dumang),Bakermat,latin,44,1
Andar em Paz,Urias,latin,44,1
I'm Not Part of Me,Cloud Nothings,r&b,44,0
Never Never,SBTRKT,r&b,44,0
Dissociation,Aaryan Shah,rap,44,1
Heartbreak Back - R3HAB Remix,Frank Walker,edm,44,0
Beautiful,Said the Sky,edm,44,0
Addicted - Acoustic,Saving Abel,latin,44,0
We Are Young (feat. Janelle Monáe) - Acoustic [Acoustic],fun.,latin,44,1
Head to Toe,Lisa Lisa & Cult Jam,latin,44,0
Night Time,MR TOUT LE MONDE,edm,44,1
Who The Fuck Are Arctic Monkeys?,Arctic Monkeys,rock,44,0
When We Was Fab - 2004 Mix,George Harrison,rock,44,1
Notre-dame,Triomphe,edm,44,1
Give Me Tonight,Shannon,latin,44,0
Fire of Unknown Origin,Blue Öyster Cult,rock,44,1
Raveheart,DVBBS,edm,44,0
Voodoo,DVBBS,edm,44,0
Bruised and Scarred,Mayday Parade,pop,44,0
Gravity,yetep,edm,44,0
Flow Seats,MFnMelo,rap,44,1
Chandigarh,Dilpreet Dhillon,rap,44,0
Shots - Live From Spotify London,Imagine Dragons,latin,44,0
PYRMYD,Inkyz,rap,44,0
Love in Damascus,Żwirek,rap,44,0
Don't Tell Me S***,"LAST 60""",edm,44,0
Bonbon,Era Istrefi,edm,44,0
Supply,Gurjas Sidhu,rap,44,0
Don't Say You Don't (Instrumental Version),Particle House,latin,44,1
Buttermilk Biscuits (Keep On Square Dancin'),Sir Mix-A-Lot,rap,44,1
Moi Lolita (feat. OT),Palm Trees,latin,44,0
Big Scene,Diljit Dosanjh,rap,44,0
When You See My Friends,Mayday Parade,pop,44,0
GOOD DIE YOUNG,Elley Duhé,r&b,44,1
No Quiero Dejar Esto,Yoss Bones,rap,44,0
Ocean Avenue Acoustic,Yellowcard,latin,44,0
Hero (feat. Christina Perri),Cash Cash,edm,44,0
Who We Are,Nothing More,rock,44,0
The End,In Flames,rock,44,0
Beautiful,Viigo,pop,44,1
Unbroken (feat. Gia Koka),Quintino,edm,44,0
Just What the Doctor Ordered,Ted Nugent,rock,44,0
Show Me,HoodCelebrityy,r&b,44,0
Truth Or Dare,Emily Osment,pop,44,0
Não Demora,Mati,rap,44,1
You Could Be Mine,Audax,edm,44,0
Six Two Eight - 628,Europe,rock,44,0
Burn - Original Mix,Joseph Crawford,rap,44,1
Tengo Tu Amor - Album Versión,Gusi & Beto,latin,44,0
This is Our Song,Demi Lovato,pop,44,0
"It's Party Time (From ""Hotel Transylvania 3"")",Joe Jonas,pop,44,0
The Line,Audax,edm,44,0
Zewditu,Bob Gordon,edm,44,0
DAYZ,AAAMYYY,pop,44,1
Buddha,G-Eazy,rap,44,1
Under the Supermoon,Artists for Peace and Justice,pop,44,1
Build Me Up Buttercup,Keni,pop,44,1
Disfraza,IAmChino,latin,44,0
Espejo,Bipo Montana,rap,44,1
Si Me Quieren Matar,Delaossa,rap,44,0
Take It Off,Lil Jon,edm,44,0
Bésame Bonito,Iskander,latin,44,0
Lonely Together - (feat. Rita Ora) Dj Licious Remix,Avicii,edm,44,0
All Falls Down (feat. Juliander) - Mark Villa Remix,Alan Walker,edm,44,0
Tribe,Dav the Ninja,rap,44,0
Lost,Chris Linton,pop,44,1
The Machine,Take/Five,rap,44,0
Blame - Tisoki Remix,Party Favor,rap,44,0
Tired,Henri Purnell,latin,44,0
Your Shirt,Chelsea Cutler,pop,44,0
don't tlk,toast,pop,44,0
Fiya,jame,pop,44,1
Think I'm In Love Again,Paul Anka,latin,44,1
Ham Sandwich,Getter,rap,44,0
Abriendo Puertas,Gloria Estefan,latin,44,0
Adaptation,The Weeknd,r&b,44,0
Don't Give Up,Chicane,edm,44,0
Get on Your Feet,Gloria Estefan,latin,44,0
Trouble,Annella,edm,44,0
Technologic - Radio Edit [Radio Edit],Daft Punk,rock,44,0
Shame,"Evelyn ""Champagne"" King",rock,44,0
Obsession (feat. Jon Bellion),Vice,r&b,44,0
Meu Neném,Neew,r&b,44,0
Gonna Save Me,Paisley Pink,latin,44,1
You,Majid Jordan,r&b,44,1
We Don't Care,Matt Rysen,rap,44,0
Dead Types,Don Mills,pop,44,0
La Alergia,Donny Caballero,latin,44,0
Good Time [GAB Remix],Nexeri,edm,44,0
Ruins,William Black,rap,44,0
Trippie Redd,Coqeéin Montana,rap,44,0
FatMan,Jesse Rose,edm,44,0
Gingerbread Man,Dirty Honkers,edm,44,0
Party Like It's 1923 - Electro Swing Spin,Teminite,edm,44,0
Geht Los!,Sa4,rap,44,0
The Let Out,Jidenna,rap,44,0
Metal,Gary Numan,rock,44,1
But Not Tonight,Depeche Mode,rock,44,1
"You Just Haven't Earned It Yet, Baby",The Smiths,rock,44,0
Patience,Egzod,rap,44,0
I Don't Want That,Attom,rap,44,0
You Are the Light - Edit,Hot Since 82,edm,44,0
Contigo,Cali Y El Dandee,latin,44,0
Friend Of Mine - Remix,Kelly Price,r&b,44,1
We Found Love (feat. Ashibah) - Nora En Pure & Passenger 10 Remix Edit,Nora En Pure,edm,44,0
Coming Back - Maya Jane Coles Remix,Eli & Fur,edm,44,1
Bonita Si E´ (feat. Chelito de Castro),Donny Caballero,latin,44,0
Back Together,William Black,rap,44,0
Just Another Day,Oingo Boingo,rock,44,0
Wind In Her Hair,Motorama,rock,44,0
Alps,Motorama,rock,44,0
La vida loca,White 2115,rap,44,0
Breadcrumbs,Deca,r&b,44,1
Thankful,Meynberg,latin,44,1
Times Like These,Meynberg,latin,44,1
Come Back - Revoke Remix,Sarcastic Sounds,rap,44,0
Dance With Me,Dirty Honkers,edm,44,1
Detonao,Lautaro LR,latin,44,1
On Chill (feat. Jeremih),Wale,r&b,44,0
California,Dom Kennedy,rap,44,0
Sweet Lady - Remastered 2011,Queen,rock,44,0
Te Confisco - Remix,Anonimus,latin,44,0
Blunt (feat. Blac Youngsta),Kid Buu,rap,44,0
Ghettotourist,Sa4,rap,44,0
You Make Me Feel Like Dancing - Remastered,Leo Sayer,r&b,44,1
$20 Fine,Jimi Hendrix,rock,44,0
Midnight at the Oasis,Maria Muldaur,rock,44,1
Shannon,Henry Gross,rock,44,1
Head Bussa (feat. Lil Jon),Lil Scrappy,rap,44,0
"I Luv It (feat. Kokane, Sir Dogg & Snoopy Collins)",Kokane,rap,44,0
Dyin Slowly,Bill $Aber,rap,44,1
Hoovela,Steve Aoki,edm,44,0
Dirty South (feat. Big Boi),Goodie Mob,rap,44,1
Part Eight,Paul Kalkbrenner,edm,44,1
Shadows (feat. Veronica),Adam K,pop,44,0
Good Company - Remastered 2011,Queen,rock,44,1
Listen,Nekta,edm,44,0
Release Your Problems,Nick Murphy / Chet Faker,pop,44,1
Dragon Attack - Remastered 2011,Queen,rock,44,0
Don't Try Suicide - Remastered 2011,Queen,rock,44,1
Quema,Sotomayor,latin,44,0
Here with You,NLSN,latin,44,0
Young Black Intelligent,Masta Ace,r&b,44,0
Cigarros y Tragos,Los Espiritus,latin,44,1
Stara Škola,Haze,rap,44,1
Lifting You Higher (ASOT 900 Anthem) - Blasterjaxx Remix,Armin van Buuren,edm,44,0
This Is What You Came For - R3hab vs Henry Fong Remix,Calvin Harris,edm,44,0
No Más,Emilio Rojas,latin,44,1
Are You Listening,DubVision,edm,44,0
Body Language - Remastered 2011,Queen,rock,44,1
Mr Magpie - Jamie Berry Remix,The Electric Swing Circus,edm,44,0
Kisse Misse,Annella,edm,44,0
Here with You,Lost Frequencies,pop,44,0
It's Not Easy,Ofege,rock,44,0
Strangers - Radio Edit,Luca Debonaire,edm,44,0
SPOTLIGHT,eill,pop,44,0
Do This Together,Kav Verhouzer,latin,44,1
I Love It When You Cry (Moxoki) - Boehm Remix,Steve Aoki,latin,44,0
Peace Of Mind,Hablot Brown,r&b,44,1
Rincones de Tu Cuerpo,Chucho Rivas,latin,44,0
Wonderful Days,Cuebrick,edm,44,0
Epsilon Girls,Andy Hart,edm,44,0
Only You (feat. Notorious B.I.G. and Mase) - Greatest Hits Version,112,r&b,44,0
Sho Nuff,Tela,rap,44,1
Si Señor,Control Machete,rap,44,0
Light Up the Sky,Thousand Foot Krutch,rock,44,0
Feel It,LOOPERS,edm,44,0
Enjoy The Silence 2004,Depeche Mode,pop,44,0
Tonight,NEFFEX,edm,44,0
You Don't Know Me,Arman Cekin,edm,44,0
Freak Like Me,Halestorm,rock,44,0
Addictive Love,Bebe & Cece Winans,r&b,44,0
Born and Raised In Compton,DJ Quik,rap,44,1
Unforgettable,Aerreo,pop,44,0
Break Down The Walls,Asking Alexandria,rock,44,0
What You Wanna Do?,Kausion,rap,44,0
We Roll Deep,The Conscious Daughters,rap,44,0
Valentina,The Hunts,pop,44,0
Bring It To Me,Jaycen A'mour,edm,44,0
Выпускной (Медлячок),Basta,rap,44,0
S.A.X. - Original Mix,Laidback Luke,edm,44,0
My Love Is the Shhh!,Somethin' For The People,r&b,44,0
Repetirlo,Diamond la Mafia,latin,44,0
That Night,Indyah,pop,44,1
Everyday,Orishas,r&b,44,0
Severe Punishment,Wu-Tang Clan,rap,44,0
After The Pain,Betty Wright,rap,44,1
Check (feat. RAYE) - International Artist Remix,A Boogie Wit da Hoodie,r&b,44,0
Run,Delta Rae,pop,44,0
Supernova (Interstellar) - Radio Edit,Steve Aoki,edm,44,0
Touchdown (feat. Eminem),T.I.,rap,44,0
"Bout It, Bout It II",Master P,rap,44,0
She's Got That Vibe,R. Kelly,r&b,44,0
What Have You Done For Me Lately,Janet Jackson,r&b,44,1
Footprints,Tiësto,edm,44,0
Nollie Tre Flip,Hopsin,r&b,44,0
West Savannah,OutKast,rap,44,0
Smokin & Drinkin,Danny Brown,r&b,44,0
Sweet & Gentle - Me Lo Dijo Adela,Flora Martínez,latin,44,1
"Heartbroken, In Disrepair",Dan Auerbach,rock,44,0
Someone to Love,Jon B.,r&b,44,1
Yo No Soy Esa Mujer,Paulina Rubio,latin,44,0
MD - Radio Edit,MZ,r&b,44,0
Where the Moon Hides,GARZA,rap,44,0
Love Won't Let Me Down,Hillsong Young & Free,pop,44,0
Good Ol' Days,Elijah Midjord,pop,44,1
Thug Lovin',Ja Rule,r&b,44,0
No Sugar Tonight,The Guess Who,rock,44,1
Taylor Gang,Wiz Khalifa,rap,44,0
The Water Dance (feat. Pitbull),Chris Porter,rap,44,0
2025,Bohdi,pop,44,1
Changed,Henry Park,pop,44,1
Count On You - ATFC's C-thru Remix,Autoerotique,edm,44,0
Crazy,PAWSA,edm,44,1
Me Roar - Format:B Remix,Super Flu,edm,44,1
Move Your Body (Future House),Tchami,edm,44,0
Alone (Ken Bauer Remix),Max Fail,edm,44,0
None Of Ur Friends Business,Ginuwine,r&b,44,1
Gangster Trippin,Fatboy Slim,rap,44,0
Schüsse aus'm Benz,Olexesh,rap,44,1
Party All The Time - Club Mix,Gestört aber GeiL,edm,44,0
Bunker,Sa4,rap,44,0
Ready to Die,18 Karat,rap,44,0
Tush,ZZ Top,rock,44,0
Forbes (feat. G-Eazy),Borgore,rap,44,0
Un Beso de Su Boca,Maía,latin,44,0
Donde Estabas Anoche,Aymee Nuviola,latin,44,0
Subenstein (My Sub IV),Big K.R.I.T.,r&b,44,0
Get Away,Big K.R.I.T.,r&b,44,0
¿A Dónde Vas?,La Isla Centeno,latin,44,1
Rock My Heart - Radio Mix,Haddaway,pop,44,0
You,Galantis,edm,44,0
Play for Keeps (feat. La Capone),Rondonumbanine,rap,44,1
Can't Say No (feat. PJZ),Alex Mattson,pop,44,0
Doin' It,LL Cool J,r&b,44,1
Don Dada - Mike Emilio Remix,Alfons,edm,44,0
Summertime,DJ Jazzy Jeff & The Fresh Prince,r&b,44,0
Breathin' (feat. Cara Hughes),Bortharm,latin,44,0
Games,Chuckii Booker,r&b,44,1
Asleep At The Wheel,Band Of Skulls,rap,44,0
I'm America,Cilver,rap,44,0
Messiah,Klingande,latin,44,0
Amsterdam,Frans,pop,44,0
Soltero,Grupo Niche,latin,44,0
Free,JRL,pop,44,0
Panamalu,Fabio Carry,latin,44,0
Runaway,Halcyon,latin,44,0
You Want This,Nonsens,edm,44,0
Mission Control,Knox Hamilton,pop,44,0
Comforter,Shai,r&b,44,1
Wavelength - Remastered,Van Morrison,rock,44,0
Wrong (with Emund),Olympis,edm,44,1
Feel the Same,Battle Tapes,pop,44,0
Heart in the Pipes (KAUF Remix),Tony Castles,pop,44,0
Koka,Azet,rap,44,0
Put It On For Me,Don Diablo,latin,44,1
Fireproof - Embody Remix,Coleman Hell,latin,44,0
Find a Way (feat. Rudy),Dirty South,edm,44,0
SuperWave,Ummet Ozcan,edm,44,0
No One Knows Who We Are (Radio Edit) (feat. Lights),Kaskade,edm,44,0
Caribbean Rave,W&W,edm,44,0
Fall At Your Feet,Lucy Neville,pop,44,0
Stonecold,machineheart,pop,44,1
One Shot,Struggle Jennings,rap,43,0
Hard 2 Love,Haystak,rap,43,0
Tell Em,Rich Homie Quan,rap,43,0
All Over Now,The Cranberries,rock,43,0
"Disease - KATFYR ""Tokyo Bound"" Remix",Naeleck,edm,43,0
Call Me Over,Dusky Grey,latin,43,0
Spread My Wings,Troop,r&b,43,0
Blue Monday,Nouvelle Vague,latin,43,0
Only Us,Paperwhite,pop,43,0
Calavera,Hardwell,edm,43,0
Where Angels Fear To Tread - Single Version,Mustasch,rock,43,0
Medellín - Offer Nissim Madame X In The Sphinx,Madonna,latin,43,0
In the End,The Cranberries,rock,43,0
Stretch Your Eyes,Agnes Obel,pop,43,1
No Love Like Yours,Edward Sharpe & The Magnetic Zeros,r&b,43,0
Slide,Sir Foster,latin,43,0
Hold On,French 79,pop,43,0
Unlove You (feat. Ne-Yo) - Club Mix,Armin van Buuren,edm,43,0
Dolerá,KURT,latin,43,0
A Death In The Family,Sum 41,rock,43,0
Love Is Blind,Coleman Hell,pop,43,0
Expecting to Fly,Buffalo Springfield,rock,43,1
Making Moves,YBS Skola,rap,43,1
Filthy Rich,Evalyn,pop,43,1
Let Me Take You There (feat. Laura White) - ARTY Remix,Max Styler,edm,43,0
so sad,Mike Vallas,pop,43,1
Girls Don't Like Me,Wett Brain,latin,43,0
Love Will Conquer All,Lionel Richie,rock,43,1
Escándalo (feat. Omar Montes),Rasel,latin,43,0
Words Get In the Way,Miami Sound Machine,rock,43,1
Sweet Victory,R-Mean,edm,43,0
"Vuela, Vuela (feat. Mercurio, OV7, JNS, Calo & Litzy) - En Vivo - 90's Pop Tour, Vol. 3",Magneto,latin,43,0
"The Climb, the Fall",Luke Thompson,pop,43,1
The Way You Love Me,Karyn White,r&b,43,0
Sin Tu Amor,Mr. Don,latin,43,0
Con los Ojos Cerrados,Milly Quezada,latin,43,0
Got My Whiskey,Mel Waiters,rap,43,0
Me Sale Bien,Pachará,latin,43,1
Vertigo (feat. Caroline Pennell),DOLF,edm,43,0
You Don't Know Me,Swanky Tunes,edm,43,0
Avalon,Madison Mars,edm,43,0
Night Drive,Gorgon City,pop,43,1
Munch,S-Ilo,latin,43,1
Underwater Soul,Tree60,latin,43,1
Shark Tank,Rob Level,rap,43,0
My World,OSHUN,r&b,43,1
Let You Go,WALWIN,edm,43,0
So Hot,Jigg,latin,43,0
Honest,Koji.,r&b,43,1
Coqueta,Said P.,latin,43,0
Iris,Avenza,edm,43,0
Crush On You,The Jets,rock,43,0
Stones,Emmit Fenn,pop,43,1
Push Ya Back Out,Shift K3Y,edm,43,0
She's Long Gone,The Black Keys,rap,43,0
When the Devil Calls,Blues Saraceno,rap,43,0
Louder - Wlady and T.N.Y. Remix,ReauBeau,edm,43,0
Amanda Lear,Baustelle,pop,43,0
Stay The Night,Claptone,pop,43,0
Sizedrum,Leyze,rap,43,1
Alive - Hardwell Remix,Krewella,edm,43,0
Make It Right,Armin van Buuren,pop,43,0
愛が止まらない ~Turn It Into Love~,Wink,r&b,43,0
$Dreams,Max Frost,pop,43,0
Afternoon,TENDER,pop,43,1
MOB,Olexesh,rap,43,1
Sirp,Bonez MC,rap,43,0
Gib mir 2 Minuten,AK Ausserkontrolle,rap,43,1
Better,Jared Moreno,edm,43,1
Stand Up,Trapt,rock,43,0
LazersX999,HI-LO,edm,43,0
Omerta,Sandro Silva,edm,43,0
A New Disaster,Cold Kingdom,rock,43,0
Hold Me Back,Rick Ross,rap,43,0
Huerfano De Amor,Don Omar,latin,43,0
Luna Llena,Don Omar,latin,43,0
Melaza,Tiro De Gracia,latin,43,0
Hubiera,Crudo Means Raw,latin,43,1
Love Yourself - Will Prime Remix,Will Prime,edm,43,0
All We Know - Oliver Heldens Remix,The Chainsmokers,edm,43,0
Haven,Finesse,rap,43,1
Fly with Me,Yung Bae,r&b,43,0
Here Come the Horns,Delinquent Habits,latin,43,0
Swimming In The Flood,Passion Pit,pop,43,0
At This Moment,Billy Vera & The Beaters,rock,43,1
Let's Go Home,Eklo,latin,43,1
Surviving (feat. Joe Cleere),Sondr,pop,43,0
Born Ready - Halogen Radio Edit,Disco Fries,edm,43,0
Die Rockin,Whiskey Myers,rock,43,0
Blind,Ericé,latin,43,0
We Got It All (feat. MPH),Sick Individuals,latin,43,0
Close to Me,Alex Fosse,latin,43,0
Rise (feat. Skylar Grey),David Guetta,pop,43,0
We're Coming In,FEVER 333,rock,43,0
Afroman,Plastilina Mosh,latin,43,0
$. A. N. T. E. R. Í. A.,Doble Porcion,latin,43,1
Gjynah,Azet,rap,43,0
Großstadtdschungel,Miami Yacine,rap,43,0
El Afortunado,Septeto Acarey,latin,43,0
Lo Que Yo Quiero,Maía,latin,43,0
Lit Lit,Rahul Dit-O,rap,43,0
Paranoid,Royal Bliss,rock,43,0
No Entiendes La Onda (How I Could Just Kill A Man) - Spanish Edit,Cypress Hill,latin,43,0
I'm OK (feat. Shaylen),Manila Killa,pop,43,0
Awake,ayokay,pop,43,1
Show Me The Way,Penguin Prison,pop,43,0
Empty,American Sin,rock,43,0
The Leap,Our Last Night,rock,43,0
Butterfly,Molella,pop,43,0
Movin' Too Fast,Olly James,edm,43,0
Blood Red Moon (Demo),The xx,pop,43,1
East Coast,Alex McArtor,rock,43,1
Intentions (feat. Darkan),Jasmine Ortiz,latin,43,0
Keep Me in Mind,Cape Cub,pop,43,1
Not Today - Remix,Hillsong UNITED,pop,43,0
Losing Myself,Cesqeaux,edm,43,0
Somebody Dance with Me,DJ Bobo,pop,43,0
The Nights - Avicii By Avicii,Avicii,pop,43,0
Moonlight Shadow - The Cleric Remix,Micast,edm,43,0
New Generation,Kvmo,edm,43,0
Warriors,Paris Blohm,edm,43,0
Holding Up - Radio Edit,Jabberwocky,latin,43,0
You Dont Need Me,Granata,r&b,43,1
Shaktimaan,Seedhe Maut,rap,43,1
That Jazz,Coops,r&b,43,0
Kyona,Two Sleepy,rap,43,1
Starman - Single Mix,David Bowie,rock,43,1
Desperado - 2013 Remaster,Eagles,rock,43,1
5 Steps,Dru Hill,r&b,43,1
Rooting,Adeena,edm,43,0
PRESS,Boslen,rap,43,0
yes,Musiq Soulchild,r&b,43,0
FYI,THE HARA,rock,43,0
Lasagne,Habstrakt,edm,43,0
Who's Got Your Love - Mike Williams Remix,Cheat Codes,edm,43,0
okinawa bbq,mommy,latin,43,1
Living Proof,Des Rocs,rock,43,0
Both of You,Patrick Martin,rock,43,0
Play the Fool,Solarrio,latin,43,0
My Oh My,Aqua,pop,43,0
Crystalfilm,Little Dragon,pop,43,1
Tunnel of Love (Intro: The Carousel Waltz),Dire Straits,rock,43,1
In Arms - A-Trak Remix,Ferreck Dawn,edm,43,0
Here I Go Again 87 - 2008 Remaster,Whitesnake,rock,43,0
Mall,Gucci Mane,rap,43,0
Time Out,JessB,rap,43,1
PREACHER MAN,SWIDT,rap,43,1
Shine,Lil Wayne,rap,43,0
A Change Is Gonna Come,Leela James,r&b,43,1
There It Is,Ol' Burger Beats,rap,43,1
The Real Deal,Hydrogenii,rap,43,0
Matrimony: Maybe You - Remastered 2018,Maxwell,r&b,43,1
Shades,Christopher Wilde,pop,43,0
Scars (Come With Livin') - Neon Feather Remix,TobyMac,pop,43,0
Found Love - Radio Edit,Roger Martin,edm,43,0
Never Let You Go (feat. John Newman) - Jack Wins Remix,Kygo,edm,43,0
Heroes - Single Version [Remastered],David Bowie,rock,43,0
Lido Shuffle,Boz Scaggs,rock,43,0
Sunlight in Your Eyes,Chavano,edm,43,0
"impossible weight (feat. yoh, rou and jessie shire)",four lore,rap,43,1
One More Hour,Anthony Ramos,r&b,43,1
Side 2 Side - feat. Bow Wow & Project Pat - Explicit,Three 6 Mafia,rap,43,0
MAMBO (feat. Childsplay & Chuckie),Jaycob Duque,latin,43,0
Riding Shotgun (feat. Bonnie McKee) - Ryan Riback Remix,Kygo,edm,43,0
Tell Me What You Want Me to Do,Tevin Campbell,r&b,43,0
Rip It Up (feat. Aaron Cole),Capital Kings,edm,43,0
Bout Me (feat. Problem & Iamsu),Wiz Khalifa,rap,43,0
Моя игра,Basta,rap,43,0
Cloudy Day,the.lazyb,rap,43,1
Out All Night,Ray Ben Rue,rap,43,1
Run,ShockOne,edm,43,0
Whatever,Jill Scott,r&b,43,0
Doin' It,Deauxnuts,rap,43,1
Echo Park,Dontcry,rap,43,1
Miracle Drug,U2,rock,43,0
Mosquito,Red Velvet,edm,43,0
Mayores,Becky G,latin,43,0
WILD LOVE,ELEVATION RHYTHM,pop,43,0
Let Go,Hillsong Young & Free,pop,43,0
Everything and More (feat. Aaron Cole),Hollyn,pop,43,0
Sem V.O.C.E,Jaloo,latin,43,1
Volta,As Bahias e a Cozinha Mineira,latin,43,1
Shamrocks and Shenanigans,House Of Pain,rap,43,1
Deep and Dark,Scorpions,rock,43,0
No Limit,Scorpions,rock,43,0
What Are You Doing New Year's Eve? - Remastered,Nancy Wilson,r&b,43,1
Soul Holidays,Sounds Of Blackness,r&b,43,0
Loungin',Epifania,rap,43,1
Dreams,Bluedoom,rap,43,1
as time goes by,Kuranes,rap,43,1
Dusty Snare,damaa.beats,rap,43,1
That's What I Want For Christmas - Remastered 1992,Nancy Wilson,r&b,43,1
Noir,QQUN,edm,43,1
Give Love On Christmas Day,Ledisi,r&b,43,0
I'm Shakin',Jack White,rock,43,0
Before You Hit The Ground,Jonny Lang,rock,43,0
Tringeling,Johnny 500,latin,43,0
Part Time Lover,H-Town,r&b,43,0
Longing,Axian,rap,43,1
Vibes & Sh*t,Waahiid,rap,43,1
"My Forbidden Lover (original Power 12"" Mix)",Tapps,latin,43,0
Motorcycle Cop,Power Glove,pop,43,0
No Lo Pienses - Remix,Ñejo,latin,43,0
Get The Party,CØDE,edm,43,0
Hark,Tom Misch,pop,43,1
Trap Story,Lil Chainz,rap,43,0
Take Ü There (feat. Kiesza) - Zeds Dead Remix,Skrillex,rap,43,0
Rollin' With Kid 'N Play,Kid 'N Play,r&b,43,1
Heaven & Hell,Raekwon,rap,43,0
So Many Details,Toro y Moi,pop,43,0
A punto (feat. Delfina Campos),Amigos Raros,latin,43,0
Self-love,Binoy,rap,43,1
Aquaman,Asfalto Rec,rap,43,0
Un Poquito,#TocoParaVos,latin,43,0
Ryat,ATTLAS,edm,43,1
Copas de Vino - Remix,Fullbeta,latin,43,1
Calling Out for You,COY Swede,edm,43,1
Cuéntame,Gabo Viera,latin,43,0
In Your Arms,Kina Grannis,pop,43,1
Wait For The Blackout,White Lion,rock,43,0
Straight Into The Fire,Zedd,edm,43,0
Stroke You Up,Changing Faces,r&b,43,0
Language - Extended Mix,Porter Robinson,edm,43,0
Tip Toe Wing In My Jawwwdinz,Riff Raff,r&b,43,1
Pursuit Of Happiness (Nightmare),Kid Cudi,rap,43,1
Knockin' Boots,Candyman,rap,43,0
Ghetto Cowboy,Mo Thugs,rap,43,0
You're Dead Wrong,Mayday Parade,pop,43,0
Chains - Remix,Nick Jonas,edm,43,0
Abrázame - Versión Acústica,Camila,latin,43,1
Sorry Not Sorry,Like,rap,43,1
shorty (pt.3),Deem Spencer,rap,43,1
TITLE TRACK,Lee Scott,rap,43,1
Come Go with Me,Exposé,latin,43,0
Red Light,Deep Jandu,rap,43,0
Black Ice (Sky High) (feat. OutKast),Goodie Mob,rap,43,0
Love Will Save the Day,Whitney Houston,r&b,43,0
Black Cat,Janet Jackson,r&b,43,0
Burner,Duke & Jones,edm,43,1
Take It All,Sawyer Fredericks,pop,43,0
Latino,Chuckie,latin,43,0
Crept and We Came,Bone Thugs-N-Harmony,rap,43,0
Made to Love Ya,Gerald Levert,r&b,43,1
Ride Of Your Life,Tinashe,r&b,43,1
Birthday Girl,Blue Wednesday,pop,43,1
Hypnotised,Franc Moody,pop,43,1
WFT,Trapical,latin,43,0
Lost,Jay Hardway,edm,43,0
Say My Name (feat. Zyra) - Jai Wolf Remix,ODESZA,pop,43,0
High Rises,CHIKA,rap,43,1
Dancer,Cero Ismael,rap,43,1
Bad Romance - Live,Thirty Seconds To Mars,latin,43,1
Ruthless For Life,MC Ren,rap,43,0
Урбан,Basta,rap,43,0
Dance X,Gesaffelstein,edm,43,0
I Adore Mi Amor,Color Me Badd,r&b,43,1
Here Comes The Sun,Campsite Dream,pop,43,0
Young Like This - HEDEGAARD Remix,Hugo Helmig,edm,43,0
Kobra (feat. Pouvoir Magique),Fakear,rap,43,0
Stronger,Lonely in the Rain,edm,43,1
Keeps Me High,Ez Quew,edm,43,0
Si la Ves (feat. Cruzito),R.K.M & Ken-Y,latin,43,1
Доедешь: Пиши,Kaspiyskiy Gruz,rap,43,0
Come Back To Me,Janet Jackson,r&b,43,1
I Can't Wait Another Minute,Hi-Five,r&b,43,1
Selfish - Shlohmo Remix,PnB Rock,rap,43,0
The Kick,Maurice West,edm,43,0
Virus (How About Now),Martin Garrix,edm,43,0
Ante Up,M O P,rap,43,0
Praying To A God - Melio Remix,Mr. Probz,latin,43,1
Chit Chat,Small Talk,latin,43,0
Non Stop Never Stop,Harvio,latin,43,1
Toma Bebe - Official Remix,Lenny Tavárez,rap,43,1
GOT IT GOOD (feat. Craig David),KAYTRANADA,r&b,43,1
Ganga,Lefty Sm,rap,43,1
Todo Está Bien,Wk,rap,43,1
I Beg Your Pardon (I Never Promised You a Rose Garden),Kon Kan,rock,43,0
Remember When,Mitch Murder,pop,43,1
Thinkin Bout You,Sep,edm,43,0
Silent Morning,Noel,latin,43,0
Thank God I Found You (feat. Joe & Nas) - Make It Last Remix Edit,Mariah Carey,r&b,43,0
Honey Love,R. Kelly,r&b,43,1
Huldra - Other Version,Gidge,r&b,43,1
Feed The Machine,Red,rock,43,0
Home,Fortuno,pop,43,1
A Banca Sessions #1,A Banca Records,r&b,43,1
Na Tua Casa,Pelé MilFlows,r&b,43,0
Sunbathing,Dye O,latin,43,0
Sucker M.C.'s (Krush-Groove 1),Run–D.M.C.,rap,43,0
Ti porto a ballare,Lebo,r&b,43,0
As the Music Plays the Band,Bamboo,rock,43,0
Wave (feat. Mike Sabath) - R3hab Remix,Meghan Trainor,edm,43,0
Buona (Cattiva) Sorte,Tiziano Ferro,r&b,43,0
Outlet,Menestrel,rap,43,1
Lambe Lá,Azzy,rap,43,0
Nothing Less,Knapsack,rap,43,0
Só Moleque Bom,NGKS,rap,43,0
Care (feat. Madi),R3HAB,edm,43,0
Prodigium,Azide,rap,43,0
Can't Back Down,Demi Lovato,pop,43,0
Gold,Victoria Justice,pop,43,0
Free Falling,VINNE,edm,43,0
We Share The Same Skies,The Cribs,rock,43,0
Wildfire,Audax,edm,43,0
Montreal,Dieter Spitz,latin,43,1
It's OK To Be Black,Jac Ross,pop,43,0
Perreo,Kexxy Pardo,latin,43,0
Whatever - Radio Edit,Ideal,r&b,43,0
Twork It Out,Usher,r&b,43,0
Love Shoulda Brought You Home,Toni Braxton,r&b,43,0
Turn Me On,Demuja,edm,43,0
Let My Baby Stay,Amandla Stenberg,r&b,43,1
Problemas Usuales,Proof,rap,43,0
Los Mate,Tego Calderon,latin,43,1
Hold On We're Going Home,ASTR,pop,43,0
Where Is the Love,Roberta Flack,rock,43,1
Your Love - Original Club Mix,Mark Knight,edm,43,0
Beyond the Sky,ØMG,pop,43,0
All Night (feat. Trevor Jackson),Codeko,edm,43,0
Cortex,Aunty Social,pop,43,0
You & I [Henri Purnell Remix],Nexeri,latin,43,0
Here We Are,Gloria Estefan,latin,43,1
Perdido en Madrid (feat. Sofia Ellar) - Acústica,Dani Fernández,latin,43,1
Conexión Vieja Escuela (feat. Sinful),Cartel De Santa,rap,43,0
Miss Her,Proleter,edm,43,1
Perfect (Electro Swing Remix),11 Acorn Lane,edm,43,0
Cornerstone,Benjamin Clementine,r&b,43,1
Swalla (feat. Nicki Minaj and Ty Dolla $ign) - Wideboys Remix,Jason Derulo,edm,43,0
Play for Today - Remastered Version,The Cure,rock,43,0
Hero (feat. David Shane),QUIX,rap,43,0
Schism,Take/Five,rap,43,0
Music of My Heart,*NSYNC,latin,43,1
Khamsa Ba2a,Oka,latin,43,0
Ya Baba,ALAWIE,latin,43,0
Así Es Amar,María León,latin,43,1
Reach For Me,Party Favor,rap,43,0
Ho,Ludacris,rap,43,0
Tears In The Rain,The Weeknd,r&b,43,0
My Time,Jordan Rakei,r&b,43,1
MAD,JETFIRE,edm,43,0
Crema,Owin,rap,43,0
Nobody (feat. Stargate),Netsky,edm,43,0
Leftovers,Jones Meadow,latin,43,1
Back Around,Sole Sole,latin,43,0
Vem Comigo,Dreicon,r&b,43,1
Toque Na Pele,24por7,r&b,43,0
Sweet Dreams,The FifthGuys,pop,43,1
The Way,Sultan + Shepard,edm,43,1
Fantasy,TYFI,pop,43,0
Super Human,Tobi,rap,43,0
St Louis Blues,The Swing Bot,edm,43,0
Consolation Prizes,Phoenix,rock,43,0
Very Nice People,DJ Mibor,edm,43,0
Lullaby,Proleter,edm,43,1
Chelsea,TOTO,rock,43,1
Darkside (feat. marcos g),Rence,edm,43,1
Reasons,Max Lean,edm,43,0
Vagabonds,New Model Army,pop,43,0
Dark Days - Sofi Tukker Remix,Local Natives,r&b,43,0
All Over Me,Cards,pop,43,0
Odeia,I See Colors,pop,43,0
Soldier,Blasterjaxx,edm,43,0
Dopamine Lit (Intro),Lupe Fiasco,rap,43,0
Loving Me 4 Me,Christina Aguilera,r&b,43,1
La Manito,Martina La Peligrosa,latin,43,0
Todo de Mí,Carolina Ross,latin,43,1
Wild,VINAI,edm,43,0
Stay Up,Gill Chang,rap,43,0
Lion,Sultan + Shepard,edm,43,0
Drifting - Tim Schaufert Remix,TWO LANES,rap,43,1
Wait for Me,CTZNJ,pop,43,1
A Question of Lust,Depeche Mode,rock,43,0
All Cried Out (feat. Alex Newell) - Oliver Nelson Remix,Blonde,pop,43,0
Dancin' Til Dawn,Lenny Kravitz,rock,43,0
"The More You Live, The More You Love",A Flock Of Seagulls,pop,43,0
Diva,Nicki Nicole,latin,43,0
Gin Tonic,Parov Stelar,edm,43,0
wowowo - remix,chillwagon,rap,43,0
Hit and Run,Midnght,latin,43,1
Toluca Lake - Imad Remix,Tep No,latin,43,1
Tell Me,Lost Frequencies,latin,43,1
Las Palabras De Amor (The Words Of Love) - Remastered 2011,Queen,rock,43,1
Leise,Haze,rap,43,0
Noronha,Adamovich,r&b,43,1
Ven y Hazlo Tú,Nicky Jam,rap,43,0
Te Di Primero,Mathew,rap,43,1
Destined,Matstubs,rap,43,0
By the Pool,Palomo Wendel,r&b,43,1
Tartarus,Ghostemane,rap,43,0
Hollow (feat. Sabelle),My Buddy Mike,edm,43,0
We Are Giants Featuring Dia Frampton,Lindsey Stirling,edm,43,0
who is he,Auxxk,rap,43,0
Gimme de Tu Amor,Soraya,latin,43,0
Spend The Night,Rahsaan Patterson,r&b,43,1
Classic (feat. Fetty Wap & POWERS ),The Knocks,edm,43,0
Andrew's Break,AlgoRythmik,edm,43,0
Minnie the Moocher,Pisk,edm,43,0
My Way - 1993 Remastered Version,Sid Vicious,rock,43,1
Immortal (We Live Forever),DVBBS,edm,43,0
Leave The World,Gaullin,edm,43,0
This Night Won't Last Forever,Michael Johnson,rock,43,1
Shut It Down,Neil Young,rock,43,1
Mustapha - Remastered 2011,Queen,rock,43,1
Rxdical Forever,Anonymuz,rap,43,0
"Lakers (feat. Ab-Soul, Polyester the Saint)",Freddie Gibbs,rap,43,0
Remember Everything,Five Finger Death Punch,rock,43,0
YOU & I,VRSTY,rock,43,0
The Road,Shahmen,rap,43,0
Poison,Awich,r&b,43,0
Circles,Audien,edm,43,0
Sex (Let's Talk About Sex),Bleeke,pop,43,1
Dile Que No,Madiel Lara,latin,43,1
Calma - Mambo Remix,Farruko,latin,43,0
Death Before Dishonor,Jelly Roll,rap,43,0
Layla,Derek & The Dominos,rock,43,1
Red White and Blue Jeans,Upchurch,rap,43,0
Again Now,Kharfi,latin,43,0
Fade Into Darkness - Vocal Radio Mix,Avicii,edm,42,0
Save Me,Momo Soundz,r&b,42,0
Never Say Goodbye - Radio Edit,Hardwell,edm,42,0
Bomba Latina,Sidney Samson,edm,42,0
You Keep Calling,BAARD,pop,42,0
You Are The Reason - Tiësto's AFTR:HRS Remix,Calum Scott,latin,42,0
Summer Lover,Cub Sport,pop,42,1
I Want to Know,Divite,edm,42,0
Talk to Me,Sixx:A.M.,rock,42,0
I Think of You,Sandra Lynn,r&b,42,1
Lost,The Cranberries,rock,42,0
Superstar - Dwin Remix,Linas Music,edm,42,0
Fool (If You Think It's Over),Chris Rea,rock,42,1
HONEY,RIRI,pop,42,0
Love Me Two Times - New Stereo Mix,The Doors,rock,42,0
スパゲッティー,AYA A.K.A PANDA,pop,42,0
Deja,Ali Aka Mind,rap,42,0
Purgatory,Ryllz,edm,42,0
Some Like It Hot - 2005 Remaster,The Power Station,rock,42,0
Porcelain,Skott,pop,42,1
Tell Her You Belong To Me,Beth Hart,r&b,42,1
Citizen of Glass,Agnes Obel,pop,42,1
Mary,Agnes Obel,pop,42,1
Pierce,ONE OK ROCK,rock,42,1
Fight the Night,ONE OK ROCK,rock,42,0
Keep Yourself Alive - 2011 Mix,Queen,rock,42,0
Doing Alright - Remastered 2011,Queen,rock,42,1
Money On My Mind,Daz Dillinger,rap,42,0
Ex (feat. YG),Ty Dolla $ign,rap,42,0
Rides Through The Morning,Michael Nau,rock,42,1
Chocolate Jesus,Tom Waits,rock,42,1
Now's The Time,Moon Taxi,pop,42,0
Obaa Sima,Ata Kak,rock,42,0
Sugod,Sandwich,rock,42,0
Mad World - Radio Edit,Hardwell,edm,42,0
Betcha Can't Do It Like Me,D4L,rap,42,1
Sweet Things,The Pretty Reckless,rap,42,0
Kung Di Rin Ikaw,Mayonnaise,rock,42,0
Do You Believe (Original Mix),Poolside,pop,42,0
How We Do It,Royal Deluxe,rap,42,0
Fashion (feat. Janelle Monáe),Paolo Nutini,pop,42,0
Tattooed Heart,Jason Thurell,latin,42,0
Despertar,Sasha Sokol,latin,42,0
I Bruise Easily,Natasha Bedingfield,r&b,42,0
Universe,Astrojaxx,latin,42,0
Need Your Loving Tonight - Remastered 2011,Queen,rock,42,0
Sail Away Sweet Sister - Remastered 2011,Queen,rock,42,1
"Pekeño 77: Bzrp Music Sessions, Vol. 5",Bizarrap,rap,42,0
Buscando,Yung Sarria,rap,42,1
Kagerou,ONE OK ROCK,rock,42,0
La Bicicleta,Nana Mendoza,latin,42,1
El Fuego,Piélago,latin,42,0
Akhi Side,Sami,rap,42,0
DOOKOŁA BLOKÓW,Kabe,rap,42,0
Signals,TRY Deny,rap,42,0
Lies - ATLAST Remix,KLOUD,rap,42,0
As Long As I Got You,Ruck P,r&b,42,1
Пламя,IC3PEAK,rap,42,1
Good Thing,Tritonal,edm,42,0
The Way We Ball,Lil' Flip,rap,42,0
Power,Rapsody,rap,42,0
Brown Sugar,ZZ Top,rock,42,1
Since I Seen't You,Anthony Hamilton,r&b,42,0
Human,The Human League,rock,42,1
Gutter (feat. Bryan Mg & CSPRODUCER),Architrackz,latin,42,1
River Heartless,Werner Mill,latin,42,1
One True House,AW,latin,42,0
The Root,D'Angelo,r&b,42,1
Low Low,Marlowe,edm,42,1
Tai Chi,James Japan,edm,42,1
Come Alive (feat. Toro y Moi),Chromeo,pop,42,0
Stay (Electro Swing Remix),11 Acorn Lane,edm,42,0
?,MF DOOM,rap,42,0
Till The End,Swanky Tunes,latin,42,0
Manantial en la Arena,Los Aguas Aguas,latin,42,1
Como Fuego,Reyna Tropical,latin,42,1
Quisiera,Flor de Toloache,latin,42,1
Deeper,ANG,edm,42,0
Mwana,Sampa the Great,r&b,42,0
Lift,Carlos Herrera Music,latin,42,0
Love Like We Used To,Captain Cuts,pop,42,0
Oceans,Coasts,pop,42,0
Hole In the Wall,Mel Waiters,rap,42,0
Lately,Jodeci,r&b,42,1
Seduction,Boris Way,latin,42,0
Nowhere To Go,Nite Jewel,pop,42,0
Free,Theis EZ,edm,42,0
With You,Foxa,latin,42,0
Window Weather,Ed Stockley,latin,42,1
Where We Goin',Jinco,rap,42,0
Pull Me In,Inukshuk,rap,42,0
Animate,Sweeper,rap,42,0
All in My Head,xChenda,rap,42,0
Awake,TWO LANES,rap,42,1
Lies,BEATSMASH,rap,42,0
Dive,Cozmoe,rap,42,0
ANXIETY,KLOUD,rap,42,0
Virtuoso,Sace,rap,42,0
Help,Saint Mars,pop,42,0
Torturing Myself,Lauren Presley,pop,42,1
Cash Machine,Hard-FI,rock,42,0
Afe Ato Yen Bio,De Frank Professionals,rock,42,0
Akula Owu Onyeara,The Funkees,rock,42,1
Heart Starts to Beat,Blasterjaxx,edm,42,0
Into You (feat. Fabolous),Tamia,r&b,42,1
Bia' Bia',Lil Jon,rap,42,0
Latin Thugs (feat. Tego Calderón),Cypress Hill,rap,42,0
Ileso,Control Machete,rap,42,0
Here I Go,Mystikal,rap,42,0
Hillbilly Psycho,Upchurch,rap,42,0
Legend of the South,Upchurch,rap,42,0
Me Against the World,Blacklite District,rock,42,0
Can't Stop,After 7,r&b,42,0
Alone - Blazars Remix,Alan Walker,edm,42,0
Imaginary Lover,Atlanta Rhythm Section,rock,42,1
Paradise,Wallaby,edm,42,0
Nuttin' But Love,Heavy D & The Boyz,r&b,42,1
In The Middle,Isaac Carree,r&b,42,0
Young Ones,Andrea Consoli,latin,42,0
Bad Boy,Miami Sound Machine,rock,42,1
Lost In Your Love - Alkaz Remix,Friendzone,edm,42,0
Black Crow - Acoustic,Louis Baker,r&b,42,1
Es rollt wieder,P.M.B.,rap,42,0
With Or Without You - Jac & Harri Remix,Maddix,edm,42,0
Mama Said Knock You Out,LL Cool J,edm,42,0
Dislocated,The Wildhearts,rock,42,0
Bored Games,Middle Class Richkids,latin,42,0
Lieblingszahl,Hasuna,rap,42,0
Ela Me Faz Bem,Mster Gab,r&b,42,1
Damage,Outr3ach,rap,42,1
Thraa,Doje,pop,42,1
Reflections,Jean Juan,edm,42,0
I've Changed,Asher Knight,pop,42,0
Pump Up the Jam,Swingrowers,edm,42,0
It Ain't Right,Pisk,edm,42,0
Lookin' At You,RudeLies,latin,42,0
New Lover,Foxa,latin,42,0
Relieve,Blinders,edm,42,0
Mentirosa,Mellow Man Ace,latin,42,1
Something Just Like This - R3hab Remix,The Chainsmokers,edm,42,1
Be As You Are,Mike Posner,pop,42,1
Nocturne (Pierce Fulton Remix),EDEN,edm,42,0
Bad Man,Missy Elliott,rap,42,1
In My Arms,Roan Shenoyy,edm,42,0
Vibes,Griffin Stoller,pop,42,0
Cello Song Feat. Jose Gonzales,The Books,pop,42,1
Cherry,Jungle,pop,42,1
Coconut Airline,Jazzinuf,latin,42,0
Tha Block Is Hot,Lil Wayne,rap,42,0
Spaghetti Junction,OutKast,rap,42,0
Verrako,Coqeéin Montana,rap,42,1
Snake Charmer - 1930 Version,Parov Stelar,edm,42,0
Love Song,Simple Minds,pop,42,1
I Can't Get No,JETFIRE,edm,42,0
Lucky Star,Adaptiv,edm,42,0
Vacilón,iZaak,rap,42,0
Cinderella - Retrovision Remix,Janee,edm,42,0
Tonight,MOTi,edm,42,0
Kanax in Tokyo (feat. Farid Bang),KC Rebell,rap,42,0
Party Like Its 1929,Tape Five,edm,42,0
Ain't Nobody Worryin',Anthony Hamilton,r&b,42,0
Falsedades,Tres Coronas,rap,42,0
No Hay Tanto Pan,Sílvia Pérez Cruz,r&b,42,1
Re-Charleston (Radio Edit),Wolfgang Lohr,edm,42,0
Tell Me What You Want,Zebra,rock,42,0
Riot Rhythm,Sleigh Bells,rock,42,0
Internet Friends - VIP,Knife Party,edm,42,0
Love Recycled 1,Solomun,edm,42,0
Ordinary - Lake People's Circle Motive Remix,Kollektiv Turmstrasse,edm,42,1
Make Me Choose,Roman Müller,latin,42,0
Tokyo,Olly James,edm,42,0
Waste the Time,henrikz,latin,42,1
With You,Tyler Shaw,pop,42,1
Three Way Ride,Wildstreet,rock,42,0
vybes,Loop Schrauber,rap,42,1
Problem Solver (feat. Adad),Awon,r&b,42,0
Tuve un Sueno,RKM,latin,42,0
1941 (feat. Virian),Klaypex,edm,42,0
Lovesick,Jerome Thomas,r&b,42,1
Call Out My Name - The Four Performance,Leah Jenea,r&b,42,1
You Ain't Know,Birdman,rap,42,0
90 BPM,Luke Helmond,edm,42,0
Headhunter V1.0,Front 242,pop,42,0
Twenties,Wolfgang Lohr,edm,42,0
Brains,Jam Baxter,r&b,42,1
Another Love,Marco McKinnis,r&b,42,1
So Much Pain,Ja Rule,rap,42,0
Last Two Dollars,Johnnie Taylor,rap,42,0
Justin Scott,Big K.R.I.T.,r&b,42,0
314 (feat. Night Lovell),Dylan Brady,rap,42,1
The Look Of Love,Sr Pablo,latin,42,1
Insomniac,AJ Salvatore,rap,42,0
Take A Sip,sumthin sumthin,rap,42,0
I'm Going to Tell You,Barney Artist,r&b,42,1
Everybody,Borgeous,rap,42,0
Over and Done,Joanna Crass,pop,42,0
Here to Stay,Doctor Pheabes,rock,42,0
Party City,Charlotte Rose Benjamin,pop,42,1
Tus Juegos,Pochin Mirkin,pop,42,0
Turn the Beat Around,Gloria Estefan,latin,42,0
Karmasutra,Karma,rap,42,0
Punto Rojo,Granuja,latin,42,1
Diggid,TYNAN,edm,42,0
Wicked,GRiZ,pop,42,0
Easy Come,Erkki.R,edm,42,0
tropical,leaf beach,latin,42,1
Honeydoo,Roger Wilco,latin,42,0
Jacques,Jax Jones,pop,42,1
After The Landslide - Club Remix,Matt Simons,pop,42,0
People Are Strange,KAAZE,edm,42,0
Malditos,TREN LOKOTE,rap,42,0
King - Radio Edit,Ahzee,edm,42,0
Let's Get F*cked Up,MAKJ,edm,42,0
La Rosa,Jorge Villamizar,latin,42,0
Hay,Crucial Conflict,rap,42,0
Bedroom Floor - Cash Cash Remix,Liam Payne,edm,42,0
I Go Blind,Hootie & The Blowfish,rock,42,0
Dreamer,Thomas Gold,latin,42,0
Red Lights,Maximum Love,pop,42,0
Apache - 45 Version,The Sugarhill Gang,latin,42,0
I'm Gonna Be Around - 2014 Remastered Version,Michael Learns To Rock,rock,42,1
flowerbeds,Sfven,pop,42,0
Rave,TV Noise,edm,42,0
Mumble,TV Noise,edm,42,0
Gettin' In the Way,Jill Scott,r&b,42,1
Electric Boogie,Marcia Griffiths,latin,42,0
Younger - Club Mix,Jonas Blue,edm,42,0
Another One Bites the Dust / All Right Now,Genital Motors,rock,42,0
Turn! Turn! Turn! (To Everything There Is a Season),The Byrds,rock,42,0
There For You - Dzeko Remix,Martin Garrix,edm,42,0
Birds,Migos,rap,42,0
Geld spielt keine Rolex,Olexesh,rap,42,1
Hide Away (feat. Envy Monroe),Blasterjaxx,edm,42,0
Imaginate,Wisin & Yandel,latin,42,0
The Motion Of Love,Gene Loves Jezebel,rock,42,1
The Cat,Eprom,rap,42,1
For the Night,VINNE,edm,42,0
Told You Once,Frank Brinelle,latin,42,1
Mexico Para Sempre,Il Greco,latin,42,0
See You Later,Chocoholic,pop,42,0
Easy Breezy,chelmico,pop,42,0
Kush Ups (feat. Wiz Khalifa),Snoop Dogg,rap,42,0
Drama Queen (That Girl) - Original Version,Lindsay Lohan,pop,42,0
Fool's Gold,Jill Scott,r&b,42,1
Drop the Hammer,Rev Theory,rock,42,0
I Am Broken Too,Killswitch Engage,rock,42,0
Tear You Down,Clawfinger,rock,42,0
La Vie - Gabry Ponte Mix,DJ Ross,pop,42,0
Juke Box Hero - 2008 Remaster,Foreigner,rock,42,0
let's be lazy together,biosphere,latin,42,1
Dancing in the Headlights - Radio Edit,DJ Antoine,pop,42,0
É o Trem,MC Maneirinho,rap,42,1
Liquid Confidence (Nothing To Lose),You Me At Six,pop,42,0
Fireworks,You Me At Six,pop,42,0
The Left Side of Everywhere,Sleeping With Sirens,pop,42,0
Bendito Tu Corazón - Remastered,Aleks Syntek,latin,42,0
Front Seat,Next Town Down,r&b,42,1
Play My Music,Jonas Brothers,pop,42,0
Meant To Be - R.Braga & Drooper Remix,GöW,edm,42,0
Delhi,KSHMR,edm,42,0
Cambiarás,Altoparlante,latin,42,0
Somos Dos,Pau Sotomayor,latin,42,1
Daylight,Disciples,edm,42,0
Dracula,Alfons,edm,42,0
Friday,Sir Charles Jones,rap,42,1
Jigga,Jay Swi$h,rap,42,1
Lying We're Fine,Leonell Cassio,edm,42,0
"The Sweetest Thing (feat. Lauryn Hill) - From the New Line Cinema film ""Love Jones""",Refugee Camp All-Stars,r&b,42,1
Dahab,AK Ausserkontrolle,rap,42,0
You like It,Gloria Tells,latin,42,1
SUNDAY,FANATICS,pop,42,0
Ocean,Boy Kiss Girl,latin,42,0
Me Voy,Cimafunk,r&b,42,0
La Habana Me Llama,Manolito Simonet y su Trabuco,r&b,42,0
Sama-Sama,Alamid,rock,42,1
Nightfall,Franky Wah,edm,42,0
Crazy (feat. Joie Tan),TEEMID,pop,42,1
Immortal,Eve To Adam,rock,42,0
Something,Funk Machine,pop,42,0
Real Love,Drizabone,r&b,42,0
Wake + Bake,Machine Gun Kelly,rap,42,0
Verliebt in den Tod,AK Ausserkontrolle,rap,42,0
Blowjob Betty,Too $hort,rap,42,1
The Wrong Nigga To Fuck Wit,Ice Cube,rap,42,0
Girlfriend - Single Version,Pebbles,r&b,42,0
1979,Darlingside,r&b,42,0
Bouncin' Back (Bumpin' Me Against the Wall) (feat. Pharrell Williams) - Extended Version,Mystikal,rap,42,0
Spirit,Jack Larsen,r&b,42,0
Omw,Tom Thomson,latin,42,0
Don't Look Down (feat. Blake Young),CASS,edm,42,0
Hi Life,UGK,rap,42,1
Cocktales,Too $hort,rap,42,1
Self Importance,Kilo Kish,r&b,42,0
Privê,Thiaguinho MT,rap,42,1
Colors,Tritonal,edm,42,0
Birds Fly (Whisper to a Scream),The Icicle Works,rock,42,0
Dreamin',Will To Power,latin,42,1
Cross My Mind,Jill Scott,r&b,42,1
MidStation,the.lazyb,rap,42,1
Push & Pull,KARD,edm,42,0
Feel,Triple H,edm,42,0
Change On Me,Cynthia,latin,42,1
Ontas (Te Pago El Uber),Leandro Da Silva,edm,42,0
Running Up That Hill,Placebo,pop,42,1
Matador - Official Remix,Nova y Jory,latin,42,0
Fools,The Ransom Collective,pop,42,0
Tremor - Sensation 2014 Anthem; Radio Edit,Dimitri Vegas & Like Mike,edm,42,0
King Of The Hill,Westside Connection,rap,42,0
Need Somebody To Talk To,Sexton,rap,42,1
Amsterdamn,Donny Duardo,latin,42,1
Building Chemistry,Cody Francis,pop,42,1
I Follow Rivers (You Deep Sea Baby),Café Amargo,pop,42,0
Primal,Bassjackers,edm,42,0
Sirena,Lionel Ferro,r&b,42,0
cold nights,itssvd,rap,42,1
Pixelated Memories,Pandrezz,rap,42,1
Saké,Chalky,rap,42,0
Work,Chris Lorenzo,edm,42,0
Wait for You,Innerbloom,pop,42,1
Wood Wheel,UGK,rap,42,0
You Make Me Wanna (Kill),The Last Skeptik,rap,42,0
No Sé Nada,Lenny Tavárez,rap,42,0
sanya,luvwn,rap,42,1
Who Took The Merry Out Of Christmas - Single Version,The Staple Singers,r&b,42,1
Can't Anybody See,Maha Quest,edm,42,1
Phone Down (feat. Emily Warren) - Evan Berg Remix,Lost Kings,pop,42,0
Sleigh Ride,Tamar Braxton,r&b,42,0
Keep It Warm,Flo & Eddie,rock,42,1
Show U,RMA,edm,42,0
All Alone,Cabela and Schmitt,edm,42,1
"BZRP Music Sessions, Vol. 3 (feat. Paco Amoroso)",Bizarrap,rap,42,0
Only You,J. Lewis,latin,42,0
no heart,Sleepy Bear,rap,42,1
Days.,Green Assassin Dollar,rap,42,1
Bratva iv - Hololo,Tovaritch,rap,42,0
Looking Up,SafetySuit,pop,42,0
Breathe,Borgeous,edm,42,0
Mr. Ice Cream Man,Master P,rap,42,0
Someone,El DeBarge,r&b,42,1
Spare Me,Es-K,rap,42,1
Otra Más,SANTI,rap,42,0
Supa Star,Group Home,rap,42,0
Too Much,Tora,pop,42,1
Straight From The Bottle,Terror Jr,pop,42,1
Another Part of Me - 2012 Remaster,Michael Jackson,r&b,42,0
Diluted Brains,Rezz,edm,42,0
Be Focused,Ghost Rider,edm,42,0
"Call Me Hopeless, but Not Romantic",Mayday Parade,pop,42,0
All the Pretty Girls,fun.,pop,42,0
Routine,Medhane,rap,42,0
Go Go Yellow Screen,Digital Emotion,latin,42,0
Wake up with You,Emerson Leif,edm,42,1
Jetty,Tycho,edm,42,1
Happier,Koni,latin,42,0
We Don't Talk,Wiktoria,pop,42,0
Blessings,Tropixx,latin,42,0
Bottle In The Mix,Dozer,edm,42,0
Heaven,Ebo Taylor,rock,42,0
Get Up,Tujamo,edm,42,0
Fcukin Beats,Laidback Luke,edm,42,0
Wailin',OutKast,rap,42,1
All Night - Cash Cash Radio Edit,Icona Pop,edm,42,0
Anchor,Tritonal,edm,42,0
Freaks of the Industry,Digital Underground,rap,42,1
Wait For Me,Steve Brian,pop,42,0
Bachelorette,Ashe,pop,42,1
Sharp Dressed Man - 2003 Remaster,ZZ Top,rock,42,0
RUN,Kardinal Offishall,rap,42,0
Padrões,Hot e Oreia,rap,42,0
Padrinhos Mágicos,Ecologyk,rap,42,0
Buzz Won't Last,Upchurch,rap,42,0
Killin' Me,Jelly Roll,rap,42,0
Cara de Niño,Jonathan Moly,latin,42,0
Swing My Door,Gucci Mane,rap,42,1
Echoes,Jelly Roll,rap,42,1
Love is a War,Jelly Roll,rap,42,1
Matando,Tei Shi,r&b,42,1
No Games,Rick Ross,rap,42,0
Animal,Upchurch,rap,42,0
Liquid Blue - Radio Edit,Papa Wave,pop,42,1
American Express (feat. Farid Bang),Kollegah,rap,42,0
City Of Lights - Official Radio Edit,Lush & Simon,edm,42,0
Liar,The Cranberries,rock,42,0
Money Monica,Hansie,latin,42,0
Bolide,Equalz,latin,42,0
When I Grow Up,Confetti,pop,42,0
A Portarme Mal,Felipe Peláez,latin,42,0
Proxy,Martin Garrix,edm,42,0
No One,Upchurch,rap,42,0
Double Crown,Jelly Roll,rap,42,0
Disappointment,The Cranberries,rock,42,1
Came to Play - Original Version,Colin Cooper,edm,41,0
Non Stop,Hansie,latin,41,0
Conte a Todos,Sango,pop,41,0
Never Change,Obongjayar,pop,41,1
Take Me Back,Christopher,pop,41,0
buckle up,Idaly,latin,41,0
Just One Last Time (feat. Taped Rai),David Guetta,edm,41,0
With You,Rammor,edm,41,0
Campfire Cologne,Demun Jones,rap,41,0
Gassed Up,Upchurch,rap,41,0
Ransom (with Juice WRLD) - Remix,Lil Tecca,r&b,41,0
Full Of Smoke,Christión,r&b,41,0
King Kais Planet,11 LIT3S,rap,41,0
Bells,Upchurch,rap,41,0
Hollywood,The Cranberries,rock,41,0
Give You Everything,Rachel Mason,latin,41,0
Nothing Else (When I Think Of You) - Steff da Campo Remix,Joe Stone,edm,41,0
Mi Fe,Natan El Profeta,latin,41,0
My Secret,ADAMII,edm,41,0
The Kids (feat. Janelle Monáe),B.o.B,pop,41,0
What Is Wrong,Mustasch,rock,41,0
No Existe,Abdi,latin,41,0
Yeshua + Só Quero Ver Você (feat. Marcelo Markes),Gui Brazil,latin,41,0
Fever - Radio edit,Varrick Frost,edm,41,0
Paralax,Killstation,rap,41,1
Bells & Circles,Underworld,rock,41,0
Palace,Gavin Santi,rap,41,1
IT WAS ALL A LIE,Dutch Revz,rap,41,1
Dreamin' of Love,Stevie B,latin,41,1
I Can't Explain - Stereo Version,The Who,rock,41,0
Slice of Life,Flitz&Suppe,pop,41,1
Stand up in It,Theodis Ealey,rap,41,0
Work,Billy Kenny,edm,41,0
I Shot The Sheriff - Full Length Version,Eric Clapton,rock,41,0
Faith - Radio Edit,Blasterjaxx,edm,41,0
Ping Pong,Armin van Buuren,edm,41,0
Carita de buena,Efecto Pasillo,latin,41,0
Eso Que Me Das,Juan Pablo Vega,latin,41,0
Soundclash,Flosstradamus,rap,41,0
MAD GAAL,BEAM,r&b,41,0
Rock The House,Afrojack,edm,41,0
We Don't Need No Sleep,Croatia Squad,edm,41,0
Tante Lien,De Jeugd Van Tegenwoordig,rap,41,0
I Hope You Know,bLAck pARty,r&b,41,1
Compound,Trellion,rap,41,1
ANGST II,MESSIAH!,rap,41,1
Summer - Diplo & Grandtheft Remix,Calvin Harris,rap,41,0
Hit & Run,Liddy Clark,edm,41,0
Wake Up,STOP,latin,41,1
Mad Izm,Channel Live,rap,41,0
Have It Your Way,Rich Gang,rap,41,0
The Optimist,Cory Wong,pop,41,0
Divinity - filous Remix,Porter Robinson,pop,41,0
More Of Your Love,Justin Mylo,edm,41,0
Stay Close,Barney Artist,r&b,41,1
Forget About Me,Rich Delinquent,rap,41,0
Checks,Ray Dawn,r&b,41,0
What's the Reason,Glenn Gatsby,edm,41,0
Whiskey,VIK,rap,41,1
Baby It's Cold Outside (feat. Christina Aguilera),CeeLo Green,r&b,41,1
Rambo - Hardwell Edit,Deorro,edm,41,0
Never Loved You,Evie Clair,pop,41,1
Promises,All Harlem Music,pop,41,1
Dynamite,Gareth Emery,edm,41,0
Blame,Late Night Legacy,rock,41,0
You,Charlie Who?,edm,41,0
Just Hold On - DVBBS Remix,Steve Aoki,edm,41,0
Keep,BROHUG,edm,41,0
Like I Love You - Rowen Reecks Remix,Theresa Rex,edm,41,0
Straight Up,Chanté Moore,r&b,41,0
Bum Bum Tam Tam - David Guetta Remix,MC Fioti,edm,41,0
Aliens,Jay Hardway,edm,41,0
Mistakes,Mike Hawkins,edm,41,0
Animals - Victor Niglio & Martin Garrix Festival Trap Remix,Martin Garrix,edm,41,0
Caspian,ASADI,rap,41,0
Ya Habibi,AxLi,rap,41,1
Rebel,Żwirek,rap,41,0
Noizy Birdz,Raphael Treza,edm,41,1
We Come In Peace - Talpa Remix,Liquid Soul,edm,41,0
I Can't Wait - 2012 Collection Remaster,Nu Shooz,latin,41,0
Marvy,Nokiaa,rap,41,1
In the Rain,Huez,rap,41,1
Delight,Dontcry,rap,41,1
Window Seat,Chris Anderson,rap,41,1
Opiat,IOM,rap,41,1
ocean.dance.,Fushou.,rap,41,1
In Search Of The Peace Of Mind,Scorpions,rock,41,1
Light Me Up,FTampa,edm,41,0
Pull,The Summercamp,pop,41,0
This Is On You,Maisie Peters,latin,41,1
So Much Love (feat. Charly Black & Stevie Appleton),Afro Bros,latin,41,0
Черная Волга,Kaspiyskiy Gruz,rap,41,0
Oblivion,Boston 168,edm,41,1
Banquete,Davi,latin,41,0
Gin and Juice,Hayseed Dixie,r&b,41,0
Hot In Herre,Jenny Owen Youngs,r&b,41,1
A Trip to Tokyo,Linearwave,rap,41,1
What a Day,Goldenninjah,rap,41,1
Promises,evän,rap,41,1
Hard'em,the.lazyb,rap,41,1
Let Me Love You,Campsite Dream,pop,41,1
Instagram - Dimitri Vegas & Like Mike VS Trobi Remix,Dimitri Vegas & Like Mike,pop,41,0
Descará,Yomo,latin,41,0
The Arcane Arts,Arcis,pop,41,0
Sieben,Subway To Sally,pop,41,0
Spit It Out,Aesthetic Perfection,pop,41,0
Booyah - Original Mix,Showtek,edm,41,0
No Style,Bassjackers,edm,41,0
Singing In The Rain,Simple Plan,pop,41,0
Мама,Basta,rap,41,1
Forever Your Girl,Paula Abdul,r&b,41,0
De Ti Depende (feat. Plan B),Jory Boy,latin,41,0
Hypnotize - 2005 Remaster,The Notorious B.I.G.,r&b,41,0
Keep On Movin',Soul II Soul,r&b,41,1
Looking For A New Love - Radio Edit,Jody Watley,r&b,41,0
Barbie Doll,THE TRASH MERMAIDS,rap,41,0
No Superstar - Radio Mix,Remady,edm,41,0
Boom Boom Guetta - David Guetta's Electro Hop Remix,The Black Eyed Peas,edm,41,0
Me Chama,MC Maneirinho,rap,41,0
Trabalho Lindo,WC no Beat,rap,41,1
Solo Fluyo,Neto Reyno,rap,41,0
Tormenta Mágica,Vibarco,latin,41,0
We Stand as One,Wishbone Ash,rock,41,0
Gimme Some Truth,Cheap Trick,rock,41,0
Ride or Die,LUNDØN,edm,41,0
Shelter,Road Kahan,edm,41,1
Walking On Water,Albin Myers,edm,41,0
Anytime,Brian McKnight,r&b,41,1
Act My Age,Katy Perry,pop,41,0
Gonna Be Alright (F.T.B.),Robert Glasper Experiment,r&b,41,1
Space Cadet,beabadoobee,rock,41,0
Nothing To Lose,DI-RECT,rock,41,0
Blackfield,Blackfield,rock,41,0
what you doin',Masked Man,rap,41,1
Стволок за поясок,nogano,rap,41,0
Roll With It - Explicit Album Version,Three 6 Mafia,rap,41,0
I Miss My Homies,Master P,rap,41,0
Bad for Me,Catlea,edm,41,0
Should Be Higher,Depeche Mode,pop,41,1
Kleid Aus Rosen,Subway To Sally,pop,41,0
So Wrong,Jae Jin,pop,41,1
Pink Lemonade,Dolo Tonight,rap,41,0
Are You That Somebody,Aaliyah,r&b,41,0
Arabian Bounce,Wolfpack,edm,41,0
Hypnotized,ImButcher,edm,41,1
Just Might Dance,Indi Star,edm,41,0
Sally (That Girl),Gucci Crew II,rap,41,1
Wild Wild Son - Club Mix,Armin van Buuren,edm,41,0
Can You Feel Me,Dru Down,rap,41,0
"Get Your Grind On (feat. Big Pun, Fat Joe & Freeway)",The Notorious B.I.G.,rap,41,0
Superficial Love,Karim Mika,pop,41,0
Nothing Left to Lose,Heaven's Basement,rock,41,0
Alocate,Zion,latin,41,0
Bad Kind (feat. Sash Sings),Alfred Beck,edm,41,0
Comfortable,AWA,r&b,41,1
Heartbreak,Blasterjaxx,edm,41,0
Show Me How,LTGTR,edm,41,1
Feels like the First Time,Foreigner,rock,41,0
40 Mill,Tyga,rap,41,0
Gangstas Make The World Go Round,Westside Connection,rap,41,0
Someone New,Hogland,edm,41,1
Koenji,Huey Daze,rap,41,1
Expectations,Arrested Youth,rock,41,0
Move On,RQntz,edm,41,0
Koi,Furia,edm,41,0
Okay,Shiba San,edm,41,0
Mambo Para Bailar (feat. Arcangel),Fuego,latin,41,1
I just need U. - Tide Electric Remix,TobyMac,pop,41,0
You Know That I Love You,Donell Jones,r&b,41,0
Infrarot,Phil Dee,rap,41,1
Do You?,Rebecca Black,r&b,41,1
Alles kaputt,Capital Bra,rap,41,0
Revolusion,Elliphant,edm,41,0
Good Stuff,Kelis,r&b,41,1
don't give up on me,pink roses,pop,41,0
Bumalik Ka Na,Mayonnaise,rock,41,0
I Don't Wanna Get Wise,The Who,rock,41,0
Quiro Saber,Ivy Queen,latin,41,0
Blame It on the Rain,Milli Vanilli,r&b,41,0
"Time of Our Lives - Main Title Theme From ""I Didn't Do It""",Olivia Holt,pop,41,0
Crazy Things at Night,Sonny Fodera,edm,41,0
Fly me 2,eill,pop,41,0
SUN DAY - Shinichi Osawa Remix,HIRAIDAI,pop,41,0
Dream Of You,Josha Daniel,pop,41,0
Freefall,Camel,rock,41,1
Hello Hello,Church & AP,rap,41,0
Good Morning,Two Door Cinema Club,pop,41,0
Middle School,Blue Wednesday,pop,41,1
Máscaras,Choice,rap,41,0
Blessin',redz,rap,41,0
Por fin ya veo la luz,Carmen López,pop,41,1
Pieces,Eylie,r&b,41,1
Gueto de Gent,Phillipi & Rodrigo,edm,41,1
Heavy on the Bacon,Fouk,edm,41,0
It Looks Like Love,Goody Goody,edm,41,1
Glam - Electro-swing Remix,Dimie Cat,edm,41,0
Lasers,TV Noise,edm,41,0
I'll Have To Say I Love You In A Song,Jim Croce,rock,41,1
Feeling Right (Everything Is Nice) (feat. Popcaan & Wale),Matoma,pop,41,0
Indo Smoke,Mista Grimm,rap,41,1
Can't Get Enough,Lookas,edm,41,0
Boom (Turn It Up),Global Deejays,edm,41,0
Ignite (feat. SEUNGRI) - Ahrix Remix,K-391,edm,41,0
Complicated Heart - 2014 Remastered Version,Michael Learns To Rock,rock,41,1
Live This Wild,Lil Mosey,rap,41,0
Whenever,JSTEF,edm,41,0
UNDERGRND,UZ,rap,41,0
If You're Over Me - Sebastian Perez Remix,Years & Years,edm,41,0
Everybody Hates Me - Khrebto Remix,The Chainsmokers,edm,41,0
Bathing Suit Body,Badpojken,edm,41,0
Go to Sleep - Wahlstedt Remix,John De Sohn,edm,41,0
Bonfire,Miss Li,pop,41,0
Bitter Sweet Symphony - Steve 80 Remix Edit,Nicky Starr,edm,41,0
Dreh's wie 'ne 8,Gzuz,rap,41,0
Runnin' with the Devil,Van Halen,rock,41,0
Circle of Cranes,Julian Kerins,latin,41,1
Love Find Me,Steve Medea,latin,41,0
Damage Control,Perttu,pop,41,0
Morrison,FRENSHIP,pop,41,0
Super MC's,Cartel De Santa,rap,41,0
Escucha,Cartel De Santa,rap,41,0
If Only I Could (feat. Steve Lucas) - Liem Remix,Fusion Groove Orchestra,edm,41,0
Kiss Me,Robert Falcon,latin,41,0
Inspiration,Kaan Pars,edm,41,1
Phoenix,Blasterjaxx,edm,41,0
My Corduroy Hat,Neighbor Susan,pop,41,0
Dead Machine,Egypt Central,rock,41,0
Want You,Erkki.R,edm,41,0
Light in Life,Silvera,rock,41,0
Hawaiian Haze,goosetaf,latin,41,1
Hey Baby (feat. Debs's Daughter),Dimitri Vegas & Like Mike,edm,41,0
Me Enamoro de Ti,El Combo Loco,latin,41,1
Sabes A Chocolate,Kumbia Kings,latin,41,0
Travesuras - Remix,Nicky Jam,latin,41,0
Please Mr. Please,Olivia Newton-John,rock,41,1
Want You,Shay Lia,r&b,41,0
Cuts Both Ways,Gloria Estefan,latin,41,1
Senses,KINGDØMS,edm,41,0
Breaking Me,Curtis Lowe,edm,41,0
Sangre en el Pool Party,Crudo Means Raw,latin,41,1
Banaan - (Bigger Better Anthem),Jebroer,rap,41,0
Where We Belong,Fedde Le Grand,edm,41,0
Entre Palmeras,La Garfield,latin,41,0
Big K.R.I.T.,Big K.R.I.T.,r&b,41,1
Who - Radio Edit,Tujamo,edm,41,0
Viaje Tropical - Live,Marissa Mur,latin,41,0
Impulse,HI-LO,edm,41,0
L.Q.M.E,N. Hardem,latin,41,1
All Keeps Falling,Bastian Steven,r&b,41,1
Wochenend Und Sonnenschein (Electro Swing),Wolfgang Lohr,edm,41,0
Down,Brandyn Burnette,pop,41,1
On Replay,Costa Leon,pop,41,0
Unbreakable,Of Mice & Men,rock,41,0
summer coming,BROCKBEATS,latin,41,1
Sunflower Dance,Trog'low,latin,41,1
Ruckus in B Minor,Wu-Tang Clan,rap,41,0
Scientology,Rick Ross,rap,41,0
Sin on Skin,Those Damn Crows,rock,41,0
Dando Saltos,Métricas Frías,latin,41,1
Ojos de Diablo,Zof Ziro,latin,41,1
It’s Like That,Guts,r&b,41,0
I Can't Stand the Rain,Seal,r&b,41,0
Travelin' Band,Creedence Clearwater Revival,rock,41,0
Otto Croy,OdjBox,edm,41,0
Love Of My Life (An Ode To Hip Hop) - Album Version Edit,Erykah Badu,r&b,41,1
Come and Get Your Love - Radio Edit,Real McCoy,pop,41,0
Love Me (feat. Mase),112,r&b,41,0
808,Blaque,r&b,41,1
Czech Republic,Zuna,rap,41,0
Chery Chery Lady,Toni Lo,pop,41,0
B.B.D. (I Thought It Was Me)?,Bell Biv DeVoe,r&b,41,0
Fire,Türküm,rap,41,0
Material Sensual,Raes,latin,41,0
Not The One,Cuebrick,edm,41,0
Gonna Be Alright - Tom Ferry Remix,Tritonal,edm,41,0
Kanax in Moskau,KC Rebell,rap,41,0
Some Kind Of Wonderful,Joss Stone,r&b,41,0
Uma Dose,Jules Kyng,r&b,41,1
Love Is Always There,Majid Jordan,r&b,41,1
Sass Cafe,Josh Stanley,pop,41,1
Earned It,Despotem,rap,41,1
Control,Levianth,rap,41,0
Me Extraña,Owin,rap,41,0
Stay with You,The Goo Goo Dolls,rock,41,0
With You,Lewka,latin,41,0
#Summerlovin,ARMAN,latin,41,0
Triple Double,LESKY,rap,41,1
Fantasia,El Jazzy Chavo,rap,41,1
BIG Dreams,blackwave.,r&b,41,0
Perfect Blue,Macross 82-99,r&b,41,0
Symphony - Taim Remix,Flux Pavilion,edm,41,0
Wolves,Digitalism,pop,41,0
Dieses Boot,Gzuz,rap,41,0
Hawk Eyes,The Kicks,rap,41,0
MoneyMoney,Tight Rhymes,latin,41,0
Poor Who Die,Tight Rhymes,latin,41,0
La forêt,Lescop,pop,41,0
Blood Knows,Rhye,pop,41,1
Rattle - Original Mix,Bingo Players,pop,41,0
Wild Mind (feat. Tiffany Blom),Jay Hardway,edm,41,0
Skin,MIMO,edm,41,0
Hold On (feat. Monica & Fred Hammond),James Fortune,r&b,41,0
Ich Binnezz,Bonez MC,rap,41,0
Setting Fires - Blasterjaxx Remix,The Chainsmokers,edm,41,0
So Careless,The Tea Party,rock,41,0
Be Cowboy (PBR Anthem),Black Stone Cherry,rock,41,0
So It Goes,Caj Morgan,latin,41,0
De México el Auténtico,Cartel De Santa,rap,41,0
The Soul Searchers,Paul Weller,rock,41,0
I Can't Keep Waiting,Jackson Powell,pop,41,0
I'm Here - Radio Edit,Mokoa,latin,41,0
Raúl en el Baúl,India Marte,latin,41,1
PERLA,Mitú,latin,41,0
I Gotcha Back,GZA,rap,41,0
What's It Gonna Be,Venomenal,pop,41,0
She's In Parties,Bauhaus,rock,41,1
Low Tide,XY&O,r&b,41,0
He Got You,Ronnie Milsap,rock,41,1
Daydreaming,Fletcher Reed,pop,41,1
Don't Tell The Bank (feat. Roshin),Shaun Frank,edm,41,0
So Come On,The Atomic Bitchwax,rap,41,0
The Bottle,Hermano,rap,41,0
Treat Me Like I’m All Yours,Sasha Keable,r&b,41,1
Paseando Por Roma - Remasterizado 2007,Soda Stereo,rock,41,0
Zoom - Remasterizado 2007,Soda Stereo,rock,41,0
Sunny Side Of The Street,Shazalakazoo,edm,41,0
El Que Manda Soy Yo,Victor Muñoz,latin,41,0
Watersteps,Erik Kearing,latin,41,1
Cut to the Chase,Roman Müller,latin,41,0
Compass,ARMAN,latin,41,0
Maldita condena (feat. Colectivo Panamera),Café Quijano,latin,41,0
Selecta,Dopebwoy,latin,41,0
Promised Land,Victoria Kühne,edm,41,0
Wanna Kiss,Hitomi Tohyama,rock,41,0
The Outside Looking In,The Peach Fuzz,pop,41,0
Flare of Defiance,Veio,rock,41,0
Play Nice,Nause,edm,41,0
The Black Angel's Death Song,The Velvet Underground,rock,41,1
Dreamer's Ball - Remastered 2011,Queen,rock,41,1
Krokodil,Sa4,rap,41,0
"Oh, Maker",Janelle Monáe,pop,41,1
Stronger,Breathe Carolina,edm,41,0
Where we gonna go,St. Viper,r&b,41,0
Love Does Make Sense,Romano,latin,41,1
Amazônia,Ariel T,latin,41,1
Tengo Prisa,Dragon & Caballero,latin,41,0
Myintrotoletuknow,OutKast,rap,41,0
Calamity,Psylla,rap,41,0
Hombre Al Agua - Remasterizado 2007,Soda Stereo,rock,41,0
Get Up,Amel Larrieux,r&b,41,1
Guayaba,Anakena,latin,41,1
Avanza,Lacandona Social Sound,latin,41,0
Celebrity Reduction Prayer (feat. Open Mike Eagle & Oddisee),Mello Music Group,r&b,41,1
A nach B,LOKO BEN,rap,41,0
Not With Me (feat. David Taylor),LIZOT,latin,41,0
We Were Young,Gareth Emery,edm,41,0
Moment,Kosling,edm,41,0
"I'm Bad, I'm Nationwide",ZZ Top,rock,41,1
Salvation - Remix,Gabrielle Aplin,pop,41,0
Mama Knew Love,Anthony Hamilton,r&b,41,0
Biggest Joke Of All,Fatima,r&b,41,1
It's My Life,Talk Talk,pop,41,0
Amor Frutero,Camila Luna,latin,41,0
I Can't Stand The Rain,Ann Peebles,r&b,41,1
Tonight Is the Night (Pts. 1&2),Betty Wright,rap,41,0
ADHD,Hasse de Moor,edm,41,0
Potential Victims,Westside Connection,rap,41,0
Pangarap,Barbie's Cradle,rock,41,1
Soy Chingon,Lil Rob,latin,41,1
Fight,Oleander,rap,41,0
2:45,Auxxk,rap,41,0
Caramel,Payman,r&b,41,0
Signs Of Gemini,Prince of falls,rap,41,1
Let Me Entertain You - Remastered 2011,Queen,rock,41,0
Snake Charmer,Benny Berigan,edm,41,0
Rock It (Prime Jive) - Remastered 2011,Queen,rock,41,0
A Punta de Espada,Duki,rap,41,0
How High,Upchurch,rap,41,1
Lie,Shallou,pop,41,1
Fires (feat. Scarlett Quinn),Tim Arisu,latin,41,0
Own the Night,Tropixx,latin,41,1
Set The World (On Fire),Flatdisk,latin,41,0
Tutankhamun,Borgeous,edm,41,0
Tocarte Toa 2012 (feat. Big Yamo & Jimmy Bad Boy),Latin Fresh,latin,41,0
Bigfoot,W&W,edm,41,0
Candela,Afro Bros,latin,41,0
Good Morning Midnight,Backyard Babies,rock,41,0
Van Gogh's Crows,Shahmen,rap,41,1
ひとりの夜を抜け,Lucky Kilimanjaro,pop,41,0
Never Leave Me Alone,Nate Dogg,rap,41,0
Set Yourself Free,Tiësto,edm,41,0
Oh No,Lil Wayne,rap,41,0
Drugs,Anderson .Paak,r&b,41,0
Break the Rules - Tiësto Remix,Charli XCX,edm,41,0
Toxic Rain - No Class Remix,Alicia Madison,pop,41,0
9 2 5,Terror Jr,pop,41,0
All Souled Out,MFakka,rap,41,1
Moonsign,Lungfulls,rap,41,0
Sands,goosetaf,rap,41,0
Stripes,Ben Esser,edm,41,1
WCF,Hil Holla,rap,41,1
Dejar de Extrañarte,Franco Masini,latin,41,0
Loud,R5,pop,41,0
Sabdoy,Knust,rap,41,0
Radio Jam,Upchurch,rap,41,1
Feelings - Spada Remix,Deep Chills,latin,40,0
Worth it,MALIYA,r&b,40,0
Alcoholic Shrink,Upchurch,rap,40,0
New Orleans,Jelly Roll,rap,40,0
Contigo,Pete Perignon,latin,40,0
Drunk and Out Of Town,Elko,r&b,40,0
Darlin Angel (feat. Upchurch),Bottleneck,rap,40,0
Dirty Elvis,Upchurch,rap,40,0
Burning House (feat. Aaron Krause),EZA,pop,40,1
Por Tu Amor,Evaluna Montaner,latin,40,0
Shut Up & Kiss Me,Whitesnake,rock,40,0
Hit The Ground,Lizz Wright,r&b,40,1
Catch Me If You Can,The Cranberries,rock,40,0
Vultures,Bokassa,rock,40,0
People Suck,Confetti,pop,40,0
Breath,Lucho,edm,40,0
No Stress - Sofi Tukker Remix,Laurent Wolf,edm,40,0
tired of my life,updog,pop,40,0
The Worst,Jhené Aiko,r&b,40,1
Everybody Got Their Something,Nikka Costa,r&b,40,1
Pressure Off (feat. Janelle Monáe and Nile Rodgers),Duran Duran,pop,40,0
Lo Peor de Mi,Onell Diaz,latin,40,1
The End,Daughter,pop,40,1
United,Eclipse,rock,40,0
Fire Grow,Aiwass,latin,40,1
Bound,Ponderosa Twins Plus One,r&b,40,1
Fool in the Rain - 2012 Remaster,Led Zeppelin,rock,40,0
Keep Together,Hunter Hunted,pop,40,0
Lost City,Brett,pop,40,0
MANabUUUU,カメレオン・ライム・ウーピーパイ,r&b,40,0
Blah Blah Blah,Rich Homie Quan,rap,40,1
Third Eye,Jimmy Clash,edm,40,0
All I Wonna Do Is You,Nidža Bleja,r&b,40,1
It`s only Friday,St. Viper,r&b,40,0
Feel Alive,Jack & James,edm,40,0
Mala (feat. Nio Garcia & Casper Mágico) - Remix,Reykon,latin,40,0
男と女,Junko Ohashi,rock,40,0
A Mother Lost,Yazmin Lacey,r&b,40,1
Claimen,Jayh,latin,40,0
Goodbyes (feat. Method Man),The Knocks,pop,40,0
The Wolf You Feed,Stone Dog Zen,rock,40,0
Dance or Die (feat. Saul Williams),Janelle Monáe,pop,40,0
Trust Issues,SGE Kash,edm,40,0
Upside Down - Pisk Remix - Radio Edit,Wolfgang Lohr,latin,40,0
I Was Wrong,A R I Z O N A,pop,40,1
Drive Me Home - Official Animal Sound 2019 Anthem,Jordan Jay,edm,40,0
Don't Know How,Caj Morgan,latin,40,0
Like I Love You - Small Talk Remix,Theresa Rex,latin,40,1
Keep Watch,Wu-Tang Clan,rap,40,1
Hazy,Chris Mazuera,latin,40,1
Wonderland Bossa Nova Band,Chris Mazuera,latin,40,1
Nataly's Portra,June Jissle,latin,40,1
Do Me Right,Hollis Brown,rock,40,0
Hello Hello,Fickle Friends,pop,40,0
Can't Help the Way,Foley,pop,40,0
River's Island,Kiyotaka Sugiyama,r&b,40,0
Summer Suspicion,オメガトライブ,r&b,40,0
Move On (C'est la vie),Faydee,latin,40,0
Alone,Ryos,edm,40,0
bittersweet (feat. lando!),Dream Easy Collective,latin,40,1
Beautiful Weather,Jmss,latin,40,1
Bubbly,Jazzinuf,latin,40,0
Tropico,Cloudchord,latin,40,1
LAX,B0nds,latin,40,1
better days,sky pedro,latin,40,1
Pearls,Epifania,latin,40,1
Sailor Team,Macross 82-99,r&b,40,0
I Miss You (feat. Roman),Macross 82-99,r&b,40,0
I Want Cha Back,Yung Bae,r&b,40,0
La Temperatura,J Alvarez,latin,40,0
Forward Backward,Max Keeble,rap,40,1
Paris - VINAI Remix,The Chainsmokers,edm,40,0
Tales Of The Night,PayAttention,latin,40,0
Where Are You Eden?,Magnum,rock,40,0
Blue Light,SUN SILVA,pop,40,1
Mundo Líquido,Maria Gadú,latin,40,1
Toss It Up,2Pac,rap,40,0
The Boys of Summer,Front Country,r&b,40,1
Damn That Valley,U.S. Girls,r&b,40,0
Поколение,Timati,rap,40,0
Put Your Head Out,House Of Pain,rap,40,0
Heroine,Niko Walters,r&b,40,1
Dead Leaves And The Dirty Ground,Chris Thile,r&b,40,1
The Things You Do,Griffin Stoller,pop,40,1
Ilusiones (Illusions) - Spanish Edit,Cypress Hill,latin,40,0
"Promocional, Pt. 1 / God Level",Kaiser,latin,40,0
Whasgood?!,blackwave.,r&b,40,0
K.O.,Prabh Deep,rap,40,0
Dentro de ti,Javiera Mena,pop,40,0
Becoming,Zero Theorem,rock,40,0
School of Hard Knocks,Biff Byford,rock,40,0
Mondays,Onlap,rock,40,0
Machika - Dillon Francis Remix,J Balvin,latin,40,0
Upside Down,Bonesteel,rock,40,0
Sleeping Child - 2014 Remastered Version,Michael Learns To Rock,rock,40,1
The Actor - 2014 Remastered Version,Michael Learns To Rock,rock,40,1
I'm Not The One,The Black Keys,r&b,40,1
Mr. Intentional - Live,Ms. Lauryn Hill,r&b,40,1
Abreme La Puerta,Erika Ender,latin,40,0
Numb,A Killer's Confession,rock,40,0
The Coast (feat. Jvzel),Far East Movement,pop,40,0
No More Mr. Nice Guy - Remastered Version,Alice Cooper,rock,40,0
How Many MC's...,Black Moon,rap,40,1
Embody,Thomas Schumacher,edm,40,0
Don't Need Diamonds,CASP:R,latin,40,0
Escolheu a Pessoa Errada (Acústico no Palhinha),Johnny Hooker,latin,40,1
I Can`t Say No! - Broiler Remix,Lea Rue,pop,40,1
Movimiento,Andréza,latin,40,0
Sun Is Shining,Tomas Skyldeberg,latin,40,1
Where Would I Be (The Question),Kindred The Family Soul,r&b,40,1
Watch Me,Bella Thorne,pop,40,0
Heaven's On The Other Side,Curtis Harding,r&b,40,1
The Court of the Crimson King,Steve Hackett,rock,40,1
Chandelier (feat. Lauriana Mae),B.o.B,pop,40,0
Step Back (VIP Mix),Chocolate Puma,edm,40,0
Beyond The Wave,Of Allies,rock,40,0
御伽の街,DAOKO,pop,40,0
Escape (The Piña Colada Song),Crystal Rock,latin,40,0
Domani vedrai (feat. Gigi),Gigi D'Alessio,r&b,40,0
Hurricane,The Click,rap,40,1
Vidigal,ML 21,r&b,40,0
Gib ihm,AK Ausserkontrolle,rap,40,0
Black Gold (Edit),Editors,rock,40,0
If Only,Carta,edm,40,0
Brand New Funk,DJ Jazzy Jeff & The Fresh Prince,rap,40,1
Greatest DJ - Radio Edit,twoloud,edm,40,0
Titan,Blasterjaxx,edm,40,0
Uncut Larry Smith,Larry Smith,pop,40,0
Decemba (Remix),Divine Council,rap,40,0
Dick in Da Dope,Divine Council,rap,40,0
Ain't No Mountain High Enough,Freischwimmer,latin,40,0
FUTARI x PARTY,CREAM,pop,40,0
Sunbeam,Hallman,latin,40,0
Whiskey Riddim,Vato Gonzalez,edm,40,0
Miss Me,Cadence Floria,pop,40,1
Back on the Road Again,REO Speedwagon,rock,40,0
For U,Olivia Creutzer,edm,40,1
Personality,Mr. WildFire,edm,40,0
LUV,WHIPPED CREAM,edm,40,0
The One,Matroda,edm,40,0
Honest - Tritonal Remix,The Chainsmokers,edm,40,0
Como Nadie,Kodigo,rap,40,1
Could It Be,CALVIN,edm,40,0
Safety (feat. DJ Snake) - Dark Heart Burn Mix,GASHI,edm,40,0
Richer Than Ever,Fivio Foreign,r&b,40,0
We Will Get It Right,Brookii,latin,40,0
La Primavera,Amparanoia,latin,40,0
In der Hood,Azad,rap,40,0
WeToo,Infernal,edm,40,0
Good Drank 2.0,2 Chainz,rap,40,0
Closer Than This,KAYE,pop,40,1
Well Known,Atlas in Motion,pop,40,1
Happy,Noa Jamir,pop,40,1
My Darling Heart,J.Pappas,pop,40,1
Nebula,Soundspretty,rap,40,1
Have You Met James?,Casiio,rap,40,1
Nobody's Heart,Sergeant Jay,rap,40,1
Island Of Tears - Radio Edit,Gliffo,latin,40,0
Is This It?,Red the Chef,rap,40,1
In Love with the K (feat. BlocBoy JB),Swagger Rite,r&b,40,1
This Is What You Came For - R3hab Remix,Calvin Harris,edm,40,0
Red Eye,7715,r&b,40,0
Metaphysical,Autograf,pop,40,0
Bitten By You,Monkey Majik,pop,40,0
Guayabas y Flores,Monsieur Periné,latin,40,1
Paul Scholes,Black Josh,r&b,40,0
Niña,Reyna Tropical,latin,40,1
Sentimental Lady - 2018 Remaster,Fleetwood Mac,rock,40,1
La Locura Automática - Reggaeton,La Secta,latin,40,0
Hands Up,City Wolf,edm,40,0
Hands All Over Mine,AMARI,edm,40,0
O Chefe,Mc Pedrinho,rap,40,1
Stay Late,the.lazyb,rap,40,1
Love Me Too,Joseph Tilley,pop,40,1
Criminal,Grey,pop,40,1
We Go Back - Jarami Remix,CHINAH,r&b,40,1
Yamamoto - KMN Street EP,Noah,rap,40,0
Piece of Mind,Joey Bada$$,r&b,40,0
Who You Think I Am?,MF DOOM,rap,40,0
Bury Me,Josh Arce,r&b,40,1
Identidad (feat. Ibeyi),Haydee Milanes,latin,40,1
4am,Marrón,latin,40,1
Sanctuary (feat. Big K.R.I.T.),ELHAE,r&b,40,0
Burn It Down,LNY TNZ,edm,40,0
Yr Love - Midnight Version,Roosevelt,edm,40,0
Path,Ben Henchman,pop,40,0
Ya Tú Sabes,CNCO,latin,40,0
Made For Now - Latin Version,Janet Jackson,latin,40,0
Come On To Me,Paul McCartney,rock,40,0
All I Got Is You,Deep Purple,rock,40,0
Amor De Colegio,"Héctor ""El Father""",latin,40,0
Sígueme Bailando,Jantony,latin,40,0
Define,Hilera,rock,40,0
Tiimmy Turner,Almighty,latin,40,0
Menak,Amorf,rap,40,0
Shots - Acoustic (Piano) / Live From The Smith Center / Las Vegas,Imagine Dragons,latin,40,1
Leil Nhar,AxLi,rap,40,1
Willpower,MAVI,rap,40,1
I Like That,The Last Skeptik,rap,40,0
My Sacrifice - Live Acoustic,Creed,latin,40,1
blue,Pools,edm,40,1
Espera,Emrod,edm,40,1
Away From,Caleborate,rap,40,1
Que Bueno Baila Usted,Beny Moré,r&b,40,1
My Love - Raven & Kreyn Remix,Breathe Carolina,edm,40,0
Easy,Tritonal,edm,40,0
8282(Party),twlv,pop,40,0
Soul Heaven,Johnnie Taylor,rap,40,1
Immortal,Tropixx,latin,40,0
Always On My Mind - Nihil Young Remix,Mike Mago,edm,40,0
Say You'll Be There,Campsite Dream,pop,40,1
Se Fue la Luz,Nuria Saba,latin,40,1
Chapala Style,Zimple,rap,40,0
Se Joga,3 Tenores,rap,40,1
Fresh,Choice,rap,40,0
All Your Love (feat. The Romantic Era) [Kastra Remix],Bonka,edm,40,0
Corrupted by Design,Perturbator,pop,40,0
Black Blood Red Kiss,Gunship,pop,40,0
"Summertime, Summertime",Nocera,latin,40,0
Alone,Copycattz,edm,40,0
Tu No Ta Soltera,Logan Romero,latin,40,1
Show Me Love - Official Festival Mix Edit,Michael Mind Project,edm,40,0
Metropolis,David Guetta,edm,40,0
Greetings,Joni Haastrup,rock,40,0
The Real Me,The Who,rock,40,0
Primum,Hallasen,edm,40,0
All About Us - Klaas Remix,Allegra,edm,40,0
Lua,Mc Pedrinho,rap,40,0
Fire,"Matthew ""Mdot"" Finley",pop,40,0
Explode,Killrude,rap,40,0
Song #3,Stone Sour,rock,40,0
Me Llamaré Tuyo - Remix Version,Víctor Manuelle,latin,40,0
"In Case of Emergency, Dial 411",Sleeping With Sirens,pop,40,0
2 Many,Kodie Shane,r&b,40,0
Between The Devil And The Deep Blue Sea,George Harrison,rock,40,1
Die Young,VÂN SCOTT,pop,40,1
Fly,Prznt,rap,40,1
Kumbayeo,Salomón Beda,latin,40,1
Todo el Día en la Cama,Cheo,latin,40,1
Caribeña,Lorena Blume,latin,40,1
Hold on to Me (feat. Cara Hughes),Bortharm,latin,40,0
World In Action,Mat.Joe,edm,40,0
WTF,HI-LO,edm,40,0
Me Enamoro Mas de Ti,Tony Succar,latin,40,0
Tropical (feat. Ondina),Pachará,latin,40,1
Shockwave,Audax,edm,40,0
Jukebox Hero,The Molly Ringwalds,rock,40,0
Outside Looking In,Jordan Pruitt,pop,40,1
Stockholm White - Perk Pietrek Remix,UZ,rap,40,0
Highly,P.A.F.F.,rap,40,0
Put Em Up,Boosie Badazz,r&b,40,0
Mariposas,Belanova,pop,40,0
Stories of a Ghetto Kitty,Chinese Kitty,r&b,40,0
The Truth,Moonchild,r&b,40,1
Yin Yang,Jarabe De Palo,latin,40,0
Bernice Burgo$,Nino Khayyam,r&b,40,0
Cheat Code,Stinzo Bucks,r&b,40,0
"A Ver, a Ver",Remik Gonzalez,rap,40,0
Drinking Sessions (feat. Keyon Harrold),Big K.R.I.T.,r&b,40,0
Price of Fame,Big K.R.I.T.,r&b,40,0
Get Up 2 Come Down (feat. CeeLo Green & Sleepy Brown),Big K.R.I.T.,r&b,40,0
El Tren del Sabor,Tony Succar,latin,40,0
Storm,Paperwhite,pop,40,0
Savana,EMADUS,edm,40,0
Fade All My Life,Unlike Pluto,edm,40,0
Cali Girl,Papa Ya,pop,40,0
Moments,Klangkarussell,latin,40,1
Say U Won't,Brasstracks,r&b,40,0
Blackbeak,Youngblood Hawke,pop,40,0
Popcorn,Helion,edm,40,0
Won't Let You,Roberto Marín Muñoz,edm,40,0
Marrakech,Türküm,rap,40,0
Losing Time,Drew Wilken,rap,40,0
Dubai,SWU,rap,40,0
Horus,bassReaper,rap,40,0
Conteo - Fast And The Furious: Tokyo Drift Version,Don Omar,latin,40,0
Run Like The River,Vintage Trouble,rap,40,0
Crazy In Love,Anthony Dircson,edm,40,0
The Name Of Our God,Tasha Cobbs Leonard,r&b,40,0
Deadly Sins,Clika 1,latin,40,0
Tricky Tricky 2k19 - Radio Edit,Sequenza,edm,40,0
Sultans Party,Adryx-G,edm,40,0
Brazooka,NVDES,pop,40,0
Heads Will Roll (Battlefield Hardline Rock),Teamheadkick,rock,40,0
Rappers,Lil Whigga,rap,40,1
Bowtie (feat. Sleepy Brown & Jazze Pha),OutKast,rap,40,0
Teach Me,Miguel,r&b,40,0
Tus Ojos,Gloria Estefan,latin,40,1
Anything for You,Gloria Estefan,latin,40,1
Si Voy a Perderte,Gloria Estefan,latin,40,1
Nothing,Paul Butcher,pop,40,0
Ne partons pas fâchés,Raphaël,rock,40,0
Is That Too Much to Ask (feat. Nina Zeitlin),Biboulakis,edm,40,0
Need You,Tinlicker,edm,40,0
Me Gusta,Yotuel,latin,40,0
Esa Boquita,Dragon & Caballero,latin,40,0
Buttermilk,Beau Diako,r&b,40,1
Don't Forget Me,Jean Juan,edm,40,0
Ça me vexe,Mademoiselle K.,rock,40,0
Let's Get Down,Tony! Toni! Toné!,r&b,40,0
Big Ting Vibe,SQWAD,edm,40,0
Ain't My Type Of Hype,Full Force,r&b,40,1
Don't Leave (feat. AYER),TKDJS,latin,40,0
So Far Away - Nicky Romero Remix,Martin Garrix,edm,40,0
Beautiful World - Radio Edit,Blasterjaxx,edm,40,0
Complicated (feat. Kiiara) - Diego Miranda & Wolfpack Remix,Dimitri Vegas & Like Mike,edm,40,0
For The Cool In You,Babyface,r&b,40,0
Bleib auf dem Teppich,Ufo361,rap,40,0
Let the Dream Come True,DJ Bobo,pop,40,0
Islands (feat. Nathan Brumley),Brekk,latin,40,0
Why Can't This Be Love - 2004 Remaster,Van Halen,rock,40,0
(You Drive Me) Crazy [The Stop Remix!] - Remastered,Britney Spears,pop,40,0
Cloches,Worakls,edm,40,1
We Appreciate Power - BloodPop® Remix,Grimes,edm,40,0
Satellite,Cozmoe,rap,40,1
Therapy - Edit,Hot Since 82,edm,40,0
Eternal,Ericovich,rap,40,0
Trip 5,Heavy Mellow,r&b,40,1
I Remember,Ady Suleiman,r&b,40,0
I Don't Kiss the Air - Giorgio Gee Remix,Monaco Trash Machine,edm,40,0
Cash Machine,DRAM,pop,40,0
BWA,Olexesh,rap,40,0
Paparazzi - Live,Xzibit,rap,40,1
Self Control,Laura Branigan,pop,40,0
"The Rain, The Park & Other Things - Single Version",The Cowsills,rock,40,1
Don't Worry (feat. Ray Dalton) - Matoma Remix,Madcon,edm,40,0
You Are My Summer,La+ch,edm,40,1
Les limites,Julien Doré,rock,40,0
Ending Story??,ONE OK ROCK,rock,40,0
Change,ONE OK ROCK,rock,40,0
Blood,Thepoolboi,rap,40,0
Lost,Gareth Emery,edm,40,0
Shoot Him Down,Alice Francis,edm,40,0
Treat You Better - Cassian Remix,RÜFÜS DU SOL,edm,40,0
Nothing Without You - Tinlicker Rework - Edit,Tinlicker,edm,40,0
When Doves Cry,Ginuwine,r&b,40,0
Tell Me Do U Wanna,Ginuwine,r&b,40,1
Glorious Day - Remix,Passion,pop,40,0
Rock the Nation,Montrose,rock,40,0
United We Dance - Radio Edit,Vicetone,edm,40,0
I Can't Quit You Baby - 2014 Remaster,Led Zeppelin,rock,40,1
Still Alive - Cruise Control Remix,A R I Z O N A,pop,40,0
Pissing In a River,Patti Smith,rock,40,1
Control,VNV Nation,pop,40,0
Let Yourself Go,Swing Republic,edm,40,0
Bicken Back Being Bool - Remix,YG,rap,40,0
Cali Sunshine,The Game,rap,40,0
Never Walk Alone - Radio Edit,Mike Candys,edm,40,0
Come Share My Love,Miki Howard,r&b,40,1
She’s Gone Away,Nine Inch Nails,rock,40,0
Lovesick,SJUR,edm,40,0
Shaka Zulu,Tyga,rap,40,0
Fall to My Knees,Marshall Marshall,pop,40,0
Not Backing Down,Blanca,edm,40,0
Photographic,Depeche Mode,pop,40,0
Superpowers,Dallas,edm,40,1
Concrete Heart,VASSY,edm,40,0
Kylie,Akcent,edm,40,0
Missing You,Brandy,r&b,40,1
Tell Me,Krept & Konan,r&b,40,0
Devil's Den (Remix),Arva,rock,40,0
American Capitalist,Five Finger Death Punch,rock,40,0
Posted,Pac Div,rap,40,0
"Initiated (feat. 2Pac a.k.a. Makaveli, Outlawz & Kurupt Tha Kingpin)",Daz Dillinger,rap,40,0
Break up,Taichi Mukai,pop,40,0
Romeo Had Juliette,Lou Reed,rock,40,1
In Only Seven Days - Remastered 2011,Queen,rock,40,1
Earthquake,Justin Prime,edm,40,0
"All Dead, All Dead - Remastered 2011",Queen,rock,40,1
Algiers,The Afghan Whigs,rock,40,0
If You Can't Beat Them - Remastered 2011,Queen,rock,40,0
Midnight Marauder,Ramirez,rap,40,0
WORDS,Deanna Brooke,rap,40,1
Forever Scarred,FG Famous,rap,40,0
Mamacita,OutKast,rap,40,0
Mercedes Boy,Pebbles,r&b,40,1
Clash,Alesso,edm,40,0
Door #1,LSG,r&b,40,1
Broken Hearted,Mattia Pironti,pop,40,0
It Ain't My Fault,Silkk The Shocker,rap,40,1
She's High Again,Radio Free Universe,rock,40,0
Helado,Daniel Sabaterr,latin,40,1
Part Three,Paul Kalkbrenner,edm,40,1
Control Machete,Control Machete,rap,40,0
Preach,Watermät,pop,40,0
Uni,Atlas,rock,40,0
Algo contigo,Valeria Castro,latin,40,1
Stop the World,Maxwell,r&b,40,1
Last Train,Tiësto,edm,40,0
About Me,Argui,pop,40,0
Decatur Psalm,OutKast,rap,40,1
Freak It Out,Golf Clap,edm,40,0
Violent Shiver,Benjamin Booker,rock,40,0
I Want U,Ghastly,edm,40,0
Because Of Love,Janet Jackson,r&b,40,0
All Night,Tujamo,edm,40,0
Things We Do For Love,Horace Brown,r&b,40,1
Iesha,Another Bad Creation,r&b,40,0
Whip Appeal,Babyface,r&b,40,1
The Ones,Aesthetic Perfection,pop,40,0
Nobody's Perfect,Jessie J,edm,40,0
Let's Do It,11 Acorn Lane,edm,40,0
Upside Down (Radio Edit),Wolfgang Lohr,edm,40,0
You Will Rise,Sweetback,r&b,40,1
Hurt U,EAUXMAR,pop,40,1
Dancing By Yourself,Junior Sanchez,pop,40,0
Natural (feat. Melanie Fiona),Brady Watt,r&b,40,1
Joe's Break,Minimatic,edm,40,0
Back Chat - Remastered 2011,Queen,rock,40,0
Eclipse,Deniz Koyu,edm,40,0
Love of My Own,Eric Benét,r&b,40,1
Aparentemente,Mackieaveliko,latin,40,1
Whoopsy Daisy (Club Mix),Wolfgang Lohr,edm,40,0
10 (Alleen),Caza,latin,40,0
Cut to Black,Lemaitre,pop,40,0
J'veux du soleil (feat. Au P'tit Bonheur) [Gramophonedzie Remix],Bart & Baker,edm,40,0
Last Man Standing,Pop Evil,rock,40,0
Hallelujah,Alicia Keys,r&b,40,0
Photograph,Jacob Banks,r&b,40,1
Hand of the Dead Body,Scarface,rap,40,0
Throwback,Electro-Light,edm,40,0
Mr. Big,8Ball & MJG,rap,40,1
Scotty,D4L,rap,40,1
Fifty Dollar Bills,Sworn Virgins,edm,40,0
Deep,Marian Hill,r&b,40,1
Grey Skies,Blanche J,r&b,40,1
Ready When You Are,Mathilda Homer,r&b,40,1
Superman,Ivory Layne,pop,40,0
Swing It Like Roger,Klischée,edm,40,1
Loveless (feat. Robert James),Upchurch,rap,40,1
Mine By Tomorrow,Hartman,latin,40,0
Amarte por mil años,Karibe Orquesta,latin,40,0
Tennessee Dreamin,Upchurch,rap,40,1
Visions,So Below,pop,40,0
Turn up the Speakers - Radio Edit,Afrojack,edm,40,0
Lovin’,Hansie,latin,40,0
A Place I Know,The Cranberries,rock,40,0
Flirtin' w / Forever,Wayne Brady,latin,40,0
lucid,slenderbodies,pop,40,1
My Sunshine (For You),Morgan Saint,pop,40,1
Arcade,Dimitri Vegas & Like Mike,edm,40,0
TBT,Yera,latin,40,0
Phantom of the Pines,Upchurch,rap,40,0
Mio,Devan,r&b,39,0
"Here I Go (feat. Young Dro, Shad Da God, T.I., Spodee, Mystikal)",Hustle Gang,rap,39,0
Push Play,Zedd,edm,39,0
Damn Daniel - Radio Mix,Bombs Away,edm,39,0
Bottles,Jacala,pop,39,0
Come Get Your Coat,Blacktop Mojo,rock,39,0
Kostbaar,Yung Felix,latin,39,0
COUNT YAH BLESSINGS,Chivv,latin,39,0
Records (feat. Hier),Y.V.E. 48,pop,39,0
What's Love Got to Do with It,XY&O,pop,39,1
LFT,Quadron,r&b,39,1
Do My Thing,Estelle,pop,39,0
Locked Inside,Janelle Monáe,pop,39,0
Safe Dream,Tep No,pop,39,1
Amsterdam,Olly James,edm,39,0
The Moth & The Flame,Les Deux Love Orchestra,pop,39,1
Thirsty,Geoffroy,pop,39,1
Drinking Alone,King & Joker,latin,39,1
Simple (STVW Remix),FANNYPACK,pop,39,0
Forever Fame,Upchurch,rap,39,0
Our Show,Ericé,latin,39,0
My City,KAAZE,edm,39,0
Sugar Don't Be Sweet,Jaz Karis,r&b,39,1
Tyrone,Erykah Badu,r&b,39,0
Pynk (feat. Grimes),Janelle Monáe,pop,39,1
Lonely (feat. Lorine Chia),Jamila Woods,r&b,39,1
El Ambiente Huele a Mota,TREN LOKOTE,rap,39,0
Chinchetas en el aire,Los Delinquentes,r&b,39,0
Instant Funk,Merchant,edm,39,0
Zanku,DopeNation,latin,39,0
Loco,Beéle,latin,39,0
Sinister Piffle,Jamie Berry,edm,39,1
To the Bat Cave,Odd Chap,edm,39,0
Shanti,ShiShi,latin,39,0
Que Calor (with J Balvin) - Badshah Remix,Major Lazer,latin,39,0
Give U My Heart (feat. Toni Braxton),Babyface,r&b,39,0
Teddy's Jam,Guy,r&b,39,1
Don't Leave Me,Blackstreet,r&b,39,0
No Surprise - Edit,Theory of a Deadman,rock,39,0
Ever So Clear,Bushwick Bill,rap,39,1
Infinite,Seth Hills,edm,39,0
We Came To Rave,SaberZ,edm,39,0
Tunisia,Stefan Bors,edm,39,0
Ран Вася Ран,N1NT3ND0,rap,39,0
John Doe featuring MZ Lelee,Public Announcement,r&b,39,0
Keep Pushin' (feat. Inaya Day),Tujamo,edm,39,0
Jezebel,Sade,r&b,39,1
Goliath,Dyro,edm,39,0
Button Up,Odd Chap,edm,39,0
Hit or Miss,Winter Havens,rock,39,0
Goddamn,Deva Mahal,r&b,39,0
Otherside - Two Another Remix,Young Franco,r&b,39,0
Smoking Room,DJ Mibor,edm,39,0
Queens Of Anarchy - Røykenrussen 2015,Vigiland,edm,39,0
Crystal Blue Persuasion (45 Version),Tommy James & The Shondells,rock,39,1
Married Man,Annella,edm,39,0
Even Angels,Radio Free Universe,rock,39,0
Adios,Kim Viera,latin,39,0
Femininity,Eric Benét,r&b,39,0
Believe,Raheem DeVaughn,r&b,39,1
Over - Zonderling Edit,Dannic,pop,39,0
Tu Eres,Salo,latin,39,1
De la Cuna al Ataud,La Etnnia,rap,39,0
Higher - HYMN Remix,For All Seasons,pop,39,0
Alladat,Jarren Benton,r&b,39,0
Handle the Vibe,Bone Thugs-N-Harmony,rap,39,0
I'm for Real,Howard Hewett,r&b,39,1
Cut You Loose,ReauBeau,pop,39,0
Weezy Baby,Lil Wayne,rap,39,0
Falling for You,Tamia,r&b,39,0
Enrredoz,Cejaz Negraz,rap,39,1
Autumn,Day Felice,rock,39,0
Psycho,Travel With The Sun,rock,39,0
How You Love Me (feat. Conor Maynard & Snoop Dogg) - Thomas Gold Remix,Hardwell,edm,39,0
Sheer Heart Attack - Remastered 2011,Queen,rock,39,0
Scratch Marchin',Kormac,edm,39,1
Libella Swing,Parov Stelar,edm,39,0
I Just Wanna Know,2Scratch,rap,39,1
I Do...,Mustard,rap,39,0
One Night Stand,Lil Jon & The East Side Boyz,rap,39,0
Love Me Louder,Ericé,edm,39,0
No Beef,Afrojack,edm,39,0
Nothing Like Loving You,Amerie,r&b,39,1
Sleep at Night,Hayley Gene Penner,r&b,39,1
Love Me Like You - TYE Remix,The Young Escape,pop,39,0
Keep On Breaking My Heart,Seramic,r&b,39,1
No Lie,2 Chainz,rap,39,0
I just need U. - Capital Kings Remix,TobyMac,edm,39,0
Sweet Emotion - Single Version,Aerosmith,rock,39,0
Child In Your Arms (Capital Kings Remix) [feat. Aaron Cole],Ryan Stevenson,edm,39,0
Beauty Queen,BLVK SWVN,rock,39,0
Fbgm,Ramirez,rap,39,0
Go Out,Lil Toe,rap,39,1
Cartier,Gino J,r&b,39,1
Rukus,$uicideBoy$,rap,39,0
Smile,Prince Paris,pop,39,0
Who Needs You - Remastered 2011,Queen,rock,39,1
Good Old-Fashioned Lover Boy - 2011 Mix,Queen,rock,39,1
All That I Am,Joe,r&b,39,1
Part Of Me - Bonus Track,"""Dear Evan Hansen"" August 2018 Broadway Cast",r&b,39,1
Been There Done That,Dr. Dre,rap,39,0
More Of You,Hillsong Young & Free,pop,39,0
Through People Like Me - Chris Howland Remix,Mass Anthem,pop,39,0
Set Me Free,Dillon Francis,edm,39,0
The Oasis - Radio Edit,Talla 2XLC,edm,39,0
Lean On,Campsite Dream,edm,39,0
Lost,Nathan Grisdale,edm,39,1
L.A.,Murs,rap,39,0
Wasting Moonlight,Sick Individuals,edm,39,0
Hey Now - Arty Remix,London Grammar,edm,39,0
Legacy - Radio Edit,Nicky Romero,edm,39,0
I Need Your Love - Nicky Romero Remix,Calvin Harris,edm,39,0
Conclusion,NOLAN,r&b,39,1
Only Me,Jean Juan,edm,39,0
Back Down - Price Park Remix,TWO LANES,rap,39,1
Get Together,The Youngbloods,rock,39,1
Hit the Light - Steve Modana Radio Edit,Semitoo,edm,39,0
The Riddle - Steve Modana Radio Edit,Marc Korn,edm,39,0
We Are Xtra,Mad Crow,edm,39,0
Blades,FARR,r&b,39,1
Fress mich satt,Joshi Mizu,rap,39,0
High Pretentions - Moestwanted Remix,Felix & Dean,edm,39,0
Misae - Radio Edit,Our Psych,edm,39,0
Plague Doctor Mask,Ghostemane,rap,39,0
Old Graffiti,Bibio,r&b,39,0
different,Jaydon Lewis,rap,39,1
Heaven,The Psychedelic Furs,rock,39,1
Think Before You Talk,Chad Cooper,edm,39,0
Umsatzfixiert,Capital Bra,rap,39,1
Hey Jude - Remastered 2009,The Beatles,rock,39,0
Criminal Mentality,Mr. Criminal,latin,39,0
Dollar Bill (feat. Kid Ink),Phoebe Ryan,pop,39,0
Piano Song,Eryn Allen Kane,r&b,39,1
'Til You Do Me Right,After 7,r&b,39,1
Escape,Thomas Gold,edm,39,0
Rush,BROHUG,edm,39,0
Lost in Someone Else,Casey Derhak,pop,39,1
25 or 6 to 4,Chicago,rock,39,0
Like It or Not,Ksenia,pop,39,0
Where Are You,Adil C,pop,39,1
No Captain - Dirty South Remix,Lane 8,edm,39,1
Lost in the Space,Coopex,rap,39,1
Tumbaye,Oscarcito,latin,39,0
Royal Flush (feat. André 3000 & Raekwon),Big Boi,rap,39,0
Eyes - RÜFÜS DU SOL VIP Edit,RÜFÜS DU SOL,edm,39,0
Flutter,Beau Diako,r&b,39,1
As Long As You Love Me (feat. Emelie Cyréus),Chad Cooper,edm,39,0
Love On Me,Noize Generation,edm,39,0
Keep Up,Akon,latin,39,0
Sweet Dreams,Wolfgang Lohr,edm,39,0
Walking Away - Toscadisco Remix,The Egg,edm,39,1
Is It Good To You,Teddy Riley,r&b,39,0
That Thing You Do,Ellem,rap,39,0
Paper Airplanes (Makeshift Wings),AFI,rock,39,0
Gangland,Manuellsen,rap,39,0
I Will Trust,Fred Hammond,r&b,39,0
Into The Wild,Kovan,latin,39,0
Bad Look,Charming Horses,pop,39,0
Belong With You,Blackcode,edm,39,0
September Song - Indian Summer Mix,JP Cooper,edm,39,0
Find You - RAMI Remix,Nick Jonas,edm,39,0
Keep On Rockin' - WYKO & Krexxton Remix,Laidback Luke,edm,39,0
What the World Needs Now Is Love,Andra Day,r&b,39,1
The Only Way Out,Andra Day,r&b,39,1
Gunnin' for You,Nick Nolan,rap,39,0
Somebody For Me,Heavy D & The Boyz,r&b,39,1
Simulation,Glass Petals,edm,39,0
"Hurry, Hurry",Air Traffic Controller,pop,39,0
The Coming Storm,Matt Moore,rock,39,0
Watch The Sunrise - Radio Edit,Axwell,edm,39,0
No Te Olvidaré,Gloria Estefan,latin,39,1
Invasion,Kaivon,rap,39,0
Holdin On,Party Favor,rap,39,0
Jackie Chan - Daijo Remix,Tiësto,edm,39,0
Fre$h,Lil Whigga,rap,39,1
Fever,Brasstracks,r&b,39,1
When It's Over,Sebastien,latin,39,0
Real Niggaz Don't Die,N.W.A.,rap,39,0
Get What's Coming,Rival Sons,rap,39,0
Island Boy (feat. Elephant Man & GC (Gate Citizens)),Showtek,edm,39,0
Legend,MOSKA,edm,39,0
Tachyon,Acidic Base,edm,39,0
Illusion,VIVID,edm,39,0
Tres Gotas De Agua Bendita,Gloria Estefan,latin,39,0
Bong,Deniz Koyu,edm,39,0
Wasted - Ummet Ozcan Remix,Tiësto,edm,39,0
Lowkey (feat. Lil Traffic),Godlands,rap,39,0
Anymore,Brevis,rap,39,0
Volare,Alexis Chaires,rap,39,0
Westside,Young Joshua,rap,39,1
Ooh,SAYMYNAME,rap,39,0
Scars To Your Beautiful - NOTD Remix,Alessia Cara,edm,39,0
Para No Pensarte,Icarus,latin,39,0
Pinteros,El Pinche Mara,rap,39,1
Bury Me In Gold,Big K.R.I.T.,r&b,39,0
Sure Wasn't Me,Tyrone Davis,rap,39,1
La Película II,Yan Collazo,latin,39,0
You - Tiësto vs. Twoloud Radio Edit,Galantis,edm,39,0
I Found Love (On A Lonely Highway),Jeff Floyd,rap,39,0
Añoranza,Luis Enrique,latin,39,1
Take Me Home - Radio Edit,Thomas Gold,edm,39,0
DyingLight,BONES,rap,39,1
Wishing Wells,The Colourist,pop,39,0
Who Shot 2Pac,King Lil G,latin,39,0
I Don't Wanna Lose You Tonight,Brian Dunne,rock,39,1
Hachepe,Novoa,latin,39,0
Mash,J Dilla,rap,39,1
Morena,Maréh,latin,39,0
Teardrops - Rapless Video Edit,Crew Cardinal,edm,39,0
Only Love - Luca Schreiner Island House Mix,Shaggy,latin,39,0
Boxed Off - Original Mix,Patrick Topping,edm,39,1
Stand Tall,Burton Cummings,rock,39,1
Ghosts,Rene Ablaze,edm,39,0
Manifest,Zayvin Lakin,r&b,39,1
Desire,Gene Loves Jezebel,rock,39,0
Away,The Bolshoi,rock,39,0
I Go Crazy,Flesh For Lulu,rock,39,0
Take It All the Way,Xavier White,edm,39,0
Calling Me,Aquilo,pop,39,1
"Tú, Mi Amiga y Yo También",Ali Masare,rap,39,0
Facts,Karan Aujla,rap,39,0
Thrasher,Gunship,pop,39,0
Bombs Away,Charlotte Gainsbourg,pop,39,0
La Isla Bonita - Mike La Funk Remix,Paulo & Verde,edm,39,0
Trampoline (feat. AMY MIYÚ),WILL K,edm,39,0
Primadonna,Nina Tribus,pop,39,1
Silver Lake Queen,Diplomacy,pop,39,0
High Pressure Dave,HEALTH,pop,39,0
Colours,Age of Consent,pop,39,1
Play - Loris Cimino Remix,Betta Lemme,edm,39,0
Stuck On You,Nick Strand,pop,39,0
Plaqtudum - Tropkillaz Remix,Recayd Mob,rap,39,0
Black Lança,Dj Rogerinho do Quero,rap,39,1
Moyocoyotzin,GIGEE,edm,39,0
Afterlife,Greyson Chance,pop,39,0
Arabian Drift,VFM Style,rap,39,0
Silver Linings,Catching Flies,edm,39,1
Six Feet Under The Stars (Acoustic),All Time Low,latin,39,1
María Cristina - Remasterizado,Eliades Ochoa,r&b,39,1
Just Can't Let Go,Sir Charles Jones,rap,39,1
Hard Pass,Tritonal,edm,39,0
Changes,Faul & Wad Ad,pop,39,0
Moreno Soy,Diego El Cigala,r&b,39,0
I Wanna Love You,Jade,r&b,39,0
Truth To the Weak (Not Built To Collapse),Fire From The Gods,rock,39,0
Locket,Kilo Kish,r&b,39,1
Moving On,Dosk,edm,39,0
Delicia Tchu Tcha Tcha,Mike Moonnight,edm,39,0
Sensual Girl - Malik Mustache & Cool Keedz Remix,Mc Davi,rap,39,0
Grave Bate,3 Tenores,rap,39,1
Dripping,Dalua,rap,39,1
A Dios Le Pido - MTV Unplugged,Juanes,latin,39,0
Burnout,EXES,pop,39,1
Here on My Own,Swardy,edm,39,1
4 Loko,BVDGE,latin,39,0
Vamonos,Elias Diaz,latin,39,0
Espiritual,Pachará,latin,39,1
let me know,blanchehor,pop,39,1
Moved On,Redlight Blue,pop,39,1
Flying On My Own - Dave Audé Remix,Céline Dion,edm,39,0
Fin août - Yuksek remix,Tim Dup,edm,39,0
Raabta,CryJaxx,rap,39,0
How Do You Want to Be Remembered,MAGIC!,pop,39,1
Outta My Mind,Des Rocs,rock,39,0
Orange,Sophie Holohan,pop,39,1
Saide (Sad Song) - English Version,Gliffo,r&b,39,1
Here We Go Again! - Radio Edit,Portrait,r&b,39,0
Let's Straighten It Out,Latimore,rap,39,1
X,Nana Mendoza,latin,39,1
Vaivén,Mirella Cesa,latin,39,0
Peligrosa Mujer,Joaco Terán,latin,39,1
Muerte En Hawaii,Pau Sotomayor,latin,39,1
Karussell,Remoe,r&b,39,1
Torn Apart,Eredaze,rap,39,1
Go Arder,B Mus,rap,39,0
Cold as Stone - Kaskade's Sunsoaked Mix,Kaskade,edm,39,0
Mammon's Mantra,Deca,r&b,39,0
Pajarito,Sotomayor,latin,39,0
Respiração,Ley Line,latin,39,1
El Cafetal,Vilamarea,latin,39,1
Desierto,Simah,latin,39,1
Eres Tú,Mac Gregor,latin,39,1
Pánico Cero,King Edi K,latin,39,1
Lass rauchen,Haftbefehl,rap,39,0
Out of Control,Two Figures,edm,39,0
No Erasin',Steve Perry,rock,39,0
Words To Say,WVLNGTH,edm,39,0
Typically Her (Kaytranada Edition),Beverlay,r&b,39,0
40 Graus,Zeus,rap,39,1
Talvez Bem Mais,Clara Lima,rap,39,1
Life Time Warranty,Cyberbully Mom Club,pop,39,1
Weight Of It All,Handsome Ghost,pop,39,0
Falling,Nana Mellie,edm,39,0
Taller Than You,Mamamoo,edm,39,0
Mask Machine,Flying Colors,rock,39,0
Esto Es Real (8100mg),Combo Chimbita,latin,39,0
Volta,Fly,r&b,39,0
Meet You There,Max Lean,latin,39,0
Undefeated (feat. 21 Savage),A Boogie Wit da Hoodie,r&b,39,0
Where R U,Gaullin,edm,39,0
Avanti Avanti (feat. Celo & Abdi & Hanybal),Reda Rwena,rap,39,0
Cannonball,Dijon,pop,39,1
A Wake (feat. Evan Roman),Macklemore & Ryan Lewis,pop,39,0
Hell To Pay,Michael Shynes,latin,39,1
Joy To the World,Darlene McCoy,r&b,39,0
Love Me,Jane XØ,pop,39,0
Nana,J Alvarez,latin,39,0
Master of the Universe - 1996 Remaster,Hawkwind,rock,39,1
Gangsterdam - Lady Bee Remix,Oliver Twizt,edm,39,0
Te Perdí,Lautaro Lopez,rap,39,1
Matador (feat. Ñengo Flow),Jory Boy,latin,39,0
Energetic (Prequel Remix),Wanna One,edm,39,0
Rain Or Shine,Young Fathers,pop,39,0
28 Grams,Wolfgang Gartner,edm,39,0
Kulio - Bonus Track,Matroda,edm,39,0
Make It Pop,Nonsens,edm,39,0
Yl,Aivarask,edm,39,1
The Universe Is Ours,Headhunterz,edm,39,0
R U Mine (SteLouse Remix),ROZES,pop,39,0
Hasta Verla Sin Na (feat. Arcangel),Tony Dize,latin,39,0
Surf Crazy Finale,Teen Beach Movie Cast,pop,39,0
Nothing’s Gonna Stop Me Now,Olivia Holt,pop,39,0
Heart Talk,Alex McArtor,rock,39,0
Watch Me - Jay Anthony Remix,Duchess,edm,39,0
Rearview Mirror,Art Of Dying,rock,39,0
Hangover,Thomas Gold,edm,39,0
Nobody Knows,Hiroomi Tosaka,pop,39,0
My Hooptie,Sir Mix-A-Lot,rap,39,1
EMG,El-P,rap,39,0
I Don't Know Why - Danny Avila Remix,Gavin James,latin,39,0
Every Breath You Take,Camishe,latin,39,0
I Heard It Through The Grapevine,Saxity,latin,39,0
Tempted To Touch (feat. Rupee),Zaeden,latin,39,0
Illegaller Lifestyle,18 Karat,rap,39,0
Razzle Dazzle (feat. Future),Mike WiLL Made-It,rap,39,0
Down,The Man Who,rock,39,0
Safar,Sikander Kahlon,rap,39,1
PURPLE TUESDAY (feat. Joey Bada$$ & Jesse Boykins III),Rejjie Snow,r&b,39,1
Mono,Sacred Animals,pop,39,0
Save Defiance,Mark Morton,rock,39,0
"Mind, Body, Soul",Road Kahan,edm,39,0
Music Is Our Religion,Blasterjaxx,edm,39,0
Haunted,Minty Burns,r&b,39,1
DMT - Original Mix,CamelPhat,edm,39,0
"Da' Butt - From The ""School Daze"" Soundtrack",E.U.,rap,39,0
Born To Roll - Jeep Ass Niguh Remix,Masta Ace Incorporated,rap,39,0
Ask of You,Doctor Pheabes,rock,39,0
Let You Down - Chris Royal Remix,Bombs Away,pop,39,0
Midnight Mischief,Jordan Rakei,r&b,39,1
goodnight n go,Ariana Grande,pop,39,1
If You Love Me,Mint Condition,r&b,39,1
Shake That Thing,Sean Paul,latin,39,0
Blackened Eyes,Hank von Hell,rock,39,0
Never Die (A Song for Marcel),Talisman,rock,39,0
What Do I Do? - Benny Benassi Remix,Georgia Ku,pop,39,0
The Barrel,Aldous Harding,r&b,39,1
Blueberry Yum Yum,Ludacris,rap,39,0
Rich Niggaz,Juvenile,rap,39,0
7 Nation Army,Hayseed Dixie,r&b,39,1
Vanessa From Venezuela,3582,r&b,39,1
God Level 4,Bruto Chr,latin,39,0
Chill Cloud,Joan Ember,edm,39,0
At the Wheel,Colorblind,rock,39,0
Open Up,Josha Daniel,pop,39,0
Little Things - Main,India.Arie,r&b,39,1
Don't Stop The Rock,Freestyle,pop,39,0
Shadows - Radio Edit,Irajá,latin,39,0
Too Much,Pale,pop,39,1
Back for Me,Electric Guest,pop,39,0
Focus,Blackcode,edm,39,0
With Or Without You,Maddix,edm,39,0
Money Money,Yves V,edm,39,0
Going Back To You,Kehele Keff,edm,39,0
Beat Of Your Heart,Disco Fries,edm,39,0
惑星タントラ,Mondo Grosso,r&b,39,0
ラビリンス - Album Mix,Mondo Grosso,r&b,39,0
My Way - Tiësto Remix,Calvin Harris,edm,39,0
Put a Smile on Your Face,Durand Jones & The Indications,r&b,39,1
Hoy Es Viernes,Chucho Flash,latin,39,0
C'est La Vie,Robbie Nevil,rock,39,1
Clockwise,Alexander Lewis,pop,39,0
Hot Caliente,Jasmine Ortiz,latin,39,0
How We Roll,Don Omar,latin,39,0
Baby You (feat. Jason Derulo),The Game,rap,39,0
Netflix & Chill,The Twinz,latin,39,0
War in the Streets.,After 10,rock,39,0
Cocaina (feat. Young Thug),Migos,latin,39,0
All Hands On Deck - Giraffage Remix,Tinashe,edm,39,0
Midnight Pretenders,Tomoko Aran,r&b,39,1
Vow,TENDER,pop,39,1
Ghosts,Scavenger Hunt,pop,39,0
Fell In Love,Maredatruth,rap,39,0
Fv3K,Panski,latin,39,1
De Los Besos Que Te Di,Sandronyc,latin,39,0
No Llores,Jay Kalyl,latin,39,0
Dark Poetry,SGD Vedoe,edm,39,1
Tú Lo Sabes,PeeWee,latin,39,0
Changes,Charles Bradley,r&b,39,1
Bossen,Hansie,latin,39,0
Libertine,The Cult,rock,39,0
Celebra,Toda la Vida,latin,39,0
In Your Head,Mike Vallas,pop,39,1
Closer,Corinne Bailey Rae,r&b,39,1
Bring It Back,TV Noise,edm,39,0
Fire,TV Noise,edm,39,0
Basslyn,Bart B More,edm,39,0
Entre Dos Aguas - Remastered 2014,Paco de Lucía,r&b,39,0
Burreros,Cartel De Santa,rap,39,0
Just Another Piano Solo - Original Mix,L'Atelier,edm,39,0
Himno a la Jauria,Cartel De Santa,rap,39,0
The Touch,Otis Junior,r&b,39,1
Allez Viens (Via Con Me) [feat. Pierre Santini & Lada Redstar],Bart & Baker,edm,39,0
Dixie Biscuit - Radio Edit,Tape Five,edm,39,0
Amor Narcótico,ChiChi Peralta,latin,39,1
Señora,Kate Candela,latin,39,0
Be That Way,Jelly Roll,rap,39,0
We Own The Night - The Chainsmokers Edit,The Wanted,edm,39,0
Countdown - Original Mix,Hardwell,edm,39,0
Abracadabra - Remix Los Hermanos Rosario,Elvis Crespo,latin,38,0
Carillo,Bufalo,r&b,38,0
Proud,Jelly Roll,rap,38,1
Distant Lady,Adriana Evans,r&b,38,0
Hot Pearl C (feat. N’Dambi),RC & The Gritz,r&b,38,1
Who Run It,Three 6 Mafia,rap,38,0
Never Should've Let You Go,Hi-Five,r&b,38,1
Running Through My Mind,Lynn Hayek,latin,38,0
Me and You (Radio Edit),Martin Silence,edm,38,0
There Are Too Many Of Us,Blur,rock,38,0
Slow Hands,Interpol,rock,38,0
Stardust,Gemini Syndrome,rock,38,0
Enjoy Your Life - Edit,Rayko,edm,38,0
Trippin',Becoming Young,pop,38,0
Foxxay,Edge of Silence,edm,38,0
She Go,HIRIE,edm,38,0
Mary Go Round,Musiq Soulchild,r&b,38,1
Feel Good (feat. Daya) - Brooks Remix,Gryffin,edm,38,0
Preach,Jaycen A'mour,edm,38,0
Members Only,"Bobby ""Blue"" Bland",rap,38,1
Weight in Gold - Louis Futon,Gallant,r&b,38,0
Minute,Parson James,pop,38,0
I Wonder Where,Glenn Gatsby,latin,38,0
Music Has the Power - Wolfgang Lohr Remix Radio Edit,!deladap,latin,38,0
"Something Real - From ""How to Build a Better Boy""",China Anne McClain,pop,38,0
Hublot,18 Karat,rap,38,0
Oxum,Ley Line,latin,38,1
burning gold - Autograf Remix,Christina Perri,pop,38,0
Standing on the Verge of Getting It On,Funkadelic,r&b,38,0
Manifesto,OverDoz.,r&b,38,1
Born to Rule,Transviolet,pop,38,0
Time to Find Someone,Bildjan,edm,38,0
We Were Younger,Martin Silence,edm,38,0
Young Love,Martin Silence,edm,38,0
Back for a Fight,Falling Decibyls,edm,38,0
NOBODY,Kwame,rap,38,1
Rush,Quentyn,pop,38,0
Can You Love Me Again,Shake,pop,38,0
Evil Twin,THE TRASH MERMAIDS,rap,38,0
Y Ahora,Mula,latin,38,1
Scab,Chicano Batman,latin,38,0
Black Butterflies,Kill The Buzz,edm,38,0
Beast,PURARI,edm,38,0
Kings & Queens (feat. Run The Jewels),DJ Shadow,rap,38,0
Jah No Partial - Yellow Claw & Yung Felix Remix,Major Lazer,rap,38,0
Sweet Nothing - Diplo + Grandtheft Remix,Calvin Harris,rap,38,0
Girl I'm on the Way,Keeyen Martin,r&b,38,1
Darkside,Myron,r&b,38,1
Scars To Your Beautiful - Luca Schreiner Remix,Alessia Cara,edm,38,0
Go,Delilah,r&b,38,1
NTN,Cartel De Santa,rap,38,0
Just Like Candy,MJG,rap,38,0
Paid Dues,8Ball,rap,38,0
Sick Boy - Owen Norton Remix,The Chainsmokers,edm,38,0
Tonight's the Night (Gonna Be Alright),Rod Stewart,rock,38,0
You're My Everything,Silky Signs,latin,38,0
El Sueno de Frida,Antonio Garcia Isaac,latin,38,1
For You,Flatdisk,latin,38,0
Guerra Fría,LAGOS,latin,38,1
Carburando Ideias,Léo Rocatto,rap,38,1
J. Gotti,View,r&b,38,0
Ita,Dyne Side,rock,38,0
Out of the Darkness - Radio Edit,Pete Kingsman,edm,38,0
Burning Bridges (Fakear Remix),Patrice,edm,38,0
Go Home (feat. Mark O),Lonely in the Rain,edm,38,1
Rivers,Wallaby,edm,38,0
Takes A Little Time,Zac Samuel,edm,38,0
Asteroid (Original Mix),Jay Lumen,edm,38,0
Send Me Home,Giants' Nest,latin,38,0
Roll Up,Wiz Khalifa,rap,38,0
Ghetto Vet,Ice Cube,rap,38,0
Table Flipping Machine,Dada Life,edm,38,0
Forever One,MR.BLACK,edm,38,0
Fusion,Olly James,edm,38,0
Mediterráneo,Jorge Drexler,latin,38,1
Waste My Youth,GALXARA,pop,38,0
Marty McFly,7ru7h,rap,38,0
Never Give You Up,Raphael Saadiq,r&b,38,0
4am (The Fauns Remix),Power Glove,pop,38,1
Crealo Mi So,Cejaz Negraz,rap,38,1
Te Voy a Dar,Pau Muro,pop,38,0
This Feeling - Tim Gunter Remix,The Chainsmokers,edm,38,0
Unpredictable - Main,Jamie Foxx,r&b,38,0
Five Minutes to Midnight,Boys Like Girls,pop,38,0
Her Grace,Maverick Sabre,pop,38,1
CUCAKITA,Sahony,latin,38,0
Me Gustas Tú,Carolina Camacho,latin,38,1
"I'm Trapped, Pt. 1",Carl Sims,rap,38,1
La Peque,Ulises Bueno,latin,38,0
Don't Be the Reason,Macy Martin,edm,38,0
Contigo Despertar,Jabex,latin,38,0
Pavement,Veridian,rock,38,0
Like This And Like That,Monica,r&b,38,1
Ролексы,nogano,rap,38,0
Promised Land,Skeletal Family,rock,38,0
sundown,mt. fujitive,rap,38,1
The Urban Theme,Maxwell,r&b,38,0
Heavy Lies The Crown,Royse,latin,38,0
If I Loved You,Royse,latin,38,0
Guerrilla Radio,RedHook,rock,38,0
Here With Me (feat. Nevve),ARMNHMR,edm,38,0
Is There Anybody Lonely,Sir Charles Jones,rap,38,1
Work It Out,Tucka,rap,38,0
Palm Trees - Motez Remix,GoldLink,r&b,38,0
Cuando Nos Volvamos a Encontrar - Live from Spotify,Carlos Vives,latin,38,0
Hero / Heroine,Boys Like Girls,pop,38,0
Blue Girl,Chromatics,pop,38,0
Fly Again,Leo Dynamic1,edm,38,0
Where Are You Tonight,Coro,latin,38,1
Nandoo,Sam Shure,edm,38,1
Eyes Closed,Curren$y,rap,38,0
En tête-à-tête - Live 2005,-M-,rock,38,0
A Pain That I'm Used To - Live,Depeche Mode,rock,38,0
Whatchugot (Pisk Remix),Caro Emerald,edm,38,0
Good On Me (feat. Olivia Noelle),Vanic,edm,38,0
Hang Glide,Anomalie,pop,38,1
Million Man March,Tuamie,rap,38,0
Silent Prayer,YL,rap,38,1
Mia Cara,Salimo,rap,38,1
Wenn ich wollte,Madsen,rock,38,0
Vibe,Maniaxo,edm,38,0
Lumière et vue,Modhayan,edm,38,1
Oh No,Andrew Bird,pop,38,1
Wakanda,Dimitri Vegas & Like Mike,edm,38,0
Closer,Haze & Mellow,latin,38,0
By Your Side,Lucas Estrada,latin,38,0
Room for Two,Moe Aly,latin,38,0
Home,Newclaess,edm,38,0
Flow (Original Mix),Kaan Pars,edm,38,1
Move On,ayokay,pop,38,0
Without the Bitter the Sweet Isn't as Sweet,Mayday Parade,pop,38,0
Madness,Royse,latin,38,0
Worth the Wait,ØZWALD,latin,38,0
Dreamers - Uta & Jay Forest Remix,TooManyLeftHands,edm,38,0
Yes I am,ONE OK ROCK,rock,38,0
Point of No Return,Nu Shooz,latin,38,0
B 612,Nhyx,edm,38,1
Resurrection,YZKN,rap,38,0
Champagne,Swing'it Dixieband,edm,38,0
Izdaja,NIN9,rap,38,0
Innocence,Quentyn,pop,38,0
Qarabag (Remix),Cricced,rap,38,1
Suede Gully,Puma,rap,38,0
That's Just Me,blackwave.,r&b,38,1
I Made It (feat. Trick Trick),D12,rap,38,0
Summer Lover (feat. Devin & Nile Rodgers) - Moguai Remix,Oliver Heldens,pop,38,0
Voltage,NWYR,edm,38,0
I'm Walking,Perquisite,pop,38,1
homesoon.,jamesjamesjames,edm,38,1
No Sound,FABV,edm,38,0
I Think I Love You,Dwele,r&b,38,0
Fire Is Coming,Flying Lotus,rock,38,0
Don't Rock the Boat - Bart & Baker Remix,Skeewiff,edm,38,1
The Last of the Famous International Playboys - 2010 Remaster,Morrissey,rock,38,0
Sister Golden Hair,Spanic,pop,38,1
Seven Seas Of Rhye - Remastered 2011,Queen,rock,38,0
Break Into Your Heart,Iggy Pop,rock,38,1
Bipolar Star - Victor Ruiz Remix,Olivier Giacomotto,edm,38,0
Criminal,Noah Neiman,pop,38,0
One Life,DJ MEG,pop,38,0
Secret Rendezvous,Karyn White,r&b,38,1
Playing The Blame Game,You Me At Six,pop,38,0
The Consequence,You Me At Six,pop,38,0
333,HELLYEAH,rock,38,0
Love Will Never Do (Without You),Janet Jackson,r&b,38,0
Beautiful Mind,Cormega,rap,38,0
No Sleep,Blasterjaxx,edm,38,0
WYAF,Pacific,pop,38,0
Tomorrow,Dawson Hollow,pop,38,0
Cold,Tempi,pop,38,1
Captain Tyin Knots VS Mr Walkway (No Way),Sleeping With Sirens,pop,38,0
Festa das Delícias,Raufão,rap,38,0
La Cancion Mas Triste de MI Vida,Omega El CTM,latin,38,0
Night Drive,Rubayne,pop,38,0
One Life - VIP Mix,DJ MEG,pop,38,0
Just As I Am,Marshall Marshall,pop,38,0
The Reason (Sean Cook Remix),Urban Rescue,pop,38,0
Upper Echelon,DA Image,rap,38,1
Slumber Party,Hellberg,edm,38,0
Fever,YOSA & TAAR,pop,38,0
Devil’s Den 鬼,October Ends,rock,38,0
Lucid Dreams,October Ends,rock,38,0
Supertwister,Camel,rock,38,1
Feel Alive,Trazmo,edm,38,0
Lightning (feat. John Rzeznik),Cash Cash,edm,38,0
VILLAINS,Elley Duhé,r&b,38,1
Pode Confessar,PK Delas,rap,38,0
Hold Me (feat. Frank Kadillac),Ria Mae,pop,38,1
Enamorado de Ti,Yandel,latin,38,0
Break The House,Borgeous,edm,38,0
Wizard,Martin Garrix,edm,38,0
Speechless,Candyland,latin,38,0
"My One (feat. Tory Lanez, Kranium & Dappy) (Todd Edwards Remix)",Wiley,pop,38,0
Understand (How Bout No) [The DM Song],Freak Daddy,pop,38,0
Clockwatch,AmirSaysNothing,pop,38,0
Missing Piece,Honey Butter,pop,38,0
Жизнь,Andery Toronto,rap,38,0
Magic,Yung Bae,r&b,38,0
survival dAnce 〜no no cry more〜,TRF,rock,38,0
Sobre La Mesa,Boca Paila,latin,38,0
Giving Up (feat. Jaden Michaels),QUIX,pop,38,0
Lady Karma,Sonny Bama,rap,38,0
looking around at the sky.,SAND&SEA,pop,38,1
Hit a Muthafucka,Three 6 Mafia,rap,38,0
Too Much Is Not Enough,Shakra,rock,38,0
I AM,Toothgrinder,rock,38,0
Raveheart - Jaxx & Vega Edit,D'Angello & Francis,edm,38,0
It's Late - Remastered 2011,Queen,rock,38,0
Safe And Sound - Dzeko And Torres’ Digital Dreamin Remix,Capital Cities,edm,38,0
Go to Hell,Alice Cooper,rock,38,0
Como la Manigua,Yuri Buenaventura,latin,38,1
Besos de Amor,Guayacán Orquesta,latin,38,0
Siempre Tan Ron,Vicente Cifuentes,latin,38,1
Wannajuato,Fideo y los del mondo,latin,38,1
Adore You,Taura,pop,38,0
Catch!,Night Tempo,r&b,38,0
Let's Make This Last 4Ever,Mitchel Musso,pop,38,0
Safer To Hate Her,You Me At Six,pop,38,0
Long Spoon,Entre Linhas,rap,38,1
Divisor de Águas,Zeus,rap,38,1
Dibiase,03 Greedo,rap,38,0
Good Idea,SLATIN,edm,38,0
Another Day (feat. Kaleena Zanders),Matroda,edm,38,0
Dance With ME,Maniaxo,edm,38,0
Coming Soon - Remastered 2011,Queen,rock,38,0
Pumps and a Bump,MC Hammer,r&b,38,0
More Of That Jazz - Remastered 2011,Queen,rock,38,0
Somedays,Tess Parks,rock,38,1
Swan,Ghostemane,rap,38,0
Downfall,Mikey Polo,rap,38,0
Superhero,Sandwich,rock,38,0
Real Eyes,Fili,pop,38,1
SameOldStory,BONES,rap,38,1
Live and Learn,Joe Public,r&b,38,0
Party Like Back in the Day,T.K. Soul,rap,38,0
Enamórate Bailando,Septeto Acarey,latin,38,0
"In California (feat. Lady ""V"")",Daz Dillinger,rap,38,0
Exsanguination,Killstation,rap,38,0
Righteous Days,The Dead Daisies,rock,38,0
Ratata,TV Noise,edm,38,0
Get Down,GRiZ,pop,38,0
"No Shorts, No Losses",Bone Thugs-N-Harmony,rap,38,1
Greed Hate Envy,Nelly,rap,38,0
Bigroom Blitz - Radio Mix,Scooter,edm,38,0
Rising Up - Rockefeller Remix,Bart B More,edm,38,0
Down For My N's,C-Murder,rap,38,0
Swalla (feat. Nicki Minaj and Ty Dolla $ign) - After Dark Remix,Jason Derulo,edm,38,0
Love Me Now - Dave Audé Remix Radio Edit,John Legend,edm,38,0
Ah Leke,Pitbull,latin,38,0
Same Old Song and Dance,Aerosmith,rock,38,0
Love Like You (Laudr8 Remix),N + I,edm,38,1
Dead On Time - Remastered 2011,Queen,rock,38,0
Wonderous Stories - 2013 Remaster,Yes,rock,38,1
Deep Inside,LOOPERS,edm,38,0
Broken Hearts Broken Bones,Charm City Devils,rock,38,0
Drive Me Crazy,Funky XV,latin,38,0
Lake Zurich,Gorillaz,pop,38,0
Boogie Nights,LUCKY TAPES,r&b,38,0
La Noche Entera,Alex Ferreira,latin,38,1
Like Home - Radio Mix,Nicky Romero,edm,38,0
Lluvia,Genio,latin,38,0
Heartbreak,Age of Consent,pop,38,1
No Estaba en Mis Planes,Marissa Mur,latin,38,1
Jimmy Crack Corn,Eminem,rap,38,0
Out My Face,Bankroll Mafia,r&b,38,0
Drama (Party Favor Remix),Bro Safari,edm,38,0
Circus Maximus - Aerophon Remix,Tape Five,edm,38,0
Higher Love,Odd Chap,edm,38,0
Past Scenes,Dune Rain,edm,38,1
Staying Power - Remastered 2011,Queen,rock,38,0
Moonlight Jive,Proleter,edm,38,0
Till the World Ends,Ryan Nealon,r&b,38,1
Outside - Hardwell Remix,Calvin Harris,edm,38,0
Follow Me (feat. Jason Derulo),Hardwell,pop,38,0
I'm in Love,Tomoko Aran,r&b,38,1
(There You Go) Tellin' Me No Again - 2007 Remaster,Keith Sweat,r&b,38,0
Gypsy Drop - Radio Edit,Filip Jenven,edm,38,0
Rain Wizard,Black Stone Cherry,rap,38,0
Pulse,Jade Key,latin,38,0
Fangs,Night Riots,pop,38,0
Rocky Mountain Way,Joe Walsh,rock,38,0
Grandpa's Groove - Extended Version,Parov Stelar,edm,38,0
Cudos,Breadwinna Gdawg,rap,38,0
Boy Meets Girl,Rude-α,pop,38,0
Closure,Nick Hames,pop,38,1
Earth Meets Water,Dash Berlin,edm,38,0
Hat 2 da Back,TLC,r&b,38,1
veTE,Akwid,latin,38,0
"Super Sin Capa (Remix) [feat. Secreto El Famoso Bibero, Lirico En La Casa, Musicologo & Bulova]",El Super Nuevo,latin,38,0
No Me Venga a Decír,Neztor mvl,rap,38,0
We Rock,Cast Of Camp Rock,pop,38,0
Whyyawannabringmedown,Aranda,rock,38,0
The One I Like,Andrezia,latin,38,1
Maillot de bain,Modhayan,latin,38,1
Ace - Radio Edit,Rewind,latin,38,0
Now & Forever (feat. SONPUB & 向井太一),香取慎吾,pop,38,1
Your Love (HGHTS Remix),Chris Howland,pop,38,0
Heaven On Earth - Radio Single,Planetshakers,pop,38,0
За 105 двор,Nurminsky,rap,38,0
Destillat - VNV Nation Remix,Das Ich,pop,38,0
Street Lamp Swing,Dirty Honkers,edm,38,0
Paranoia,Hostile Array,rock,38,0
Until You Were Gone - Reez Remix,The Chainsmokers,edm,38,0
What the F?!,Maurice West,edm,38,0
Since We Met,MVCA,latin,38,0
Over My Shoulder,Marc Kiss,latin,38,0
Rapapa Bounce,Dewo,edm,38,0
Work It Out,OFFAIAH,edm,38,0
Kryptonite,Pickin' On Series,r&b,38,1
In Your Eyes (feat. Charlotte Day Wilson) [Nosaj Thing Remix],BADBADNOTGOOD,r&b,38,1
Forever,CHVRCHES,pop,38,0
High - Yahtzel Remix,Peking Duk,latin,38,0
Burn The World,Dominix,edm,38,0
Dreamworld,Robin Thicke,r&b,38,1
Virginia,Clipse,rap,38,0
Yesterday,Mary Mary,r&b,38,1
Free,Dyro,edm,38,0
Echo,Seth Hills,edm,38,0
Bigroom Never Dies - Mix Cut,Hardwell,edm,38,0
Creed Of The Greedier,La Coka Nostra,rap,38,0
Handsome,Rafi Malice,rap,38,0
Communicating,YBS Skola,rap,38,0
Masquerade,Dyro,edm,38,0
Believe,Kosling,edm,38,0
Solo Quiero Amarte (Feat. Pipe Calderon),Vela,latin,38,0
Link,Madiel Lara,latin,38,0
Basquiat,Milano The Don,rap,38,0
Leave Me Alone (feat. Erykah Badu),RC & The Gritz,r&b,38,1
Helix,KRMA,rap,38,1
Don't Wanna Be a Player,Joe,r&b,38,1
Hungarian Dance No 5,Alfons,edm,38,0
Amor Loquito,Josue Diaz,latin,38,0
Eiffel Powder - Short Version,Joachim Pastor,edm,38,0
Funky Ride,OutKast,rap,38,0
Each Time You Fall in Love,Cigarettes After Sex,pop,38,1
Tomorrow Will Come,CASS,edm,38,0
¡Hola!,Hollyn,edm,38,0
Headless Horseman,Kid Kasino,edm,38,0
Sara,Starship,rock,38,1
What Makes You Truly Happy,Catdra Catthien,latin,38,1
By My Side,3 Doors Down,rock,38,0
The Bump,LOthief,edm,38,0
Sailin Da South,DJ Screw,rap,38,1
Safari,Jidenna,pop,38,1
Many Moons - EP Version,Janelle Monáe,pop,38,0
How Deep Is Your Love,Stan Taylor,r&b,38,1
"Axel F - From ""Beverly Hills Cop"" Soundtrack",Harold Faltermeyer,rock,38,1
Eclypse,BEATSMASH,rap,38,0
Into The Night,Eli & Fur,edm,38,0
TALK,Ella Collier,rap,38,1
Pause,MZ,r&b,38,1
I'm Ready,Tevin Campbell,r&b,38,0
I Bleed Stars,All Fires,rap,38,0
Enamorado,Triple Seven,latin,38,0
Like A Feather,Nikka Costa,r&b,38,1
Alright,Janet Jackson,r&b,38,0
Search and Destroy,All Good Things,rap,38,0
Al Desnudo,Erre XI,latin,38,0
Pop N Rewind,Marc Benjamin,edm,38,0
Lion,Alban Chela,rap,38,0
Action - Revised Version,Def Leppard,rock,38,0
Want It,Emmit Fenn,pop,38,1
White Lines,Tygers Of Pan Tang,rock,38,0
No Words - Skit,Hopsin,rap,38,0
Golden Green,Agnes Obel,pop,38,1
Take Me Away,Jayden Vega,edm,38,0
Everything,Mike Gudmann,edm,38,0
Feel,Victors,pop,38,0
Faster,Janelle Monáe,pop,38,0
We Were Rock and Roll,Janelle Monáe,pop,38,0
Pueto Pa Dios (feat. Arias),Madiel Lara,latin,38,1
"thank u, next",Adam Neely,r&b,38,1
Thousand Lakes,Miki Ratsula,pop,38,0
Shake Me Down,Broken Witt Rebels,rock,38,0
Pantat (feat. Jpb),Kimberlee Ramirez,latin,38,1
Free,Matt Walden,pop,38,1
Settle Down,Gentle Bones,pop,38,1
Is This Love,Sye Elaine Spence,r&b,38,1
When the Heartache Has Gone,Revolution Saints,rock,38,0
Still Of The Night,Whitesnake,rock,38,0
Que Passa Amigo,Tropkillaz,rap,38,0
Pump Up the Jam,Technotronic,pop,38,0
Love Is Like Oxygen - Alternate Version,Sweet,rock,38,1
Get Up - Kosling Remix,Thomas Gold,edm,38,0
Eternal,Onur Ormen,rap,38,0
Oye Mi Canto - Single Version,Gloria Estefan,latin,38,0
What's So Different?,Ginuwine,r&b,38,0
Gravity,Elizabeth Grace,pop,38,1
Reckless Love,Verses,pop,38,0
Letting Go,Verses,pop,38,0
Run For Your Life - Attom Chill Remix,Mako,latin,38,1
Calibrator,Bellecour,edm,38,0
Anyway feat. Jafro & Renz,Plastician,pop,38,0
Special,Kevlah,pop,38,1
Analyse,The Cranberries,rock,38,0
Confío,Gui Brazil,latin,38,0
Lo Que Traigo Es Flow,Funky,latin,38,0
Brokenhearted,Brandy,r&b,38,1
Look At Us Now,The Him,edm,38,0
Summer on You,Sam Feldt,pop,38,0
We Are (Ziggy & Carola),Peg Parnevik,pop,38,0
Welcome,Martin Garrix,edm,38,0
Freedom,David Guetta,edm,38,0
Summer Song,The Cranberries,rock,38,0
Darkness,Giorno,edm,38,0
Someday,Ed Whicher,pop,38,1
Dengue Woman Blues,Jimmie Vaughan,rock,38,1
Supposed to Be,Sangarang,pop,38,0
Si o No,Victor Muñoz,latin,38,0
Got It,The Cranberries,rock,38,0
Outlaw,Bassjackers,edm,38,0
Ella Me Beso - Remix,Elvis Crespo,latin,38,0
Sunshine,Arnold Palmer,edm,38,0
Tired - Kovan & Alex Skrindo Remix,Alan Walker,edm,38,0
Ghetto Panorama,Anonym,rap,38,0
One Second,Josh Arce,pop,38,0
Stranger Love,Robin Novaku,latin,38,0
Slammer,Quintino,edm,38,0
Wave Your Hands,Bassjackers,edm,38,0
Don’t Take the Whiskey from Me,Danny Boone,rap,38,0
Castigo,Srta. Dayana,latin,38,0
Pimps,8Ball & MJG,rap,38,1
Merry Christmas Baby - Remastered 2006,Lou Rawls,r&b,38,1
Can I Change My Mind,Tyrone Davis,rap,38,0
I Believe In You (You Believe In Me),Johnnie Taylor,rap,38,1
Blog,Michel Gaross,latin,38,0
Tell Me,RL Grime,rap,38,0
O Come All Ye Faithful,Kirk Franklin,r&b,38,0
Long Long Time,Jelly Roll,rap,37,0
I'll Wait (To Fall In Love),Anthony Hamilton,r&b,37,0
Undercover,SHINee,edm,37,0
Sending You A Kiss,Johnnie Taylor,rap,37,0
Chica Fugaz,Ricardo Bendek,latin,37,1
Keep On Waiting,Napkey,pop,37,1
Come Back,Nate VanDeusen,edm,37,1
Брат за брата,StaFFord63,rap,37,1
Halik,Majed Al Esa,latin,37,0
Low Low,Kuda,rap,37,0
Fjudziz,Nidža Bleja,r&b,37,0
UGH!,The 1975,pop,37,0
Lost,Chris Burke,edm,37,0
Oh Mama Shake That Booty (feat. Lunar),Martin Silence,edm,37,0
Black Magic,Beathunterz,edm,37,0
Ghost Story,Coldplay,rock,37,0
9 Little Millimeta Boys,8Ball & MJG,rap,37,1
Space Chants,Spieltape,edm,37,1
Fire In My Soul (feat. Shungudzo) - Tom Staar Remix,Oliver Heldens,edm,37,0
Selfish - Ale Mora Remix,Dimitri Vegas & Like Mike,edm,37,0
Old School Heart,Arjuna Oakes,r&b,37,1
Let's Get Rocked,Def Leppard,rock,37,0
Crazy Heart,The Cranberries,rock,37,0
On My Mind,Nexy,pop,37,0
Whip,Dannic,edm,37,0
Parachute,NSTASIA,r&b,37,1
Heaven - Radio Edit,Steve 80,edm,37,0
The Boom,ZIGGY X,edm,37,0
Head Over Heels,JD McPherson,rock,37,0
Eulenspiegel,Saltatio Mortis,pop,37,0
I Feel for You,Chaka Khan,rock,37,0
Stairs,Evokings,edm,37,0
Dime,Cruz,latin,37,0
Perdido,Carlos Baute,latin,37,0
Home,Junkyard Drive,rock,37,0
Energia,Tim Hox,edm,37,0
Cinema (feat. Gary Go) - Radio Edit,Benny Benassi,pop,37,0
Snitch,Jordan Rakei,r&b,37,1
You Tell Me,Youngheart,pop,37,0
Our Time,Tess Posner,edm,37,1
Where Did My Baby Go,John Legend,r&b,37,1
Desde Que Te Conocí,Jonna Torres,rap,37,0
Rewrite,Deeparture,edm,37,0
Crush,Beckett,rock,37,1
Bueno es Dios,DJ PV,latin,37,0
Hillside House,Wilder Woods,r&b,37,1
Illusion,The Cranberries,rock,37,0
Labor,Son Lux,r&b,37,1
Trojan Horses,Agnes Obel,pop,37,1
Miracles (feat. Bjørnskov) - Charlie Who Remix,Martin Jensen,edm,37,0
1000 Times,Roger Melo,edm,37,0
Let You Know - Club Mix Edit,Bodybangers,edm,37,0
Samba Sujo - Blond:ish Remix,Born Dirty,edm,37,0
Can't Live without Your Love,Janelle Monáe,pop,37,1
Come on to Me (feat. Sean Paul),Major Lazer,rap,37,0
Counter Human Emotion,Set Mo,edm,37,0
Me Time,Brooke,pop,37,1
Medicine,Firetek,edm,37,0
911,Saint Punk,edm,37,0
Keep Calm (feat. Craigy-T & Gregor Salto),OYE!!!,latin,37,0
Para voce (feat. Curio Capoeira),Gregor Salto,latin,37,0
I'll Do Anything/I'm Sorry,Ginuwine,r&b,37,0
Don't Stop The Groove,Rudey Barnes,edm,37,0
Te Amo,Triple Seven,latin,37,0
Barrows Ballad,Dion Timmer,rap,37,0
Mayday Mayday,Bonez MC,rap,37,0
U Got Me (Tobtok & Adam Griffin Remix),Next Habit,edm,37,0
Perro Negro Granjero (Perro Negro Y Callejero Y La Grange),Molotov,latin,37,0
Willie Nelson,Clutch,rap,37,0
Winnie Tha Pxxh,Gxx,rap,37,0
Backfire,Julian Jordan,edm,37,0
Call It What It Is,Ben Harper And The Innocent Criminals,rock,37,1
Enemy (feat. MPH),Deniz Koyu,edm,37,0
We Remember,Thomas Gold,edm,37,0
Distance,Squired,rap,37,0
No More Lonely Nights,Paul McCartney,rock,37,1
Here Comes the King,Dirty Shirley,rock,37,0
Heart Shaped Ashes,Celestial Ruin,rock,37,0
Tres Deseos (Three Wishes),ITA - CACHAO,latin,37,0
Forever,Jimmy Clash,edm,37,0
Redeem,Curbi,edm,37,0
ボイスメモ No. 5,CHANMINA,r&b,37,0
Keep Calm,Lucha,rap,37,0
Cot Damn (feat. Ab-Liva & Rosco P. Coldchain),Clipse,rap,37,0
Hablemos el Mismo Idioma,Gloria Estefan,latin,37,0
1-2-3 - Single Version,Gloria Estefan,latin,37,0
What Is Love,Janelle Monáe,pop,37,0
Love Da Way,JonEcks,rap,37,0
Memphis to La,Chris Travis,rap,37,1
At Your Best (You Are Love),Aaliyah,r&b,37,1
Masterpiece,Jessie J,edm,37,0
Haters (feat. I-Ez),Deorro,edm,37,0
Wild,Diaz & Bruno,latin,37,0
I've Been Loving You Too Long,Otis Redding,r&b,37,1
Sideline (feat. Jazmine Sullivan),Niia,r&b,37,1
La Vida Es Una,Musiko,latin,37,0
Flatline,Blueprint,rap,37,1
Get Money,Murdbrain,rap,37,0
Trial by Fire,Mammothor,rock,37,0
All Night,Habstrakt,edm,37,0
Django Jane,Janelle Monáe,pop,37,1
Lines,Big Boi,rap,37,0
Quiet,Natalie Weiss,r&b,37,1
Scruffy,Dutty Moonshine,edm,37,0
J'ai rendez vous avec mon âme (feat. Clémentine),Bart & Baker,edm,37,0
Pop It,Tyga,rap,37,1
Gone Ride With Me,Juvenile,rap,37,0
Can't Stop,Vox Eagle,latin,37,1
Tell Me,Dru Hill,r&b,37,1
I Told You,FWHO,edm,37,0
Rave Machine,METAFO4R,edm,37,0
I Bet My Life,Pickin' On Series,r&b,37,1
Into Your Arms,Kxa,pop,37,0
Flow - Remastered,Sade,r&b,37,1
Por Tu Calle y en la Radio,Danny Brasco,rap,37,0
Human Music: Music For People,BENNIK,latin,37,1
A Teenage Dream (Instrumental Version),Snake City,latin,37,0
Say Damn,who.am.i,edm,37,0
I Remember,Betty Who,pop,37,0
Closer,Magnificence,edm,37,0
I'm Odd,LOOPERS,edm,37,0
I Know U,Dyro,edm,37,0
Comin' Out Hard,8Ball & MJG,rap,37,1
Days Gone By,ANIMAL HACK,pop,37,0
Free! Free! Free!,竹内アンナ,pop,37,0
Berlin,Tom Goss,pop,37,1
Somebody to Love,Branches,r&b,37,1
The Words That Maketh Murder,PJ Harvey,r&b,37,1
Anything,SWV,r&b,37,0
Dame un Poco Más,Wk,rap,37,1
Rap & Roll,Teeam Revolver,rap,37,0
One Millon,Geassassin,rap,37,1
Loqueando,Coko Yamasaki,rap,37,0
I.D.K,Mr Lock,latin,37,0
Let's Go All The Way,Sly Fox,rock,37,0
Mistletoe (Waiting) a Hip Hop Holiday,DJ Eddie F,latin,37,0
Don't You Want Me 2015 - Dimitri Vegas & Like Mike Remix,Felix,edm,37,0
Born to Get Wild (feat. will.i.am),Steve Aoki,edm,37,0
Body High,Paris Blohm,edm,37,0
Glorious,Belly,rap,37,1
Hear Dem Talking,Dread Pitt,rap,37,0
Midnight Down Town,オメガトライブ,r&b,37,0
Are You with Me - Dash Berlin Radio Edit,Lost Frequencies,edm,37,0
Summer - R3hab & Ummet Ozcan Remix,Calvin Harris,edm,37,0
シンプル・ラブ,Junko Ohashi,r&b,37,0
atlantis,RUFUS,pop,37,1
I Was the One,Ley,latin,37,0
Are We Cool?,Mike Vallas,pop,37,1
Take It Easy,Carola Jasmins,edm,37,0
Peanut Butter Jelly,T.I.,r&b,37,0
Waiting On A Better Day,Sexton,rap,37,0
I'm Winnin',Hunidrack6,rap,37,0
Sakura,DEAN FUJIOKA,pop,37,0
Free Life,K-Y-O,rap,37,1
Viaje Sin Rumbo - Remaster 2004,Tiro De Gracia,latin,37,0
Leaving with Me,Next,latin,37,1
Night on Fire,Half Past Seven,rock,37,0
Neo Tokyo,Kelypso,rap,37,0
Me Enredas,Leebrian,latin,37,1
Spoons,Malian Musicians,rock,37,1
Bankster,AK Ausserkontrolle,rap,37,0
Danger,Deathpact,edm,37,0
Smoke,TENDER,pop,37,1
yuh (fool),greisun,r&b,37,0
Topswing,DJ Mibor,edm,37,0
Hit the Spot,Miles Casper,r&b,37,1
El Proceso,HANSEL,rap,37,0
Rain,More Ease,pop,37,1
Anything - Old Skool Radio Version,SWV Featuring Wu-Tang Clan,r&b,37,0
I'ma Ride (feat. Birdman & Young Thug),Yung Ralph,rap,37,1
Come First,Terror Jr,edm,37,1
Do Jeito Que Você Quiser,Fe Ribeiro,rap,37,1
Tear,EBEN,rap,37,0
Fast Car - Club Mix,Jonas Blue,edm,37,0
Love Hate Relationship,Trapt,rock,37,0
We Are What We Are (feat. Billy Bros Orchestra) [Radio Edit],Bart & Baker,edm,37,0
Marcianito - Cristina Renzetti Vocal Version,Dj Farrapo,edm,37,0
Unshakable Love,Elevation Youth,pop,37,0
The Grid,Ummet Ozcan,edm,37,0
One Love (feat. KOCH),Sander van Doorn,edm,37,0
Fun It - Remastered 2011,Queen,rock,37,0
Stocking Stuffer,B3 The Third,latin,37,1
I Thought It Was You (with Herbie Hancock),Kimiko Kasai,r&b,37,1
Different Day,CloutBag,r&b,37,1
Set Me Free,MARIA,r&b,37,0
buttercup,Palmertrees,pop,37,1
Oh Baby,Martin Mix,edm,37,0
Centipede,Killstation,rap,37,1
Rearranged,Killstation,rap,37,0
360 (What Goes Around),Grand Puba,rap,37,1
Insanity,Quiet Riot,rock,37,0
Gold Skies - Tiësto Remix,Sander van Doorn,edm,37,0
Everything's Gonna Be Alright,Father MC,r&b,37,0
Любит хулигана,Litvinenko,rap,37,0
Life Is Real (Song For Lennon) - Remastered 2011,Queen,rock,37,1
Fight From The Inside - Remastered 2011,Queen,rock,37,0
Somehow,Dash Berlin,edm,37,0
Alive,henrikz,pop,37,0
Tie Your Mother Down - Remastered 2011,Queen,rock,37,0
Yesterday Is Gone,Dash Berlin,edm,37,0
Liberty Lane,Status Quo,rock,37,0
La Bella y La Bestia,Bely Basarte,pop,37,1
There’s No Such Thing As Accidental Infidelity,You Me At Six,pop,37,0
Hard To Swallow,You Me At Six,pop,37,0
Loyal To The Game - DJ Quik Remix (Explicit),2Pac,rap,37,0
Left Behinds - Original Mix,Paris Blohm,edm,37,0
Swing It,Phil Campbell,rock,37,0
Baby Hold on to Me,Gerald Levert & Eddie Levert,r&b,37,0
As Your Friend,Afrojack,edm,37,0
Leaving Home Ain't Easy - Remastered 2011,Queen,rock,37,1
The Trumpet,Sound Nomaden,edm,37,0
Super Chance,1986 Omega Tribe,r&b,37,1
Life Is Good,Ringo Starr,rock,37,0
Something's Got To Give - Banx & Ranx Remix,Labrinth,edm,37,0
Father O'Blivion,Frank Zappa,rock,37,0
Второе дыхание,Gamora,rap,37,0
Coming 2 America,Ludacris,rap,37,0
Ain't Gon Let Up,DG Yola,rap,37,0
"Soul Sista - Remix / From ""Queen & Slim: The Soundtrack""",Bilal,r&b,37,1
Feels (feat. Young Thug & J Hus),Ed Sheeran,r&b,37,0
Old School,Victor Tellagio,edm,37,0
Grace,U2,rock,37,1
Definition of House Music,The Bloody Beetroots,edm,37,0
Mocking Bird,Barclay James Harvest,rock,37,1
Recognize (feat. Ashe),Win and Woo,pop,37,0
Ectoplasm,Wolfgang Gartner,edm,37,0
Why,anders,rap,37,0
ガリレオ・ガール,NONA REEVES,pop,37,0
Africa,Love Canon,r&b,37,1
Pursuit of Happiness,Honeybucket,r&b,37,0
Private Beach,Cosmic Cycler,rock,37,1
Intuición (feat. Li Saumet),Javiera Mena,pop,37,0
Layup,Big K.R.I.T.,r&b,37,0
Petty,Taz,rap,37,1
La Bella Y La Bestia,Marta Martorell,pop,37,1
Canción del encantamiento,Carmen López,pop,37,1
Primal WAR,RileyXcouz,edm,37,0
Feels Like Summer,VOLLÉSTAD,edm,37,0
Altair,Kindrid,edm,37,0
Hell Yeah,Tujamo,edm,37,0
Hit & Run - Wolfgang Lohr Remix,The Electric Swing Circus,edm,37,0
Great King Rat - Remastered 2011,Queen,rock,37,0
Brighton Rock - Remastered 2011,Queen,rock,37,0
One Single Day,Kaan Pars,edm,37,1
Odyssey,Żwirek,rap,37,0
Khala My Friend,Amanaz,rock,37,1
Against Us,Telehope,pop,37,1
Puercos (Pigs) - Spanish Edit,Cypress Hill,latin,37,0
Em Off,Matheus Queiroz,rap,37,1
Fekka,Zoop One,rap,37,0
Arrive,Quentyn,pop,37,0
Higher,Quentyn,pop,37,0
I'm Your Pusher / Pusherman,Ice-T,rap,37,1
People - Radio Edit,Kav Verhouzer,edm,37,0
I'm Cheatin',Dwele,r&b,37,1
Snowstorm,Borgore,edm,37,0
Cuando mi vida va a comenzar,Carmen López,pop,37,1
Wanna Remind You,Dizzy Wright,r&b,37,1
Swangin',blackwave.,r&b,37,0
LOVE + PARTY,CREAM,pop,37,0
Don't Stop the Madness,Hardwell,edm,37,0
Visions,Danrell,pop,37,0
N.E. Heart Break,New Edition,r&b,37,1
Electricity,Culture Code,edm,37,0
Golden,BoyPanda,rap,37,1
Sach Too Much hai,Muhfaad,rap,37,1
Aise Na Dekh Mujhe,Badshah,rap,37,0
Running Blind,Theo Kandel,pop,37,0
Damage,Ol' Dirty Bastard,rap,37,1
Mr Sexy Man,Nellie Tiger Travis,rap,37,0
Don't Make Me Beg,Tucka,rap,37,1
Overnight,Parcels,pop,37,0
Close Your Eyes,Luke ST,edm,37,0
Only Love,Borgeous,edm,37,0
My Temperature Is Rising,The Audition,pop,37,0
"If You Can't Live Without Me, Why Aren't You Dead Yet?",Mayday Parade,pop,37,0
DarknessFalls,BONES,rap,37,0
IRLNightmare,BONES,rap,37,1
Livin' It Up - Album Version (Edited),Ja Rule,r&b,37,0
Das Estrelas,As Bahias e a Cozinha Mineira,latin,37,1
Soul Food,Goodie Mob,rap,37,1
Папиросы,Zanuda,rap,37,0
On Fire,Carmada,pop,37,0
Poem Without Words 2 - Journey By Night,Anne Clark,pop,37,1
mEnorme,Linn da Quebrada,latin,37,1
Tyto,Okwen,latin,37,1
Past Adventures,Brendon Moeller,latin,37,0
Naufragar,Sebastián Romero,latin,37,1
Qarabag 2,corandcrank,rap,37,1
Too Fast,st. august,rap,37,0
2am,RageMD,edm,37,0
Mad Love,Colin Crooks,edm,37,0
Six Feet Deep,Geto Boys,rap,37,1
Make It Hot,Major Lazer,latin,37,0
SMASH! - Edit,Ummet Ozcan,edm,37,0
Get Get Down - Radio Edit,Merk & Kremont,edm,37,0
There Will Always Be This Love,New Jackson,edm,37,1
Young Lust - Live,Roger Waters,rock,37,0
Take Care,BCX,pop,37,0
Cause the World Is Small,Brothers Page,rock,37,1
Cola,Mozart La Para,latin,37,1
Agua,Self Sabotage,latin,37,1
Safari,Sir Felix,latin,37,0
Loudmouth,Cailin Russo,r&b,37,0
Quisiera - Unplugged,Pasabordo,latin,37,1
Aprendiz,Ale Aguirre,latin,37,1
Yŭ - Pt. 2,Catching Flies,edm,37,1
Red Sky,Tale Of Us,edm,37,1
Chained to a Dead Camel - Original Mix,Clouds,edm,37,0
Mister Mister,Balduin,edm,37,0
Our Way Back Home,Dreweybear,edm,37,1
From the Inside,October Ends,rock,37,0
Paint My Love - 2014 Remastered Version,Michael Learns To Rock,rock,37,0
From Me To You - Radio Edit,Yolanda Be Cool,latin,37,0
Off My Mind,Tom Ferry,edm,37,0
Rhythm Of The Drum,Shift K3Y,edm,37,0
Honey,Natania,latin,37,0
Still Think About You - Imad Remix,Deep Chills,edm,37,0
Cotton Candy,Ronnie Bell,rap,37,0
Down Home Blues,Z.Z. Hill,rap,37,1
Lust For Life,Iggy Pop,r&b,37,0
Down For My Niggaz,C-Murder,rap,37,0
Say It's Gonna Rain,Will To Power,latin,37,0
No Me Arrepiento,Jotacé,latin,37,0
G X D S ?,LxngCat,rock,37,0
Something In Common,Whitney Houston,r&b,37,0
Baby Swing - Radio Edit,Phos Toni,edm,37,0
De Dentro do AP,Bia Ferreira,latin,37,1
Candy Land,Tucka,rap,37,0
Dubtrap,All Star Brasil,rap,37,1
Season's Trees (feat. Norah Jones),Danger Mouse,r&b,37,1
Miss You,Leela James,r&b,37,0
Slack,ford.,edm,37,0
Storm,Drist,edm,37,0
Catalina Breeze,The Blue Jean Committee,rock,37,1
Old Time's Sake,Sweet Sable,r&b,37,1
Just The Way,Alfonzo Hunter,r&b,37,1
We Don't Belong,Black Veil Brides,rock,37,0
Long Cool Woman (In a Black Dress) - 2003 Remaster,The Hollies,rock,37,0
One Foot - The Captain Cuts Remix,WALK THE MOON,edm,37,0
Where I Won't Be Found,Seven Lions,edm,37,0
It's Only Time,Cabela and Schmitt,latin,37,0
New Slang,Pickin' On Series,r&b,37,1
Boomerang,BRÅVO,latin,37,0
Bipolar,Bonde R300,rap,37,1
Cry Me a River,Nathan Britton,r&b,37,1
VHS Sex,Com Truise,pop,37,0
Hallucination,Vidojean X Oliver Loenn,edm,37,0
Ghetto for You,Brame & Hamo,edm,37,1
Senhor Doutor - Adam Port Edit,Quim Manuel O Espirito Santo,edm,37,0
Geronimo,Max Lean,latin,37,0
L'S,DED STARK,rap,37,0
House Party,Anja Kotar,edm,37,0
All My Love,Tony Tspoon,r&b,37,0
No Me Rendiré,Indika,latin,37,0
Too Much,Zendaya,pop,37,0
Tecno,Crossnaders,edm,37,0
Schreibe mein Schicksal,Haze,rap,37,1
We Light Forever Up (feat. Frederick),Benny Benassi,edm,37,0
Don't Change,Conya Doss,r&b,37,1
I Believe,Simian Mobile Disco,pop,37,0
Raincoat - Ashworth Remix,Timeflies,edm,37,1
Heartbeat,Sheyna,edm,37,0
Love in the Sky,McClenney,r&b,37,1
El Pulque,Primo Son,latin,37,1
PARADE,Miliyah,pop,37,0
Think About You,N-Chased,latin,37,0
Mistakes,Jeremy Shayne,latin,37,1
Run Free - Alex Grey Remix,Deep Chills,latin,37,0
The Winds of Change,St. Lucia,pop,37,0
Masquerade,Lauren Mia,edm,37,1
Focus - The Four Performance,Leah Jenea,r&b,37,1
No Hay Falla,TREN LOKOTE,rap,37,0
Fuckboy,Dillistone,pop,37,1
Move Love,Robert Glasper Experiment,r&b,37,1
I'm Cool - No Rap Version,Anthony Hamilton,r&b,37,0
Bring That Beat,Bassjackers,edm,37,0
Cocaine Habit,Old Crow Medicine Show,rock,37,0
Slow Motion,Don Omar,latin,37,0
Too Soon - heroless Remix,Vanic,edm,37,0
Tudo por Causa de Mim,UCLÃ,rap,37,0
Virtual Gaming,Naeleck,edm,37,0
Take Me to the River - 2003 Remaster,Talking Heads,rock,37,1
Collide,Rocco,edm,37,0
Control,Wisin & Yandel,latin,37,0
Bullet,Chelsea Lankes,pop,37,0
Azul Oro,Populous,pop,37,0
Crash Into Me,Steve Aoki,pop,37,0
Amor de Verdad,Dama,latin,37,0
Mo Fo,Koos,edm,37,0
In Our Hands,Green Lake Project,edm,37,1
Happy Holiday,Faith Evans,r&b,37,0
Pikete,Farruko,latin,37,0
Cuando Estoy Contigo (Remix) [feat. Baby Rasta y Gringo],"Gotay ""El Autentiko""",latin,37,0
Coming Home,Citna,latin,36,1
One Day,Silky Signs,latin,36,0
space shuttle,空音,pop,36,0
Younger Days,Loreno Mayer,edm,36,0
Dembowholic,Eloy,latin,36,0
Regalame una Noche - Remix,J Alvarez,latin,36,0
Real Love,"Gotay ""El Autentiko""",latin,36,0
All I See - Pomo Remix,Bondax,r&b,36,0
CHANGING SHAPES,Bloodshot216,latin,36,0
Love's Got Me High - Original Vocal Mix,Terrence Parker,edm,36,1
Hay Amores,Shakira,r&b,36,1
Let's Go,Bileo,edm,36,0
Another Night In Paradise,Noize Generation,edm,36,0
Sam Smith,Dan McKie,edm,36,0
Myke Ptyson,STRFKR,pop,36,0
Loud,Ravek,edm,36,0
Let's Groove,CDB,r&b,36,0
200 Press,James Blake,r&b,36,1
Crescent,Anomalie,r&b,36,1
All Your Friends,Coldplay,rock,36,1
One Wine (feat. Major Lazer),Machel Montano,latin,36,0
My World,Martin Silence,edm,36,0
Lords & Spanish - Remix,Nidža Bleja,r&b,36,0
Racks,YUCIFER,rap,36,0
Can't Save Me (feat. Kazi),Sagan,edm,36,0
Never,Widemode,edm,36,0
I Don't Feel Real,Patternist,pop,36,0
Take Me Out,Young Summer,pop,36,1
Bowser - Original Mix,W&W,edm,36,0
The Code - Radio Edit,W&W,edm,36,0
Te Encontré,Mg Poet,latin,36,0
Talk To Me - Frdy Remix,Topic,edm,36,0
Visions,Musiq Soulchild,r&b,36,1
Kinetic Collector,Boo Riley,edm,36,0
House and the Rising Son,House Of Pain,rap,36,1
Zero to a Hundred,Joanna Teters,r&b,36,1
Hopeless Love,Alfie Connor,pop,36,0
Somebody - Remix,Depeche Mode,rock,36,1
I'll Always Be Your Fool,JGS,rock,36,1
Vengo Con los Mios,La Santa Grifa,rap,36,0
Super Freak,Ricky Skaggs,r&b,36,0
I'm Looking for a Lady,T.K. Soul,rap,36,0
Automatic,Deniz Koyu,edm,36,0
Keep Tryin',Groove Theory,r&b,36,1
successful,Ariana Grande,pop,36,0
pete davidson,Ariana Grande,pop,36,1
Хлам,Chester Nebro,rap,36,0
На юг,Rem Digga,rap,36,1
Woah!,Tae-EM,latin,36,0
Party Your Body,Stevie B,latin,36,0
Can't Hide from Love,Roberto Marín Muñoz,edm,36,0
Needed Me,Rihanna,latin,36,1
W18,Cassius,edm,36,0
Homegrizzlies,Homegrown Mafia,rap,36,0
Nappy (Waiwan Remix),Alison Crockett,r&b,36,1
Colores,GAMBOA,latin,36,1
Obliviate,Futuristic Polar Bears,edm,36,0
Drive Slow,Skrizzly Adams,rock,36,1
La Futura,Gio Chamba,latin,36,0
5 A.M.,REMI,r&b,36,0
Maybe One Day,Blu & Exile,r&b,36,1
Mine - Bazzi vs. Nitti Gritti Remix,Bazzi vs.,rap,36,0
Trap Girl,NaBrisa,rap,36,0
Slime Wave,Terror,rap,36,1
Dama da Noite,Ni Munhoz,rap,36,1
Stick To What You Got,Klischée,edm,36,0
In the Hood - Remix Version w/ Rap,Donell Jones,r&b,36,1
Closure,Snareskin,pop,36,0
Me and You,Cotone,edm,36,0
Be Real - Kenny Gold Remix,Rasmus Faber,edm,36,0
Where Have All the Good Times Gone,The Kinks,rock,36,0
Out Of Tune,Real Estate,rock,36,0
Alternate Paths - Teenage Mutants Radio Edit,DeVante,edm,36,0
Dirty Wine,R-Cue,edm,36,0
get well soon,Ariana Grande,pop,36,1
Out of the Blue - 2014 Remastered Version,Michael Learns To Rock,rock,36,1
Crazy,Alex McArtor,rock,36,1
Beat Like A Drum,Jenil,latin,36,0
Sleepless,Chymes,pop,36,0
Wait,IRIS,pop,36,1
Me Sacaste Del Llavero,El Chaval de la Bachata,latin,36,0
Night Shift,Juze,latin,36,0
X Now,Nicky Kuba,r&b,36,1
Walking Down The Road,JGS,rock,36,1
Ya Dímelo,Giselle Torres,latin,36,0
As I Sleep (feat. Charlee) [BODÉ Remix] - Club Mix,Tobtok,pop,36,0
Bastille,Triomphe,edm,36,1
They're Playing Our Song,Trinere,latin,36,1
Lovin' You,Tony! Toni! Toné!,r&b,36,0
La Malquerida,Solovino,latin,36,0
Bruised But Not Broken,Joss Stone,r&b,36,1
Algo De Mí,Franco Masini,latin,36,1
Running Out Of Lies,Johnnie Taylor,rap,36,1
For Better or Worse,Sir Charles Jones,rap,36,1
"Boom, Boom, Boom",Willie Clayton,rap,36,0
Aye Migo,Ca$h Out,r&b,36,0
Make up,St. Viper,r&b,36,0
Feel jazz - Remix,Nidža Bleja,r&b,36,1
Feel jazz,Nidža Bleja,r&b,36,0
Kick It,Dreweybear,edm,36,1
Make Me Dizzy (Radio Edit),Phos Toni,edm,36,0
You Talk,Babyshambles,rock,36,0
Hope,Nidža Bleja,r&b,36,0
Here come the lords,St. Viper,r&b,36,0
Forest of Wishes,KLIMENT,edm,36,1
Just Like the Wind,N.V.,latin,36,1
Metropolis - 2009 Remastered Version,Kraftwerk,pop,36,0
Metal Guru,T. Rex,r&b,36,0
Waiting Here - filous Remix,Jake Isaac,pop,36,1
Blueberry Cadillac,Landon Sears,r&b,36,1
Take Off,Erlandsson,edm,36,0
Hey,Robin Novaku,latin,36,0
In The Morning,Kharfi,latin,36,0
Spanjolka,St. Viper,r&b,36,0
New Sunrise - NuDisco Edit,B-MEN,edm,36,0
Palais royal,Triomphe,edm,36,1
Shatter,BAYNK,edm,36,1
Recoiled,Critic City,rock,36,0
If You Dont Want Me,T.K. Soul,rap,36,0
Ojos Negros,Kelvis Ochoa,r&b,36,1
Sinulog Anthem - Original Mix,Jenil,r&b,36,0
Wild,YZKN,rap,36,0
Slow Roll It,The Love Doctor,rap,36,1
Tender Lover,Babyface,r&b,36,0
Pray for Me (feat. Origami),Said the Sky,edm,36,0
Kick The Dust Up,Luke Bryan,latin,36,0
Whenever You're Around,Jill Scott,r&b,36,0
Collard Greens & Cornbread,Fantasia,r&b,36,0
Think Fast,Liu,edm,36,0
We Can Change (Infinity) - John Christian Remix,Trobi,edm,36,0
Legend,VINAI,edm,36,0
On Our Own - With Rap,Bobby Brown,r&b,36,0
Thought Process,Goodie Mob,rap,36,1
Downtown,SWV,r&b,36,0
Мама,Yarmak,rap,36,0
The World Is a Ghetto,Geto Boys,rap,36,1
They Don't Dance No Mo' (feat. Lil' Will),Goodie Mob,rap,36,0
Caught My Eye,Mint Condition,r&b,36,0
W/As My Girl,Maxwell,r&b,36,1
Laps,Zotiyac,rap,36,1
C4,BONES,rap,36,1
Freedom (feat. Jhené Aiko),Kris Wu,r&b,36,1
The March Of The Black Queen - 2011 Mix,Queen,rock,36,0
Suitelady (The Proposal Jam),Maxwell,r&b,36,1
Alone Together,Daley,r&b,36,1
Sun Chaser,No Mana,edm,36,0
Find Me,Trinix,edm,36,1
Where Are You,MR TOUT LE MONDE,edm,36,1
Lost And Found - ODESZA Remix,Pretty Lights,pop,36,0
Cara Nova (Microfonado Pocket Version),Juccas,latin,36,1
Fox on the Run - Single Version,Sweet,rock,36,0
Hot Blooded - 2008 Remaster,Foreigner,rock,36,0
Ser De Sol,Descemer Bueno,r&b,36,0
You're the Reason - English ver.,INTERSECTION,pop,36,0
Made In JPN,DEAN FUJIOKA,pop,36,0
Thoughts (feat. Sam Ock & J. Han),Mickey Cho,r&b,36,1
Ordinary Nigga,Jonah Cruzz,r&b,36,0
Space & Time,VNV Nation,pop,36,0
Just a Touch,Keith Sweat,r&b,36,0
So Sick,Arythma,rock,36,0
Exterminate,Pegboard Nerds,edm,36,0
Barrel Roll,Feed Me,edm,36,0
Outside Your Door,Meshell Ndegeocello,r&b,36,1
Me and My B*tch,Jaheim,r&b,36,1
Good Girl,Jamballaz,rap,36,0
Feel the Bass III,DJ Magic Mike,rap,36,1
Sunshine Men,Freestyle Fellowship,rap,36,1
Work for Love,Ministry,rock,36,1
Unchain the Earth,RPWL,rock,36,1
"My Life - From ""Despicable Me"" Soundtrack",Robin Thicke,r&b,36,1
Forever,Nik $ix,rap,36,1
Better With Time,11:11,r&b,36,0
Вселенная,Basta,rap,36,1
Yay,Chinx,r&b,36,0
Dancewitme,Maxwell,r&b,36,0
Home Tonight,Quentyn,pop,36,0
Haunted by You,Roderic H,edm,36,1
Feel You Now,The Autumn Defense,rock,36,1
Locos por Mi Habana - Remasterizado,Manolito Simonet y su Trabuco,r&b,36,0
Bonito y sabroso,Beny Moré,r&b,36,1
The Way That You Love Me,Paula Abdul,r&b,36,0
Deja Vu (feat. Delora) - Radio Edit,DVBBS,edm,36,0
BOATS. - Based On A True Story,Darrell Cole,r&b,36,1
Let Me Be the One,Intro,r&b,36,1
Stone Cold Crazy - Remastered 2011,Queen,rock,36,0
Diamonds,Tritonal,edm,36,0
Enlighten Me,DubVision,edm,36,0
Let It Go - Radio Edit,Jens O.,edm,36,0
Drop Top,MaisonDe,pop,36,0
AMOR,BoA,pop,36,0
Blackout,Tritonal,edm,36,0
Kyojin,MVGMVR,rap,36,0
Deliverance,CHVRCHES,pop,36,0
Breaking Kind,Steve Angello,pop,36,0
Mi Amor Perdido,Andy Aguilera,latin,36,1
Latino Lingo (Latin Lingo) - Spanish Edit,Cypress Hill,latin,36,0
One Night - Vicetone Remix,Matthew Koma,edm,36,0
Milky Way,Neil Young,rock,36,1
EVRBDY,Dirty Rush & Gregor Es,edm,36,0
Nothing but a Memory,LAIKIPIA,pop,36,0
Now I'm Here - Remastered 2011,Queen,rock,36,0
Edge Of My Seat - THUNDERBIRD Remix,TobyMac,pop,36,0
The One - Radio Edit,Radiology,edm,36,0
Obvious,DIAMANTE,rock,36,0
Wheels Fall Off,The Legal Immigrants,edm,36,1
In My Dreams,Max Shaun,edm,36,0
Seré Discreto,Alex Soto,latin,36,0
Give It Up (feat. Salt Ashes),Cruels,latin,36,1
Numb Thing,Hunter Powell,pop,36,1
Tottenham Tugz,Poppy,pop,36,0
Grazed by Heaven,Uriah Heep,rock,36,0
Ace of Hearts,Chris Rea,rock,36,1
How You've Been - Black Caviar Remix,R3HAB,pop,36,0
O que Tiver de Ser,Detonautas Roque Clube,edm,36,0
Assim,Felipe Flip,rap,36,0
Chambea,Toser One,rap,36,0
I Still Love You,Next,r&b,36,1
Round & Round,LSG,r&b,36,1
"Get Down, Make Love - Remastered 2011",Queen,rock,36,0
Reasons,Travel With The Sun,rock,36,0
Салам пацанам,StaFFord63,rap,36,1
Put Your Money,Ludacris,rap,36,0
I Got Cha Opin,Black Moon,rap,36,1
Twisted,Sophie Gray,pop,36,1
Bartender Song (Sittin' at a Bar) (Remix) [feat. Cypress Spring],Danny Boone,rap,36,0
Shot Through the Heart,Jelly Roll,rap,36,1
Lift Off! - Radio Edit,W&W,edm,36,0
Miss Georgia Fornia (feat. Joi),Big K.R.I.T.,r&b,36,0
Un Ratito,Alex Soto,latin,36,0
Рукалицо,Scroodgee,rap,36,0
Wide Awake,The Fame,rock,36,0
Ak 47,Granuja,latin,36,1
Wild In Saint Antoine,Gordo Sarkasmus,latin,36,1
Dancer - Remastered 2011,Queen,rock,36,0
Raw Power - Iggy Pop Mix,The Stooges,rock,36,0
Overdrive,Dylan Wild,r&b,36,0
Moving Mountains (feat. Ollie Green) - GATTÜSO Remix,Disco Fries,edm,36,0
Vandaag gaat het gebeuren,PLANKGAS,latin,36,0
Old School Sound,Cesqeaux,edm,36,0
See A Little Light,Bob Mould,rock,36,0
Sweetness Alive (feat. S L L),Goldroom,pop,36,0
המוסד,La Coka Nostra,rap,36,0
Tree of Life,Ab-Soul,rap,36,1
Laila’s Wisdom,Rapsody,rap,36,0
Whoopee,Bart & Baker,edm,36,0
Dream ship,DJ RYOW,pop,36,0
Calientito Boyz,Young Eiby,rap,36,0
Electric Worry - The Weathermaker Vault Series,Clutch,rock,36,0
Lost My Soul,Burning Fierce,latin,36,0
Swag Bag,The Young Punx,edm,36,0
Rest in Pedals,Granata,r&b,36,0
Dance!,Macross 82-99,r&b,36,0
Shake It Off,Pickin' On Series,r&b,36,1
So Close,Jennette McCurdy,pop,36,0
modern anxiety - Banx & Ranx Remix,Josef Salvat,edm,36,0
Did I Do Something Wrong?,Bex,pop,36,1
Fuck Them (feat. Tekashi69),Moe Dollaz,r&b,36,0
A Little More,Moosh & Twist,rap,36,0
"Captain Save a Hoe (feat. The Click, D-Shot, B-Legit & Suga T)",E-40,rap,36,1
Breathe,Duchess,latin,36,1
Too Late For Goodbyes,Julian Lennon,rock,36,0
All Cried Out (with Full Force),Lisa Lisa & Cult Jam,rock,36,1
Rebel Rebel - 1997 Remaster,David Bowie,rock,36,0
Tengo Tu Love,Sie7e,latin,36,0
Disconnected,Lucchii,rap,36,0
Peter Lumberjack,Phos Toni,edm,36,0
Gold,Digital Farm Animals,edm,36,0
Hitcher,Mammothor,rock,36,0
She Got the Moon,Berry Juice,pop,36,0
Jumbo,AKA AKA,edm,36,1
Can't Be Without,Kaskade,edm,36,0
Turbulence - Radio Edit,Steve Aoki,edm,36,0
La Aventura,BB Nobre,latin,36,0
Drunk,Chris Night,edm,36,0
Teardrops,eSQUIRE,edm,36,0
Not Myself,Foxx,rap,36,0
Here Tonight,Dash Berlin,edm,36,0
Baton,Xinister,rap,36,0
Only You,From Inside,rock,36,0
La Voz,Delinquent Habits,latin,36,0
We're the Tide,Giants' Nest,latin,36,0
Round and Round - Soul Mix Edit,Tevin Campbell,r&b,36,0
No Longer Slaves (Reyer & Retain Remix),Reyer,edm,36,0
Nightline,Shift K3Y,edm,36,0
Melting Pot,Nappy Roots,rap,36,0
Smoke & Fire,Cuebrick,edm,36,0
Cuestión de Ti,Tino El Pingüino,latin,36,0
Running Out - Samuraii Remix,Matoma,latin,36,1
Hell on Wheels,Nick Nolan,rap,36,0
Swear to God - Dallerium Remix,Famba,edm,36,0
Candy Shop,Olympis,edm,36,0
Do It Again,Röyksopp,edm,36,0
Dial Me,Twin Theory,edm,36,0
たそがれマイ・ラブ,Junko Ohashi,r&b,36,0
She Don't Like The Lights - Acoustic Version,Justin Bieber,edm,36,1
Breezeblocks - Tinlicker Remix,alt-J,edm,36,0
Alone Tonight,Maxwell Luke,pop,36,1
Wie wunderschön - Wolfgang Lohr Remix,Antoine Villoutreix,latin,36,1
I Don't Belong In This Club,Why Don't We,r&b,36,0
Party Raiser,Lyre Le Temps,edm,36,0
Major,Dabow,rap,36,0
All About It (GTA & Cimo Fränkel),Good Times Ahead,rap,36,0
Huesos Secos,Fermin IV,rap,36,0
Mujer Fría,Chato 473,rap,36,1
We Got Our Own Thang,Heavy D & The Boyz,r&b,36,1
I'll Do 4 U (Re-Recorded / Remastered),Father MC,r&b,36,0
Sick enough to dance,the engy,edm,36,0
Hopi Chan Chan (feat. Ori),Sam Blans,latin,36,1
Ta Malo,Scorpion,latin,36,0
No L's,Jerry Purpdrank,rap,36,0
In the Moment,Silo,r&b,36,1
Insidious,TRVNSPORTER,rap,36,0
Yung World,YunginReckless,rap,36,0
I'm Blue,BIMONTE,edm,36,0
My Back,Incognet,edm,36,0
La Plaga (Digitally Remastered Remix),Tha Mexakinz,latin,36,0
Sweet Child O' Mine,Pickin' On Series,r&b,36,0
Walking on Sunshine,Sam Amidon,r&b,36,1
Joromi,Simi,r&b,36,0
Gimme,Ralph,pop,36,1
Forgotten How to Fly,CLAY,r&b,36,1
Gopnik,Olexesh,rap,36,0
Breathe,JSPH,r&b,36,1
Carry On,F.O.O.L,edm,36,0
Into The Wild,Connell Cruise,pop,36,0
Up Again (Lucky Rose Remix),Dan Bremnes,pop,36,0
Dopamine Machine - Club Mix,CamelPhat,edm,36,0
New Beat,Toro y Moi,pop,36,0
Nite,Vikström,edm,36,0
Believe - Radio Edit,Thomas Gold,edm,36,0
Rocket Man,Mile Twelve,r&b,36,1
Let U Go,Kyngs,latin,36,1
Like It Or Not (feat. joan) (feat. joan),EMBRZ,pop,36,0
Senor (Tales Of Yankee Power),Tim O'Brien,r&b,36,1
Deja Vu,Wolfgang Gartner,edm,36,0
Mufasa,Azzi Memo,rap,36,0
Solo Dance - Club Mix,Martin Jensen,edm,36,0
Celtic Anthem,Eastblock Bitches,edm,36,0
Stay the Whole Night,Mashmex,edm,36,0
Sayonara,Izone,latin,36,0
Lighthouse,Luke Coulson,edm,36,1
Dead 2 Me,Emily Vaughn,pop,36,0
Run Away,The Cousins,edm,36,0
Her Eyes,Rushin',edm,36,0
Hey There Delilah,Manuel Costa,latin,36,0
Love Is The Answer,Aloe Blacc,r&b,36,0
Stuck,The Aces,pop,36,0
Voices,Onur Atli,edm,36,0
Ring The Alarm,Jonth,edm,36,0
Best Friends (feat. Bushido),Ali Bumaye,rap,36,0
All Night Long (All Night) - Single Version,Lionel Richie,pop,36,1
Over Here Hustlin',Birdman,rap,36,0
You Don't Have To Worry,Doris,r&b,36,0
DON'T TALK,Aryue,edm,36,0
Dracarys,Deorro,edm,36,0
Margarita,Lidia Buble,latin,36,0
Magic,Blaze U,edm,36,0
Pathetic,My Own Words,rock,36,0
Break on Through (To the Other Side) [feat. Andy James],Violent Idols,rock,36,0
Mad For It,TooManyLeftHands,edm,36,0
Good Intentions (feat. Lourdiz),R3HAB,latin,36,1
Don't Be Afraid - Sex You Down Some Mo' Version,Aaron Hall,r&b,36,0
Lightly,Amos Lee,r&b,36,0
Kandi,One Eskimo,r&b,36,0
Tbt,Madiel Lara,latin,36,0
James in Heaven,Moo Latte,r&b,36,1
Oh La La La,2 Eivissa,edm,36,1
Lo Bailado,Ximena Sariñana,latin,36,0
"Sincerely, Jane - EP Version",Janelle Monáe,pop,36,0
Mira Quien Llegó,Danntik,rap,36,1
No Me Dejes de Querer,Gloria Estefan,latin,36,0
Cobra,Formal One,rap,36,0
Give Me A Clean Heart,Fred Hammond,r&b,36,1
Follow Me,Vicetone,edm,36,0
Misomaniac,Cityzen,edm,36,0
Captain Quirck,Bassjackers,edm,36,0
Get Down,Luke Bond,edm,36,0
Can't Sleep,Blacktop Mojo,rock,36,0
Feel The Vibe,Axwell,edm,36,0
Everlasting Love,Gloria Estefan,latin,36,0
One Love (Steve Hartz Remix),It's Benzzo,edm,36,0
Heaven,Mary Mary,r&b,36,0
Pecado y Religión,Charlie Zaa,latin,36,0
The Storm,Ritchie Blackmore's Rainbow,rock,36,0
Lovers on the Sun (feat. Sam Martin) - Stadiumx Remix,David Guetta,edm,36,0
Back To Me,KAJ,latin,36,0
All I Do,ÊMIA,pop,36,1
Cover Girls,Hitimpulse,edm,36,0
Side Effects - Nolan van Lith Remix,The Chainsmokers,rap,36,0
Simple,India.Arie,r&b,36,0
The One That Got Away,Whistle Back,edm,36,0
Alone Again,Alyssa Reid,edm,36,0
Running Wild,Nate VanDeusen,latin,36,1
Animals,Martin Garrix,edm,36,0
Sun Is Shining - W&W Remix,Axwell /\ Ingrosso,edm,36,0
Ritmo Novo,Sango,pop,36,0
Rocket - Original Mix,W&W,edm,36,0
Meu Bem,Matheus Queiroz,r&b,36,1
Pequeña Niña,Enio Silveti,latin,35,1
I'm Your Friend Juicy Pen (Radio Trap Edit),Ozi,edm,35,0
Not Going Home,Great Good Fine Ok,pop,35,0
Rise up (rege fristajl),Nidža Bleja,r&b,35,0
Can You Spit?,NJayC,rap,35,1
The Juice,The Game,rap,35,0
Presente,Control Machete,rap,35,0
Inside Out - DubVision Remix,The Chainsmokers,edm,35,0
Imagine,Aruhtra,latin,35,0
Good Together,The Runaway Club,pop,35,0
raindrops (an angel cried),Ariana Grande,pop,35,1
Ponta De Areia,Esperanza Spalding,r&b,35,1
Lifeline,Homestead,rock,35,0
No One (Dimatik Remix),Purebeat,edm,35,0
Breathless,Dave Knud,edm,35,0
Woman,Raheem DeVaughn,r&b,35,1
No Fear,O.G.C.,rap,35,1
Grasshopper,Agnes Obel,pop,35,1
"Hold Me, Thrill Me, Kiss Me",She & Him,r&b,35,1
Better Off,Quadron,r&b,35,1
Falling,Giorno,edm,35,0
"Why You Get Funky On Me - From ""House Party"" Soundtrack",Today,r&b,35,1
La Novela (Dos Monedas),Akwid,latin,35,0
Callin My Names,Chino Grande,latin,35,0
When the Children Cry - 2006 Remaster,White Lion,rock,35,1
Here I Am (feat. Michael Shynes),Le P,pop,35,1
Playground,Another Bad Creation,r&b,35,0
Menciono Tu Nombre (feat. Omy Alka),Josue Escogido,latin,35,0
Te Fallé,Jaydan,latin,35,0
Silent Thunder,Crazy Lixx,rock,35,0
Something New,Secret Weapons,pop,35,0
Muscle Memory,Natania,latin,35,1
God Has Smiled On Me,Jessica Reedy,r&b,35,1
Burden,Foy Vance,r&b,35,1
Tattooed Heart,Ronnie Dunn,r&b,35,0
Alone in the Same Room,PWR CPL,r&b,35,0
Never Let Me Go - Stan Forebee Remix,Mike Casey,r&b,35,1
Dr. Beat,Gloria Estefan,latin,35,1
Great Blacks,Georgia Anne Muldrow,r&b,35,0
Call The Law - Main Version - Explicit,OutKast,pop,35,0
Moon,Masakoi,r&b,35,1
Fright,Dav the Ninja,rap,35,1
Tear it,Raven & Kreyn,edm,35,0
Free but Hollow,Hidinin,pop,35,0
Heaven - Radio Edit,INNA,latin,35,0
Better Than Me,Edvin & Tim,edm,35,0
1000 Razones,Toda la Vida,latin,35,0
Mellow,Pete Philly & Perquisite,r&b,35,1
Downpipe - Original Club Mix,Mark Knight,edm,35,0
The Way She Loves Him (Live from Cinemusic),Shannon LaBrie,r&b,35,1
Pull You Through,Maggie Rose,r&b,35,1
Will You Love Me Tomorrow,The Shirelles,r&b,35,1
Este Amor,Toda la Vida,latin,35,0
Tease,Ralph,pop,35,0
On Our Way,The Royal Concept,pop,35,0
El Vacile,Systema Solar,latin,35,0
If You Wanna Leave,Thorbjørn Risager,rap,35,0
No Doubt,Rogers & Dean,latin,35,0
My Swag,Marc Benjamin,edm,35,0
Dark Matter,Feathers,pop,35,0
It's You,Rique,edm,35,1
Panama - 2004 Remaster,Van Halen,rock,35,0
Nights Like This,After 7,r&b,35,0
No Superstar - Perfect Pitch Remix,Giorgio Gee,edm,35,0
Sweet Life,Jeezy,pop,35,0
Destitute,Like Machines,rock,35,0
Mvp,Letra J,rap,35,0
Give Blood,Pete Townshend,rock,35,0
Wonder,Gaullin,edm,35,1
eoh - Helion Remix,Hallasen,edm,35,0
Awesome - Celebration Of Gospel Mix,Charles Jenkins & Fellowship Chicago,r&b,35,0
Got My Love (feat. Lyon Hart),Sam Padrul,pop,35,0
Aibo,Mystro,latin,35,0
emotion,lovelytheband,pop,35,0
Get Buck,Young Buck,rap,35,1
With You,Cuebrick,edm,35,0
Bashment,Ape Drums,rap,35,0
Sounds Good To Me - RetroVision Remix,Hanne Mjøen,edm,35,0
The Other Side,Grace Gracie,pop,35,1
Jeopardized - Original Mix,Sabb,edm,35,0
Halfway House - You Never Tell Them Remix,Hourstone,edm,35,0
on the road,Idaly,latin,35,0
Nubia,Lstn,edm,35,0
Breathe Away,Catlea,edm,35,0
Chemistry,Wiwek,edm,35,0
Amazing Grace - HGHTS Remix,Hyper Fenton,pop,35,0
Toulouse - Original Mix,Nicky Romero,edm,35,0
My Beat,Veerus,edm,35,0
Nobody Other,Kadhja Bonet,r&b,35,1
Atypical,Manila Killa,pop,35,0
For The Turnstiles,The Be Good Tanyas,r&b,35,1
Soy Como Soy,Smoky,rap,35,1
I'm on Fire,ALESSIA RAISI,edm,35,0
Year of the Update,Swim.,rap,35,1
Big White Room - Live,Jessie J,edm,35,1
Whisper,Seth Hills,edm,35,0
Tell Me The Truth,Julian Jordan,edm,35,0
Higher Needs,Blinders,edm,35,0
Divine,Jay Rose,pop,35,1
Colourblind - Radio Edit,Thomas Gold,edm,35,0
One Way,Divino,latin,35,0
Enter Sandman,Iron Horse,r&b,35,1
Her (Loving You),Glades,pop,35,0
when u come around,Jay-C,pop,35,0
Lovesick,Fickle Friends,pop,35,0
Don't You Want Me,The DeLorean Sisters,r&b,35,0
Better Than This,REZarin,latin,35,0
Country Boyz,Nappy Roots,rap,35,0
The Solution - Original Mix,CamelPhat,edm,35,0
Step,DJ Mibor,edm,35,0
Latin Lingo,Cypress Hill,latin,35,1
Colors (feat. Andreas Moe),Hardwell,pop,35,0
La La La - Kaos Remix,Naughty Boy,edm,35,0
Futari No Natsu Monogatari Never Ending Summer,オメガトライブ,r&b,35,0
Shenai,Lucha,rap,35,0
Bring That Back,Kennedy Jones,rap,35,0
Plates with Snakes,AZIA,r&b,35,0
We Turn The World Around,Tanja La Croix,latin,35,0
Freak - Sam Feldt Remix Edit,R3HAB,latin,35,0
Great God,Tasha Cobbs Leonard,r&b,35,0
We Dance,Bright Ones,pop,35,0
On The Way Up 2.0,Apollo LTD,pop,35,0
Hell Yeah,SNADS,edm,35,0
In the Shadows,Bombus,rock,35,0
House of the Rising Drum,Delinquent Habits,latin,35,0
TIME,Mondo Grosso,r&b,35,0
New Jack City,Guy,r&b,35,1
Stereo Love,Theis EZ,edm,35,0
Come With Me,Shai,r&b,35,1
Earth,Beaumont,rap,35,1
ガラスのPALM TREE,オメガトライブ,r&b,35,0
Her,DAO,rap,35,1
The Best Man I Can Be,Ginuwine,r&b,35,1
Glow Up,Meek Mill,rap,35,0
Yeah Ya Know (Takers),T.I.,rap,35,0
You're So Cold,Mariah Carey,r&b,35,0
Behind Me,Lil Bike,rap,35,0
Hold On - Ben Böhmer Remix,Lane 8,edm,35,1
Ho Wit It,Xcellence!,latin,35,0
Neptuno,Dj Dasten,r&b,35,0
Castles,Emily Lind,pop,35,1
Leave It All Behind,Dash Berlin,edm,35,0
People Of The Night,Dash Berlin,edm,35,0
Greed,Oracle,rock,35,0
It Ain't Right,Jenova Collective,edm,35,0
As You Will,Wolfgang Lohr,edm,35,0
Eject,CHRIS YONGE,rap,35,1
Show Yourself,Chris2pher,latin,35,1
Amira,Elias Ahmad,latin,35,0
All Your Yeahs,Beach House,pop,35,1
When the Night Falls,Mick Mazoo,edm,35,1
On Your Mark,Gregor Salto,latin,35,0
Tu Quieres Duro,"Héctor ""El Father""",latin,35,0
Breakfast In America,Supertramp,rock,35,1
Invincible (Till The Day We Die),Maddix,edm,35,0
Shake Whatcha Mama Gave Ya',Poison Clan,rap,35,0
Damn It Feels Good to Be a Gangsta - Mixtape Version,Geto Boys,rap,35,0
Bad Habits,Piperline,pop,35,1
Do Me Like A Drug,Emmanuel Franco,pop,35,0
Trap House,Gucci Mane,rap,35,0
It's Gotta Be You - Toby Green Remix,Isaiah,edm,35,0
AVA,Jinco,rap,35,0
Show You,Noah Neiman,rap,35,0
TBT,Caverinha,rap,35,1
Here I Am,Renee Sandstrom,pop,35,0
Freal Luv (feat. Chanyeol & Tinashe),Far East Movement,edm,35,0
Krispy - Dirty,Kia Shine,rap,35,0
Built for This (feat. Freddie Gibbs & Streetlife),Method Man,rap,35,0
Fire,MAKJ,edm,35,0
After Hours - OFFAIAH Remix,M-22,edm,35,0
Belong,TENDER,pop,35,1
Uhhh,DJ DYLVN,latin,35,0
You Dont Know,Sweeper,rap,35,0
夕凪通信,オメガトライブ,rock,35,0
Аййй,Gamora,rap,35,0
Clocks,Pickin' On Series,r&b,35,1
Sua Amiga Vai Querer,Funk-Se,rap,35,0
Melanina Pura,Rodrigo Cartier,rap,35,0
Keep Up,Felix Cartal,edm,35,0
Storm (feat. Kyra Mastro) - Siks Remix,Famba,edm,35,0
Romantic,Karyn White,r&b,35,0
Running,Blackfoot,rock,35,1
"I'm Bout It, Bout It",TRU,rap,35,0
Claustrophobia,Killstation,rap,35,1
Dynamite,China Anne McClain,pop,35,0
Fill Into Me,Anju,pop,35,1
What’s My Name,Ringo Starr,rock,35,0
Fly Away,CRUCIFIX,rap,35,0
Tell 'Em I Said That,T.I.,rap,35,0
Espejo,Javiera Mena,pop,35,0
Everything's Gonna Be Alright,Mike Mains & The Branches,pop,35,0
Tho Dem Wraps,Nelly,rap,35,0
Pretty Girl,Jon B.,r&b,35,1
10,T'via,r&b,35,1
We Own Tonight - Radio Edit,Chris Odd,r&b,35,0
Don't Hate Me (feat. Twista),112,r&b,35,0
Shook Up,Axel Boy,edm,35,0
XOXO (feat. Ina),Laidback Luke,edm,35,0
"Replace It, Forget It",THE WLDLFE,pop,35,0
St. Nazaire,Pixies,rock,35,0
Awa adounia,Liya Ag Ablil,rock,35,0
Muévete (Make A Move) - Spanish Edit,Cypress Hill,latin,35,1
Black Water,Massface,rock,35,0
Satellite,Tritonal,edm,35,0
Sleeping On The Sidewalk - Remastered 2011,Queen,rock,35,0
Action This Day - Remastered 2011,Queen,rock,35,0
Put Out The Fire - Remastered 2011,Queen,rock,35,0
Calling All Girls - Remastered 2011,Queen,rock,35,0
Purple Eyes (feat. Phoebe Ryan),The Knocks,pop,35,0
True G (feat. BRUX),Matroda,edm,35,0
Cadillacs & Chevys,Jarren Benton,r&b,35,0
You Take My Breath Away - Remastered 2011,Queen,rock,35,1
The Millionaire Waltz - Remastered 2011,Queen,rock,35,1
White Queen (As It Began) - Remastered 2011,Queen,rock,35,1
Out Of My Mind - R3HAB Edit,Skytech,edm,35,0
Earthquake - Radio Edit,Disco Fries,edm,35,0
Lambo,VFM Style,rap,35,1
Voice of Chunk,The Lounge Lizards,pop,35,1
Tire Loma da Nigbehin,Monomono,rock,35,1
Must Do Something About It - 1993 Digital Remaster,Wings,rock,35,1
Grass is Always Greener Club,Dirty Chime,pop,35,0
Laguna Limited,ESCHES,r&b,35,1
Represent Dat G.C.,Kurupt,rap,35,0
Flick Of The Wrist - Remastered 2011,Queen,rock,35,0
So Good,Jabin Chavez,pop,35,0
Just Got Paid,Johnny Kemp,r&b,35,0
The Tapestry - Neon Feather Remix,Laura Thompson,edm,35,0
Action,Maniaxo,edm,35,0
Wasary,AxLi,rap,35,0
I Loved You Then,Luke & The Belleville Orchestra,edm,35,0
Party Like We Use to Do,Willie Clayton,rap,35,0
Deep End,Taz,rap,35,0
Píntate Los Labios María (Son),Eliades Ochoa,r&b,35,1
Make You Sweat,Keith Sweat,r&b,35,0
Semma Weightu,Harihara Sudhan,rap,35,0
Pakki Gal,Pam Sengh,rap,35,0
Scramble Cross,オメガトライブ,rock,35,0
Wargi Na,Sikander Kahlon,rap,35,0
Beating Of My Heart - Matisse & Sadko Remix,M-3ox,edm,35,0
Goodness Gracious - The Chainsmokers Extended Remix,Ellie Goulding,edm,35,0
Ahead of Us - Radio Edit,Tom Swoon,edm,35,0
Sirius,Cityzen,edm,35,0
ONE,Rev Theory,rock,35,0
Everyday Is Halloween,Ministry,rock,35,0
Heavy,The Bloody Beetroots,edm,35,0
Still Ridin' Clean,Project Pat,rap,35,0
Tired Of Ballin,Tela,rap,35,1
Aji Mera Ghanta,Muhfaad,rap,35,1
Outlaws,Adro,rap,35,0
Oriental,OSAK,rap,35,0
Sailor Mars,AxLi,rap,35,0
La Yare (Remix),Cricced,rap,35,1
Sahar,VFM Style,rap,35,0
Arab Trap 2 / Habibi,DJ KABOO,rap,35,0
Rise,Onur Ormen,rap,35,0
Thirteen,Vivillain,rock,35,0
Let Her Go,Passenger,latin,35,1
Rogue Ones,Joey Dale,edm,35,0
WAKE ME UP,THE RAMPAGE from EXILE TRIBE,pop,35,0
Smartphone,2 Chainz,rap,35,1
Move - Showtek Radio Edit,twoloud,edm,35,0
Curiosidad,Nicky Jam,latin,35,0
Give Me Love (Give Me Peace On Earth) - 2009 Digital Remaster,George Harrison,rock,35,0
Louie Louie,Iggy Pop,rock,35,0
The Fairy Feller's Master-Stroke - Remastered 2011,Queen,rock,35,0
My Fairy King - Remastered 2011,Queen,rock,35,1
Oldskool,Tony Romera,edm,35,0
Let's Get It Started,MC Hammer,rap,35,0
Turn This Mutha Out,MC Hammer,rap,35,0
In The Dead Of Night,U.K.,rock,35,1
Fkn Face,The Bloody Beetroots,edm,35,0
Get It All - Bam Spacey remix,Karl X Johan,latin,35,0
Estoy Contigo (Pa Dónde Nos Vamos),RYOKER,latin,35,0
Run It Up,King Carter,rap,35,0
"Dear Maria, Count Me In (Connect Sets Acoustic)",All Time Low,latin,35,1
Liar - Remastered 2011,Queen,rock,35,0
Beggin - Pilooski Re-edit,Frankie Valli & The Four Seasons,rock,35,0
Into You (feat. Tamia) - Radio Edit,Fabolous,r&b,35,1
Insomnia (feat. TheRealVspence),Rob Curly,rap,35,0
Time After Time,Carla Tous,rock,35,1
Melody - ANGEMI Remix,Lost Frequencies,pop,35,0
Nevermore - Remastered 2011,Queen,rock,35,1
"Sing, Sing, Sing - Radio Edit",Wolfgang Lohr,edm,35,0
PiSk Swing,Robert Edwards,edm,35,0
Changes,Black Sabbath,rock,35,1
Old Me,Michael Kraun,rap,35,0
I Aint Missing You,Steve Pais,rock,35,1
Maldad,Steve Aoki,latin,35,0
Cairo,Kamp!,edm,35,0
We Built This City,Critic City,rock,35,0
I'm Missin' You Babe,Lebrado,rap,35,0
Two Way Love Affair,David Brinston,rap,35,0
Forever,Drvmmer,r&b,35,0
Young Like Us,Frans,latin,35,1
Omri,FEARSTbeats,rap,35,0
Barbwire Smile,SinceWhen,rap,35,1
Police man,St. Viper,r&b,35,0
Always Love,Nada Surf,rock,35,0
Incendiário,Rodrigo Ruchell,latin,35,1
It's No Crime,Babyface,r&b,35,0
Cheating In The Next Room,Z.Z. Hill,rap,35,1
Wild Bill,Marc Benjamin,edm,35,0
Island,Swayday,latin,35,0
O Quê Que Cê Tem,OPA Gang,rap,35,1
Easy on Me,R-Cue,edm,35,1
Statesboro Blues,The Allman Brothers Band,rock,35,0
Daddy (feat. Rich The Kid),Blueface,rap,35,0
Newman,BloodPop®,edm,35,0
Everything OK (feat. Night Lovell),Aaron Cartier,rap,35,1
Bangalore Swing,Tune In Crew,edm,35,1
Right Here,SWV,r&b,35,0
Я смотрю на небо,Basta,rap,35,1
Do Me Right,Guy,r&b,35,0
Dial My Heart,The Boys,r&b,35,1
Rich&Famous - feat. Sean Paul,Kumi Koda,pop,35,0
Shine,DJ PIGER,pop,35,0
Feeling,Lucas Estrada,latin,35,1
That's Why (You Go Away) - 2014 Remastered Version,Michael Learns To Rock,rock,35,1
Cold Tears,AM & Shawn Lee,r&b,35,0
American Pie,The Deep Dixie Boys,pop,35,1
Mentira (feat. Ely Guerra),Beto Cuevas,latin,35,0
If I Back It Up,Nellie Tiger Travis,rap,35,0
Not Alone,Matthew Miller,r&b,35,1
Everyday,Angie Stone,r&b,35,1
Die For You,Red,rock,35,0
Burn Out,ShiShi,latin,35,0
If You Want Me to Stay,Eric Benét,r&b,35,1
Orca,Oscar House,edm,35,1
Beta,Model Man,edm,35,0
Move To The City - Live In Japan / 1992,Guns N' Roses,rock,35,0
25 Minutes - 2014 Remastered Version,Michael Learns To Rock,rock,35,1
Girl Next Door,Musiq Soulchild,r&b,35,0
Talk To Her,India.Arie,r&b,35,1
Like I Love You,Chris Viviano,latin,35,0
Feelings - Jay Dixie Remix,Deep Chills,latin,35,1
Try Again,Campsite Dream,latin,35,0
Bella di notte - Wolfgang Lohr Remix Radio Edit,Free Shots,edm,35,0
Love So Soft - Cash Cash Remix,Kelly Clarkson,edm,35,0
Never Really Over - Syn Cole Remix,Katy Perry,edm,35,0
Cars That Go Boom,L'Trimm,rap,35,0
I'm Only Shooting Love,Time Bandits,edm,35,1
Tú y Yo,Motel,pop,35,0
Boy I've Been Told,Safire,latin,35,1
Envidias,Tres Coronas,rap,35,0
Quid Pro Quo,Critic City,rock,35,0
We Party (Mixed & Mastered),Maniaxo,latin,35,1
De Aquí Pa Allá,Sol Pereyra,latin,35,0
The Effects of Climate Change on Densely Populated Areas,People Under The Stairs,r&b,35,0
Carro Sport,Diego Thug,rap,35,1
73 Degrees (feat. Masego),Mars Today,r&b,35,0
Welcome to Guadalajara,Little el Crack,rap,35,0
Swag Rag,Riff Kitten,edm,35,1
Don't Need No Help,Young Buck,rap,35,0
Don't Trip,The Game,rap,35,0
T69 collapse,Aphex Twin,pop,35,0
Picture Perfect(Featuring Phonte) (Extended Version),Eric Roberson,r&b,35,1
Put EM Up,W&W,edm,35,0
Wrong for Me,Otherwise Fine,pop,35,0
Time,By Chance,rock,35,0
Mike Tyson - Bonustrack,Kurdo,rap,35,0
Paso a Huella - Captain Planet Remix,Novalima,latin,35,0
Take Me Higher,Bogenhausen,latin,35,0
Soul Music,Vick Allen,rap,35,0
Animal,Las Villa,latin,35,0
Temptation,Corina,latin,35,0
Old Love,PLÜM,edm,35,1
Poor Man's Mansion,Jelly Roll,rap,35,0
Runaway Life - Henri Purnell Remix,Lu & Sowlmate,latin,35,0
Believe,ROOKIES,latin,35,1
SWING,LUCY,edm,35,0
Original Don (feat. The Partysquad) [Flosstradamus Remix],Major Lazer,rap,35,0
Living Legend,Cole.45,latin,35,0
End of the World,ODILLIA,latin,35,0
Everyday,Eddie Thoneick,pop,35,0
Dignity,Martin Silence,edm,35,0
Make Your Move,Dave Adamec,edm,35,0
Russian Radio,Red Flag,rock,35,0
Palace,ASADI,latin,35,0
My Homeboy's Girlfriend,8Ball,rap,35,1
Let It Be Me - Sondr Remix,Steve Aoki,pop,35,0
Nowhere To Run,Martha Reeves & The Vandellas,rock,35,0
Get To Me,Jay Dixie,latin,35,0
Yellow Lights - Alex Grey Remix,Natania,latin,35,0
Think Of Me,Felix Palmqvist,edm,35,1
My Favorite Things (feat. Anita Baker),Cyrus Chestnut,r&b,35,1
Intenso,Chriss Oz,rap,35,1
Bring It Back - Afrojack x Sunnery James & Ryan Marciano Edit,Jewelz & Sparks,edm,35,0
"Money, Power",Silky Signs,latin,35,1
Vanidosa,Prophex,latin,35,0
Club Affairs,A.Y.A,r&b,35,1
No Worries,Jelly Roll,rap,35,1
Kissing Mouths,Natania,latin,35,1
Until the End (feat. Joe Gil),Dirty South,edm,35,0
Something - Quintino Remix,Funk Machine,edm,35,0
Workout,Agus Zack,edm,35,0
Top Back - Remix,T.I.,rap,35,0
Satellites - EP Version,Cash Cash,edm,34,0
Heartbeat,Jay Fox,latin,34,0
Arcadia - Radio Edit,Hardwell,edm,34,0
Crash Into Me - Settle Down Steavis Aoki Remix,Steve Aoki,pop,34,0
Solo Te Quiero Conmigo,Buxxi,latin,34,0
Roda de Samba,DJ Cash,r&b,34,1
Own Religion,Simon Field,edm,34,0
I Heart U,Kretsen,edm,34,0
"""This Is Seagull….""",The Snake Corps,pop,34,1
Talk to Me (Bearson Remix),Ghost Loft,pop,34,0
005A1,Apparel Wax,edm,34,0
Quisiera Adivinar,Mœnia,pop,34,0
Horizonte de las Estrellas,Miguel Bosé,pop,34,0
За туманами,Litvinenko,rap,34,0
Mexico,Lucas Estrada,latin,34,0
Everything's Out In the Open,Johnnie Taylor,rap,34,1
Man Enough,Karen Wolfe,rap,34,1
Van Gogh,Tiacca,latin,34,1
Camellia Flower,015B,edm,34,0
I Want Your Love,Dez Money,rock,34,0
Back to You,Brothers Page,rock,34,0
Gold.,Mari Louis,latin,34,0
Let It Be Me - Steve Aoki Remix,Steve Aoki,edm,34,0
Smoke Alone,Minty Burns,r&b,34,0
Zabuza,NoBodyGHY,r&b,34,1
Stringimi Più Forte,Giordana Angi,r&b,34,0
Doag,Great Minds,rap,34,0
Need to Swing,Emma Clair,edm,34,0
Straight Gangstaism,Geto Boys,rap,34,1
I'm Mr. Jody,Marvin Sease,rap,34,0
Running,Chris Viviano,edm,34,0
Luv With U,BLENDER,latin,34,1
Billie Jean,Honeywagon,r&b,34,1
Everybody Wants to Rule the World,Love Canon,r&b,34,0
Safe and Sound,Pickin' On Series,r&b,34,1
Mit dem BMW,Fler,rap,34,0
Janie's Got A Gun - Single Version,Aerosmith,rock,34,0
The Night Comes Down - Remastered 2011,Queen,rock,34,1
Son And Daughter - Remastered 2011,Queen,rock,34,0
Youth,Ben Khan,pop,34,1
Дети капитана Гранта,nogano,rap,34,1
In My Bed,Dru Hill,r&b,34,1
Cosmic Waves - Original Mix,Hell Driver,edm,34,0
Haven't Got Time for the Pain,Carly Simon,rock,34,1
You're the One for Me,Great Good Fine Ok,pop,34,0
Lost in You Now,Brooke Lanziner,rock,34,0
Where I Wanna Be,RMCM,edm,34,0
Just Like This,Marc Joef,edm,34,0
Sube la radio,Nek,latin,34,0
Big Mad,KV$HKEY,latin,34,1
MadDog2020,Spade Melo,rap,34,0
Trouble - Jengi Beats Remix,OFFAIAH,r&b,34,1
CoCo - Flosstradamus Remix,O.T. Genasis,rap,34,0
Feel Alive - Radio Mix,Jenil,latin,34,0
Ghetto Man,Marvin Sease,rap,34,1
Sugar Shack (Line Dance Remix) (feat. Mz Jackson),Bigg Robb,rap,34,0
Book of Love,Tucka: King Of Swing,rap,34,1
Sayonara,Elben,r&b,34,0
What I've Been Looking For,Ashley Tisdale,pop,34,0
"Short Skirt, Bare Knees",Tyler Boone,rock,34,0
Øjne,Marco Rahim,rap,34,0
Margaret's Hymn,Deborah's Child,pop,34,1
Want You Back - Tritonal Remix,5 Seconds of Summer,edm,34,0
Nothing's Gonna Stop Us Now,Tamara Perez,rock,34,1
Artha,ANNA,edm,34,0
Bien Chevere,Ilegales,latin,34,0
Shake A Lil' Somethin' (Original Street Mix Nasty),2 LIVE CREW,rap,34,0
Kitty-Kitty,69 Boyz,rap,34,0
En Busca de Ti - Remix,Zazo & Gxurmet,latin,34,1
Did You Ever Think - Remix - Radio Edit,R. Kelly,r&b,34,0
Nd Bem/Tudo Bem,Raffé,rap,34,0
Rave,Bl4ck,rap,34,1
Middle Name,Thomston,pop,34,0
January - Kaytranada Edition,Disclosure,r&b,34,0
Feeling Good,Ms. Lauryn Hill,r&b,34,0
Stone Rollin',Raphael Saadiq,r&b,34,0
Night At The Opera,Kevu,edm,34,0
I'm In Love,NDR8,edm,34,0
Lowlowlow,Sail By Summer,rock,34,0
Public Enemy,CastNowski,edm,34,0
B Side,San Cisco,pop,34,0
Hotshot,Brame & Hamo,edm,34,0
Middlefingers,Tom & Jame,pop,34,0
You,Boytronic,pop,34,0
In The Lap Of The Gods... Revisited - Remastered 2011,Queen,rock,34,1
Reflections After Jane,The Clientele,rock,34,1
Gangsta - Radio Edit,Moguai,edm,34,0
Drive,Lockeland,rock,34,0
Tonka,Stoltenhoff,edm,34,0
Por Teléfono,V-One,latin,34,0
Flyaway,911headcase,rap,34,1
Paris Café,$IFRA,rap,34,1
Só,Caio,latin,34,1
Down Under,Love Canon,r&b,34,1
Bump,Baby Blue,pop,34,0
Distortion,The Kemist,latin,34,0
SILHOUETTE,Lorn,pop,34,1
Where Dem Dollas At (feat. DJ Paul & Juicy J),Gangsta Boo,rap,34,0
Break The Silence,Declain,edm,34,0
You Make Me Crazy,Streetz,rock,34,1
Vibrate Your Body (Bergs Remix),Ryan Stapleton,edm,34,1
Guilty All the Same (feat. Rakim),Linkin Park,rock,34,0
taste,FlowBack,pop,34,1
Apple Pies & Butterflies,Blue Wednesday,pop,34,1
Headshot,Dave Mak,edm,34,0
Cacto,MARTTE,latin,34,0
Oblivion,Naffar,rap,34,0
I Done Lost My Good Thang,Terry Wright,rap,34,1
Snitch,Lil Wayne,rap,34,0
Screwed Up,Ludacris,rap,34,0
Look What I Got,T.I.,rap,34,0
Lonely's the Only Company (I&II),Maxwell,r&b,34,1
L.O.V.E,Devin Morrison,r&b,34,1
Tide,Jonny Joel,edm,34,1
LIT,VINAI,edm,34,0
"Long, Long Way from Home - 2008 Remaster",Foreigner,rock,34,0
Wanna Do My Thing,Matata,rock,34,1
Sargon,AxLi,rap,34,0
Excuse Me,Raphael Saadiq,r&b,34,1
You Took My Heart Away - 2014 Remastered Version,Michael Learns To Rock,rock,34,1
Joy - Original Mix,Mizbee,latin,34,1
Todo Se Acabó - Remasterizado,Formell,r&b,34,0
No Love,TooManyLeftHands,edm,34,0
You And I - Remastered 2011,Queen,rock,34,0
Choices,Project Pat,rap,34,0
Hold on for Dear Life,Night Cap,pop,34,0
Never Getting Over You,Lost Stars,pop,34,1
Not Guilty - 2004 Mix,George Harrison,rock,34,1
Arab Trap: Made in Egypt,DJ KABOO,rap,34,0
Katyar,MVGMVR,rap,34,1
As I'm Fading Into You,Blevins,pop,34,1
Show Me,Jill Scott,r&b,34,1
Space,Julian Jeweil,edm,34,0
I Want You,Shana,latin,34,0
It's Automatic,Freestyle,latin,34,0
Colo,Renan Cavolik,latin,34,0
For the Love of Money / Living for the City (feat. Queen Latifah),Troop,r&b,34,1
Delícia Tchu Tcha Tcha,Mike Moonnight,latin,34,0
Father To Son - Remastered 2011,Queen,rock,34,1
500 (PCM),Sander van Doorn,edm,34,0
Get It On,Jenaux,edm,34,0
Trampled Rose,Tom Waits,rock,34,1
Lily Of The Valley - Remastered 2011,Queen,rock,34,1
You Owe Me - Magnace Remix,The Chainsmokers,edm,34,0
Nuit d'azur,Pas Sages,edm,34,1
MisGuided,AvaGrace,rock,34,0
Call It Techno - Raito Remix,Frankie Bones,edm,34,0
Time & Space - Original Mix,Avalon,edm,34,0
Mirage,Nextro,rap,34,0
Made to Sell,Miguel Dias,edm,34,0
Jerusalem - Pt. 2,Quentyn,pop,34,1
On Your Mind,Quentyn,pop,34,0
Dead of the Night,Strath,pop,34,0
Mind Games,Chris Espo,latin,34,1
Mi Gente - Hardwell & Quintino Remix,J Balvin,edm,34,0
R U D Y,Houston Kendrick,pop,34,1
Take it Slow,Jelly Roll,rap,34,0
Home - Acoustic Version,Daughtry,latin,34,1
Shit Creaks,um..,edm,34,0
Roots,Mylky,rap,34,0
Frustrations + Solutions,Kilo Kish,r&b,34,1
Havin Thangs,Big Mike,rap,34,1
One,Fates Warning,rock,34,0
The Gold Line,Swardy,edm,34,1
Straight Shots,Showtek,edm,34,0
Solo Pa Mi,Bodine,latin,34,0
Gone My Way,Morgan Page,edm,34,0
News For You,Eric Benét,r&b,34,0
Turn - 2015 Remaster,New Order,rock,34,0
Georgia Dome (Get Low Sequel),Ying Yang Twins,rap,34,0
The Heat,Lil Wayne,rap,34,0
Circles - Original Mix,Audien,edm,34,0
Burn - Remix,Ellie Goulding,edm,34,0
Make It Move,ANG,edm,34,0
The Tears Of A Clown,The English Beat,rock,34,0
Wasted,Killakoi,rock,34,0
Tepid Soul,Poppy Ajudha,r&b,34,1
Manama,URUS Squad,rap,34,1
Unstoppable,Løyd,latin,34,0
Entiéndelo,Liricistas,latin,34,0
Priorities,SAYGRACE,r&b,34,0
El Que Siempre Soñó,Issac Delgado,latin,34,0
Ay De Mi,Luis Enrique,latin,34,1
T-Shirt,Cuebrick,edm,34,1
Fuck Tha World,Lil Wayne,rap,34,0
Me Dijo,Estro,latin,34,0
Tekno,Moksi,edm,34,0
Wildchild,The Bloody Beetroots,edm,34,0
Pyramania,The Alan Parsons Project,rock,34,0
Backstreet Luv,Curved Air,rock,34,0
I Talk to the Wind,Steve Hackett,rock,34,1
Holding Space,Luke Adamson,pop,34,1
At Least I'm Moving,Tommy Strauser,pop,34,1
Real World,Stereo Jane,pop,34,0
Ambrosia,TIMIAN,pop,34,1
Remember Me,DA Image,rap,34,0
Delicia Tchu Tcha Tcha - Remix,Mike Moonnight,edm,34,0
Tú No Ajaunta (Checkmate) - Spanish Edit,Cypress Hill,latin,34,0
Tres Equis,Cypress Hill,latin,34,0
Stompin' to My Beat,Haus of Panda,edm,34,0
Ever After,Marianas Trench,r&b,34,1
Gucci X Supreme,Midoracks,latin,34,0
A Veces,David Khalis,latin,34,0
The Lost Angels Anthem,Blu,rap,34,1
Let's Stay Home Tonight,Joe,r&b,34,0
Talk About It,Heather Cole,pop,34,0
Stay,Rich James,edm,34,0
Again - Radio Edit,Beeskov,edm,34,0
Fantasy,Laureano,pop,34,0
what happened,jayover,pop,34,0
Pode Confiar,Mc Leo da Baixada,rap,34,1
Manifesto,SASCHA,r&b,34,0
Fire,Lebrado,rap,34,0
Mutiny,Killstation,rap,34,0
Vapors,Snoop Dogg,rap,34,0
Alive,Many Moor,edm,34,0
ALT.COLOUR,Blanke,edm,34,0
Broken By You,ATRIP,edm,34,0
I Need a Connection,Jane Weaver,pop,34,1
Thundersmith,Kobra And The Lotus,rock,34,0
Rendezvous,DEAMN,edm,34,0
Besser du rennst,Subway To Sally,pop,34,0
All The Places (I Will Kiss You),Aaron Hall,r&b,34,0
2night - Radio Edit,Beeskov,edm,34,0
Forget,Twin Shadow,pop,34,1
Under Pressure,Pickin' On Series,r&b,34,1
Algo Está Cambiando,Julieta Venegas,latin,34,1
Pon de Replay - Radio Edit,Rihanna,latin,34,0
Assassina,Malharo,rap,34,0
TO-KE-TE,HAN-KUN,pop,34,0
We Give You Glory (feat. Tasha Cobbs),Fiya,r&b,34,0
Clap Clap,CLiQ,edm,34,0
When You Know,Sunny State,pop,34,0
Personal Jesus - Eric Prydz Remix,Depeche Mode,edm,34,0
Happy Days,Silk,r&b,34,1
The Legendary,BONIK,edm,34,0
Shooting Holes,Twin Shadow,pop,34,0
Hold On,Holy Ghost!,pop,34,0
Catch - Radio Edit,Will Sparks,edm,34,0
Set Me Free,Diplo,pop,34,0
Yo Voy A Legar (feat. Zion),DJ Nelson,latin,34,0
You Want This,LOOPERS,edm,34,0
Volatile,TENDER,pop,34,1
Fisherman's Boat,Byron Keno,latin,34,1
Diva,Asmarani,edm,34,1
Reptile,Crashdïet,rock,34,0
Summer Air - DubVision Remix,Hardwell,edm,34,0
I'm Heavy,LOOPERS,edm,34,0
2 AM,Lil Mop,r&b,34,0
Big Fool,Levi Belle,r&b,34,0
Stay My Baby,Miranda Cosgrove,pop,34,0
Single Ladies (Put a Ring On It),The Cleverlys,r&b,34,1
Y'all Ain't Ready (feat. 2 Chainz),Mike WiLL Made-It,rap,34,0
Africanism,Noir,edm,34,1
Rock & Roll,Dennis Cruz,edm,34,0
Blue Sky,Feenixpawl,edm,34,0
Violence,TENDER,pop,34,1
Ain`t Gonna Stop (Until I Stop It),Supersuckers,rock,34,0
Shot Down,DMX,rap,34,0
For Pete's Sake,Pete Rock & C.L. Smooth,rap,34,1
Bussin Out Da Bag,Tyga,rap,34,0
Heat Of The Moment,After 7,r&b,34,0
808,TV Noise,edm,34,0
Helluva - Radio Mix,Brotherhood Creed,r&b,34,0
Pure Evil,Extreme Music,rap,34,0
My Feelings,DiRTY RADiO,pop,34,0
Saving This,HBz,edm,34,0
Primadonna,Skogsrå,pop,34,0
Bite,Fickle Friends,pop,34,0
This Love,Kadhja Bonet,r&b,34,1
Overflow(変身),YonYon,pop,34,0
Dreamtime,Daryl Hall,rock,34,0
Bad Intentions,Nick Marcus,latin,34,0
Inside,Jagsy,rap,34,0
Electric,Influence Music,pop,34,0
Gimme That Juice,Botnek,edm,34,0
Dis Morning,Rocko,rap,34,0
One More Time,Alberto Ciccarini,latin,34,0
Right of Spring,Ravyn Lenae,r&b,34,1
Rocksteady,Remy Shand,r&b,34,1
Ficar Sem Você,Davi,latin,34,1
Crashing Down,Aitor Blond,edm,34,0
Magical,Timmo Hendriks,edm,34,0
Electric Energy,R3SPAWN,edm,34,0
Something More,Ralph,pop,34,0
Shake It Down,Juyen Sebulba,edm,34,0
In The Place,SLVR,edm,34,0
Friendo,H-Rap Bey,r&b,34,1
Tu Fotografia,Gloria Estefan,latin,34,1
It's Too Late,Gloria Estefan,latin,34,1
Hard and Loud,Royal Bliss,rock,34,0
Left Us To Mold,Unida,rap,34,0
Enter the Riffian,Wo Fat,rap,34,0
Shark in the Water,The Cocktails,pop,34,1
Ready for the Summer,RudeLies,edm,34,0
We Rise Together,Wyko,edm,34,0
Ritual,Davi,latin,34,0
Friends And Lovers (feat. Gloria Loring),Carl Anderson,rock,34,1
Future - Short Cut,Beat Dragons,edm,34,0
I See Your Smile,Gloria Estefan,latin,34,1
"Hallelujah - Live at Benaroya Hall, Seattle, WA - November 2010",Brandi Carlile,r&b,34,1
Step Back,Black Paisley,rock,34,0
Violet Stars Happy Hunting! (feat. The Skunks) - EP Version,Janelle Monáe,pop,34,0
Rising Power,The Treatment,rock,34,0
Pissed Off,Angie Stone,r&b,34,1
Whisper,A Billion Robots,edm,34,0
Nowhere,Gavin Haley,pop,34,1
Paralyzed - Steve 80 Remix,KENO,edm,34,0
Rich Boy,Josh Stanley,pop,34,1
Más Claro Que el Agua,Donny Caballero,latin,34,0
Nothing Like You,SØNIN,edm,34,0
PIERREPOINT,Florence Black,rock,34,0
A Waiting Game,Claptone,pop,34,1
Come To Life,Neon Feather,pop,34,0
Blackout,Marcus Santoro,edm,34,0
Die Straße ein Teil,Luciano,rap,34,0
Feels Good,Erlandsson,edm,34,0
Ready For You,Hunter Hunted,pop,34,0
It's Love,Jill Scott,r&b,34,0
Dark Beat - Original Murk Mix Radio Edit,Oscar G & Ralph Falcon,edm,34,0
Mas Que Palabras,Toda la Vida,latin,34,0
Honest - Gil Glaze Remix,The Chainsmokers,edm,34,0
Lit Bass - Radio Mix,Flip Capella,edm,34,0
Naked,Elin Bergman,pop,34,1
Have You Ever Needed Someone So Bad,Def Leppard,rock,34,0
I Just Want You,Caleb Hawley,r&b,34,1
Breakfast,Kai the Kid,latin,34,0
A Long Time,Shannon K,pop,34,0
No Guarantee - Remix Version,Chico DeBarge,r&b,34,0
Where I Wanna Be,Donell Jones,r&b,34,1
Black Connection,Camp Lo,rap,34,0
I'm Walking on Sunshine,Carl Wave,pop,34,0
Happiness,Wahlstedt,edm,34,0
Feel It,Charlie Who?,edm,34,0
Rave Child,Mike Cervello,edm,34,0
Tu Principe,Reggaeton Latino,latin,34,0
Just One Lifetime,J. Blackfoot,rap,34,1
Roll With Me (feat. Shungudzo) - Friend Within Remix,Bantu,edm,34,0
Un Montón de Estrellas,Lenier,latin,34,0
Rave After Rave - Original Mix,W&W,edm,34,0
Glow,Kelis,r&b,34,0
Without You,Lucy Pearl,r&b,34,0
Feels Good,Jay Made,edm,34,0
When Things Go Wrong,Haze & Mellow,edm,34,0
For You,Stesso,edm,34,0
Intoxicated - Original Mix,Martin Solveig,pop,34,0
No Es Una Gial (feat. De La Ghetto),Farruko,latin,34,0
Ya No,Lautaro Lopez,rap,34,1
GANG,Rain,edm,34,0
Nunca Se Quita,"Gotay ""El Autentiko""",latin,34,0
Fix Me - Official Parookaville 2016 Anthem / Radio Edit,twoloud,edm,34,0
EIFORYA,Armin van Buuren,edm,33,0
Laith,Timna Momentus,latin,33,0
Quien Eres Tu,Ocxho,rap,33,1
First Time Lovers,NLSN,latin,33,0
Identity - Ryos VIP Mix,Ryos,edm,33,0
I'll Be Around - Remastered Version,The Spinners,rock,33,0
Spooky (Duke Skellington Remix),Kumiho,edm,33,0
Like Yesterday,Denzil Porter,r&b,33,1
Flaus,Blake Anthony,r&b,33,0
Voyage,Ghostnaut,r&b,33,1
Hell at the house,Omar Cunningham,rap,33,0
Solitario Rock and Roll,Té de Brujas,rock,33,0
Headshot,BTNG,rap,33,0
Let There Be House (feat. Chuck Roberts),Mosby & Stinson,edm,33,0
Solidarity,Angelic Upstarts,pop,33,0
Miracle,Caravan Palace,edm,33,0
Pushin' Weight,Ice Cube,rap,33,0
Io Sono Bella,Emma,r&b,33,0
Feels Great (feat. Fetty Wap & CVBZ) - BKAYE Remix,Cheat Codes,edm,33,0
Pulse,Creendo,edm,33,1
For Life (feat. Clint Lowery),3 Years Hollow,rock,33,0
Don't Stop Believing,Soul&Roll,rock,33,1
Over Me,Jake Cooper,latin,33,1
Me & You,Chip Conyard,pop,33,1
I Believe,Youngheart,pop,33,0
Rhythm & Drums - The Hitmen Rework Edit,general base,edm,33,0
Hysteria (feat. Matthew Koma),Steve Aoki,edm,33,0
Hornets Nest,Tom Staar,edm,33,0
Freakin',T-Dre,latin,33,0
Coming Out of the Dark,Gloria Estefan,latin,33,1
Know You Now,Amy Winehouse,r&b,33,0
Loudness War,Fukkk Offf,edm,33,0
Tonight the Moonlight Let Me Down,Black Star Riders,rock,33,0
3AM - TR377,Eli Brown,edm,33,0
A$IAN BOY,Chriilz,edm,33,0
White Room,Cream,rock,33,1
Paradise,Bazzi,pop,33,0
Rollergirl - Steve 80 Remix,Sonera,edm,33,0
Tell Me When,Christian Kuria,r&b,33,1
Ridin' Dirty,UGK,rap,33,1
Somewhere Tonight,Beach House,pop,33,1
Alone Again,ilasan,edm,33,0
Stay,Roderic H,edm,33,1
Dime Si Volverás,Dragon & Caballero,latin,33,0
No Será Fácil,Gloria Estefan,latin,33,1
"Shut Up (feat. Duece Poppito of 24 Karatz, Trina, & Co of Tre +)",Trick Daddy,rap,33,0
Encontre Tu Amor (Remix),Mikey A,latin,33,0
A Minute to Breathe,Trent Reznor and Atticus Ross,pop,33,1
Affirmation,Sammy Hagar,rock,33,0
Say the Word,Emily Vaughn,pop,33,0
God in Me,Mary Mary,r&b,33,0
Too High,Dolo Tonight,rap,33,0
Leave It to the Weather,Cabela and Schmitt,edm,33,0
Hail the End of Days,Deaf Rat,rock,33,0
Little Black Dress,Jean Juan,edm,33,1
When You Praise,Fred Hammond,r&b,33,0
Rey Ticuz,Don Kalavera,rap,33,1
Scream Loud,Averdeck,edm,33,0
Speeding,Lights,pop,33,0
Peanut Butter,WILL K,edm,33,0
Never Liked You,Roc DaGuard,r&b,33,0
"Hold Me, Thrill Me, Kiss Me",Gloria Estefan,latin,33,1
Tú Conmigo,Yahir,latin,33,0
Jalapeño,Janelle Monáe,pop,33,0
Heartbreaker,Her Bright Skies,rock,33,0
Forever on Your Side (feat. Kina Grannis),Imaginary Future,pop,33,0
Told You Once,Foxa,edm,33,0
Chasing Every Mile,Pat Michaels,edm,33,0
Cruising (So They Say),Claptone,edm,33,0
Neutron Dance,The Pointer Sisters,rock,33,0
Outro (Que É Você),Bemti,latin,33,1
Pig Latin,Havelock,pop,33,1
The Halo Project: Rewired [Radio Edit],Ashes to Embers,rock,33,0
Hurry Up,Annie Lux,pop,33,1
Take On Me,Love Canon,r&b,33,0
Kid A,Punch Brothers,r&b,33,1
Thinking 'Bout You,Dua Lipa,r&b,33,0
Northern Lights,Gui Brazil,edm,33,0
All In (CB Remix),Heather Schnoor,pop,33,0
Fat Boy Roll,Bigg Rich,latin,33,0
Now I Feel Ya,Scarface,rap,33,1
Mortel,Fishbach,pop,33,0
Grateful (Neon Feather Remix),Cade Thompson,pop,33,0
Catch,Dresses,pop,33,1
Sunday Morning,Mary Mary,r&b,33,0
On God,CloutBag,r&b,33,0
On Your Side,Dominix,edm,33,0
Fanfarrón,Fanny Lu,latin,33,0
Resonate,Dillon Nathaniel,edm,33,0
Ooh La La,HI-LO,edm,33,0
eoh (Theis EZ Remix),Hallasen,edm,33,0
El Barrio Mas Chingon,Conejo,latin,33,1
Outta My Zone,IBIA,edm,33,0
Our Darkness,Anne Clark,pop,33,0
Beautiful Trauma - Kat Krazy Remix,P!nk,edm,33,0
Stay With U 2Night,Axel Boy,edm,33,0
Throwback,Bart B More,edm,33,0
Facts of Love,Jeff Lorber,r&b,33,0
Feelings,FUNKYBEAT,edm,33,0
Cleveland Rocks - 2009 Remaster,Ian Hunter,rock,33,0
I Wanna Love Like That,Tony Thompson,r&b,33,1
Strangers,Bad Actor,pop,33,0
You Belong to Him,1986 Omega Tribe,r&b,33,1
Phoenix,1986 Omega Tribe,r&b,33,1
Tchu Tchu Tcha (feat. Enrique Iglesias),Pitbull,latin,33,0
"Culebra, Columna y Estatua",El Último Vecino,pop,33,0
Turned Away,Chuckii Booker,r&b,33,0
Violin V,Helion,edm,33,0
I.F.L.Y.,Bazzi,pop,33,1
Between Empathy & Apathy,Common Vision,rock,33,0
A Moment to Bill It - Beat Edit,Summers Sons,rap,33,1
Body Roc,Fat Pat,rap,33,0
Close,Sabina Beyli,edm,33,1
"Denise, Don’t Wanna See You Cry",Night Moves,pop,33,0
Missteria,Gotthard,rock,33,0
Radici,Monterosso,latin,33,1
Freaky All Night,TV Noise,edm,33,0
Still Alive,Prison,rock,33,0
Know Me,Moonlight Social,pop,33,0
Senses - William Black Remix,Prismo,edm,33,0
"Parte De Tu Mundo - De ""La Sirenita""/Banda Sonora Original",María Caneda,pop,33,1
Статус,Nurminsky,rap,33,0
...Baby One More Time,Jamie Kent,r&b,33,0
Da Baddest (feat. Trey Songz),Big Kuntry King,rap,33,0
Simply Amazin' (steel blazin'),Blu,rap,33,0
Some of Us May Never See the World,Ghostemane,rap,33,0
No Place Like Home (feat. Rosette) - Radio Edit,Blasterjaxx,edm,33,0
Gumbo,Jay Rock,r&b,33,0
Changes - Dirty South Remix,Chris Lake,edm,33,0
The Only One,Culture Kultur,pop,33,0
Veneno,Manu Durán,latin,33,0
La Bela do Baile,Tavo,rap,33,0
Tudo por Nós,Knust,rap,33,1
Older Girl,1986 Omega Tribe,r&b,33,0
Racing,Noah Fabray,edm,33,1
No Pierdo Nada (Nothin' To Lose) - Spanish Edit,Cypress Hill,latin,33,0
Latin Lingo - Blackout Mix,Cypress Hill,latin,33,0
Alignment,Guustavv,rap,33,1
Body Double,Dance Yourself Clean,pop,33,0
Deuboukéhi,MZ,r&b,33,0
Running on Empty,Jackson Browne,rock,33,0
Live Forever,Mike Mains & The Branches,pop,33,0
Bruk Bruk (I Need Your Lovin),Dillon Francis,edm,33,0
Pray to God - R3hab Remix,Calvin Harris,edm,33,0
The Noise Inside My Head,Assemblage 23,pop,33,0
Coffin Wave,CPsilencer,rap,33,1
We Were Gods (feat. Urban Cone & Lucas Nord) - Radio Edit,John Dahlbäck,edm,33,0
Young,Brieuc,pop,33,0
The Truth,Sevendust,rock,33,0
"I Think I Kinda, You Know - Instrumental",Alan Zachary,pop,33,1
Monster,Quentyn,pop,33,0
Waves,Alborn,rock,33,0
Yeah Yeah,MELANIE?,rock,33,0
Bailando - Tropi Mix,Jimmy Bad Boy,latin,33,0
Jazzstance,Sr Pablo,latin,33,1
Jet Airliner - Remastered 2017,Steve Miller Band,rock,33,0
Destiny,Reggio,edm,33,0
On Top of the World (Remix),Citipointe Live,pop,33,0
Mirage,Platon Emil,pop,33,0
Home - Geekboy Remix,LZ7,edm,33,0
She Said,Ludacris,rap,33,0
Killer,Van Der Graaf Generator,rock,33,1
Never,Pengwin,edm,33,0
Lie to Me,Cam M.,pop,33,1
Disimula,Sitoonce,latin,33,0
When It Rains,Mr. Popular,pop,33,1
Shy,Brijs,edm,33,1
The Return Of The Giant Hogweed - Digital Remastered 2008,Genesis,rock,33,0
SunshineBloom,Liltrxptendo,pop,33,1
Feel so Alive,Amplify Worship,pop,33,0
Where Would I Be - Remix,Heart Youth,pop,33,0
When We Were Young (feat. The Chain Gang of 1974),Dillon Francis,edm,33,0
Hold You Tight,Tara Kemp,r&b,33,0
Anything More (feat. Era Istrefi) - Will Sparks Remix,Steve Aoki,edm,33,0
Feel It,Brooke Evers,edm,33,0
Mork,The Bloody Beetroots,edm,33,0
You Can,Matroda,edm,33,0
"I""ll Take Rock",FknRock!,rock,33,0
Don't Stop The The Madness **Hardwell Exclusive** [Mix Cut] - Original Mix,Hardwell,edm,33,0
The Night King,Graham Bell,edm,33,0
Royal,Nextro,rap,33,0
Ankh,Gagexa,rap,33,1
Easy,Brad Blackburn,pop,33,1
All This Music Must Fade,The Who,rock,33,0
Few Bana Zambia,Five Revolutions,rock,33,0
Funky Lady,Teddy Chisi,rock,33,1
Noches de Fantasía - Salsa Mix,Roberto Antonio,latin,33,0
"Undertaker (feat. Young Buck, Young Dro & DJ Drama)",T.I.,rap,33,0
Raw,T.I.,rap,33,0
Cascade - Original Mix,Tommy Trash,edm,33,0
DeadInDesignerClothes,BONES,rap,33,1
"The Light (feat. Bilal, Robert Glasper Jr., Kenneth Whalum & Burniss Earl Travis II)",Big K.R.I.T.,r&b,33,0
Fire And Fever,Keith Cullen,edm,33,1
Misty Night Cruising,Kiyotaka Sugiyama,rock,33,0
Ya Bnayya - Bad Royale Remix,Omar Souleyman,rap,33,0
Ares,TORU,rap,33,1
Body Parts,Raphael Saadiq,r&b,33,1
Eu Não Quero Mais,Filipe Catto,latin,33,1
Telegraph,Orchestral Manoeuvres In The Dark,pop,33,1
Emerge,The Hunting Project,rock,33,0
I Got It,Arva,rock,33,0
In The Lap Of The Gods - Remastered 2011,Queen,rock,33,1
Flaws,Travel With The Sun,rock,33,1
Some Day One Day - Remastered 2011,Queen,rock,33,1
You Don't Have To Hurt No More,Mint Condition,r&b,33,1
911,BONES,rap,33,1
Lie To Me,Jade Key,edm,33,0
Room Full of Toys,L.B.,r&b,33,1
Cataclysm جائحة,Gillionaire,rap,33,1
Çöl,Cricced,rap,33,1
İz,FG,rap,33,1
Backpage Pt. 2,Tolento Jones,latin,33,1
I'll Be Loving You,Adam Marano,latin,33,0
I Need,Lvne,edm,33,1
The Pledge Remix,Irv Gotti,r&b,33,0
Who's Laughing Now,Hollywood Vampires,rock,33,0
Feel It,Romance and Rebellion,pop,33,0
White Adidas,DLG.,pop,33,1
Veera Thurandhara,Gana Bala,rap,33,1
Vekhi Ja,Prabh Deep,rap,33,0
One Dance,Kaan Pars,edm,33,1
Ball and Chain,The Who,rock,33,0
Get Upset,Soy Christmas,pop,33,1
Sidewalk Talk,Jellybean,latin,33,0
Endless Night,Cynthia,latin,33,1
Boogie Down Bronx,Man Parrish,latin,33,1
The Creeper - Bonus Track,Molly Hatchet,rock,33,0
Don't Let Me Go,Tom Swoon,edm,33,0
Just Hold On - Two Friends Remix,Steve Aoki,edm,33,0
"She Moves In Her Own Way - Acoustic / Live At Abbey Road, 2005",The Kooks,latin,33,1
"Stand Out - From ""How to Build a Better Boy""",Sabrina Carpenter,pop,33,0
Wanna Be Loved,Jill Scott,r&b,33,0
Always on My Mind,Brandy,r&b,33,1
Dust - Adrian Lux & Savage Skulls Remix,CLMD,edm,33,0
Farmer In The City,Scott Walker,rock,33,1
The Loser In The End - Remastered 2011,Queen,rock,33,0
Ogre Battle - Remastered 2011,Queen,rock,33,0
Teo Torriatte (Let Us Cling Together) - 2011 Mix,Queen,rock,33,1
Tenement Funster - Remastered 2011,Queen,rock,33,0
Next To Me,Olmos,pop,33,0
Radio Snow,Forester,edm,33,1
GfC,"Albert Hammond, Jr.",rock,33,0
Where You Belong,Jay Prince,r&b,33,1
Beijo Grego,2DE1,latin,33,1
Won't Come Home,Mennska,latin,33,0
Second Chances,Kaan Pars,edm,33,0
Repetimos?,Armando Infante,latin,33,0
Entre El Cielo y El Infierno,Christian Nava,latin,33,0
Dancing Through the Night,Midnght,latin,33,0
I'm A G,Rick Ross,rap,33,0
Without You,Dwele,r&b,33,0
Rio - 2001 Remastered Version,Duran Duran,rock,33,0
777 (feat. Ferras),KDL,edm,33,1
April,Jonas Langer,edm,33,1
Always,Great Good Fine Ok,pop,33,0
Place de l'étoile,Triomphe,edm,33,1
Don't Touch Me - Original Mix,Melih Aydogan,edm,33,1
Уйду с мыслями,Nurminsky,rap,33,0
Al Amanecer,MOÜGLI,latin,33,1
King of the Doves,Mating Ritual,pop,33,0
Sinastria,Paulo Ho,latin,33,0
I'm on Fire,The DeLorean Sisters,r&b,33,1
Young Minds,Saavan,latin,33,1
Out of Place,Rewave,rock,33,0
I Grew Up On Wu-Tang,The Game,rap,33,0
Severed,The Decemberists,pop,33,0
Procession - Remastered 2011,Queen,rock,33,1
Hallo Spaceboy (with the Pet Shop Boys) - Pet Shop Boys Remix,David Bowie,rock,33,0
Destination - Michael Mind Remix Edit,Darius & Finlay,edm,33,0
Growin' Up In the Hood,Compton's Most Wanted,rap,33,1
Think Twice,Lisa Gey,rock,33,1
Happiness,Hotway,edm,33,0
Armed Robbery,8Ball & MJG,rap,33,1
Axolotl,The Veils,rock,33,0
Funny How Love Is - Remastered 2011,Queen,rock,33,0
Jesus - Remastered 2011,Queen,rock,33,0
If You Were Here,Thompson Twins,rock,33,1
On Our Own,Showtek,edm,33,0
Tell Me Why,Duskus,pop,33,1
Pressure (Alesso Remix) [feat. Nadia Ali],Alex Kenji,pop,33,0
Black Magic (feat. Rick Ross),Meek Mill,rap,33,0
Highlife,Cypress Hill,rap,33,0
Bloodstained,Abram Mahoney,rock,33,1
Mahragan Laa,El Sawareekh,latin,33,0
Sally,Stetsasonic,rap,33,0
Baila Mi Corazón,Belanova,pop,33,0
Cigarette,Fatesky,edm,33,0
Life,Uche,edm,33,0
Losers,Frawley,pop,33,0
Out of Place,Brooke Sierra,pop,33,1
143,Musiq Soulchild,r&b,33,1
You're Sixteen (You’re Beautiful And You’re Mine),Ringo Starr,rock,33,0
Im Ok,Lisa Shaw,r&b,33,0
Lightspeed,Kura,edm,33,0
Housy Things,DSN,edm,33,0
Cloudless,Faucon,edm,33,0
Campaign,Ty Dolla $ign,latin,33,0
Heads High (Kill 'Em With It Re-Mix),Mr. Vegas,latin,33,0
Echo,Tess Posner,rock,33,1
Superstition,Old School Freight Train,r&b,33,1
Surrounded by Fools,Key Crashers,r&b,33,0
No Shame In My Game,Gang Starr,rap,33,1
The Way,Evan Troop,rock,33,0
This Ain't Love,Joss Stone,r&b,33,0
Hiding,STLN,edm,33,0
Ego - Domastic Remix,Rich Edwards,pop,33,0
Don't You Cry Tonight - Acoustic,Jim Seas,rock,33,1
Осень,Basta,rap,33,0
Moving On,Where The Man,latin,33,1
Next Man,Lucius P. Thundercat,r&b,33,0
Sex on Fire,Pickin' On Series,r&b,33,1
Trouble,ChrisLee,rock,33,1
Time to Shine,Bogenhausen,latin,33,0
Sorry,WUSA,latin,33,0
Game Time,Swanky Tunes,edm,33,0
Modern Times Rock 'N Roll - Remastered 2011,Queen,rock,33,0
Love You Lately - Best Of Version 2010,Daniel Powter,rock,33,0
Body Suit,Banoffee,pop,33,1
Punch Drunk,Sade,r&b,33,1
What We Leave Behind,Labrinth,r&b,33,1
Now Or Never - R3hab Remix,Halsey,edm,33,0
You Send Me,Nicolette Larson,rock,33,1
Rollerblade,Trial & Error,latin,33,0
Pittsburgh - No Intro,The Amity Affliction,rock,33,0
Old Train (feat. Struggle Jennings),Adam Calhoun,rap,33,1
Hourglass (feat. Struggle),Upchurch,rap,33,1
"Silent Night, Holy Night",Bebe & Cece Winans,r&b,33,1
This Is What It Feels Like - W&W Radio Edit,Armin van Buuren,edm,33,0
Not Happy,Phos Toni,edm,33,0
2 Real,Scarface,rap,33,1
Ultraviolet,Deas,edm,33,1
Hold Tight,Gino Soccio,edm,33,1
Love Like This (Eternity),Jay Sean,latin,33,0
Nunca Es Tarde.,The Guadaloops,pop,33,1
LIKE I WOULD - Dave Audé Mix,ZAYN,edm,33,0
Right For Ya,Prince Paris,pop,33,0
I Get the Job Done,Big Daddy Kane,r&b,33,1
The Fire,Rev Theory,rock,33,0
Up In Smoke,KAAZE,edm,33,0
Ruleta Rusa,Tony Dize,latin,33,0
This Is The Day,The Cranberries,rock,33,0
HITHER,Downlowd,pop,33,0
Music Sounds Better With You,MoodBlast,edm,33,0
Know What I Want,August Wahh,r&b,33,1
Earth Angel,Death Cab for Cutie,r&b,33,0
Tourist In Paradise,The Rippingtons,rock,33,0
Old Town Road,Lil Nas X,pop,33,0
Tommy Gun,Captives,rock,33,0
Call Me,Deee-Lite,pop,33,0
Band of Gypsies - Edit,Cypress Hill,latin,33,0
Sthlm Nights,Peg Parnevik,pop,33,0
It's Mine,Spade Melo,rap,33,1
Teardrops,Tainted Youth,latin,33,0
Running Man,Rexx Life Raj,rap,33,1
The Conversation,Chynna,rap,33,1
College Days,The Great Divide,rock,32,0
Shoot N Miss,Rob & Jack,edm,32,0
Stranger - Dualities Remix,Ruhde,latin,32,0
Kind of Blue,Hellberg,edm,32,1
Level Up (feat. Marvin Divine),Klave,edm,32,0
Our love is like,gracie,edm,32,0
Certo pra Você,MTK,r&b,32,0
Back To Life,KRISM,edm,32,0
Wer bist du?!,Haze,rap,32,0
Wonderful Woman - 2008 Remaster,The Smiths,rock,32,0
Clockwork,Varrick Frost,edm,32,0
Time to Fly,Emma Clair,edm,32,0
Venice,Julian Jeweil,edm,32,0
Dancing (Roger Thornhill Edit),Roger Thornhill,edm,32,1
Fairweather Friend,Johnny Gill,r&b,32,0
I Refuse,Matt Strike,pop,32,1
Somebody,Escape With Romeo,pop,32,0
Professor the Teacher,Gyyps,rap,32,1
Like You,Abram Mahoney,rock,32,1
Alles Wat Ik Wil,Winne,rap,32,0
Cold As Stone,Luis DH,edm,32,0
Behold!,Seven Lights,edm,32,0
Be My Oxygen,Kev.,edm,32,1
Strange,Interfront,pop,32,0
Ownlee Eue,Kwame And A New Beginning,r&b,32,1
My Bag,Lloyd Cole and the Commotions,pop,32,1
Dis-moi,BB Brunes,rock,32,0
Little Drummer Boy (feat. Solange),Destiny's Child,r&b,32,0
Keep Me Jealous,The Sam Willows,edm,32,1
Cuerpo Y Alma,Esperanza Spalding,r&b,32,1
Estrellas de Rock,BVNDIDOS,rap,32,0
Cotton Eyed Joe (feat. Carl Miner & Jamie Dick),Chessboxer,r&b,32,0
Drinking Again,Avail Hollywood,rap,32,0
Perdóname,La Factoria,latin,32,0
Tira la Tuya,Xavi The Destroyer,latin,32,0
To The Wire - SWACQ Remix,Julian Jordan,edm,32,0
Freak,Olivver the Kid,pop,32,0
Brain Extract,Metodi Hristov,edm,32,0
O - Reprise,Coldplay,rock,32,1
Give It To Me,SWV,r&b,32,0
Flashback,Tim van Werd,pop,32,0
Жизнь пацанская,StaFFord63,rap,32,1
Black Beauty,Hidden Empire,edm,32,0
I Was Born To Love You,Timeless Legend,edm,32,0
Losing My Religion - Ton Don Remix,Jones & Brock,edm,32,0
Broken/Scarred,Christopher Shayne,rock,32,0
Let It Sound,Teamworx,edm,32,0
Deadly Escape,KAAZE,edm,32,0
Give Me Your Love - Diviners Remix,James Carter,latin,32,0
Older Now - Meynberg Remix,James Carter,latin,32,0
Black Coffee,Blake Anthony,r&b,32,1
Tales of Trillium Shakespeare (feat. Ayo da Don),Focus the Truth,r&b,32,0
Sweet Shop,Tucka: King Of Swing,rap,32,1
Touch Your Spot,Tucka,rap,32,0
"Scat Cat, Here Kitty, Kitty",Billy Soul Bonds,rap,32,0
Plastic Machinery,The Charlatans,rock,32,0
Bullerengue,K.E.E.N.E.,edm,32,1
Snooze 4 Love - Dixon Remix,Todd Terje,edm,32,1
Point In Time,Lake People,edm,32,1
Holocaust,Big Star,rock,32,1
F**k Faces,Scarface,rap,32,1
Fine,TOMMY FANTOM,r&b,32,0
Буду погибать мало.дым,N1NT3ND0,rap,32,1
Ау,Gamora,rap,32,0
"Hopeless (From the New Line Cinema Film, ""Love Jones"")",Dionne Farris,r&b,32,1
No Te Vas,Rabeat,rap,32,0
Walk Me Home,Joe McLeod,rock,32,1
Crazy Train - 2002 Version,Ozzy Osbourne,rock,32,0
Let's Dance - 1999 Remaster,David Bowie,rock,32,0
Pool Party,Self Sabotage,rock,32,0
Fooling,Odd Chap,edm,32,0
Kilometer (Aeroplane 'Italo 84' Remix),Sébastien Tellier,pop,32,0
Trixx,Olivier C,edm,32,1
Carlitos Way,Asilo 38,rap,32,1
A.N.G.E.L. - Interlude,Dwele,r&b,32,1
Tired - Steerner & Tobu Remix,Alan Walker,edm,32,0
You're In The Army Now - Status Quo In Concert,Status Quo,rock,32,0
Deeper Love,Covenants,pop,32,0
Machete,EARTHGANG,r&b,32,0
Never Gonna Let You Go,Tamia,r&b,32,1
On Your Side,Matter Of Tact,edm,32,1
Department of Youth,Alice Cooper,rock,32,0
If I Ever Fall In Love,Somewhere over England,pop,32,0
With Or Without You - Kage Remix,Maddix,edm,32,0
My Love (Live),Humming House,r&b,32,0
We Want Love,Snacks,r&b,32,1
Reality,Namic,latin,32,1
Good Loving Will Make You Cry (Remastered),Carl Marshall,rap,32,0
Taxi,J. Blackfoot,rap,32,1
Constellation,Spacebones,rock,32,0
One,Ghostface Killah,rap,32,0
New Boyfriend,Anna Margaret,pop,32,0
Tears of Love,TOSH,rock,32,1
Loving Is the Way,Alex McArtor,rock,32,0
Rockstar on the Moon,Dr.ive,rap,32,1
Moving On,Quentyn,pop,32,0
Someone,Pete Kingsman,edm,32,0
Saudi Arabi Money Rich - Babos Remix,Haftbefehl,rap,32,0
Westside,FMLYBND,rock,32,0
Places,Catnip Cloud,edm,32,1
Baby Talk - Edit,Alisha,latin,32,0
Take It While It's Hot,Sweet Sensation,latin,32,0
Burning With Fire,Tapps,latin,32,0
БМВ или МЕРС,Mezza,rap,32,1
Dear Friends - Remastered 2011,Queen,rock,32,1
Misfire - Remastered 2011,Queen,rock,32,0
Georgia - 2003 Digital Remaster,Orchestral Manoeuvres In The Dark,pop,32,0
Long Away - Remastered 2011,Queen,rock,32,0
Lullaby,doVicente,edm,32,1
Spacecraft,Viciouz Beatz,edm,32,0
I'm In Love,Kem,r&b,32,1
The One For Me,Rahsaan Patterson,r&b,32,1
Bounce Mechanism,Curbi,edm,32,0
Changes,High Tropics,rock,32,0
Say Hi from Me,iamalex,edm,32,1
Ori Tali Ma (LVNDSCAPE Remix),Sander van Doorn,latin,32,0
I Gotta Clean Up,Marvin Sease,rap,32,0
365,Ben Zaidi,pop,32,1
Banshee,Kendra Morris,r&b,32,1
Timmy Turner,Doc Thor,rap,32,1
Summer ID,Manse,edm,32,0
CA$H,Olly James,edm,32,0
Empty,Garbage,rock,32,0
Southern Fried Intro,Ludacris,rap,32,0
Motorola,Anonymuz,rap,32,1
Put Yo Hood Up,Lil Jon & The East Side Boyz,rap,32,0
Undertow,Chroma Key,rock,32,0
How Did It Come to This?,Arena,rock,32,1
Bring Back That Leroy Brown - Remastered 2011,Queen,rock,32,0
Turn Around,Manuel Costa,edm,32,0
Times (feat. Robn),Moh Flow,r&b,32,0
More Than I Can Take,LOUDPVCK,edm,32,0
Long Lost Friends,Transit,pop,32,0
Come Over - Radio Edit,The Internet,r&b,32,0
Hold Tight,Josha Daniel,pop,32,1
Hypnotize (feat. LexBlaze),Jasted,edm,32,0
Tradición,Gloria Estefan,r&b,32,0
Know You,Kill The Buzz,edm,32,0
Hey Lover,LL Cool J,r&b,32,1
Numb Numb,Juvenile,rap,32,0
Hellraiser,Sweet,rock,32,0
What They Do (feat. BG),T.I.,rap,32,0
Twisted - Single Version; 2007 Remaster,Keith Sweat,r&b,32,1
Bombay (feat. Sembem & Sjaak),CHO,r&b,32,0
Lidl,MZ,r&b,32,0
Señal de Vida - Radio Edit,Ñejo,latin,32,0
Selfish,Falco,edm,32,1
Olympus - Original Mix,Maestro Harrell,edm,32,0
Think Of You,Ledisi,r&b,32,0
Back To You (Olly James Remix),Somero,edm,32,0
No Target,Brodinski,rap,32,1
Wasted Time,Byron Keno,edm,32,0
Have In Mind,Cetu Javu,rock,32,0
Squeaky,Born Dirty,edm,32,0
Frequency,IQ,rock,32,0
My Life,Billy Joel,rock,32,0
You May Be Right,Billy Joel,rock,32,0
Endless Summer,Mike Mains & The Branches,pop,32,1
Mind Your Business,La Coka Nostra,rap,32,0
This Is My Year - Matoma Remix,FF5,pop,32,0
Born Black,Chrissy Zebby Tembo,rock,32,0
Somebody's Crying - Remastered,Chris Isaak,rock,32,0
El Ratico,Juanes,latin,32,0
Don't Stop Your Love,Keith Sweat,r&b,32,1
Dancing Kizomba - Vanrip Remix,Alx Veliz,latin,32,0
Fucking Up Profits,Migos,r&b,32,0
The Night - Radio Edit,3LAU,edm,32,0
Body Language,INTERSECTION,pop,32,0
Dope Boyz,T.I.,rap,32,1
This Feeling,Wade B,r&b,32,1
Native Son,Alter Bridge,rock,32,0
Quicksand,Feenixpawl,edm,32,0
Akwaba,MZ,r&b,32,0
Overexposed,Matt and Kim,pop,32,0
Inner Circle,Waft Of Myst,edm,32,0
My City,M.C. Azad,rap,32,0
Kitn King in the North (feat. Byg Byrd),Sikander Kahlon,rap,32,0
Life's Good,Ehennuhsen,r&b,32,1
Dead Calm,Peebs The Prophet,r&b,32,0
Blue and Green,Harris Cole,rap,32,1
Mars,Alexander 23,edm,32,1
Elevator,Marcus D,r&b,32,1
Who the Fuck Is H.P. Baxxter?,H.P. Baxxter,edm,32,0
Gittin' Funky,Kid 'N Play,rap,32,1
My Universe,La Coka Nostra,rap,32,0
Win,Stefflon Don,latin,32,0
Sincera,Fred De Palma,latin,32,0
Handful Of Gold,CAZZETTE,pop,32,0
Palace - Justin Caruso Remix,Hayley Kiyoko,pop,32,0
Feel Something Again - Radio Edit,Roberto Marín Muñoz,edm,32,0
Starbreaker,Judas Priest,rock,32,0
Take Me Back (Neon Feather Remix),Urban Rescue,edm,32,0
GO 2.0,Burak Yeter,edm,32,0
Lo Mejor de Mi Vida Eres Tú (feat. Natalia Jiménez),Ricky Martin,latin,32,0
Drummachine,LOOPERS,edm,32,0
Bring It Down,Dyro,edm,32,0
Breathe,T-Mass,rap,32,0
Runnin' Down a Dream,Isobel Campbell,pop,32,1
Illuminate,TENDER,pop,32,1
When my love is safe (feat. Michael Manring),Marco Maggiore,latin,32,0
Meaning of Life,Disturbed,rock,32,0
It's A Shame,Isaiah Sharkey,r&b,32,1
Rebelde por Defecto,ToteKing,latin,32,0
Me Gusta lo Malo,Under Side 821,rap,32,0
De Queixo no Chão,Duas Doses,rap,32,0
Thinkin Bout You / Too Good,IOLITE,pop,32,0
Bottom Of The Map,Jeezy,rap,32,0
All Over Me,Ibranovski,edm,32,0
Electric Chair,Prince,r&b,32,0
Lost in Wonder,Eikon,edm,32,0
Type Recurrent,Deeparture,edm,32,0
Do You Hear Me,DINKS,latin,32,0
Ziggy Stardust - 1997 Remaster,David Bowie,rock,32,1
Eyes Closed,Teri Miko,rap,32,0
Time Machine,Grand Funk Railroad,rock,32,0
One Call Away - Acoustic,Charlie Puth,latin,32,1
Esperándola sin más,Ignasi Vidal,pop,32,1
Stronger,Rebecca Loebe,r&b,32,0
Кинотеатр «Дружба»,Брутто,rap,32,0
Summertime (feat. August Alsina),Jody Breeze,rap,32,0
Duffle Bag Boy,Playaz Circle,rap,32,0
Lacee's Groove,Lacee,rap,32,0
Lil' Tune,Sunfish,pop,32,0
Caffeine,Funi,pop,32,0
Kings & Queens,Kovan,edm,32,0
Joy,Teresa Jae,latin,32,0
What You Wanted,The Keymakers,edm,32,0
Wassup (Listen To The Horns),Timmy Trumpet,pop,32,0
Paradise,Matthew Parker,pop,32,0
Cinematic (feat. Denny White) - Radio Edit,Fedde Le Grand,edm,32,0
That Girl,MJG,rap,32,0
Get Up (Rattle) - Vocal Edit,Bingo Players,edm,32,0
Honors (feat. Rebecca & Fiona) - Radio Mix,John Dahlbäck,edm,32,0
Kiss From A Rose,Mustered Courage,r&b,32,1
Red Lights,Notifi,r&b,32,1
DJ Tool 8 - VIP,Good Times Ahead,rap,32,0
Enough,Rayne,pop,32,1
I Read U Like a Book,Simon Loof,pop,32,1
The Summer Is Magic (Remix Edit),Fuff,pop,32,0
Tell Me It's Over,Guy Tang,pop,32,0
Woke Up Late (feat. Hailee Steinfeld),Drax Project,r&b,32,0
Pandemonium (feat. Wale & Rick Ross),Meek Mill,rap,32,0
Mi Mejor Canción - Álbum Versión,Gusi & Beto,latin,32,0
The One You Left Behind - Edit,Yotto,edm,32,0
Close (feat. Steven Furtick),Tauren Wells,pop,32,0
贅沢な罠,LUCKY TAPES,r&b,32,0
Riverside Hotel,オメガトライブ,rock,32,0
Blame (feat. John Newman) - R3HAB Club Remix,Calvin Harris,edm,32,0
If It Ain't Ruff - Remastered 2002,N.W.A.,rap,32,0
Quality Time,Hi-Five,r&b,32,0
Strangers In The Wind,Cut Copy,pop,32,0
goldfinger - Frank Walker Remix,laye,edm,32,0
Perspective,AMAANDA,pop,32,1
Jimmy Mathis,Bubba Sparxxx,rap,32,0
Sunny Day,Big Tymers,rap,32,0
Touched - Original Club Mix,EDX,edm,32,0
Y Si Te Digo - Version Merengue,Fanny Lu,latin,32,0
Señorita,Young Ellens,latin,32,0
Dancing,Wolvero,edm,32,0
Hyde,Astrid S,pop,32,1
Is It So Wrong,Rachel Mazer,r&b,32,1
Ya No Soy Igual,Musiko,latin,32,0
Drunk All the Time (feat. Simon Lord),Dillon Francis,pop,32,0
Knast Oder Tod (remix feat. Dardan),Nate57,rap,32,1
"Promises, Promises",Christopher Williams,r&b,32,1
Funky Vodka,TJR,edm,32,0
She Likes It,Mike L,edm,32,0
Every Little Thing U Do,Christopher Williams,r&b,32,0
Ven A Cumbiar,El Simbolo,latin,32,0
Burning Star,D-A-D,rock,32,0
Breakup Song,De Hofnar,latin,32,1
Soy Un Jugador,Akwid,latin,32,0
Born to Be Alive,Toni Lo,pop,32,0
So Cold - Milkwish Remix,Mahalo,edm,32,0
The Sermon,Tchami,edm,32,0
Amazing!,Sakurako Ohara,pop,32,0
Just Coolin' (feat. Heavy D.),Levert,r&b,32,1
Crank It - Radio Edit,Breaking Beattz,edm,32,1
EF2MOZ,Ben Remember,edm,32,0
Closely,August Roads,pop,32,1
Reaching Out,Isabella Hixson,pop,32,1
Whispers,Ella Renn,pop,32,1
Keep It Comin',Keith Sweat,r&b,32,0
Try My Love,Shinehead,r&b,32,1
What the F**k - Funkagenda Remix,Fatboy Slim,edm,32,0
Any Other Way,Wayward Sons,rock,32,0
Runnerpark - Jeremy Olander Remix,Dosem,edm,32,1
Every Little Step - Remix,Bobby Brown,r&b,32,0
6 Minutes (feat. Lil' Wayne & Fabolous),Cassidy,rap,32,0
SHADOW CITY,Akira Terao,r&b,32,1
I Will Never Let You Down - R3hab Remix,Rita Ora,edm,32,0
Battle Inside,My Own Words,rock,32,0
La Vida Es Una (feat. Pitbull),Lil Jon,latin,32,0
Show Love,Everything Is Recorded,r&b,32,1
Pasatiempo,Dragon & Caballero,latin,32,0
So Good,Morello Twins,edm,32,0
Automatic - Kasbo Remix,ZHU,latin,32,0
In Love With A Broken Heart,Hedley,pop,32,0
I Want U,Loosid,edm,32,0
Superstars (feat. The Loose Cannons),Hook N Sling,edm,32,0
BullDog,Raven & Kreyn,edm,32,0
Te quiero más,Enghel,latin,32,0
Easy,Great Good Fine Ok,pop,32,0
Mighty God,Deitrick Haddon,r&b,32,0
Vendetta,Woof Logik,edm,32,0
Brandvarm (Theis EZ Remix),Fremmed,edm,32,0
Síguelo,Wisin & Yandel,latin,32,0
Chech to Check,Omar Cunningham,rap,32,0
Una Mentira Más - Versión Salsa,Yuri,latin,32,1
The Beauty Shop,Omar Cunningham,rap,32,1
Bourbon Blues (feat. Jason Hust),Franklin Embry,rap,32,0
Rider,Future,rap,32,0
Your Call Is Important to Us,Oscar Louis,pop,32,1
Frosty The Snowman,Ella Fitzgerald,r&b,32,1
Caught Up in Doing Wrong,T.K. Soul,rap,32,1
Slow Rock,Tucka,rap,32,0
Feelings - KAJ Remix,Deep Chills,latin,32,1
Pretty Genius,Charlee Remitz,pop,32,1
Bring You Home,The Partysquad,pop,32,0
Lake House,Demun Jones,rap,32,0
Raise,VITIZE,edm,31,0
Firefly,Olmos,pop,31,0
Mammoth - Original,"Dimitri Vegas, Moguai & Like Mike",edm,31,0
Let's Face the Music and Dance - Electro Swing Mix,Right Said Fred,edm,31,0
Boomin,Moosh & Twist,rap,31,0
Time for Mai Tai,Digital Chorus,edm,31,0
Shake Like It's Coming On,The Swing Bot,edm,31,0
Black & Blue,VIVID,pop,31,0
Clicced,Spade Melo,rap,31,0
Uno Del Pato,Bimoud,rap,31,1
Flame - Kaskade Remix,Tinashe,edm,31,0
My Foolish Heart,Abby K,rock,31,1
Bad Boy Flow,twoloud,edm,31,0
Too Much to Handle,Great Good Fine Ok,pop,31,0
New - Mokita & GOLDHOUSE Remix,Daya,edm,31,0
No Money - Dillon Francis Remix,Galantis,edm,31,0
Love For Latinas - Radio Edit,Kramder,edm,31,0
Come Over,Noah Neiman,pop,31,0
Every Rose Has Its Thorn - Acoustic,Jim Seas,rock,31,1
Elevare,Krunk!,edm,31,0
Tal y Como Estás,Mario Guerrero,latin,31,0
Thank You Lord (For Being There For Me),Fred Hammond,r&b,31,0
Louco e Divertido,Leo Fressato,latin,31,1
Mi Producto,GabrielRodriguezEMC,latin,31,0
Papa Was A Rolling Stone,Was (Not Was),r&b,31,0
The Right Kind of Love,Jeremy Jordan,r&b,31,0
Say My Name - Remix Edit,ODESZA,latin,31,0
Move Your Body,Martin Mix,edm,31,0
Dance All Night,Sunstars,edm,31,0
Earthquake,Damien N-Drix,edm,31,0
Por un Beso,Gloria Estefan,latin,31,1
Memory,BrokenRail,rock,31,0
Isn't This The World,Janelle Monáe,pop,31,1
Weather,Ralph,pop,31,0
Píntame De Colores,Gloria Estefan,latin,31,0
Lift Me Up (feat. Nick Hakim),Gizmo,r&b,31,1
Hoodlum,Traumer,edm,31,1
Identical (feat. Yeah Boy),Next Habit,edm,31,1
Activate,Sandro Silva,edm,31,0
These Old Boots,Phil Campbell,rock,31,0
Somebody,Closed Doors,pop,31,1
Still,Yazmin Lacey,r&b,31,0
Doors Closing,Moonchild,r&b,31,1
Honestly,Francis Davila,r&b,31,0
Lay It All on Me - Robin Schulz Extended Remix,Rudimental,edm,31,0
You,Zero Theorem,rock,31,0
Circus - Diplo Circus Remix,Britney Spears,edm,31,0
Sexy Music [Bonus Track] (Remastered 2013),Wink,r&b,31,0
Fee Fi Fo - Remix,Santa RM,rap,31,1
Just One Look,Branches,r&b,31,1
Colourblind - Original Mix,Thomas Gold,edm,31,0
Step Aside,Raven & Kreyn,edm,31,0
HEY!,Antoine Delvig,edm,31,0
Sólo Contigo,Akwid,latin,31,0
Don't Stop (feat. Moe Mitchell),Moguai,edm,31,0
White Bird,Sam Bush,r&b,31,1
Catfish,PAX,edm,31,0
I Get Even,Lil Menace,latin,31,1
Shotgun (Panski Remix),Sander W.,latin,31,0
Slip Knots,Waxwane,pop,31,0
Savage,Christian Wedvik,edm,31,0
Hero,As I May,rock,31,0
In Your Dreams - Main Version - Explicit,OutKast,pop,31,0
Perfecto Amor (Emasound Remix),Lead,latin,31,0
Breaking The Law,Motörhead,rock,31,0
Khokana,Animal Picnic,edm,31,1
Laz,Aso,r&b,31,1
Heaven Is,Def Leppard,rock,31,0
Yo Sé,DJ PV,latin,31,0
Blood Dirt Love Stop,The Heavy,r&b,31,0
Always,Panama,pop,31,0
Watch Your Life,Itadi,rock,31,1
Many Times,Mike Gudmann,edm,31,0
Higher State,Shaun Frank,edm,31,0
Stone Cold Gentleman (Rizz's Interlude),Ralph Tresvant,r&b,31,1
If I'm Not Your Lover,Al B. Sure!,r&b,31,1
What it Takes,Aaryn Doyle,pop,31,0
Above It All,Ramhero,r&b,31,0
Beat It,Honeywagon,r&b,31,1
A Song For Mama,Boyz II Men,r&b,31,1
EYES SHUT,Declain,edm,31,0
Freeze Time vs Dare You [Mix Cut] - Hardwell Mashup,Manse,edm,31,0
World Boss - Twerk Remix,Twerkteam,rap,31,0
Hear Me,Wolf Jaw,rock,31,0
Ripples,Paraleven,edm,31,0
Wanting More,Kat Holland,pop,31,1
Neighbour,Verses,pop,31,0
Project T - Martin Garrix Edit,Dimitri Vegas & Like Mike,edm,31,0
Scared To Be Lonely - LOOPERS Remix,Martin Garrix,edm,31,0
Pacul,Afro Bros,latin,31,1
ballin,Knowsum,rap,31,1
Quicky,Fractite,rap,31,1
Falling Apart,Take The Day,rock,31,0
Bargain,Rob,rock,31,1
Complacerte,Joyce Santana,latin,31,0
The Search Is Over,Survivor,rock,31,1
Des Construção,Renato Enoch,latin,31,1
Ovelha Negra,Renato Enoch,latin,31,1
Flossin' Season,Juvenile,rap,31,0
sickly sweet,iiola,pop,31,1
Victory (Remix),Highlands Worship,pop,31,0
Circles,Rachael Nemiroff,pop,31,1
Giving You The Benefit,Pebbles,r&b,31,0
One Love,Rocco,edm,31,0
God Talk,Tyga,rap,31,0
GTFO,SASCHA,r&b,31,0
Lost Dreams,Morgan Page,edm,31,0
Treat Them Like They Want To Be Treated - Regular Version,Father MC,r&b,31,0
Access,Jungle Animals,pop,31,1
This Song,Mike La Funk,edm,31,0
I Can't,Beeskov,edm,31,0
Sweet Dreams (9Lives Remix),Besomorph,edm,31,0
Baila Morena - Original Reggaeton Mix,Hector & Tito,latin,31,0
Your Best American Girl,Mitski,pop,31,1
Y crois-tu,Fishbach,pop,31,0
Why,Lkhn,latin,31,0
Voices,Cheap Trick,rock,31,0
Take on the World,Jordan Matthew,edm,31,0
Horizon,Tektrik,edm,31,1
Groove Thang,Zhané,r&b,31,0
We Are the Youth,Then Came Monsters,rock,31,0
Alma,Javiera Mena,pop,31,0
Vivir,Gepe,pop,31,0
In the End I'm Back to Me,Steady Rollin,rock,31,0
Cherry (feat. Night Tempo & Punipunidenki),Macross 82-99,r&b,31,0
Cosita Dulce,Cecy Leos,latin,31,1
Ignite (feat. SEUNGRI) - Different Heaven Remix,K-391,edm,31,0
Blaze It Up,LOOPERS,edm,31,0
Everything Goes Black,LOOPERS,edm,31,0
Office Politics,The Divine Comedy,pop,31,0
Pure Water (with Migos),Mustard,rap,31,0
Alone,Kløn,rap,31,0
South Side,"50 Cent, DJ Whoo Kid",rap,31,0
Retaliate,VNV Nation,pop,31,0
ZONE OF GOLD,Ryuji Imaichi,pop,31,0
Boss,Jass Manak,rap,31,0
Karma.,Tunebased,edm,31,0
Come Alive,Torio,edm,31,0
Army of Two,Olly Murs,edm,31,0
Invierno,Faruz Feet,rap,31,0
Estonia,Marillion,rock,31,1
Cat Fight (Over A Dog Like Me),Stray Cats,rock,31,0
Sneak Diss (feat. So6ix),Ghostemane,rap,31,0
Summer's Never Over,Funky XV,edm,31,0
Quik's Groove,DJ Quik,rap,31,1
Laid Back,Academics,r&b,31,1
Black Birds,ArtOfficial,r&b,31,0
She's Finding Me Out,The Friday Night Boys,pop,31,0
Call It Love,Summers Sons,r&b,31,1
You Better Know,WITCH,rock,31,1
Dark. Black. Heart.,Austin P. McKenzie,pop,31,1
Black & Ugly,Rapsody,rap,31,0
"The Basement (feat. Heavy D, Rob-O, Grap & Dida)",Pete Rock & C.L. Smooth,rap,31,0
Fever,RAC,pop,31,0
Muriendo - Remix,Salah,latin,31,0
God's Great Dance Floor - Remix,Reyer,edm,31,0
Rebound,Seth Hills,edm,31,0
Moscow - ZAXX Remix,W&W,edm,31,0
You Really Got Me - 2004 Remaster,Van Halen,rock,31,0
Like This,Ledisi,r&b,31,0
I Want a Break Thru,The Hykkers,rock,31,0
Los Angeles,The Audition,pop,31,0
Rabb Rakha,BIR,rap,31,1
Rockin' with the Best,KRU172,rap,31,0
Out of Control,Haji Springer,rap,31,0
Mili Raahat,Raga,rap,31,1
Fake Yeezys,KKG,rap,31,0
From the Back,LJ Echols,rap,31,0
One In A Million,Pete Rock,rap,31,0
Westside (feat. Chris Brown),Jay Rock,rap,31,0
Khaleesi,3 Are Legend,edm,31,0
Crazy For Your Love,Radiology,pop,31,0
Stereo,LOZAREENA,pop,31,0
Slammin' (Axwell Remix),Eric Prydz,edm,31,0
"Hit the Floor ""Power"" (feat. Dollar Man)",Big Ali,edm,31,0
Stop Hatin,Master P,rap,31,0
Chant To Mother Earth,BLO,rock,31,1
Family Reunion,Jill Scott,r&b,31,1
Harvest Moon - TV Version,Erwin de Ruiter,latin,31,0
You've Made Us Conscious,The Audition,pop,31,0
"Naive - Acoustic / Live At Abbey Road, 2005",The Kooks,latin,31,1
I Don't Care,Zita,latin,31,0
La Guitarra,ANG,edm,31,0
Hi Babe,Ngozi Family,rock,31,1
Time and a Word - 2003 Remaster,Yes,rock,31,1
Blackened,Blind Ego,rock,31,0
Giving Up (feat. Jaden Michaels) - Krischvn Remix,QUIX,edm,31,0
Lost Count,Walden Ash,rap,31,0
Mr. Scarface,Scarface,rap,31,1
No Limit,Breakwater,rock,31,1
Bury Myself Alive,Downplay,rock,31,0
Best Friend,Ledisi,r&b,31,0
Cobra - Radio Edit,Tony Junior,edm,31,0
Arsonist,Firebeatz,edm,31,0
Paper Skin,Moonfall,pop,31,0
You're Not Sorry,Pickin' On Series,r&b,31,1
The Last Generation,Coyu,edm,31,0
Give Me Your Love,Sigala,latin,31,0
Super Friends (feat. Jack Wilby),Blasterjaxx,edm,31,0
All My Friends - Radio Edit,Tommy Trash,edm,31,0
Bleed - Original Mix,Timmy Trumpet,edm,31,0
Streams,Austin & Lindsey Adamec,pop,31,1
Fly Away,Goodie Mob,rap,31,0
Pesticide (feat. Cat Soup),BONES,rap,31,0
Fuck It Up,Jay Portal,rap,31,0
Pass Out,Ludacris,rap,31,0
Move It,Alenn,edm,31,0
Jump Out,Axel Boy,edm,31,0
A Hard Day's Night,Bill Evans,r&b,31,0
until,Musiq Soulchild,r&b,31,0
The Way I Loved You (RAC Mix),REYNA,pop,31,0
Never Gonna Get Away,Refs,pop,31,0
Vicious,Ibranovski,edm,31,0
Run Jozi (Godly) (feat. K.O),AKA,r&b,31,0
Джаман,Xassa,rap,31,1
Cold Water - Boombox Cartel Remix,Major Lazer,rap,31,0
All Four Walls - Graves Remix,Gorgon City,rap,31,0
Cousins,TXYLOR,r&b,31,0
Sold on You,VAN DUO,latin,31,0
Anytime Soon,Chris Beer,rock,31,1
Que No Pare el Reggaeton,Ricky Bernard,latin,31,0
Love Drug,Raheem DeVaughn,r&b,31,0
Marathon,Raheem DeVaughn,r&b,31,1
Samadhi,Stan Kolev,edm,31,0
Love Letter,Giggles,latin,31,0
Can't Lose You,Lonely in the Rain,edm,31,1
30'000 Days,Yello,pop,31,1
Drivin',Mr. Probz,r&b,31,1
Вокруг шум,Kasta,rap,31,0
River,Sal & Smit,edm,31,0
The World Was Made for You,Galardo,edm,31,1
Coquillages & crustacés,Notre Dame,edm,31,1
Eos,Mazoulew,edm,31,1
Drowse - Remastered 2011,Queen,rock,31,1
Don't Be Afraid,Aaron Hall,r&b,31,0
Yourself,IIWII,pop,31,0
Delirious (Boneless) (feat. Kid Ink) - Chris Lorenzo Remix,Steve Aoki,edm,31,0
Wonder - Extended,Linier,pop,31,0
I Need Nothing,Sammy Boyle,edm,31,0
Groundhog,Scott Krokoff,rock,31,1
Centuries,Pickin' On Series,r&b,31,1
Karma Police,Mother Falcon,r&b,31,1
You - Brillz Remix,Galantis,rap,31,0
DXAVADIN,NONSENSE,rap,31,0
"Honey, I'm Good - Club Mix",Andy Grammer,edm,31,0
How I Know,The RH Factor,r&b,31,1
Juicy,The RH Factor,r&b,31,1
Klk Cupido,Mickey Then,rap,31,1
Almost Love,Ashlie Amber,rock,31,0
My Pickup Song,John Belthoff,rock,31,0
Foot Soldier,Rich Homie Quan,rap,31,0
Dancing Cheek to Cheek - Remix by Sefi Carmel Feat. Gani Tamir,Fred A. Staire,edm,31,0
Cycles,Shafiq Husayn,r&b,31,0
True Colors/It's On,The Game,rap,31,0
Como Vos,LoNaranjaDeLaLuz,rock,31,0
Young Niggas,The Game,rap,31,0
Future,DJ Khaled,rap,31,0
Hands off Instrumental,Casual T,edm,31,0
Changes,Imagination,edm,31,1
Cry,Jay Sean,latin,31,0
Murder Rap,Above The Law,rap,31,0
Realtalk Infinity,Jigzaw,rap,31,0
Still My Love,Wilson Meadows,rap,31,1
Slabs,Blake Anthony,r&b,31,0
Luna,Belanova,pop,31,0
Butterfly,Weezer,rock,31,1
Four Portraits,Vansire,rock,31,1
One Of These Nights - Timothy Allen Remix,Peter Luts,edm,31,0
Contagious,Sean Tizzle,latin,31,0
No Diggity,Alice Jemima,r&b,31,1
Granular,Spieltape,edm,31,0
Los Angeles - Original Mix,Danny Darko,edm,31,1
Heat,David Bowie,rock,31,1
Ride,LOYZ,latin,31,0
HI LO,Thomas Gold,edm,31,0
For Me,WAPLAN,pop,31,0
Wild Life,Jinco,edm,31,0
Fallin' in Love,Faith Evans,r&b,31,0
Bill,Peggy Scott-Adams,rap,31,1
Nobody,Beverly,pop,31,0
Work For You,Robin Novaku,latin,31,0
Smartz,Scarface,rap,31,1
I Only Want to Be with You,Bay City Rollers,rock,31,0
Tattoos,Caravan Palace,edm,31,0
Janice,Skip Mahoney,edm,31,0
Still a Survivor,Akon,latin,31,1
Bailando - Jose Spinnin Cortes Remix,Chela,pop,31,0
Bring It On,Geto Boys,rap,31,0
Capricorn,Elderbrook,pop,31,0
Lettin Go! (Album Version),Janelle Monáe,pop,31,0
No Llores,Gloria Estefan,latin,31,0
Take the Highway,The Marshall Tucker Band,rock,31,0
No Place (feat. Dennis Skytt),RudeLies,edm,31,0
All Systems Down,Andrew Rayel,edm,31,0
Skin - Keyser Remix,Boy Untitled,pop,31,0
Runde um Pudding,AchtVier,rap,31,0
Sueltala Remix,Kalimete,latin,31,0
Sunday Morning,Jelly Roll,rap,31,0
Alala,Populous,pop,31,0
Perfect Mess,Steve Void,edm,31,0
What We're Looking For,XYLØ,edm,31,0
Guardia Civil,Reda Rwena,rap,31,0
What Do You Want,Hartman,latin,30,0
Lose Your Soul,Jelly Roll,rap,30,0
What Happened?,Gilligan Moss,pop,30,0
Look At Me,Suvenir,latin,30,0
Luv Motion,Juicy Cola,r&b,30,0
When You Leave - Breathe Carolina Remix,Nikki Vianna,pop,30,0
Impala,LaMorris Williams,rap,30,0
The Repair Man,Tucka,rap,30,1
Gam Gam,Luca Testa,edm,30,0
Strange Direction,Brothers Page,rock,30,0
Yo Le Doy,Dukus,latin,30,0
Talking Spanish,Dukus,latin,30,0
Beautiful Life,Lost Frequencies,pop,30,0
Up All Night,Joey Busse,latin,30,1
Alive,Wasback,edm,30,0
Journey Feat. Emma Carn - Radio Mix,BUNT.,pop,30,1
Cryin',Aerosmith,rock,30,0
The Dance,Night Cap,pop,30,0
He's Guilty (The Judge Song),Steel Mill,rock,30,0
Changa Namwele,Machine Gunners,rock,30,1
Fast,Salty Dog,rock,30,0
Break The House Down - Hardwell Edit,Kill The Buzz,edm,30,0
Bad Love (Esh Remix),Vice,edm,30,0
Die of Thirst,Gorilla Pulp,rap,30,0
Do This My Way,Kid 'N Play,r&b,30,1
Waterfalls,LVNDSCAPE,latin,30,0
Glen Coco,Chynna,rap,30,1
Baby Be Mine,Blackstreet,r&b,30,0
I'll Be Good To You,Bobby Brown,r&b,30,1
Lemme Put This Cup Down,Brasstracks,r&b,30,0
Get Your Way,Brasstracks,r&b,30,0
Lights Go Down (Radio Mix) [feat. Curtains],The Jane Doze,edm,30,0
Swing Out Song,Mel Waiters,rap,30,0
Tsunami - Blasterjaxx Edit,DVBBS,edm,30,0
Won't Trade,Q-Tip,rap,30,1
The Alphabeat - Radio Edit,David Guetta,edm,30,0
Do You Miss Me Much - Wookie Remix,Craig David,pop,30,0
Lock My Door,Jeff Floyd,rap,30,0
Vacation,Derin Falana,r&b,30,0
Chasing Me,Long Hollow Wave,pop,30,0
SRS,Migos,r&b,30,1
光線,Ghost like girlfriend,pop,30,0
Seventeen - Thomas Gold Festival Mix,Thomas Gold,edm,30,0
I'd Rather Fuck You,N.W.A.,rap,30,0
Hold On,Verses,pop,30,0
Someday,Mariah Carey,r&b,30,0
Ain't No Grave,Bryan Boliver,pop,30,0
Rich N**ga Timeline,Migos,rap,30,0
Danger Zone,JETFIRE,edm,30,0
Chante's Got A Man,Chanté Moore,r&b,30,0
Placebo,JETFIRE,edm,30,0
Black Betty,Ministry & Co-Conspirators,rap,30,0
Get up on It (feat. Kut Klose),Keith Sweat,r&b,30,0
Time,Brieuc,pop,30,0
Free Falling,Monica Lopez,rock,30,1
I Wanna Be with You Everywhere,Soul&Roll,rock,30,1
I Got That Fire,Juvenile,rap,30,0
"Contract (feat. 8 Ball, MJG)",8Ball,rap,30,0
In Da Club,Lil Jon & The East Side Boyz,rap,30,0
War Wounds,Master P,rap,30,0
Пидарасия,Yarmak,rap,30,0
Symphonica - Radio Edit,Nicky Romero,edm,30,0
Booti Call,Blackstreet,r&b,30,0
New Religion,Jazz Cartier,r&b,30,0
Anywhere For You - Tiësto VS. Dzeko & Torres Remix,John Martin,edm,30,0
Lean on Me (Re-Recorded),Club Nouveau,r&b,30,1
Toi sur moi,MZ,r&b,30,0
I Belong to You,Toni Braxton,r&b,30,0
Jerk Out #3,The Time,r&b,30,0
Baby I'm Yours,Shai,r&b,30,1
Tell Me,Rich Edwards,pop,30,0
Down with the Clique,Aaliyah,r&b,30,0
Spiritual Thang,Eric Benét,r&b,30,0
Southside,Scarface,rap,30,1
Mary Jane,Scarface,rap,30,1
State Of The World,Janet Jackson,r&b,30,0
@ ME,Antwillz,rap,30,0
For Altid,Teitur,r&b,30,1
Como No (feat. Becky G),Akon,latin,30,0
Time Taker,Geto Boys,rap,30,1
Do What You Want,Scarface,rap,30,1
Some Kind Of Lover,Jody Watley,r&b,30,1
More Than This Ft Dan Chandler of Evans Blue,HeavensDust,rock,30,0
Get To The Bag,JY MNTL,r&b,30,1
Despite,Dyne Side,rock,30,0
Ramona,Fever Feel,rock,30,1
How Crazy Is That,Derrick Ryan,r&b,30,1
A Few Reasons (truth Part 2),Dwele,r&b,30,0
Bubblegum,Longfield & Super Skeleton,rock,30,0
Exit Human,Dyne Side,rock,30,0
'Til the Cows Come Home,Lockeland,rock,30,0
REALIZE,LEVEREVE,rock,30,0
Turn Up,Kuami Eugene,latin,30,0
Peer Pressure (feat. Julia Michaels),James Bay,r&b,30,0
Lay It Down,8Ball & MJG,rap,30,0
Be Your Own Hero - John Gazoo White Shoe Remix,Robert Owens,edm,30,1
SO AM I,WHYLO,pop,30,0
WILD,Shuta Sueyoshi,pop,30,0
Read My Lips - NOTD Remix,King Deco,edm,30,0
Bring Me Back,Sultan + Shepard,edm,30,0
Goodbye - Original Mix,Dj Geducht,edm,30,0
Lucy in the Sky With Diamonds,Bill Evans,r&b,30,1
По белому,Chester Nebro,rap,30,1
Without You (feat. Delaney Kai),Eminence,edm,30,1
Save a Little Love,Don Diablo,edm,30,0
Damaged - Radio Edit,Adrian Lux,edm,30,0
Troll Under the Bridge,gizmo,rap,30,0
Who U Wit,Lil Jon & The East Side Boyz,rap,30,0
TV Dinner,Scooped Up!,rock,30,0
JOYRIDE (#SorryNotSorry pt.2),BananaLemon,pop,30,0
ONE THING feat. SALU (BABY-T Remix),I Don't Like Mondays.,pop,30,0
You're The One That I Like,Raphael Saadiq,r&b,30,1
get away,una schram,r&b,30,1
Work,Roger Hanson,r&b,30,1
Steady as She Goes,Pickin' On Series,r&b,30,1
Happy,The Beef Seeds,r&b,30,0
The Way You Make Me Feel,Honeywagon,r&b,30,1
Desire Into Gold,New Medicine,rock,30,0
Jupiter - Radio Edit,East & Young,edm,30,0
Memories,The Small Circle,r&b,30,1
Beating Heart,Steal The City,rock,30,0
No Way,Tanaë,r&b,30,0
Royal Dutch,Deeparture,edm,30,0
Negai,Zoology,r&b,30,1
Sister,Jameson,edm,30,0
Who Want It,David Banner,rap,30,0
Good Love (feat. Jay Prince),Brasstracks,r&b,30,0
Costumbre,Marshall Milano,latin,30,1
You Said,Olmos,pop,30,0
Glue,Lee Bowie,pop,30,0
Jackie Chan - Lookas Remix,Tiësto,rap,30,0
Unique - Louis Futon Remix,GoldLink,r&b,30,0
Spectrum - GEOTHEORY Remix,GoldLink,r&b,30,0
Whole Lotta Lovin' - LeMarquis Remix,Mustard,r&b,30,0
Jogador Caro,Ruanzinho,rap,30,1
Down,Noah Levi,r&b,30,1
Maqlooba,VFM Style,rap,30,0
Body Body,Appyday,edm,30,0
Pulsating frequencies,be insane,edm,30,1
Brighter (feat. Jeff Sontag & I Am Lightyear) [Radio Edit],Two Friends,edm,30,0
Straight Jacket,Theory of a Deadman,rock,30,0
We Will Not Go Quietly,Sixx:A.M.,rock,30,0
Shine,John Legend,r&b,30,1
Bulletproof,Raheem DeVaughn,r&b,30,0
Lifetime,Løyd,latin,30,0
Certainly,Erykah Badu,r&b,30,1
Breakout,Margaret Durante,pop,30,0
"Rush (feat. OLNL, Khundi Panda)",Lym en,edm,30,0
Joshua at Metro,015B,edm,30,1
쉼표,Kozypop,edm,30,1
In a City,Modern Love Child,rock,30,0
You Owe Me - Subfer Remix,The Chainsmokers,edm,30,0
Feel Something (feat. Remmi) (feat. Remmi) - Mokita Remix,Black Coast,edm,30,1
Merry Christmas Baby,India.Arie,r&b,30,1
Have Yourself a Merry Little Christmas,The Whispers,r&b,30,1
Crashing Down,Chris Porter,edm,30,0
Usagi Funk,Night Tempo,r&b,30,0
My Heart,Coopex,edm,30,0
Aogashima Island!,Macross 82-99,r&b,30,1
Love Me Like You Do,Night Tempo,r&b,30,0
Суета,Брутто,rap,30,0
Везёт не всем,Scroodgee,rap,30,0
"Оттуда, где я",Scroodgee,rap,30,0
The Warlock,Johnny Stranger,rock,30,0
So Far Down,American Sin,rock,30,0
Army of One,Message from Sylvia,rock,30,0
Hands Up!,blackwave.,r&b,30,1
My Whole Life,Rob C,rap,30,0
Swag on 100 (feat. Sady Immortal),Sikander Kahlon,rap,30,0
Squad Mera,Splash,rap,30,0
Smile - EP Version,Janelle Monáe,pop,30,1
Viral,Soly,latin,30,0
Celebration,Junko Ohashi,rock,30,0
恋に溺れて -Crazy About You-,Junko Ohashi,rock,30,0
Touch,Great Good Fine Ok,pop,30,0
Icarus,Kojey Radical,r&b,30,1
Stay The Night - Tiesto's Club Life Remix,Zedd,edm,30,0
The Tethered,Stone Dog Zen,rock,30,0
春はトワに目覚める - Ver.2,Mondo Grosso,r&b,30,0
ひと夏のタペストリー,Tomoko Aran,r&b,30,1
LIKE I WOULD - The White Panda Remix,ZAYN,edm,30,0
Cold Water (feat. Justin Bieber & MØ) - Lost Frequencies Remix,Major Lazer,edm,30,1
マシュ・ケ・ナダ,Pink Martini,r&b,30,1
Better Days,Night Tempo,r&b,30,0
Black Shaolin,Prince Kane,latin,30,0
Lil' Death,Carbon Kevlar,edm,30,0
Gravity,Depdramez,edm,30,0
Obsession,Animotion,rock,30,1
Two Miles An Hour,Ludacris,rap,30,0
Make Love Like A Man,Def Leppard,rock,30,0
Hum Along And Dance (Gotta Get Down),Janelle Monáe,pop,30,0
My Shit Bang,Awnix & Toobaï,edm,30,0
2020 - Radio Edit,Chris Burke,edm,30,0
Gimme Love,Electric Mary,rock,30,0
Heroes,Janelle Monáe,pop,30,0
Arte (feat. Pablo Quintero),Carlos Herrera Music,latin,30,0
Mr. President - EP Version,Janelle Monáe,pop,30,1
Writing On The Wall,Anthony Hamilton,r&b,30,1
Trade It All,PJ Morton,r&b,30,1
Cybertronic Purgatory - EP Version,Janelle Monáe,pop,30,1
Retrograde,HUDSUN,rock,30,1
Te Olvidé,NAIZA,latin,30,0
Sudden Changes,Niva,edm,30,1
Blackhawk,Husman,edm,30,0
Caffeine,Maarten de Jong,edm,30,0
Ridin,Hot Boys,rap,30,0
Steady Blazin’,Noizu,edm,30,0
Bon Appétit (feat. YA-LE) - Noizu Remix,Shaun Frank,edm,30,0
The Second Brightest Star,Big Big Train,rock,30,1
but,Keys of Philadelphia,edm,30,0
Need A Beat,YounG (KO),edm,30,0
The First Rebreather,Big Big Train,rock,30,1
In the Lap of the Gods - Instrumental,The Alan Parsons Project,rock,30,1
Strong,Dropout,pop,30,0
ISSO LIT,CHRYS THOMPSON,latin,30,0
Karma,Roberto Marín Muñoz,edm,30,0
Styx - Original Mix,Harry Doe,edm,30,0
A Donde,Sentidos Opuestos,pop,30,0
Genesis - Miami Mix,Austin Pettit,edm,30,0
Alive,Flamma,rap,30,0
40th Street Black / We Will Fight,Wu-Tang Clan,rap,30,0
The Soundtrack,The Game,rap,30,0
Hand Hold Hero,Laura Marling,pop,30,1
Please Don't Go (Freestyle Dance Usa Mix),Nayobe,latin,30,1
Fascination (Re-Recorded / Remastered),Company B,latin,30,0
Rising Sun,George Harrison,rock,30,1
Don't Break My Heart,Safire,latin,30,0
For Tonight,Nancy Martinez,latin,30,1
(You're My One And Only) True Love,Seduction,latin,30,1
Exposed To Love,Exposé,latin,30,0
Pont des arts,Triomphe,edm,30,1
Loose Lips Sink Ships,The Band Royale,rock,30,0
V. Thirteen,Big Audio Dynamite,pop,30,1
To Cut a Long Story Short - 2010 Remaster,Spandau Ballet,rock,30,0
Bringing Home the Ashes,The Wild Swans,rock,30,0
Je m'en vais,Cali,rock,30,0
Lost (Lenno Remix),Scavenger Hunt,pop,30,0
Enjoy the Moment,Swingrowers,edm,30,0
You Make Me Happy,11 Acorn Lane,edm,30,0
Enséñame,Morbo,pop,30,0
Hummin' To Myself,Pisk,edm,30,0
Zu Den Sternen - Original Mix,The Second I,edm,30,0
Lie Machine,En-Ten,edm,30,0
So F**kin' Romantic - Tim Gunter Remix,Matthew Koma,pop,30,0
Anticipation,Carly Simon,rock,30,1
Desperation,Zerotonine,edm,30,0
Too Many,The Janitor,edm,30,1
Bulletproof - House Mix,Levyticus,edm,30,0
Rhythm,TV Noise,edm,30,0
Yo Tengo un Maldito Flow,"Drako ""El Principe""",latin,30,0
House On Fire,Ryan Cabrera,pop,30,0
Anythang,Devin The Dude,rap,30,0
Sassy,Rapsody,rap,30,0
Guay!,Paula Romina,latin,30,0
You Are Not Alone,WildVibes,edm,30,0
Renagade,Bulletboys,rock,30,0
Zero,Maddix,edm,30,0
Should I Stay Or Should I Go,Red Band,rock,30,0
Exposed - APEK's VIP Mix,APEK,edm,30,0
Name & Number,Shift K3Y,pop,30,0
Leave in Silence - 2006 Remaster,Depeche Mode,pop,30,1
White Man - Remastered 2011,Queen,rock,30,0
She Makes Me (Stormtrooper In Stilettos) - Remastered 2011,Queen,rock,30,1
Soy 18 With a Bullet,Spanish Fly,latin,30,0
Shake 'Em,Vikström,edm,30,0
Different Kind of Love,Kid Runner,pop,30,0
Aquí Quién Manda Soy Yo!,D.L.G.,latin,30,0
If You Only Knew - Feat. Celicia Ward,Fat Pat,rap,30,0
The Sickside,Sick Jacken,latin,30,0
Take On The World,SaberZ,edm,30,0
Mystica - Original Mix,Blasterjaxx,edm,30,0
Mi Consentida,Akwid,latin,30,1
Safe Place to Land,Christian Burghardt,pop,30,0
Breaking Free,Built By Titan,pop,30,0
Like This,Sebastian Park,edm,30,0
Alive,Armando,edm,30,0
Close,Cuva,pop,30,1
I'm Not Alright - Frank Walker Remix,Loud Luxury,edm,30,0
Soubour,Songhoy Blues,rock,30,0
Surrounded By Hoes,50 Cent,rap,30,1
Mentira,Joniel El Lethal,latin,30,0
Summertime Love - Kingdom 93 Remix,Captain Cuts,edm,30,0
Stop Loving Her Today,Rod Stewart,rock,30,0
I Don't Know,Born Free,rock,30,1
Somebody That I Used To Know (feat. April Ivy),AZTX,edm,30,0
bedroom window,c7oud,pop,30,1
I Do The Rock,Tim Curry,rock,30,1
Piano,Sugar,edm,30,0
Count On You,Paperwhite,pop,30,0
Taking Over,Contiez,edm,30,0
Intro - TBB,Reda Rwena,rap,30,0
Know,Bespoke Dude,latin,30,0
Reason,NERVO,edm,30,0
My Small Town,Danny Boone,rap,30,0
Se Te Ha Olvidado,Barrio Sónico,latin,30,0
Rollercoaster,Andrew Sound,edm,30,0
Magic,Boh Doran,pop,30,0
Sanctify (feat. Ilang),Kenn Colt,pop,30,0
Mi Cura,Kevin G.,latin,30,1
Animals - Oliver Heldens Remix,Martin Garrix,edm,30,0
Salvaje,Dukus,latin,30,0
Dominate,Justin Prime,edm,30,0
Without Your Love,SaberZ,edm,30,0
Love Poison,Pete Kingsman,edm,30,0
Cyberpunk,Reggio,edm,30,0
Smaller the Club,A Nite Out,rap,30,0
Fiesta Para Bebo,Diego El Cigala,r&b,30,1
Merry Go Round,Keith Sweat,r&b,30,1
Heat Of The Moment - Remix,After 7,r&b,30,0
Night Ship,Yo-Sea,pop,30,1
Break the Distance,ELYAZ,pop,30,0
Can't Stop - Remix,After 7,r&b,30,0
Obsession,広瀬大地,pop,30,0
La La La,De La Soul,r&b,30,0
Läuft,Kurdo,rap,30,0
Lass mal dein Film,Reda Rwena,rap,30,0
Mr. Right or Mr. Wrong,Peggy Scott-Adams,rap,30,0
B.S.G.S.,sooogood!,pop,30,0
Somebody Is Gonna Lose A Good Woman,Jeff Floyd,rap,30,1
Forever Swing (feat. Doug E Fresh),Tucka: King Of Swing,rap,30,0
Рванарана,Litvinenko,rap,29,1
Everyday & Everynight - Straight Pass,Yvette Michele,r&b,29,0
Escape - Radio Edit,3LAU,edm,29,0
Drowning Tonight,Jelly Roll,rap,29,0
Like Nobody - Denis First Remix,VAVO,edm,29,0
Gone Are The Days (Radio Edit),Grand Slam,rock,29,0
Here I Go Again on My Own,Ken Clayton,rock,29,0
Beth I Hear You Calling,Smoke Trio,rock,29,1
Heaven Isn't Too Far Away,Luck Wallace,rock,29,1
No Stoppin This (feat. Sparkz & Truthos Mufasa),The Mouse Outfit,r&b,29,0
Take Over Control,Vinny Vibe,edm,29,0
Amazing,One Eskimo,r&b,29,1
Screw U,Ryan Wright,rock,29,0
Hoy,Morbo,pop,29,0
Nena,Melii,r&b,29,0
Secrets,Fenris,r&b,29,1
Merengue Que Aloca,Wilfrido Vargas,latin,29,0
Cut,TENDER,pop,29,1
All Things Must Pass - 2009 Digital Remaster,George Harrison,rock,29,0
The Rhythm,Kwame,rap,29,1
Peace,Canyon Hills Worship,pop,29,0
The Rain,K-OS,r&b,29,1
Dull Days,Robbers,rock,29,0
Был хулиганом,StaFFord63,rap,29,1
Casina,Run River North,pop,29,0
Promise Me,Brian Mackey,rock,29,0
Perfecto,GabrielRodriguezEMC,latin,29,1
Eyes Open,Gidge,r&b,29,1
Visions,Jagged Edge,r&b,29,1
RIP - Steve Reece Remix,Olivia O'Brien,edm,29,0
Beautiful Trauma - MOTi Remix,P!nk,edm,29,0
Can't Stop It,Justin Prime,edm,29,0
No Angels,Jay Made,edm,29,0
Middle Of The Night,MJG,rap,29,0
Hikicomori,WEN,edm,29,0
Soul Sister Retribution,Rockie Brown,rock,29,0
Everybody Hates Me - Steerner Remix,The Chainsmokers,edm,29,0
Can't Take It with You,The Alan Parsons Project,rock,29,1
Triângulos,FLORA,latin,29,1
These Days (Don't Make Me Wait),Llewellyn,pop,29,0
Are ‘Friends’ Electric?,Gary Numan,pop,29,0
Rescue Me,Al B. Sure!,r&b,29,1
G+O,WHYLO,pop,29,0
Dance Freak,Chain Reaction,edm,29,0
Time for a Change,Benita,edm,29,0
Act One,The Let Go,rock,29,0
Standing on Ferraris,The Game,rap,29,0
Break The Sky,Dust of Apollon,pop,29,1
All Facts (feat. Ty Dolla $ign),G-Eazy,rap,29,0
Your Love,Carta,edm,29,0
Let It Buzz,Daffy Muffin,edm,29,0
Centipede,Seth Hills,edm,29,0
Losing Hope,Stormerz,edm,29,0
Best Shoes,Casey Conroy,pop,29,1
¿Clásicos?,Mente Sabia Crú,latin,29,0
Everybody Must Get Stoned - Bonus Track,Cypress Hill,rap,29,1
"I Had a Dream, Joe - 2010 Remastered Version",Nick Cave & The Bad Seeds,rock,29,0
Even If - Radio Edit,Benny Benassi,edm,29,0
Redrum (feat. Felix Snow) - What So Not Remix,Era Istrefi,edm,29,0
Neo - Extended Mix,Koen Groeneveld,edm,29,1
All over the World,Louzada,rock,29,0
Demons,Louzada,rock,29,0
Teddy Bear,Keith Frank,rap,29,1
Moscow - Radio Edit,W&W,edm,29,0
Wait For You (feat. Maia Wright),Mike Williams,edm,29,0
Without Your Love,York Worship,pop,29,0
Everybody Knows (The River Song),O.V. Wright,r&b,29,1
Dive In,Lonely in the Rain,edm,29,1
Helix,Austin Pettit,edm,29,1
Good At It - Radio Edit,Fee Gonzales,latin,29,1
By My Side,Orrin,latin,29,1
I Try,Kenza Blanka,latin,29,1
One For The Money,Horace Brown,r&b,29,1
Encaracolado,Tchelo Gomez,latin,29,1
Heme Aquí (Remastered),Funky,latin,29,0
Dime,Kevin G.,latin,29,0
Hitchhiker - Bergs Remix,OMI,pop,29,1
Letting a Flower Die,Valley Hush,pop,29,0
Got No Curfew,Mel Waiters,rap,29,0
Chiki,Seryoga,rap,29,0
Keep It Coming,King Arthur,edm,29,0
Any Day Will Do Fine,Michael Kiwanuka,r&b,29,1
Take Me There - Remix,Blackstreet,r&b,29,0
Way Over My Head - Festival VIP Remix,Love Taps,edm,29,0
Crazy Stupid Bitch,Annika Grace,pop,29,1
Gold Jacket,Sam Tsui,pop,29,1
Daddy Saber,Bill $Aber,rap,29,1
Pintura,Yoky Barrios,rap,29,0
South,Julian Jeweil,edm,29,0
Ill Street Blues (Illest Version),Kool G Rap & DJ Polo,rap,29,1
Let Me Go,Nate VanDeusen,edm,29,0
Horizon,Ingenia,edm,29,0
We Are One (feat. Pearl Andersson) (TYMEN Remix),Laidback Luke,edm,29,0
Mind Reader,Jaden Dixon,r&b,29,0
Dab Man,Minty Burns,r&b,29,0
You Said,heartbreaker,r&b,29,1
Jacked Up,Reebs,edm,29,0
Zhong,Chocolate Puma,edm,29,0
Rift Valley,K.E.E.N.E.,edm,29,0
Crying Out for Me,Joshua Perez,edm,29,1
Lemontree,Julian Daniel,pop,29,0
Thats my word,Lewis Monbarn,edm,29,0
Pon De Floor,Major Lazer,latin,29,0
Only Now,Pastiche,edm,29,0
Ai No Shinkiro,オメガトライブ,rock,29,1
ShortCake,Night Tempo,r&b,29,0
Crystal Night,1986 Omega Tribe,r&b,29,1
Love Letters Intro / Love From The Sick Side,The Psycho Realm,latin,29,1
Fugados del Blister,Cashetano la Merluza,rock,29,0
Like You Know,Pete Kingsman,edm,29,0
Success,Longfield & Super Skeleton,rock,29,0
On the Line,Fever Feel,rock,29,1
Who Am I,Smartface,r&b,29,0
Return of the Mecca,Pete Rock & C.L. Smooth,rap,29,1
Hood Billionaire,Rick Ross,rap,29,0
Higher Place - Bassjackers Remix,Dimitri Vegas & Like Mike,edm,29,0
別世界,E-girls,pop,29,0
Galaxy,Paperwhite,pop,29,0
Above The Tide,Radiology,edm,29,0
Nothins Free,Oobie,rap,29,1
Bughuul,Unaverage Gang,rap,29,0
El Ultimo Romántico,V-One,latin,29,0
Rollin,Jøase,edm,29,0
Golden Age,The Electric Sons,pop,29,0
Do You Wanna Get High ?,Central Coast Clique,latin,29,1
Top of the World,423kidk,r&b,29,1
High On You,Sebastien,pop,29,1
Have Yourself A Merry Little Christmas,Ledisi,r&b,29,1
NNGE,Oddisee,r&b,29,0
Take Kare (feat. Lil Wayne),Migos,r&b,29,1
Symbiote,gizmo,rap,29,0
Bigger in the Inside,Flylitegemini,edm,29,0
Screens,Løyd,edm,29,0
Holy Ghost,Fantasia,r&b,29,0
Social Media,Løyd,edm,29,0
Sacrifice,gizmo,rap,29,1
Levitation,Vitalic,edm,29,0
Deep Dark,Karamar,edm,29,1
False Alarm - Justice Skolnik Remix,Matoma,edm,29,1
Kuama,Gregor Potter,edm,29,0
Mad Money,Dave Nazza,edm,29,0
The Chauffeur - 2001 Remastered Version,Duran Duran,rock,29,1
ME! (feat. Brendon Urie of Panic! At The Disco),Taylor Swift,pop,29,0
Little Piece of My Heart,John Hartford,r&b,29,1
Memories,Cypress Hill,latin,29,0
Good Feeling - MXXWLL Remix,Jodie Abacus,r&b,29,1
Feel Better,Zuso,edm,29,1
Best Friend - Live From The Village,Foster The People,latin,29,0
G Funk,Nancy Fletcher,rap,29,0
The Wave 2.0,Cosmic Gate,edm,29,0
Humpin' Around - Radio Edit,Bobby Brown,r&b,29,0
Don't Be So Hard,The Audition,pop,29,0
Cocky,Jonah Cruzz,r&b,29,0
That Other Woman,Changing Faces,r&b,29,1
Boom,Snoop Dogg,rap,29,0
Free - Radio Edit,Kriss Reeve,edm,29,0
Painting Pictures,TOFFE,pop,29,0
LIFE,Mambo Brothers,edm,29,0
Telecommunication,A Flock Of Seagulls,pop,29,0
I Need An Angel,Ruben Studdard,r&b,29,0
Why Me Baby?,Keith Sweat,r&b,29,1
Light of the Day,Werner Mill,edm,29,1
My Own World,Brauner Bär,edm,29,1
Quiero - Reggaeton Romantico,Cheeky El Exotico,latin,29,1
Classic (feat. POWERS) - POWERS Sunset Version,The Knocks,pop,29,1
Don't Fight The Music,Virginia To Vegas,pop,29,0
F*CK - Dimitri Vegas & Like Mike Edit,Bassjackers,edm,29,0
真っ赤な太陽,RAMMELLS,pop,29,0
Rain Dance,Oddisee,r&b,29,0
Ooo!,EXILE SHOKICHI,pop,29,0
Cruisin',Shin Sakiura,pop,29,0
FAKE,ASOBOiSM,pop,29,1
Episode VIII,Madlib,r&b,29,0
Panther im Dschungel,Reda Rwena,rap,29,0
Different Drum,Stone Poneys,rock,29,1
Blowin' Trees (+ Napdonalds Skit),Nappy Roots,rap,29,0
Digging My Own Grave,Escape the Fate,rock,29,0
Get Up,Dorothy,rap,29,1
What a Feeling,Toni Lo,pop,29,0
Road Less Traveled,Fatai,r&b,29,1
Make Way,Keith Cullen,edm,29,0
Bang Ya Fucking Head,gizmo,rap,29,0
Portland,Zoology,r&b,29,1
Not Enough,Rei Yasuda,pop,29,0
Gir Dig,Camilo & Grande,latin,29,0
Secret Of Natraja,VSNS,edm,29,0
Dare You - Radio Edit,Hardwell,edm,29,0
Slowly,falcxne,r&b,29,1
Don't Forget,Nephaim,latin,29,0
Baldadig,Hardwell,latin,29,0
Me Llevas Más Alto,DJ PV,latin,29,0
Three Triangles (Losing My Religion) - Original Club Mix,Hardwell,edm,29,0
Dream Cloud,Zanny Don,rap,29,1
Nothing Can Hold Us Down,Hardwell,edm,29,0
"Baby, You Are Wrong",Wave Wave,edm,29,1
We Won't Go Home,The Colourist,pop,29,0
Superstitious - Chris McClenney Remix,MKTO,r&b,29,1
1997,Moo Latte,r&b,29,1
Chimera,Cheerleader,pop,29,0
Forgot About,Priya Ragu,r&b,29,1
Summer of Love,Lou Ella,pop,29,1
Happy You Came Around,Amber Ryann,pop,29,0
Feed The Dada - Radio Edit,Dada Life,edm,29,0
Dancing Cheek to Cheek - I'm in Heaven Radio Edit,Alex Larke,edm,29,0
Destination Sunrise,Bit Funk,latin,29,0
Lo Nuestro,Gloria Estefan,latin,29,1
X's We Share,Jodeci,r&b,29,0
Holding Back The Years,Gretchen Parlato,r&b,29,1
Recoil,K3L,edm,29,0
Mysteria,Helion,edm,29,0
Eagle to the Prey,LOVER,r&b,29,1
Invisible Man,The Electric Swing Circus,edm,29,0
Yee - Radio Edit,Deorro,edm,29,0
Ritmo Do Meu Flow (LatinVillage 2019 Anthem),D-Rashid,latin,29,0
This Hustling World,Gyedu-Blay Ambolley,rock,29,1
Street Lights,Ries Brothers,r&b,29,0
Heavy Heavy Heavy,Geraldo Pino,rock,29,0
Okay.,Bailey Crego,pop,29,0
Funk Accelerator,Botnek,edm,29,0
Isle of You,Christon Gray,r&b,29,1
Scream,TV Noise,edm,29,0
Bohemian Rhapsody - Remastered 2011,Queen,rock,29,1
Honey - Joe Goddard Remix Edit,Robyn,edm,29,1
Uplifted,Jozels,edm,29,0
What U Gon Do,Papa Reu,r&b,29,0
Shake That Thing,Leventina,edm,29,0
A Bailar,Gloria Estefan,latin,29,0
Call The Parade,Treyy G,edm,29,1
Just Get Fly,Dj Iceman,r&b,29,0
Weird,TV Noise,edm,29,0
Who's Gonna Love U,Ryan Shepherd,edm,29,0
Onye Mmanya,The Funkees,rock,29,0
Decision,Jorge Gill,rap,29,0
Sameblood,Gopi Waraich,rap,29,0
I Bet - R3hab Remix,Ciara,edm,29,0
Massive Selecta - Radio Edit,Kastenholt & Dee,edm,29,0
"Ой, мороз",Kaspiyskiy Gruz,rap,29,1
Feed Off Sin,Public Theatre,rock,29,0
Lucky Boy - Outlines Remix,DJ Mehdi,pop,29,1
Cant Stop,Dan Bravo,r&b,29,1
Forever And A Day - LVNDSCAPE Remix,Bolier,latin,29,0
Un autre que moi,Fishbach,pop,29,0
Denzel (feat. Andy Grewal),Sikander Kahlon,rap,29,0
Always There,Ben Rainey,edm,29,0
Listen To What The Man Said - Remastered 2014,Wings,rock,29,0
Heaven Is Here,Influencers Worship,pop,29,0
Light the Way- Single (feat. Nozomi),Brandon Seibert,pop,29,0
Live for the Night - W & W Remix,Krewella,edm,29,0
Anthem for the North East - Extended Version,Feyago,rap,29,1
Hungover - Jay Fox Edit,Dana Kelson,latin,29,0
Baby (feat. MARINA & Luis Fonsi) - Sammy Porter Remix,Clean Bandit,edm,29,0
The Way I Feel About You,Karyn White,r&b,29,0
Hey Mr. D.J. - Original Mix - Edit,Zhané,r&b,29,0
Everybody Is In The Place - Radio Edit,Hardwell,edm,28,0
Told You So,T.I.,rap,28,0
Let's Get Lost,Jelly Roll,rap,28,0
Burden,TENDER,pop,28,1
Throw Your Hands Up,8Ball,rap,28,0
To Be a Man,4FOXSAKE,rock,28,0
Stop Lying,Mr. Mike,rap,28,1
New Day,South Circle,rap,28,0
Let Me Get Em,Soulja Boy,rap,28,0
425,Friz,edm,28,1
Is This Love,Venomenal,pop,28,0
No Good For Me,Beeskov,edm,28,0
Make Some Noise,Chuckie,edm,28,0
Entre Horizonte y Verticalde (feat. Sebastián Jordán),Cevlade,latin,28,1
Closer Still,TENDER,pop,28,0
Beat Goes Down,Two Figures,edm,28,0
Old School,Justin Prime,edm,28,0
Se Me Acaba,Morbo,pop,28,0
Never Keeping Secrets,Babyface,r&b,28,0
When Will I See You Smile Again?,Bell Biv DeVoe,r&b,28,0
Sie wollen meine Loui$ (Don Dollar),Kulturerbe Achim,rap,28,1
2020 Vision,Kyzer,edm,28,1
Somebody,Venomenal,pop,28,0
50,Mudd Bughatti,rap,28,0
Whatcha Know (featuring Big Gipp),Three 6 Mafia,rap,28,0
Baller,CMC$,edm,28,0
Eternity,Master P,rap,28,0
MILK,[ALEXANDROS],rock,28,0
Cornbread & Greens (feat. Big Pokey),Cupid,rap,28,0
Pharaoh,Helion,edm,28,0
Lucid,Contiez,edm,28,0
I SEE,Roc DaGuard,r&b,28,0
Move on Now,Hard-FI,rock,28,1
The Great News,Glenn Gatsby,edm,28,0
Broken Sleep,Fickle Friends,pop,28,0
Gone From Here - Original Mix,Maml,pop,28,0
I Can Do Whatever,Dopeamean,r&b,28,0
Drink,D. Muñoz,r&b,28,0
I Feel Like,Mike Gudmann,edm,28,0
Hanh!,Ying Yang Twins,rap,28,0
Just Friends - Original Mix,Dj Geducht,edm,28,0
Ambak,Jenil,r&b,28,0
Te Me Fuiste,César Avila,latin,28,1
Swingin' Together - C@ in the H@ remix,Elle & The Pocket Belles,edm,28,0
Non-Stop,Thomas Gold,edm,28,0
Gotta Love,Jodeci,r&b,28,0
Tetris 2020,Adryx-G,edm,28,0
Searchin for Love,Akon,latin,28,1
Disconnected,Thilo,r&b,28,1
Smoke on the Water - 2012 Remaster,Deep Purple,rock,28,0
Keleya,Moussa Doumbia,rock,28,1
Other Side - Edit,Maya Jane Coles,edm,28,0
Weapon of Choice - Chores & Terace Remix,Fatboy Slim,edm,28,0
Rude Gyal,Freddy Moreira,latin,28,0
We On Fire,Hot Boys,rap,28,0
Lovin' is Bible,The Aces,pop,28,0
Playing To Lose,Lemaitre,pop,28,0
Pieces,Sikdope,edm,28,0
Easy Baby,Mr. Pig,latin,28,0
Sending Me You,henrikz,pop,28,0
Felix Felices,N.A,rap,28,0
What It Looks Like,Daniel Garrick,edm,28,0
Tangible,Ken Loi,edm,28,1
MAKUAKE PARKGOLF remix,eill,pop,28,0
Poseidon,Maestro Harrell,edm,28,0
Just A Lover - Pomo Remix,Hayden James,r&b,28,0
Лучший друг,Sasha Chest,rap,28,0
All or Nothing - Sultan + Shepard Remix,Lost Frequencies,latin,28,0
Good Together - Jarami Remix,HONNE,r&b,28,1
Start Again (feat. Andrea Cormier),Pomo,r&b,28,0
Easy Does It,Wildstreet,rap,28,0
I Do,Jeezy,rap,28,0
Time,Isaiah Sharkey,r&b,28,1
Starry Eyed,You Me At Six,pop,28,0
Don't Hold Back,Electrohol,edm,28,0
Double Double,twoloud,edm,28,0
In The Darkness,Firetek,edm,28,0
2 MUCH (feat. 24hrs) (feat. 24hrs),Flosstradamus,rap,28,0
Freaks,Timmy Trumpet,edm,28,0
You're Simply the Best,Carl Wave,pop,28,0
Running For Our Lives,Disco Killerz,edm,28,0
Hopelessly Devoted To You,Olivia Newton-John,rock,28,1
Deep in Oud,DIA,edm,28,0
Silly of Me,8 Graves,pop,28,0
Waves (Tomorrowland 2014 Anthem) - Radio Mix,Dimitri Vegas & Like Mike,edm,28,0
A Beautiful Lie - Acoustic,Thirty Seconds To Mars,latin,28,1
When I'm Gone - Acoustic Version,Simple Plan,latin,28,0
Can't Trust'em (Remix),Dizzy Wright,r&b,28,0
Southern Nights,Glen Campbell,rock,28,0
Keep It Real,Jon B.,r&b,28,0
Killafornia,Cypress Hill,rap,28,1
Friedhof der Kuscheltiere,Manuellsen,rap,28,0
Beautiful - 3onderboy remix,BananaLemon,pop,28,0
Rescate,Alexis y Fido,latin,28,0
Candy Land Remix,Tucka,rap,28,0
Like a Drum - The Chainsmokers Remix,Guy Sebastian,edm,28,0
De Nada,(dc),r&b,28,0
So Afraid,Thelin,latin,28,1
Novias,El Guincho,pop,28,0
Make It Last Forever (with Jacci McGhee) - Extended Version; 2007 Remaster,Keith Sweat,r&b,28,0
Call It Like It Is,Another Lost Year,rock,28,0
"Ooh La - Acoustic / Live At Abbey Road, 2005",The Kooks,latin,28,1
Tear Da Club Up '97,Three 6 Mafia,rap,28,0
"Optimistic - U.K. 7"" Edit",Sounds Of Blackness,r&b,28,0
Los Angeles Times,Xzibit,rap,28,0
Stuck In The Middle With You (Reservoir Dogs),Jim Hornsby,rock,28,1
Have Yourself a Merry Little Christmas,Luther Vandross,r&b,28,1
Yours,Lo Lo,pop,28,0
It Ain't,Geto Boys,rap,28,0
Feels So Good,Sailors,latin,28,0
Love Is The Seventh Wave,The Duhks,r&b,28,1
"About Me - Brieuc, Cloud 41 & Lowkie Club Mix",Argui,edm,28,0
Crazy,Aerosmith,rock,28,0
Empires,Coastlines,rock,28,0
I Take Everything I Can,Chris Blackburger,rock,28,0
Wires,Ray Dawn,r&b,28,0
Winter Hitori feat. ASOBOiSM,Shinn Yamada,pop,28,0
Eclipse,Inner Wave,rock,28,0
Fuoh,Zotiyac,rap,28,0
Universal Heart-Beat,Juliana Hatfield,rock,28,0
Lluvia,Chongo de Colombia,latin,28,1
Sunday,Jahzel Dotel,latin,28,1
Misty Night Cruising,オメガトライブ,r&b,28,0
White Christmas (feat. Clyde McPhatter & Bill Pinckney),The Drifters,r&b,28,1
Santa Claus Is Coming To Town,The Jackson 5,r&b,28,0
One in a Million,The Romantics,rock,28,0
In This Place - Kizuna Version,Thelma Aoyama,pop,28,0
On the Run,Minty Burns,r&b,28,0
Like You Boy,Pards,edm,28,1
Pretty (feat. Jonwayne),Dabrye,r&b,28,1
Merry Christmas (feat. D. Scott),Jermaine Hardsoul,r&b,28,1
Whatcha Need,W&W,edm,28,0
Dancing in the Light,Cabela and Schmitt,edm,28,1
Slow It Down,PRINSH,edm,28,0
Repeat - Original Mix,Regal,edm,28,0
Not Going Out Tonight,Jack Newsome,pop,28,0
Eternally,Marwan Soulflow,r&b,28,1
Come Over,Rahsaan Patterson,r&b,28,0
Silencio,Jorge Drexler,latin,28,1
Happiness - Wave Pilots Remix Edit,Hotway,edm,28,0
Don't Know How To Love You,Haley Reinhart,r&b,28,1
More Love,Jonny Joel,edm,28,1
Sakura (feat. Punipunidenki & Le Real),Macross 82-99,r&b,28,0
Wiggle,Willie Clayton,rap,28,0
You Called And Told Me - Jeff Redd,Various Artists,r&b,28,0
Coming Home,jeonghyeon,edm,28,0
Angel Baby 2013+1 Remix (Oldie),Mr. Capo Los Presents…,latin,28,1
No More,Dannic,edm,28,0
I Like It,Moguai,edm,28,0
Feeling Good,Mariana BO,edm,28,0
The Party Has Begun,Freestyle,latin,28,0
Tighter,Fitz and The Tantrums,r&b,28,0
To Be a Bird (Domscott Remix),The Groove Project,edm,28,0
Skyline,J. Loree,rap,28,1
The Garden,Einstürzende Neubauten,rock,28,1
"Oh, Baby!",NR:TN,edm,28,0
Gonna Miss You,Rapsody,rap,28,0
霧のDOWN TOWN,オメガトライブ,rock,28,0
About You,Crowd,edm,28,0
Ego,Rich Edwards,pop,28,1
Love Again,Matt Strike,pop,28,0
Lift Off! - Original Mix,W&W,edm,28,0
M16,MACAN,rap,28,1
1 Adam 12,Delinquent Habits,latin,28,0
Overboard (Doug Weier Remix),Manafest,pop,28,0
Oversized,Kramder,edm,28,0
Unchained,Sôra,latin,28,1
I Love You More,Juan Luis Guerra 4.40,latin,28,0
Inner Peace,SCNDL,edm,28,0
Vem Comigo,VENVS,latin,28,1
Rollercoaster - Bonus Track (Explicit),Ludacris,rap,28,0
Summergirls,Dino,latin,28,1
Captured (feat. Lucy Speakman),Galactus Jack,edm,28,0
Closing In (feat. Calum Venice),Ludomir,pop,28,0
The Wave,Madeaux,edm,28,0
Revolution - Deep In Jersey Mix,Harry Romero,edm,28,0
Jam On It (Re-Recorded Version),Newcleus,latin,28,0
Saucey,Eazy2Cool,latin,28,0
Joy,Mary Mary,r&b,28,0
Summertime Anthem (Featuring Chubb Rock),Eric Roberson,r&b,28,0
Vulture,Iggy Pop,rock,28,1
Esperanza,Control Machete,rap,28,0
South of Reality,The Claypool Lennon Delirium,rock,28,0
Shed a Tear,Delinquent Habits,rap,28,0
Dive (feat. Cosmos & Creature) (feat. Cosmos & Creature),Attom,edm,28,0
Out of My Mind,Luca Schreiner,edm,28,0
Mi Dios es grande (feat. T-Bone),Josue Del Cid,latin,28,0
Which Way the Wind Blows,Anthony Phillips,rock,28,1
Ophelia - Remastered 2000,The Band,rock,28,1
Ya No Estás Aquí,Kid Gallo,rap,28,1
Find The Love,Blackcode,edm,28,0
Make Me Feel Better - Klingande Remix,Alex Adair,latin,28,0
Where You At?,James Bakian,latin,28,1
Who Dat Talking Down,Big Pokey,rap,28,0
25 Lighters,DJ DMD,rap,28,0
Big Disaster,Black Swan,rock,28,0
Eine Keine Meine,Sammy Milo,edm,28,1
GURU,Maski & Banga,edm,28,0
Etnia,Visage Music,edm,28,0
No Fear,Visage Music,edm,28,1
Kurupt (Lucati Remix),Tchami,edm,28,0
Im Here For a Reason (feat. Kaio Deodato & Sou.Za) - Mack Christopher Remix,Gui Brazil,edm,28,0
Veiled,Swati Bhatt,pop,28,1
Misunderstood,Youngn Lipz,rap,28,0
MADNESS,MR.BLACK,edm,28,0
Paper Crown,Kevin Krust,pop,28,1
Smell the Roses,Roger Waters,rock,28,0
Encore,MR TOUT LE MONDE,edm,28,1
Nadie me ama como tú,T-Bone,latin,28,0
I Like You,CØDE,edm,28,0
Buckle Up,Klave,edm,28,0
Война,Basta,rap,28,1
I Feel Alive,Steady Rollin,rock,28,0
Hey Mr. D.J.,Zhané,r&b,28,0
Do The Right Thing,Redhead Kingpin,r&b,28,0
Presence Of Love,The Alarm,pop,28,0
My head is a Jungle - MK Remix [Radio Edit],Wankelmut,pop,28,0
Modern Love - 1999 Remaster,David Bowie,rock,28,0
That Beat,Matroda,edm,28,0
They Call Me,Matroda,edm,28,0
Escape With Me,Mark Sixma,edm,28,0
Mr. Big Stuff - Remix,Heavy D & The Boyz,rap,28,1
With You,Beasts With No Name,pop,28,0
If I Fall,Cole Plante,edm,28,0
La Banda Mas Fiestera,Percance,latin,28,0
In It for Yourself,Jelly Roll,rap,28,0
The Beard Song,Demun Jones,rap,28,0
Whatcha Waiting For,Jelly Roll,rap,28,0
Shut Up,KKG,rap,28,0
Only This Moment - KLar & PF Mix,Socialites,r&b,28,0
To Be Continued,Firebeatz,edm,28,0
Dance With Me,Uplink,edm,28,0
Gangsta Bop,Akon,rap,28,1
"Y'all Know How I Am Feat. Omg, Doughboy, Wc, Maylay",Ice Cube,rap,28,0
Home (feat. Nico Santos) - B-Case Radio Remix,Topic,edm,28,0
Times With You,ENCR,latin,28,1
Glad To Be Here,TRUTHR,latin,28,1
Who Is Ready To Jump - Original Club Mix,Chuckie,edm,28,0
One Two Fuck You - Radio Version,Kastenholt & Dee,edm,28,0
Прости мама,Chestnyi,rap,28,0
Disruption Protocol,Deeparture,edm,28,1
I Want Love,Jehro,rock,28,1
Raise Your Hands - Original Mix,Ummet Ozcan,edm,28,0
Living Water,Travis Greene,r&b,28,1
How Do I Let a Good Man Down?,Sharon Jones & The Dap-Kings,r&b,28,0
Best Of Me,Chrisette Michele,r&b,28,0
Say You Don't,Roostz,r&b,27,1
All They Wanna Hear,Danny Boone,rap,27,0
Responsible,Mama Cleo,latin,27,1
Make a Movie,Jasmine Sagginario,pop,27,0
Sick As Our Secrets,Makes My Blood Dance,rock,27,0
I don’t wanna do,SARM,r&b,27,0
Jammin Screw,Fat Pat,rap,27,0
Heart,Notalike,edm,27,0
100 (feat. Dawn Elektra),Galactus Jack,pop,27,0
Slow Down,India.Arie,r&b,27,1
Headed In The Right Direction,India.Arie,r&b,27,0
Baltimore,Jazmine Sullivan,r&b,27,0
Tick,Happi,pop,27,0
Human (Matthew Parker Remix),Holly Starr,pop,27,1
Tiger,NoiseMakers,edm,27,0
Bang,Top $helf,edm,27,0
We Built This City,Starship,rock,27,0
Rodeo,95 South,rap,27,0
Sherni,Prabh Deep,rap,27,0
Redline - Radio Edit,Wolfgang Gartner,edm,27,0
Sounds Like,SaberZ,edm,27,0
Contigo,Toda la Vida,latin,27,0
Wanderlust,Paperwhite,pop,27,0
Two Steps Behind - Electric Version,Def Leppard,rock,27,0
Head in the Clouds,Bohdi,pop,27,1
Keep On Walkin',CeCe Peniston,r&b,27,0
Where Are You Now,Tiny Fighter,rock,27,0
Rebel.,After 10,rock,27,0
Tania,Fase,pop,27,1
Sea Lo Que Sea Será - feat. Miguel Bosé [Original Mix],Above & Beyond,pop,27,0
Close - Dan E Radio Edit,Nick Jonas,edm,27,1
No Promises (feat. Demi Lovato) - Bassjackers,Cheat Codes,edm,27,0
That Smiling Face,Camouflage,latin,27,1
Murder World,La Coka Nostra,rap,27,0
In My Dreams - Short Edit,DJ Antoine,edm,27,0
Warrior,Oriel Poole,pop,27,0
Zérosechsneun,Reda Rwena,rap,27,0
Brave,The Vicious Vic,pop,27,0
Got It,Block Scholars,rap,27,1
"Get Up, Get On It (feat. Rude, Mellow Man Ace & Sen Dog)",Delinquent Habits,rap,27,0
Proxima Centaury,Karkara,rock,27,0
Shoulder,Hitimpulse,edm,27,0
Grita,Control Machete,rap,27,0
Snake Eyes,Trouble,rock,27,0
La China Medina,Rubén Blades,latin,27,0
Be Still,Big Boi,pop,27,0
HEY!,Rudeejay,edm,27,0
"Right Now (feat. Future, Fabolous & Jadakiss) - Remix",Uncle Murda,rap,27,1
Sauce,Sez on the Beat,rap,27,0
No Vacancy (feat. Amir),OneRepublic,pop,27,0
Im Not a Gentleman,Geto Boys,rap,27,1
Tired - Lemarroy Remix,Alan Walker,edm,27,0
"Uncertain Smile - Original 7"" Version 1982",The The,pop,27,0
Show Me Love,Tamia,r&b,27,1
Flame - Steve James Remix,Tinashe,edm,27,0
Misery,Cashae,pop,27,0
Street Thing,Aaliyah,r&b,27,1
Forever,Kenny Lattimore,r&b,27,1
Landslide,Headhunterz,edm,27,0
Sacré cœur,Triomphe,edm,27,1
Get Crazy,Viviana Edera,edm,27,0
Baller In The Mix,Lil Keke,rap,27,0
Hell No,Two Neighbors,latin,27,1
Shut It Down,Georgia Dutton,pop,27,1
"After Dollars, No Cents",Master P,rap,27,0
Take a Bump,Three 6 Mafia,rap,27,0
"Soldiers, Riders, & G's",Master P,rap,27,0
For the future generation,Tears of a fallen hero,rock,27,0
Cold Heart,Lonely in the Rain,edm,27,1
Spaceship Earth,Burningfields,latin,27,1
I'll Be All You'll Ever Need,Trinere,latin,27,0
Light Is My Home (feat. Allan James),Carlos Herrera Music,edm,27,0
No 5,Max Graef,edm,27,0
The Eyes Of Santa Muerte,La Coka Nostra,rap,27,0
Crown,Rapsody,rap,27,0
On The Level,Cannaboy,latin,27,0
Don't Call,Leon Timbo,r&b,27,1
Pyramids,Dimitri Vangelis & Wyman,edm,27,0
Keep It on Me,Dewey da Don,rap,27,1
BADU,Phay,rap,27,1
Everywhere,Fleetwood Mac,rock,27,1
Spectral,Dave Knud,edm,27,0
Nami,INVŌKER,edm,27,0
Don't Let Me Down (feat. SevenEver),Coast,edm,27,0
I Like It - Original Mix,Fin & Stanley,edm,27,0
Pa Los Files,"Osmani Garcia ""La Voz""",latin,27,0
"Where You Are, Pt. 2 (Is Where I Wanna Be)",Donell Jones,r&b,27,1
War in the East,Anonymuz,rap,27,1
Runaway (U & I) - Quintino Remix,Galantis,edm,27,0
Playa,Sabino,latin,27,0
Afterlife,Syzz,edm,27,0
Do It Again,オメガトライブ,rock,27,0
In My Arms,Alexander Popov,edm,27,0
Whirlpool Heart,The Wild Swans,rock,27,0
You Might Be Sleeping,Jakob Ogawa,rock,27,1
Calypso - Original Mix,Efrén Atienza,edm,27,1
You Are,Armin van Buuren,edm,27,0
It Aint Cheating Til You Get Caught,T.K. Soul,rap,27,1
See The Light,Bounce Inc.,edm,27,0
Anymore,Marnage,edm,27,0
Dreaming of You,Louzada,rock,27,0
8.21,Mente Sabia Crú,latin,27,0
Algún Día (feat. Negro Sambo),Gran Rah,latin,27,0
On The Streets of Dún Laoghaire - Boonz Remix,Broken Legacy,latin,27,1
Heroes,Joules,edm,27,0
Try,SAAKB,r&b,27,1
Jolly Roger,NAEMS,edm,27,0
I Don't Need You,Yady,r&b,27,0
La Flaca - Acousique,Jarabe De Palo,latin,27,1
Kobol - Original Mix,Efrén Atienza,edm,27,0
How Is That,Jonny Joel,edm,27,1
Chinook,Jake Kaiser,edm,27,1
Long Cool Woman (In a Black Dress),The Hollies,rock,27,1
Only In My Dreams,Lowen,pop,27,0
Sweet Misery,Amel Larrieux,r&b,27,1
Molotov,AchtVier,rap,27,0
Von unten nach oben,TaiMO,rap,27,0
Vastness,Waft Of Myst,edm,27,1
Thank You Lord,Tamar Braxton,r&b,27,1
Home,Teitur,r&b,27,1
Low,Zero Theorem,rock,27,0
No. 1 Fan,Ginuwine,r&b,27,1
Take Me Away,Madison Gold,edm,27,1
Flesh,"Royce Da 5'9""",rap,27,0
Call My Name - Remix,YUTO,pop,27,0
Stupid Love Letter,The Friday Night Boys,pop,27,0
(This Is Our) House,In Flames,rock,27,0
Collide (feat. Collin McLoughlin) - Radio Edit,Laidback Luke,edm,27,0
Steuerfrei & Illegal,Fard,rap,27,0
111 Prozent,TaiMO,rap,27,0
Nobody,Bryan Boliver,pop,27,0
Breaking Me Off,R3load,r&b,27,1
How You Love,Marci Coleman,pop,27,0
Superhuman,Juventa,edm,27,0
Nowhere,Bubba Sparxxx,rap,27,0
El Ritmo De La Selva,Fernando García Baró,pop,27,1
Long Gone,Akon,latin,27,1
EASY LOVE,Gear 2nd,pop,27,0
Yo -A- O,Alex Eugenio,latin,27,1
Sway,AATA,pop,27,0
Body Pop,Oomloud,edm,27,0
Symphony - Original Mix,Sandro Silva,edm,27,0
EIFORYA - Original Mix,Armin van Buuren,edm,27,0
Little Walter,Tony! Toni! Toné!,r&b,27,1
Karibu (Radio Edit),Lago,latin,27,0
Once You Go Up,Nungwi,latin,27,0
Celebration,Kylie Minogue,pop,27,0
Life - Radio Edit,Des'ree,pop,27,0
По ресторанам,Kaspiyskiy Gruz,rap,27,0
Spring Summer Feeling,Jill Scott,r&b,27,1
Still the One - 45 Version,Orleans,rock,27,1
Mega Run - Downtown Jump,DJ ZsuZsu,edm,27,0
Give It to Em,Akon,latin,27,0
Senseless,MARKZ,edm,27,0
El Toque del Amor,Dragon & Caballero,latin,27,0
Peace,Olivia King,r&b,27,1
Solid Ground - Deepend Remix,Alex Vargas,pop,27,0
Kletter nicht durchs Fenster rein,Haze,rap,27,0
"Sleep, For The Weak! - Lost Frequencies Remix",Lea Rue,pop,27,1
Choose your Poison,Wiwek,edm,27,0
JOANNA,Kiyotaka Sugiyama,rock,27,1
Think You're Gonna Like It,SWV,r&b,27,0
Walk Again,BrokenRail,rock,27,0
Tears - Enamour Remix,Donatello,edm,27,1
Losing You,Solange,r&b,27,0
Bailando,Mike Gudmann,edm,27,0
Take Me Higher 2017 - Club Mix,Mischa Daniels,edm,27,0
Pushin' Me,Antonio Cooke,r&b,27,1
Let's Get Away,Spinx Da Don,r&b,27,0
Gone - Chase Keller Remix,Life Like Charlie,edm,27,0
Mighty Healthy,Ghostface Killah,rap,27,0
Golden Years - Single Version [Remastered],David Bowie,rock,27,1
Arcadia [Mix Cut] - Original Mix,Hardwell,edm,27,0
Immortal - Original Mix,DVBBS,edm,27,0
"Duro, Lento & Suave","Drako ""El Principe""",latin,27,0
SILENCE GA IPPAI,Kiyotaka Sugiyama,rock,27,1
Act Like You Know,Pete Rock & C.L. Smooth,rap,27,0
Can't Front on Me,Pete Rock & C.L. Smooth,rap,27,0
Bangladesh,Cashetano la Merluza,rock,27,0
カナディアン・ララバイ,Junko Ohashi,r&b,27,1
Coming Home,SWV,r&b,27,0
Myself,NEEVE,latin,27,0
Love Crime,My Darkest Days,rock,27,0
Go to Sleep - John De Sohn Remix,John De Sohn,edm,27,0
Ferris Wheel,Rich DietZ,edm,27,0
Epoca Del Desmadre,The Psycho Realm,latin,27,0
Me Against the Devil,Jake Adkins,rock,27,0
Heart Beats Fast. (Xander Milne Remix),Eivind Husebø,pop,27,0
Animals (feat. Moa Lisa) - Alora & Senii Remix,Charlie Who?,edm,27,0
Breathe,Crime Zcene,edm,27,0
Feeling,SLVR,edm,27,0
BEBE,Randy Leroy ft. Bollebof,latin,27,0
In Real Life,The Ruby Suns,pop,27,0
Catalejo - 2015,Buena Fe,r&b,27,0
Dreams,Keo Nozari,pop,27,0
Rebel Rebel - 2014 Remaster,David Bowie,rock,27,1
Skylines,Zekl,r&b,27,0
Fefe Naa Efe,Fela Kuti,rock,27,1
Mama Ain't Proud,Guy Sebastian,latin,27,0
Escalera,Javiera Mena,pop,27,0
Accidente,Making Movies,latin,27,1
Сарума,Kaspiyskiy Gruz,rap,27,0
Revolution,Catey Shaw,pop,27,0
Never Enough,Blair Woods,pop,27,0
Gbomei Adesai,The Psychedelic Aliens,rock,27,1
Glitterball,Sigma,pop,27,0
Амбасcадора,Gamora,rap,27,0
Baile Sanka,Freddy Moreira,latin,27,0
She's A Dropout,The Apostles,rock,27,1
Holding On - Pomo Remix,Disclosure,r&b,27,1
Ela É Problema,Raufão,rap,27,1
Too Fragile,CIRRRCLE,pop,27,0
Don't Change Me,Kid Runner,pop,27,0
Alucinándote,J Alvarez,latin,27,0
B U M P,Dbstf,edm,27,0
Yin Yang,Maurice West,edm,27,0
Summer Moonlight - Original Radio Edit,Bob Sinclar,edm,27,0
Don't Need You,Adam De Great,edm,27,0
Anywhere - Willy William Remix,Rita Ora,latin,27,1
Right Side of My Neck,Faye Webster,pop,27,1
Bobslee,Merdan D,latin,27,1
Dark Skin Women - Pomo Remix,GoldLink,r&b,27,0
Enough - Jengi Beats Remix,Wantigga,r&b,27,0
Mi Body Good,Akane,pop,27,0
Hands Tied Down - Luhv & Friz Remix,Zuma.,edm,27,0
Detras De Ti,Morty,latin,27,1
Déjalo,Frank Reyes,latin,27,0
Jumper - Radio Edit,Hardwell,edm,27,0
Many Ways - Radio Edit,Ferry Corsten feat. Jenny Wahlstrom,edm,27,0
Paradise,Demun Jones,rap,27,1
Ето банда,Ashim,rap,27,1
Medicine,Jake Adkins,rock,27,0
G.H.E.T.T.O.U.T.,Changing Faces,r&b,27,1
Trouble,Stisema,latin,27,0
Typhoon - Original Mix,Julian Calor,edm,27,0
Dear Life - Original Mix,Dannic,edm,27,0
SIREN,Rothchild,r&b,26,0
The Booty Dub,DJ Magic Mike,rap,26,1
I Got Dat Feelin' - Live,DJ Kool,rap,26,0
I'm Not Afraid,Jill Scott,r&b,26,1
LOVE IN THE FIRST DEGREE ~悪いあなた~ (Remastered 2013),Wink,rock,26,0
Real Slow,Miami Horror,pop,26,0
They Don't Love Me,Jelly Roll,rap,26,0
Bonnie Clyde,Skinny D RDT,rap,26,1
Yank Riddim,snowsa,rap,26,0
44th and 8th,Sean Bradford,latin,26,0
ESCAPE,So Arakawa,r&b,26,0
Lighthouse,Sam Padrul,pop,26,0
Bend Ova,Freddy Moreira,latin,26,0
Pressure,Jidé,rap,26,0
Illuminate,Good Times Ahead,r&b,26,0
Gypsy Woman,GEOTHEORY,r&b,26,0
All Night Long - (Remastered),Peter Murphy,pop,26,1
Lejos de Ti,María Barracuda,pop,26,0
Lose My Mind,Pacific Air,pop,26,0
Lower,TENDER,pop,26,1
Million Bucks - Violet Days Remix,Smallpools,pop,26,0
Flame of Love,Reiji Kawaguchi,pop,26,0
Ghetto Prominenz,18 Karat,rap,26,0
Geto Fantasy,Geto Boys,rap,26,0
Primer,DubVision,edm,26,0
Area51,Hardwell,edm,26,0
Jumpstarter,TWIIG,edm,26,0
Sexy my lady,RIKE,pop,26,0
Lemonade,The Old Americana Band,rock,26,0
Royal Pigs,Broken Baby,rock,26,0
Boy You Knock Me Out - Single Edit,Tatyana Ali,r&b,26,0
Home,New Spell,pop,26,1
Niggas In Paris (Remade Instrumental Originally Recorded By Jay-Z & Kanye West),Niggas In Paris Instrumental,rap,26,1
Cake - Tokyo Mo Remix,Flo Rida,edm,26,0
Eastern Railroad,オメガトライブ,rock,26,0
Here We Go Again,DJ Den,edm,26,0
I Can Handle It (feat. Liz Hill) - Gianni Bini & Fabio Vela Old School Mix,Fabio Vela,edm,26,0
Feel The Bass Again,DJ Magic Mike,rap,26,1
Drown,Theory of a Deadman,rock,26,0
We Rise,Tom & Dexx,edm,26,0
Look Right Through - MK Vocal Edit,Storm Queen,latin,26,0
Shame,Freddie Gibbs,r&b,26,0
En Este Taco,Boca Paila,latin,26,0
Late Night - ROM Remix,GoldLink,r&b,26,1
Treasure of My Heart,Sf Spanish Fly,latin,26,0
Dig Your Grave,The Northmen,rock,26,0
Eye to Eye,Lee Fields & The Expressions,r&b,26,0
Tomorrow Can Wait,David Guetta,edm,26,0
My Girl,The Temptations,latin,26,1
Argent sale,La Fouine,r&b,26,0
Beautiful Mistake,Jorge Blanco,latin,26,0
If You Keep Leaving Me,Anderson East,r&b,26,0
Hello,Blackfield,rock,26,1
Just Can't Get Over You,Kenny Lattimore,r&b,26,1
Euthanize,Zero Theorem,rock,26,0
Confused,Tevin Campbell,r&b,26,1
Our Revolution,Within Shadows,rock,26,0
Hold Me Close,PuFFcorn,edm,26,0
The Way - Marcus Santoro Remix,Shapov,edm,26,0
The Way We See The World (Tomorrowland 2011 Anthem) - Short Vocal Edit,Afrojack,edm,26,0
Запретный плод,CVPELLV,rap,26,1
Woman We Are,Dream Shizuka,pop,26,0
Run,The Exits,rock,26,0
Mr. Loverman (feat. Chevelle Franklin) - Radio Mix,Shabba Ranks,r&b,26,0
Inferno,Hechmann,edm,26,1
At The Same Time,Eric Roberson,r&b,26,1
I'm Still Here (feat. Soul Seekers),Jessica Reedy,r&b,26,1
Sustento (feat. Manny Montes),"Indiomar ""El Vencedor""",latin,26,0
Feelin' So Sexy,Ludacris,rap,26,1
Maria João,Paula Caju,latin,26,0
Parado No Bailão - Swacq Remix,MC L da Vinte,edm,26,0
Reincarnation,People Like Us,latin,26,0
ЧП,N1NT3ND0,rap,26,1
Old School,Aaliyah,r&b,26,1
With You,Kazura,edm,26,0
when the party's over,Billie Eilish,r&b,26,1
Un Bolero Que Te Salve - Remasterizado,Leoni Torres,r&b,26,1
With Me,Vic Roz,edm,26,1
Burn,OSHUN,r&b,26,0
Wasted Thunder,Hotel Apache,pop,26,0
No Nuts No Glory,Geto Boys,rap,26,0
Espero Que Entiendas,Oz,edm,26,1
Be Strong,Werner Mill,edm,26,0
Cerca,Javiera Mena,pop,26,1
Inner Hell,Auralist,rock,26,0
Rain,KEN THE 390,pop,26,0
The Christmas Song,Faith Evans,r&b,26,1
More Than Animals,Awake At Last,rock,26,0
Rim Car De,Mani Sandhu,rap,26,0
Different Ways,Natixx,pop,26,1
Noche,Javiera Mena,pop,26,0
Todas Aquí,Javiera Mena,pop,26,0
Make You Sweat - Single Version; 2007 Remaster,Keith Sweat,r&b,26,0
Attention,Kelis,r&b,26,0
Community,Cranberry Dolphin,latin,26,1
Shorty (Got Her Eyes on Me),Donell Jones,r&b,26,0
Every Single Night - Extended Mix,Norde,edm,26,0
Baby Come Over (feat. Dwele),Hil St. Soul,r&b,26,1
Can't Get Enough,Kenny Lattimore,r&b,26,1
Duppy Mecca,Nomad Carlos,r&b,26,0
My Only SUNSHINE,Junk Fujiyama,rock,26,0
J'veux un mec - Marlon B,Adrienne Pauly,rock,26,0
The Line - Solomun Remix - Kristian‘s Vote,Âme,edm,26,0
Sideshow,Evan Petruzzi,rock,26,0
You Can Be Mine,Janet Jackson,r&b,26,0
Drop It - Radio Edit,Qulinez,edm,26,0
Aire,Javiera Mena,pop,26,0
Better Way (feat. Nichole Turner & Noahsoundz),Soul Recruiter,r&b,26,0
"You Got Me: Brooklyn Brand Mixtape, Vol.1",Roc DaGuard,r&b,26,0
Your Way,JAMO,edm,26,0
君のハートはマリンブルー,オメガトライブ,r&b,26,0
Ghettos of the Mind,Pete Rock & C.L. Smooth,rap,26,0
On and On,Pete Rock & C.L. Smooth,rap,26,1
Sounds Good To Me - Gerd Janson Remix,Hanne Mjøen,pop,26,0
Winter Wonderland,Alexander O'Neal,r&b,26,1
Keep It Jazzy,Exact Change Project,r&b,26,1
Even When It Hurts (feat. Hillsong United & Samuel Nuñez),Mr Jham,edm,26,1
Anonymous - Original Mix,Josh Butler,edm,26,0
Cutoff,BROMYGO,edm,26,0
Boom!,Justin Prime,edm,26,0
ANOTHERLOVE,Prince,r&b,26,0
Electronic Funeral,La Coka Nostra,rap,26,0
Tina Turner,Rapsody,rap,26,0
Hiding,JR JR,pop,26,0
That's Right,DJ Taz,rap,26,0
Bow Down - Edit,Westside Connection,rap,26,0
Everybody Loves My Baby (Swahn Remix),DJ Mibor,edm,26,0
Ragga (Radio Edit),Bolier,latin,26,0
Sweet,Jehro,rock,26,1
The Olden Days,LVDS,edm,26,0
Notte in terza fila - Wolfgang Lohr Remix,Free Shots,edm,26,0
Dirty Skirt - Radio Edit,Phos Toni,edm,26,0
Sober,Elli Ingram,pop,26,1
Attention,Mandi Macias,r&b,26,1
Big Mood,PAST,r&b,26,0
Doo Doo Brown,2 Hyped Brothers & A Dog,r&b,26,1
Outcast,Ontayd'artist,latin,26,0
Commies - Avalon & Laughing Buddha Remix,Circuit Breakers,edm,26,0
Before Dark,Such,r&b,26,1
Power,Deitrick Haddon,r&b,26,0
Reppin' The Kingdom,Deitrick Haddon,r&b,26,0
Still My Child,Mary Mary,r&b,26,1
Comes To Light (Everything),Jill Scott,r&b,26,1
Catacombs,Unaverage Gang,rap,26,1
Can't B Good,Janet Jackson,r&b,26,1
Lovely Thang,Kut Klose,r&b,26,0
Can't Go Home (feat. Adam Lambert) - Crystal Lake Radio Edit,Steve Aoki,edm,26,0
Countdown,KAY JAM,rock,26,0
BOT,GRECO (NYC),edm,26,0
Mary Don't Mind,VANT,rock,26,0
Город дорог,Basta,rap,26,0
In Between (feat. BANKS) - Bonus,6LACK,r&b,26,1
Mamacita,Troop,r&b,26,1
Bite My Tongue,The Academic,rock,26,0
Россия,Basta,rap,26,1
A Escondidas (feat. Jessi Leon),Bonka,latin,26,0
Forever Numb,Skilla O.P.,r&b,26,1
Inconsolable Soldier - Cevin Fisher Remix,Jay Hill,edm,26,1
Irrelevant,Somber,rap,26,1
Perfect,Brooke Alexx,pop,26,0
Laid to Waste,Unaverage Gang,rap,26,1
Face Down,Benjah,edm,26,1
Sinking,Tinley,pop,26,1
Who We Are - Jacked Mix,The Smen,edm,26,0
The Eye of the Beholder,Victor Ruiz,edm,26,0
"Sweet, Sweet Spirit",Gods Property,r&b,26,1
Type of Guy,James Cole,r&b,26,0
I'd Rather Be Your T.H.U.G.G - Remix,Malow Mac,latin,26,0
Brightest Light - Radio Edit,FDVM,pop,26,1
Talking Myself In Circles,Four Year Strong,rock,26,0
Doggie Style,D.J. Rogers,r&b,26,0
Get Me Home - Album Version (Edited),Foxy Brown,r&b,26,1
First Day on the Job,Paul Haslinger,pop,26,1
My Jinji,落日飛車 Sunset Rollercoaster,rock,26,1
Fluto,Bigenesis,edm,26,0
Free Up,Derek Wise,rap,26,0
Losing U (feat. Daylight) - Radio Edit,Klingande,pop,26,0
You & Me,SMOKN,pop,26,1
Don't Let Me Be Lonely Tonight,David Sanborn,r&b,26,1
Suki? Suki!,Night Tempo,r&b,26,0
Melanin Man,Brasstracks,r&b,26,0
Telling the Truth,Brasstracks,r&b,26,0
These Eyes - Remastered,The Guess Who,rock,26,1
Pobres almas sin sol,Helen Quiroga,pop,26,1
Upside Down,RYPPHYPE,pop,26,0
BocaRosa,YoSoyMatt,latin,26,1
Family Reunion Song (feat. Shirley Murdock),Bigg Robb,rap,26,0
Yours,Oh Snap It's Luke!,edm,26,0
Apocalypto,Wasback,edm,26,0
On The Track,Hanzy,edm,26,0
Do That To Me One More Time,Captain & Tennille,rock,26,1
Be on the Stage,KEITA,pop,26,0
Dust,Van Hunt,r&b,26,0
On My Own,Despotem,rap,26,1
Unconditional Love,Hi-Five,r&b,26,0
Cheating and Lying,T.K. Soul,rap,26,0
Alte Schule Frankfurt,Dú Maroc,rap,26,0
Kannste ma sehn,Baba Saad,rap,26,0
Manus Manum Lavat,Saltatio Mortis,pop,26,0
Io sono qui,Salmo,rap,26,0
Conflict,Hellcutter,edm,26,0
Stay Together For The Kids,blink-182,pop,26,0
Feelings,Maydro,edm,26,0
Her Vice,Rex Stax,r&b,26,1
A Flicker Of Hope,Wynardtage,pop,26,0
Songs To Make You Move,Certain Animals,rock,26,0
Black Tongues,One Way to Live,rock,26,0
1st & 10 (Featuring Infamous 2-0 & Fate Wilson),Ludacris,rap,26,0
Can't Stand Losing You - Remastered 2003,The Police,rock,26,0
I Need A Lover,John Mellencamp,rock,26,0
The One Thing,INXS,rock,26,0
Situation - Jay Anthony Remix,Duchess,edm,26,0
Groovin' - Single Version,The Young Rascals,rock,26,1
Lemon Tree - Radio Edit,Pesho,latin,26,0
SUPERSTAR,真之介,pop,26,0
Kiwi,Fanvel,pop,26,0
"Fun House - From ""House Party"" Soundtrack",Kid 'N Play,r&b,26,0
On the Other Side,The Gallerys,edm,26,0
Better Than You,Viciouz Beatz,edm,26,0
No Time to Be,Kramder,edm,26,0
Definition of God,Sean Price,rap,26,0
Latin Thugs - Explicit Album Version,Cypress Hill featuring Tego Calderon,latin,26,0
Obra Maestra,The Psycho Realm,latin,26,0
ROLLING MEMORIES,Kiyotaka Sugiyama,rock,26,1
Lost Boys,Christopher Needle,r&b,26,1
Uuh Mama,Willy Paul,latin,26,0
If It Ain't Dutch,Armin van Buuren,edm,26,0
Never Enough,Groove Theory,r&b,26,1
Tunnels,MS MR,pop,26,0
Kisha,Lil Wayne,rap,26,0
Love First,YVR,edm,26,1
#NAKAMA,XLII,r&b,26,0
Comme des Garçons (Like the Boys),Rina Sawayama,r&b,26,0
Hand Of The Devil,8Ball & MJG,rap,26,0
Personal - PBH & Jack Shizzle Remix,HRVY,edm,26,0
Wait For Me (MOTi edit),Domastic,edm,26,0
Kontiki - Original Mix,Hardwell,edm,26,0
From the Inside,Alice Cooper,rock,26,1
Dollar,Electric Guest,pop,26,1
Funeral March - Original Mix,Black Tiger Sex Machine,edm,26,0
Firefight,Tommy,pop,26,1
Dinah,Blacknuss,r&b,26,1
Your Wildest Dreams,The Moody Blues,rock,26,1
Bang Your Head - Belzebass Remix,Fukkk Offf,edm,26,0
Mercedes Boy - Single Remix Version,Pebbles,r&b,25,0
Let The Bass,Sesco,edm,25,0
I Don't Want You,Martin Miller,r&b,25,1
Crawl,TENDER,pop,25,0
Ain't Right,Isak Dahling,r&b,25,0
Ya No Sirvo Sin Ti,Jiory,latin,25,0
One (feat. Jay Allen),SMO,rap,25,0
Talk to Me,Jill Scott,r&b,25,1
Mr. Crowley - 2002 Version,Ozzy Osbourne,rock,25,0
I Can't Hold Back,Survivor,rock,25,1
You Are My Revival - Remix,Long Hollow Wave,pop,25,0
Before the Start,Newday,pop,25,0
Boys - Coldabank Remix,Charli XCX,edm,25,0
Use Somebody (Classic Bonus Track) - Armin van Buuren Rework,Laura Jansen,edm,25,0
Temptations,Jitwam,r&b,25,1
Natïve,Lisbon,pop,25,0
Prometiste Amarme (Remix),Yariel,latin,25,0
Verdammte Schei*e,Giulia Becker,pop,25,1
Started Out,Georgia,pop,25,0
Let It Move Ya,Bass Modulators,edm,25,0
Can't Explain (42nd Street Happenstance),Jill Scott,r&b,25,1
Don't Surrender,Rewave,rock,25,1
Visiting Hour,Raekwon,rap,25,0
Let It Breathe - Pandhora Remix,Mynox,edm,25,0
All Night Long - Krutz Remix,Jay Slay,edm,25,1
Time 2 Wonder - Radio Edit,DJs@Work,edm,25,0
Heard a Word,Michelle Williams,r&b,25,1
Freak with Me,Keith Sweat,r&b,25,1
Sweet Lies (Featuring Sam Gray),SOLANO,pop,25,0
Mula (feat. 3 Glizzy),Shy Glizzy,rap,25,0
Wasteland,The Jam,rock,25,0
All Day All Night,Bobby Brown,r&b,25,1
Serenade,MACHA!,edm,25,0
Harmony,Natixx,edm,25,0
Livin' On The Edge - Acoustic Version,Aerosmith,latin,25,0
El Festejo de la Vida,Afrodisiaco,latin,25,0
Damn! - Radio Mix,Youngbloodz,rap,25,0
Lausd,Jurassic 5,rap,25,0
Into The Sunset - Dannic Remix,Mako,edm,25,0
Burn,In Flames,rock,25,0
That's What She Said,The Friday Night Boys,pop,25,0
On My Own,BRAN,rap,25,0
"Feelin' Alright - Live at Universal Amphitheater, Los Angeles, CA - 1975",Dave Mason,rock,25,0
The Launch,Nell Widmer,edm,25,0
When It Was Now,Atlas Genius,pop,25,0
Crypto,Merzo,edm,25,0
Suzi in Transe - Original Mix,ANNA,edm,25,1
Straight Music,Sean Price,rap,25,1
Pyrex,Sean Price,rap,25,0
Yes,13-Side,edm,25,0
I Used to Love Someone,Anthony Hamilton,r&b,25,0
Dikke Tieten,Kempi,rap,25,0
Break Every Chain (Reyer Remix),Reyer,edm,25,0
Free-For-All,Ted Nugent,rock,25,0
That's That S*** - Radio Edit,Snoop Dogg,rap,25,0
The Ketchup Song (Asereje) - Summer.radio edit,Megastylez,latin,25,0
Majestic,Journey,rock,25,1
Magazine,Hajk,pop,25,1
FWB,E Z R A,latin,25,1
At Your Best (You Are Love) - Stepper's Ball Remix,Aaliyah,r&b,25,0
Money And The Power,Scarface,rap,25,1
Paddling To You,オメガトライブ,rock,25,0
Something - RetroVision Remix,Funk Machine,edm,25,0
Stereo,Hey Guy,rock,25,0
Moonlight,CURTI$Y,edm,25,0
His Story,TLC,r&b,25,1
Shock Dat Monkey,TLC,r&b,25,0
Jingle Bells,Natalie Cole,r&b,25,1
Beat the Sunrise - Original Mix,SNBRN,latin,25,0
The Will To Live,Ben Harper,rock,25,0
What We Had,TBR,edm,25,0
Chattahoochee (The Tomorrowland Anthem) - DubVision Remix,Dimitri Vegas & Like Mike,edm,25,0
Way Too Good,Lucas Estrada,edm,25,0
Turning Back,MR.BLACK,edm,25,0
Calcutta,Kura,edm,25,0
You Are My Strength,Deitrick Haddon,r&b,25,0
The Art of Suicide,Emilie Autumn,pop,25,1
I Love Rock N' Roll,Jane Ashton,rock,25,1
Never Change,Choklate,r&b,25,0
Ready For Love,India.Arie,r&b,25,1
It Ain't Over,Funk Machine,pop,25,0
Red Wine,Quinn O’Donnell,r&b,25,1
Sleepwalking,Ryan Nealon,r&b,25,0
サファリ・ナイト,Junko Ohashi,r&b,25,0
I'll Do For U,Father MC,r&b,25,0
Charm,Nath Jennings,edm,25,0
Swing Back,Phos Toni,edm,25,0
Easy Life - Tobtok Remix Radio Edit,Jaël,latin,25,0
Honey,Erykah Badu,r&b,25,0
Carita De Angel,Angel Y Khriz,latin,25,0
My Phone,Jodeci,r&b,25,0
Velcro Shoes,Chameleonize,r&b,25,1
Picture,KAY JAM,rock,25,1
Gee Whiz Its Christmas,The Holiday Soul,r&b,25,1
Miracle in the Middle of My Heart - Radio Edit,Clément Bcx,pop,25,1
3000,Jeffrey Eli,edm,25,1
I Blame You,Ledisi,r&b,25,0
Mama Dejame Fumar,Asilo 38,rap,25,1
Promise,Mike Gudmann,edm,25,0
Silver Lining,Pyrex Plat,r&b,25,0
Snipers,saud,r&b,25,0
Crazy Swing,!deladap,edm,25,0
How Hard I Try (feat. James Hersey) - RAC Mix,filous,latin,25,0
Doctor Jesus,Robert Turner,r&b,25,0
Glamour Queen,KAATO,rock,25,0
Reflections,Irvine,rock,25,1
Addiction,Andrew W. Boss,rock,25,0
Transit In Summer,オメガトライブ,rock,25,0
Santa Claus Is Coming to Town,The Whispers,r&b,25,1
Existence,Deorro,edm,25,0
Bad Guy,Critic City,rock,25,0
Wig Out,Pete Rock & C.L. Smooth,rap,25,1
Pull the Pins,This Is Not Utopia,rock,25,0
Волчата,Yarmak,rap,25,1
bum boy (feat. Orla Engstrøm),una schram,r&b,25,1
When You Know What Love Is - R&B Remix,Craig David,r&b,25,0
Life of Crime,Balduin,edm,25,0
Why Do You Love Me,Garbage,rock,25,0
Counterlight,1986 Omega Tribe,r&b,25,1
Light Morning,オメガトライブ,rock,25,1
Am I a Good Man,Them Two,r&b,25,0
My House - Vacuii Radio Edit,Bronx Cheer,edm,25,0
Trylogy,Kurupt,rap,25,1
Vermin,dolorifics,pop,25,0
They Don't,Derin Falana,r&b,25,0
Thinkin' Back,Color Me Badd,r&b,25,1
春の手紙,Taeko Onuki,r&b,25,1
Heavy,Romance and Rebellion,pop,25,0
I'm Dreaming of a Black Christmas,L. Young,r&b,25,1
badboy2,MOE KI,latin,25,1
Corrupted,DuRu Tha King,r&b,25,1
Payback - Original Mix,Sandro Silva,edm,25,0
Doomsday,VASSY,edm,25,0
Rutte No Jave,Freddy Moreira,latin,25,0
Riddim Go,Gregor Salto,latin,25,0
No Never,Sean C. Johnson,r&b,25,1
Necesito,KBM,latin,25,0
Sólo Para Mí,Belanova,pop,25,0
Walk The Line - Laurent Wolf Remix,Laurent Wolf,edm,25,0
Skins (feat. Grand Puba),Pete Rock & C.L. Smooth,rap,25,1
Todo Arde,Pablo Dueñas,rap,25,1
Solo Contigo,Lodel,rap,25,1
P Is for Pompeii,Johnny Stranger,rock,25,0
Luna,The Rose Monarch,latin,25,1
Slow Us Down,Wahlstedt,edm,25,0
Somebody Like Me,Silkk The Shocker,rap,25,1
Player - Jai Wolf Remix,Tinashe,edm,25,0
Stampede - Major Lazer x P.A.F.F. Remix,Dimitri Vegas & Like Mike,edm,25,0
Batshit - Ilkay Sencan Remix,Sofi Tukker,edm,25,0
Sadness,Selah Sue,r&b,25,0
Love Me Or Leave Me,SAYGRACE,r&b,25,1
My Religion,Wilderlife,rock,25,0
It's All Over (But the Crying),Lee Fields & The Expressions,r&b,25,1
Bottle This Love,Pacific,rock,25,0
Asphalt Lady,オメガトライブ,rock,25,0
Cuando no la esperas,Javiera Mena,pop,25,1
Peace in Misery,Death Remains,rock,25,0
They Come at Night,Marianne Faithfull,rock,25,0
Break 'em Off,8Ball & MJG,rap,25,0
This Ain't Love,You in Mind,edm,25,0
Freaky With You,Robert Falcon,edm,25,0
Roses,Pacific Air,pop,25,0
Rave,SOVTH,edm,25,0
Down Low ( Remix),Freak Nasty,rap,25,0
Cut the Line,Joss Stone,r&b,25,0
Contáme,Yung Wacho,rap,25,0
In My Nature (feat. Karina),Good Times Ahead,r&b,25,0
Drama Queen,Shavi,edm,25,0
Ocean,DEAMN,edm,25,0
At Last - Single Version,Etta James,r&b,25,1
I Tell Them (feat. Jack & Lewis),Sam Blans,latin,25,0
Шлюза за дым,Сережа Местный,rap,25,0
До небес,Andery Toronto,rap,25,0
Афганистан,Kaspiyskiy Gruz,rap,25,1
Alive - Radio Edit,Tom Swoon,edm,25,0
Hello,Martin Solveig,pop,25,0
no importa,Alaina Castillo,latin,25,1
Caranguejo,Riko Viana,latin,25,0
Lift Me Up,Blackcode,edm,25,0
Put Tha House Onit,8Ball,rap,25,0
"The Lights, The Nights - Strobe Ver.",Unwork,pop,25,0
Stay,Eternal,r&b,25,0
Powertrip,DallasK,edm,25,0
Whatever I Want,Carta,edm,25,0
Bouncer - Original Mix,Showtek,edm,25,0
We're Warriors,Hellblasterz,edm,25,0
Brain Damage,The Austin Lounge Lizards,r&b,25,1
Data Limite,Peita,rap,25,1
Everything,Jody Watley,r&b,25,0
Como el Agua,Lianna,r&b,25,1
We'll Always Have Paris,Alex Isley,r&b,25,1
Tainted,TENDER,pop,25,1
Nada,vicrossor,latin,25,1
What Will I Do,Timmy T,pop,25,0
Grimey,Tony Romera,edm,25,0
What's Up Girl,Cali Life Style,latin,25,0
Dinner Time,FineRefined,edm,25,0
Everything - CAZZETTE Remix,EDX,edm,25,0
How We Feelin,TWIIG,edm,25,0
Sway (feat. Nevve) - VIP Mix,Syn Cole,edm,25,0
Threnody,Naeleck,edm,25,0
De bara jag här,Nørd,edm,25,0
Sweet Nothing - Tiësto Remix,Calvin Harris,edm,25,0
Ordinary,Wayne Brady,r&b,25,1
Imagine - Remastered,John Lennon,rock,25,1
Trade Wind,オメガトライブ,rock,25,0
Come See Me,Jill Scott,r&b,25,1
Battleship - Original Mix,Teo Moss,edm,25,0
Violence - Teo Moss Remix,Naeleck,edm,24,0
Violence - Original Mix,Naeleck,edm,24,0
Nothing's Gonna Stop Us Now,Starship,rock,24,0
Livin A Country Song (feat. Corey Crowder),SMO,rap,24,0
How Long - EDX's Dubai Skyline Remix,Charlie Puth,edm,24,0
Sensitive,Jennafer Lynsey,edm,24,0
No Me Importa Nada,Byte,pop,24,0
Unsolved Mysteries,South Circle,rap,24,0
Swangin and Bangin,E.S.G.,rap,24,1
Aire,Ana Torroja,pop,24,1
The Party (This Is How We Do It) - Radio Edit,Joe Stone,pop,24,0
Breathe,Electric Shore,pop,24,0
Heroes - 1999 Remaster,David Bowie,rock,24,0
Crees Que Son Mentiras,TREN LOKOTE,rap,24,0
Forgiven,Deitrick Haddon,r&b,24,0
So Simple,Scorsi,edm,24,0
Es Imposible No Puede Ser,Megabeat,pop,24,0
Wave (feat. Mike Sabath) - ARKADI Remix,Meghan Trainor,edm,24,0
Hey Little Girl,ICEHOUSE,pop,24,1
Oblivion - DVN & LEVI Remix,DVN,edm,24,0
I'll Take You - LBCK Remix,MSTR ROGERS,edm,24,0
Clean,Adia Victoria,rock,24,1
Hey Hey - Gianni Kosta Remix,BYNON,edm,24,0
Save Me (feat. Eneli) (feat. Eneli) - Mert Oksuz Remix,Mahmut Orhan,edm,24,0
My Death,Scott Walker,rock,24,1
Pow Wow Wow,Aleman,rap,24,0
La Lola,Krazyp,latin,24,1
So Good (feat. Raekwon),Davina,r&b,24,0
Need U,DVBBS,edm,24,0
Why Are We So Broken (feat. blink-182) - Steve Aoki 182 Bottles Of Beer On The Wall Remix,Steve Aoki,edm,24,0
2 Pound,Taz,rap,24,1
About Last Night,Kid Elliot,pop,24,1
Between the Lines,Cincere,latin,24,1
Falling - Radio Edit,Third Party,edm,24,0
Bring The Roof Down (feat. Luciana),Kura,edm,24,0
Thought We Were in Love,CALI JEWLS,pop,24,0
Picture (In My Brain),Trynket,pop,24,1
Apache Anthem,Wolfpack,edm,24,0
There For You,Jac & Harri,edm,24,0
Wifey - Club Mix/Dirty Version,Next,r&b,24,0
Stand Up,Jessie J,edm,24,0
Down 4 Whateva,Nuttin' Nyce,r&b,24,0
Don't Wanna Love You,Shanice,r&b,24,0
Destroy Me,Unter Null,pop,24,0
First Date,blink-182,pop,24,0
Burgundy Whip - Instrumental,MED,rap,24,1
Artsy (feat. The Grouch),Living Legends,rap,24,0
Rain Fall Down,The Rolling Stones,rock,24,0
Maelstrom,Inoculus,edm,24,0
I Love Rock & Roll,Ken Clayton,pop,24,0
Si Tú Sabes,Kevin G.,latin,24,0
Rorschach,Zero Theorem,rock,24,0
Crazy Eights,Futurist,pop,24,1
Going Down - Radio edit,MATH,edm,24,0
Not Today,Kleøpatra,edm,24,0
Gunshot - Radio Edit,John Christian,edm,24,0
Want More,Kevin Lavitt,r&b,24,1
Lovely,Tane,r&b,24,1
Back Again,Bullistik,edm,24,0
Ping Pong [Mix Cut] - Hardwell Remix,Armin van Buuren,edm,24,0
The Light,Jordan Rakei,r&b,24,1
Call Out My Name,The Weeknd,r&b,24,0
Bouncin' Ass,Vikström,edm,24,0
Brothers In Arms,Dire Straits,pop,24,1
Call 9-1-1,Westside Connection,rap,24,0
Silence,Jetty Rachers,edm,24,0
'Round And 'Round (Merry Go 'Round Of Love),Guy,r&b,24,1
Television,The Academic,rock,24,0
Realize My Dreams - Instrumental,Waft Of Myst,edm,24,0
County of Kings,Fran Lover,r&b,24,0
Another Place - Radio Edit,Mischa Daniels,edm,24,0
Life Goes On (feat. Shawnee Taylor) - Life Goes On 2009,Erick Morillo,edm,24,0
Make Room,Nino Man,r&b,24,0
Mirage,Bayza,edm,24,0
Get The Balance Right! - Combination Mix,Depeche Mode,pop,24,1
It's Gonna Be Alright (feat. Charlie Wilson),Aaron Hall,r&b,24,1
Fire In My Veins,Moish,edm,24,0
I Want the Bass Kick,Viciouz Beatz,edm,24,0
Monster,Novustory,rock,24,0
Ты та...,Basta,rap,24,0
Guerrilla War,Amrit Maan,rap,24,0
Nobody Else - Radio Edit,Scriss,pop,24,1
Get It Together - Remastered 2009,Beastie Boys,rap,24,0
Hands Up,J-ZAID,edm,24,1
Move Your Body,Roldan Law,edm,24,0
Atmosphere,Husman,edm,24,0
Come Thru,Sophia Danai,r&b,24,1
Once In A Lifetime,Lost Stars,pop,24,0
Be Like You - Dante Klein RMX,CVBZ,pop,24,0
Visão,2STRANGE,rap,24,0
Let Me Love You,FlowBack,pop,24,0
Going Crazy,Hardwell,edm,24,0
Bang Your Head (Metal Health),Quiet Riot,rock,24,0
Instinct - MXXWLL Edit,BB Diamond,r&b,24,1
Vollspannschuss,JURI,rap,24,0
Symphony - Acoustic Mix,Sick Individuals,pop,24,1
Kiss of Love,Anything Box,rock,24,0
Can't Breathe,Fefe Dobson,pop,24,0
The Difference,L'Orange,r&b,24,0
Livin' On The Edge,Aerosmith,rock,24,0
Eléktron - Ao Vivo,Gear,rock,24,1
The Christmas Song,Chaka Khan,r&b,24,1
6 Pounds - Radio Edit,Marc Korn,edm,24,0
What Is Love 2016 - Dimitri Vegas & Like Mike Remix,Lost Frequencies,edm,24,0
Celebrate,Jean Baylor,r&b,24,0
Tonight - Club Mix Edit,Newclaess,edm,24,0
For You - Jay Dixie Remix,Deep Chills,edm,24,0
Rag Doll,Aerosmith,rock,24,0
Мне бы в небо (feat. Руслан Черный),StaFFord63,rap,24,0
Bad By Myself,TLC,r&b,24,0
Blak Pudd'n,SWV,r&b,24,1
MANIFEST,STARSET,rock,24,0
Skin Deep,Type4,edm,24,1
Can't Get Enough - Radio Edit,Tommie Sunshine,edm,24,0
Send Me Out (Prod. Kingdom),Kelela,r&b,24,1
Va a Toa,Farruko,latin,24,0
Like You,Anthony Dircson,pop,24,1
Find You,Charming Horses,pop,24,0
Walk Away - Melio Remix,Sick Individuals,pop,24,1
Harley,Letters from the Fire,rock,24,0
Dame Lo Que Quiero,R.K.M & Ken-Y,latin,24,0
Love's Not Fading,Julian Calor,pop,24,0
M'ongeule M'am,EKO,edm,24,0
Gruv Select - Original Mix,Demarkus Lewis,edm,24,0
Flight Level,D3FAI,edm,24,0
Keep On Looking (Kenny Dope Remix),Sharon Jones,r&b,24,0
I Wait - Mall Grab Remix,Ron Blanco,edm,24,0
Aerials,CHRYS THOMPSON,latin,24,0
XXX,WELL$,rap,24,1
Ryūjin,BonRen,edm,24,0
Belong,Wyko,edm,24,0
Like You,Deepmaniak,edm,24,1
Highways Of Love,Johnny O.,latin,24,1
Nothing But Bass,Bass Patrol,rap,24,1
Delirious (feat. Tara McDonald) - Laidback Luke Remix,David Guetta,edm,24,0
Give It All - Vylw Remix,Urban Praise Project,edm,24,0
Ballin' Parlay,Big Pokey,rap,24,1
Override,New Vegas,rock,24,0
I'm the One,Majed,edm,24,1
Never Ending Summer III,オメガトライブ,rock,24,0
Thrive (The nightSHIFT Remix),Casting Crowns,edm,24,0
Dream Police,Cheap Trick,rock,24,0
Doesn't Work - Original Mix,Josh Butler,edm,24,0
Nobody but You,Twelve24,edm,24,0
On My Mind,Galactus Jack,edm,24,0
Sexy Halation,Kiyotaka Sugiyama,rock,24,1
Remember the Brightness,オメガトライブ,rock,24,0
Never Stop Loving You Ft. Terrace Martin & Talib Kweli,9th Wonder,r&b,24,0
Lady Free,1986 Omega Tribe,r&b,24,1
Route 134,オメガトライブ,rock,24,0
Turn Me On (Hold You) - Radio Edit,Kriss Raize,latin,24,0
Anger in the Nation,Pete Rock & C.L. Smooth,rap,24,1
Twitter Handles,Marcus Muscogee,latin,24,0
Get Loose,Almero,edm,24,0
Thinking About You,Rave Radio,edm,24,0
All on You,Ferdinand Weber,edm,24,0
Dumb,Brandon Reeve,edm,24,0
渚・モデラート,Masayoshi Takanaka,r&b,24,1
About Work The Dancefloor - Edit,Georgia,pop,24,0
На связи (feat. shot),Simaga,rap,24,0
Keep Our Love Alive,Afrojack,edm,24,0
Wait For You,Sick Individuals,edm,24,0
Заколоченное,Basta,rap,24,1
Meant To Be,Robotaki,pop,24,0
On The Beach - Scandall 'n Ros Remix,Melleefresh,latin,24,0
Mama Always Told Me,Silkk The Shocker,rap,24,0
Superstar,Tye Tribbett,r&b,24,1
Live Forever - Dunisco featuring JeyJeySax Remix,Patrick Hagenaar,latin,24,0
Wild Mustang (feat. Becky G),Yellow Claw,latin,24,0
Tranki,Diamond la Mafia,latin,24,0
I Need You,Armin van Buuren,pop,24,0
F*** Me Pumps,Amy Winehouse,r&b,24,1
"Click, Clack - Get Back!",Ice Cube,rap,24,0
Dope Man,N.W.A.,rap,24,0
Change Your Mind,Roberto Marín Muñoz,edm,24,0
Doo Ding,Minimatic,edm,24,0
Outa My Head 01101110,Roy English,pop,24,0
"Sex, Love & Water - Sunnery James & Ryan Marciano Remix",Armin van Buuren,edm,24,0
Pray,The Erised,pop,24,1
Can't Stop Now,White Arrows,pop,24,0
Sierra Lift,Blue Hawaii,pop,24,1
Fearless 3:16,Melvin Ayala,latin,24,0
Gozo Vida Cristo Reino,Odanis BSK,latin,24,0
Epilogue - Elska Remix,Weltmusik,edm,24,1
Stranger,Alfie Connor,pop,24,1
Lover,Sweetback,r&b,24,1
The Genesis of the Omega,Sean Price,rap,24,0
Purys Nippis - Faites Leur La Danse Remix,Avi Ness,edm,24,1
Laine de verre,Moja xx,edm,24,1
Reach This High - Frère Jack Remix,Yose,edm,24,0
Journey Inside Yourself,Metronome,edm,24,0
Don't Make the Good Girls Go Bad,Della Humphrey,r&b,24,1
If You Need Me,Wilson Pickett,r&b,24,1
Together Forever,Lisette Melendez,latin,24,0
Fake Bitches,Justina Valentine,rap,24,0
Right Here,doVicente,edm,24,1
S.T.S.,Holden Redd,edm,24,0
Vivir Contigo (Remix),Trending,latin,24,0
Get Up (Rattle) - Vocal Extended Version,Bingo Players,edm,24,0
Steppin' Forward - Designer Drugs Remix,DJ Mykal,edm,24,0
Get Wkd,Sesco,edm,24,0
Love Touch - 2008 Remaster,Rod Stewart,rock,24,0
Election Day,Arcadia,rock,24,1
Spud Webb,Danny Boone,rap,24,0
Still I Crave You,Snowk,r&b,24,0
Girlfriend - Radio Edit,Pebbles,r&b,24,0
Liquid Blue,The.madpix.project,pop,24,0
Don't Hold Us - Radio Edit,Thomas Newson,edm,24,0
No Devotion,TENDER,pop,23,1
Promisers,Stone Forte,edm,23,0
Now That You're Gone,Avazesa,r&b,23,0
Rapido y Lento (feat. Didy) - Smoothies & Vaizar Remix,Max Brigante,latin,23,0
The Lost Boy (feat. Skizzy Mars),Lostboycrow,pop,23,1
Wake Up - Sondr Remix,Chelsea Cutler,pop,23,0
Everything Looks Beautiful,Lucie Silvas,r&b,23,1
Moça Do Vestido Molhado,Monica Casagrande,latin,23,1
Sally,Prigida,edm,23,1
Trying,Madson Project.,edm,23,1
Longe - Acústico,Lizandra,latin,23,1
Meraki - Original Mix,Stan Kolev,edm,23,0
"Now That We Found Love - 7"" Radio",Heavy D & The Boyz,r&b,23,1
Dead or Alive,J. Loree,rap,23,0
Price & Shining Armor,Sean Price,rap,23,0
Hard Hittaz - Explicit Album Version,Three 6 Mafia,rap,23,0
TOTSUKA feat. サイプレス上野,ASOBOiSM,pop,23,1
Something Shiny - Radio Edit,Tom Noize,edm,23,0
Looking For Sunshine - Original Mix,Yeah Boy,pop,23,1
Inspector Gadget,Madam Misfit,edm,23,0
Love Rush In,Orjan Nilsen,edm,23,0
Who We Are,Younotus,edm,23,0
Mr O'Butler,Jive Me,edm,23,1
Puttin' On The Ritz - Disco Mix Radio Edit,Taco,edm,23,0
Dance With You,Lemonface,edm,23,1
Quedo Envuelto,Nicolas Nerva,r&b,23,0
Back to Me,Citna,latin,23,1
Terminus,La Fouine,r&b,23,0
Don't Give a Damn - Varrick Frost Remix,Ginkgoa,edm,23,0
T-Rex - Mdk Edit,Mike Candys,edm,23,0
Who Do You Love,The Chainsmokers,pop,23,0
Darth Vader,Blow Money Fast,rap,23,1
Never Let You Go - Radio Edit,Dash Berlin,edm,23,0
On My Way (feat. Martyn Ell) - TooManyLeftHands & Cueto Club Remix,TooManyLeftHands,edm,23,0
Take Me There,A l l i e,r&b,23,1
Not Alone - CHRNS Remix,Sick Individuals,edm,23,0
Body to Body,Tomoko Aran,r&b,23,0
Way Out,Minty Burns,r&b,23,1
Win Again,Scott Paul,r&b,23,1
Starlight Girl,Night Tempo,r&b,23,0
So You Like What You See,Samuelle,r&b,23,0
君はIN the RAIN,オメガトライブ,rock,23,1
Te Mando Flores,Fonseca,latin,23,0
Kill ‘Em With Da Boom,Tuff London,edm,23,0
CROWNS - DDCK Remix,CASS,edm,23,0
Heartbreaker,Free,rock,23,0
Everlasting,Chris Howland,edm,23,0
Never Ending Summer I,オメガトライブ,rock,23,0
Never Ending Summer II,オメガトライブ,rock,23,0
I'm So Hot - Tonic Remix,J-Trick,edm,23,0
When The Sun Comes Down - Radio Mix,R.I.O.,edm,23,0
Show Me Love (Infinity Remix),Jack Holiday,edm,23,0
single,Musiq Soulchild,r&b,23,0
Dimensions,Aristic,rock,23,0
Picture Me,C-Murder,rap,23,1
Hype,Kid 'N Play,rap,23,1
Out in the Cold - Recorded at Kemper Arena in Kansas City,Judas Priest,rock,23,0
Hey Mister,Tujamo,edm,23,0
Hey Kid,Bad Seed Rising,rock,23,0
The Whole Truth,Abby K,rock,23,1
Show Me,Raquel Aurilia,rock,23,1
Avalon,Dave Garnier,edm,23,0
Khan's bargain - Original Mix,Nebraska,edm,23,1
Feel Like Makin'Love - Original Mix,Borrowed Identity,edm,23,0
I Miss You (feat. Julia Michaels),Clean Bandit,r&b,23,0
Hallelujah,Shim,rock,23,0
She Made a Freak Out of Me,"Lee ""Shot"" Williams",rap,23,1
Endlich wieder asozial,Baba Saad,rap,23,0
Drive (feat. Ezra Carey),Myzica,pop,23,0
TRN IT UP,Matt Watkins,edm,23,0
Stranger - Blanke Remix,Peking Duk,edm,23,0
Take Me,Steve Hartz,pop,23,0
Suicide (Gonna Make Its Call),Bad Apples,rock,23,0
Where We Belong,The Golden Army,edm,23,0
Bad Beat,Joey Antonelli,edm,23,0
"Ponte Puty (feat. Franco ""El Gorila"")","Galante ""El Emperador""",latin,23,0
Shambo,NAEMS,edm,23,0
Caribbean Rave - Instrumental Mix,W&W,edm,23,0
D# Fat - Radio Edit,Armin van Buuren,edm,23,0
Once Again - Original Mix,Headhunterz,edm,23,0
Miedo,Ivan R,latin,23,0
Only You,Pete Kingsman,edm,23,0
Jingle Baby,Stephanie Mills,r&b,23,0
Running Away,Fullife,pop,23,0
Amiga,Pol Del Sur,pop,23,0
Sell My Story,James Patricio,latin,23,1
Hey Child,Rewind,latin,23,0
Running in Circles,Thomas Wescott,rock,23,0
Hark! the Herald Angels Sing,Take 6,r&b,23,1
Winter Wonderland,Lou Rawls,r&b,23,1
Tell Me,Rust,pop,23,1
Drink,Bad Apples,rock,23,0
All Year,Terrace Martin,r&b,23,1
You & I,Mercer,pop,23,0
Bro Hymn,Quintino,edm,23,0
Electric,Tyler Gilbert,rock,23,0
Ocean,SZY,edm,23,1
Anthem,Jay Prince,r&b,23,0
Bruh,Jengi,r&b,23,1
We Are,TWIIG,edm,23,0
Runnin' with the Devil - 2004 Remaster,Van Halen,rock,23,0
Code Of The Streets,Gang Starr,rap,23,0
Cosmic Dark - Radio Edit,Pitchback,edm,23,0
Catch,DVBBS,edm,23,0
Lines,Keo Nozari,pop,23,0
Never Let Go - Radio Edit,Culture Code,edm,23,1
Nuisance,Tafi,rap,23,0
Broke,Andreya Triana,r&b,23,0
Bounce,L1ND,edm,23,0
Мы не с центра,Chestnyi,rap,23,0
Do It for the Photos,Two Neighbors,pop,23,0
Sábanas blancas,Omara Portuondo,r&b,23,1
On My Mind - Edit,Peer Kusiv,edm,23,0
Love Makes Things Happen,Babyface,r&b,23,1
Her Voice,Alison Darwin,r&b,23,0
Straight UP,Quadd21,r&b,23,1
Good Times,Sidney Charles,edm,23,0
Empty Space,Impulz,edm,23,0
Duro,Vikström,edm,23,0
mello.w,.SØN,r&b,23,1
Beam [Mix Cut] - Dannic Mix,Mako,edm,23,0
Пуля на вылет,N1NT3ND0,rap,23,1
Кружим,Seryoga,rap,23,0
Ratchet,DJ White Shadow,pop,23,0
Another You [Mix Cut] - Mark Sixma Remix,Armin van Buuren,edm,23,0
Breakdown Cover,Barney Artist,r&b,23,0
Everybody Is In The Place [Mix Cut] - I AM Hardwell Intro Edit,Hardwell,edm,23,0
Extraspecial,Mark Lettieri,r&b,23,1
Flashes,ODDLIQUOR,rap,23,1
I Don't Wanna Hurt No More,"Danny ""Butch"" Means",rap,23,0
Brownstone feat. BXRBER,Brasstracks,r&b,23,0
Locals Only,Dom Kennedy,rap,23,0
When You Say That,Brasstracks,r&b,23,0
Welcome to My Life - Acoustic,Simple Plan,latin,23,1
Alles oder Nichts,Subway To Sally,pop,23,0
I Wish (Matte & Kuur Remix),William Black,edm,23,0
Harmonious Expectations,jjsauma,edm,23,1
It Ends Tonight - Acoustic Version,The All-American Rejects,latin,23,0
ATL Hoe,Baby D.,rap,23,0
Let It Out,Tha Alkaholiks,rap,23,0
1994,Quasimoto,rap,23,0
Backpack,gizmo,rap,23,0
Double Vision - 2008 Remaster,Foreigner,rock,23,0
Shame,Zhané,r&b,23,0
Gotta Get Yo' Groove On,Tevin Campbell,r&b,23,0
Demons,Jay Portal,rap,23,1
Black Heart,James Quick,pop,23,1
Hey Love (Can I Have A Word),R. Kelly,r&b,23,0
Ghost of Tupac,Beamon,rap,23,1
Hell Yeah!,Stacy Barthe,r&b,23,0
When We Lie,Anything Box,rock,23,0
Stay,Meshell Ndegeocello,r&b,23,1
Do What U Gotta Do,Angie Stone,r&b,23,1
Bitchigotabulletwityonameonit,Bill $Aber,rap,23,0
Make Believe,Kenny Lattimore,r&b,23,1
Midnite - Interlude,Raheem DeVaughn,r&b,23,1
Walking With Shadows,John Dahlbäck,edm,23,0
Dreams,L'Epee,rock,23,0
Too Young To Die - Pineapple & Palm Tree Mix,TooManyLeftHands,edm,23,0
Reverse - Penthox Remix,SomeKindaWonderful,edm,23,0
Dose of You - Radio Edit,Helena Legend,edm,23,0
Gravity,Deitrick Haddon,r&b,23,0
Every Single Piece - Radio Edit,Redondo,pop,23,0
I See Fire,Ed Sheeran,r&b,23,1
Jarabi,Ketama,r&b,23,1
The Stand,Joolz,pop,23,1
Something Good,Paul Haig,pop,23,0
Darkside,blink-182,rock,23,0
Can't Hold On,Tragedy Channel,rock,23,0
Painted Moon (Blues Mix),The Silencers,pop,23,1
Dame la Luna,María Barracuda,pop,23,0
Honey Dip,Portrait,r&b,23,0
Give Me,AlexEps,edm,23,1
Growing Pains - Alphalove Remix,Alessia Cara,edm,23,0
Love is Here to Stay - (Radio Mix),Nice Cut,latin,23,0
Walk,RoSaWay,latin,23,0
Free,Geto Boys,rap,23,1
No Hay Palabras,Mœnia,pop,23,0
A Part,INTET,pop,23,0
Two Fine People,Yusuf / Cat Stevens,rock,23,1
All That I Need feat. Cherokee - Dave DK Remix,Fahrland,edm,23,0
Free Your Soul,Devin Farney,pop,23,0
Nightride,Carl Louis,pop,23,0
All Night Long - Zakkov Remix,Jay Slay,edm,23,0
She Walks on Water,Landon Holloway,edm,23,1
Lessons In Love (feat. Neon Trees),Kaskade,edm,23,0
Against the World - Radio Edit,Morgan Page,edm,23,0
Sueltame Las Cadenas,Papo La Chercha,latin,23,1
Por Causa da Bandida,Kaian Muniz,latin,23,0
Passenger Side - Grizfolk Remix,Smallpools,pop,22,0
Handmade Ego,TENDER,pop,22,0
Don't Be Afraid (Untitled Pt. 2) [feat. Nug's],NugLife,r&b,22,1
Wah Wah Wah,Kayo Genesis,r&b,22,1
Plucking Daisies,PackFM,r&b,22,0
Underground,bad nelson,edm,22,0
Bass,MGM,edm,22,0
I Want You (feat. Matthew John Kurz),Robotaki,edm,22,0
Play Thang,Jodeci,r&b,22,0
She Will Be Loved,Maroon 5,latin,22,0
Rebound,Leo Reyes,edm,22,0
All About My Doe - Feat. Ronnie Spencer & Fat Pat,Pymp Tyte,rap,22,0
Touch Me - All Night Long,Wish & Fonda Rae,latin,22,0
Don't Stop,Freestylers,latin,22,0
Raaja,Noiz Van Grane,edm,22,0
Stay The Same - Dave Ruthwell & Mr. Sid Remix,Sonic Snares,edm,22,0
Querida Maldita,Bascur,latin,22,0
Break Down The Doors - Danny Howard Remix,Erick Morillo,edm,22,0
The Ma'ma Song,Roc DaGuard,r&b,22,0
Innocent,The Whispers,r&b,22,0
"I Don’t Wanna Live Forever (Fifty Shades Darker) - From ""Fifty Shades Darker (Original Motion Picture Soundtrack)""",ZAYN,pop,22,1
Black Panther,Wiwek,edm,22,0
Bedside Radio - Remastered,Krokus,rock,22,0
Everything You Do,Spectral Knight,edm,22,1
U Know What U Did,Nelson Leeroy,edm,22,0
Butterfly Effect,Bushido,rap,22,0
Different Morals - Clockwork Remix,Luca C,edm,22,0
Dance?,Night Tempo,r&b,22,0
Lovely!,Night Tempo,r&b,22,0
Reversible Love,Night Tempo,r&b,22,0
Tired,Tvbuu,rap,22,0
Billion Dollar Babies,Alice Cooper,rock,22,1
Burning Flame,Vitamin Z,rock,22,0
The Wall,Scarface,rap,22,1
Make 'Em Say Uhh - Edit,Master P,rap,22,0
Gang,Lil Reese,rap,22,1
New Jack Swing,Wreckx-N-Effect,r&b,22,0
Nextel Chirp,Maceo,rap,22,0
Give U My Heart (feat. Toni Braxton) - Album Radio Edit,Babyface,r&b,22,0
Guarda Come Flexo 2,MamboLosco,rap,22,1
Higher (feat. Deronda K. Lewis),Twelve24,edm,22,0
Never Know,6LACK,r&b,22,1
Wouldn't Be Surprised,Oddisee,r&b,22,0
Back to the Future,Kydd Jones,r&b,22,0
Old School Kind Of Love,Leela James,r&b,22,0
Balance,Jay Lumen,edm,22,0
Alfa & Omega,Gerstronik,latin,22,0
Gunfight,Sick Puppies,rock,22,0
Feel It - Steve Aoki Remix,Max Styler,edm,22,0
Gansta (Put Me Down),Geto Boys,rap,22,1
Success,Pete Flux,r&b,22,0
Constantly 'N Danger,C-Murder,rap,22,0
Hardest Pit,Big Pokey,rap,22,0
Only Pain,Theis EZ,edm,22,0
Letter To Ouisch,La Coka Nostra,rap,22,0
Close Enough,Slight Diversion,pop,22,1
Loverboy - Acoustic Version,You Me At Six,pop,22,1
September Song,JP Cooper,latin,22,0
ASPHALT LADY,Kiyotaka Sugiyama,rock,22,1
Hold On,Stisema,latin,22,0
Mayonaka No Screen Board,オメガトライブ,rock,22,0
Voce é Bossanova,Taeko Onuki,r&b,22,1
Respect Us,Lil Wayne,rap,22,0
Remember Me,Lil Wayne,rap,22,0
Escapémonos,Profetas,latin,22,1
Supernatural,APEK,edm,22,0
Gravity - Radio Edit,Kevin Wild,edm,22,0
La choza de Chacho y Chicha,Tony Avila,r&b,22,1
TOKYO GIRL,Minako Honda,r&b,22,0
Waves,Buzz&Fuxx,edm,22,0
Flow,Buzz&Fuxx,edm,22,0
Already Love,Great Good Fine Ok,pop,22,0
Cold Walls,Desert Minds,edm,22,0
Too Much Birthday,People Under The Stairs,r&b,22,0
Warming Up,Pete Flux,r&b,22,0
This Feeling (feat. Kelsea Ballerini),The Chainsmokers,pop,22,0
Blind Paradise,Debórah Bond,r&b,22,0
Never Was,Debórah Bond,r&b,22,1
My League,Mavado,latin,22,0
For My God (feat. Jennifer Hudson),Empire Cast,r&b,22,0
Odyssey,Alizzmatic,edm,22,1
Bridge over Troubled Water - Radio Edit,Roberto Bates,latin,22,0
Feelin' Inside,Bobby Brown,r&b,22,0
Treppenhaus Authentic,Olexesh,rap,22,0
Sneakers,The Inoculated Canaries,rock,22,0
Somebody - Modern Machines Remix,Natalie La Rose,edm,22,0
Battle Party,Almanij,edm,22,0
Blackout,Almanij,edm,22,0
Afterlife (Reyer Remix),Reyer,edm,22,0
Story Of A Quarryman,Joe Bonamassa,rap,22,0
A Dream Is A Wish Your Heart Makes,Vinil,pop,22,0
Heaters,Kevu,edm,22,0
Bittersweet Symphony,Graeme James,r&b,22,0
Гагарин (feat. Каспийский груз),Advaita,rap,22,0
Shakalaka (Instrumental),Rex Stax,edm,22,1
Velvet,falcxne,r&b,22,0
Long Walks,Okvsho,r&b,22,1
Juice,London Jae,r&b,22,1
Sunshine,ARTY,edm,22,0
Send Her My Love - R.O Remix,Lost Frequencies,latin,22,0
Hurricane (Radio),Dzeko & Torres,edm,22,0
Look At Us Now - Dzeko Remix,Lost Kings,edm,22,0
Sunshine - Re-Recorded,Lil' Flip,rap,22,1
Stormbringer - 2009 remix,Deep Purple,rock,22,0
Body Like A Back Road,Sam Hunt,latin,22,1
Papa was a rollin'stone,Eddie Kendricks,r&b,22,1
Yellow Brick Road,Xavi,edm,22,1
MI NUH FRAID (Extravaganza Riddim),ramhead,pop,22,0
Call Your Name,A.M.T,pop,22,0
Running To You,Deitrick Haddon,r&b,22,0
Mi Like It,D'Koncep,latin,22,0
Ксенон и тонировка,StaFFord63,rap,22,1
Ferro,AWASAKI,edm,22,1
Crash n Burn,Ilvs,edm,22,1
SCARS (feat. Cub Rayan),Sick Individuals,edm,22,0
You Dig,Hot Boys,rap,22,0
Somethin Serious,Big Mike,rap,22,1
Modern Love Is Automatic,A Flock Of Seagulls,rock,22,1
No Importa Que el Sol Se Muera,Mœnia,pop,22,0
Where Ya Love At,Mr. Mike,rap,22,0
We Bout It,Brasstracks,r&b,22,0
Balls,Olivia King,r&b,22,0
Teach Me,Alsogood,r&b,22,1
Rampage [Mix Cut] - Original Mix,Bassjackers,edm,22,0
Stick Around,Julian Lennon,rock,22,1
Wasted (In The Morning) - Radio Edit,Steff da Campo,edm,22,0
Badboy Sound,Diskord,edm,22,0
Silence Before The Storm,Quiet Disorder,edm,22,0
Together,Deekey,edm,22,0
Turn The Music Up! - Radio Edit,Wildstylez,edm,22,0
Runaway,Pierce Fulton,edm,22,0
Hände hoch,Baba Saad,rap,22,0
Six Hundred Sixty Six,Klone Ambition,rap,22,0
Free Souls,Nicola Conte,r&b,22,1
I Like Dem Girlz,Jazzy Pha,rap,22,0
I Want U,Martin Fritzon,edm,22,0
Fire,Hugh Graham,edm,22,0
Chaos Theory - Original Mix,Mark Knight,edm,22,0
China Girl - 1999 Remaster,David Bowie,rock,22,0
Enemy Turf,Juvenile,rap,22,0
Spend My Time With You (Electro Swing Remix),11 Acorn Lane,edm,22,0
Catch & Release (Alex Adair Remix),Matt Simons,edm,22,0
Lean On (feat. MØ & DJ Snake) - Tiësto & MOTi Remix,Major Lazer,pop,22,0
Blood of Babylon,THE NEW DEATH CULT,rock,22,0
Indiana,Tom Aspaul,pop,22,0
"Bigger Life - Live @ Königsplatz München, 15.09.19",Michael Patrick Kelly,rock,22,0
Area,Zero Theorem,rock,22,0
My Body,Siks,edm,22,0
Rebel Rebel - 1999 Remaster,David Bowie,rock,22,0
Cha Cha Slide - Hardino Mix,DJ Casper,pop,22,0
That's My Attitude,Troop,r&b,22,1
I'm Not Soupped,Troop,r&b,22,0
Who Gives You That High,Greenskeepers,edm,22,1
Lume,AWASAKI,edm,22,1
Ponzu Beach - Original Mix,Ponzu Island,edm,22,0
Survivors - Radio Edit,Hardwell,edm,22,0
When You Come Around,Chasing Desolation,rock,22,0
Matthew in the Middle (feat. Daniel Caesar),Sean Leon,r&b,22,1
Guava,Flosstradamus,rap,22,0
Hellraiser,Motörhead,rock,22,0
Foe Life,Mack 10,rap,22,0
Woop Woop,Paxel,edm,22,0
OhLaLa,Ninjula,edm,22,1
Chocolate,Jova'e Nicole,r&b,22,1
Get Rite,Roc DaGuard,r&b,22,0
Cool Mind,Niwel,edm,22,1
Sloppy Seconds,Watsky,pop,22,0
Valotte,Julian Lennon,rock,22,1
"She's Mine (feat. Pete Rock, C.L. Smooth & D.J. Eddie F)",Basic Black,r&b,22,0
La fuerza del corazón,Alejandro Sanz,latin,22,1
Outta Control,Winning Team,edm,22,0
Kahalari,Lstn,edm,22,0
It's Alright,Jodeci,r&b,22,0
Raise a Toast,Danny Boone,rap,21,0
Imports,Chase,r&b,21,1
Pillows,Pillows,r&b,21,0
Undead,Parts Per Million,rock,21,0
Forevermore,The Northmen,rock,21,0
Back To Me,Vhask,edm,21,0
Shake The Tree - Extended Mix,Simon Field,edm,21,0
Drop It,CamelPhat,edm,21,0
far away from here,yaeow,pop,21,1
I'm Still Here (feat. Corey Crowder),SMO,rap,21,1
Antidote (feat. Nico M),Ken Takano,edm,21,0
Отмели,N1NT3ND0,rap,21,1
Talk To Me,F$O Dinero,rap,21,1
All This Time,Deorro,pop,21,0
Wrong for Me,OUTRAGE,edm,21,0
BET the Family Business (Original Soundtrack),"DeCarlos ""COS"" Waller",r&b,21,0
I Will Go Down,Y'Akoto,r&b,21,1
Speak To Me,Ari Lennox,r&b,21,1
Караван,Chester Nebro,rap,21,1
Ensemble - Original Mix,Vicetone,edm,21,0
The Great Escape,Noréll,edm,21,0
Be Mine,DeejaVu,edm,21,0
Freaking Out Loud,Laura Cox,rock,21,0
Without No Fear,Urchin,pop,21,0
Until,Raheem DeVaughn,r&b,21,0
This Is Living,Flight Club,rock,21,0
2 Schüsse in die Luft,Baba Saad,rap,21,1
Slam Dunk (Way To Go!),Quiet Riot,rock,21,0
Tarantella,TWIIG,edm,21,0
Grow Old With Me,John Lennon,rock,21,1
Oh Yoko! - Remastered 2010,John Lennon,rock,21,1
Gringos,Kevu,edm,21,0
New Year - Original Mix,Croma,edm,21,0
Deriol,Croma,edm,21,0
Bourdeaux,Croma,edm,21,0
Pocket Full of Stones,UGK,rap,21,1
The Chain,Fleetwood Mac,rock,21,1
Elements - Original Mix,Franky Rizardo,latin,21,0
Focused,Olivia King,r&b,21,1
Future Technology,Pantac,edm,21,0
Turn It Up,Subliminals,edm,21,0
Whoopedoo - Varrick Frost Remix,Balduin,edm,21,0
Guerrilla,Juvenile,rap,21,0
It Hurts (There Must Be a Taste of Murder in It),The Lotus Eaters,pop,21,1
All Day And Night - Jax Jones & Martin Solveig Present Europa,Jax Jones,pop,21,0
Unless We Forget - Original Mix,Jewelz,edm,21,0
Sober Thoughts - Chris McClenney Remix,GoldLink,r&b,21,0
Flight Mode - Jengi Beats Remix,Mr Sanka,r&b,21,0
So Close - Curbi Remix,NOTD,edm,21,0
You Say,Lauren Daigle,pop,21,1
Shhh,Tevin Campbell,r&b,21,1
Ugly,Scoo8y Smack,rock,21,1
Like This,Sebastian Mateo,edm,21,0
You Got That,LOUD ABOUT US!,edm,21,0
Nappy Roots Day,Nappy Roots,rap,21,0
Brilliant White,Shizuka Kudo,rock,21,1
Simple Things,HarukiD,pop,21,0
See You When I See You,Goodie Mob,rap,21,0
Y.E.S,KEITA,pop,21,0
The Key To Your Ferrari,Kitten & The Hip,edm,21,0
Vibes,Maybon,pop,21,1
Calm Like A Bomb,Rage Against The Machine,rap,21,0
FourFiveSeconds,Rihanna,pop,21,1
Rude Vybez,Merdan D,latin,21,0
No Mo Play In G.A.,Pastor Troy,rap,21,0
Keep On Dancing,John De Sohn,edm,21,1
Love Somebody - Mr. Carmack Remix,Ta-ku,r&b,21,1
Gimme GImme,iamSHUM,latin,21,0
Teenagers,Scoo8y Smack,rock,21,1
Gave 'em Love,Scoo8y Smack,rock,21,0
Surrender All,Sean C. Johnson,r&b,21,0
По лбу.,Kaspiyskiy Gruz,rap,21,0
Do It for Love,Erlandsson,edm,21,0
Last to Know,Roosevelt,pop,21,0
Helpless - Interlude,MALIA,r&b,21,1
X2UO,Honors,r&b,21,1
Hoy,Bonka,latin,21,1
Aftermath,Supacooks,edm,21,0
Keep It Goin',Deorro,edm,21,0
Braids & Fades - Feat. Slim Thug,E.S.G.,rap,21,0
MarudeSaturday Night,BABY-T,pop,21,0
New Shoes - feat.Shun Murakami,phai,pop,21,1
Take U Home,Kev.,edm,21,0
Not Really (Busta K Remix),Sage Charmaine,edm,21,1
Ny Champagne,Camilo & Grande,latin,21,0
You Are The Woman,Firefall,rock,21,0
Do What You Do - Original Mix,Klaas,edm,21,0
Artemis,Shadw,edm,21,0
Danger,Steven Vegas,edm,21,0
Lungs,Tazdied,rap,21,1
Love Bites,Luck Wallace,pop,21,0
Glow - JSapp Remix,Britt Nicole,edm,21,0
Do I,Alice Smith,r&b,21,0
Make Your Mark,Drew Ryan Scott,pop,21,0
Ether,Nas,rap,21,0
Quintessential,Rick Ross,rap,21,0
Instagram - Bassjackers Remix,Dimitri Vegas & Like Mike,edm,21,0
JAM fo'freedom (SASUKE Remix),RUN THE FLOOR,pop,21,0
Hall & Oates,Satchmode,pop,21,0
ZCN,Alizzmatic,edm,21,0
The Dumbo's Party,Alizzmatic,edm,21,0
Подогрев,Andery Toronto,rap,21,0
My Gang,Chester Nebro,rap,21,0
Уведи меня за собой,Chester Nebro,rap,21,0
You Got Me,Conya Doss,r&b,21,1
Tomorrow,The Roots,r&b,21,1
That Funky Sound,RSIN,edm,21,0
Pew Da Pow,Corx,edm,21,0
En El Varrio,Spanky Loco,latin,21,0
White Men Can't Jump,Riff,r&b,21,0
Lamped,Like,r&b,21,0
I Shot The Sheriff,Eric Clapton,rock,21,1
Kano Kalokeria,Kim,rock,21,0
Imagine,Rob Tirea,pop,21,0
Anything (feat. Next),Jaheim,r&b,21,1
Morseton 2.0 (Elektro Pop Cut),Heiko & Maiko,edm,21,0
Jump - Original Mix,Wolfpack,edm,21,0
Bad Idea (feat. Chance the Rapper),YBN Cordae,rap,21,1
Because You Move Me - VIP Mix,Tinlicker,edm,21,0
Down,Melissa Crispo,pop,21,1
Gangsta B,Master P,rap,21,1
I Just Wanna Die,Geto Boys,rap,21,0
Whatcha Wanna Do,Mia X,rap,21,1
Night Lights - Borgeous Remix,K Theory,edm,21,0
Without Love (feat. Miss Palmer),Deorro,edm,21,0
Twilight Bay City,オメガトライブ,rock,21,0
Toi Hitomi,オメガトライブ,rock,21,1
Sing Hallelujah!,Dr. Alban,pop,21,0
Chega de Falar de Ice,Leozin,rap,21,1
Dance With Me,Kyle Kinch,edm,21,0
Fallin',Alicia Keys,r&b,21,1
Lunatic,Vikström,edm,21,0
Slow Motion,Color Me Badd,r&b,21,0
Out of Sight,KAY JAM,rock,21,0
Forever Mine,Andra Day,r&b,21,0
Crazy,Betty Moon,latin,21,0
Hard Luck,Flight Club,rock,21,0
Strangers After,Flight Club,rock,21,0
Chai Tea,audrey,pop,21,1
Change The World (feat. Hollyn) [David Thulin Remix],Derek Minor,edm,21,0
Music Is The Only Way I Can Cominicate (edit),Shake,edm,21,0
Non Planned Holiday,Prume,r&b,21,1
Gangsters & Players,Westside Cartel,latin,21,0
Shimasyou! (Do It!),Night Tempo,r&b,21,0
BBQ Sauce,Sean Price,rap,21,0
Elements,Joachim L,edm,21,0
Boom Boom,Abdi,latin,21,0
Killer Queen - Remastered 2011,Queen,rock,21,0
Learn Ya,6LACK,r&b,21,1
Diary Of A Madman,Scarface,rap,21,0
Jorniel,Yotam Avni,edm,21,1
Skeletons,Heartist,rock,21,0
I Used To Love Her (Again),Murs & 9th Wonder,rap,21,1
Turn It Up,Raja-Nee',r&b,21,0
Where I Wanna Be Boy,Miss Jones,r&b,21,0
Ooh Baby Baby,Lil Rob,latin,21,0
All on You,Alvin Marquis,r&b,21,0
Destiny,Night Tempo,r&b,21,0
Strawberry Letter 23,Tevin Campbell,r&b,21,0
Ghetto Life,Master P,rap,21,0
Alive,Silvera,rock,21,0
Una Vez Más,La Suite,rock,21,0
Down in da Club,Jackie Neal,rap,21,0
No Exit,J. Roland,edm,21,0
This Place,Logan Pollard,pop,21,1
Blame,Skylar Stecker,pop,21,0
Platonic Dancer,オメガトライブ,rock,21,0
FAREWELL CALL,Kiyotaka Sugiyama,rock,21,1
Sticky Green,Devin The Dude,rap,21,0
Supernova,Vettafaen,edm,21,0
Breaking My Rules,Shannon Chapman,r&b,21,1
Anastasy,TheLavish,pop,21,0
Good Omen,Ortzy,pop,21,0
I Need You - Live,Tom Petty and the Heartbreakers,rock,21,0
Find Love,DJ Counselling,edm,21,1
Change My Mind,Lucie Silvas,r&b,21,1
Root Circles (Short-Take),KreisEckBeats,edm,21,0
Love Letters and Cigarettes,Liv Young,pop,21,0
The Shire (Part 1),Threshold,rock,21,1
Bahama Breeze,"Sarah, the Illstrumentalist",latin,21,1
Wherever You Go,Jonas Blue,pop,21,0
All Night Long - KlangKonzert Remix,Jay Slay,edm,21,1
"The Fountain of Glow, Pt. 3",Sylvan,rock,21,1
Make It Rain,The Audition,pop,21,0
Who I Am,Danny Boone,rap,21,0
From the Radio,Danny Boone,rap,21,0
After Midnight,Eric Clapton,rock,21,1
Survivor's Guilt,The Fight Left Inside,rock,21,0
Out of this,Teal Sky,edm,21,1
Closer - Sultan & Ned Shepard Remix,Tegan and Sara,edm,20,0
Do You Hear What I Hear,Gladys Knight & The Pips,r&b,20,1
Give Love On Christmas Day,SWV,r&b,20,0
Nomite - Passenger 10 Remix Edit,Horisone,pop,20,0
Se Enterro,MV5,latin,20,0
Laura's Song 2 (feat. Von Pea & Che Grand),Donwill,r&b,20,1
(I've Had) The Time of My Life,Bill Medley,rock,20,1
22,Gui Brazil,latin,20,0
Do You Wanna Get High,Bad Feelings,pop,20,0
Lost in the Fire,Gesaffelstein,pop,20,1
Venq Tolep - Hit Club Version,Robag Wruhme,pop,20,1
Stellar,Sansixto,edm,20,0
Long Distance Operator - Remastered,The Band,rock,20,1
Seven Days and One Week,SKIY,edm,20,0
What It Is,Eyes Everywhere,edm,20,0
Telltale,Cultivo,r&b,20,1
Aeta,LaCrème,edm,20,0
Pintados,Jenil,edm,20,0
Love With a Motive,The Audition,pop,20,0
I'm Sorry That I Love You,Peachro,pop,20,1
Overload,Auxxk,rap,20,0
This Is The Shack,Warren G,rap,20,0
The Sound Of E - Jorn van Deynhoven Remix,Ultra Shock,edm,20,0
Tokyo,Rewind,edm,20,0
Those Who Know,Brasstracks,r&b,20,0
Opposite Ways feat. Fatherdude & S'natra,Brasstracks,r&b,20,0
Vicio,Roco,latin,20,1
Олина попа,N1NT3ND0,rap,20,1
Where Is The Love?,The Black Eyed Peas,pop,20,0
3 Lil' Putos,Cypress Hill,latin,20,0
Player Blacky (feat. Brown Boy),Lil Blacky,latin,20,0
Tragedy,Christopher Needle,r&b,20,1
Despair,Christopher Needle,r&b,20,1
Ya Estuvo,Kid Frost,latin,20,1
Koi,Night Tempo,r&b,20,0
Сигарета тлеет,Chestnyi,rap,20,0
Insanity,Before Us All,rock,20,0
Echte Berliner,Bushido,rap,20,0
Pull Up,Rich Homie Quan,rap,20,0
You Are the One Thing,Bright City,edm,20,0
Umikaze Tsushin (海風通信),オメガトライブ,rock,20,0
Baby It's You,Silk,r&b,20,0
Firme Hina,Proper Dos,latin,20,0
Lo vimos venir (con Alex Ubago),Molina Molina,latin,20,0
Pico-Union District,The Psycho Realm,latin,20,0
On My Block,Scarface,rap,20,0
I Can't Take It - Party Favor Remix,Dillon Francis,edm,20,0
Butterfly (with Herbie Hancock),Kimiko Kasai,r&b,20,1
The End of the River,オメガトライブ,rock,20,1
Not over Yet - Perfecto Edit,Grace,pop,20,0
Alone,Marshmello,edm,20,0
Love Is Pain,Joan Jett & The Blackhearts,rap,20,0
Catalina (feat. Tom Terrell),Jairus Mozee,r&b,20,1
Virga,Myles Jasnowski,r&b,20,1
Blast Off - Radio Edit,David Guetta,edm,20,0
You - Tom Staar Remix,Galantis,edm,20,0
Dandole Remix,Omega,latin,20,0
Throw Yo Hood Up,Silkk The Shocker,rap,20,0
Flying High,Jewelz & Sparks,latin,20,0
805 Afternoon,Central Coast Clique,latin,20,1
Doble Juego,Polito Ibañez,r&b,20,0
True Reality,Hellblasterz,edm,20,0
One time,Awaker,edm,20,0
Walk Away - Rich Edwards Remix,Sick Individuals,pop,20,0
Controlamos Las Calles,Califa Thugs,latin,20,0
I Got U - Radio Edit,Duke Dumont,latin,20,0
Intro,Brasstracks,r&b,20,1
Improv #1 (Outro) feat. Robert Glasper,Brasstracks,r&b,20,0
Emotional - Ship Wrek & Unknown Remix,Flux Pavilion,edm,20,0
Sweet Caroline,Neil Diamond,latin,20,1
Infected Brain,Levianth,rap,20,0
Love You That Much,Mary Mary,r&b,20,0
Get Weird,Liimo,pop,20,0
Comin' Back,NO-ONE,edm,20,0
Encoded - Radio Edit,Hardwell,edm,20,0
Gypsy,SCNDL,edm,20,0
Drums Of Tobago - Extended Mix,Sunnery James & Ryan Marciano,latin,20,0
Dry Ink,Travel With The Sun,rock,20,0
The Fairytale,Marcus Mouya,edm,20,0
Fantasy,Hana,r&b,20,1
The Black Hole,Martin Numan,edm,20,0
Waves (Tomorrowland 2014 Anthem) - Original Mix,Dimitri Vegas & Like Mike,edm,20,0
Mi Barrio,TREN LOKOTE,rap,20,1
Kyoto,HÆLOS,rock,20,1
I'm Running,Mary Mary,r&b,20,0
Right here,Maxess,edm,20,0
Free Spirit,Jack & James,edm,20,0
This Girl (Kungs Vs. Cookin' On 3 Burners) - Kungs Vs. Cookin' On 3 Burners,Kungs,pop,20,0
Ma Petite Tonkinoise (DJ Mibor Radio Edit) [feat. Nicolle Rochelle],Bart & Baker,edm,20,1
最後のナイト・フライト,オメガトライブ,rock,20,0
Infiel,"Drako ""El Principe""",latin,20,0
Tu Me Prefieres,Danelly Elly,latin,20,0
Flirtatious,Luke & The Belleville Orchestra,edm,20,0
Get Lost,DeejaVu,edm,20,1
Mad Echoes,Swede Dreams,edm,20,0
Haunted,Dave Mak,edm,20,0
Madness,Matt Strike,pop,20,0
Black Friday,Bushido,rap,20,0
United We Are,Hardwell,edm,20,0
Voices,Jawknee Music,r&b,20,1
Neón,M4gna,rap,20,1
"Top Hat, White Tie and Tails - Radio Edit",Ashley Slater,edm,20,0
Alors On Danse - Radio Edit,Stromae,rap,20,1
The End,Martin Numan,edm,20,1
Astronaut,VINO,edm,20,0
Live Robot Swing,DJ Mibor,edm,20,0
Music Has the Power - Radio Edit,!deladap,edm,20,0
$100 (feat. Polo Donatello),Mibbs,r&b,20,0
Duck & Run,C-Murder,rap,20,1
Пацанская,НЕ.KURILI,rap,20,0
Bankroll,Sy Ari Da Kid,r&b,20,0
Let It Go,Electrick Village,edm,20,0
The Fashion Party,The Neon Judgement,pop,20,0
Blaze - Radio Edit,Dannic,edm,20,0
Wild Fire,Travel Light,rock,20,0
Little by Little,The Hate Club,rock,20,0
Special Herbs,Alsogood,r&b,20,1
Doing Alright,Bastian Steven,r&b,20,0
Starving,LOVER,r&b,20,0
Stand In The Way (Of Love),Timothy Bloom,r&b,20,0
Magnun,Daemus Moon,edm,20,0
One Night of Karma,Tetengo,edm,20,0
Transformation,Dj Electrocimatic,edm,20,0
Feet On The Ground,Nicky Romero,edm,20,0
Tipo Baianinho de Mauá,Falatuzetrê,rap,20,0
Merry Christmas Darlin',Six Minutes 'Til Sunrise,r&b,20,1
A Mirage,The Essence,pop,20,1
Falaz,Morbo,pop,20,1
What's My Age Again?,blink-182,rock,20,0
Coffee Shoppe,Redman,rap,20,0
Find U,Raise,pop,20,0
One Look - Axwell vs Dimitri Vegas & Like Mike Remix,David Tort,edm,20,0
Hectic,Vikström,edm,20,0
Breathe,Hugh Graham,edm,20,0
La Cuba Mía - En Vivo,Celia Cruz,r&b,20,0
Walk On Water,Nadia Grace,pop,20,0
Carry This,Y'Akoto,r&b,20,1
Back To The Middle,India.Arie,r&b,20,1
Back To You,Man Cub,edm,20,0
Brightside,BRKLYN,edm,20,0
Así Es Que Es,Don Omar,latin,20,0
Superlove - FTampa Remix,Tinashe,edm,20,0
Nothing Can Hold Us Down (feat. Haris) - Dr Phunk Extended Remix,Hardwell,edm,20,0
Christmas Time Is Here,Six Minutes 'Til Sunrise,r&b,20,1
Vamo a Busal,Jowell & Randy,latin,20,0
Still A Friend Of Mine,Incognito,r&b,20,0
Пластилин,Simaga,rap,20,0
Head High,Urias,r&b,20,0
Never Giving Up - English Version,Avinash Kalra,edm,20,0
When The Sun Goes Down,The.madpix.project,pop,20,0
Hava (feat. Dr Phunk),Steve Aoki,edm,20,0
Hang,DAVI,edm,20,1
Feellit,Koen Groeneveld,edm,20,0
What Child Is This,Kelly Price,r&b,20,1
Te Quiero de Verdad - Versión Salsa Pop,Jay y el Punto,latin,20,0
Stay the Same,Huon Kind,r&b,20,1
World On Fire,Slash,rock,20,0
Stormbreaker,Andwell,edm,20,0
Irack,Pudgee Tha Phat Bastard,r&b,20,1
One Last Time,Kirmont,pop,20,0
I Can't Live Without You,Angelique,latin,20,0
Kaleidoscope Clouds,E-Mantra,edm,20,0
Dame Mas (Bilingual Version),Genessis & Nikki,latin,20,0
Love Again - KIIDA Remix,D-wayne,edm,20,0
parallel world,teepee,pop,20,1
Paradise,So So Sun,pop,20,0
Once Now - Radio Edit,Rewind,edm,20,0
Helluva - Extended Mix,Brotherhood Creed,r&b,20,0
Town Called Malice,The Jam,rock,20,0
Falling For You,Anaesthesia,edm,20,1
Slave,Candace Sosa,edm,20,0
At Your Altar,Within The Grey,rock,20,0
Headlights,The White Raven,pop,20,1
Kranichstil,Olexesh,rap,20,0
5071,Blvck O,rap,20,1
Down to the River,Danny Boone,rap,20,0
Drop It Off (Feat. Eva Trill),Gucci Mane,rap,20,1
Smile - Kaskade Edit,Galantis,edm,20,0
SportsCenter,Gucci Mane,rap,20,1
El Son No Morira,Doris Lavin,latin,19,0
Intro,DJ Drama,rap,19,0
Mandy,Ian Storm,pop,19,0
Cause We Can,SMO,rap,19,0
Just the Same,Pillows,r&b,19,0
Hokus Pokus,Olexesh,rap,19,0
Donna,The Inoculated Canaries,rock,19,0
Beg - Hot Since 82 Future Mix,Yousef,edm,19,0
That's Okay,Pudgee Tha Phat Bastard,r&b,19,0
Autumn 17,Grey,r&b,19,1
Symphony,Kay Slice,r&b,19,1
Slow Burn,Brian Bromberg,pop,19,1
Up & Down,Nonni,edm,19,1
I Want It All - Remastered 2011,Queen,rock,19,0
Blaze of Glory,Daemus Moon,edm,19,0
We Are the Beat,Daemus Moon,edm,19,0
When Will You Come Back To Me,Pure Pleazure,latin,19,1
Give In To You,Matt Strike,pop,19,0
Ella,Esmé,r&b,19,1
Taxista,Descemer Bueno,r&b,19,1
Mystify,Saving Abel,rock,19,0
Changes,Steve Hartz,pop,19,0
Granite,Dj Electrocimatic,edm,19,0
Can't Stop the Ocean,Tetengo,edm,19,0
Neon Lights,Daemus Moon,edm,19,0
Try Me,The Weeknd,r&b,19,1
No More (feat. Brenda Mullen) - Bottai Edit,Alex Gaudino,pop,19,0
How Ya Like Me Now - Longer Version,Kool Moe Dee,r&b,19,0
Back to Bass,Dj Electrocimatic,edm,19,0
Interlude,Martin Numan,edm,19,0
G28,Martin Numan,edm,19,0
Fugazzi,Semser,edm,19,1
Pumpkin Soup,Chris Goldarg,edm,19,0
Love Me Away,Junior J,pop,19,0
5 8 6 - Live,New Order,pop,19,0
Spilling into You,Poppy Ajudha,r&b,19,1
Overdose,Semser,edm,19,1
Glow,Phoebe Day,r&b,19,0
World of Dreams (feat. Mary Jane Smith) - Radio Edit,Galavant,edm,19,0
Real Wild Child (I'm a Wild One),Ken Clayton,pop,19,0
Hootnanny,Bubba Sparxxx,rap,19,1
The Middle,Jimmy Eat World,latin,19,0
My Life,The Game,rap,19,0
Loverboy,You Me At Six,pop,19,0
Dark Side - Shew Remix,Phoebe Ryan,edm,19,0
Sleeping,Auxxk,rap,19,1
Bring Together,Mo'funk,edm,19,0
Take It Higher,Jenil,r&b,19,0
Heartbreaker,Color Me Badd,r&b,19,0
Sandstorm,Pig&Dan,edm,19,1
120 Seconds,Freestyle Fellowship,rap,19,1
Instinto Brutal,Canabision,latin,19,0
We Zijn 1,Winne,rap,19,0
Promise - David Ezra Remix,Indigo Blue,edm,19,0
Mary Jane's Last Dance,Tom Petty and the Heartbreakers,rock,19,0
KIMI NO HEART WA MARINE BLUE,Kiyotaka Sugiyama,rock,19,1
Mantra,NAEMS,edm,19,0
Shotgun,RudeLies,edm,19,0
Hydra,Artin,edm,19,0
Homicide (feat. Eminem),Logic,rap,19,0
Cha Cha Cha,MC Lyte,r&b,19,0
Where Are You Going,LoaX,edm,19,0
November Blue,オメガトライブ,rock,19,0
Uncanny Valley,Atlas For Infinity,rock,19,0
Saturday's Generation,オメガトライブ,rock,19,1
Love You,Night Tempo,r&b,19,0
Absolute Zero,ZEROFREQ,edm,19,0
Rumors - Re-Recorded,Club Nouveau,r&b,19,0
Toma,Mike Moonnight,r&b,19,1
WTV,DÉRLY,r&b,19,1
King's Cup,Charlee Remitz,pop,19,0
AI O MAKIMODOSHITE,Kiyotaka Sugiyama,rock,19,1
Here I Go Again 87 - 2017 Remastered Version,Whitesnake,pop,19,0
Guajira Guantanamera - Remasterizado,Joseito Fernández,r&b,19,1
On GOD (with YG & Tyga feat. A$AP Ferg & A$AP Rocky),Mustard,rap,19,0
Хасла,Бардак,rap,19,0
Wait For You - Tom & Jame Remix,Dannic,edm,19,0
Knockin',Angel Grant,r&b,19,1
Gia Sena Liono,MC Gkimpakos,latin,19,0
My Cherie Amour,Tony Thompson,r&b,19,0
Atmosphere,Kaskade,pop,19,0
You Have One Devil but Five Angels,Jedi Mind Tricks,latin,19,0
Okay,Oliver Wade,edm,19,0
14 de Febrero,Omi Hernandez,r&b,19,1
Burn Break Crash - Madison Mars Extended Remix,Aanysa,edm,19,0
Runnin' Down A Dream,Tom Petty and the Heartbreakers,rock,19,0
Всем нашим братьям,Basta,rap,19,1
Dear Life - Bassjackers Remix,Dannic,edm,19,0
Стая,ВАРГРАД,rap,19,0
Well Done,Sean C. Johnson,r&b,19,0
Sirens,Woodlock,pop,19,0
Grayscale,Travel With The Sun,rock,19,0
She Knows (feat. Magic & Beyond),Sam Blans,latin,19,1
Memories - Radio Edit,Laidback Luke,edm,19,0
Crash and Burn,ROSIE,r&b,19,1
Elis,Sofía Campos,latin,19,1
Shivers,The Witches,rock,19,1
RAW,L3N,edm,19,0
Infinity,TBR,edm,19,0
Rolling Thunder,Yoshi Flower,pop,19,0
King Shaka,Sam Blans,latin,19,1
A Real Indication,Thought Gang,rock,19,0
Give It Away (feat. Paul Rey),Penthox,edm,19,1
Bounce Generation - Original Mix,TJR,edm,19,0
Rainy Harbor Light,オメガトライブ,rock,19,0
Heat,Refeci,edm,19,0
Think You're Bad,Delinquent Habits,rap,19,0
Se Les Cae el Canton,Remik Gonzalez,rap,19,0
Isla (feat. Kaleem Taylor) - Aevion Remix,Felon,latin,19,0
Se Acabo el Amor,J Alvarez,latin,19,0
Into the Light,Sick Individuals,edm,19,0
Yours (feat. Jaki Nelson),Jason Parris,edm,19,0
Games,THIEVES,rap,19,0
Für die Gang,Bosca,rap,19,0
Trappes,La Fouine,r&b,19,0
Like I Love You - Keanu Silva Remix,Lost Frequencies,edm,19,0
Свобода (Feat Alesh),Simaga,rap,19,0
Color Me Badd,Color Me Badd,r&b,19,1
Murder After Midnight,Geto Boys,rap,19,1
Airport,Yammerer,rock,19,0
Can You Hear Me,Korn,rock,19,0
Something Good (feat. Speelburg),Bondax,r&b,19,0
Walking Dead - Steerner Remix,Rebeat,edm,19,0
Made For This - Original Mix,Sick Individuals,edm,19,0
Bring It,Lost Chameleon,edm,19,0
Ride Captain Ride - Single Version,Blues Image,rock,19,1
Ball And Bun,Bun B,rap,19,0
The Kind,Delinquent Habits,rap,19,0
"Ronnie, Bobby, Ricky, MIke, Ralph And Johnny (Word To The Mutha)!",Bell Biv DeVoe,r&b,19,0
Happier,Nightro,edm,19,0
It's Going Down,South Circle,rap,19,0
Historias (feat. Chela Rivas) - Original Mix,Tony Dark Eyes,pop,19,0
Bravs ft Gino Stacksz & Tavv - PakuruWine (prod. Marrabeatsz),Ginostacksz Bravs Tavv,latin,19,1
Teach Him - Acoustic Version,Melanie Fiona,r&b,19,1
Colours - Kanallia Remix,Loreno Mayer,edm,19,0
Phone Down - Club Mix,Armin van Buuren,edm,19,0
Find My Way,From Inside,rock,19,0
Сладкий дым,Esco,rap,19,1
One Last Cry,Brian McKnight,r&b,19,1
You Don't Want Love,Heikki L,pop,19,0
New Jack Swing II - Hard Version,Wreckx-N-Effect,r&b,19,0
Fuckin With Me,Juvenile,rap,19,0
Luddite,Division | North,rock,19,0
Groove My Mind,Color Me Badd,r&b,19,0
I.O.A.,Javiera Mena,pop,19,1
You And Me,Lifehouse,rock,19,1
Never Make A Promise - Radio Edit,Dru Hill,r&b,19,1
Mental Vortex,Lab's Cloud,edm,19,1
Twosteps,Jonny Joel,edm,19,1
Price,JMSN,r&b,19,1
Latch,Disclosure,rock,19,0
City Vocabulary,Hause Plants,pop,19,0
Remember What You Like,Jenny Burton,latin,19,1
Play Nice,Pacific Air,pop,19,0
On My Own,Paperwhite,pop,19,0
Face to Face,Margot White,edm,19,1
Giratina (SaberZ & Krunk! Remix),Dimatik,edm,19,0
Want Me (feat. Ky),MANI NBISH,r&b,19,0
Hell Yeah - Feat. D-wreck & Tyte Eyez,Big Moe,rap,19,0
Butt is Hot,Wanna Wake,edm,18,0
The Upside (feat. Elle King),Lindsey Stirling,pop,18,0
Follow the Blind,Afterlight,rock,18,0
Broken Heart,Fullife,r&b,18,0
Deserter,Crystal Tides,rock,18,0
Last Chance,Kaskade,edm,18,0
Sky,XY&O,pop,18,0
I Know What You Need,R. Kelly,r&b,18,1
Something New (feat. Allison Graaff),Hyperion,pop,18,0
You Ain't Gotta Lie To Kick It,Silkk The Shocker,rap,18,0
Nubes de Fuego,LOS PILOTOS,pop,18,0
Ya No Quieras Comprenderlo Todo,Javiera Mena,pop,18,1
Numb,John Nonny,rap,18,1
Possitive Vibes,Jack & Lewis,latin,18,1
В этих краях,Andery Toronto,rap,18,1
Blister in the Sun - 2002 Remastered Version,Violent Femmes,rock,18,1
Good Ol' Days,Levert,r&b,18,0
Scars,Futuristic Polar Bears,edm,18,0
Mad Love - Cheat Codes Remix,Sean Paul,edm,18,0
Another You (feat. Mr. Probz) - Pretty Pink Radio Edit,Armin van Buuren,pop,18,0
Hypnotic Energy,Liquid Soul,edm,18,0
Май 45-го,StaFFord63,rap,18,1
Пацаны с моего двора,Simaga,rap,18,0
Pinball Wizard,The Who,rock,18,0
These Eyes,India.Arie,r&b,18,1
Bingo,Palm Vision,edm,18,0
Воспитала,Сережа Местный,rap,18,0
Chills,Down With Webster,pop,18,0
Beast Of Burden - Remastered,The Rolling Stones,rock,18,0
Don't Stop,Fleetwood Mac,rock,18,1
We Stand Up,Kat Krazy,edm,18,0
Save the World,Kat Krazy,edm,18,0
Treat U Right,H-Town,r&b,18,0
24/7ers,Colin Cooper,edm,18,0
Coco Jamboo - Radio Version,Mr. President,latin,18,0
Mercy,Shawn Mendes,r&b,18,0
P.D.R.,The Bergamot,pop,18,0
Bring It All to Me - Single Version,Blaque,r&b,18,1
Pressure - twoloud Radio Edit,Dirty Rush,edm,18,0
To The Core - Album Edit,Julian Calor,edm,18,0
Together - Radio Edit,Thomas Newson,edm,18,0
Peanut Butter Jelly - Genairo Nvilla Remix,Galantis,latin,18,0
Badman,Sunnery James & Ryan Marciano,latin,18,0
Clap,Stayer,edm,18,0
On The Dancefloor,PØP CULTUR,edm,18,0
Beyond the Stars,Jeff Bradshaw,r&b,18,1
We Control The Sound,Headhunterz,edm,18,0
Leave The Light On,ReauBeau,edm,18,0
"""I TRIED FOR YEARS... NOBODY LISTENED""",Iceberg Black,rap,18,1
Something About You,All-4-One,r&b,18,0
FUTARI NO NATSU MONOGATARI -NEVER ENDING SUMMER-,Kiyotaka Sugiyama,rock,18,1
By Your Side,Silencer,latin,18,0
Kaloli,HONÜ,r&b,18,1
The Way You Move,Deorro,edm,18,0
As the Other Closed,Nathan Aeli,rock,18,0
Amarte y Perderte,Chucho Rivas,latin,18,0
Mouthbreathers Inc.,Bokassa,rock,18,0
Kung Fu,Kenneth G,edm,18,0
Ordinary People,John Legend,r&b,18,1
Bang,G-Eazy,rap,18,0
Lágrimas Negras,Vieja Trova Santiaguera,r&b,18,1
No Decoder,Yogi Lang,rock,18,1
Ipanema Rain,1986 Omega Tribe,r&b,18,1
Mariachi,Dave Mak,edm,18,0
Torero,Cytrax,edm,18,0
RIVERSIDE HOTEL,Kiyotaka Sugiyama,rock,18,1
Story Of A Lonely Guy,blink-182,pop,18,0
Get It On,T. Rex,rock,18,0
She Could,Oreez,edm,18,1
Happy - Live at Webster Hall,Pharrell Williams,latin,18,0
True,Maestro Harrell,edm,18,0
Por Ti,Morbo,pop,18,0
More,Syleena Johnson,r&b,18,0
Molasses,Sean C. Johnson,r&b,18,0
Samurai - Tiësto Remix,R3HAB,edm,18,0
Go Hard - Original Mix,Quintino,edm,18,0
Nothing but a Pary,Basic Black,r&b,18,0
Stay With Me,Yanda,latin,18,1
Everyday Will Be Like a Holiday,The Greg Mayo Band,r&b,18,1
Don't Go,En Vogue,r&b,18,0
Feeling Right,DJ Eggs,latin,18,0
The Highway,The Restless Age,pop,18,1
Get Away,Paperwhite,pop,18,0
Fiesta,Gui Brazil,latin,18,0
Chao Amor,Chon Arauza Y Su Furia Colombiana,latin,18,0
Don't Stop,Andrew Belize,edm,18,0
The End,SpinRox,edm,18,0
Fixated,ORACLES,pop,18,0
Bird of Paradise (Big 8 Edm Remix),Indigo Blue,edm,18,0
You Are God (feat. Sheena),Sevin,edm,18,0
Forget you,Skyverse,pop,18,1
Like a Lion - Reyer Remix,Reyer,edm,18,0
In The Pocket - Original Mix,Mark Knight,edm,18,0
Dimension - Original Mix,Luuk Van Dijk,edm,18,1
Finger Trembling,Auxxk,rap,18,0
Dominica,NAEMS,edm,18,0
KIKA,6ix9ine,rap,18,0
The Boxer,Simon & Garfunkel,rock,18,1
Stay a Little Longer,Lostboycrow,pop,18,0
Cereal Killer,Geto Boys,rap,18,1
Armageddon,Ying Yang Twins,rap,18,0
Ovation,Pomegranate Tiger,rock,18,1
All For One,The Phantoms,rap,18,0
Wild Like The Wind - Benny Benassi & DJ Licious Remix,Deorro,edm,18,0
Small Time,Lil' Troy,rap,18,0
I Don't Wanna Die,8Ball,rap,18,1
No Te Cambiaré,Rudy Torres,latin,18,0
Unperfect,Deraj,edm,18,0
Crazy Paris - Klaas Remix,Horny United,edm,18,0
Pound for Pound,Auxxk,rap,18,0
F.U.D.,Alizzmatic,edm,18,1
Wild Obsession (Klaas Remix),Erick Decks,edm,18,0
30's-N-Lows,Bass Patrol,rap,18,1
¿Y Por Que?,Danilo Parra,latin,18,0
She Will Be Loved - Acoustic,Maroon 5,latin,18,1
In My Soul,Robbie Rivera,edm,18,0
Hiphopa,Anexo Leiruk,rap,18,0
Is There A Heaven For A Gangsta?,Master P,rap,18,0
Reunion,Haisten,edm,18,0
Feel Good,Dark Culture,edm,18,0
Confessions,Before Us All,rock,18,0
349,MINST,rock,18,0
Ayer La Vi,Angel Y Khriz,latin,18,0
Summer Vibes - Keyano Remix,Holter & Mogyoro,edm,18,0
Top Secret,Martin Numan,edm,18,0
Astronomy,Blue Öyster Cult,rock,18,1
Ten Feet Tall - Borgeous Remix,Afrojack,edm,18,0
Electra,Alizzmatic,edm,18,1
Setwit,Martin Numan,edm,18,0
Night Sweats,Lloyd Cole,pop,18,0
Access,TBR,edm,18,0
Heartbeat (Freestyle),Macarena,r&b,18,1
Metal Horse,Lreds,r&b,18,0
Criminal,Framing Hanley,rock,18,0
All Rise,Wovenwar,rock,18,0
Nice For What,Drake,rap,18,0
The Weekend,REK,pop,18,0
Bugs & Bunnies,Olexesh,rap,18,0
Untitled 1 - Version,Unknown Artist,edm,18,1
Solomon Grundy,Sean Price,rap,18,0
Bedsitter,Soft Cell,pop,18,1
You Better Be Mine,Vitø,edm,18,0
Skyline - Klave Remix,Möwe,edm,18,0
Midnight,EADWINE,edm,18,1
Toy Monster,Azerkd,edm,18,0
Together,Vinsand,edm,18,1
If,eSQUIRE,pop,18,0
Infinity,Hadassah,r&b,18,1
stakra,Ryuichi Sakamoto,pop,18,1
Ocean (feat. Dave Gahan),Goldfrapp,pop,18,0
Thing For You - Don Diablo Remix,David Guetta,edm,18,0
Realist Rhymin' - Feat. Lil’ Flip,E.S.G.,rap,18,0
Burn - 2004 Remix,Deep Purple,rock,18,0
Fariña,Semser,edm,18,0
Tether,Duck House,pop,18,1
Money,Klave,edm,18,1
Paradise,Nightro,edm,18,0
I Need Your Help,Deitrick Haddon,r&b,18,0
Poison (Interlude),Tetengo,edm,18,0
No Es Nada,Suave,latin,18,0
Alone Again,オメガトライブ,rock,18,1
Play It Cool - Quintino Remix,Steve Aoki,edm,18,0
Killing My Love - Radio Edit,THIS IS ELLE,edm,18,0
Highlight of My Week,East Harbor,pop,18,0
Right Down to It,Damian Dame,r&b,18,1
The Activist,Chris Goldarg,edm,18,0
Illusion (Radio Edit),Ragunde,edm,18,0
Forever Amor,D'zyre,latin,18,0
All My Girls,FreeGuerrero,edm,18,0
She Got It - Pool Side Remix,David Lei Brandt,edm,18,0
"Grand Puba, Positive and L.G.",Brand Nubian,r&b,18,1
Savana (Radio Edit),NAEMS,edm,18,0
Half. Awake,Starsick System,rock,18,0
Say So,Terror Jr,edm,18,0
Wasted Times,The Weeknd,r&b,18,1
Inception,Dj Electrocimatic,edm,18,0
Concrete Hell,5th Ward Boyz,rap,18,0
Noticed,Lil Mosey,r&b,18,1
Let's Get Married,Jagged Edge,r&b,18,0
F--- The Ying Yang Twins,Ying Yang Twins,rap,18,0
"Rebel, Rebel",Shaun Cassidy,pop,18,1
Limousine,DJ PIGER,pop,18,0
No Me Encontré,Morbo,pop,18,0
No Es Lo Mismo,Morbo,pop,18,0
Livin' on Closing Time,Bottleneck,rap,18,0
Do Ya?,NVDES,pop,17,0
Know How - Báhkin Remix,Equalisation,edm,17,1
Ostracised,KOYO,rock,17,0
18/5/15,Nathan Aeli,rock,17,0
Zero Gravity,Alveole,rock,17,0
Necesito Cambiar,Dapuntobeat,pop,17,0
My Heart Is Failing Me,Riff,r&b,17,1
What Goes Around,Munch,r&b,17,0
Stand Still,Mary Mary,r&b,17,0
Одним днём,Местный,rap,17,1
Música Tropical,Vera Pedro,latin,17,1
Ocean Drive,Duke Dumont,latin,17,0
Fighting Temptation,Deitrick Haddon,r&b,17,0
Can't Stop No Player,Da Organization,rap,17,0
Tamba - Radio Version,Y'Akoto,r&b,17,1
All I Need,Daemus Moon,edm,17,0
Hurt You,The Weeknd,r&b,17,0
Tear It Down,Mammoth Mammoth,rock,17,1
Ламбада,N1NT3ND0,rap,17,1
Гив ми мани,N1NT3ND0,rap,17,0
Amsterdam - Recorded at Spotify Studios NYC,Mandolin Orange,r&b,17,1
Nadie Más,Alaíde,latin,17,1
It Wasn't Me,Shaggy,r&b,17,0
Make A Move - Pt. 2,EMMA WAHLIN,pop,17,1
Tot,BTNG,rap,17,0
Surrender,Chris Goldarg,edm,17,0
Mamma Mia,Tokyo Tav,pop,17,0
1.Casino of Tricks,Tetengo,edm,17,0
Someone Like You,Dj Electrocimatic,edm,17,0
Mind Palace,Dj Electrocimatic,edm,17,0
Heaven,Mal V Moo,r&b,17,1
Aguacate,Salomón Beda,latin,17,1
The Bomb,All-4-One,r&b,17,0
Glory,Chloe Bodur,r&b,17,1
Paralyzed,Florin Gindu,r&b,17,1
Try to Do Me,Brand Nubian,r&b,17,0
Colours - Pantac Remix,Loreno Mayer,edm,17,0
One Second,MACHADO,edm,17,0
Birds Fly - W&W Festival Mix Edit,Hardwell,edm,17,0
The Warrior - Lush & Simon Remix,Osen,edm,17,0
Lets Get It On - Marvin Gay Sample,P I A (Players In Action),r&b,17,1
Iron Maiden,Ghostface Killah,rap,17,1
No Trouble Now,YNKKX,edm,17,0
Keep Us Down,Blackcode,edm,17,0
Let Me Love You,Lalah Hathaway,r&b,17,0
Move On,Mike Posner,pop,17,0
Gold Digger,Kanye West,rap,17,0
All Mine,Chris Goldarg,edm,17,0
Spell on Me,Chris Goldarg,edm,17,0
Who Are You,The Who,rock,17,1
Fast Money,Nik $ix,rap,17,1
Stay the Night Forever,オメガトライブ,rock,17,1
Guangzhou,Vigel,edm,17,0
Playing with Fire - Ingi Bauer Radio Mix,Nordstorm,latin,17,0
Smoke Filled Room - Severo Remix,Mako,latin,17,1
Breathe Again (feat. LaraJulie),Heads²,latin,17,0
숙녀 (淑女) Lady,Yubin,r&b,17,0
Sign,DEAMN,pop,17,0
貴方しか見えない,Junko Ohashi,rock,17,1
Pimpin' Ain't No Illusion (feat. Kool-Ace & Too $hort),UGK,rap,17,1
Anotha Day Anotha Balla,South Circle,rap,17,0
Keep Your Love On,Zookeepers,edm,17,0
L.A.,Semser,edm,17,0
Blackest Deeds,The Watch,rock,17,1
Early Morning,Simple Citizens,r&b,17,0
How I Want You,Karyn White,r&b,17,1
Speedboat,Payy,rap,17,1
Bounce,Kura,edm,17,0
Down This Road,Matt Reynolds,edm,17,0
Twenty20,Toby Beck,r&b,17,1
Si yo fuera mar,Fideo y los del mondo,latin,17,1
We Own the Night - Original Mix,Tiësto,edm,17,0
One More Chance,Deitrick Haddon,r&b,17,0
My Own Throne,Pat Lok,r&b,17,0
Бумеранг,Руслан Черный,rap,17,1
Psychic Driving,Soft Metals,pop,17,0
High Sidin',N2DEEP,rap,17,0
"Watch Out for This (Bumaye) - Dimitri Vegas & Like Mike Tomorrowland Remix; feat. Busy Signal, the Flexican & FS Green",Major Lazer,edm,17,0
Supermash - Radio Edit,Rudeejay,edm,17,0
Genesis,Rob Stepwart,edm,17,1
Solstice,Boothed,edm,17,0
Telefone Ocupado,Menestrel,rap,17,1
Too Late,NIMMO,pop,17,0
Space Whip,Rich DietZ,edm,17,0
Can't Touch Me,Ansvh,r&b,17,1
Battering Bars,Sean Price,rap,17,0
A Solas - Remix,Lunay,latin,17,0
Familiar Planes,Fufu Banana,rock,17,0
Hola,Damaco,rap,17,0
I Was Never There,The Weeknd,r&b,17,0
The One For Me,Joe,r&b,17,0
La Mentira,Mando,latin,17,0
I Will Survive,Gloria Gaynor,r&b,17,0
Summer Heat - Dubdogz Radio Mix,Solidisco,edm,17,0
Boo Boo'n,Scarface,rap,17,1
Youth (K?D Remix) [feat. Satica],k?d,edm,17,0
Flying Whale,Greenish,edm,17,1
Don't Stop,H2HB,edm,17,0
Rent Money,Future,rap,17,0
Good Morning Heartache,Chris Botti,r&b,17,1
Daydreamin',Lupe Fiasco,r&b,17,0
Flight,Semser,edm,17,0
Not Ready Anymore,The Griswolds,pop,17,0
TÅLMODIGHED (feat. Stepz),Carmon,rap,17,0
Dying Light,Alter Bridge,rock,17,0
We Don't Talk Anymore - Attom Remix,Charlie Puth,latin,17,0
Total Shock,Mr. Mike,rap,17,0
What Money About,Bankroll Mafia,rap,17,0
She's All That,Tevin Campbell,r&b,17,0
Faithful,Sean C. Johnson,r&b,17,1
Dream Girl,Wolfside,pop,17,0
Stop and Think (feat. Adrianne Archie & I Am Franklin),Sean C. Johnson,r&b,17,0
Is This Love,Luck Wallace,pop,17,1
She Knows,Isaiah Sharkey,r&b,17,1
Rockin' All Over The World,Status Quo,rock,17,0
Bus 572,Rodrigo Gouveia,r&b,17,1
You Spin Me Round (Like a Record),Dead Or Alive,pop,17,0
Become The One,Goldfrapp,pop,17,0
"Share the World with Me, Pt. 4",Sylvan,rock,17,0
Calahonda,Tall Tree Tales,pop,17,0
Whatever It Takes,Basic Black,r&b,17,0
Nobody Better - Blacksmith R'n'B Rub,Tina Moore,r&b,17,0
Your Car,Alexx Mack,pop,17,0
Bag Uh Weed,Ehennuhsen,r&b,17,0
cielo,n o r m a l,rap,17,1
It's Supposed to Bubble,UGK,rap,17,0
First Finale,オメガトライブ,rock,17,1
Blue (feat. Benaddict & Marcelo Gallo),Gas Lab,r&b,17,1
The Waitress Song,Seth Sentry,r&b,17,0
Won't Let You Go - Tritonal Remix,Armin van Buuren,edm,17,0
Buma In Mijn Zak,De Jeugd Van Tegenwoordig,rap,17,0
Fool - Original Mix,Geek Boy,edm,17,0
Feel the Love - Klaas Increase Mix,Klaas,edm,17,0
When Love Takes Over (feat. Kelly Rowland) - Laidback Luke Remix,David Guetta,edm,17,0
Unstoppable,Paperwhite,pop,17,0
I Like The Way - Krunk! Remix,Tyron Hapi,edm,17,0
Feel The Love - David Gravell Remix,Tigerlily,edm,17,0
Push Da Faders,MADDOW,edm,17,0
Game Over,Tom Crusher,edm,17,0
Darling,Nath Jennings,edm,17,0
二度目のイヴ,オメガトライブ,rock,17,1
"Another Brick In The Wall, Pt. 2 - 2011 Remastered Version",Pink Floyd,rock,17,1
I Go To Work (Re-Recorded / Remastered),Kool Moe Dee,r&b,17,0
Pacific Coast Remix,DJ Quik,rap,17,0
Light up the Night,Jamie Berry,edm,17,0
Summer Vibe,Tomas Skyldeberg,latin,17,0
Memory of a Free Festival (Pt. 2) - 2015 Remaster,David Bowie,rock,17,1
Timeless,Auxxk,rap,17,1
Wang Dang Sweet Poontang,Ted Nugent,rock,17,0
Take Me,Castion,edm,17,0
Don't Wanna Be Cold,Krimsonn,edm,17,0
No Fear,Latwer,edm,17,0
Touch Me,Deitrick Haddon,r&b,17,0
Lords of the Backstage,Marillion,rock,17,0
Se Faltar Estrelas,Luigi e Leandro,latin,17,0
Transient - Coyu Raw Mix,Marla Singer,edm,17,0
Who,Sean C. Johnson,r&b,17,0
Don't Pretend,Faye Meana,r&b,17,1
Por Estar Contigo,JEANS,pop,17,0
Never Let You Go - Reez Remix,Dash Berlin,edm,17,0
Why - Original Edit,Klaas,edm,17,0
Sunshine Reggae,Ian Storm,latin,17,0
You're Never Gonna Like Me,Bad Apples,rock,17,0
Murder Avenue,Geto Boys,rap,17,1
Liberty,D-wayne,edm,17,0
Buscando - A Mi Tierra,Adrenalina Latina,latin,17,1
No Turning Back,Lost Stars,pop,17,0
You Don't Love Me Now,The Made and The Born,pop,16,1
Dreamers (feat. Fashawn),Epidemic,r&b,16,1
Feeling Myself,Tdot illdude,r&b,16,0
Skylines,Glades,pop,16,0
Another,Naipia,rock,16,0
Mr. Tropical,Mr Tropical,latin,16,0
Chance,Davide Cristofori,rock,16,0
Daddys Little Evil,Bubbatrees,rock,16,0
"Hotel California - Live at The Los Angeles Forum, 10/20-22/76",Eagles,rock,16,0
Brown Sugar,The Rolling Stones,rock,16,0
Real Life - Ossian Remix,Mako,pop,16,0
Everytime - Radio Edit,Amyntas,edm,16,0
Watch Your Back,FineRefined,edm,16,0
Metasphere,KLIMENT,edm,16,1
Spark,Kasket Club,pop,16,0
Physical,C'SAR,edm,16,0
For All My Ladies,Trick Daddy,rap,16,0
ミズノナカヘ - Car TAX remix,yu-re:meu,pop,16,0
Tu Cariñito (feat. Buxxi),Any Victoria,latin,16,0
Get Mad,Tommy Mc,edm,16,0
I Need You Now,Pure Pleazure,latin,16,0
Crazy Bitch - Original Mix,Route 94,edm,16,1
Como Se Pone la Habana,Telmary,r&b,16,1
Rough Rider,The Hygrades,rock,16,0
The Port,Alizzmatic,edm,16,0
The Girl and the Robot - Spencer & Hill Remix,Röyksopp,edm,16,1
(Don't U Know) I Love U,Chuckii Booker,r&b,16,0
Save My Night - BlasterJaxx Remix,Armin van Buuren,edm,16,0
Slow,Animate Objects,r&b,16,1
Yinmn Blue,Chris Mazuera,r&b,16,1
Why Lady Why,JD McPherson,r&b,16,1
Flying Carpet,Elea,edm,16,1
Samurai,Rafael Cerato,edm,16,0
Underdog,Still Diligent,r&b,16,0
Homies & Thuggs,Scarface,rap,16,1
I Can't Get Enough,Danny Boy,r&b,16,0
Ungrateful,Deitrick Haddon,r&b,16,0
Kaleidoscope World (feat. Krista) - Radio Mix,Jenil,r&b,16,0
Magnolia's Room,Anthony Hamilton,r&b,16,1
Pour Some Sugar on Me,Ken Clayton,pop,16,0
"Two, Three, Four (Elektro Mix)",Michael Mind,edm,16,0
Wish You Well - Benny Benassi Remix,Sigala,edm,16,0
Behind Blue Eyes - Original Album Version,The Who,rock,16,1
Tengo De Ti,Morbo,pop,16,0
Pwa,5th Ward Boyz,rap,16,0
Where Would You Go?,SkyLogic,pop,16,0
Не х*й делать,N1NT3ND0,rap,16,1
All That She Wants - Remastered,Ace of Base,pop,16,0
Keanu Reeves,Logic,rap,16,0
Smash - Mix Version,Jeffy D,edm,16,0
Im Gonna Be (500 Miles),Kendra Morris,r&b,16,0
Evil Ecstasy,Erick Morillo,edm,16,0
Eclipse,Martin Numan,edm,16,0
Love Rain - (Coffee Shop Mix),Mos Def,r&b,16,1
Numb (Acoustic),The Veer Union,rock,16,0
Run to the Hills - 1998 Remastered Version,Iron Maiden,rock,16,0
Roller Coaster,blink-182,pop,16,0
Keep On,Night Tempo,r&b,16,0
Tempo,Thyse,edm,16,0
Baile,Zinko,edm,16,0
Balsero,Tony Avila,r&b,16,1
GMT Master,AchtVier,rap,16,0
You Give Love A Bad Name,Bon Jovi,rock,16,0
I'll Do for Ya,Johnnie Floss,r&b,16,0
Wasted,The Psycho Realm,latin,16,0
Picture Perfect,Man Overboard,pop,16,0
Blue (Da Ba Dee),Eiffel 65,pop,16,0
Giant - Robin Schulz Remix,Calvin Harris,pop,16,0
Toda Mi Gente,Lolita,latin,16,1
Home,Hechmann,edm,16,1
"Take Yours, I'll Take Mine",Matthew Mole,pop,16,1
Hush,Sean Price,rap,16,0
Deeper Still,Incognito,r&b,16,1
Bounce,Emassin,r&b,16,0
Hoes Mad,Lil Eli,r&b,16,1
WaoW,Eddie Khae,latin,16,0
Maybe Next Time,Esbie Fonte,pop,16,0
Amorfoda,Bad Bunny,rap,16,1
The One - Wantigga Remix,Triggerfinger,r&b,16,0
Breathe In,French Braids,edm,16,1
Octagon,Kevu,edm,16,0
Apocalypto,LMNTRX,edm,16,0
This Is the End,Tetengo,edm,16,0
Mortal Transition,Semser,edm,16,0
Bass Style,Miami Bass Tracks,rap,16,1
Trash Style,Semser,edm,16,1
Light in Darkness,YELLOW MAGIC ORCHESTRA,pop,16,0
As It Sets,The Roswell Universe,r&b,16,1
Down the Middle,Bruce Lecky Way,r&b,16,0
Pretty Brown Eyes,Cody Simpson,pop,16,0
Heartbreaker,LEVV,pop,16,0
Living On Video,Generation DJ,edm,16,0
Miracles - Club Mix,Mike Candys,edm,16,0
Brand New,$ANFI,rap,16,0
Neva Eva (feat. Lil Scrappy & Lil Jon),Trillville,rap,16,0
Nervous,Evan Blum,pop,16,0
Tonight's The Night,Blackstreet,r&b,16,0
Mastermind,Róisín Murphy,pop,16,1
Gimme Some More,LOOPERS,edm,16,0
Don't Be a Fool,Clarence Reid,r&b,16,0
Marzipan (If You Love Him),No Coast,pop,16,0
Synonyms,Semser,edm,16,0
WTF (Interlude),Semser,edm,16,1
Disruption,Tetengo,edm,16,0
Flash,Tetengo,edm,16,0
Speed (Interlude),Tetengo,edm,16,0
Audio,Sia,pop,16,0
I'll Play The Fool,Claude Fontaine,latin,16,1
Doo Wop (That Thing),Ms. Lauryn Hill,r&b,16,1
Bora Bora - Seaside Edit,Beltek,latin,16,0
Ramblin' Man,The Allman Brothers Band,rock,16,0
We'll Try Again Tomorrow,Tvbuu,rap,16,0
Never Ending Summer IV ~Prolog,オメガトライブ,rock,16,1
I Told You I Wouldn't Go Through This Shit Again,Tvbuu,rap,16,0
Move On,Faye Meana,r&b,16,1
Run to the Money,D'african,rap,16,0
Deep End,Arjuna Oakes,r&b,16,1
Carousel,Chris Goldarg,edm,16,0
Overdue,Chris Goldarg,edm,16,1
Pleasure,Baxter Dury,pop,16,0
The Tribe,Wyko,edm,16,0
Please Don't Stop the Musıc,Dolapdere Big Gang,pop,16,1
Still The Same,Bob Seger,rock,16,0
The Right Stuff,Vanessa Williams,r&b,16,1
Yo Te Quiero,Wisin & Yandel,latin,16,1
Jackpot,Chico Rose,edm,16,0
Saturday Night,The Herbaliser,r&b,16,1
Dead or Alive,OverLine,edm,16,0
Galactica,Kaotix,edm,16,0
Deliciously Down,Cree Summer,r&b,16,0
I Swear,Ledisi,r&b,16,0
90's Girl,Black girl,r&b,16,1
Fake News,The Luka State,rock,16,0
The Drums (feat. Heather Victoria),Rapsody,rap,16,0
I.O.U.,Freeeze,latin,16,0
Then Came You,TPE featuring Adam Marano,latin,16,0
Resilient,Jakspin,r&b,16,1
Let Your Body Learn,Nitzer Ebb,pop,16,0
Because,オメガトライブ,rock,16,0
Feeling Awake,Daemus Moon,edm,16,0
I Feel Fly,Simon Green,edm,16,0
Cooler Than Me,Lucky Luke,edm,16,0
Let's Go,Rick Mitchells,edm,16,0
8Fifty,Hardwell,edm,16,0
Misunderstanding - Remastered,Al B. Sure!,r&b,16,0
Madagascar,MAD M.A.C.,edm,16,0
2Kaiser (Street),Seryoga,rap,16,0
Privilege,The Weeknd,r&b,16,1
Home Sweet Home,Luck Wallace,pop,16,1
No Amasso,Riko Viana,latin,16,0
Serious,UV Pop,pop,16,1
Don't Take Your Spirit Away,Deitrick Haddon,r&b,16,0
Saigon - 2002 Digital Remaster,Martha and the Muffins,rock,16,1
Zipolite,Zilvano,latin,16,0
Carta,Vic Badillo,latin,16,1
So In Love With You (Amazing),Jessica Reedy,r&b,16,1
"F**kin' Problems (feat. Drake, 2 Chainz & Kendrick Lamar)",A$AP Rocky,rap,16,0
Nova (feat. Nolan The Ninja),Dabrye,r&b,16,0
Coming Over - filous Remix,James Hersey,pop,16,1
Leaving You - Thomas Newson Radio Edit,Audien,edm,16,0
Don't You Want Me,Jody Watley,r&b,16,0
Don't Wanna Know,Maroon 5,pop,15,1
Only For You - Maor Levi Remix,Mat Zo,edm,15,0
It Doesn't Matter,Firefall,rock,15,0
Ven y Adorale,Mr. Don,latin,15,0
Edge of the Night,Wonderful Humans,pop,15,0
What Christmas Means To Me,Stevie Wonder,r&b,15,0
High On You - Radio Edit,Ingenia,edm,15,0
Choclo,Fideo y los del mondo,latin,15,1
Adulte Dunkeln,Niconé,edm,15,0
Prescriptive Poison,Miss Kill,rock,15,0
"Dreams, Fairytales, Fantasies (feat. Brent Faiyaz & Salaam Remi)",A$AP Ferg,r&b,15,1
Lucero,Julia Zenko,latin,15,1
Won't Get Fooled Again - Original Album Version,The Who,rock,15,0
Let It Rain,Eric Clapton,rock,15,0
Money - 2011 Remastered Version,Pink Floyd,rock,15,1
Shooting Star,John Dahlbäck,edm,15,0
Dos 3,Pablei,latin,15,0
Shots - Broiler Remix,Imagine Dragons,pop,15,0
Epic - Radio Mix,Sandro Silva,edm,15,0
Tilt,Scott Walker,rock,15,1
My Part of Town,Tuff Crew,r&b,15,0
MotherFonka,CALV,edm,15,0
Wind,Christian Smith,edm,15,0
Soldier,Erykah Badu,r&b,15,0
Midnight Rider,The Allman Brothers Band,rock,15,1
Ramblin' Gamblin' Man,Bob Seger,rock,15,0
Wasting My Time,Tvbuu,rap,15,0
Headless Hobby Horse - Teamworx Remix,Dada Life,edm,15,0
What's Goin' On,Tony Thompson,r&b,15,1
Uiie,Minty Burns,r&b,15,0
Another Day,L E O,latin,15,1
In the Woods,Hidden Empire,edm,15,0
Chemicals,Yotto,edm,15,0
Day 2 Day,Jay Portal,rap,15,0
Trapicana,Nguvo,latin,15,1
Feeling You,Adesha,r&b,15,0
Dropout Joe,Greenish,edm,15,1
Good Stuff,UGK,rap,15,0
Orchestra (Extended Mix),Chris Callovar,edm,15,0
Maono - K.E.E.N.E. Remix,SOSANDLOW,edm,15,0
Feeling Good - Radio Edit,Alex Herrera,edm,15,0
Deal Breaker - Dyro Remix,LOOPERS,edm,15,0
Tak Takie,U-niq,rap,15,0
I Feel Good,Abdi,latin,15,0
no stress,Oilix,rap,15,0
Surfer Joe - Hit Version,The Surfaris,rock,15,0
Ambush,Inklings,rock,15,0
Your Love Never Fails (Reyer Remix) - Remix,Reyer,edm,15,0
Wrap My Body Tight - Single Mix,Johnny Gill,r&b,15,0
Manhattan,Scott Walker,rock,15,1
Königsaura,Kollegah,rap,15,0
Blabla,Mystic Crock,edm,15,1
I Hear Your Call,Marshall Marshall,edm,15,0
Party Like It's 1999,Soul&Roll,pop,15,1
A.D.H.D,Kendrick Lamar,rap,15,0
Loca Remix,Khea,rap,15,0
Rain,Status Quo,rock,15,0
8 Minutes to Sunrise,Common,r&b,15,0
Payola,Semser,edm,15,0
Chemistry - Llewellyn's Retouch,Jennifer Touch,pop,15,1
This Island Earth,Bryan Ferry,pop,15,1
Rise,H.E.A.T,rock,15,0
Papaoutai,Stromae,rap,15,0
Måndagsbarn - le prix remix,Veronica Maggio,edm,15,0
Funky Little Beat,Connie,latin,15,0
Pony - Single Version,Ginuwine,r&b,15,0
Superstar,Rob Stepwart,edm,15,0
Fuck the Game,Rob Stepwart,edm,15,1
Resurrection,Semser,edm,15,0
Nicaragua,Tetengo,edm,15,0
Listen to Me,Semser,edm,15,0
HIP3 (Interlude),Semser,edm,15,1
Under Pressure - Groovy Remix,Boyz II Men,r&b,15,0
"Motownphilly - 12"" Dub",Boyz II Men,r&b,15,0
Niykee Heaton (Fawks Remix),Brewski,rap,15,0
Looking for Love,Jaheim,r&b,15,1
X Ray,Chris Goldarg,edm,15,0
Please Don't Go,Timmy T,latin,15,1
Tell Me How You Feel - Radio Mix,Joy Enriquez,r&b,15,0
Final Liberty,Rob Stepwart,edm,15,0
Superheroe,Rob Stepwart,edm,15,0
The Stolen Hemp,Rob Stepwart,edm,15,1
Dreams,Rob Stepwart,edm,15,0
Mercy,Justin Hau,edm,15,0
Passionfruit,Drake,pop,15,1
Nakamoto,Chris Goldarg,edm,15,0
I'm Not The Only One,Sam Smith,r&b,15,1
Madonna,Lexi Todd,r&b,15,1
New Sensation,Kalerous,edm,15,0
BUTTERFLY EFFECT,Travis Scott,rap,15,0
FTZ,Daemus Moon,edm,15,0
Infinite,Djumpers,edm,15,0
If You Wanted To Love Me,Sammy C,latin,15,0
Proud Of You,Skooly,rap,15,0
Me Myself & I,Jhaye,r&b,15,1
Granada,500 Year Flood,r&b,15,1
When We Kiss,Bardeux,latin,15,1
Wild Thoughts,DJ Khaled,pop,15,0
Plastic Dream,The Lizards,rock,15,0
Better Man,Courteeners,rock,15,0
Oublie Moi,Riké,rock,15,0
Bailar la Soca,Cuba Trinidad,edm,15,0
"Money, Hoes & Power (feat. Jermaine Dupri)",UGK,rap,15,0
FWM,Evelyn DuVall,r&b,15,0
Come as You Are,V-Sag,edm,15,0
Shine on You Crazy Diamond,Kendra Morris,r&b,15,0
Concrete Waves,Kendra Morris,r&b,15,1
Pilón - Remasterizado,William Vivanco,r&b,15,0
7 Eleven (2010 Re. Vision),David Tort,edm,15,0
FEFE (feat. Nicki Minaj & Murda Beatz),6ix9ine,latin,15,1
Omega,KaZo,edm,15,0
Morrysom,Piem,edm,15,0
You Got Me High - Original Version,Calvin Richardson,r&b,15,1
Chillseekers,Chill Cole,latin,15,1
Wild,Gil Sanders,edm,15,0
Don't Do It - Studio Version/Remastered,The Band,rock,15,1
Rocky Mountain High,John Denver,rock,15,1
Real Love (Spanish),Lil' Johanna,latin,15,0
Get Up Jake - Stereo Remix/Remastered,The Band,rock,15,1
Gush,Pharrell Williams,r&b,15,0
Protection - Digitally Remastered 1996,Graham Parker,rock,15,0
Justice,Martin Hygard,edm,15,0
Magenta Riddim,DJ Snake,rap,15,0
Love Saw It (Duet with Karyn White),Babyface,r&b,15,1
Summer Air (feat. Trevor Guthrie) - Sunnery James & Ryan Marciano Remix,Hardwell,edm,15,0
Go Ill,Vanilla Ice,r&b,15,0
Hombre Lobo En París,Valeria,pop,15,1
The Others,RIKA,r&b,15,0
What I'm Used To,Nick Luebke,r&b,15,1
Right Here,CoEd,edm,15,0
Telling Me,CAMO,edm,15,0
Going Back To Memphis - Remastered,The Band,rock,15,0
Lentamente,J Alvarez,latin,15,0
Escape,Oskah,edm,15,0
Nadie Sabe,Cheka featuring Michael Stuart,latin,15,1
Just Luv Machine,Mangabey,edm,15,1
Deixa Eu Te Encontrar,Julia Sicone,latin,15,1
One In A Million - Paris Blohm Remix,Andrew Rayel,edm,15,0
Roll the Dice,Color Me Badd,r&b,15,0
Follow Me (feat. NBLM) - Redondo & Gil Glaze Remix,Bolier,pop,15,0
"Oochie Coochie - 7"" Mix",Mc Brains,r&b,15,0
"Who, Want, War",Pastor Troy,rap,15,0
Solo dime tu,Vgm,latin,14,0
Heaven,Bryan Adams,rock,14,1
La Falsa Cubana,Maga Shukar,latin,14,0
Sweet Surrender - Radio Edit,Starkillers,edm,14,0
Winter Wonderland / Don't Worry Be Happy,Pentatonix,r&b,14,1
Sobredosis,Axel White,latin,14,0
Mirage,Dye O,latin,14,0
It's My Life,Bon Jovi,rock,14,0
Send Me An Angel,Scorpions,rock,14,1
One Day / Reckoning Song (Wankelmut Remix) [Radio Edit],Asaf Avidan & the Mojos,pop,14,0
Never Alone,Keys & Copper,latin,14,1
You Don't Know Me - Radio Edit,Jax Jones,pop,14,0
Jimmy Gets High,Daniel Powter,rock,14,0
Yo (Excuse Me Miss),Chris Brown,r&b,14,0
How Deep Is Your Love (2007 Remastered Saturday Night Fever LP Version),Bee Gees,rock,14,1
"Ando Con ""Él""",Rudy Torres,latin,14,1
Think About You,Pete Kingsman,edm,14,0
Historias (feat. Chela Rivas) - Extended Mix,Tony Dark Eyes,pop,14,0
Gods - Izze the Producer Remix,Maxwell,r&b,14,1
Dream On,Daydream Nation,rock,14,0
My Love,Route 94,pop,14,0
Just Because,James Cole,r&b,14,0
Silent Romance,オメガトライブ,rock,14,1
Dr. Feelgood,Mötley Crüe,rock,14,0
Here I Go Again 87 - 2007 Remastered Version,Whitesnake,rock,14,0
Жизнь ворам,Тихон Новокузнецкий,rap,14,0
Nothing But God,Dave Hollister,r&b,14,0
The Throne,Other Nature,rock,14,1
Firecracker,The Baskervilles,rock,14,0
Dreaming of Me,Depeche Mode,pop,14,0
Bittersweet - Original Mix,Dyro,edm,14,0
I Feel You,Marcus Mouya,edm,14,0
What A Friend,Sean C. Johnson,r&b,14,1
Good Love,Qendresa,r&b,14,1
Is This Love - 2007 Remastered Version,Whitesnake,rock,14,0
Pica,Deorro,edm,14,0
Wine Als Een Motjo (feat. J. Koy),Merdan D,latin,14,0
Lights Fading,Miles Dominic,latin,14,0
Young & Reckless,Guy Gabriel,edm,14,0
White Sky,Pelicandy,pop,14,0
Moments,Mr. Brackets,edm,14,0
Wanted Dead Or Alive,Bon Jovi,rock,14,0
Пацанская,Oleg Kenzov,rap,14,1
American Spirit,Meg & Dia,pop,14,1
Part Of Me (Club Remix) (feat. Kareem),LittleKings,edm,14,0
Gimme Three Steps,Lynyrd Skynyrd,rock,14,0
Crossroads,Quizzow,edm,14,0
B Side Boogie - Sound Of Legend Remix,Dada Life,edm,14,0
Triple C Groove,Central Coast Clique,latin,14,1
Good Karma,stereOMantra,edm,14,1
You Should Be Mine (Don't Waste Your Time),Brian McKnight,r&b,14,0
Party Crashers - Original Mix,Tomsize,edm,14,0
Drain Me,Sam Sky,r&b,14,0
HIBACHI,$ANFI,rap,14,1
Higher,Dannic,edm,14,0
One,Metallica,rock,14,0
What the Hell,Avril Lavigne,pop,14,0
Eastside Vs. Westside,Baby D.,rap,14,0
Night Feelings,Man Overboard,pop,14,0
Major Keys,Ansvh,r&b,14,1
Ghost,423kidk,r&b,14,0
Honesty,Pink Sweat$,r&b,14,1
No More (Cuban Linx 2000) (feat. Ghostface Killah & Raekwon),Ruff Endz,r&b,14,0
Lit,Charles DaBeast,r&b,14,1
Звезды Воровские,Руслан Черный,rap,14,1
Rider,423kidk,r&b,14,1
Soldi,Mahmood,r&b,14,1
Wake Up,Wiz Khalifa,rap,14,1
Bad Motor Scooter - Remastered LP Verison,Montrose,rock,14,0
Immortals - (Chris Howland Remix),Terine,edm,14,0
You're the Inspiration,Laura Tain,pop,14,1
In My Blood,Scarface,rap,14,0
Dance Impulse,Agents Of Time,edm,14,0
Face to Face,Booka Shade,edm,14,0
Moon Meditation,KLIMENT,edm,14,1
Everything,DARKMINDS,pop,14,0
Break The House Down,Laidback Luke,edm,14,0
We Didn't Start the Fire,Carl Wave,pop,14,0
Radical - Original Mix,Dyro,edm,14,0
Tsunami,Semser,edm,14,0
Timber,Sancii,edm,14,0
A Dream Away - Remastered,The Cars,pop,14,0
Quiet Life,Japan,pop,14,1
Legendary,Skillet,rock,14,0
Под запретом,Esco,rap,14,1
Clear,Pusher,edm,14,0
Real Thing,Stars,pop,14,0
Fifteen [Mix Cut] - Hardwell Edit,Blasterjaxx,edm,14,0
Hear Me Bumpin,Miami Bass Tracks,rap,14,1
Medioum Experience,Semser,edm,14,0
True Dreams,Semser,edm,14,0
God´s Plan,Semser,edm,14,0
Crazy Flow,Rob Stepwart,edm,14,0
Gallaecia,Tetengo,edm,14,1
The Dog,Semser,edm,14,0
I was told the glasses,Semser,edm,14,0
Everyday Hell,Fredro Starr,rap,14,0
She,The Jacksons,r&b,14,0
Don't Go Breaking My Heart,Elton John,rock,14,0
Children of the New Dawn,Jóhann Jóhannsson,pop,14,1
Don't Play,Chris Goldarg,edm,14,0
Long Island,Rob Stepwart,edm,14,0
The Time,Rob Stepwart,edm,14,0
Beatiful Day,Rob Stepwart,edm,14,0
Energy,Rob Stepwart,edm,14,0
Swolla,Emre Cizmeci,edm,14,0
Platoon,Gaspar,edm,14,0
Riot of Scruitiny,Tetengo,edm,14,0
Another Day,Skarleth,edm,14,0
The Lady In Red,Chris de Burgh,pop,14,1
Don't Let Me Go,Stefanie Bennett,latin,14,0
Headshoot,Kalerous,edm,14,0
Without You,Mötley Crüe,rock,14,0
Shine,Collective Soul,rock,14,1
Loves Comes and Goes,Lee Fields & The Expressions,r&b,14,1
I'm Your DJ,Miami Bass Tracks,rap,14,1
Time (Original Soundtrack),"DeCarlos ""COS"" Waller",r&b,14,1
Blues Man,Emily Simbi,r&b,14,1
Bad Religion,Motörhead,rock,14,0
The Last One Alive,Demon Hunter,rock,14,0
When We Face Reality - Khen Bronzed Re-Edit,Sahar Z,edm,14,1
Supplier,Kari Faux,r&b,14,1
Naufragio,Guille Taranto,rock,14,1
Kamikaze,Lil Mosey,latin,14,1
Fundo do Mar,Dry,latin,14,1
King Harvest (Has Surely Come) - Alternate Take/Remastered,The Band,rock,14,0
Rag Mama Rag - Alternate Vocal Take Rough Mix/Remastered,The Band,rock,14,1
Open Eyes,Adara,edm,14,0
Bring It On,Mia X,rap,14,0
All You Need Is Love,Frank Mccomb,r&b,14,1
Rain - Sam World Mix,Mark Stent,edm,14,0
Stole the Night - Ame Remix,Howling,edm,14,1
Molly Girl,Lil Tecca,rap,14,0
Nights (feat. Ralph Larenzo),Axollo,edm,14,0
Accelerator,Ephwurd,edm,14,0
Sex Me,H-Town,r&b,14,0
Beautiful Life (feat. Sandro Cavazza) - Gareth Emery Remix,Lost Frequencies,edm,14,0
I'm The OG,Brodi,edm,14,0
Money,Brodi,edm,14,0
All Falls Down - Tritonal Edit,Jus Jack,edm,14,0
Smile - Years Remix,Galantis,edm,14,0
Pimp Tight,NugLife,r&b,14,1
See Through,The Band CAMINO,pop,14,0
Playgirl,LODU GOSH,rap,14,1
Pretender,Wolves By Night,pop,14,0
The Long Run,Llewellyn,pop,14,0
Long Time Coming,Ready For The World,r&b,14,1
MALA,6ix9ine,latin,14,0
Sound für den Hof,Olexesh,rap,13,0
Azaad Hu Mai,Naezy,rap,13,0
Greed,Scarface,rap,13,1
Drop the Bass Beats,Miami Bass Tracks,rap,13,1
Down To This,Chuckie,edm,13,0
Let's Get Ill - Jay Karama Remix,Kid Kenobi,edm,13,0
Spinnin,Chuckii Booker,r&b,13,0
Anyone,Maiwan,latin,13,0
Yesterday,Jonny Joel,edm,13,1
Body,Lauren,edm,13,0
Believe - JAKKO Radio Edit,Thomas Gold,edm,13,0
Apaga la Luz,Cheka,latin,13,0
Knowing,Davina Leone,pop,13,1
Skin,Boy Untitled,pop,13,1
Without You - Remastered,Harry Nilsson,r&b,13,1
Same Things (feat. Gabrielle Current) - Artüria Remix,Cassian,edm,13,0
When Can I See You,Babyface,r&b,13,1
In My Mind - Extended Mix,UOAK,edm,13,0
Bring It Back,DJ Mes,edm,13,0
The Highway Song,Free,rock,13,1
5 O'clock,Sean C. Johnson,r&b,13,0
A Room of Her Own (TS Version),Like Swimming,pop,13,0
Nobody Does It Betta - Single Edit,Mint Condition,r&b,13,0
King Of Drums - Original Mix,Genairo Nvilla,latin,13,0
L'Amour Toujours - Tiësto Edit,Dzeko & Torres,edm,13,0
Payaso de rodeo,Caballo Dorado,latin,13,0
Nights Like This (feat. Ty Dolla $ign),Kehlani,pop,13,0
April Sun In Cuba,Dragon,rock,13,0
Go Fuck Yourself,Two Feet,pop,13,1
Anthem,Michael June,edm,13,0
Australian Sun,Rob Stepwart,edm,13,1
It's Raining,Masked Man,latin,13,1
Pompero,Sebastian Mateo,edm,13,0
You Can't Hurry Love,The Supremes,r&b,13,0
Rock’N Me - Alternate Version 1,Steve Miller Band,rock,13,0
Celebrate The Rain (From The Hit),Sidney Samson,edm,13,0
I Must Be High,South Park Mexican,rap,13,0
The Lion,Tetengo,edm,13,0
Today Is a Good Day,Tetengo,edm,13,0
Add the Bassline,Jordan Rakei,r&b,13,1
Brown Guys,Talib Kweli,rap,13,1
Caliente,NAEMS,edm,13,0
Te Adoro - JDR Remix,Bani Muñoz,latin,13,0
Summer Jam - Blondee & Roberto Mozza Extended Remix,The Underdog Project,latin,13,0
Kiwi,Harvio,latin,13,0
Shinin',DJ DMD,rap,13,0
"You Do, You Don't",The Friday Night Boys,pop,13,1
Virtual Insanity - Remastered,Jamiroquai,pop,13,0
Do It,Rasheeda,rap,13,0
Magic Carpet Ride,Steppenwolf,rock,13,0
Totem,Sex Room,edm,13,0
Need You,FTampa,edm,13,0
Fall Again,Arcando,edm,13,0
Here We Go Again! - Extended,Portrait,r&b,13,0
Arawak,Miguel O'Syrah,latin,13,0
Pure Fyah - Album Mix,Carlitos Moreno,latin,13,0
Barking,Ramz,rap,13,1
Happy Hours - Remix,John De Sohn,edm,13,0
One Reason (Deadman Wonderland),AmaLee,rock,13,0
Perfect Strangers,Deep Purple,rock,13,0
Devotion (feat. Shawnee Taylor) - Amine Edge & DANCE Remix,Erick Morillo,edm,13,0
Infinite Possibilities,Amel Larrieux,r&b,13,1
The W.S. Walcott Medicine Show - Alternate Mix/Remastered,The Band,rock,13,1
Jemima Surrender - Early Version/Remastered,The Band,rock,13,1
(What A) Wonderful World - Remastered,Sam Cooke,r&b,13,1
It Ain't Over - SWACQ Remix,Funk Machine,edm,13,0
So Get Up - Pelari Remix,Cosmic Gate,edm,13,0
You,Kymara,r&b,13,1
**Bonus Track** 861,POSTA,r&b,13,1
Never Going Back Again,Fleetwood Mac,rock,13,1
better things,Ymori,rap,13,1
Slowly,Rob Stepwart,edm,13,0
Kicking and Collecting,Carptree,rock,13,1
As Mulher - Gregor Salto Remix,Chernobyl,latin,13,0
Love Will Tear Us Apart - Live at Bestival 2012,New Order,pop,13,0
Be My Lover,La Bouche,pop,13,0
Evolve - Original Mix,Julian Calor,edm,13,0
Surra de Bunda - Gregor Salto and Sidney Samson Remix,As Tequileiras do Funk,latin,13,0
Bad Emotions,Rob Stepwart,edm,13,0
Fall in Love,Rob Stepwart,edm,13,0
Trip Up,Rob Stepwart,edm,13,0
Mama (feat. Micky Parsons),Galardo,edm,13,0
Muppa - Reece Low Remix,Contiez,edm,13,1
Opinions,Gabri V,r&b,13,1
Weird,Perfect Pitch,edm,13,0
Working 9 to 5,Soul&Roll,pop,13,1
Lighthouse,Lion-S,pop,13,0
Lebendig Begraben,Olexesh,rap,13,0
הביאו את הנגרים,Hila Ruach,rock,13,1
Don't Care,Offspin,r&b,13,1
Disappear,Rob Stepwart,edm,13,0
The Game Is Over,Rob Stepwart,edm,13,0
The Reddish Flower,Rob Stepwart,edm,13,0
Octane,Burnos,rock,13,0
Morninglight - Main Circus Deep Mix,Team Deep,pop,13,0
Your Dreams,Jon Magnusson,rock,13,0
I Ran (So Far Away) - Re-Recorded,A Flock Of Seagulls,pop,13,0
De Fuga,Baby Ranks,latin,13,0
Ya Estuvo,Dyablo,latin,13,1
Grapevine,Tiësto,edm,13,0
That New York,Fredro Starr,rap,13,0
Double Vision - Original Mix,Prok & Fitch,edm,13,0
Your Soul - Original Mix,Gary Caos,edm,13,0
Daphne Blue,The Band CAMINO,pop,13,0
Everybody Is in the Place - Original Mix,Hardwell,edm,13,0
Space Station #5 - Remastered,Montrose,rock,13,0
Im Here For a Reason (feat. Kaio Deodato & Sou.Za) - DLMark Remix,Gui Brazil,edm,13,0
Come Through,Spencer Annis,edm,13,0
Punishment,Man Overboard,pop,13,0
Voted Most Likely,Man Overboard,pop,13,0
TBC,Ragazzi,pop,13,0
Lotta Gang Shit (feat. Young Famous),600 Breezy,rap,13,0
Bold,Greenish,edm,13,1
A Ballad to Stupid Liars,Greenish,edm,13,1
I'm Overjoyed,Nona Gaye,r&b,13,0
Frequency - Original Mix,Watermät,edm,13,0
Detroit City 2020,Alice Cooper,rock,13,0
Sunrise (feat. Jason Walker),Kygo,pop,13,0
Can't We Try (Duet with Collage) - Original Radio Version,Rockell,latin,13,0
Wake Turbulence - David Tort Remix,Koen Groeneveld,edm,13,0
Pent Up,Spring Grove,rock,13,0
Cause We've Ended as Lovers,Jeff Beck,rock,13,1
Dead Prez,Malcolm Voltaire,r&b,13,1
The Perch - 101 v2,Oddisee,r&b,13,0
Breathe,Herb Barclay,pop,13,0
Pushem Up,Mugsy Moscato,r&b,13,0
Phat Rabbit,Ludacris,rap,13,0
Hey Girl,Levert,r&b,13,1
2 Cigarettes,Jack & Jack,r&b,13,1
Funk Phenomena - Sidney Charles Extended Remix,Armand Van Helden,edm,13,0
The Dome,Rafael Cerato,edm,13,1
The Drummer,Niki & The Dove,pop,13,0
Monocool 2014,Adrian Emile,edm,13,0
Chulin Culin Chunfly (feat. Residente Calle 13),Voltio,latin,13,0
N.M.,БРДК,rap,13,1
Love in Your Mouth,Kilo Ali,rap,13,0
Never That,Aquariuz,r&b,13,1
free (at ease),fantompower,rap,13,1
Do Yo Time,Geto Boys,rap,13,1
Beside You,Karyn White,r&b,13,1
Mockingbird,Eminem,rap,13,0
Flex,Theblackboyjohn,r&b,13,0
The Streets,Lil Uno,latin,13,0
Why,Hi Profile,edm,13,0
My Vibe,Jackson Reese,r&b,13,1
Since You Been Gone,Rainbow,rock,13,0
The Ghost of You,Jake Adkins,rock,13,0
Guajiro,Sexto Sentido,r&b,13,1
Platinum Hearts - Suspect 44 Radio Edit,Breathe Carolina,edm,13,0
We The People,Colt Ford,rap,13,0
Turn It Down (with Rebecca & Fiona) - Radio Edit,Kaskade,edm,13,0
Soy Peor,Bad Bunny,rap,13,1
Say My Name - Remix,ODESZA,edm,13,0
Last Goodbye,Jeff Buckley,rock,13,0
We Hear You,Travel With The Sun,rock,13,0
The Floor,Johnny Gill,r&b,13,0
U Make Me - Diviners Remix,Disco Fries,edm,13,0
Lessons - Parookaville 2017 Anthem / FRDY Festival Remix,Moguai,edm,13,0
Wish You Were Here - Radio Edit,The.madpix.project,pop,12,0
Equipped in This Game?,Pastor Troy,rap,12,0
We Own The Night - Dannic Radio Edit,The Wanted,edm,12,0
Cha Cha,Kevu,edm,12,0
State of Insanity,Travel With The Sun,rock,12,0
Grace,Jeff Buckley,rock,12,0
The Number Of The Beast - 1998 Remastered Version,Iron Maiden,rock,12,0
How Many Times,Elderbrook,pop,12,1
Helium - Radio Edit,Chris Lake,edm,12,0
Legendary (DJ Kantik Remix),Faydee,latin,12,0
Breathe,Seeb,pop,12,0
Yo soy el punto cubano,David Blanco,r&b,12,1
Elephant,Tame Impala,rock,12,1
Kills You Slowly,The Chainsmokers,pop,12,1
Children Of The Last Generation,X Dream,edm,12,0
Born On The Bayou,Creedence Clearwater Revival,rock,12,0
Falling,DÉRLY,latin,12,0
The Reason,Hoobastank,rock,12,0
take me there,potsu,rap,12,1
Express Your Feelings,Michael Anthony,latin,12,0
Perfect Machine,Herbie Hancock,pop,12,0
Pow,Kendra Morris,r&b,12,1
Ridin Wit Some Killaz,Hitman Sammy Sam,rap,12,0
Rap God,Eminem,rap,12,0
Cannonball,Zero Theorem,rock,12,0
Ordinary Day,Cali Life Style,latin,12,0
Cotton Fields,Creedence Clearwater Revival,rock,12,0
Gunshot - Original Mix,John Christian,edm,12,0
Blacky Joe,P.R.O.,rock,12,0
BEBE,6ix9ine,latin,12,0
On My Own,Far Out,edm,12,0
Mary Mack,Babyface,r&b,12,0
I'm Not Superstitious,Ken Clayton,pop,12,0
Lie,Macarena,r&b,12,1
The Path to Awareness,Stefano Casavecchia,rock,12,0
Fire Wire - Radio Edit,Ste Ingham,edm,12,0
Flash Light,Parliament,r&b,12,0
Mr. Jones,Counting Crows,rock,12,0
I Need You (feat. Olaf Blackwood) - DubVision Remix,Armin van Buuren,edm,12,0
Country Grammar (Hot Shit),Nelly,rap,12,0
Dream Girl,Nice & Wild,latin,12,0
Lone Wolf,Nathaniel Stewart,pop,12,1
Back & Fourth,$ANFI,rap,12,1
Symphonica - Original Mix,Nicky Romero,edm,12,0
Passion,AWOLNATION,rock,12,0
SADE IN THE 90s,Qveen Herby,r&b,12,1
White Wedding - Part 1 - 2001- Remaster,Billy Idol,rock,12,0
Cali Queen,James Cole,r&b,12,0
Love Is Gone - Original Extended,David Guetta,edm,12,0
Celebrate,Macarena,r&b,12,1
Kenimania,Monomono,rock,12,0
Here Tonight,Wildcrow,edm,12,0
BATSHiT,Girl Wilde,pop,12,0
"Endow Me (feat. Fantasia, Faith Evans & Lil' Mo)",Coko,r&b,12,1
County Jail (feat. Capone E),Malow Mac,latin,12,0
Starfields,Hallman,latin,12,0
Soul Revelation,Nicola Conte,r&b,12,0
Better,Meghan Trainor,edm,12,0
Your Song,Rebeca Marin,pop,12,1
Flaw in That,Marc Oso,r&b,12,1
Heavenly Father,PJ Morton,r&b,12,1
Cell - Album Edit,Julian Calor,edm,12,0
X Gon' Give It To Ya,DMX,rap,12,0
Rhythm Is A Dancer - 12'' Version,SNAP!,pop,12,0
Hello To Oblivion,Formula,rap,12,0
Synchro,The Able Bodies,pop,12,0
Carry on My Wayward Son,Sebastián Mato,pop,12,1
Friday (feat. Mané Fernandes),Farnell Newton,r&b,12,1
Sad But True,Metallica,rock,12,0
Treat Me Like Gotti,Brodinski,rap,12,1
Tears Dry On Their Own,Amy Winehouse,r&b,12,0
Smalltown Boy,Bronski Beat,pop,12,1
No Discussion,A.Heard,r&b,12,0
Confessions of a Dangerous Mind,Logic,rap,12,0
Be As You Are - Acoustic,Mike Posner,pop,12,1
Periculär (Richtfest II),[:SITD:],pop,12,0
For You (Fifty Shades Freed) (& Rita Ora),Liam Payne,r&b,12,0
Crown of Thorns,Raekwon,rap,12,0
Get Me Off,Crush Club,pop,12,0
Virgin,Heistheartist,edm,12,1
Give It Up,The Friday Night Boys,pop,12,0
Let Me Go,Deitrick Haddon,r&b,12,0
Jack Yo Body,Harry Romero,edm,12,0
OJ,G Unit,rap,12,0
My Way (ft. Alice Berg),Nicky Romero,pop,12,0
Pump It,The Black Eyed Peas,pop,12,0
Seventeen,Sjowgren,pop,12,0
Where I’m From - (Huggin’ Da Block) Feat. Z-ro,Big Pokey,rap,12,0
Dope! (aka: She's Dope!),Bell Biv DeVoe,r&b,12,0
Real Love,Inga-Dingo,rock,12,0
Silhouettes - Original Radio Edit,Avicii,edm,12,0
Bring It Back,Bora,edm,12,0
Damascus,LMNTRX,edm,12,0
Name On It (feat. Chase Benji),Sha Mula,r&b,12,1
Universe - Radio Edit,THRML,edm,12,0
Diamond & Gold,Lil' Troy,rap,12,0
We Found Love (feat. Rihanna),Calvin Harris,edm,12,0
What's The Difference,Dr. Dre,rap,12,0
Unter der Brücke,Olexesh,rap,12,0
La La La,Riggi & Piros,edm,12,0
I Guess You Missed My Call,Tvbuu,rap,12,0
Here Tomorrow,OUTRAGE,edm,12,0
Savages - Magnificence Remix,Sunnery James & Ryan Marciano,latin,12,0
Stand,Motörhead,rock,12,0
Feel The Rush - Juelzz Radio Edit,Ingenia,edm,12,0
I Got The Feeling,Today,r&b,12,0
Anna-Leigh,Royal Republic,rock,12,0
I Want To Come Home For Christmas,Marvin Gaye,r&b,12,1
Denzealots,Jon Corbin,r&b,12,0
All Over You,Boys Get Hurt,pop,12,1
Say Something,Jordan Rakei,r&b,12,0
Pobre Diabla,Don Omar,latin,12,0
Look the Other Way,DWNTWN,pop,12,0
You'll Remember Me,Ralph Tresvant,r&b,11,0
Ride,A$AP Ferg,r&b,11,0
Falling Down,Dylan 'N' Alice,rock,11,0
What’s Happen,Big Steve,rap,11,0
Is This Love - Montmartre Remix,Bob Marley & The Wailers,pop,11,0
Christmas Time Again,Ashanti,r&b,11,1
Howl,Beware Of Darkness,rap,11,0
Rise Up - Original Mix,Mark Sixma,edm,11,0
Are You Ready - Original,Kosinus,edm,11,1
All Falls Down,Kanye West,r&b,11,0
Break the Hold,Phoebe Day,r&b,11,1
My Bass Hits Harder,Power Supply,rap,11,1
Here Without You - Acoustic Version,3 Doors Down,latin,11,0
Ta Papia,Steve Andreas,latin,11,0
Gypsies of the Band,Electric Zoo,rock,11,1
Gray's Conclusion,Christon Gray,r&b,11,1
Back In Time - Asjockers Remix,Siks,edm,11,0
Like a Boss,Mutiny,edm,11,0
BRIZZ,MRKIZ,edm,11,0
You're My Heart You're My Soul,Laura Tain,pop,11,1
Wait A Minute,G Unit,rap,11,0
No Rollies (feat. David Morin),Clear Mortifee,r&b,11,0
Break Free,Ariana Grande,latin,11,0
Tenemos Callo Amarillo,KLOEF TJR,rap,11,0
All in Line,Firewoodisland,pop,11,1
Slitwrist,Nik $ix,rap,11,0
Pick Up The Pieces - Radio Edit,Maor Levi,edm,11,0
Foreplay / Long Time,Boston,rock,11,0
Reloaded,NIVIRO,edm,11,0
Sick Boy,The Chainsmokers,r&b,11,0
Thank God I Got It,Desiigner,rap,11,0
The Trill Connection,DJ DMD,rap,11,0
Without Me,Eminem,rap,11,0
I'll Be Back,Sam Feldt,latin,11,1
The Bad Touch,Bloodhound Gang,pop,11,0
Purpose For Pain,Scott Stapp,rock,11,0
Relax,Frankie Goes To Hollywood,pop,11,0
Can't Stop Rock & Roll,The New Roses,rock,11,0
The Mack,Nevada,latin,11,0
With All My Heart,Chuckii Booker,r&b,11,0
Loser,Plastiscines,rock,11,0
On And On,Portrait,r&b,11,1
Afterlife,SIZE-S,edm,11,0
¿Cual es tu plan?,Bad Bunny,rap,11,1
Que Mas Pues - Remix,Sech,rap,11,0
Youth feat. Khalid,Shawn Mendes,pop,11,1
The Night,Hogland,edm,11,0
Double Cup,Stackztootrill,r&b,11,0
A Fuego Lento,Valeria,pop,11,1
The Drugs Don't Work,The Verve,rock,11,1
I Want U 4 Me,Big Bub,r&b,11,1
Swing My Way,Stefanie Bennett,latin,11,1
Access Granted,YudaSibu,edm,11,0
Wave Overdose,Tone West,r&b,11,0
This Is 4 My,Silkk The Shocker,rap,11,0
Tachyon,Comedy of Errors,rock,11,0
Nothing Gold Can Stay,Clarens,pop,11,0
Zipolite - Remix,Zilvano,latin,11,0
Debut,Maria Hazell,pop,11,1
My Girly - Radio Edit Version,Ready For The World,r&b,11,1
Hungry For The Holy Cow,Sleep Patterns,rock,11,0
Pieces (Reyer Remix),Reyer,edm,11,0
Rising Sun - Single Edit,Future Trance United,edm,11,0
Comfortably Numb - 2011 Remastered Version,Pink Floyd,rock,11,1
Losing,Clavee,edm,11,0
Loyal,Chris Brown,rap,11,0
We Are Golden - Calvin Harris Remix,MIKA,edm,11,0
See You Rave [Mix Cut] - Original Mix,JAGGS,edm,11,0
Dancing On My Own,Calum Scott,r&b,11,1
Wacomin,Kreature,edm,11,0
Icy (feat. Gucci Mane),Logic,rap,11,0
Smoke & Mirrors,AyiTe,r&b,11,0
Dein Anblick,Schandmaul,pop,11,0
Placebo,Chasing Deer,rock,11,0
They B's,Geto Boys,rap,11,0
California,DJ Quik,rap,11,0
Got That Sound,Danny Howard,edm,11,0
Private Passion,Jeff Lorber,r&b,11,0
To Dago From LA,Proper Dos,latin,11,1
Running the Streets,Malow Mac,latin,11,0
W W Y D F,Zero 9:36,rock,11,0
Étude post-baroque,Nhyx,edm,11,1
Spanish Galleon,Wun Two,rap,11,1
Waking Up to Sleep,Zeus the Elevated,rap,11,1
Nothing changes: everything is different,H.1,rap,11,1
chilling by your bedside.,beeno,rap,11,1
Let You Down Let You Go,Jozzy,r&b,11,1
Meet the Sky,Third Lung,rock,11,0
Oh What A Night,Lil Rob,latin,11,1
In My Dreams,Joe Zangie,latin,11,0
Big Time Hustlers,Mister One,latin,11,0
I'd Rather Go Blind,Gemma Ray,r&b,11,1
The Night We Met,Lord Huron,r&b,11,1
Be Mine Tonight,Promise Circle,latin,11,0
Somebody Please (Remix),Mister D,latin,11,1
Здесь так,Advaita,rap,11,0
Want Love,Lil West,rap,11,1
The Last Trip,Hidden Empire,edm,11,0
X-Ray Vision,Aby,latin,11,0
better off,j-hope,r&b,11,1
"Tonight, Tonight - Remastered 2012",The Smashing Pumpkins,rock,11,0
"Life at Ease (feat. Jneiro Jarel, BIGYUKI & Brandy Butler)",The Beautiful Now,r&b,11,1
La Evolución,David Blanco,r&b,11,0
Sunday Morning,The Velvet Underground,rock,11,1
Fantasy - Nora En Pure Remix,Sofi Tukker,edm,11,0
People Get Ready,The Impressions,r&b,11,1
Superhero,Tapemasters Inc and Gucci Mane,rap,11,0
Tokyo By Night (feat. Karin Park) - Axwell Remix,Hook N Sling,edm,11,0
Jingle Bells,Ella Fitzgerald,r&b,11,0
Utopia - Radio Edit,Qubicon,edm,11,0
Intro,Olexesh,rap,11,0
Together - Extended Mix,The Magician,pop,11,0
Fondue,Dweeb,rap,11,1
Ladybug,Slumberville,rap,11,1
Got It Bad,LEISURE,pop,10,1
Legends Never Die (feat. Against the Current),League of Legends,edm,10,0
Beautiful Pain,Eminem,rap,10,0
Lucky Star,Faul & Wad Ad,edm,10,0
Here We Go Again,Aretha Franklin,r&b,10,0
The Way You Make Me Feel,DJ Screw & The Screwed Up Click,rap,10,0
Dahab - Salski Remix,Soul Of Void,edm,10,1
Hit Me With Your Best Shot - 1999 Digital Remaster,Pat Benatar,rock,10,0
Animals,Pelicandy,pop,10,0
Corazon de Acero,Yiyo Sarante,latin,10,1
"Day One (feat. Big L, A.G., Lord Finesse, & O.C.)",Diamond D,rap,10,1
Mockingbird,Dylan 'N' Alice,rock,10,0
Fu-Gee-La,Fugees,rap,10,1
Two of Us,Pat Clifton,r&b,10,0
Rescue Me (with BUNT.) - BUNT. Remix,OneRepublic,pop,10,0
"Pimps, Players & Hustlas",Lil Keke,rap,10,0
Go Natalie,Father MC,r&b,10,0
Hurts So Good,Astrid S,pop,10,0
In the Jungle - Instrumental,The Hygrades,rock,10,0
Fire & Brew,Kai Exos,r&b,10,0
You Make Me,Daniel Johnson,r&b,10,1
Sober,Childish Gambino,pop,10,0
Run Up,Major Lazer,edm,10,0
Moment In Love,Bobby Delante,latin,10,0
Rey de Reyes,María y José,latin,10,0
Walk Away,James Gang,rock,10,0
Sunshine - Extended Mix,diMaro,edm,10,0
Journal of Ardency,Class Actress,pop,10,0
Ohomi,Sonny Okosun,rock,10,0
Is This Love - Remix,Bob Marley & The Wailers,latin,10,0
Isi Agboncha,The Semi Colon,rock,10,0
Keeping Me Under,Two Another,pop,10,1
So Wrong For Me,Cory Chisel and the Wandering Sons,r&b,10,1
Oh Honey,RoyalT,latin,10,0
Me Gustas Tu,Manu Chao,latin,10,0
Broken Arrows,Avicii,pop,10,0
Way Too High,Mike Perry,edm,10,0
Motor City Madhouse,Ted Nugent,rock,10,0
Street Game,Geto Boys,rap,10,0
Big Faces,Geto Boys,rap,10,0
Slutty Girls,Mr. Knightowl,latin,10,0
Falling Down,Pallas,rock,10,0
Still Ballin (feat. Wiz Khalifa),Logic,rap,10,0
No Quiero Amarte (feat. Zion & Lennox),Justin Quiles,latin,10,0
Ich weiss was gut ist,Olexesh,rap,10,0
Better Times,Psylla,rap,10,0
Rangos,Pekeño 77,rap,10,0
I Will Carry On,Gina Lanze,latin,10,0
"N****, What's Up (feat. 50 Cent)",Lil Scrappy,rap,10,0
No Games,Soulja Boyz,rap,10,1
Shots & Squats,Vigiland,edm,10,0
Never Let Me Down Again,Depeche Mode,pop,10,1
All My Love - Remastered,Queen Pen,r&b,10,0
Scatman (ski-ba-bop-ba-dop-bop),Scatman John,pop,10,0
Sorgenfri,Agusa,rock,10,1
Play Wit Pussy,Mia X,rap,10,1
Let's Win,Wave Chapelle,r&b,10,0
She Drives Me Crazy,Laura Tain,pop,10,1
Never Too Late - Classic Mix,Stefanie Bennett,latin,10,0
"Judy Had A Boyfriend - Mucho 12"" no rap",Riff,r&b,10,0
Pretty Fly (For A White Guy),The Offspring,rock,10,0
Do You Want,Pitchback,edm,10,0
Pilot,Julian Jordan,edm,10,0
Project Dreams,Marshmello,rap,10,0
Refuel,Rocket Scientists,rock,10,0
Try,P!nk,latin,10,0
I Wanna Thank Ya - Without Rap,Angie Stone,r&b,10,0
On The Real Tip,Def Jef,r&b,10,0
Give It Here,Def Jef,r&b,10,1
Pardo,BreakdeX,edm,10,0
This Is the Place - Hugo Mari Remix,Alma Negra,edm,10,1
"Everybody's Talkin' - From ""Midnight Cowboy""",Harry Nilsson,rock,10,1
Hipócrita,Anuel AA,rap,10,0
Mama/Show Love (feat. YBN Cordae),Logic,rap,10,0
Gotta Find A Way,Frank Mccomb,r&b,10,1
The Truth Ain't What It Used To Be,Wayward Sons,rock,10,0
Lead Boots,Mammoth Mammoth,rock,10,1
Heart of Gold,Neil Young,rock,10,1
Break 'Em Off Somethin' - Edited,Master P,rap,10,0
For Your Love,Edu Linares,latin,10,0
Indestructible - Radio mix,Joel Life,latin,10,0
Don't You Want Me,Bahamas,r&b,10,1
Reach For Tonight,Div Eadie,edm,10,0
King Kunta,Kendrick Lamar,pop,10,0
Brut Riddim - 120 bpm,Sidney Samson,latin,10,0
Dancing On Glass - Acoustic,St. Lucia,pop,10,0
Pyramid Schemes,BOARCROK,rap,10,0
Pong Dance,Vigiland,edm,10,0
Shake Your Groove Thing,Peaches & Herb,r&b,10,0
Thursday,Lostboycrow,pop,10,0
Sometimes I Wonder,Darius Rucker,r&b,10,0
Mad World - Olly James and Ryan & Vin Remix Edit,Hardwell,edm,10,0
_away,MARTIN $KY,rap,10,1
Superman - Radio Cut,Ozi,edm,10,0
Summer Of '69 - MTV Unplugged Version,Bryan Adams,latin,10,0
Animals - Jay Ronko Remix,Martin Garrix,edm,10,0
Cyclop,Tim Gordon,edm,10,0
Sunday Morning - Acoustic,Maroon 5,latin,10,1
You're The One That I Want - From “Grease”,John Travolta,latin,10,0
When We Were Young - Juventa Remix,Dillon Francis,edm,10,0
Da Rockwilder,Method Man,rap,10,0
CCNDNA,Bushido,rap,10,0
It's Only Love,ZZ Top,rock,10,1
Overboard,Helhorse,rock,10,0
Dime Si Te Acuerdas,Bad Bunny,rap,10,1
Sailing Away,AVEC,r&b,10,1
Take It,Adrianne Archie,r&b,10,0
Our Nation - Corey James Remix,Dada Life,edm,10,0
My Favorite Things,The Supremes,r&b,10,1
You Say - Edit,Andy Kulter,edm,10,0
We Can Only Live Today (Puppy) - Original,Netsky,pop,10,0
Lavender - Edit,Andy Kulter,edm,10,0
Dawn - Hardwell Edit,Michael Brun,edm,10,0
Where Them Niggaz At?,Pastor Troy,rap,9,0
Love Me Harder,Ariana Grande,pop,9,0
Molly,Cedric Gervais,edm,9,0
I Feel It In My Heart,Pain,latin,9,0
Forever Love,Denisha,latin,9,0
sorry,chief.,rap,9,1
Gossip,Big Boi,rap,9,0
Let's Get Lifted,John Legend,r&b,9,0
Day By Day - LP Edit,Portrait,r&b,9,1
Sound & Color,Alabama Shakes,r&b,9,1
Lovin' U Is Ah-ight,Portrait,r&b,9,1
Can't Lie (feat. James Francis & Kalibwoy) - Praia Del Sol & Renco Dub Remix,D-Rashid,latin,9,0
Silent Treatment,Pelicandy,pop,9,0
Cargo Cult,Mick Harvey,rock,9,0
Future Love,Frank Mccomb,r&b,9,1
Untitled (How Does It Feel) - Edit,D'Angelo,r&b,9,1
Caminar de Tu Mano,Río Roma,latin,9,0
Sound Of The Future - Original Mix,Daniel Diazz,edm,9,0
Back to You,WILD,pop,9,0
We Got This - Futuristic Polar Bears Edit,Wolfpack,edm,9,0
Bohemian Rhapsody - 2011 Remaster,Queen,rock,9,1
Baby It's Cold Outside,Ella Fitzgerald,r&b,9,1
A Million Lights - feat. Zoë Badwi [Original],Grant Smillie,edm,9,0
take me on,joan,pop,9,0
My Humps,The Black Eyed Peas,latin,9,0
Unconditional,Cynthia Jones,r&b,9,1
Bad Bitch,YG,rap,9,1
Divine Sign,Judah Banke,edm,9,0
Been A While,Sam Feldt,latin,9,0
Swing (feat. Allday),Sofi Tukker,pop,9,0
Majesty,Maybon,edm,9,1
Love$ick,Mura Masa,r&b,9,0
Shocker,W&W,edm,9,0
167,Emilio Rojas,r&b,9,0
You Know You Like It,DJ Snake,rap,9,0
It's A Heartache,Bonnie Tyler,rock,9,0
Marian - Version,Sisters of Mercy,pop,9,1
Beam,Roberto Rosso,edm,9,0
"Cruise - From ""Fifty Shades Darker (Original Motion Picture Soundtrack)""",Kygo,latin,9,1
Bonfire,Felix Jaehn,latin,9,0
My Feelings For You - Radio Edit,Avicii,edm,9,0
Just To See Her,Smokey Robinson,r&b,9,1
Who Dat Mad,Big Steve,rap,9,0
OUKE,CA7RIEL,rap,9,0
Goliath,Heno.,r&b,9,1
I'm In The Mood - East 87th Street Mix,CeCe Peniston,r&b,9,0
Used to Love U,John Legend,r&b,9,0
Down 75 (Intermission) [feat. Juran Ratchford],James Lewis,r&b,9,0
Pedro Navaja,Rubén Blades,latin,9,1
Flight to Paris,Mysto & Pizzi,edm,9,0
Draco,Future,rap,9,0
Jumpin' Jack Flash,The Rolling Stones,rock,9,0
Heartbeat,Metrush,edm,9,0
Boom,G. Dot & Born,r&b,9,0
In The Cut,Good Times Ahead,edm,9,0
Adore You,Richie Benson,r&b,9,1
Duro,Hayz,latin,9,0
5o Clock,Jonny Joel,edm,9,1
Ahura Mazda,Sharp Man,edm,9,0
COMMANDO (feat. G-Eazy),Logic,rap,9,1
Tinderella,J. Griffin,r&b,9,1
Don't Give Up On Me,Andy Grammer,pop,9,0
This Ain't My Day,Fredro Starr,rap,9,0
Ain't Gonna Let Up,Yola,rap,9,1
Youth (Qrion Remix) [feat. Satica],Manila Killa,pop,9,0
EDM Sucks,Showtek,edm,9,0
Stuck in My Head,Xuinn,rock,9,1
I Don't Care,Raheem DeVaughn,r&b,9,0
Lift Me Up,M3:LO,edm,9,0
Rave Zurna,SOROUSH YARAHMADI,edm,9,0
Over Again - Mr. Haunt X Remix,Shadw,edm,9,0
Blister In The Sun,Violent Femmes,rock,9,1
I Need A Doctor,Dr. Dre,rap,9,0
Two Princes - Radio Mix,Fake Pictures,latin,9,0
Latino,Itsmylife,edm,9,0
Big & Loud,Nick Nolan,rap,9,0
Symphonica - Suedes Dubstep Remix,Nicky Romero,edm,9,0
A.D.I.D.A.S. - Explicit Album Version,Killer Mike,rap,9,0
Hold On To Me - ABZ Edit,SHKHR,edm,9,0
Handle With Care,Traveling Wilburys,rock,9,0
Girl Don't Make Me Wait,The Whispers,r&b,9,0
Get on Up,Luis Rodriguez,edm,9,0
Smoker's Paradise,Spanish Fly,latin,9,0
Atomic,SMH,edm,9,0
Amor De Feisbuk (Facebook),Danilo Parra,latin,9,0
Howlin' for You,Kylie Auldist,r&b,9,0
Who Gon Stop Me,JAY-Z,edm,9,0
Star,Gary Clark Jr.,r&b,9,0
Let's Love Dance Tonight (Danny Krivit Edit),Gary's Gang,edm,9,1
Fung Shway - Original Mix,Daniel Leseman,edm,9,1
Me Dediqué a Perderte,Alejandro Fernandez,latin,9,1
Do Ya Thing,Agus Zack,edm,9,0
"Downtown (feat. Melle Mel, Grandmaster Caz, Kool Moe Dee & Eric Nally)",Macklemore & Ryan Lewis,rap,9,0
Alarm,Olly James,edm,9,0
You Give Me Something,Jamiroquai,r&b,9,0
Good Life,Kanye West,rap,9,0
Drumology - Big Room Mix,Gregor Salto,latin,9,0
La Dueña del Swing,Los Hermanos Rosario,latin,9,0
Adictos Por R.a.P,Maniako,rap,9,0
Acid Rock,The Funkees,rock,9,0
True Believer,Santa Cruz,rock,9,0
For My Good,Daniel Johnson,r&b,9,1
"Cool (feat. Marc E. Bassy, Gucci Mane)",Felix Jaehn,latin,9,0
Konuka Ame,Ginji Ito,r&b,9,1
Leva Die,Triple C,latin,9,0
Just Give Me Your Time,Sharon Jones & The Dap-Kings,r&b,9,1
Hot Pursuit,Hasan.K,rap,9,0
make up,POORSTACY,rap,9,1
Piece Of My Heart,Janis Joplin,rock,9,1
Get Down,Hardwell,edm,9,0
Rock You Like a Hurricane - 2015 - Remaster,Scorpions,rock,9,0
Let Me Go,T-4-2,rock,9,0
Pass Me Over,Anthony Hamilton,r&b,9,1
All I Want,Father MC,r&b,9,0
Armageddon,Joey Dale,edm,9,0
Show Me (The Nest Mix),The Cover Girls,latin,9,1
Good Times,CDB,r&b,9,0
"Sniper, Sniper, Sniper",Southland Gangsters,latin,9,0
Ignition (Remix),R. Kelly,pop,9,0
Dancing With Myself,Generation X,rock,9,0
Corazón Con Candado,Raulin Rodriguez,latin,9,0
Get Back,Secondhand Habit,rock,9,0
Sexto Sentido (feat. Bad Bunny),Gigolo Y La Exce,rap,9,0
Live And Let Die,Guns N' Roses,rock,9,0
Ego Games - Original Mix,Flug,edm,9,1
Patos Machos,Capo Life Family,latin,9,0
Ich komm allein,Olexesh,rap,9,0
Calling My Name,Gray and Crystal Steadman,edm,9,1
Lean on Me - Re-Recorded,Club Nouveau,r&b,9,1
Whispers,ELYAZ,pop,9,0
Wildest Dream,Thomas Gold,edm,9,0
I Could Be The One (Avicii Vs. Nicky Romero) - Nicktim / Radio Edit,Avicii,edm,9,0
А.У.Е. Жизнь Ворам (feat. Вася Шмель & Лицо Под-Капюшоном),Руслан Черный,rap,9,0
Pistola II,Pekeño 77,rap,8,1
Wanna Know Who You Are,DJ Screw & The Screwed Up Click,rap,8,1
Te Confieso,Camila,latin,8,1
More Cowbell - Mix Cut,D.O.D,edm,8,0
Graveyard,Ralph Tresvant,r&b,8,0
Freestyler,Bomfunk MC's,pop,8,0
On vit d'amour,Jean-Louis Aubert,rock,8,1
Gives You Hell,The All-American Rejects,rock,8,0
Llegaste a Mi,Mœnia,pop,8,0
Save Room,John Legend,r&b,8,0
Anche Fragile,Elisa,r&b,8,0
Joyride (feat. Tasha Scott),Men of Vizion,r&b,8,0
Why Don't You Get A Job,The Offspring,rock,8,0
Word to the Mutha!,Bell Biv DeVoe,r&b,8,0
Thru These Tears,LANY,pop,8,1
Just Can't Get Enough - 2006 Digital Remaster,Depeche Mode,pop,8,0
Unsafe Building - Electric,The Alarm,pop,8,0
Electricity,Orchestral Manoeuvres In The Dark,pop,8,0
Feel Like Makin' Love (Remastered Album Version),Bad Company,rock,8,1
I Know Who Hold Tomorrow,Kelly Price,r&b,8,1
Forever Live My Name,Lil Rob,latin,8,0
We Need You (Y'anna Crawley W/ Friends),YAnna Crawley,r&b,8,0
Invocation,Reinier Zonneveld,edm,8,0
Somebody's Gonna Lose or Win,The Hygrades,rock,8,0
Wicked Game,Kendra Morris,r&b,8,1
Guzman,Gringo,rap,8,0
World Record Dive,Lucas Coe,rock,8,1
Oracle,Timmy Trumpet,edm,8,0
Keep Your Head Up,Ben Howard,r&b,8,1
Nena Maldicion (feat. Lenny Tavarez),Paulo Londra,rap,8,0
You Satisfy,Daniel Johnson,r&b,8,1
Midsummer Madness,88rising,r&b,8,1
Haartz,KAAZE,edm,8,0
Lost (feat. Sully Erna),Stitched Up Heart,rock,8,0
Trippin',Canton Jones,r&b,8,0
Rolling into One,Jordan Rakei,r&b,8,0
How You Like Me Now,The Heavy,r&b,8,0
Won't Cope with It,Alina Amuri,r&b,8,1
The Way I Are (Dance with Somebody) (feat. Lil Wayne) - Spotify Version,Bebe Rexha,r&b,8,0
Whyamisosadallthetime,Molars,rock,8,0
Soy Feliz,Rene & Diego,latin,8,0
God of War Theme (Hip Hop Remix) [God of War],Smooth4Lyfe,edm,8,1
Come Back To Me,Chino Grande,latin,8,0
Beautiful,Daniel Johnson,r&b,8,1
It Must Be Love,Tonasia,latin,8,0
Don’t Mess Wit Texas,Lil Keke,rap,8,0
Runaways,Sam Feldt,pop,8,0
Silence - Acoustic,Grace Carter,r&b,8,1
Eruption,Van Halen,rock,8,1
Can't Tell Me Nothing,Kanye West,rap,8,0
Llueve el amor,Made famous by Tito el Bambino,latin,8,1
Hittin Skinz,Big Bub,r&b,8,1
One Call Away - KLYMVX Remix,Charlie Puth,latin,8,0
El Sol No Regresa,La Quinta Estacion,latin,8,0
Dragostea Din Tei - Original Romanian Version,O-Zone,pop,8,0
Fast Talk,Stephanie Mills,r&b,8,0
Ain't No Cookin',Stephanie Mills,r&b,8,0
Happy Relationship,Troop,r&b,8,1
Autosave My Love,Pezzner,edm,8,1
Lose Yourself - Soundtrack Version,Eminem,rap,8,0
Jesus Walks,Kanye West,rap,8,0
As Long as Ive Got You,Kendra Morris,r&b,8,0
Let Me Down,Jorja Smith,r&b,8,1
The Map,Seyon,rap,8,0
Alejandro,Lady Gaga,pop,8,0
Riding Shotgun (feat. Bonnie McKee),Kygo,pop,8,0
No Eyes,Tim Engelhardt,edm,8,1
Reach 4 Freedom - DF's Vocal Mix,Dennis Ferrer,edm,8,0
Two Steps,Alice Russell,r&b,8,0
Jet - Remastered 2010,Paul McCartney,rock,8,0
Something Different,Zero Theorem,rock,8,0
Ride It - Bentley Grey Remix,Regard,edm,8,1
Be Thankful For What You've Got - Pt. 1,William DeVaughn,r&b,8,1
Emotions Attached,Stan Kolev,edm,8,1
Cold,Maroon 5,latin,8,0
Муси Пуси 2 - Fenomenbeats,Сережа Местный,rap,8,0
El Gran Varon,Willie Colón,latin,8,1
Intoxicated,Hitman Sammy Sam,rap,8,0
Magnum,DubVision,edm,8,0
It Could Be - Genix Remix,Armin van Buuren,edm,8,0
Cool Girl,Tove Lo,pop,8,1
Возле дома твоего,Seryoga,rap,8,0
Bare Tings,Blvck O,rap,8,1
Warwick Avenue,Duffy,r&b,8,0
I Would Like,Zara Larsson,pop,8,0
This Is What I Do,Conejo,latin,8,0
Never Too Busy - All Star Head Up Mix,Kenny Lattimore,r&b,8,0
Gotta Learn My Rhythm,Damian Dame,r&b,8,0
Another One,London Jae,r&b,8,1
Lost In Translation,Logic,rap,8,0
Rite of Passage - Original Mix,Sunar,edm,8,0
The Stratosphere,Extreme Music,rap,8,0
Wait For You - Jewelz & Sparks Remix,Dannic,edm,8,0
Eye of the Tiger,The Rural Alberta Advantage,r&b,8,1
What's on Your Mind,Sheek Louch,rap,8,0
Jump! - Radio Edit,Ozi,edm,8,0
Still,Brodinski,rap,8,1
Can't Hide Love - Live,D'Angelo,r&b,8,0
It Was Always You,Michael Anthony,latin,8,0
Let Me Be The One,Kuriosity,latin,8,0
Retumba,Deorro,edm,8,0
Pull Up,Lil Mosey,r&b,8,1
The Rub - Original Mix,Kurd Maverick,edm,8,0
This Is The Groove,Robbie Rivera,edm,8,0
Sunday (feat. Stimulus),The Beautiful Now,r&b,8,1
Bangalore,Divolly & Markward,latin,8,0
Lakers,Michael DeAngelo,r&b,8,1
Rock It (Radio Edit),Ozi,edm,8,0
Lightning Bolt,Jake Bugg,rock,8,0
Johnny B. Goode,Chuck Berry,rock,8,0
Message In The Music,Debra Killings,r&b,8,0
Saints - Original Mix,Jenaux,edm,8,0
Down Wit Dat?,Portrait,r&b,8,0
Duele,Reik,latin,8,0
Himalaya,LVNDSCAPE,latin,8,0
Silverskin,Sam Feldt,latin,8,1
Pa' Brillar,Lucho SSJ,rap,8,0
Like Water,Paisley Pink,latin,8,0
Avalon,KYOTI,pop,8,0
Find You,Nora Van Elken,latin,8,0
Without You,Y.V.E. 48,latin,8,0
So Much More (Wolves in Geek's Clothing Remix),Geek Boy,edm,8,0
Gonna Love Ya,Avicii,latin,8,0
You & Me,Mia X,rap,8,1
Give Me Sunshine - Jerome Dub,Santa Maradona F.C.,pop,8,0
Speed Up (Original),Funkerman,edm,8,0
Malibu - Alan Walker Remix,Miley Cyrus,edm,8,0
What A Fellowship,Adrianne Archie,r&b,8,0
Buddy Holly,Weezer,rock,8,0
Heaven - MTV Unplugged Version,Bryan Adams,latin,8,1
Cheap Shots & Setbacks,AS IT IS,pop,8,0
Freedom & Fireworks,Bastian Steven,r&b,8,1
Pardon Me - Acoustic,Incubus,latin,8,1
That's The Way Love Is,Bobby Brown,r&b,8,0
Spirits,The Strumbellas,pop,8,0
Where Are Ü Now,Skrillex,pop,8,0
When I'm Gone,Dirty Honey,rock,8,0
Hunter,Galantis,pop,8,0
Holding on - Radio Edit,Ben Yoo Suk,edm,8,1
Getting High (feat. Ester) - Radio Edit,Tacacho,edm,8,0
Looking Back - Walden Remix,The Only,edm,8,0
Monkey Move,Nixon Joseph,latin,8,1
The Way - Hype Mix,Klaas,edm,8,0
Listen To Your Momma - Wildstylez Remix,Showtek,edm,8,0
I Should Have Known,Stephanie Bennett,latin,8,0
Ready or Not,Fugees,rap,8,1
Kajo Golo Weka,Peter Tsotsi Juma,r&b,8,1
The Trooper - 1998 Remastered Version,Iron Maiden,rock,8,0
Quick Musical Doodles,Two Feet,pop,8,1
Money,LEISURE,pop,8,1
Si Aún Te Queda Amor,Dulce López,latin,8,0
I Feel Like I'm Drowning,Two Feet,pop,8,1
Close To Me (with Diplo) (feat. Swae Lee) - CID Remix,Ellie Goulding,pop,8,0
Apathy Killed the Artist,Twisted Illusion,rock,7,0
Higher Love - Full Album Version,Steve Winwood,rock,7,0
Hot For Teacher,Van Halen,rock,7,0
Mi Clika La Rifa - Mas Locos que Simpaticos,El Pinche Mara,rap,7,0
Slow,Tobi,rap,7,1
Push Myself,Adrianne Archie,r&b,7,0
Jannaya,Orheyn,rap,7,1
Le Flute,Larris V,latin,7,0
Rudolph The Red-Nosed Reindeer,The Temptations,r&b,7,1
We Won't Leave You,Steve Void,edm,7,0
Confidential Playa,Big Moe,rap,7,0
La Despedida,Daddy Yankee,latin,7,0
Starlight - Da Brozz Radio Edit,Sophie Ellis-Bextor,edm,7,0
Reload - Vocal Version / Radio Edit,Sebastian Ingrosso,edm,7,0
Paradise,J Rocc,rap,7,0
Swimming Pools (Drank),Kendrick Lamar,rap,7,1
Bromance - Avicii Remix,Tim Berg,pop,7,0
Déjà Vu,Sam Feldt,latin,7,1
Me Ama Me Odia,Ozuna,latin,7,0
Duel - Original Mix,Third Party,edm,7,0
Artikel - TR463,Adrian Hour,edm,7,0
Candy Shop,50 Cent,rap,7,0
Voltando Para Ti (feat. Além dos Cravos) - GV3 Remix,Gui Brazil,latin,7,0
The Wedding Song,Frank Mccomb,r&b,7,1
Space Oddity - 1999 Remaster,David Bowie,rock,7,1
Do You Everynite,Joe Public,r&b,7,0
I Can Call You,Portrait,r&b,7,1
I Love You,Axwell /\ Ingrosso,pop,7,0
Dump Party - Radio Mix,Spencer & Hill,edm,7,0
The Colours of My Life,Millenium,rock,7,1
Hypocrites,Dave Kerzner,rock,7,1
Wannabe,Logic,rap,7,0
clickbait,Logic,rap,7,0
Every Time My Heart Beats,Riff,r&b,7,0
Kissing Strangers,WVLNGTH,latin,7,0
Limitless,Logic,rap,7,0
The Truth,Fredro Starr,rap,7,0
Save Tonight,Sam Feldt,latin,7,0
Muscle Car - Sander Kleinenberg's Pace Car Mix - Radio Edit,Mylo,edm,7,0
YES or YES,TWICE,pop,7,0
Boarding Passes,Belve,rap,7,1
Bumpy Ride,Mohombi,pop,7,0
Rain (feat. Vince Staples),Mac Miller,r&b,7,1
Space Cadet (feat. Gunna),Metro Boomin,rap,7,1
Out Of Sight,Logic,rap,7,0
Do It - Original Mix,Wheats,edm,7,0
Me Tengo Que Ir,Adolescent's Orquesta,latin,7,0
Que Locura Enamorarme De Ti,Eddie Santiago,latin,7,0
Adam's Song,blink-182,rock,7,0
Sasha Gray - Radio Edit,DJ Kuba,edm,7,0
Just What I Like,Michael Cooper,r&b,7,0
Feel The Love - Sam Feldt Edit,Janieck,latin,7,0
Sympathy For The Devil,The Rolling Stones,rock,7,1
Battlement,Neuschwanstein,rock,7,1
Because Of You,Ne-Yo,r&b,7,1
JLT (Just Like That) - Radio Edit,Sidney Housen,edm,7,0
Locators,Losless,edm,7,1
Knew About Me,Homaze,r&b,7,0
W. T. F.,Genairo Nvilla,latin,7,0
Bust My Move,Kasille,edm,7,0
I'm Going All The Way,Sounds Of Blackness,r&b,7,0
Land Down Under,Chachi,latin,7,0
Wait,Maroon 5,pop,7,0
America Online,The Midnight,pop,7,1
Baby I'm Yours - Re-Recorded,Shai,r&b,7,1
Help Me,Dave Hollister,r&b,7,0
Start Over,Able Faces,latin,7,0
Save Me,Djumpers,latin,7,0
Old English,Ese Lil Joker,latin,7,1
"Tu No Metes Cabra Remix (feat. Daddy Yankee, Anuel AA & Cosculluela)",Bad Bunny,rap,7,1
Ven Bailalo,Angel Y Khriz,latin,7,0
Whiskey In The Jar,Thin Lizzy,rock,7,0
Ráptame,Reik,latin,7,0
New Soul,Yael Naim,rock,7,1
Troubled World (feat. Kelly Price & Jessica Reedy),Faith Evans,r&b,7,1
Today,Ledisi,r&b,7,0
I Get Joy,Coko,r&b,7,0
Keep You Near,Sum Wave,latin,7,1
Best Friend's Ass - Dimitri Vegas & Like Mike Remix,Dimitri Vegas & Like Mike,edm,7,0
Gridlock,Stan Kolev,edm,7,1
Out Ta Get Me,Guns N' Roses,rock,7,0
Dígale,David Bisbal,latin,7,1
Only Time Will Tell,O.S.U.,latin,7,0
My Broken Heart 93,DTU,latin,7,1
Open Your Eyes,DTU,latin,7,1
Empire State Of Mind [Jay-Z + Alicia Keys],JAY-Z,rap,7,0
Found You,RetroVision,edm,7,0
Click Click Boom,Saliva,rock,7,0
Party Up,DMX,rap,7,0
Dance with You,Hoofa,rock,7,0
Midnight Drivn,Luscious-235,pop,7,0
Landmines,DJ DMD,rap,7,0
Gospel,Rich Brian,rap,7,0
Talk Dirty,Big Bub,r&b,7,0
The Dark,John Clark,rock,7,1
In My Mind,The Amazons,rock,7,0
Hotel Happiness,Chuckii Booker,r&b,7,0
I Adore U,Caron Wheeler,r&b,7,0
Hot Steppa - Original Edit,Mike Hawkins,edm,7,0
Armageddon,Conejo,latin,7,0
I'm Real - Murder Remix,Jennifer Lopez,r&b,7,1
The Unforgiven II,Metallica,rock,7,0
Gooey,Glass Animals,pop,7,1
Purple Pills,D12,rap,7,0
SO HIGH,BONNIE X CLYDE,rap,7,0
Only One,Carlie Hanson,r&b,7,1
This Moment,Sunministers,edm,7,0
Get Dark,Thyse,edm,7,0
us,Miscél,rap,7,1
Sunset,Hyperparadise,rap,7,1
Surrender,Debra Killings,r&b,7,1
Aether,DRIIIFT,edm,7,0
Mr. Vain Recall - Radio Edit,Culture Beat,pop,7,0
Chasing Pavements,Adele,r&b,7,1
"Solo Tu Jesus (feat. Leticia Oropeza, Mayra Avalos, Samuel Guillermo)",JDR,latin,7,0
Cats In The Cradle,Ugly Kid Joe,rock,7,1
Millionaire (feat. Nelly) - Alan Walker Remix,Cash Cash,pop,7,0
Please Come Home For Christmas,Charles Brown,r&b,7,1
Shine a Light,Travel With The Sun,rock,7,0
Dear Boy,Avicii,edm,7,0
Jungle,Tash Sultana,pop,7,0
Wild Eyes,Broiler,pop,6,0
Transience,Nash Hawkins,edm,6,0
God's Will,DJ Bode,r&b,6,0
Distance,Nicky Romero,edm,6,0
Pimpin' Lyrics,Ron C,rap,6,1
Dear Mama,2Pac,r&b,6,1
Get Up Here,Rezin,r&b,6,1
Hold You Down,Milli,r&b,6,1
Coke & Henny Pt. 2,Pink Sweat$,pop,6,1
Heartbeat,Genairo Nvilla,latin,6,0
Steppin',Antonio Neal,r&b,6,0
Caile (feat. Zion & De La Ghetto),Revol,latin,6,0
Mad Man,Jena Rose,pop,6,0
All To Myself,Nolan van Lith,edm,6,0
Start A Riot - Thundatraxx Remix,BANNERS,latin,6,0
Faded - Tiesto's Northern Lights Remix,Alan Walker,edm,6,0
Like A Fool,Crazy P,r&b,6,0
Jam,Genairo Nvilla,latin,6,0
"River of Sorrow, River of Hope",Izzy Gaon,rock,6,1
All I Do Is,Midtown Jack,edm,6,0
Emotionless,Drake,r&b,6,0
Brindemos,Anuel AA,rap,6,0
My Story Is Yours,AMAZING MAZE,r&b,6,0
By My Side,T-Mass,rap,6,0
You Are The One,Sandy Congendo,latin,6,1
I Need Never Get Old,Nathaniel Rateliff & The Night Sweats,rock,6,0
Sin Fortuna (Diamante Negro),Akwid,latin,6,0
Paquito Soul,Lighter Shade Of Brown,latin,6,0
You Know You're Special,Lil Cuete,latin,6,1
"Ladies, I Luv 'Em",Father MC,r&b,6,0
Yoru,Rafael Cerato,edm,6,0
Superstition - Single Version,Stevie Wonder,r&b,6,1
Porcelain - Sick Individuals Remix [Edit],Moby,edm,6,0
Lovers Friends - John Dahlbäck Remix,Möwe,edm,6,0
You Could Be Mine,Guns N' Roses,rock,6,0
Kingdom - Original Mix,Jewelz & Sparks,edm,6,0
Time to Ride,Living Legends,rap,6,0
Drops,Solarrio,r&b,6,0
Lumbra,Cali Y El Dandee,latin,6,0
Cocoon - Erick Morillo & Harry Romero Remix,Erick Morillo,edm,6,0
Testimony,Mary J. Blige,r&b,6,1
Me and My Downfall,DeeExpus,rock,6,0
Smoke Break,Jasper Loco,latin,6,1
Syrup,Dweeb,rap,6,1
Say It,Tory Lanez,rap,6,1
3005,Childish Gambino,rap,6,0
Saturday - Radio Edit,Luke DB,edm,6,0
Forever Young - Bobby Rock Remix,Sam 'O Neall,edm,6,0
DUI,Oomp Camp,rap,6,0
Bad Things - With Camila Cabello,Machine Gun Kelly,pop,6,0
Krantenwijk,Lil Kleine,pop,6,0
Blame Me,Hannah Williams,r&b,6,1
Malibu - Tiësto Remix,Miley Cyrus,edm,6,0
Vida de Ghetto,KLOEF TJR,rap,6,0
Drives,Sid Luscious and The Pants,pop,6,0
Chiral,NONDO,edm,6,0
Storyteller,Ioearth,rock,6,0
Pardon My Ego,Logic,rap,6,0
Cocaine,Logic,rap,6,0
Bridge over Troubled Water,Simon & Garfunkel,rock,6,1
Blackbird,Sam Feldt,latin,6,0
Hallowed Be Thy Name - 1998 Remastered Version,Iron Maiden,rock,6,0
Strangers,Far Out,edm,6,0
Awake,VYLW,edm,6,0
Stop Snitchin,YG,r&b,6,0
Wishing Well,Sam Feldt,latin,6,1
Leave Me Alone,Sam Feldt,latin,6,0
Wings (feat. Taylr Renee) - Black Boots Remix,Tom Swoon,edm,6,0
Lavish,WYLD,pop,6,1
Don't Walk Away - Radio Edit,Michael Mind,edm,6,0
Lost Without U,Robin Thicke,r&b,6,1
Into the Setting Sun,Liam Davison,rock,6,1
New Day - Extended Mix,The Shapeshifters,edm,6,0
SLOW DANCING IN THE DARK,Joji,r&b,6,1
Housebeat - Original Mix,Spencer & Hill,edm,6,0
Bum Bum Tam Tam - Kura Remix,MC Fioti,edm,6,0
Faya,Genairo Nvilla,latin,6,0
We Are to Be,Chymamusique,r&b,6,1
Te Doy Mi Vida,Lucas Arnau,latin,6,0
Mind Drum,Genairo Nvilla,latin,6,0
hollow,POORSTACY,rap,6,0
Balance,Band&dos,edm,6,0
Love Somebody,Shannon LaBrie,r&b,6,0
African Woman So Fine,HARRI BEST,latin,6,0
Lucky Strike,Troye Sivan,pop,6,1
JACKIN' - Extended Mix,Antranig,edm,6,0
Let The Bass Kick (Original Mix) - TR414,Mr. Kavalicious,edm,6,0
BOBBY (feat. My Dad),Logic,rap,6,0
Wilhelm Scream,The Bamboos,r&b,6,0
Epic Days,Eclectic Sound,latin,6,0
Baba O'Riley - Original Album Version,The Who,rock,6,1
Something I Love (About This Life),Sleepy Malo,latin,6,0
"Darlin', Darlin'",Ready For The World,r&b,6,1
"Through the Eyes of Love (Theme from the Motion Picture ""Ice Castles"")",Melissa Manchester,r&b,6,1
To Who Do We Go To,Marcus Bornold,edm,6,1
Still of the Night - 2017 Remastered Version,Whitesnake,rock,6,0
This Is Our Night - Original,Sander Kleinenberg,edm,6,1
Rebel Yell - 1999 - Remaster,Billy Idol,rock,6,0
Chase the Sun,Hardwell,edm,6,0
Saturday Night - Radio Edit,Whigfield,pop,6,0
Dope's Gotta Hold On Me (feat. Ese Rich Roc),Spanish F.L.Y.,latin,6,1
Can You Feel Me,Love Beans,latin,6,1
To Be With You,Mr. Big,rock,6,1
Nothing Even Matters,Ms. Lauryn Hill,r&b,6,1
Mutha,Chardy,edm,6,0
Nobody's Fool,Cinderella,rock,6,1
Makin' Moves,DJ DMD,rap,6,0
Bring Em Out,T.I.,rap,6,0
Seek & Destroy,Metallica,rock,6,0
Sigo Extrañándote,J Balvin,latin,6,0
Threat,Zero Theorem,rock,6,0
Saftige Schluhas,Olexesh,rap,6,0
Creature,BONES UK,rock,6,0
The Killing,Zero Theorem,rock,6,0
Hypnotize,The Notorious B.I.G.,rap,6,0
My Boo - Hitman's Club Mix,Ghost Town DJs,rap,6,0
Committed to Sparkle Motion - DubVision Remix,Discopolis,edm,6,0
Comerte a Besos,Danilo Parra,latin,6,0
Johnny And Mary,Robert Palmer,pop,6,1
Quédate,Kany Garcia,latin,6,1
Don't Tell 'Em,Jeremih,rap,6,1
El Hijo De Mama,Mr. Knightowl,latin,6,0
I'm In A Band,Danko Jones,rock,6,0
Hands To Heaven - David Gravell Remix,Armin van Buuren,edm,6,0
Only When I Laugh,Troop,r&b,6,0
Comerte A Besos,Justin Quiles,latin,6,0
Venus,Bananarama,pop,6,0
Toda - Remix,Alex Rose,rap,6,1
Civil War,Guns N' Roses,rock,6,0
Say Something - Zac Samuel Remix,Karen Harding,pop,6,0
Hurtin' Me,Stefflon Don,pop,6,0
Mascara,Steve Andreas,latin,6,0
Por una camarera,Mauricio Figueiral,r&b,6,0
Love's Mistake,Ollie Wade,edm,6,1
Lyte as a Rock,MC Lyte,r&b,6,1
No Mo Play In GA,Pastor Troy,rap,6,0
Hace Tiempo,Fonseca,latin,6,0
Spark,Boy Untitled,pop,6,1
Devil's Basement,Shanghai Treason,rock,6,0
forgotten,Marcus D,latin,6,1
Mi Mala,Mau y Ricky,latin,6,0
Take Over,Gavlyn,r&b,6,0
Tócame (feat. Pitbull),Elettra Lamborghini,latin,6,0
The Fall,Rhye,pop,6,1
For Me,J.R.,r&b,6,0
Experiencia Religiosa,Enrique Iglesias,latin,6,1
El Dia De Suerte,Héctor Lavoe,latin,6,0
Leave The World Behind - Radio Edit,Axwell,edm,6,0
Never Fade - Radio Edit,Alex Guesta,edm,6,0
Kiss Me Thru The Phone,Soulja Boy,rap,6,0
She’s Gone,Minx,r&b,6,1
Avalanche,ARTY,edm,6,0
Good Vibes,Alberto Dimeo,edm,5,0
Where Would I Be,Sunny Hawkins,r&b,5,0
Hide Away,Daya,pop,5,0
Is This Love - 2017 Remastered Version,Whitesnake,rock,5,0
Send Me I'll Go,Sunny Hawkins,r&b,5,1
Kod Bateria Riddim,Genairo Nvilla,latin,5,0
These Dreams,Heart,rock,5,1
Ursa Major - Pad One Rmx,Audio Storm,edm,5,1
Ecuador,Sash!,edm,5,0
Don't Be Afraid To Be Different (feat. Will Smith),Logic,rap,5,0
Show Me the Way - Radio Edit,The.madpix.project,pop,5,0
When The Smoke Is Going Down,Scorpions,rock,5,0
bedroom,Smeyeul.,rap,5,1
0 To 100 / The Catch Up,Drake,r&b,5,0
The Devil's Tears - Sam Feldt Edit,On June,pop,5,0
Easier,Mansionair,pop,5,1
Pictures [Tonite Only Remix],Sneaky Sound System,edm,5,1
Bebe (feat. Anuel AA),Ozuna,rap,5,1
If This Is Love,Frank Mccomb,r&b,5,1
Her Life,Two Feet,pop,5,1
On My Side,Hounded,latin,5,1
Firefly,Mura Masa,r&b,5,1
Closer,Lemaitre,rap,5,0
Starboy - Kygo Remix,The Weeknd,edm,5,1
We Don't Talk Anymore - Junge Junge Remix,Charlie Puth,edm,5,0
Ballin' Hot (Prod. by Khrysis),Rapsody,rap,5,1
Quem Você Pensa Que É?,Juccas,latin,5,0
Suit & Tie,Justin Timberlake,latin,5,0
Beautiful Girl - Radio Edit,Junge Junge,pop,5,1
Feels Like Home,Sam Feldt,latin,5,0
Pa Tu Casa,Kevin Roldan,rap,5,0
Animals - Original Mix,Martin Garrix,edm,5,0
Money For Nothing - Edit,Dire Straits,rock,5,0
Deck the Halls / Silent Night,Whitney Houston,r&b,5,0
She Can't Stop This - Dub,Piet van Dongen,edm,5,1
La Nueva Y La Ex,Daddy Yankee,latin,5,0
Find You,Badrapper,rap,5,0
Dance No More,OUTRAGE,edm,5,0
Qué Gano Olvidándote (feat. Zion & Lennox) - Versión Urbana,Reik,latin,5,0
Howling,RY X,pop,5,1
At Seventeen,Janis Ian,r&b,5,1
Mas De Lo Que Te Imaginas (Classic Version),The Sacados,latin,5,0
You Wanna (Klaas Remix),Aston Martinez,edm,5,0
We Come - Radio Edit,Boehm,latin,5,0
High And Low,Sam Feldt,latin,5,0
Now That I Found You,Carly Rae Jepsen,pop,5,0
Ai Se Eu Te Pego - Ao Vivo,Michel Teló,pop,5,0
Cover Me,Bruce Springsteen,rock,5,0
From Me To You - Edit,Yolanda Be Cool,latin,5,0
Cold Massive Blue,Wynardtage,pop,5,0
What About The Love,Sam Feldt,latin,5,0
Where You Wanna Be,Charles William,pop,5,0
Klanga - De Hofnar Remix,Gostan,pop,5,1
Sacrifice,Boy Untitled,pop,5,1
Crystals,Of Monsters and Men,pop,5,0
Everything Black (feat. Mike Taylor),Unlike Pluto,edm,5,0
Exposure,Nash Hawkins,edm,5,1
Stuck On You,On June,latin,5,1
Aingonlechugo,Adrianne Archie,r&b,5,0
Try Me (feat. Young Thug),Trae Tha Truth,r&b,5,1
Secret,Shannon LaBrie,r&b,5,0
Cruel World,Seeb,latin,5,0
Me Gusta,Natti Natasha,latin,5,0
For One Night Only,Simple Minds,rock,5,0
I Hear You Paint Houses,Robbie Robertson,rock,5,0
Obstacles,Tone Depth,edm,5,1
"Helluva - Heaven Mix 12""",Brotherhood Creed,r&b,5,0
Around the World (La La La La La) - Radio Version,A Touch Of Class,pop,5,0
True,Triple C,latin,5,1
Whatever You Want,Lighter Shade Of Brown,latin,5,1
Tell Me What You Like,Guy,r&b,5,1
Breathe,Jae Mazor,pop,5,0
Notice Me,JoJo2amazing,r&b,5,1
Flats Life,Midget Loco,latin,5,0
Hisaab,Karan Aujlaa,rap,5,0
Si No Le Contesto - Merengue Version,Plan B,latin,5,0
Favor of God,Angie Stone,r&b,5,0
Los Angeles en Guerra,Conejo,latin,5,0
I Don't Know,Slush The Villain,latin,5,0
Sick Flow,Lil Cuete,latin,5,0
10 Freaky Girls (with 21 Savage),Metro Boomin,r&b,5,1
Do You Remember,Jarryd James,pop,5,1
Silver Bombs,[:SITD:],pop,5,0
I'm Good,Rippa da Kid,pop,5,1
Think About You,Guns N' Roses,rock,5,0
Thug Money,Trick Daddy,rap,5,1
Dear Friend,Sugar Blizz,latin,5,0
No Lie - Sam Feldt Remix,Sean Paul,latin,5,0
Sorry,Aquilo,pop,5,1
Epic,Fayn,pop,5,0
Always Somewhere,Scorpions,rock,5,1
Sexy Bitch (feat. Akon) - Featuring Akon;explicit,David Guetta,edm,5,0
Summer Crush,Maiwan,latin,5,1
Hold You Down,Maleekisking,r&b,5,1
Beautiful Light,J.R.,r&b,5,0
Amazing,J.R.,r&b,5,0
X You - Radio Edit,Avicii,edm,5,0
I Got Love (feat. Nate Dogg),Don Diablo,edm,5,0
Falling,Alesso,edm,5,0
Ridin Big,Pastor Troy,rap,5,0
Sold Out Dates (feat. Lil Baby),Gunna,rap,5,1
Thick And Thin,LANY,pop,5,0
Hurricane Highlife,WDL,pop,5,0
Hey Santa Claus,The Moonglows,r&b,5,1
O.P.P. (Re-Recorded),Naughty By Nature,r&b,5,0
Love Is a Bitch,Two Feet,pop,5,1
Drive,The Cars,pop,5,0
Simon Says,Pharoahe Monch,rap,5,0
Let Me Go,Avril Lavigne,rock,5,0
Lean Back,Terror Squad,rap,5,0
Do It Again,Steve Aoki,pop,5,0
Goldie,A$AP Rocky,rap,5,0
Bad Habit,Whistle,r&b,5,1
Oh I,Debra Killings,r&b,5,0
Mo Better,Raheem DeVaughn,r&b,5,1
I Feel It Too,Maiwan,latin,5,0
"I Feel Love - 12"" Version",Donna Summer,edm,5,1
Play Me Out,AZ'1,r&b,5,0
Get Down on It,Central Coast Clique,latin,5,0
Strange Love - Original Mix,Dusty Buddha Child,edm,5,0
Dream in Colour,Various Artists,r&b,5,1
Cleanin' Out My Closet,Eminem,rap,5,0
Nervous (The Ooh Song) - Mark McCabe Remix,Gavin James,latin,5,0
Legacy,Onur Ormen,rap,5,1
White Iverson,Post Malone,rap,5,1
Crush - Silvio Luz Remix,Andrew Mathers,latin,5,0
I Wanna,Con Brio,r&b,5,0
Cosmosurfing,Elea,edm,5,0
A Good Man,Bad Dreams,rock,5,1
Eagle Eye,Ava Raiin,r&b,5,0
Nothing to Lose,VYLW,edm,5,0
Anos Luz,Matuê,rap,5,1
Chasing After You,Sam Feldt,latin,5,0
Perfect Mess,Yan Cook,edm,5,1
Powerglide (feat. Juicy J),Rae Sremmurd,rap,5,0
La Vida No Es Eterna,Javiera Mena,pop,5,0
Ohne mein Team,Bonez MC,latin,5,0
Get Twisted (Original Mix),Klaas,edm,5,1
Only You (MastikSoul Remix),Chris Lake,edm,5,0
Money & Power,JoJo2amazing,r&b,5,1
I Don't Wanna Love You Anymore,LANY,pop,5,1
Warzone - Radio Edit,Husman,edm,5,0
IV. Sweatpants,Childish Gambino,rap,5,1
Petit Sekou,Bembeya Jazz National,rock,5,0
Galbi,Amorf,rap,5,1
Not Alone,Brian McKnight,r&b,5,1
Toro - Original Mix,Pete Oak,edm,5,0
Friday,Theblackboyjohn,r&b,5,0
Technicolour Beat,Oh Wonder,pop,5,1
Another Life,Afrojack,pop,5,0
Walk on By,Kendra Morris,r&b,5,0
Ring Me Up - Soundsystem Mix,!deladap,edm,5,0
To Be with You - 2010 Remastered Version,Mr. Big,rock,5,1
Just Don't Give A Fuck,Eminem,rap,5,0
Just A Girl - Acoustic Live - German Radio,No Doubt,latin,5,1
Netzwerk (Falls Like Rain),Klangkarussell,latin,5,0
Every Picture Tells A Story,Rod Stewart,rock,5,0
Like Toy Soldiers,Eminem,rap,5,0
Barbie Girl,Aqua,pop,5,0
Get'Em,Intoxicated,rap,5,0
Everyday - Remastered,Jamiroquai,r&b,5,1
Fire,Saravah Soul,rock,5,0
No One,Dave Hollister,r&b,5,0
El Mentiroso,Gente De Zona,latin,5,0
Carnales,KLOEF TJR,rap,5,1
Higher,Joey Dale,edm,5,0
Had Some Drinks,Two Feet,pop,4,1
No Candle No Light (feat. Nicki Minaj),ZAYN,pop,4,0
Incredible - (extended album version),The Shapeshifters,edm,4,0
Live It Up,John Legend,r&b,4,0
Pursuit of Happiness - Steve Aoki Remix,Kid Cudi,edm,4,1
Joan of Arc (feat. Thailand),David Guetta,edm,4,0
Something In The Way,Jorja Smith,r&b,4,1
I Surrender,Rainbow,rock,4,0
Santa Claus Go Straight To The Ghetto,James Brown,r&b,4,0
Coconut,Harry Nilsson,rock,4,1
Confiare,Yeyo,latin,4,0
What the World Needs Now(Is Love),Dionne Warwick,rock,4,1
Bag In Da Box (feat. Orremannen) - Kung Fu Fighter Remix,DJ Tune,edm,4,0
Blinded By The Light (Electro Short Mix),Michael Mind,edm,4,0
Are You Free - Remix,Mint Condition,r&b,4,0
Here I Go Again - 20th Anniversary Remaster,Whitesnake,rock,4,0
Hasta Que Te Conocí,Juan Gabriel,latin,4,1
Believe In Love,Scorpions,rock,4,0
Safe and Sound - Radio Edit,NLSN,latin,4,0
World Can Wait,Sam Feldt,latin,4,1
sunrise,Ymori,latin,4,1
Also,Adrianne Archie,r&b,4,1
Working Man,Rush,rock,4,0
Me and Your Mama,Childish Gambino,r&b,4,1
Never Ending Story,Limahl,pop,4,1
Fight for Me,GAWVI,pop,4,0
Hit It! - Original Extended Mix,Sidney Housen,edm,4,0
Here We Go,Ton! Dyson,edm,4,0
Spaceships,AREA21,edm,4,0
Can You Feel Me Now,DJ Screw & The Screwed Up Click,rap,4,1
Don't Say A Word,Sam Feldt,latin,4,0
Wolves Without Teeth,Of Monsters and Men,pop,4,0
Empire,Of Monsters and Men,pop,4,0
Eenie Meenie,Justin Bieber,latin,4,0
A Tribe Called Government,Jordan Rakei,r&b,4,1
Something New,Axwell /\ Ingrosso,edm,4,0
Copperhead Road,Steve Earle,latin,4,0
This Could Be Us,Rae Sremmurd,rap,4,0
Fast Lane,Bad Meets Evil,rap,4,0
We Won't Be Alone (feat. Laura Brehm),Feint,edm,4,0
Everything,Claude Deuce,r&b,4,0
You Don't Know,Antonio Neal,r&b,4,0
Get Free (feat. Amber Coffman),Major Lazer,pop,4,0
Holiday,Scorpions,rock,4,1
Rise Up,Imagine Dragons,edm,4,0
Show and Prove,Es-K,rap,4,1
Organum,Veerus,edm,4,0
Cereal Keef,7apes,rap,4,1
Aqua skies,leaf beach,rap,4,1
I Want You,Tiësto,edm,4,0
You're Everything,Sunny Hawkins,r&b,4,1
"Me, Myself & I - Viceroy Remix",G-Eazy,pop,4,0
Break Through The Silence - Radio Edit,Martin Garrix,edm,4,0
Calling Out - Original Mix,Dyro,edm,4,0
#Vivalawldkdz (Roberto Rosso Remix) [feat. Twelve24],Roberto Rosso,edm,4,0
MC2 (feat. Eligh),Scarub,rap,4,0
Lord I Need You Now,Cynthia Jones,r&b,4,1
Got To Be There,Cynthia Jones,r&b,4,1
Love,Cynthia Jones,r&b,4,1
Fault Line,Loom:ngs,pop,4,1
Smooth,D'Angelo,r&b,4,1
Tell Me You Love Me,Demi Lovato,r&b,4,0
Cruisin' - Radio Edit,D'Angelo,r&b,4,1
Whole Lotta Love,Santana,rock,4,0
Mil Horas,La Sonora Dinamita,latin,4,0
Al Filo de Tu Amor,Carlos Vives,latin,4,0
Silent Night,The Temptations,r&b,4,1
Toxic,Yael Naim,r&b,4,1
Summer Games,Drake,r&b,4,1
Bank Robbery,Facemob,rap,4,0
En Algún Momento,Ulises Hadjis,pop,4,1
Every Little Thing I Do - Remix,Soul For Real,r&b,4,1
You're Not The One,Ray,latin,4,0
Just A Dream - Flaremode & Adler Remix,Nipri,edm,4,0
La Llamada,Felibena,latin,4,0
Ten Feet Tall,Afrojack,edm,4,0
Melody,Tellow,latin,4,0
Since I Don't Have You,Guns N' Roses,rock,4,1
This Girl (feat. Kylie Auldist),Cookin' On 3 Burners,r&b,4,0
"Gonna Fly Now (Theme From ""Rocky"") - 2006 - Remaster",Bill Conti,edm,4,0
Kids In America,Kim Wilde,pop,4,0
I Don't Think I Want to Know,Kellylee Evans,r&b,4,1
Bad Company (Remastered Album Version),Bad Company,rock,4,1
Feel It All Around,Washed Out,pop,4,0
I'm With You,Daniel Johnson,r&b,4,0
On The Clock,Lvly,latin,4,0
"Rain Again - Part I, II, & III",Abel Ganz,rock,4,1
Yo Quiero (Si Tu Te Enamoras),Gente De Zona,latin,4,0
Oyá,Igor Neves,latin,4,0
중독 Overdose,EXO-K,edm,4,0
Andamos en el Vuelo,KLOEF TJR,rap,4,0
Crawling In The Dark,Hoobastank,rock,4,0
Today - Remastered,The Smashing Pumpkins,rock,4,0
I Call Your Name,Debra Killings,r&b,4,0
Tres Delinquentes - Radio,Delinquent Habits,latin,4,0
Give Him a Love He Can Feel,Tene' Williams,r&b,4,0
FIVEg,Dave Spoon,edm,4,1
Take That,Adrian Hour,edm,4,1
The Travel (Alvaro Guerra & Kilian Dominguez Original Mix),Intensa Music,edm,4,0
I Want You Around,Snoh Aalegra,r&b,4,1
VELVET,Kroshwell,edm,4,0
Come Baby Come,K7,r&b,4,0
Anything Goes,Guns N' Roses,rock,4,0
Where Did I Go?,Jorja Smith,r&b,4,1
Rocket Queen,Guns N' Roses,rock,4,0
Turn It Around,Merk & Kremont,edm,4,0
Higher Ground,Stevie Wonder,r&b,4,0
Pressure,EBEN,rap,4,0
Chica Paranormal,Paulo Londra,rap,4,0
Buscando Huellas,Major Lazer,latin,4,0
Sexy Love,Ne-Yo,r&b,4,1
Universal Love - Nicola Veneziani Remix,Edward Maya,edm,4,0
Chillax,Alkilados,latin,4,0
All Night,The Vamps,edm,4,0
Now Or Never,Halsey,r&b,4,0
Echa Pa'lla (Manos Pa'rriba),Pitbull,latin,4,0
Sympathy For The Devil,Guns N' Roses,rock,4,0
You're Crazy,Guns N' Roses,rock,4,0
Girl's Got It Goin' On,Michael Cooper,r&b,4,0
"At the End, Pt. 1",Save the Arcadian,r&b,4,1
Lebensborn - Update,[:SITD:],pop,4,0
Fire,Barns Courtney,rock,4,0
Mithya - Extended Mix,RKSN,edm,4,0
Control,James Organ,edm,4,0
Hold On - Radio Edit,Moguai,pop,4,0
Pace - Album Edit,Julian Calor,edm,4,1
Imagination,The Deele,r&b,4,0
Infatuation,The Deele,r&b,4,0
Powerful (feat. Ellie Goulding & Tarrus Riley),Major Lazer,pop,4,0
Right Now,Daxten,latin,4,1
Summer Feelings,Onda Norte,latin,4,0
I Get The Bag (feat. Migos),Gucci Mane,rap,4,0
Love Thang,Michelle Williams,r&b,4,1
Know What I'm Sayin'?,Latin Alliance,latin,4,1
Fight Music,D12,rap,4,0
Up in There (feat. Rippa da Kid & Troy Murray),Jae Mazor,pop,4,0
Toulouse - Original Edit,Nicky Romero,edm,4,0
Dance With Me (Get On The Floor),Brotherhood Creed,r&b,4,0
Song 31,Noname,rap,4,1
At My Best (feat. Hailee Steinfeld),Machine Gun Kelly,r&b,4,0
Easter Sunday,Zelooperz,rap,4,0
Different Place,STVCKS,pop,4,0
Gypsie Doodle,Analogik,edm,4,0
Bunda (Hivernage) - Massivedrum Remix,D-Rashid,latin,4,0
Beautiful Life,Ace of Base,pop,4,0
Get Wild,Lost My Name,pop,4,0
Ipagpatawad Mo,Mayonnaise,rock,4,0
Go To Sleep,Eminem,rap,4,0
Moments - Original Mix,Chris Lawyer,edm,4,0
Phantasy - Sezer Uysal's 'Afrekno' Remix,Betoko,edm,4,0
Low Life,Future,rap,4,1
Never Be,Pieter Ellis,edm,4,0
Violet City,Mansionair,pop,4,0
Like a Hurricane,Basixx,latin,4,0
I Ain't Wit It,Paul Laurence,r&b,4,0
Find Me,Sigma,pop,4,0
Guilty Conscience,Eminem,rap,4,0
None of the Above,TRASH HEADS,rock,4,0
Without You,Oh Wonder,pop,4,1
Sweet Emotion,The Kooks,pop,4,0
Play That Song,Train,pop,4,0
Hey Lady,Central Coast Clique,latin,4,1
We Come from the Valley,Fiesty 2 Gunns,latin,4,0
Love Rollercoaster,Ohio Players,r&b,4,0
Breathe Me,Sia,r&b,4,0
Take Me Home - BBC Children In Need Single 2015,Jess Glynne,r&b,4,1
The Way We Thought,The Outset,latin,4,0
Back on the Chain Gang,Morrissey,rock,4,0
Growing Pains,NANG,r&b,4,1
I Give You My Heart,Mr. President,pop,4,0
Gypsy Road,Cinderella,rock,4,0
Well Uh Huh,Pastor Troy,rap,4,0
*Low End Theory,"Saturn, Alexander",r&b,4,1
Lakes of Pontchartrain - Recorded at Spotify Studios NYC,Aoife O'Donovan,r&b,4,1
Offbeat Swag - Maroy's Deep Drums Remix,Bryan Dalton,latin,4,0
Marimba - Original Mix,Soul Cartel,latin,4,1
Bang - Radio Edit,Genairo Nvilla,latin,4,0
We Sink,Of Monsters and Men,pop,4,0
Daddy's Got You,Sunny Hawkins,r&b,4,1
In My House,Mary Jane Girls,rock,3,0
Blackbird,Jonas Aden,edm,3,0
Mi Llamada,Rauw Alejandro,rap,3,0
Buscándote - Radio Edit,Mike Bahía,latin,3,0
Si Te Sentis Sola,Duki,rap,3,0
Mountains,Sia,pop,3,1
Te amaré,Miguel Bosé,latin,3,0
Not Too Late - Original Club Mix,Heiko & Maiko,edm,3,0
Stay - Remix,Eternal,r&b,3,0
We'll Burn The Sky,Scorpions,rock,3,0
Big City Nights,Scorpions,rock,3,0
Where The Streets Have No Name - Single Edit,U2,rock,3,0
"Lo Que Paso, Paso",Daddy Yankee,latin,3,0
Woman of the Ghetto - Akshin Alizadeh Remix,Marlena Shaw,r&b,3,1
Tunnel Vision - Don Diablo Edit,Zonderling,edm,3,0
Reflections - Gryffin Remix,MisterWives,pop,3,0
You Really Got Me,Van Halen,rock,3,0
Stop By,Rahsaan Patterson,r&b,3,0
So Into You,Antonio Neal,r&b,3,0
Strangers Do,Jonas Aden,edm,3,0
Run To You,Bryan Adams,rock,3,0
Photomaton,Jabberwocky,pop,3,1
Sweat (Snoop Dogg vs. David Guetta) - David Guetta Remix,Snoop Dogg,pop,3,0
Coolant - Remix,Farruko,latin,3,0
BLUE,Zaia,rap,3,0
Georgia,Kevin Abstract,rap,3,1
Bang Bang,Dr. Dre,rap,3,0
Regress,InAir,rock,3,0
Whatta Man,Salt-N-Pepa,r&b,3,0
Put Your Records On,Aslove,latin,3,1
Waste Our Time,BLAEKER,latin,3,0
Gemini Feed,BANKS,pop,3,0
Easy Love - Original Mix,Sigala,latin,3,0
Rewind (feat. Sophie Strauss),Wingtip,r&b,3,0
What You Need,BAYNK,r&b,3,1
All Aboard - Dimitri Vegas & Like Mike Edit,Bassjackers,edm,3,0
Stuck on U,Lizzyloo,edm,3,0
Ode To Oi,TJR,edm,3,0
You & Me,Marc E. Bassy,pop,3,0
Break Me Down,L0uie L0u,pop,3,0
Forget What I Said,Noora Noor,r&b,3,1
This Is Dirty - Original Mix,DVBBS,edm,3,0
Inolvidable,Farruko,latin,3,0
Nonchalant,6LACK,r&b,3,1
Fall Apart,Sydney,rock,3,1
Ronca,Don Omar,latin,3,0
Sex On The Beach - Original Mix,T-Spoon,pop,3,0
When Love Comes To Town,U2,rap,3,1
Addicted,Vigiland,edm,3,0
Speak Easy,Mansionair,pop,3,0
All I Got (feat. Jae Mazor & Rippa Da Kid),Orion Paxx,pop,3,0
Can't You Hear Me Knocking - Remastered,The Rolling Stones,rock,3,0
Notorious Thugs,The Notorious B.I.G.,rap,3,0
Champion,Fall Out Boy,r&b,3,0
Balenciaga,Ozuna,rap,3,1
Celsius - Mixed,Stefano Richetta,edm,3,0
Drum Code,David Fesser,latin,3,0
Keep Moving,Marc Oso,r&b,3,1
Pipa - Pep & Rash Remix,Santos Suarez,latin,3,0
Talent (You Got It All),Whistle,r&b,3,1
Save My Life,The Deele,r&b,3,0
Substitute - Single Version,The Who,rock,3,0
Vegas,Onda Norte,latin,3,0
Give It All,Rise Against,rock,3,0
Under The Knife,Rise Against,rock,3,0
What A Time,Daniel Johnson,r&b,3,0
Weight In Gold - Brasstracks Remix,Gallant,r&b,3,0
Concrete Schoolyard,Jurassic 5,r&b,3,0
Get By,Talib Kweli,r&b,3,0
Closing My Eyes,Alrahim Wright III,rap,3,1
Again,Jaden,rap,3,1
Mo Money Mo Problems (feat. Mase & Puff Daddy),The Notorious B.I.G.,rap,3,0
Vamos Pa' La Calle,Bad Bunny,rap,3,0
Right Next Door To Hell,Guns N' Roses,rock,3,0
Yesterdays,Guns N' Roses,rock,3,0
Persiana Americana,Soda Stereo,rock,3,0
Dark Horse feat. Juicy J (Originally Performed By Katy Perry) [Karaoke Version],Paris Music,rap,3,1
Baby Got Back,Sir Mix-A-Lot,rap,3,0
Better Off Alone - Hitradio Mix,Alice Deejay,pop,3,0
Wake Turbulence - Koen Groeneveld Remake Edit,Koen Groeneveld,edm,3,0
More Than A Woman,Aaliyah,r&b,3,0
"Guarding The Gates - From ""Queen & Slim: The Soundtrack""",Ms. Lauryn Hill,r&b,3,0
Million Voices,Otto Knows,edm,3,0
Pindelo - Original Mix,MarllDexx,latin,3,0
Hallucinate,William Black,edm,3,0
Afro Trap Pt. 3 (Champions League),MHD,rap,3,0
Brass 2.0,Dirty Rush & Gregor Es,edm,3,0
Sólo Mía,Yandel,latin,3,0
Tension,Onur Ormen,rap,3,0
Oh My God,2nd Life,rap,3,0
Your Soul,Hippie Sabotage,pop,3,0
Quien La Vio Llorar,Don Omar,latin,3,0
21st Century Girl,BTS,edm,3,0
Mister Dardy,Dardan,rap,3,0
Salt,Dye O,latin,3,1
You,Lloyd,r&b,3,0
Are You Ready to Be Loved?,The Deele,r&b,3,0
Don't Remind Me,Damian Dame,r&b,3,0
Part II,Method Man,rap,3,0
Hooked on You - The Reflex Revision,Cerrone,edm,3,0
Show Me How to Love,Debra Killings,r&b,3,1
Come On,Debra Killings,r&b,3,1
Doctor Doctor,UFO,rock,3,0
Can You Hear Me,Ookay,rap,3,0
Let Me Roll It - Remastered 2010,Paul McCartney,rock,3,1
Jefe,Niko Eme,latin,3,0
Vibe,Zhané,r&b,3,0
Kesh,D-Rashid,latin,3,0
Cause 2 - Original Mix,Tensal,edm,3,0
Perfect Love Song,Squackett,rock,3,0
Subservient,Stan Kolev,edm,3,0
Heavy Is the Head,Zac Brown Band,rock,3,0
I Wanna Fuck You,Snoop Dogg,r&b,3,1
Long Ago,Wun Two,rap,3,1
Small Town,John Mellencamp,rock,3,0
Chuck Norris - Radio Edit,Kongsted,edm,3,0
N.F.L (New Found Love),Da' T.R.U.T.H.,r&b,3,0
With You,J.R.,r&b,3,1
X (with 2 Chainz & Saudi),ScHoolboy Q,rap,3,1
14 Years,Guns N' Roses,rock,3,0
Ain't It Fun,Guns N' Roses,rock,3,0
Don't Damn Me,Guns N' Roses,rock,3,0
Blood,Breaking Benjamin,rock,3,0
solace,Xfruge,rap,3,1
Бесцеремонная сука,MAXIFAM,rap,3,1
Catch & Release - Deepend Remix Extended Version,Matt Simons,latin,3,1
Ali Bomaye,The Game,rap,3,0
Nada Fue Un Error,Coti,latin,3,0
Get On,Housequake,edm,3,0
It's All Love,Myka 9,rap,3,1
Let the Beat Hit 'Em,Lisa Lisa & Cult Jam,r&b,3,0
Radio Nowhere,Bruce Springsteen,rock,3,0
Monsters in Your Bedroom,Tertia May,r&b,3,1
Live Right,Cynthia Jones,r&b,3,1
Our Youth,Sonny Alven,latin,3,0
Ain't It Funny - Murder Remix,Jennifer Lopez,r&b,3,0
That's Not Me,Skepta,rap,3,0
Ninguna,Los Rumberos,latin,3,1
Hard Time - Kretsen Remix,Seinabo Sey,pop,3,0
Como Le Digo,Khea,rap,3,1
It's All Relative - Radio Mix,ARTY,edm,3,0
Rusty Cage,Soundgarden,rock,3,0
Nobody Does It Better,Carly Simon,rock,3,1
Radio Ga Ga,Queen,pop,3,1
Secret Garden - Rob Hes Remix,Drunken Kong,edm,3,0
Strange Brew,Cream,rock,3,1
The Only One - Remix,Antonio Neal,r&b,3,0
Great Jehovah,Soul (Mo Henderson's Group),r&b,3,0
Damelo (You got what I want) - Original Mix,Gregor Salto,latin,3,0
The Zoo,Scorpions,rock,3,0
I Used To Love Him,Ms. Lauryn Hill,r&b,3,0
Never Can Say Goodbye,The Communards,pop,3,0
Alguien Robo,Sebastian Yatra,latin,3,0
Love Song,The Cure,rock,3,0
Marlboro,MiyaGi,rap,3,1
Hey Ya,Obadiah Parker,r&b,3,1
Fading,Vacation Manor,pop,3,0
Don't Mess With My Man,Lucy Pearl,r&b,3,0
I Want You To Want Me - Soundtrack,Letters To Cleo,rock,3,0
Show Me,Kid Ink,rap,3,0
"Nuthin' But A ""G"" Thang",Dr. Dre,rap,3,0
Wildfire,Jordan Rakei,r&b,3,0
Street Light (feat. Gwen Bunn),Jordan Rakei,r&b,3,1
Wonderful,Ja Rule,r&b,3,0
That's All She Wrote (feat. Eminem),T.I.,rap,3,0
2AM - Matoma Remix,Astrid S,pop,3,0
sweet,Lunchmoney,latin,3,1
Officieel,Broederliefde,latin,3,1
Holyghost Gyrl,Claude Deuce,r&b,3,1
Ain't Talkin' 'Bout Love,Van Halen,rock,3,0
Atemlos,[:SITD:],pop,3,0
Black Water,Of Monsters and Men,pop,3,0
Catchfire (Sun Sun Sun) - Edx Radio Edit,Spada,latin,3,0
Ain't No Sunshine - Deep Chills Radio Edit,Simioli,latin,3,1
Ride 'Em On Down,The Rolling Stones,rock,3,0
"One Bourbon, One Scotch, One Beer",George Thorogood & The Destroyers,rock,3,1
Happy Birthday,Flipsyde,rap,3,1
Lost Ones,J. Cole,rap,3,0
Souls Got Saved,Adrianne Archie,r&b,3,0
Ghost,Badflower,rock,3,0
So Much More - Remix,Northwood Worship,pop,3,0
Fabrics,Felly,r&b,3,1
Heaven Knows,The Pretty Reckless,rap,3,0
The River,Various Artists,rap,3,1
Man On The Silver Mountain,Rainbow,rock,3,0
Looking For Love,Nick Martin,latin,3,0
lovely day,chinsei,latin,3,1
N Luv Wit My Money,Paul Wall,rap,3,0
Still Of The Night - 2007 Remastered Version,Whitesnake,rock,3,0
Nobody Compares To You,Gryffin,pop,3,0
Stop! - Player & Remady Swiss Mix,DJ Antoine,edm,3,0
Naughty - Klaas Remix,John Morley,edm,3,0
Pa Mi,Lyanno,rap,3,0
What About Love?,Heart,rock,3,1
Fat Freestyle,Fat Pat,rap,3,0
Targa,S-Ilo,latin,3,1
Follow Me,Syn Cole,pop,3,0
Me and My Guitar,Tep No,pop,3,0
Throw Your Flags Up,Pastor Troy,rap,3,0
Addicted To That Rush,Mr. Big,rock,3,0
I Wanna Be Somebody,W.A.S.P.,rock,3,0
Lady (feat. Pitbull),Austin Mahone,pop,3,0
Everything She Wants,Wham!,rock,3,0
Chainsmoking,Jacob Banks,pop,3,0
Nothing's Gonna Hurt You Baby,Cigarettes After Sex,pop,3,1
Warpaint,Buckcherry,rock,3,0
Breathe - Syris Remix,Mako,edm,3,0
Drum Power,Dominic Candela,latin,3,0
I Am,Jorja Smith,r&b,3,0
Street Law,Pastor Troy,rap,3,0
Yeah!!!,Pastor Troy,rap,3,0
Smooth Operator - Remastered,Sade,rock,2,0
Como Tu No Hay Dos,Buxxi,latin,2,0
Fade Into You,Bjonr,pop,2,0
Let Me Luv U,TiMT,rap,2,1
Ferrari,Duki,rap,2,0
Enough to Believe - Jamie Jones Remix,Bob Moses,edm,2,0
Shape of You,EZA,pop,2,1
Vivire Para Ti,Los Amigos Invisibles,latin,2,0
Bad Boys Running Wild,Scorpions,rock,2,0
Alien Nation,Scorpions,rock,2,0
Every Minute Every Day,Scorpions,rock,2,0
Walking On The Edge,Scorpions,rock,2,0
Top Of The Bill - Live,Scorpions,rock,2,0
Extra Credit,Adrianne Archie,r&b,2,0
High School Dropout,Neon Dreams,pop,2,0
Verona,Elemeno P,rock,2,0
Tonight,Nurko,edm,2,0
State of Attraction,Rhonda Clark,r&b,2,0
Fine Day,Keanu Silva,pop,2,0
The Devil Went Down To Georgia,The Charlie Daniels Band,rock,2,1
Moondance,Van Morrison,rock,2,1
Have A Nice Day,Bon Jovi,rock,2,0
I'm Like A Bird - Acoustic Version,Nelly Furtado,latin,2,0
Recién Me Desperte,Lucho SSJ,rap,2,1
LeBron,Duki,rap,2,1
Roller Coaster,CHUNG HA,pop,2,0
Shut Up - Studio Version,Stormzy,rap,2,1
Dysfunktional Family,KXNG Crooked,r&b,2,0
A La Madrugada,Simon Grossmann,latin,2,0
Find You,Zedd,edm,2,0
Right On Time - Original Mix,Spencer & Hill,edm,2,0
Fly Like An Eagle,Steve Miller Band,rock,2,1
Hear You Me,Jimmy Eat World,rock,2,0
Seek Bromance (Avicii Vocal Edit),Tim Berg,edm,2,0
Heaven On Earth,Stars Go Dim,pop,2,0
Stargazer,Rainbow,rock,2,0
Pinball Wizard - Original Album Version,The Who,rock,2,0
DADDY ft. CL of 2NE1,PSY,edm,2,0
Aston Martin Music,Rick Ross,rap,2,0
Change,J. Cole,r&b,2,1
Who Do You Love?,YG,rap,2,1
Livin' It Up,Ja Rule,r&b,2,0
This Love - Acoustic,Maroon 5,latin,2,1
Red Cold River,Breaking Benjamin,rock,2,0
It's All on U (feat. Liam O'Donnell),ILLENIUM,edm,2,0
The Girl (feat. Cozi Zuehlsdorff),Hellberg,edm,2,0
Pipes Of Peace - Remastered 2015,Paul McCartney,rock,2,1
Hijo De La Noche,Duki,rap,2,0
Hello - Feat. Dr. Dre And MC Ren,Ice Cube,rap,2,0
El Doctorado,Tony Dize,latin,2,0
Deadwater,Wet,pop,2,1
Drive - Orchestral Live Version,Incubus,latin,2,0
Falling Faster,Andrew Ripp,pop,2,0
Get Down,Tiësto,edm,2,0
Feel Like Makin' Love,D'Angelo,r&b,2,1
Forever,KISS,rock,2,1
Hero (feat. Elizaveta),Pegboard Nerds,edm,2,0
Disrespectful,GASHI,rap,2,0
Chinese Democracy,Guns N' Roses,rock,2,0
Stand Out Fit In,ONE OK ROCK,rock,2,0
Bones (feat. OneRepublic) - Steff da Campo Remix,Galantis,edm,2,0
Calle Luna Calle Sol,Willie Colón,latin,2,0
Touch,Shura,pop,2,1
Old English,Young Thug,rap,2,0
The Pride,Five Finger Death Punch,rock,2,0
Quavo #Mododiablo,Duki,rap,2,0
La Pregunta,J Alvarez,latin,2,0
Quizas - Remix,Tony Dize,latin,2,0
Sparkles,Daxten,latin,2,1
Long Live the Chief,Jidenna,latin,2,0
Embrace,Goldroom,pop,2,0
Parachute - Radio Edit,Otto Knows,edm,2,0
Black Snake,Black Joe Lewis & The Honeybears,rock,2,0
Crazy Crazy Nights,KISS,rock,2,0
Jackie And Wilson,Hozier,rock,2,0
Really into You,Around The Way,r&b,2,0
Fetish (feat. Gucci Mane) - Galantis Remix,Selena Gomez,r&b,2,0
Killing Floor,Steve Miller Band,rock,2,0
ANTHEM,"Lukrative, hyperforms, COSMIC, Night Grind, Noax, SYNC, vowl., NOIXES",rap,2,0
Diamonds (feat. Micky Blue),Tiësto,rap,2,0
Lift Me Up,Toby Green,edm,2,0
Moves,Big Sean,rap,2,0
"One Bourbon, One Scotch, One Beer",John Lee Hooker,rock,2,1
Let It Go - English Version,Idina Menzel,pop,2,1
Rockstar,Duki,rap,2,0
Get It Right,Aretha Franklin,edm,2,0
I've Been Thinking - feat. Cat Power,Handsome Boy Modeling School,r&b,2,1
Whack It On Me,Damian Dame,r&b,2,0
Faded - Dash Berlin Remix,Alan Walker,pop,2,0
Watch Out For This (Bumaye),Major Lazer,pop,2,0
Rock To The Rhythm - Extended Edit,ROMBE4T,edm,2,0
Roses Are Red - Original Version,Aqua,pop,2,0
Be Like You,CVBZ,latin,2,0
Helicopter - Original Edit,Martin Garrix,edm,2,0
Counting Stars,Mountain Faith,r&b,2,1
Such Great Heights,Joy Kills Sorrow,r&b,2,1
If The World,Guns N' Roses,rock,2,0
Empty Streets,Kota Banks,r&b,2,0
Got To Give It Up (Pt. 1),Marvin Gaye,r&b,2,0
Condenado Para el Millon,Paulo Londra,rap,2,0
Trust Nobody,Cashmere Cat,edm,2,1
Earif Habibi,Amorf,rap,2,0
Si Tu Novio Te Deja Sola,J Balvin,rap,2,1
No Good,Zonderling,edm,2,0
Ya Llego (Captain Planet Remix),Willie Colón,latin,2,0
Shy,Sum Wave,latin,2,0
Geesed,Whistle,r&b,2,1
Shout,S.A.S.,rap,2,0
Cruisin' - Carl Mackintosh Mix,D'Angelo,r&b,2,1
There Is a Light That Never Goes Out,The Smiths,pop,2,0
Renegade,JAY-Z,rap,2,0
Lisztomania,Phoenix,pop,2,0
Tocarte Toa (feat. Natya),Big Yamo,latin,2,0
Abusadora,Oro Solido,latin,2,0
Rock Bottom - 2007 Remastered Version,UFO,rock,2,0
Exodus,Sam Feldt,latin,2,1
Lone Digger,Caravan Palace,edm,2,0
Culpables,"Drako ""El Principe""",latin,2,1
Butterfly - Wolfgang Lohr Remix,Swingrowers,edm,2,0
Callin' - Extended Mix,Lush & Simon,pop,2,0
Skyline,Catiso,pop,2,0
Dreamer - Matisse & Sadko Remix,Axwell /\ Ingrosso,edm,2,0
Hair of the Dog,Nazareth,rock,2,0
Here,Alessia Cara,r&b,2,0
C-D1 - Original Mix,Tensal,edm,2,0
I Know,Pierce Fulton,pop,2,0
Intocable,Don Omar,latin,2,0
Red Clay,Charlotte Dos Santos,r&b,2,1
Let's Talk About Sex,Salt-N-Pepa,pop,2,0
Iron Man,Black Sabbath,rock,2,0
Dancer,Laila,rock,2,0
Papa Was A Rollin' Stone,The Temptations,r&b,2,1
Superman,Louis Mattrs,r&b,2,1
Shades Of Voices (Original Mix),PULLER,pop,2,0
Brand New (Helium),Lvly,pop,2,0
oui,Jeremih,rap,2,0
Turn the Wheel,Agat,rock,2,0
Through To You,Lyente,pop,2,0
Paranoid,I Prevail,rock,2,0
Flash Funk (feat. Marshmello),League of Legends,edm,2,0
Put You On The Game,The Game,rap,2,0
Gonna Make You Sweat (Everybody Dance Now),C & C Music Factory,pop,2,0
Ese Always Into Something,Sleepy Malo,latin,2,0
Dealer,Troy Murray,pop,2,1
Last Call - Karmon Remix,Alex Kennon,edm,2,1
Show Me How You Love Me (Freestyle Club),Elissa,latin,2,0
Love Me Now,1A.m.,latin,2,1
Everybody Wants To Rule The World - Extended Version,Tears For Fears,pop,2,1
Speak Change,Kiyamma,r&b,2,1
Ongoing Thing,20syl,edm,2,0
Another Night,Real McCoy,pop,2,0
This Is What You Came For - R3hab X Henry Fong Remix,Calvin Harris,edm,2,0
Booty,Jennifer Lopez,latin,2,0
The Offering,Sleep Token,rock,2,0
Pfau - Original Mix,Sasch BBC,edm,2,0
Afro Beat Blues (Feat. Ojah),Hugh Masekela,rock,2,0
Angels Fall,Breaking Benjamin,rock,2,0
Brother,Urbano,edm,2,1
Go On Girl,Ne-Yo,r&b,2,1
Low,The Cleverlys,r&b,2,0
Game of Thrones (Main Theme),Flatt Lonesome,r&b,2,1
Ride Wit Me - Album Version (Edited),Nelly,pop,2,0
Titans,Razihel,edm,2,0
I Found U - Radio Edit,Axwell,edm,2,0
Dance The Night Away,Van Halen,rock,2,0
Tic Toc (with Tory Lanez),Rich The Kid,rap,2,0
Tolerance For The Absurd - Acronym Remix,Irazu,edm,2,0
Dust,Hana Oceans,pop,2,1
Borrowed Love (feat. Swae Lee & WizKid),Metro Boomin,r&b,2,1
Dreamcatcher (feat. Swae Lee & Travis Scott),Metro Boomin,r&b,2,1
Singularity,Cryptic Vision,rock,2,0
Dey Know,Shawty Lo,rap,2,0
Blue Sky,CAZZETTE,latin,2,0
8 Letters - R3HAB Remix,Why Don't We,pop,2,0
Erase Yourself,Cuva,pop,2,1
Deep Sleep,DLJ,rap,2,1
Free Fallin',Tom Petty and the Heartbreakers,rock,2,0
Love For That,Mura Masa,r&b,2,1
Sunglasses At Night - Misha Klein Remix,Lissat,edm,2,0
nights,damaa.beats,rap,2,1
Triste,Bryant Myers,rap,2,0
Daydream,Broiler,latin,2,0
Der Mussolini - 1998 - Remaster,DAF,pop,2,0
I Get It My Way,Paul Otten,rap,2,0
I Am the Best (내가 제일 잘 나가),2NE1,edm,2,0
GOOD BOY,GD X TAEYANG,edm,2,0
City Aya,Renato S,latin,2,0
Modo de Avión,Anuel AA,rap,2,1
Nothing From Nothing,Billy Preston,r&b,2,0
Where Eagles Dare - 1998 Remastered Version,Iron Maiden,rock,2,0
"Rápido, Brusco, Violento",Juan Magán,latin,2,0
Cariñito,Lila Downs,latin,2,0
Bouncybob (feat. Justin Mylo & Mesto),Martin Garrix,edm,2,0
Shine - Matoma Remix,Felix Jaehn,latin,2,0
It's You - Broiler Remix,Syn Cole,pop,2,0
Passing Me By,The Pharcyde,r&b,2,0
Solo for so Long,It's Philip Marlon,rap,2,1
Come Back To Me - filous Remix,Urban Cone,pop,2,1
It's Not Unusual,Tom Jones,r&b,2,1
Dragon - Radio Edit,Martin Garrix,edm,2,0
Project T - Martin Garrix Remix,Dimitri Vegas & Like Mike,edm,2,0
Catherine Of Aragon,Rick Wakeman,rock,2,1
All over You,LEISURE,r&b,2,1
Lifelong Dayshift,Middle Class Rut,rock,2,0
Control,Puddle Of Mudd,rock,2,0
Oops,Martin Garrix,edm,2,0
Make U Love Me,Tujamo,pop,2,0
Magnets - A-Trak Remix,Disclosure,edm,2,0
Coast To Coast,Scorpions,rock,2,0
Came To Do,Chris Brown,rap,2,0
Milky Way,Madison Mars,edm,2,0
Come Home (feat. Pastor Claude and Regina Harris),Claude Deuce,r&b,2,0
Without You,Sandra Stephens,r&b,2,1
Good Love,Zola Blood,pop,2,1
EWA,Bizzey,latin,2,0
Merry Christmas Baby,B.B. King,r&b,2,1
I Heard It Through The Grapevine - Single Version,Creedence Clearwater Revival,rock,2,0
Blind Heart - Radio Edit,CAZZETTE,edm,2,0
Memories - Radio Edit,KSHMR,edm,2,0
Karate - Original Mix,R3HAB,edm,2,0
Bazaar (Official Sunburn Goa 2015 Anthem),KSHMR,edm,2,0
What - Radio Edit,Ferdinand Weber,pop,2,0
It Was All a Dream,DJ Screw & The Screwed Up Click,rap,2,1
Treat You Better - Ashworth Remix,Shawn Mendes,edm,2,0
Into You - 3LAU Remix,Ariana Grande,edm,2,0
I'm Going to Live My Life,DJ Screw & The Screwed Up Click,rap,2,1
Pem Pem,Elettra Lamborghini,latin,2,0
We Don't Care,Hogland,edm,2,0
Poison,Martin Garrix,edm,2,0
Mad World,Michael Andrews,pop,2,1
Tú No Lo Amas,Anuel AA,rap,2,0
Burberry,Minthaze,rap,2,1
No Me Llores,Duki,rap,2,1
Rush,Zwette,pop,2,0
Operate (Illenium Remix) [feat. Royal],Kill Paris,pop,2,0
We Go Home,The Avener,pop,2,0
Shot & Wine,Sean Paul,latin,2,0
Stairway to Heaven,Rodrigo y Gabriela,r&b,2,1
THat Part,ScHoolboy Q,rap,2,1
It's The Most Wonderful Time Of The Year,Toni Braxton,r&b,2,1
Know You Better,LEISURE,pop,2,1
Bring Back the Summer (feat. OLY),Rain Man,edm,2,0
Deep Dark Jungle,Nicky Romero,edm,2,0
Dynamite,Scorpions,rock,2,0
Armed And Ready - 2008 Remastered Version,Michael Schenker Group,rock,2,0
Last Dance,Rhye,pop,2,1
I Need Love,LL Cool J,r&b,2,1
Kundalini,Headhunterz,edm,2,0
Calentita,Khea,rap,2,0
Wake Me When It's Quiet,Hilda,edm,2,1
As If It's Your Last,BLACKPINK,pop,2,0
Welcome To The Machine - 2011 Remastered Version,Pink Floyd,rock,2,1
Hookah,Tyga,rap,2,1
You're so Cold,Two Feet,pop,2,1
I See You,Prefekt,edm,2,0
Youth,Glass Animals,pop,2,0
I Can't Wait,Nu Shooz,rock,2,0
"Try Everything - From ""Zootopia"" Soundtrack",Shakira,pop,2,0
Tell Me It's Real,K-Ci & JoJo,r&b,1,1
What Can We Do,Rique,edm,1,0
Heartbeat (feat. Collin McLoughlin),Vicetone,edm,1,0
Beam Me Up (Kill Mode) (Radio Edit),CAZZETTE,edm,1,0
La Sirena,Luis Felipe Gonzalez,latin,1,0
Piso,Bhavi,rap,1,0
Hola Bebé,Eladio Carrion,rap,1,0
Fvck Luv,Duki,rap,1,1
Miami Vice Theme,Jan Hammer,rock,1,1
Rock Me Amadeus,Falco,rock,1,0
In Your Eyes,Rique,edm,1,0
Gold (feat. Yuna),Adventure Club,edm,1,0
TURN OFF THE LIGHTS,Dog Blood,edm,1,0
Slip Away (ft. Sophia Koop) [Bergs],Bergs,pop,1,1
Her,Her,pop,1,1
Count To Five,Rhye,pop,1,1
Clarity - Tiësto Remix,Zedd,edm,1,0
Yeen Hard,T-Rock,rap,1,0
Haal Me Naar Boven,Ronnie Flex,latin,1,0
Maldito Alcohol,Pitbull,latin,1,1
Way Back (feat. Cozi Zuehlsdorff),Vicetone,edm,1,0
She's Mine Pt. 1,J. Cole,r&b,1,1
Liquor Locker,Vic Mensa,pop,1,1
Proxy - Original Mix,Martin Garrix,edm,1,0
Takin' Care Of Business,Bachman-Turner Overdrive,rock,1,1
Malibu - The Him Remix,Miley Cyrus,edm,1,0
Tremor - Radio Edit,Dimitri Vegas & Like Mike,edm,1,0
Lo Malo,Sech,latin,1,1
Scared To Lose You,Karasso,edm,1,0
Only the Young,Journey,rock,1,0
Always Gonna Say Sorry,Joakim Molitor,edm,1,0
Devil’s Gonna Come,Various Artists,rap,1,0
Ja Te Falei 2015 Rework,Igor Neves,latin,1,0
Thinking Of Sunshine - Kretsen Remix,Daniel Adams-Ray,edm,1,0
Boogie Wonderland,Mr. Belt & Wezol,pop,1,0
The Other - DallasK Remix,Lauv,latin,1,0
Stand Tall,Childish Gambino,r&b,1,1
Higher,Rihanna,r&b,1,0
Baby Boy,Childish Gambino,r&b,1,1
My Generation - Shel Talmy Stereo Version,The Who,rock,1,0
Summer Of '69,Bryan Adams,rock,1,0
Save Me - Radio Edit,Timo Odv,edm,1,0
Oh My Darling Don't Cry,Run The Jewels,pop,1,0
HSHC,PA Sports,rap,1,0
I Like Me Better - Ryan Riback Remix,Lauv,latin,1,1
R.I.P. 2 My Youth,The Neighbourhood,pop,1,0
Gravity,Timeflies,pop,1,0
Bleed American,Jimmy Eat World,rock,1,0
Mit den Jungz,187 Strassenbande,rap,1,0
Fy Fan Va Stek,De Vet Du,edm,1,0
Swamp Thing,Pegboard Nerds,edm,1,0
Bitch Better Have My Money - R3hab Remix,Rihanna,edm,1,0
Tired Old Dog,The Devil and the Almighty Blues,rap,1,1
Sonidos,Faya,latin,1,0
Swagga Like Us - T.I. and Jay-Z feat. Kanye West and Lil' Wayne,T.I.,rap,1,0
Pinball Wizard,The HillBenders,r&b,1,1
22,Mountain Faith,r&b,1,1
New Me Who Dis,Andrew Gialanella,rock,1,0
Things Cannot Remain As They Are,Alma Madre,rock,1,0
Dubai Shit,Huncho Jack,r&b,1,0
You Ain't Seen Nothing Yet - Single Version,Bachman-Turner Overdrive,rock,1,1
Swag I Skogen,De Vet Du,edm,1,0
Been so Good,Lavie,r&b,1,1
Y.O.U - Feat. Ab,Green Tea,r&b,1,1
Moment Divine,Green Tea,r&b,1,1
Never Be the Blame,Green Tea,r&b,1,0
Pack Up The Louie - Caravan Palace Remix,Caro Emerald,edm,1,0
¿ Was hast du gedacht ?,Gzuz,rap,1,0
Spin Around,The Eiffels,rock,1,0
Sing It Back,Swing Republic,edm,1,1
Superhero - Original Mix,Kormac,edm,1,0
Atom,Madison Mars,edm,1,0
Jetlag,Mike Williams,edm,1,0
Make You Mine,L0uie L0u,pop,1,1
Everything Counts - 2006 Digital Remaster,Depeche Mode,pop,1,0
No Diggity,The Cleverlys,r&b,1,1
Jolene,Rhonda Vincent,r&b,1,0
Like Daddy,Lavie,r&b,1,1
Coco Pt. 2 (feat. Jeezy & O.T. Genasis),Meek Mill,latin,1,0
Turn to Stone,Electric Light Orchestra,rock,1,0
Best Days,Fuzo,edm,1,0
Raw,Rippa da Kid,pop,1,0
Relentless,Fayn,pop,1,0
"Umaaraw, Umuulan",Rivermaya,rock,1,0
Ruff Ryders' Anthem,DMX,rap,1,0
Vuelve,Juan Magán,latin,1,0
Head On,Jamestown Revival,rock,1,0
I Own You,Mick Flannery,rock,1,0
So Much Pain,S.A.S,rap,1,0
My Bad Alice,Jenova Collective,edm,1,0
The Cat Came Back - Bdd Remix Edit,Luca Lento,edm,1,0
No Cha Cha - D-Rashid Remix,Smashing Sebastian,latin,1,0
Into You - Original Mix,D.Polo,latin,1,0
The Drums,Santos Suarez,latin,1,0
Resurrection - Axwell's Recut Radio Edit,Michael Calfan,edm,1,0
Generation Of Love,Masterboy,pop,1,0
Outta Your Mind,Lil Jon,latin,1,0
Liwanag Sa Dilim,Rivermaya,rock,1,1
You & Me,Wahlstedt,edm,1,0
In the Morning,Jaded,edm,1,0
Got You Babe - Erlandsson Remix,Hogland,edm,1,0
Going Back To Cali,The Notorious B.I.G.,rap,1,1
Come Back,Green Tea,r&b,1,1
Change,Tunnel Rats,r&b,1,0
Cities In Dust - Single Version,Siouxsie and the Banshees,rock,1,0
Sunday Morning,The Bolshoi,pop,1,0
So Good,Jae Mazor,pop,1,1
Body Language (feat. Usher & Tinashe),Kid Ink,pop,1,0
Ha Ha Ha Ha (Yeah),White Denim,rock,1,0
Mr. Apples,Madness,rock,1,0
Don't Know What It Means,Tedeschi Trucks Band,rock,1,1
Devil's Keep,Tyler Bryant & the Shakedown,rock,1,0
Oh No,Goodbye June,rock,1,0
There Is,Box Car Racer,pop,1,0
(I'm Your) Hoochie Coochie Man,Muddy Waters,rock,1,1
Beauty Mark,Deonna Martin,r&b,1,1
Skin Deep (feat. Ozara Ode' & Insite the Riot),Mahogany Jones,r&b,1,0
Dark Horse,The Beef Seeds,r&b,1,0
Islands in the Stream,Love Canon,r&b,1,1
Born To Rage - USA Version,Dada Life,edm,1,0
Melbourne Bounce (Deorro Remix) [feat. Big Nab],Orkestrated,edm,1,0
Shelter,Dorothy,rock,1,1
Binibini,Brownman Revival,rock,1,1
Los Bandoleros (feat. Tego Calderon),Don Omar,latin,1,0
Layers,HAKUNA,latin,1,0
Beat Streaming,Abstract Rude,rap,1,1
Turns To Gold,Jimi Charles Moody,rock,1,0
Mojo So Dope,Kid Cudi,rap,1,0
Tensionado,Soapdish,rock,1,1
Travelin' Man,Albert King,rock,1,0
Long Tall Sally (The Thing),Little Richard,rock,1,1
Turn Up,The Heavy,rock,1,0
"Broken Homes (feat. Nafe Smallz, M Huncho & Gunna)",The Plug,r&b,1,0
Vato,Snoop Dogg,rap,1,0
Lazarus,Porcupine Tree,rock,1,0
Where Would I Be,Deonna Martin,r&b,1,0
Hands On the Wheel (feat. a$Ap Rocky),ScHoolboy Q,rap,1,0
Martians Vs Goblins,The Game,rap,1,0
"Motley Crue/Girls, Girls, Girls",Various Artists,rock,1,0
Is This How the End Comes,Jaw,edm,1,1
Badman - Will Clarke Remix - Edit,Idris Elba,edm,1,0
Holding Back The Years,Simply Red,rock,1,1
Stamm Fort (feat. Sfera Ebbasta),Luche,rap,1,0
Don't Wanna Wake Up,Capital Kings,edm,1,0
Ghost - Lost Kings Remix,Halsey,pop,1,0
Heaven And Hell,Black Sabbath,rock,1,1
(Don't Fear) The Reaper - Single Version,Blue Öyster Cult,rock,1,0
Started From the Bottom,Drake,rap,1,0
Can't Get Enough (Remastered Album Version),Bad Company,rock,1,0
Finder (The Path),Ninetoes,edm,1,0
Buzzin - Remix Explicit Version,Mann,rap,1,0
"Hold On, We're Going Home",Drake,rap,1,1
Superhuman (feat. Eric Leva),SLANDER,edm,1,0
Shooting Star (Remastered Album Version),Bad Company,rock,1,0
Taste & See,Cynthia Jones,r&b,1,1
Number One,John Legend,r&b,1,0
Certainly - Flipped It,Erykah Badu,r&b,1,1
Pop Ya Collar,Usher,r&b,1,0
Reckless,Healy,r&b,1,1
Kingdom Come,Demi Lovato,rap,1,0
Do It,Tuxedo,pop,1,0
I Feel so Alive,Capital Kings,edm,1,0
Payback,Dimitri Vangelis & Wyman,edm,1,0
F*ckwithmeyouknowigotit,JAY-Z,rap,1,1
Why You Wanna,T.I.,rap,1,0
Outta Control - Remix,50 Cent,rap,1,0
하드캐리 Hard Carry,GOT7,pop,1,0
Grapevine - Tujamo Remix,Tiësto,edm,1,0
Swine,Lady Gaga,rap,1,0
Turista del Amor,Jotdog,pop,1,0
Shaclackclack the Puppet,Jordan Rakei,r&b,1,1
Back To Hawaii - Elektro Mix,Picco,edm,1,0
Discoschlampe (V-Heads Radio Cut),Paxi,edm,1,0
Flashlight - Original Mix,R3HAB,edm,1,0
The Air Near My Fingers,The White Stripes,rock,1,0
Up All Night,blink-182,pop,1,0
Get Your Roll On,Big Tymers,rap,1,0
Ice,Ecko,rap,1,0
Mi Chain de Roque,Duki,rap,1,0
I Love It - Tiësto's Club Life Remix,Icona Pop,edm,1,0
Learn to Fly (feat. Jordan Rakei),FKJ,r&b,1,1
I Found Love,Yarah Bravo,r&b,1,1
Wave Your Flag,Afrojack,latin,1,0
Dream - Boehm Remix,Autograf,latin,1,0
Go Get It,T.I.,rap,1,0
Fight For Your Right (Player & Remady Remix),TEC,edm,1,0
We Are Family - 2-4 Grooves Remix,Groovestylerz,edm,1,0
Clocks (Bigroom Mix),Pat Farrell,edm,1,0
Echo - Original Mix,Blasterjaxx,edm,1,0
Boy Oh Boy,Diplo,edm,1,0
Carried Away - Tiësto Remix,Passion Pit,edm,1,0
Can't Do Without Your Love,Stevie Wonder,r&b,1,0
Find You,Dastic,edm,1,0
I Bet My Life - Live From Spotify London,Imagine Dragons,latin,1,1
Nur noch Gucci,Capital Bra,rap,1,0
How Come,D12,rap,1,0
When It Rains It Pours,50 Cent,rap,1,0
Candy,Plan B,latin,1,0
Laughter In The Rain,Neil Sedaka,rock,1,1
Walking After You - Live,Foo Fighters,rock,1,0
Big Me - Live,Foo Fighters,rock,1,1
Walk Away,Franz Ferdinand,rock,1,0
Terrified,Childish Gambino,r&b,1,1
No Heroes (feat. Luciana) - Original Mix,Firebeatz,edm,1,0
Breathin,2Pac,rap,1,0
Here Today - Remixed 2015,Paul McCartney,rock,1,1
Easy Livin',Uriah Heep,rock,1,0
Phenomenal,Eminem,rap,1,0
Dope Boys,The Game,rap,1,0
Down A** B**ch,Ja Rule,r&b,1,1
I'm Real - Murder Remix,Ja Rule,r&b,1,1
Fast Times in Tahoe,Elemeno P,rock,1,0
First Of The Gang To Die - Remastered,Morrissey,rock,1,0
Noche de Travesura,"Héctor ""El Father""",latin,1,1
Why You Treat Me So Bad,Club Nouveau,r&b,1,1
Best Friend,50 Cent,rap,1,0
Wake - Live,Hillsong Young & Free,edm,1,0
The Way I Am,Eminem,rap,1,0
Going to Hell,The Pretty Reckless,rap,1,0
Bluebird - Remastered 2010,Paul McCartney,rock,1,1
(Just Like) Starting Over,John Lennon,rock,1,0
I Get Money,50 Cent,rap,1,0
I'll Still Kill,50 Cent,rap,1,0
Ten Crack Commandments,The Notorious B.I.G.,rap,1,0
Criticize - Single Edit,Alexander O'Neal,r&b,1,0
New York,Ja Rule,r&b,1,0
Caught Up,Ja Rule,r&b,1,0
Atomz,Trinix,r&b,1,1
Real Love - Anthology 2 Version,The Beatles,rock,1,0
For You,SoMo,r&b,1,1
Every Night - Remastered 2011,Paul McCartney,rock,1,1
Woman,John Lennon,rock,1,1
Can't Take My Eyes Off Of You,Ms. Lauryn Hill,r&b,1,0
Everything Is Everything,Ms. Lauryn Hill,r&b,1,1
En Su Nota,Don Omar,latin,1,0
You Might Need Somebody,Shola Ama,r&b,1,0
Lover Is a Day,Cuco,rock,1,0
Me And Those Dreamin' Eyes Of Mine - Radio Edit,D'Angelo,r&b,1,1
Junk - Remastered 2011,Paul McCartney,rock,1,1
American Psycho II,D12,rap,1,0
Sacrifices,Drake,rap,1,1
Kill Jill,Big Boi,rap,1,1
Running Back (feat. Lil Wayne),Wale,rap,1,0
"Bleib mal locker, Lan",Milonair,rap,1,0
Little Lover,Nick Broadhurst,pop,1,1
Tail Lights,Makeup And Vanity Set,pop,1,1
Palmer's Arcade,Mitch Murder,pop,1,1
Drive-by Stalking,Nightstop,pop,1,0
Salton Sea,Josh Rouse,pop,1,0
WILD,Troye Sivan,pop,1,0
Animals - Gryffin Remix,Maroon 5,latin,1,0
Get Low - Street,Lil Jon & The East Side Boyz,r&b,1,0
Blood,In This Moment,rock,1,0
Back In The Day,Erykah Badu,r&b,1,1
Prototype,OutKast,r&b,1,1
Between Me & You,Ja Rule,r&b,1,0
Perdóname,Eddy Lover,latin,1,0
Thuggish Ruggish Bone,Bone Thugs-N-Harmony,rap,1,0
Whore,In This Moment,rock,1,0
Como Yo Le Doy - Remix,Pitbull,latin,1,0
Where The Beat Go - Radio Edit,Young G Freezy,r&b,1,1
Shotgun Blues,Guns N' Roses,rock,1,0
Pretty Tied Up (The Perils Of Rock N' Roll Decadence),Guns N' Roses,rock,1,0
One Of These Days,Room Eleven,r&b,1,1
Nuttööö,SSIO,rap,1,0
Hello Cotto,Duki,rap,1,0
Sing For The Moment,Eminem,rap,1,0
High,Brytiago,rap,1,1
Give Me Your Love,DEAMN,edm,1,0
6 8,Gabriel Garzón-Montano,r&b,1,1
Another Day,Holl & Rush,edm,1,0
Angetenar,Rompasso,edm,1,1
VOX,Our Psych,edm,1,0
Young God,Jonas Aden,edm,1,0
Fly By Night,Rush,rock,1,0
Mona Lisa (Brass Mix),Dirty Rush & Gregor Es,edm,1,0
Sisters,Leoniden,pop,1,0
Feelin' Lovely,Devonté Hynes,r&b,1,0
Pure Gold,oomiee,pop,1,0
Mercury,Catiso,pop,1,0
Body Reader,Whistle,r&b,1,1
Desierto - Basslovd Remix,Gerstronik,latin,1,0
Secret Agent,Tony Allen,rock,1,1
Abusadora,Wisin & Yandel,latin,1,0
Dear Boy - Avicii By Avicii,Avicii,pop,1,0
When You're Out,Kauf,pop,1,0
Medusa,Kollegah,rap,1,0
Feel Right,Mark Ronson,r&b,1,0
The Devil Is A Lie,Rick Ross,rap,1,0
Get It On The Floor,DMX,rap,1,0
What Makes You Feel That Way About Me,Z'looke,r&b,1,0
April's Fool,Riff,r&b,1,0
Hallucinations,dvsn,r&b,1,1
Fire,Ohio Players,r&b,1,1
I Need Your Love,Tanaë,r&b,1,0
Miss You,James Hersey,pop,1,0
Days of Thunder,The Midnight,pop,1,0
Lovesick,BANKS,pop,1,1
Fuck With Myself,BANKS,pop,1,1
When Something Is Wrong With My Baby,Sam & Dave,r&b,1,1
Sometimes,Erykah Badu,r&b,1,1
Bien Loco,Nova,latin,1,0
Otra Era,Javiera Mena,pop,1,0
Serendipia - Original Mix,Raffa Vergara,edm,1,1
What's On Your Mind - Pure Energy,Information Society,latin,1,0
Contento,Shelow Shaq,latin,1,0
riding on,Akane Hatanaka,edm,1,1
Atlantis (feat. Kaiydo),Bridgit Mendler,pop,1,0
drugs,EDEN,pop,1,1
Real Games,Lucky Daye,r&b,1,1
Big Fish,Vince Staples,rap,1,1
Too Young,Post Malone,rap,1,0
The Addict,Bo Saris,r&b,1,1
Baby By Me,50 Cent,rap,1,0
Red Nation,The Game,rap,1,0
The Palisades,Childish Gambino,pop,1,0
Easy Ride,Natali Felicia,pop,1,1
Hands On Your Body,Basixx,latin,1,0
"Sexo, Sudor y Calor (feat. Ñejo & Dalmata)",J Alvarez,latin,1,0
Window Shopper,50 Cent,rap,1,0
Free My People,Joni Haastrup,rock,1,0
Vacaciones - Remix,Wisin,latin,1,0
Digital Dash,Drake,rap,1,0
We Found Love - Sidney Samson Remix,Sultan + Shepard,edm,1,0
santorini,David Chief,rap,1,1
Rhythm Is Gonna Get You,Gloria Estefan,latin,1,1
Waves,Perttu,latin,1,0
Pisces,RIZ LA VIE,pop,1,1
Suburbia,Muskoka,pop,1,1
Workin Out,JID,r&b,1,1
Tension,Fake Mood,edm,1,1
Brakelights,Omar Apollo,pop,1,1
City Of Stars,Logic,rap,1,0
Buried Alive,Logic,rap,1,0
Grammys,Drake,rap,1,1
Try Me,T.K. Soul,rap,1,0
808pm At The Beach,Fred Falke,edm,1,0
Lady 2012 - Jordi Tek Remix,Frank Cherryman,edm,1,0
Intro: A Secret Journey,Inside The Sound,rock,1,0
Million Dollar Doll,Britta Phillips,pop,1,0
"Only You (feat. WizKid, Offset & J Balvin)",Metro Boomin,r&b,1,1
When You're Mad,Ne-Yo,r&b,1,1
No Way Out - Radio Edit,Vicetone,pop,1,0
Never Been,Logic,rap,1,0
Stainless,Logic,rap,1,0
Arrivals,Moo Latte,rap,1,1
Arms Of Mine,CPRCRN,rap,1,1
Fumo Da Solo,Izi,latin,1,0
Que Bien Te Ves,Rauw Alejandro,rap,1,0
Merry Christmas All,The Salsoul Orchestra,r&b,1,1
The Lion Roars,Stephen Marley,rap,1,0
Numb,Max Jury,r&b,1,1
PARANOIA,Jonna Fraser,latin,1,1
My Body,Hot Shade,latin,1,0
Let's Get Blown,Snoop Dogg,r&b,1,0
That's That Shit,Snoop Dogg,r&b,1,0
I Smell Pussy,G-Unit,rap,1,0
Si Te Lastime,Seven Kayne,rap,1,0
Don't Talk To Strangers,Dio,rock,1,0
Time - Yelhigh Remix,Yelhigh,pop,1,0
We Like To Party,Showtek,edm,1,0
Dharma,Headhunterz,edm,1,0
Paris - Lost Frequencies Radio Edit,Antoine Malye,pop,1,1
Bones - LEEX Remix,Kafka Tamura,pop,1,1
Shaka Zulu,Yung Felix,latin,1,0
Oh L'Amour,Erasure,pop,1,0
lift me from the ground,San Holo,pop,1,0
Borneo Jungle Oasis For Deep Sleep With Nature Sound,Relax Meditate Sleep,latin,1,1
"Dime Qué Más (with Roldán de Orishas, Omara Portuondo)",Baby Lores,r&b,1,0
Out Of Control,Hoobastank,rock,1,0
Giveme more - Original Mix,J. Nandez,edm,1,1
Evolution - Original Mix,Mike Traxx,edm,1,0
I Won't Back Down,Tom Petty and the Heartbreakers,rock,1,0
Blood On Me,Sampha,r&b,1,0
EVERYDAY ANYONE,N O M I N A L,edm,1,1
Pan y Mantequilla,Efecto Pasillo,latin,1,0
Bonita - Remix,J Balvin,latin,1,0
Blocka,Pusha T,r&b,1,0
Angels,A$AP Rocky,rap,1,0
The Christmas Song,Nat King Cole,r&b,1,1
Mother,Danzig,rock,1,0
Complexion (A Zulu Love),Kendrick Lamar,r&b,1,1
Live Your Life - Radio Edit,Headhunterz,edm,1,0
I Believe I Can Fly - Radio Edit,R. Kelly,r&b,1,1
Body Sun - Claptone Remix (Edit),RY X,edm,1,0
Makina de Armado,Duki,rap,1,0
Rudolph The Red-Nosed Reindeer - Stereo,The Supremes,r&b,1,1
No Te Pido Flores,Fanny Lu,latin,1,0
How Many Mics,Fugees,rap,1,1
So Fly,Moksi,edm,1,0
In My Hood,50 Cent,rap,1,0
So Sophisticated,Rick Ross,rap,1,0
Bailar,Leonel García,latin,1,1
6 Man,Drake,r&b,1,1
No Tellin',Drake,r&b,1,1
Echoes - Edeema Remix,Lauren Aquilina,pop,1,1
No Scrubs (feat. Jon Santana),Cappa,pop,1,1
Wonder (feat. The Kite String Tangle),Adventure Club,edm,1,0
Forest,Clarv,edm,1,0
Ocean Drive - Michael Calfan Remix,Duke Dumont,edm,1,0
Kiss It Better - R3hab Remix,Rihanna,edm,1,0
The Sweetest Taboo - Remastered,Sade,rock,1,0
Trauma - Joachim Pastor Remix,N'to,edm,1,1
Lose Control,Tiësto,edm,1,0
Una Vaina Loca,Fuego,latin,1,0
Monster Lead Me Home,Sara Hartman,pop,1,0
Take Me,Teedra Moses,r&b,1,1
Caught Up,Teedra Moses,r&b,1,1
Welcome To New York City,Cam’ron,rap,1,0
Lighthouse - Radio Edit,Nicky Romero,edm,1,0
Extreme,Bassjackers,edm,1,0
The Fever,Bassjackers,edm,1,0
The One (with Julia Thompson),Dreweybear,edm,1,0
Your Light,Scorpions,rock,1,0
Why You Always Hatin?,YG,rap,1,1
Ignite - 2016 League Of Legends World Championship,Zedd,edm,1,0
Path,Jay Eskar,edm,1,0
Crossroads,Adam Calhoun,rap,0,1
Unleash (Life In Color Anthem 2014) - Original Mix,Adventure Club,edm,0,0
It Won't Stop (feat. Chris Brown) - Julian Calor Remix,Sevyn Streeter,edm,0,0
You Are Like Nobody Else - Original Mix Edit,Swanky Tunes,edm,0,0
Rising Like The Sun - Radio Mix,Qulinez,edm,0,0
Get Loose,Showtek,edm,0,0
Generacion Limite - Live,Miguel Rios,rock,0,0
Sueño Espacial/Año 2000 (Look At That Light) - Live,Miguel Rios,rock,0,0
Bienvenidos - Live,Miguel Rios,rock,0,0
Barre Baby,Big Moe featuring Ronnetta Spencer,rap,0,1
Drop Yo Top,E.S.G. featuring Big Moe,rap,0,0
We Right Here,DMX,rap,0,0
Trapper of the Year,PashaPG,rap,0,1
tbh ily (Kidswaste Remix),Chet Porter,pop,0,1
Everybody's Gotta Live,Gigamesh,pop,0,1
Closer - Speaker of the House Remix,Elephante,pop,0,0
Mueve Tus Caderas - Live,Miguel Rios,rock,0,0
Sabado A La Noche - Live,Miguel Rios,rock,0,0
Rockero De Noche - Live,Miguel Rios,rock,0,0
Himno A La Alegria - Live,Miguel Rios,rock,0,0
Homenaje A Miguel - Live,Miguel Rios,rock,0,1
Extraños En El Escaparate - Live,Miguel Rios,rock,0,0
I Wonder if I Take You Home,Full Force,r&b,0,0
Over The Mountain,Ozzy Osbourne,rock,0,0
This Is What You Came For - Dillon Francis Remix,Calvin Harris,edm,0,0
I Really Like You - Blasterjaxx Remix,Carly Rae Jepsen,edm,0,0
"On Our Own - Remix / From ""Ghostbusters II"" Soundtrack",Bobby Brown,r&b,0,0
I Got a Man,Positive K,r&b,0,1
Money Can't Buy You Love - Mo' Money/Soundtrack Version,Ralph Tresvant,r&b,0,0
Rumours - Long Version,Timex Social Club,r&b,0,0
Wild Wild West,Kool Moe Dee,r&b,0,0
If You Died I Wouldn't Cry Cause You Never Loved Me Anyway,Mýa,r&b,0,1
Big Bad Mama,Foxy Brown,r&b,0,1
Her,Guy,r&b,0,1
You Are Everything,Dru Hill,r&b,0,1
The Illest - Kronic Remix,Far East Movement,edm,0,0
Heroes (we could be) - Jai Wolf Remix,Alesso,edm,0,0
Hands To Myself - Fareoh Remix,Selena Gomez,edm,0,0
Ill Mind Of Hopsin 8,Hopsin,r&b,0,0
Rayonnons,Jarod,r&b,0,0
Alien,Rim'K,r&b,0,0
Everyday,Rim'K,r&b,0,0
Stupéfiant,Rim'K,r&b,0,0
Monster,Rim'K,r&b,0,0
Slow Motion,Jagged Edge,r&b,0,1
Southside Anthem - Kaytranada Remix,Big Dope P,r&b,0,0
"Alright - 7"" House Mix With Rap",Janet Jackson,r&b,0,0
Should’ve Been Us - Lost Kings Remix,Tori Kelly,edm,0,0
Perfect Strangers - Pedro Carrilho Remix,Jonas Blue,edm,0,0
Get Closer,Clairmont,edm,0,1
Somethin' 4 Da Honeyz,Montell Jordan,r&b,0,0
Is It Good To You,Juice The Motion Picture Soundtrack,r&b,0,0
Sometimes I Cry,Eric Benét,r&b,0,1
Maps - Rumba Whoa Remix,Maroon 5,edm,0,0
Somebody That I Used To Know - 4FRNT Remix,Gotye,edm,0,0
Cash Money,Mike Zombie,r&b,0,0
Used To,Drake,r&b,0,1
Push It,iSHi,r&b,0,0
Eve - feat. Miss Kitty,Eve,r&b,0,0
No Way,OnCue,r&b,0,0
Martin Eden,Nekfeu,r&b,0,0
Laisse aller,Nekfeu,r&b,0,0
Looking Through Patient Eyes,P.M. Dawn,r&b,0,1
I'd Die Without You,P.M. Dawn,r&b,0,1
I Like It,El DeBarge,r&b,0,0
50 Sombras de Austin,Arcangel,latin,0,0
Choca,Plan B,latin,0,0
Let Me Love You - Zedd Remix,DJ Snake,edm,0,0
Don't Wanna Know - Ryan Riback Remix,Maroon 5,edm,0,0
Let Me Love You - Marshmello Remix,DJ Snake,edm,0,0
Ten Feet Tall - Brennan Heart & Code Black Remix,Afrojack,edm,0,0
California King Bed - Bassjackers Radio,Rihanna,edm,0,0
Beautiful Now - Marshmello Remix,Zedd,edm,0,0
Blue Savannah,Erasure,pop,0,0
Light - Grant Remix,San Holo,edm,0,0
Feenin',Jodeci,r&b,0,0
Brigada (Epilogue),Alexey Shelygin,rap,0,1
Drake We Made It,Young Money,r&b,0,0
Gullah Gullah Island,Dear Silas,r&b,0,1
Hookah,Ol Kainry,r&b,0,0
Lift Me Up,Five Finger Death Punch,rock,0,0
Coming Down,Five Finger Death Punch,rock,0,0
El Chapo - feat. Skrillex,The Game,r&b,0,0
Bando,Kalash,r&b,0,0
Where U Been?,2 Chainz,r&b,0,0
Gangsta,ScHoolboy Q,r&b,0,0
Manolo,Trip Lee,r&b,0,0
Oto Moto,Disiz La Peste,r&b,0,0
Lord (feat. Milc),Stewart Villain,r&b,0,0
Lights,Stewart Villain,r&b,0,0
God Said Trap (King Trappy III),IDK,r&b,0,0
Alchemy,Mick Jenkins,r&b,0,0
Cups of Coffee,Alien Family,r&b,0,0
Got Me Waiting - Remix,Heavy D & The Boyz,r&b,0,1
Got Me Waiting,Heavy D & The Boyz,r&b,0,1
Está en Tus Manos,Javiera Mena,pop,0,1
Ahondar en Ti,Javiera Mena,pop,0,0
"Un Audífono Tú, un Audífono Yo",Javiera Mena,pop,0,1
By Your Side - Two Can Remix,Jonas Blue,edm,0,0
Kill Em With Kindness - Felix Cartal Remix,Selena Gomez,edm,0,0
Love to Hate You,Erasure,pop,0,0
Never Enough,Five Finger Death Punch,rock,0,0
Como Siempre Soñé,Javiera Mena,pop,0,0
Acá Entera,Javiera Mena,pop,0,0
Al Siguiente Nivel,Javiera Mena,pop,0,0
Quédate un Ratito Más,Javiera Mena,pop,0,1
Esquemas Juveniles,Javiera Mena,pop,0,1
Primera Estrella,Javiera Mena,pop,0,0
La Risa Lenta,Javiera Mena,pop,0,1
Ausencia,Javiera Mena,pop,0,0
Nada,Ruzzi,pop,0,1
Casan (No Puedo Bloquear Lo Que Quiero Dar),Javiera Mena,pop,0,1
Clubber Lang,Ol Kainry,r&b,0,0
Bangala,Ol Kainry,r&b,0,1
Rentlé dédans,Ol Kainry,r&b,0,0
La Carretera,Javiera Mena,pop,0,0
Big Daddy,Heavy D & The Boyz,r&b,0,0
Bones,Young Guns,rock,0,0
Crazy B*tch,Buckcherry,rock,0,0
Round Whippin,A.CHAL,r&b,0,0
Караван,Ashim,rap,0,1
Da Summa,Three 6 Mafia,rap,0,1
Preach,SonReal,r&b,0,0
This Is Now We Do It,Montel Jordan,r&b,0,0
Life Story (feat. Al-D & Bam),Z-Ro,rap,0,0
Maan!!,Big Moe featuring E.S.G. & Big Pokey,rap,0,0
Bang Screw,Lil C,rap,0,0
I Swear,Zee Krayski,edm,0,0
Body Count (feat. Normani & Kehlani) - Remix,Jessie Reyez,r&b,0,0
Cámara Lenta,Javiera Mena,pop,0,1
Esa Fuerza,Javiera Mena,pop,0,0
El Amanecer,Javiera Mena,pop,0,0
Que Me Tome la Noche,Javiera Mena,pop,0,0
Sufrir,Javiera Mena,pop,0,0
Sol de Invierno,Javiera Mena,pop,0,0
Yo No Te Pido la Luna,Javiera Mena,pop,0,0
La Joya,Javiera Mena,pop,0,0
Hasta la Verdad,Javiera Mena,pop,0,0
Luz de Piedra de Luna,Javiera Mena,pop,0,0
"Sincronía, Pegaso",Javiera Mena,pop,0,0
No Te Cuesta Nada,Javiera Mena,pop,0,1
Pide,Javiera Mena,pop,0,0
Cuando Hablamos,Javiera Mena,pop,0,0
If You Love Me,Stokley of Mint Condition,r&b,0,1
Город под подошвой,Oxxxymiron,rap,0,0
Living in Oblivion,Anything Box,rock,0,0
Touch Me Tease Me,Case,r&b,0,0
One In A Million,Aaliyah,r&b,0,0
Los Olores de Tu Alma,Javiera Mena,pop,0,0
Ghetto Dreams,Fat Pat,rap,0,0
Tops Drop,Fat Pat,rap,0,1
Tiiied (feat. 6LACK & Ella Mai),JID,r&b,0,1
Rest,Charlotte Gainsbourg,pop,0,1
Espada,Javiera Mena,pop,0,0
Poet With Soul - Extended,Def Jef,r&b,0,0
Апокалипсис,Vitya AK,rap,0,1
Fleur de Lys,Phoenix,pop,0,0
"То густо, то пусто",Schokk,rap,0,0
"Прости, Мама",Руслан А.У.Е. Черный,rap,0,0
You're Not My Kind Of Girl,New Edition,r&b,0,0
Southside,Lil Keke,rap,0,0
Брат за брата,Нагора,rap,0,1
Дядя Билли,Nurminsky,rap,0,0
Плановая,9 Gramm,rap,0,1
The Show,Doug E. Fresh,r&b,0,0
Misery,Eva Under Fire,rock,0,0
Chandeliers,Tyga,rap,0,0
Feel Me (feat. Kanye West),Tyga,rap,0,0
Teterboro Flow,Tyga,rap,0,0
I'm Back,T.I.,rap,0,0
Open It Up,Migos,rap,0,0
Never Tired,Yung Skii,rap,0,1
The Back Seat Of My Car - 1993 Digital Remaster,Paul McCartney,rock,0,1
Le perv,Carpenter Brut,pop,0,0
Milk Run,Mitch Murder,pop,0,1
Black Waves,Lost Years,pop,0,0
Leather Teeth,Carpenter Brut,pop,0,0
Turbo Killer,Carpenter Brut,pop,0,0
tonite,LCD Soundsystem,pop,0,0
Sadness Is Taking Over,flora cash,r&b,0,1
Gimmie That Nutt,Eazy-E,rap,0,0
So Many Tears,2Pac,r&b,0,0
Suicide Betsy,Rear Naked Choke,rock,0,0
FMLYHM,Seether,rock,0,0
Country Song,Seether,rock,0,0
Money Ain't A Thang,JAY-Z,rap,0,0
Keep Their Heads Ringing,Friday/Dr. Dre,rap,0,0
Winter's Ballad,Cuco,rock,0,1
Fly,Cuebrick,edm,0,0
Sun Is Dark,Noize Generation,edm,0,0
Interceptor,Mitch Murder,pop,0,1
You're the One I Love - 2012 Collection Remaster,Shola Ama,r&b,0,0
Good Love,Kelly Price,r&b,0,0
I'm Gonna Be Alright,Jennifer Lopez,r&b,0,0
Sucédeme,Jotdog,pop,0,1
Perdóname,Jotdog,pop,0,0
Guilty,Neon Dreams,pop,0,0
DCMO (Don't Count Me Out),LU KALA,pop,0,0
Doin’ Dirt,Maroon 5,pop,0,0
Under and Over It,Five Finger Death Punch,rock,0,0
Trani,Kings of Leon,rock,0,1
Glow,Alien Ant Farm,rock,0,0
Scentless Apprentice,Nirvana,rock,0,0
I Got A Stick,YBN Nahmir,rap,0,0
GUMMO,6ix9ine,rap,0,0
Closer,JYWRRN,r&b,0,1
I Wanna Know (feat. Bea Miller) - Syn Cole Remix,NOTD,edm,0,0
Morena - Re-Mix,Hector & Tito,latin,0,0
"Particula (feat. DJ Maphorisa, Nasty C, Ice Prince, Patoranking & Jidenna)",Major Lazer,pop,0,0
Kiss You Back - Single Version,Digital Underground,r&b,0,0
Crazy,The Boys,r&b,0,0
Stimulated,Tyga,rap,0,0
Poppin Bottles (feat. Drake),T.I.,rap,0,0
Trap Back Jumpin,T.I.,rap,0,0
Tell Me You Love Me - NOTD Remix,Demi Lovato,edm,0,0
SuperThug,N.O.R.E.,rap,0,0
I'll Be There For You/You're All I Need To Get By (Puff Daddy Mix),Method Man,rap,0,0
What's Beef,The Notorious B.I.G.,rap,0,0
Mo'Murda,Bone Thugs-N-Harmony,rap,0,0
Confessions,Usher,r&b,0,1
Lay Up,Future,rap,0,1
Let Me Love You - Sean Paul Remix,DJ Snake,pop,0,0
"Shit, Damn, Motherfucker",D'Angelo,r&b,0,1
Me Against The World - Album Version (Edited),2Pac,rap,0,0
Natural Born Killaz,Dr. Dre,rap,0,0
El Scorcho,Weezer,rock,0,0
Cheap Wine - 2011 Remastered,Cold Chisel,rock,0,0
Piensa en Mí,Jotdog,pop,0,1
Hasta Contar a Mil,Jotdog,pop,0,0
Las Pequeñas Cosas,Jotdog,pop,0,0
El Beso,Jotdog,pop,0,0
Secreto Perfecto,Jotdog,pop,0,0
Wolves - Owen Norton Remix,Selena Gomez,edm,0,0
Dejale Caer To Peso,Yomo,latin,0,0
Ay Amor - Reggaeton,Hector & Tito,latin,0,0
Out The Window,Violent Femmes,rock,0,1
American Music,Violent Femmes,rock,0,1
Policeman - Radio Edit,Eva Simons,pop,0,0
Hey D.J.,Lighter Shade Of Brown,r&b,0,0
My Ex-Girlfriend,Tony! Toni! Toné!,r&b,0,0
A Question of Time - Remix,Depeche Mode,pop,0,0
Foe Tha Love Of $,Bone Thugs-N-Harmony,rap,0,0
Ain't No Nigga,JAY-Z,rap,0,1
Choleros,TREN LOKOTE,rap,0,1
Moving On,Roosevelt,pop,0,0
Make Up Your Mind,KEV,pop,0,0
No Shopping,French Montana,rap,0,1
Face Down,Mustard,rap,0,0
Want Her,Mustard,rap,0,0
A Thin Line Between Love & Hate (feat. Shirley Murdock),H-Town,r&b,0,1
4 Minutes Of Hell Pt. 3,G Herbo,rap,0,0
California Love - Original Mix,2Pac,rap,0,0
Fantastic Voyage,Coolio,rap,0,0
Bossaura - Remastered,Kollegah,rap,0,0
Alv la Policia,Remik Gonzalez,rap,0,0
The Pleasure Principle - Edit,Janet Jackson,r&b,0,0
Every Little Step - With Rap,Bobby Brown,r&b,0,0
Running,Information Society,pop,0,1
Coronamos,Lito Kirino,rap,0,0
Do You Really Want Me Back?,Broken English,pop,0,0
Metalhammer,And One,pop,0,0
Golden Dreams,Invisible Limits,pop,0,0
Great Southern Land - Remastered,ICEHOUSE,pop,0,0
Eisbaer,Groovezone,pop,0,0
Diddy Pop,Spol,rap,0,0
Tears,Force M.D.'s,r&b,0,1
Komm ins Cafe 2 (feat. Farid Bang),18 Karat,rap,0,0
AMG,Fler,rap,0,1
Loco por Volverte a Ver,Chili Fernandez,latin,0,1
Immaculate Fools,Immaculate Fools,pop,0,0
Precious,Kevin Garrett,r&b,0,1
Python,Healy,r&b,0,1
My Mind Playin Tricks On Me,Geto Boys,rap,0,1
Round Hear,La Capone,rap,0,0
Hourglass,Imitating Aeroplanes,pop,0,1
Flesh,A Split Second,pop,0,0
Diamonds - Radio Edit,Hard Rain London,pop,0,0
The Motive - Greg Walsh Remix,Then Jerico,pop,0,1
Stay,Oingo Boingo,rock,0,1
Volar Volar,Cartel De Santa,rap,0,0
Building A Family,Mark Isham,r&b,0,1
Nowhere Girl (Extended),B-Movie,pop,0,0
Gaminart,Crack Family,rap,0,0
Loin De Paname - BOF Faubourg 36,Nora Arnezeder,r&b,0,1
Change,Tears For Fears,pop,0,0
Someone To Love,Bad Boys The Original Motion Picture Soundtrack,r&b,0,1
Outro,Chico DeBarge,r&b,0,0
Iggin' Me,Chico DeBarge,r&b,0,1
On Bended Knee,Boyz II Men,r&b,0,1
Roll the Bass,Major Lazer,rap,0,0
Is' mir egal,Hanybal,rap,0,0
Gamechanger,Kollegah,rap,0,0
Big Area,Then Jerico,pop,0,0
Como Debe De,Remik Gonzalez,rap,0,0
Las Tetas D,Crack Family,rap,0,0
What We Got,Pontus,edm,0,0
NT Bounce,"Nisse, Ture och Schtekarn",edm,0,1
Tonight I'm Gonna Rock You Tonight,Spinal Tap,rock,0,0
Princes Of The Universe,Queen,rock,0,1
Mutant Brain,Sam Spiegel,rap,0,0
On My Mind - Jax Jones Remix,Ellie Goulding,edm,0,0
Snälla bli min (Hjalm Remix),Robin Lukovic,edm,0,0
Timebomb - Sonny Alven Remix,Tove Lo,edm,0,1
Trippin - Dëëp Hamilton Remix,Hedvig,edm,0,0
Wonderful - Radio (Radio Edit),Ninjaneers,edm,0,0
Pieces,Hil St. Soul,r&b,0,0
ASAP,T.I.,rap,0,0
Hate,4Minute,edm,0,0
HER,Block B,edm,0,0
THE BADDEST FEMALE 나쁜 기집애,CL,edm,0,0
소방차 Fire Truck,NCT 127,edm,0,0
Red,HyunA,edm,0,0
I NEED U,BTS,edm,0,0
Crazy,4Minute,edm,0,0
불타오르네 FIRE,BTS,edm,0,0
Love Game,Eminem,pop,0,0
Icy,Gucci Mane feat. Young Jeezy,rap,0,0
Trap Or Die,Jeezy,rap,0,0
U Don't Know Me,T.I.,rap,0,0
La Feria Drogas y Muerte,Remik Gonzalez,rap,0,1
Come Back To Me - Vicetone Remix,Urban Cone,edm,0,0
The Legend - Danger Dance Radio Mix,Albin Myers,edm,0,0
Blue Sky - Michael Brun Remix,Feenixpawl,edm,0,0
I Care About You,Babyface,r&b,0,0
Cupid,112,r&b,0,1
Sturmmaske Auf [Intro],Kollegah,rap,0,0
38,KALIM,rap,0,0
Probleemkind,Esko,pop,0,1
I'll Be Gone,MW Vibes,edm,0,0
Take Me Away,Schustin,edm,0,0
Sparkles,Klave,edm,0,0
La Vuelta al Mundo,Aczino,rap,0,1
Nos Llaman Malandros,Berbal La 4 Verde,rap,0,0
Aquí en la Calle,Berbal La 4 Verde,rap,0,0
Rivera Loca,Zimple,rap,0,0
Straftanz,Straftanz,pop,0,0
Kein Herz,X-RX,pop,0,0
Hard Bass Hard Soundz,X-RX,pop,0,0
Klingen,Nachtmahr,pop,0,0
Wahre Liebe,Agonoize,pop,0,0
Bad Dracula,Red Velvet,edm,0,0
Freaky,HyunA,edm,0,0
걔 세 I'm Him,WINNER,edm,0,0
HOLUP!,BOBBY,edm,0,0
How's This,HyunA,edm,0,0
Red Light,f(x),edm,0,0
Rhyme Or Reason,Eminem,pop,0,0
Vibe - Myback Original Summerburst Anthem 2015 Extended,John Dahlbäck,edm,0,1
Renaissance (feat. Clairity),Steve James,edm,0,1
Souls - Thomas Gold Remix,Borgeous,edm,0,0
Coming After You,Milwin,edm,0,0
GAME OVER,Humming Urban Stereo,edm,0,0
AME GA FURU (비가내려) (Feat. J;KEY),D-Hack,edm,0,0
Enough,GOT7,edm,0,0
Birdsong,George Ogilvie,r&b,0,1
Take That,The Game,rap,0,0
Stone Cold Gentleman - Extended Club Mix,Ralph Tresvant,r&b,0,0
Heavyweight,RedMoon,edm,0,0
The World Is Mine - Rackers Remix,Mahan Moin,edm,0,0
Down Under 2016 - My Land Radio Remix,Australia United,edm,0,0
Be Together - Michael Aasen Remix,Michael Aasen,edm,0,0
Miststück,Megaherz,pop,0,0
Military Fashion Show,And One,pop,0,0
Never Wanted to Dance,Mindless Self Indulgence,pop,0,0
Winter Born (This Sacrifice),The Crüxshadows,pop,0,0
Stone Cold Gentleman - Radio Version,Ralph Tresvant,r&b,0,0
Rub You The Right Way - J.G. Classic,Johnny Gill,r&b,0,0
Crucial - Dance Remix,New Edition,r&b,0,0
Every Little Step - Uptown Mix,Bobby Brown,r&b,0,0
Get Away,Bobby Brown,r&b,0,0
My Fantasy,Teddy Riley,r&b,0,0
Wanna Get With U,Guy,r&b,0,0
YYZ,Rush,rock,0,0
Femme Fatale,Agonoize,pop,0,0
Dreckstück,Centhron,pop,0,0
My Darling Bullet,Freakangel,pop,0,0
Relax,Remik Gonzalez,rap,0,0
Levantando Bandera,Remik Gonzalez,rap,0,0
Drogadicto en Serie,Crack Family,rap,0,0
Sleeping Pills,Last Night On Earth,edm,0,0
Mi Familia,Aerophon,rap,0,0
25 Lighters,Fat Pat,rap,0,0
"Lean Wit It, Rock Wit It - feat. Peanut & Charlay",Dem Franchize Boyz,rap,0,0
Rush Over,Marcus Miller,r&b,0,1
Knock You Out - Hardwell Remix,Bingo Players,edm,0,0
Mondsichel,Celo & Abdi,rap,0,1
#Twerkit,Busta Rhymes,rap,0,0
Iggy SZN,Iggy Azalea,rap,0,0
How We Move (feat. King L),Lil Bibby,rap,0,1
Last Night In LA - Konan Freestyle,Krept & Konan,rap,0,1
Champions League,Krept & Konan,rap,0,1
Think About You,Jeanway,edm,0,0
Wish List,KHEMIS,edm,0,0
Come Over,Estelle,r&b,0,0
I Decided,Liv Warfield,r&b,0,1
Maker Of Love,Boney James,r&b,0,1
The Adventures Of Rain Dance Maggie,Red Hot Chili Peppers,rock,0,0
Ordinary - Jaxx & Vega Remix,Regi,edm,0,0
I Wanna Feel - Radio Edit,Secondcity,pop,0,0
There is no other time,Klaxons,pop,0,0
Nobody To Love - Radio Edit,Sigma,pop,0,0
Freedom,Jayceeoh,edm,0,0
Say It Ain't So,Joe Ghost,edm,0,0
Somebody Special - R3hab Remix,Nina Nesbitt,edm,0,0
Tonight,Bailo,edm,0,0
I Luh God (feat. Big Shizz),Erica Campbell,r&b,0,0
Sayonara - Young Bombs Remix / Radio Edit,Rebecca & Fiona,edm,0,0
I Like Your Style,Bubba,r&b,0,1
Teddy's Jam 2,Guy,r&b,0,1
You Don't Know,702,r&b,0,1
Late Night Rendezvous,Carl Thomas,r&b,0,1
March,"George Tandy, Jr.",r&b,0,1
Her Favorite Song,Mayer Hawthorne,r&b,0,0
We Live In Philly (featuring Jill Scott),DJ Jazzy Jeff,r&b,0,0
My Peoples feat. Raheem,DJ Jazzy Jeff,r&b,0,0
My Soul Ain't For Sale feat. Raheem Devaughn,DJ Jazzy Jeff,r&b,0,0
Mädchen in Unform (Faderhead Remix),Nachtmahr,pop,0,0
God Is Art,Shiv-R,pop,0,0
War On Error - Declaration,Rotersand,pop,0,0
"Glowstix, Neon & Blood",Incubite,pop,0,0
It's Alright Now,Rahsaan Patterson,r&b,0,1
No Es Culpa Mía,DY,latin,0,0
Verses,Convex,edm,0,0
Moonlighting,Fareoh,edm,0,0
Obsessed,Hogland,edm,0,0
Over And Done,Deine Lakaien,pop,0,0
Steine sind Steine,And One,pop,0,0
Murderous Trap,Frozen Plasma,pop,0,0
Stars,Solitary Experiments,pop,0,0
God Is In The Rain,Suicide Commando,pop,0,0
Rise and Fall - Colony 5 Remix,Colony 5,pop,0,0
Delight,Solitary Experiments,pop,0,0
Isle Of Man,Jeff Retro,edm,0,0
Come and Get Your Love - Re-Recorded,Redbone,rock,0,0
Go Crazy - Remix,Jeezy,rap,0,0
Savage,Various Artists,edm,0,0
Devils Got You Beat,Various Artists,rap,0,0
Got To Get It,Sisqo,r&b,0,0
How Deep Is Your Love - Single Version,Dru Hill,r&b,0,0
Ostblocknutten,Kollegah,rap,0,0
Flow,Gzuz,rap,0,0
36 Bars Reloaded,Mosh36,rap,0,0
Give It to You (feat. Musiq Soulchild),Meelah,r&b,0,1
Spaceship Coupe,Justin Timberlake,r&b,0,1
Let’s Get This Thing Started,John Christian,edm,0,0
Harsh Generation,Grendel,pop,0,0
MS Siskat,AJÉ,rap,0,1
Changed Man,Michael Burks,rap,0,0
Guardian Angel,Joe Ghost,edm,0,0
Out of the Dark,RBYN,edm,0,0
Build the Cities (feat. Kerli),Karma Fields,edm,0,0
Galaxy - Original Mix,Alvita,edm,0,0
Proud Mary,Creedence Clearwater Revival,rock,0,0
Up Around The Bend,Creedence Clearwater Revival,rock,0,0
Walk It Out Remix feat OutKast & Jim Jones,Unk,rap,0,0
Stuntin' Like My Daddy,Birdman,rap,0,0
24's,T.I.,rap,0,0
Get Ya Mind Right,Jeezy,rap,0,0
Bring the Madness (Aero Chord Remix) [feat. Mayor Apeshit],Excision,edm,0,0
I Wanna Rock,Luke,r&b,0,0
Humpin' Around - Video Edit,Bobby Brown,r&b,0,0
Good Enough,Bobby Brown,r&b,0,0
Unterwegs,Fler,rap,0,0
Into The Madness - Bassjackers Radio Edit,Coone,edm,0,0
Red Lights - twoloud Remix,Tiësto,edm,0,0
Zaza - WRECKVGE Remix,Garmiani,edm,0,0
Wild Out (feat. Waka Flocka Flame & Paige),Borgore,edm,0,0
Koprolalie,Agonoize,pop,0,0
Verschwende Deine Jugend - 1998 Digital Remaster,DAF,pop,0,0
Wir trauen uns was,Hertzinfarkt,pop,0,0
Robuste Maschine,Reaper,pop,0,0
Ein Spiel (Fabrik-C Remix),Nachtmahr,pop,0,0
Till It Hurts Ft. Ayden - LNY TNZ Remix,Yellow Claw,edm,0,0
Alamo - Original Mix,Bassjackers,edm,0,0
FAWL (From Amsterdam With Love) - Radio Edit,Alpharock,edm,0,0
Saiko,Aero Chord,edm,0,0
Oochie Coochie,Mc Brains,r&b,0,0
Ersatzteil,Feindflug,pop,0,0
Staatsfeind,Agonoize,pop,0,0
God & Country,FGFC820,pop,0,0
We Ready,Archie Eversole,rap,0,0
Wanna Be A Balla,Fat Pat,rap,0,1
Hustlin' - Album Version (Edited),Rick Ross,rap,0,0
Web Cam,Farruko,latin,0,0
Green River,Creedence Clearwater Revival,rock,0,0
Lodi,Creedence Clearwater Revival,rock,0,0
Tuesday's Gone,Lynyrd Skynyrd,rock,0,1
All Right Now - Remix '91,Free,rock,0,1
Get Me Home,Foxy Brown,r&b,0,1
"Yo, Baby, Yo! - With Rap",Ralph Tresvant,r&b,0,0
Big Bang (2015 Life In Color Anthem) - Radio Edit,Borgeous,edm,0,0
Forever (feat. Courtney Jenaé) - Original Mix,Blasterjaxx,edm,0,0
Legends (feat. TeamMate),Razihel,edm,0,0
Bitch Better Have My Money - GTA Remix,Rihanna,edm,0,0
Destroyers - Original Mix,Wahlstedt,edm,0,0
Middle - 4B Remix,DJ Snake,edm,0,0
BAMF,Pegboard Nerds,edm,0,0
Resistance,Aero Chord,edm,0,0
Skybreaker,Razihel,edm,0,0
Wildes Herz,Down Below,pop,0,0
True Life - Vnv Nation Remix,Lights Of Euphoria,pop,0,0
Dark Allies,Light Asylum,pop,0,0
A Generation of the lost,Frozen Plasma,pop,0,0
4U,Aero Chord,edm,0,0
Lazer Love - Original Mix,KSHMR,edm,0,0
Booty Loose (feat. Fly Boi Keno),Party Favor,edm,0,0
Get Low - Original Mix,Dillon Francis,edm,0,0
Keep It Mello,Marshmello,edm,0,0
BRAINFOOD,gizmo,rap,0,1
kamikaze (+ pulse),goth,rap,0,0
Be Easy,T.I.,rap,0,0
24 Stunden - Original Mix,SAM,pop,0,0
How You Want It (feat. Jae Mazor),Fayn,pop,0,0
Tanz die Revolution (Der Single Mix),Frozen Plasma,pop,0,0
Warmongers,Frozen Plasma,pop,0,0
Roter Stern,Centhron,pop,0,0
Immortal - Single Edit,Solitary Experiments,pop,0,0
Nuestro Amor Es Asi,Magnate,latin,0,0
Flow Violento,Arcangel,latin,0,0
Tremor (Sensation 2014 Anthem) - Original Mix,Dimitri Vegas & Like Mike,edm,0,0
Ich bin ein wahrer Satan,ASP,pop,0,0
Dead Market,Haujobb,pop,0,0
Talk to Me Baby,Elmore James,rock,0,1
Driftin' Blues,Charles Brown,rock,0,1
One Track Mind,Tbtbt,r&b,0,0
I'm so into You - Radio Remix/With Rap,SWV,r&b,0,0
Got to Have Your Love,Mantronix,r&b,0,0
Who Will I Be,Demi Lovato,pop,0,0
Lightning In A Bottle,The Summer Set,pop,0,0
Hustler,Only1Tipy,pop,0,0
Seek Bromance - Avicii’s Vocal Edit,Tim Berg,edm,0,0
WhatWasThat,BONES,rap,0,1
OakGroveRoad,BONES,rap,0,1
TheArtOfCremation,BONES,rap,0,1
OhNo!,BONES,rap,0,1
Bone Saw,gizmo,rap,0,0
Hold Uh,gizmo,rap,0,0
Loch Ness,gizmo,rap,0,1
BLUE JUICE,gizmo,rap,0,0
Find Our Way,Midnight Kids,edm,0,0
"Everyday, Everyday (feat. Nevve)",Manila Killa,edm,0,0
Down,blink-182,pop,0,0
Can We Dance,The Vamps,pop,0,0
Let Me See It,UGK,rap,0,0
Last Dance,Covenant,pop,0,0
Memories,CHROM,pop,0,0
Risen,nej!las,r&b,0,1
Drama,Club 97,r&b,0,1
Apart,Alex Jacke,r&b,0,1
ProductOfDrugs (Prod. The Virus and Antidote),Kamiyada+,rap,0,0
FunnyToSeeYouHere,BONES,rap,0,1
Dream On,Depeche Mode,pop,0,1
Strassen,Ascii.Disko,pop,0,0
Lieber sterben,Sündenklang,pop,0,0
Love Me To The End,Deine Lakaien,pop,0,1
Seelenschmerz,Blutengel,pop,0,0
Tengo Tantas Ganas de Ti,Arcangel,latin,0,0
Antarctica,$uicideBoy$,rap,0,1
Let Go,JavyDade,r&b,0,1
Scenes from an Italian Restaurant,Billy Joel,rock,0,0
In The Dark,Billy Squier,rock,0,0
Maggie May,Rod Stewart,rock,0,1
Stay Close,The Years Gone By,pop,0,0
Tear Down The Stars,The Years Gone By,pop,0,1
You Might As Well Be In Space,The Years Gone By,pop,0,0
Me Enamora - MTV Unplugged,Juanes,latin,0,0
Volverte A Ver - MTV Unplugged,Juanes,latin,0,1
Nada Valgo Sin Tu Amor - MTV Unplugged,Juanes,latin,0,0
Es Por Ti - MTV Unplugged,Juanes,latin,0,1
Para Tu Amor - MTV Unplugged,Juanes,latin,0,1
The Reason - Acoustic,Hoobastank,latin,0,1
Montrose,Man Overboard,pop,0,0
Goodbye Yellow Brick Road,Elton John,rock,0,1
Schwanengesang,Xotox,pop,0,0
Little Lion Man - Live,Mumford & Sons,latin,0,0
Live To Rise,Soundgarden,rock,0,0
I Miss You,blink-182,pop,0,0
We Love Like Vampires,Sparks The Rescue,pop,0,0
Autumn,Sparks The Rescue,pop,0,0
Tempted,Squeeze,rock,0,1
One Thing Leads To Another,The Fixx,rock,0,0
Keep On Tryin',Poco,rock,0,1
Run To You,Code 64,pop,0,0
Kind von Traurigkeit,Unzucht,pop,0,0
Eternal Dreams,Ghostofblu,rap,0,0
608,Ghostofblu,rap,0,0
Killer,Ghostofblu,rap,0,0
Back On My Feet Again,The Babys,rock,0,0
I Got You,Split Enz,rock,0,1
"Yester-Me, Yester-You, Yesterday",Stevie Wonder,rock,0,0
Crimson And Clover,Tommy James,rock,0,0
3-2-1 Pump,Redhead Kingpin,r&b,0,0
I Like The Way You Work,Blackstreet,r&b,0,0
U Blow My Mind,Blackstreet,r&b,0,0
Work It Out,Jurassic 5,rap,0,1
No Teeth,gizmo,rap,0,0
TakingOutTheTrash,BONES,rap,0,1
Lonely Days - Remastered Version,Bee Gees,rock,0,1
One More Drink (co-starring T-Pain),Ludacris,rap,0,0
Let's Get Away - Revised Edited /Old Hook,T.I.,rap,0,0
Rock 'N' Roll All Nite - Live,KISS,latin,0,0
Rats,Ghost,rock,0,0
D-O-G Me Out,Guy,r&b,0,0
Him Or Me - Edit Version,Today,r&b,0,0
Girl I Got My Eyes On You,Today,r&b,0,0
A LIGHT THAT NEVER COMES - Twoloud Remix,Linkin Park,edm,0,0
Gott noch nicht,Funker Vogt,pop,0,0
Und wir tanzten (Ungeschickte Liebesbriefe),ASP,pop,0,1
Like I'm Suppose To,Chris Antonio,edm,0,0
wander,joeshort,edm,0,1
Ghost of You,Chris Kelly,edm,0,0
Bittersweet,The fire ants,edm,0,0
Never Alone,The High School of Music & Art,r&b,0,1
Spend The Night,Guy,r&b,0,0
Girlfriend - Single Version,Bobby Brown,r&b,0,0
"Rub You The Right Way - 7"" Version",Johnny Gill,r&b,0,0
I Will Wait - Live,Mumford & Sons,latin,0,0
Hurricane - Unplugged,Thirty Seconds To Mars,latin,0,1
Message In A Bottle - Live,Thirty Seconds To Mars,latin,0,1
Raveology - Original Mix,DVBBS,edm,0,0
Ride - Original Mix,Starkillers,edm,0,0
Tony Love - Remix,Pekeño 77,rap,0,0
Funkytown,Lipps Inc.,pop,0,1
Samurai - Tiesto Remix,R3HAB,edm,0,0
Star Warz - Swanky Tunes Edit,Arston,edm,0,0
Poppin' Champagne,All Time Low,pop,0,0
Remembering Sunday,All Time Low,pop,0,0
Running From Lions,All Time Low,pop,0,0
Jasey Rae,All Time Low,pop,0,0
Coffee Shop Soundtrack,All Time Low,pop,0,0
Therapy,All Time Low,pop,0,0
A Party Song (The Walk of Shame),All Time Low,pop,0,0
Sick Little Games,All Time Low,pop,0,0
1 Ask,Ebhoni,edm,0,1
I Will Follow You,Laura Pieri,edm,0,0
Black Bombay,AJÉ,rap,0,1
The Middle - Acoustic Version,Jimmy Eat World,latin,0,1
Kings And Queens - Unplugged,Thirty Seconds To Mars,latin,0,1
Crazy,From Ashes to New,rock,0,0
Guts,All Time Low,pop,0,0
Sweet Feet,You Me At Six,pop,0,0
Finders Keepers,You Me At Six,pop,0,0
Kiss And Tell,You Me At Six,pop,0,0
The Rumour,You Me At Six,pop,0,0
Always Attract,You Me At Six,pop,0,1
SLVR,Steve Angello,edm,0,0
Bring You to Life (Transcend) [feat. RAS] - Original Mix,Steve Aoki,edm,0,0
Love Comes Again (Exodus & Hugo Rizzo Remix),Tiësto,edm,0,0
"Summer Waves (feat. Calvin Harris, Dimitri Vegas, W&W, Aero Chord & Like Mike)",Nugnes,edm,0,0
Get Down - Original Mix,Swanky Tunes,edm,0,0
In The Army Now,Status Quo,pop,0,1
GO - Showtek Edit,MAKJ,edm,0,0
Wasted - TST Remix,Tiësto,edm,0,0
Lionhearted - Arty Remix,Porter Robinson,edm,0,0
Right Here Right Now (Neon) - Extended Mix,Sander van Doorn,edm,0,0
Everyday Of My Life,Third Party,edm,0,0
"How We Party Rocket (feat. R3hab, Vinai, W&W & Blasterjaxx)",Nugnes,edm,0,0
Scandale - Olsen Inc Remix,Joachim Garraud,edm,0,0
SuperWave - Original Mix,Ummet Ozcan,edm,0,0
Tutankhamun - Original Mix,Borgeous,edm,0,0
That Girl,All Time Low,pop,0,0
Time-Bomb,All Time Low,pop,0,0
Absolution,The Pretty Reckless,rap,0,0
Sweet November,Troop,r&b,0,1
Mit Dem Kopf Durch Die Wand,187 Strassenbande,rap,0,0
Slammer - Original Mix,Quintino,edm,0,0
Torque (Radio Edit),New World Punx,edm,0,0
Heartbeat - Original Mix,John Dahlbäck,edm,0,0
Crack A Bottle,Eminem,rap,0,0
Heaven - KSHMR Remix,Shaun Frank,edm,0,0
Love You Harder,Carter,edm,0,0
Lost In Stereo,All Time Low,pop,0,0
Damned If I Do Ya (Damned If I Don't),All Time Low,pop,0,0
Break Your Little Heart,All Time Low,pop,0,0
Weightless,All Time Low,pop,0,0
Let Me Hear You Scream - Original Mix,Hard Rock Sofa,edm,0,0
SETH,Congorock,edm,0,0
If I Were In Your Shoes,You Me At Six,pop,0,0
If You Run,You Me At Six,pop,0,0
You’ve Made Your Bed (So Sleep In It),You Me At Six,pop,0,0
Take Off Your Colours,You Me At Six,pop,0,0
Save It For The Bedroom,You Me At Six,pop,0,0
Jealous Minds Think Alike,You Me At Six,pop,0,0
Call That A Comeback,You Me At Six,pop,0,0
Gossip,You Me At Six,pop,0,0
TalkTalk,A Perfect Circle,rock,0,0
House On Fire,Rise Against,rock,0,0
Feed the Wolf,Breaking Benjamin,rock,0,0
Deathwish,Red Sun Rising,rock,0,0
I'm Not Over (Radio Edit) [feat. Tash],Hellberg,edm,0,0
This Is Forever (feat. Danyka Nadeau),Hellberg,edm,0,0
Limitless (feat. Delaney Jane),Adventure Club,edm,0,0
Blue Ocean Floor,Justin Timberlake,r&b,0,1
Venom - Original Mix,Ziggy,edm,0,0
Pick Up The Pieces (Ft. Angela McCluskey) - Original Mix,Maor Levi,edm,0,0
Destination,DubVision,edm,0,0
Virus (How About Now) - Original Mix,Martin Garrix,edm,0,0
Zeus - Original Mix,MOTi,edm,0,0
Body Talk (feat. Julian Perretta) - Extended Mix,Dimitri Vegas & Like Mike,edm,0,0
Sun In Your Eyes - Original Mix,Michael Brun,edm,0,0
We Are The Ones - Original Mix,twoloud,edm,0,0
Lion (In My Head) - Original mix,MOTi,edm,0,0
Truth (Dabin Remix),Tristam,edm,0,0
Emergency,Pegboard Nerds,edm,0,0
Kings of the Mountain,Lonely The Brave,pop,0,0
Heaven,The Neighbourhood,pop,0,0
Beautiful Now - Dirty South Remix,Zedd,edm,0,0
A Little More,Kaskade,edm,0,0
Home - Tiësto Vs. twoloud Remix,Dotan,edm,0,0
Waiting For Love - Carnage & Headhunterz Remix,Avicii,edm,0,0
Aftermath - Original Mix,Quintino,edm,0,0
Delilah - Galantis Remix / Edit,Florence + The Machine,edm,0,0
Making Me Dizzy,Tiësto,edm,0,0
FAWL (From Amsterdam With Love) - Original Mix,Alpharock,edm,0,0
Wanna Lose You,Borgeous,edm,0,0
Talk,DJ Snake,edm,0,0
Invitation (feat. Yade Lauren),Yellow Claw,edm,0,0
Tu No Eres Para Mi,Fanny Lu,latin,0,0
Todos Me Miran,Gloria Trevi,latin,0,0
Don,Miranda!,latin,0,0
Airwave - twoloud Remix,Rank 1,edm,0,0
Devil's Pie,D'Angelo,r&b,0,0
God Is Real,India.Arie,r&b,0,1
Ride Wit Me,T.I.,rap,0,0
Steve Biko (Stir It Up),A Tribe Called Quest,r&b,0,1
...& On,Erykah Badu,r&b,0,1
All of the Lights,Alexander Lewis,r&b,0,0
Bad Blood - Alternate Mix,Ministry,rap,0,0
Do What I Gotta Do - Radio Edit,Ralph Tresvant,r&b,0,1
With You Tonight (Hasta El Amanecer),Nicky Jam,edm,0,0
Wait - Radio Mix,Tom Swoon,edm,0,0
Butterfly - Remix,India.Arie,r&b,0,1
Feel So Numb,Rob Zombie,rock,0,0
Live To Win,Paul Stanley,rock,0,0
Estar Contigo,Mike Bahía,latin,0,0
Felicidad,Gondwana,latin,0,0
Estar Enamorado,Golpe a Golpe,latin,0,0
El Calendario,Pasabordo,latin,0,0
Burial,Pusha T,edm,0,0
Got It,Boys Noize,edm,0,0
Still Swingin',Papa Roach,edm,0,0
Drunk in Love,XO,r&b,0,1
Hysteria 2013 (Re-Recorded Version) - Single,Def Leppard,rock,0,0
WILD - Young Bombs Remix,Troye Sivan,edm,0,0
Eres para Mí (with Anita Tijoux),Julieta Venegas,latin,0,0
Chiquita Linda,Rocko y Blasty,latin,0,0
Ojitos Cafe,18 Kilates,latin,0,0
Mi error,Afrodisiaco,latin,0,0
El tiempo,Afrodisiaco,latin,0,0
Mi Persona Favorita,Río Roma,latin,0,0
Me Enamoré,Angel Y Khriz,latin,0,0
Te Mueres por Mi,Bacanos,latin,0,0
El Besito,Pasabordo,latin,0,0
Te Quiero Amar - Remix,Pasabordo,latin,0,0
Lose Sleep,REMI,r&b,0,0
Flavour,Room Eleven,r&b,0,1
Movement,Jamie Woon,r&b,0,1
Swings,Lit Lords,rap,0,0
Te Quiero Amar,Pasabordo,latin,0,0
Volver a Sonreir (Version Barrio),Jerau,latin,0,0
Conquista,Jerau,latin,0,0
Ya no me importas,Ferdy,latin,0,0
Puzzles - Radio Edit,Lenx & Denx,edm,0,0
Love & War,Yellow Claw,edm,0,0
Rubber Band Man - Explicit + Buster Skit,T.I.,rap,0,0
Do They Know,Takuya Kuroda,r&b,0,1
No Peace,Alfa Mist,r&b,0,1
Paradise,Sinead Harnett,r&b,0,0
Seigfried,Frank Ocean,r&b,0,1
Tomb (feat. Rasha Kamal),Adrinaline,rap,0,0
Don't Look,Karan Aujla,rap,0,0
Set Adrift On Memory Bliss - Radio Edit,P.M. Dawn,r&b,0,0
Disco Inferno,50 Cent,rap,0,1
Cadillac on 22's,David Banner,rap,0,0
Don't Rush,Force M.D.'s,r&b,0,0
Skurr,Terrence North,r&b,0,1
Hit Stick,Chinese Kitty,r&b,0,1
Fire Fly,Childish Gambino,r&b,0,0
Ella Me Levanto,Daddy Yankee,latin,0,0
GOD'S WITH ME,MIKE,rap,0,1
Young Girl / I Really Like You,Pharrell Williams,r&b,0,0
End,YZKN,rap,0,0
Token Baashi,CryJaxx,rap,0,0
Bata Bata 2,Latin Fresh,latin,0,0
Entre La Playa Ella Y Yo (feat. Vat 18k),Big Yamo,latin,0,0
Bang - Tiësto Bootleg Radio Edit,3LAU,edm,0,0
Scorpio,Denzal Park,edm,0,0
Flashing Lights,Laidback Luke,edm,0,0
Turn It Up,Dimitri Vegas & Like Mike,edm,0,0
Come Back Down,TJR,edm,0,0
Aye,New World Sound,edm,0,0
The Buzz - Original Mix Edit,New World Sound,edm,0,0
Howl At The Moon - Radio Edit,Stadiumx,edm,0,0
Flute Loop (feat. Ouici),Keys N Krates,rap,0,0
Switch,CLRFL,rap,0,0
Puzzle,Quintino,edm,0,0
Selecta - Original Mix,Afrojack,edm,0,0
Cube,New World Sound,edm,0,0
Bantam,New World Sound,edm,0,0
One Life - Original Mix,Sunnery James & Ryan Marciano,edm,0,0
Mi Mi Mi - Radio Edit,SEREBRO,edm,0,0
Titan - Original Mix,Blasterjaxx,edm,0,0
Can't You See - Original Mix,Shermanology,edm,0,0
What's Up Suckaz,TJR,edm,0,0
Miraj - Original Mix,Sandro Silva,edm,0,0
Gloria (feat. Andy Reznik) - Extended Mix,PH Electro,edm,0,0
Tremor - Synth Mix,DJ C Club,edm,0,0
Rockin - Original Mix,DubVision,edm,0,0
Boogie in Zero Gravity - Extended Version,Black Strobe,pop,0,0
Que Tengo Que Hacer,Daddy Yankee,latin,0,0
Mesmerised,Scenic,pop,0,0
Akwa Kayi Ji Bia Nuwa,The Identicals,rock,0,0
El Recuerdo,Mora,latin,0,1
Fafa,Vieux Farka Touré,rock,0,1
Hyena,Jamshied Sharifi,rock,0,1
Trojan - Original Mix,Sidney Samson,edm,0,0
Crackin - Martin Garrix Edit,Bassjackers,edm,0,0
Tsunami - Blasterjaxx Remix,DVBBS,edm,0,1
Phat Brahms (Steve Aoki & Angger Dimas vs. Dimitri Vegas & Like Mike) [Radio Edit],Steve Aoki,edm,0,0
Krack! - Original Mix,MOTi,edm,0,0
Bazooka - Original Mix,Firebeatz,edm,0,0
ACIIID - Original Mix,Moguai,edm,0,0
No Regular - Original Mix,TST,edm,0,0
Tu Angelito,Chino & Nacho,latin,0,0
Dime Si Este Amor Se Acabo,Guille El Invencible,latin,0,0
Lo Que No Sabes Tú,Chino & Nacho,latin,0,0
Behave,Syden,rock,0,0
Shotgun - Quintino Remix,Yellow Claw,edm,0,0
Derp,Bassjackers,edm,0,0
WTF!? - Original Mix,Zomboy,edm,0,0
Dynamite - Original Mix,Quintino,edm,0,0
Umami - Original Mix,Yves V,edm,0,0
Barbaric (Radio Mix),DJ Bam Bam,edm,0,0
Truly Alive,Mitzi,pop,0,0
Me Estas Tentando - Remix,Wisin & Yandel,latin,0,0
Linda Estrella (feat. Baby Rasta y Gringo),Noriega,latin,0,1
Enamorándome de Ti,Jerau,latin,0,0
Cada Vez,Jerau,latin,0,0
Nuthin But A G Thang,Snoop Dogg,rap,0,0
Ready Or Not,2Pac,rap,0,1
Got to Give It Up,Aaliyah,r&b,0,0
No One Else,AMiR,r&b,0,0
Take You There,Eko Zu,r&b,0,0
Burn It Down,AtellaGali,pop,0,0
Rasputin - Radio Edit,Hard Rock Sofa,edm,0,0
Faded,Afrojack,edm,0,0
Got it Like That - Edit,Syndicate Of L.A.W.,edm,0,0
Soldiers - Original Mix,Mike Hawkins,edm,0,0
SMASH! - Original Mix Edit,Ummet Ozcan,edm,0,0
Bombaclat - Original Mix,Firebeatz,edm,0,0
Snow White (Alive) - Radio Edit,Muttonheads,edm,0,0
Raise Those Hands,R3HAB,edm,0,0
Go Hard,Quintino,edm,0,0
Dechorro - Radio Edit,Deorro,edm,0,0
The Illest - DEORRO Remix,Far East Movement,edm,0,0
Bazooka - 538 Turn Up The Beach 2014 Theme,Firebeatz,edm,0,0
Salio El Sol,Don Omar,latin,0,0
Special Eyes,Xavier Omär,r&b,0,1
Small Talk,Jarreau Vandal,r&b,0,1
Actua,J Alvarez,latin,0,0
Alarm - Original Mix,Dzeko & Torres,edm,0,0
Jack Built,Animist,edm,0,0
Rumbero - Original Mix,Patrick M,edm,0,0
In The Air - Axwell Edit,TV Rock,edm,0,0
Ready,Bassjackers,edm,0,0
Vengo Acabando,Wisin & Yandel,latin,0,0
Fantasma - Main,Zion,latin,0,0
Metele Sazon,Tego Calderon,latin,0,1
Irresistible,Wisin & Yandel,latin,0,0
Como Soy,Mane de la Parra,latin,0,0
Why Me?,Reggie P,rap,0,0
My Sidepiece (feat. Pokey & Major Clark Jr.),The Louisiana Blues Brothas,rap,0,0
Tennessee,Arrested Development,r&b,0,0
Dame un Besito (feat. Frank Garcia),RD Maravilla,latin,0,0
Un día a la vez,Gloria Estefan,latin,0,0
A Lo Moderno,Yelsid,latin,0,0
Pasarela,DJ Nelson,latin,0,0
Solos (feat. Plan B),Tony Dize,latin,0,0
Hasta Verla Sin Ná,Tony Dize,latin,0,0
Prrrum - Remix,Cosculluela,latin,0,0
Bailarina,J Alvarez,latin,0,1
Deja (feat. Nejo Y Dalmata),J Alvarez,latin,0,0
Like I'm on Fire (Kartell Remix),Karma Kid,r&b,0,1
My Oh My,starRo,r&b,0,1
Ghost in the Machine - Radio Edit,Blasterjaxx,edm,0,0
Ella Me Cautivo,J Balvin,latin,0,0
Bedtime Story,GoldLink,r&b,0,0
Secrets - Diplo Remix,Tiësto,rap,0,0
Get Up Baby (Original Mix),Tony C,edm,0,0
The Music Sounds Better With You,Lush Life,edm,0,1
Flawless - Radio Edit,The Ones,edm,0,0
One Day at a Time,Gloria Estefan,latin,0,0
Stronger,Erick Morillo,edm,0,0
Crash The Disco - Original Mix,Abel Ramos,edm,0,0
Yoohoo,Dusky,edm,0,0
Lights Out,Bloodlights,rock,0,0
One For The Money,Escape the Fate,rock,0,0
Link Up,NxWorries,r&b,0,0
Put My Hands On You,DEAN,r&b,0,1
Wifeable (With Sax) feat. Xavier Omär,Masego,r&b,0,0
Disappear,Christian Rich,r&b,0,1
Hola Que Tal,J Balvin,latin,0,0
Sin Compromiso (Remix),J Balvin,latin,0,0
Te Gateo,Reykon,latin,0,1
Tu Cuerpo Me Llama,Reykon,latin,0,0
La Santa,Reykon,latin,0,0
Señorita,Reykon,latin,0,0
Se Aloca,Reykon,latin,0,0
Let's Spend The Night Together - Stereo Version,The Rolling Stones,rock,0,1
Under My Thumb,The Rolling Stones,rock,0,1
Let It Slide,Freedumb,rock,0,0
Turn It Up,Sonic Syndicate,rock,0,0
House Bump For Joe Kay,PYRMDPLAZA,r&b,0,0
Satisfaction - RL Grime Remix,Benny Benassi,rap,0,0
Rollup - Baauer Remix,Flosstradamus,rap,0,0
Lean On (feat. MØ & DJ Snake) - CRNKN Remix,Major Lazer,rap,0,0
Eres,Jota Y Leo,latin,0,0
Cuando Te Miro,Jesús & Yorky,latin,0,0
Old Time's Sake,Eminem,rap,0,0
Soldier Like Me,2Pac,rap,0,0
Heal The World,Michael Jackson,r&b,0,1
Clarity - Brillz Remix,Zedd,rap,0,0
Too Delirious,Oscar Barila,edm,0,0
Questionary,Marcel Woods,edm,0,0
Let's Get This Thing Started - Original Mix,Andy Mcgirr,edm,0,0
How We Lookin' - Original Mix,Sonny Wharton,edm,0,0
The Weekend - Radio Edit,Michael Gray,edm,0,0
Gimme A Break,Freedumb,rock,0,0
Stick Em,DJ Isaac,edm,0,0
Guest List - Original Mix,Alvaro,edm,0,0
Walk Away,Tony Junior,edm,0,0
Let Me Be (feat. Bo Saris),Bondax,r&b,0,1
The Kids Are Alright - Mono/Stereo Version,The Who,rock,0,0
The Heist,Big L,rap,0,0
Casualties Of A Dice Game,Big L,rap,0,0
Beef,Mos Def,rap,0,0
Long Kiss Goodnight,The Notorious B.I.G.,rap,0,0
Uhh Ahh - Sequel Version,Boyz II Men,r&b,0,1
All I Need,Method Man,rap,0,1
Bailando Fue,Andy Rivera,latin,0,0
Si Te Robo Un Beso,Confidentes,latin,0,0
Se Acabó,Sanluis,latin,0,0
The Sideshow (feat. Ernie Fresh),DJ Shadow,r&b,0,0
Sin Maquillaje,El Nene la Amenazzy,latin,0,0
Run To The Hills,Iron Maiden,rock,0,0
My Generation - Original Mono Version,The Who,rock,0,0
All That - The Knocks Remix,Carly Rae Jepsen,pop,0,0
You've Got Another Thing Comin',Judas Priest,rock,0,0
Was I Right Or Wrong,Lynyrd Skynyrd,rock,0,1
Like A Rolling Stone - Edit,The Rolling Stones,rock,0,0
Step Up,Pete Rock,rap,0,1
Platinum Plus,Big L,rap,0,0
Cool It Now - Single Version,New Edition,r&b,0,0
"Christmas Ain't Christmas, New Years Ain't New Years Without The One You Love",The O'Jays,r&b,0,1
Heart (Samuraii Remix),Stonefox,pop,0,1
Skyline,K-391,pop,0,1
Pocas Horas,Alejo Park,rap,0,1
Vapormax,Duki,rap,0,0
Prometo Olvidarte - Remix,Tony Dize,latin,0,0
Aguacero,Altafulla,latin,0,0
Estando Contigo,Marielle Hazlo,latin,0,0
Baba O'Riley - Remixed Version,The Who,rock,0,1
Who Are You - Single Edit,The Who,rock,0,0
Una vez más,Lit Killah,rap,0,1
Besame,Bhavi,rap,0,0
M.I.A,Khea;Omar Varela,rap,0,0
Realidad,Khea,rap,0,0
Ahora no,FMK,rap,0,1
Y Si Te Vas,Duki,rap,0,1
Estrellita,J-King y Maximan,latin,0,0
It's So Hard To Say Goodbye To Yesterday - Original Version,Boyz II Men,r&b,0,1
Mr. Telephone Man,New Edition,r&b,0,0
Go See the Doctor,Kool Moe Dee,r&b,0,1
Cimarron,William Vivanco,r&b,0,1
Ready to Go - Remix,Ale Mendoza,latin,0,0
"Happy Holidays, Parts 1 & 2",Ohio Players,r&b,0,1
Dame Más,Bhavi,rap,0,0
Otro Level,Ysy A,rap,0,1
S.A.D,Khea,rap,0,1
Wanda Nara,Duki Y Neo Pistea,rap,0,1
Ain't Nobody Else,Holl & Rush,edm,0,0
The Needle And The Spoon,Lynyrd Skynyrd,rock,0,0
Little Wing,Jimi Hendrix,rock,0,0
The Seeker - Edit,The Who,rock,0,0
Light Me Up,Matisse & Sadko,edm,0,0
Una En Un Millón - New Mix,Joey Montana,latin,0,0
"Tu Amor, More, More",Chino & Nacho,latin,0,0
Poquito a Poquito,Sonny & Vaech,latin,0,0
El Problemon,Bonka,latin,0,0
So You Want To Be A Gangster,Juice The Motion Picture Soundtrack,rap,0,1
Represent - Explicit Album Version,Nas,rap,0,0
The Rain,Oran Juice Jones,r&b,0,0
Bring The Pain,Method Man,rap,0,1
Life's A Bitch - Explicit Album Version,Nas,rap,0,1
Money Can't Buy Love,The Lebron Brothers Orchestra,r&b,0,1
To Be With You - Re-edit,Jimmy Sabater,r&b,0,0
Stone Free,Jimi Hendrix,rock,0,0
Pastel Con Nutella,Ysy A,rap,0,0
Rolling Stone,Ecko,rap,0,0
One More Time - Original Version,Lynyrd Skynyrd,rock,0,0
Don't Ask Me No Questions,Lynyrd Skynyrd,rock,0,0
That Smell,Lynyrd Skynyrd,rock,0,0
What's Your Name,Lynyrd Skynyrd,rock,0,1
Gimme Back My Bullets,Lynyrd Skynyrd,rock,0,0
All I Can Do Is Write About It,Lynyrd Skynyrd,rock,0,1
Saturday Night Special,Lynyrd Skynyrd,rock,0,0
Swamp Music,Lynyrd Skynyrd,rock,0,0
Workin' For MCA,Lynyrd Skynyrd,rock,0,0
Call Me The Breeze,Lynyrd Skynyrd,rock,0,0
I Ain't The One,Lynyrd Skynyrd,rock,0,0
Dixie Chicken,Little Feat,rock,0,1
Pour Some Sugar On Me - Historia Video Edit,Def Leppard,rock,0,0
Save Me,DEAMN,edm,0,0
Million Years,Gareth Emery,edm,0,0
Do Your Thing - Radio Edit,Dbstf,edm,0,0
Torrent,Sidney Samson & Martin Garrix,edm,0,0
On The Floor Like,Bassjackers,edm,0,0
They Call Me Pokey (Remix) [feat. Tucka & Tyree Neal],Pokey,rap,0,0
Candy Girl,New Edition,r&b,0,0
Dollars And Sense,DJ Quik,rap,0,1
Can't Knock The Hustle,JAY-Z,rap,0,1
Muskrat Love,Captain & Tennille,r&b,0,1
Spoonman,Soundgarden,rock,0,0
Rock Rock (Till You Drop),Def Leppard,rock,0,0
Mr. Banker - Single Version,Lynyrd Skynyrd,rock,0,1
Truck Drivin' Man - Demo Version,Lynyrd Skynyrd,rock,0,0
Sabor A Melao,Daddy Yankee,latin,0,0
If It Isn't Love - Single Version,New Edition,r&b,0,0
"Ain't 2 Proud 2 Beg - U.S. 7"" Edit",TLC,r&b,0,0
Follow You (feat. Danyka Nadeau),Au5,edm,0,0
We Are the Ones,Myon,edm,0,0
Summer Love,DEAMN,edm,0,0
Una Cita,Alkilados,latin,0,0
Flute - Radio Mix,New World Sound,edm,0,0
Wake Up - Original Mix,Jay Hardway,edm,0,0
Tantra,JDG,edm,0,0
Anarchy In The UK,Sex Pistols,rock,0,0
Let's Get Crazy,Quiet Riot,rock,0,0
Long Way Back From Hell,Danzig,rock,0,0
Kaleidoscope,Vicetone,edm,0,0
In My Head (feat. Georgia Ku) - Landis Remix,Party Favor,edm,0,0
Lost in You,Quintino,edm,0,0
TURN,TaeyoungBoy,pop,0,1
Esta Noche De Travesura,"Héctor ""El Father""",latin,0,1
Prefiero,Jere Profeta,rap,0,0
Dónde Están Las Gatas,Nicky Jam,latin,0,0
Renegade (Original Mix),CAZZETTE,edm,0,0
Better Than Yesterday - Club Mix,Sidney Samson,edm,0,1
Jupiter Unison - 3LAU Bootleg,3LAU,edm,0,0
Heiress of Valentina - Alesso Exclusive Mix,Dune,edm,0,0
Every Day - Radio Edit,Eric Prydz,edm,0,0
I Surrender (Extended Mix),CAZZETTE,edm,0,0
What Does Tomorrow Bring (Extended Mix) [feat. Natalie Peris],Richard Beynon,edm,0,0
We Go Oh,Rasmus Faber,edm,0,0
Sunrise (Won't Get Lost) - Tommy Trash Version,The Aston Shuffle,edm,0,0
Lies - Otto Knows Remix,BURNS,edm,0,0
Slevel (DJ Ehkir Edit),DJ Ehkir,edm,0,0
City of Dreams (feat. Ruben Haze),Dirty South & Alesso,edm,0,0
Never Alone (feat. Natascha Bessez) - J-Kraken Remix,Chachi,edm,0,0
You,Lost Kings,edm,0,0
Razamanaz,Nazareth,rock,0,0
Shout At The Devil - International,Mötley Crüe,rock,0,0
Straight Up Menace,Menace ll Society,rap,0,1
"Timberlan'd Up (feat. Royce Da 5'9"")",Apollo Brown,r&b,0,0
Bamboo,Homeboy Sandman,r&b,0,0
Vibe,Mick Jenkins,r&b,0,1
Love Me Again - Gemini Remix,John Newman,edm,0,0
Let’s Go,will.i.am,edm,0,0
Eyes Reloaded (Kaskade Mash),Sebastian Ingrosso & Tommy Trash,edm,0,0
After Dark - Radio Edit,Style of Eye,edm,0,0
You Are Like Nobody Else - Original Mix,Swanky Tunes,edm,0,0
Reverence - Original Mix,Northend,edm,0,0
Feel Again - Thomas Gold Club Mix,OneRepublic,edm,0,0
I Don’t Like You - Nicky Romero Remix,Eva Simons,edm,0,0
Feel The Love - Original Mix,Richard Vission,edm,0,0
Make Some Noise (Skidka Remix Radio Edit) [feat. Ben McInerney],Swanky Tunes,edm,0,0
Sovereign Light Café (Afrojack vs. Keane) - Afrojack Remix,Keane,edm,0,0
"Entre La Playa, Ella y Yo","Big Yamo, Vato 18K Feat. Bigal L Jake",latin,0,0
Yo Voy A Llegar,Zion,latin,0,0
Amor De Pobre,Zion,latin,0,0
Double Trouble,Lynyrd Skynyrd,rock,0,0
Tártaro,Buscabulla,pop,0,0
Mandala - Official Sunburn 2016 Anthem,KSHMR,edm,0,0
Beast,Vicetone vs Nico Vega,edm,0,0
Take Me - Original Mix,Tiësto,edm,0,0
Clarity (Remix),Vicetone,edm,0,0
Turn Your Lights On - Radio Mix,Kid Vicious,edm,0,0
'98 Freestyle,Big L,rap,0,1
Auditorium,Mos Def,rap,0,0
Uncover,Tobu,edm,0,0
U - W&W Remix,Gareth Emery,edm,0,0
Too Late - Original Mix,Ken Loi,edm,0,0
Spaceman I Used to Know (Tom Buster Mix),PMZ,edm,0,0
Starlight (Could You Be Mine) - Otto Knows Remix,Don Diablo,edm,0,0
The Spark - Tiësto vs twoloud Remix,Afrojack,edm,0,0
I Am - Radio Edit,Sick Individuals,edm,0,0
Daylight - Extended,Kid Massive,edm,0,0
Echoes - Extended Mix,Henrik B,edm,0,0
It's Not Over feat. Mitch Thompson - Tony Romera Remix,6 Fingers & Tass,edm,0,0
Glow - Promise Land vs. AN21 & Max Vangeli Remix,An21,edm,0,0
Girls & Boys - Original Mix,Inpetto,edm,0,0
Starting Again - Radio Edit,East & Young,edm,0,0
Limitless - Radio Mix,BURNS,edm,0,0
Insane,MOSKA,edm,0,0
Big Bird,Blasterjaxx,edm,0,0
BFAM - Original Mix,Julian Jordan,edm,0,0
Tear It Down - NEW_ID Remix,The Aston Shuffle,edm,0,0
Why Do You Love Me - Extended Mix,Steerner,edm,0,0
Strong,Arno Cost,edm,0,0
Weapon - EDX's Acapulco At Night Remix,CAZZETTE,edm,0,0
Bombs - Sandro Silva Remix,X-Vertigo,edm,0,0
Hollow - Original Mix,DubVision,edm,0,0
We Will Recover - Radio Edit,KAAZE,edm,0,0
Beam Me Up - Didrick Remix,CAZZETTE,edm,0,0
Sleepless - Club Edit,CAZZETTE,edm,0,1
Losing Sleep - Kat Krazy Remix,John Newman,edm,0,0
Light My Fire - New Stereo Mix Advanced Resolution,The Doors,rock,0,1
Highway Star - Deep Purple,Megarock Hits,rock,0,0
Susie Q - Single Version,Creedence Clearwater Revival,rock,0,0
Stormtroopin',Ted Nugent,rock,0,0
Motor City Madhouse - Edit,Ted Nugent,rock,0,0
Angel - Club Mix,Polyna,edm,0,0
To The Sun,Deniz Koyu,edm,0,0
Voodoo - Original Mix,DVBBS,edm,0,0
Dead Mans Hand - Original Mix,KSHMR,edm,0,0
Megalodon - Original Mix Edit,KSHMR,edm,0,0
The Spook Returns,KSHMR,edm,0,0
JAMMU - Original Mix,KSHMR,edm,0,0
Fuera del Planeta (Feat. Eloy),Randy Nota Loka,latin,0,0
Cojela Que Va Sin Jockey,Daddy Yankee,latin,0,1
Older Woman (feat. Dellanor & Akilah),Pokey,rap,0,1
I Got This Record,Jwonn,rap,0,1
Rebel Without A Pause,Public Enemy,rap,0,0
Children's Story,Slick Rick,rap,0,0
Stomp!,The Brothers Johnson,r&b,0,1
I Know You Got Soul,Eric B. & Rakim,rap,0,0
Break On Through [To The Other Side] - New Stereo Mix Advanced Resolution,The Doors,rock,0,0
Error 404 - Original Mix,Martin Garrix,edm,0,0
Project T - Original Mix,Dimitri Vegas & Like Mike,edm,0,0
Blue Sky,The Allman Brothers Band,rock,0,1
Stand Back,The Allman Brothers Band,rock,0,0
Black Hearted Woman,The Allman Brothers Band,rock,0,0
It's Not My Cross To Bear,The Allman Brothers Band,rock,0,1
Whipping Post,The Allman Brothers Band,rock,0,1
Spack Jarrow - Original Mix,W&W,edm,0,0
Conflict Of A Man,ERIMAJ,r&b,0,0
"1,2,3",Hanybal,rap,0,0
Titanic Thompson,Milonair,rap,0,0
Zackig die Patte,Nazar,rap,0,0
Land of the Free,Joey Bada$$,r&b,0,1
Won't Do,J Dilla,r&b,0,0
Show Me Love - Original Mix,Sam Feldt,edm,0,1
Shake The Earth (feat. Lyon Hart) (OLWIK Remix),Elephante,edm,0,0
In Front Of Your Eyes (Radio Edit),Garmiani,edm,0,0
Toda,Alex Rose,rap,0,1
2 Cachas (feat. Nejo),J Alvarez,latin,0,1
¿Por Que Te Demoras?,Plan B,latin,0,0
No Pensarte,Myke Towers,rap,0,0
Bookoo Bread Co,Scallops Hotel,r&b,0,1
Soon To Be Large,Charizma & Peanut Butter Wolf,r&b,0,0
Juicy,The Notorious B.I.G.,r&b,0,0
Dedicated (feat. Diverse),Katalyst,r&b,0,0
Crossroads - Live,Cream,rock,0,1
Olvidarte,Eladio Carrion,rap,0,1
Te Dijeron,Plan B,latin,0,0
Toda - Real Hasta La Muerte Remix,Alex Rose,rap,0,1
Mia 2.0,Bad Bunny,rap,0,0
Me Quiere Besar,Alexis y Fido,latin,0,0
Southbound,The Allman Brothers Band,rock,0,0
Wasted Words,The Allman Brothers Band,rock,0,1
The Weight,Smith,rock,0,1
Jack The Mack,Charizma & Peanut Butter Wolf,r&b,0,0
Beej-N-Dem Pt. 2,J Dilla,r&b,0,1
Step Up,Pete Rock / InI,r&b,0,1
Flute Beat,Greg Grease,r&b,0,1
Sunshine,Mos Def,r&b,0,0
Living Again,Ryos,edm,0,0
Soldiers,Otherwise,rock,0,0
Cradle To The Grave,Five Finger Death Punch,rock,0,0
Duck And Run,3 Doors Down,rock,0,0
Poetry,The RH Factor,r&b,0,1
Driving Ms Daisy,Logic,rap,0,0
Prohibido (feat. Bad Bunny),Lary Over,rap,0,1
Drum Roll,Chris Read,r&b,0,0
Boss,Bushido,rap,0,0
WLSS,Veysel,rap,0,0
Think (About It) - Single Version,Lyn Collins,r&b,0,0
Them Changes,Buddy Miles,r&b,0,0
Tell Me Something Good,Rufus & Chaka Khan,r&b,0,1
Here to Stay,Korn,rock,0,0
My Mind Is The Weapon (Topic 1),Hawk House,r&b,0,1
Ya Mama,The Pharcyde,r&b,0,0
Jet Airliner - 2003 Digital Remaster,Steve Miller Band,rock,0,0
Giovane Fuoriclasse,Capo Plaza,latin,0,1
Te Amare,Yandel,latin,0,0
Mi Fanatica - Remix,Arcangel,latin,0,0
Can't Take It With You,The Allman Brothers Band,rock,0,1
If You Didn't Go,Kendra Morris,r&b,0,1
Longview,Ruby Velle & The Soulphonics,r&b,0,0
Today,Kendra Morris,r&b,0,1
So Far To Go feat. Common & D'Angelo,J Dilla,r&b,0,0
Hustla,18 Karat,rap,0,0
Karma,Lady,r&b,0,0
Next Time,Curtis Harding,r&b,0,1
wokeuplikethis* (feat. lil uzi vert),Playboi Carti,rap,0,0
Heebiejeebies,Aminé,rap,0,1
Lady Lady,Masego,r&b,0,0
Back N Forth,Myron & E,r&b,0,0
Halbes Kilo Gold,Milonair,rap,0,0
Everybody,Home Brew,r&b,0,0
Know Til Now - Pixelated Remix,Jim James,r&b,0,0
Hate N' Love,LIUFO,edm,0,1
Droppin Hard,The First Station,edm,0,0
Who Do You Love,George Thorogood & The Destroyers,rock,0,0
Power,Pompeya,r&b,0,0
This Corrosion,Diane Birch,r&b,0,0
Without Love,Nikka Costa,r&b,0,1
Watching The World,Surahn,r&b,0,0
Finally Yours,Giovanca,r&b,0,1
It's Too Late,The Excelsiors,r&b,0,1
Haramstufe Rot,Hanybal,rap,0,0
Fick dich,Hanybal,rap,0,0
P's & Q's,Reggie P,rap,0,1
Hold on,Henrik B,edm,0,0
In-A-Gadda-Da-Vida - Single Version,Iron Butterfly,rock,0,1
I Need Your Love,Jack Wins,edm,0,0
Run Through The Jungle,Creedence Clearwater Revival,rock,0,0
Sorry,Chester Young,edm,0,0
Let It Go,Paige,edm,0,0
Tubes,Aneesh Chengappa,edm,0,0
Ese Amor (feat. Jimmy Dub),Andeeno Damassy,latin,0,0
Jamie's Cryin',Van Halen,rock,0,0
Fool For You,Alice Smith,r&b,0,0
Famous,Selah Sue,r&b,0,0
Don't Go Away,Johnny O.,latin,0,0
Deuces Remix,Chris Brown,r&b,0,0
Fizzle,AchtVier,rap,0,0
Waffenfreiezone,Nate57,rap,0,0
Kein Rückwärtsgang,Celo & Abdi,rap,0,0
Madan - Exotic Disco Mix,Salif Keita,edm,0,0
Big Love - Eat Me Edit,Pete Heller,edm,0,0
La piscine (Voilaaa Remix),Hypnolove,edm,0,0
Back In The Days,Coeo,edm,0,1
Closer,Project Pablo,edm,0,0
It's You - Ron Basejam Remix,The White Lamp,edm,0,1
Azzlack Harami,Milonair,rap,0,0
No Sleep,Bougenvilla,edm,0,0
Underground,Pep & Rash,edm,0,0
Hoy Se Bebe (feat. Farruko),Pitbull,latin,0,0
Going In Circles,Myron & E,r&b,0,1
Over And Over,Sylvester,edm,0,0
Stay,The Black Madonna,edm,0,0
Zahnlücke,Veysel,rap,0,0
My Sidepiece Reply,Various Artists,rap,0,0
With Me Now,Blacklite District,rock,0,0
Chick On the Side Remix,The Louisiana Blues Brothas,rap,0,1
Idlip,Imago,rock,0,1
Take the Time,Lia Marquis,latin,0,0
If Ever,Da A Clan,latin,0,1
Girl You Hear me Crying,N.V.,latin,0,0
You're the One for Me,April,latin,0,0
The Way She Looks At Me,N.V.,latin,0,1
Free My Love,Intonation,latin,0,0
Some Kind Of Love,N.V.,latin,0,0
Easy Does It,Harrison BDP,edm,0,1
Way Back Home - Fouk Remix,Kraak & Smaak,edm,0,1
Orchard - Original Mix,Fouk,edm,0,1
Cerrone's Paradise,Cerrone,edm,0,0
Summer Groove,The Joneses,edm,0,0
I Want You,Julie Myers,latin,0,0
In Paradise,Laissez Faire,latin,0,0
Dream Boy / Dream Girl,Johnny O.,latin,0,0
Nothing Matters,Christian Gregory,r&b,0,1
Wild Side,Cross My Heart Hope To Die,r&b,0,0
Lost,Kellylee Evans,r&b,0,1
Clean the House,Fat Freddy's Drop,r&b,0,0
This Thing,D'Nell,r&b,0,0
Move On Up,The Dynamics,r&b,0,0
When It Hurts so Bad,Ms. Lauryn Hill,r&b,0,1
Another Love,Alice Smith,r&b,0,1
Paradise (What About Us?) [feat. Tarja],Within Temptation,rock,0,0
Yeah Yeah (feat. Young Thug),Travis Scott,rap,0,1
Bullet,Rich Gang,rap,0,1
Enough,Flume,rap,0,0
What If I Was Nothing,All That Remains,rock,0,0
Beautiful Boy (Darling Boy),John Lennon,rock,0,1
Silky Soul,Maze,r&b,0,0
All I Do Is Cry,Baby Doll,latin,0,1
One Last Kiss,Julie,latin,0,0
Disciples,Stee Downes,r&b,0,0
Go Home,Sovieti,edm,0,1
U Do It For Me,Algebra Blessett,r&b,0,0
Each Day Gets Better,John Legend,r&b,0,1
So High,John Legend,r&b,0,1
Large Bag,Fly Ty,rap,0,0
SippinTeaInYoHood,XXXTENTACION,rap,0,0
Waverunners,dopeSMOOTHIES,rap,0,1
Love the Way You Hate Me,Like A Storm,rock,0,0
Electric Halo,Kyng,rock,0,0
If Anything At All,Cathercist,rock,0,0
Try to Fight It,Shallow Side,rock,0,0
I Know You Want To - Baltra Remix,DJ Boring,edm,0,0
Arroz Con Pollo,Maxwell,r&b,0,1
Set Me on Fire,Flyleaf,rock,0,0
Say It,Evans Blue,rock,0,0
Glock,Mall Grab,edm,0,1
The Bleeding,Five Finger Death Punch,rock,0,0
What You Want,Evanescence,rock,0,0
Call Me,In This Moment,rock,0,0
This Is the Time (Ballast),Nothing More,rock,0,0
Room To Breathe,You Me At Six,rock,0,0
Rise Up,Saliva,rock,0,0
Die For You,Otherwise,rock,0,0
Go Round (feat. Lil Yachty),Rahmeen,rap,0,1
U-RITE,THEY.,rap,0,0
Tug of War,Algebra Blessett,r&b,0,0
My Pride,Algebra Blessett,r&b,0,0
Run and Hide,Algebra Blessett,r&b,0,0
You Don't Know Me (feat. Duane Harden) - Radio Edit,Armand Van Helden,pop,0,0
Talk About It,Bancali,pop,0,1
Cry,The Used,rock,0,0
Makaveli,DJ Max Star,rap,0,0
NEVER,JID,rap,0,0
In The Nights,Damion,rap,0,0
Pimp Like Me,D12,rap,0,0
Girls,D12,rap,0,1
Painkiller,Three Days Grace,rock,0,0
Heaven,John Legend,r&b,0,0
Mull Of Kintyre,Wings,rock,0,1
Heart Of The Country,Paul McCartney,rock,0,1
Girl You Need A Change Of Mind,D'Angelo,r&b,0,0
When We Get By,D'Angelo,r&b,0,1
Jonz In My Bonz,D'Angelo,r&b,0,1
Do You Remember,Ballin Entertainment,latin,0,0
From Earth To Heaven,Ballin Entertainment,latin,0,0
I'll Never Forget You,Ballin Entertainment,latin,0,1
Take Me In Your Arms Again,Ballin Entertainment,latin,0,0
Another Day,Paul McCartney,rock,0,1
Ode To Nujabes,Funky DL,r&b,0,0
Dangerous (Feat. Howard Jones),Within Temptation,rock,0,0
Drop The Bomb On 'Em,Eminem,rap,0,0
Spend Some Time,Eminem,rap,0,0
Fish N Grits (feat. Travis Scott),Wale,rap,0,0
Both (feat. Drake & Lil Wayne) - Remix,Gucci Mane,rap,0,0
Eyes Closed,Tyga,rap,0,0
To the Max,DJ Khaled,rap,0,0
Lotto,Rotimi,rap,0,0
Loyalty,D12,rap,0,0
DOPE,T.I.,rap,0,0
Turn Me Down,GASHI,rap,0,0
Top Lookin Down,Yo Gotti,rap,0,0
Happy Feelin's,Ledisi,r&b,0,1
My Love,Paul McCartney,rock,0,1
Uncle Albert/Admiral Halsey,Paul McCartney,rock,0,1
Helen Wheels,Paul McCartney,rock,0,0
Gangsta Of Love,Ballin Entertainment,latin,0,0
Who's Got Your Love,Ballin Entertainment,latin,0,0
Watching The Wheels,John Lennon,rock,0,1
The Back Seat Of My Car,Paul McCartney,rock,0,1
Time After Time,Ballin Entertainment,latin,0,1
For the First Time,Vilma Gil,latin,0,0
Got Me Loving You,Cheree,latin,0,0
Crimes Of love,N.V.,latin,0,1
In Paradise,Ballin Entertainment,latin,0,1
Dreamboy,Ballin Entertainment,latin,0,1
Party Your Body,Ballin Entertainment,latin,0,0
Dance Thru The Night,Ballin Entertainment,latin,0,0
Just Cant Get Over You,Ballin Entertainment,latin,0,1
Give Me All Your Love,Ballin Entertainment,latin,0,0
Forever,Ballin Entertainment,latin,0,0
U Were Meant For Me,Ballin Entertainment,latin,0,0
Vicious - Original Mix Edit,Ibranovski,edm,0,0
Changes,G-Unit,rap,0,1
Superlove (Avicii vs. Lenny Kravitz) - Radio Edit,Avicii,edm,0,0
Chinatown,Thin Lizzy,rock,0,0
Breathe - Original Mix,Borgeous,edm,0,0
Lights Out - 2008 Remastered Version,UFO,rock,0,0
Shoot Shoot - 2007 Remastered Version,UFO,rock,0,0
The Rocker,Thin Lizzy,rock,0,0
Don't Believe A Word,Thin Lizzy,rock,0,0
Guitar Track,Sander Van Doorn & Firebeatz,edm,0,0
Now & Forever,Ballin Entertainment,latin,0,0
So In Love,Ballin Entertainment,latin,0,1
Diamond Girl,Ballin Entertainment,latin,0,0
Give Me A Reason,Ballin Entertainment,latin,0,1
Funky Melody,Ballin Entertainment,latin,0,1
Echo,Bad Meets Evil,rap,0,0
Take From Me,Bad Meets Evil,rap,0,0
Black Ice,Boaz,rap,0,0
Marijuana - Album Version (Edited),Kid Cudi,rap,0,1
Weed Nap (Prod. by Sayez),Boaz,rap,0,0
Warrior Part 2,Lloyd Banks,rap,0,0
Piggy Bank,50 Cent,rap,0,0
Spear - Original Mix,Sick Individuals,edm,0,0
Platinum Chains,Michael Woods,edm,0,0
Next Level - Nicky Romero Edit,John Christian,edm,0,0
Ghosts (feat. Melissa Ramsay) [Extended Mix],Feenixpawl,edm,0,0
Starlight (Could You Be Mine) [Otto Knows Remix],Don Diablo,edm,0,0
Ocarina,Dimitri Vegas & Like Mike,edm,0,0
Invincible - Original Mix,Borgeous,edm,0,0
I Want Your Love,Ballin Entertainment,latin,0,0
I Don't Need Your Love,Ballin Entertainment,latin,0,0
All Broken Hearted,Ballin Entertainment,latin,0,0
Be Sure,Ballin Entertainment,latin,0,0
Always & Forever,Ballin Entertainment,latin,0,0
Don't Turn Your Love Away,Ballin Entertainment,latin,0,0
Wildfire - Radio Edit,Borgeous,edm,0,0
Big Bang - Original Mix,twoloud,edm,0,0
Hello,Eminem,rap,0,0
My Darling,Eminem,rap,0,0
Love Gun,KISS,rock,0,0
Parasite,KISS,rock,0,0
Move To The Rhythm - Original Mix,Tiësto,edm,0,0
Escape (Into The Sunset) - Radio Mix,Quintino,edm,0,0
Good Enough - Original Mix,HIIO,edm,0,0
Get Loose - Tiësto Remix,Showtek,edm,0,0
Fireball,Deep Purple,rock,0,0
Dominance and Submission,Blue Öyster Cult,rock,0,1
True Confessions,Blue Öyster Cult,rock,0,0
2112 Overture / The Temples Of Syrinx - Chronicles Version,Rush,rock,0,0
The Wizard,Uriah Heep,rock,0,1
Fantasy Girl,Ballin Entertainment,latin,0,0
Remember,Ballin Entertainment,latin,0,0
Epic,Sandro Silva,edm,0,0
Love Is Like Oxygen,Sweet,rock,0,0
Fox On The Run,Sweet,rock,0,0
I Stole Your Love,KISS,rock,0,0
Rock This Party - London 909's Vocal Mix,Bob Sinclar,edm,0,0
Digital Scale,G-Unit,rap,0,0
I Don't Fuck With You,G-Unit,rap,0,0
Pilot,50 Cent,rap,0,0
Smoke,50 Cent,rap,0,0
Mystery Repeats,Pete Philly & Perquisite,rap,0,0
Ms. Hill,Talib Kweli,rap,0,0
Sexy Lady - Club Mix,DJ Jean,edm,0,0
Cream - Original Version,Federico Franchi,edm,0,0
When The Lights Turn Off - New Radio Mix,Spencer & Hill,edm,0,0
Space - Klaas Bigroom Remix,Micha Moor,edm,0,0
Memory - Klaas Radio Mix,Fragma,edm,0,0
Make You Feel - Klaas Stomp Mix,Klaas,edm,0,0
Hands Up (Original Mix),Meck,edm,0,0
The One - Joachim Garraud & David Guetta Remix,Sharam featuring Daniel Bedingfield,edm,0,0
This Is Miami - Original,Sander Kleinenberg,edm,0,0
Sweet Dancer,Mr Absolutt,rock,0,0
And I Love Her - Live On MTV Unplugged,Paul McCartney,rock,0,1
Rise up - Club mix,Yves Larock,edm,0,0
Shining Star (Pornocult Vocal Mix),Getfar,edm,0,0
A Walk In The Park (Original Club Mix),Conways feat. The Nick Straker Band,edm,0,0
One Stop Love - Radio Mix,Spencer & Hill,edm,0,0
You Used To Hold Me - Avicii Remember Remix,D.O.N.S. feat. Terri B.,edm,0,1
Just For One Day (Heroes) (Extended Version),David Guetta,edm,0,0
No Stress,Laurent Wolf feat. Eric Carter,edm,0,0
Partouze,Steve Angello & Sebastian Ingrosso,edm,0,0
Freeloader - Spencer & Hill Radio Edit,Dave Darell,edm,0,0
Kom säger dom,Familjen,edm,0,0
Shine On (Heiko & Maiko's Gute Laune Radio Edit),Sunloverz,edm,0,0
Summer Of Love - Ian Carey Radio Remix,Sunloverz,edm,0,0
Dreamer - Dave Ramone Club Mix,Niels Van Gogh,edm,0,0
This Is Miami - Cedric Gervais Not Ibiza Remix,Sander Kleinenberg,edm,0,0
We Interrupt This Programme,Coburn,edm,0,0
Cry For You (Spencer & Hill remix),September,edm,0,0
I Won´t Hold You Back - Big Room Edit,Stereoboys,edm,0,0
Yeke Yeke - Original Mix,Picco,edm,0,0
Rock Down To (Electric Avenue) (Radio Version),Velvet,edm,0,0
Destination Calabria (Edit),Alex Gaudino,edm,0,0
Wiggle It - Darwich's Bump Mix,Kevaz,edm,0,0
Røgmaskine - Edit,Morten Hampenberg & Alexander Brown,edm,0,0
Let Me Be Real,Fedde Le Grand feat. Mitch Crown,edm,0,0
Housetrap - Original,Laidback Luke,edm,0,1
Your Love - Club Mix,Culture Beat,edm,0,0
Slave (Turn Up The Music) - Max Farenthide RMX,Vinylshakerz,edm,0,0
This Time - Klaas Remix Edit,DJ Antoine,edm,0,0
Huvudet I Sanden (feat. Adam Tensta,Familjen,edm,0,0
Dancin - Radio Edit,Ali Payami,edm,0,0
Love's Gonna Get You - Ron Rockwell Remix,Michael Mind,edm,0,0
100% Pure Love - Spencer & Hill Remix,Selda,edm,0,0
WW III,Ruff Ryders,rap,0,0
Let Me In,Young Buck,rap,0,0
Dip And Fall feat. Natalie Storm,Enur,edm,0,0
Gwaan feat. Natalie Storm,Enur,edm,0,0
Whine feat. Beenie Man & Natalie Storm,Enur,edm,0,0
It's your life (feat. Chris Willis),David Guetta,edm,0,0
Sound Of Letting Go (feat. Chris Willis),David Guetta,edm,0,0
I Don't Like It - Electric Club Mix,Peeet,edm,0,0
Deep Fear - Phobia Radio Edit,Sidekick,edm,0,1
Fireblazin,Capital Kings,edm,0,0
What A Beautiful Name - Y&F Remix,Hillsong Worship,edm,0,0
Into Your Arms (Eli Ramzy Remix),Capital Kings,edm,0,0
This Is Not a Test (Capital Kings Remix) [feat. Tobymac],Capital Kings,edm,0,0
Northern Sky (feat. Kb),Capital Kings,edm,0,0
Forever,Capital Kings,edm,0,0
Free (feat. T-Jay),GAWVI,edm,0,1
Still Got Me (feat. Jocelyn Bowman),GAWVI,edm,0,0
Late Nights,GAWVI,edm,0,0
In the Water,GAWVI,edm,0,0
I Can't Quit (feat. Reconcile),Capital Kings,edm,0,0
Holiday - MyKidBrother Remix,Britt Nicole,edm,0,0
Everything I Do - Folamour Jazzy Revibe,Guri,edm,0,0
Immortal - Edited Version,Kid Cudi,rap,0,0
"OK, You're Right",50 Cent,rap,0,0
GATman And Robbin,50 Cent,rap,0,0
A Day In My Life (Without You),Lisette Melendez,latin,0,0
All My Love,Ballin Entertainment,latin,0,1
Misery,Ballin Entertainment,latin,0,1
Ecstacy,Ballin Entertainment,latin,0,0
Sounds Of Heart Break,Ballin Entertainment,latin,0,0
Wait For U,Ballin Entertainment,latin,0,1
Promise Me,Ballin Entertainment,latin,0,1
Paradise,Ballin Entertainment,latin,0,0
By Your Side,Ballin Entertainment,latin,0,0
Hard 2 Get,Ballin Entertainment,latin,0,0
All I Do Is Cry,Ballin Entertainment,latin,0,0
Alive (Remix),Hillsong Young & Free,edm,0,0
Love With Your Life (Capital Kings Remix),Hollyn,edm,0,0
All the Way (Neon Feather Remix),Capital Kings,edm,0,0
Relentless (Young & Free Remix),Hillsong Young & Free,edm,0,0
Love Is on Our Side,Capital Kings,edm,0,0
Satellites,Capital Kings,edm,0,0
Something Bout U,GAWVI,edm,0,0
In the Wild,Capital Kings,edm,0,0
Closer,GAWVI,edm,0,0
Upgraded,Capital Kings,edm,0,0
Afterlight,Capital Kings,edm,0,0
Almost Human,KISS,rock,0,0
Diamonds and Rust,Judas Priest,rock,0,0
It's Alright,Black Sabbath,rock,0,1
Looking for Today,Black Sabbath,rock,0,1
After Forever,Black Sabbath,rock,0,1
Tomorrow's Dream,Black Sabbath,rock,0,1
Trampled Under Foot - 2007 Remastered Version,Led Zeppelin,rock,0,0
About Last Night,Miguel Reyes,latin,0,1
Oxygen,FreeG,edm,0,0
Glow In The Dark - Grapishsoda Remix,Family Force 5,edm,0,0
Cake,Lloyd Banks,rap,0,0
I Just Wanna Party,YG,rap,0,1
"Left, Right",YG,rap,0,0
Meet The Flockers,YG,rap,0,1
I'll Whip Ya Head Boy,50 Cent,rap,0,0
We All Die One Day,Obie Trice,rap,0,0
F.U.T.W.,JAY-Z,rap,0,0
Only In Dreams,Ballin Entertainment,latin,0,0
In A Dream,Ballin Entertainment,latin,0,0
Love,The Globetroddas,r&b,0,1
Def,Latmun,edm,0,0
DJs Gotta Dance More - Illyus & Barrientos Remix,A-Trak,edm,0,0
Tell Me Boy/Tell Me Girl,Denine,latin,0,0
Versatil,Némesis,latin,0,0
Witrapaiñ ”Estamos de Pie”,Portavoz,latin,0,0
Escribo Rap Con R de Revolución,Portavoz,latin,0,0
Desde,Portavoz,latin,0,1
No Van Pal Baile,Portavoz,latin,0,0
Puetas Subterráneos,Portavoz,latin,0,0
Rocas (feat. Portavoz & Stailok),Jesteinritmos,latin,0,0
If You Wouldn't Mind,2nd Exit,r&b,0,1
I Remember You,Denine,latin,0,1
Wide Awake - Chris Howland Remix,Joel Vaughn,edm,0,0
HIT THE LOTTO,GAWVI,edm,0,1
High Note,GAWVI,edm,0,0
Desire (feat. Darrein Safron),GAWVI,edm,0,0
Diamonds,GAWVI,edm,0,0
Live for the Drop,Capital Kings,edm,0,0
Share This Moment,Pain,latin,0,1
Bring Me Back,Pure Pleasure,latin,0,0
Tonight,Sammy C,latin,0,0
Road Trips,Kyle Watson,edm,0,1
Deep Inside,LOthief,edm,0,0
Jam - Mat.Joe's Pump It Remix,Vangelis Kostoxenakis,edm,0,0
Picasso Baby,JAY-Z,rap,0,0
The Format,AZ,rap,0,0
What's Up Fatlip,Fatlip,rap,0,0
De Formule,De Jeugd Van Tegenwoordig,rap,0,0
Strange Clouds - feat. Lil Wayne,B.o.B,rap,0,0
Een Barkie,De Jeugd Van Tegenwoordig,rap,0,0
Je Weet Et,Thc,rap,0,0
Tearshed '93,Denine,latin,0,0
I Only Wanted To Love You,Denine,latin,0,0
Sacar la Voz,Ana Tijoux,latin,0,1
To You,Robin Schulz,edm,0,0
Drop That,Loge21,edm,0,0
Pregnant,Malaa,edm,0,0
Glory - Extended,Michaell D,edm,0,0
I'm Yours,Influencers Worship,pop,0,0
Since You're Gone,Samantha Gervasio,latin,0,0
Life Goes On,The Innocence,latin,0,0
My Lost Love,Jonelle,latin,0,0
One More Romance,Bobby Delante,latin,0,0
Open Up Your Heart,Samantha,latin,0,0
crazy Nights 狂気夜,Future Girlfriend 音楽,r&b,0,0
Small City,Future Girlfriend 音楽,r&b,0,0
Just What You Feelin (feat. Sen Dog & Tetsuya Nakamura),Kemo The Blaxican,latin,0,0
Touch It - Album Version/Vocal Up,Busta Rhymes,rap,0,0
Already Home [Jay-Z + Kid Cudi],JAY-Z,rap,0,0
Perfect Lord - Michaell D Remix,Look Project DJ,edm,0,0
Ituloy Mo Lang,Siakol,rock,0,0
This Guy's In Love With You Pare,Chito Miranda,rock,0,0
High So High (feat. Marilyn Rylander),South Park Mexican,latin,0,0
Sketches of Pain,Audible Mainframe,r&b,0,1
Weekend,Jordan Burns,edm,0,1
Boom,RICCI,edm,0,0
Another Beautiful Day,Felly,r&b,0,1
Asi Yo Soy,Zaturno,latin,0,0
Eastside Drama,Brownside,latin,0,0
I Like It,Mr. Capone-E,latin,0,0
Akap,Imago,rock,0,1
Porque,Maldita,rock,0,1
Blatant Plagiarism,GHOST DATA,r&b,0,0
Night Cruise,T-SQUARE,r&b,0,0
Love In An Elevator - Single Version,Aerosmith,rock,0,0
Sigue Latiendo,Pseudónimo,latin,0,0
Mextasis,Simpson Ahuevo,latin,0,0
Abarajame,Illya Kuryaki & The Valderramas,latin,0,0
"Loca People (What the F**k!"") - Radio Edit",Sak Noel,latin,0,0
Pink Dance ピンクのダンス,Future Girlfriend 音楽,r&b,0,0
Famous - Riggi & Piros Remix,Borgeous,edm,0,0
Armed and Ready - 2009 Remastered Version,Michael Schenker Group,rock,0,0
ストーカー,LemKuuja,r&b,0,0
Golden Funky Groove,LemKuuja,r&b,0,0
Ai じゃ ない,LemKuuja,r&b,0,0
Let's Go Out Somewhere,LemKuuja,r&b,0,0
Things That You Do,LemKuuja,r&b,0,0
November,LemKuuja,r&b,0,0
Keep On Baby!,LemKuuja,r&b,0,0
Hollywood,LemKuuja,r&b,0,0
Andamos Armados,Control Machete,latin,0,0
241 (My Favorite Song),Rivermaya,rock,0,1
Antigravity,Khrebto,edm,0,0
Real,Notion,edm,0,0
Rest In Peace,Brownside,latin,0,1
Payback,Brownside,latin,0,1
Never Call Me,Jhené Aiko,r&b,0,1
Weekend,Yukihiro Takahashi,r&b,0,1
Playing Games,Miki J,r&b,0,0
Samishii Nettaigyo (Bonus Track) - Remastered 2013,Wink,r&b,0,0
Hypnosive,Zen/it,edm,0,0
Around The World,Aqua,pop,0,0
My Cloud,Joe Bataan,latin,0,1
Sureno Vida,Brownside,latin,0,1
You Keep Your Love Out Of My Reach,Mr. Shadow,latin,0,1
On To You (Remix),Marley Waters,latin,0,0
Brand New Day,Mano Ezoh,latin,0,0
"Bubble Butt (feat. Bruno Mars, 2 Chainz, Tyga & Mystic) - Radio Mix",Major Lazer,latin,0,0
Gasolina Budda Remix,Lil Jon,latin,0,0
Bucka (feat. Mr. Vegas),Lady Bee,latin,0,0
Gal Ting,Konshens,latin,0,0
Dance Again,Jennifer Lopez,latin,0,0
All For The Cash,Gang Starr,rap,0,0
Thug Motivation 101,Jeezy,rap,0,0
Gangsta Music,Jeezy,rap,0,0
Buss Yo' Head,Young Buck,rap,0,0
Say It To My Face,Young Buck,rap,0,0
ATF,DMX,rap,0,0
Higher,The Game,rap,0,0
Headshot,Breathe Carolina,edm,0,0
Premonitions,The Psycho Realm,latin,0,1
Take A Miracle,In The Parque,latin,0,1
Beautiful day (In San Diego),Young Sicc,latin,0,1
Nuestro Planeta (feat. Reykon),Kali Uchis,r&b,0,0
All Bad,JID,r&b,0,1
Coastin'feat. K. Flay - Dirty,Zion I,pop,0,0
Los Angeles,Bryce Vine,pop,0,0
Stardust,Lucas & Steve,edm,0,0
Thanks A Million,Jay Hardway,edm,0,0
Show Me Your Love,Firebeatz,edm,0,0
Play the Fool,Gramm Thomas,r&b,0,0
В каждый таз,БРАТУБРАТ,rap,0,0
Like A Boss,Kura,edm,0,0
Lollipop (Candyman),Aqua,pop,0,0
Contigo,Juan Magán,latin,0,0
Tentándome,Juan Magán,latin,0,0
Si No Te Quisiera,Juan Magán,latin,0,0
20 Años,Juan Magán,latin,0,0
Falling In Love - Spanglish Version,Juan Magán,latin,0,0
Como El Viento,Juan Magán,latin,0,0
Boomslang,Dualmind,edm,0,0
Warfare,Dualmind,edm,0,0
Money Maker - Mike Williams Remix,Throttle,edm,0,0
Next Level,7UBO,edm,0,0
If Only I Could - Radio Edit,Brooks,edm,0,0
Joyride,Bassjackers,edm,0,0
East Clintwood,Ostblockschlampen,edm,0,0
Scio,Jay Hardway,edm,0,0
Old School,Sikdope,edm,0,0
Surprise Yourself - GRYFFIN x Manila Killa Remix,Jack Garratt,latin,0,0
Turbo Lover,Judas Priest,rock,0,0
Detroit Rock City - Edit,KISS,rock,0,0
Childsplay,IAMDDB,r&b,0,1
Something Wrong,Timeflies,pop,0,0
Arsonist - Original Mix,Firebeatz,edm,0,0
Всё нормально,Местный,rap,0,0
Realest N*ggas - Notorious B.I.G. & 50 Cent,Notorious B.I.G. & 50 Cent,rap,0,0
Piano Man,G-Unit,rap,0,0
Chase Da Cat,G-Unit,rap,0,0
Party Ain't Over,G-Unit,rap,0,0
U Not Like Me,50 Cent,rap,0,0
Outta Control,50 Cent,rap,0,0
Do It Like Me,Young Buck,rap,0,0
I Will,Alison Krauss,r&b,0,1
"It's Alright Ma, I'm Only Bleeding",The Duhks,r&b,0,1
Heaven,Platon Emil,latin,0,0
Bae - KVR Remix,Marcus & Martinus,latin,0,1
Kinetic (Original Mix),Jay Eskar,edm,0,0
V.I.P. (feat. The Product G&B),Kay One,latin,0,0
Jumping Jack,Justin Mylo,edm,0,0
Don't Need No Money,Merk & Kremont,edm,0,0
Float On,Ben Lee,r&b,0,1
Loser,The Cleverlys,r&b,0,0
Когда мы вошли,Blvckross,rap,0,0
Your Disease,Saliva,rock,0,0
Shout It Out Loud,KISS,rock,0,0
Hold It Down (feat. Micah Martin),Brooks,edm,0,0
Amsterdam (AMF 2016 Anthem),Jay Hardway,edm,0,0
Escape From Love - Curbi Remix,Eva Simons,edm,0,0
Mode - Jay Hardway Remix,Bingo Players,edm,0,0
Somnia,Jay Hardway,edm,0,0
Mamo,Florian Picasso,edm,0,0
White Clouds - Radio Edit,DVBBS,edm,0,0
Bells At Midnight - Radio Edit,Thomas Newson,edm,0,0
All This Love,Alesso,edm,0,0
Ace of Spades,Lisa LeBlanc,r&b,0,0
Groovy George,Mike Williams,edm,0,0
Turn Me Up - ViP Mix,MOTi,edm,0,0
Sweet & Sour,Mike Williams,edm,0,0
Backlash - Martin Garrix Edit,DubVision,edm,0,0
Work,Charlotte Day Wilson,r&b,0,1
Ur Highness,IAMDDB,r&b,0,0
Before The Funeral,Elli Ingram,r&b,0,0
Table For Two,Elli Ingram,r&b,0,1
Back to You,Manse,edm,0,0
People I Love (Club Mix) - Spotify Edit,Sick Individuals,edm,0,0
Whine Up - Wideboys House Remix Radio Edit,Chloé Gisele,edm,0,0
Daylight,Yves V,edm,0,0
Children Of The Wild (feat. Mako),Steve Angello,edm,0,0
Born To Run,Afrojack,edm,0,0
Raveheart - Original Mix,DVBBS,edm,0,0
Origami - (Original Mix),Florian Picasso,edm,0,0
Wake Up - Radio Edit,Jay Hardway,edm,0,0
Rage - Original Mix,Sander van Doorn,edm,0,0
Burn - Original Mix,KSHMR,edm,0,0
Asayake,CASIOPEA,rock,0,1
Donde vas (Latin Village 2017 Anthem),D-Rashid,latin,0,0
Butterflies,Myon,edm,0,0
Get Lucky,The Beef Seeds,r&b,0,0
The Science of Myth,Old Man Markley,r&b,0,0
Walk This Way,Hayseed Dixie,r&b,0,1
Gentle On My Mind,John Mailander,r&b,0,1
Old Man,The Wailin' Jennys,r&b,0,1
Wake Up,Fetty Wap,rap,0,0
Alright,Jayceeoh,edm,0,0
Bust Dem - Original Mix,Henry Fong,edm,0,0
Just Some Loops - Original Mix,Martin Garrix,edm,0,0
Torrent,Sidney Samson,edm,0,0
Every Little Beat (feat. Allie Crystal),Anthem Academy,pop,0,0
In My Blood,Alesso,edm,0,0
Illuminate,Afrojack,edm,0,0
If It Wasn't For You,Alesso,edm,0,0
I Found Your Heart,DubVision,edm,0,0
Hollow,DubVision,edm,0,0
Higher Place (feat. Ne-Yo) - Afrojack Remix,Dimitri Vegas & Like Mike,edm,0,1
Heartbeat - Radio Edit,John Dahlbäck,edm,0,0
Freedom,Afrojack,edm,0,0
Fireflies - Radio Edit,John Dahlbäck,edm,0,0
Gold,Apollo LTD,pop,0,0
James Joint,Rihanna,r&b,0,1
Paiso,Hans Grants,latin,0,1
Catalina,Merdan D,latin,0,0
Midnight Rendezvous,CASIOPEA,rock,0,1
Space Road,CASIOPEA,rock,0,1
Wild + Free,Andrew Simple,pop,0,0
Tears,The Tragic Thrills,pop,0,1
You Are Holy,Lisa McClendon,r&b,0,1
Там и здесь,Bym,rap,0,0
Young Folks,Dawn Landes,r&b,0,1
До тла,Blvckross,rap,0,0
9H,Blvckross,rap,0,0
Раскидать нули,Bym,rap,0,1
Тартар,Blvckross,rap,0,0
Knock You Out,Bingo Players,edm,0,0
Why Does It Take,Jamie Jones,r&b,0,1
I'm So Glad,Jamie Jones,r&b,0,1
Forbidden Fruit,Nicole Chambers,r&b,0,1
Winter Sound - Bonus Track,Of Monsters and Men,pop,0,0
Love Myself,Hailee Steinfeld,pop,0,0
Still Alive,Lisa McClendon,r&b,0,0
Stars,Ummet Ozcan,edm,0,0
Soundwave - Radio Edit,R3HAB,edm,0,0
Only For Your Love - Corey James & Camarda Remix,Nicky Romero,edm,0,0
Странно,Местный,rap,0,0
Солдаты,Местный,rap,0,0
No Ordinary Love (feat. Lisa McClendon),Rawsrvnt,r&b,0,0
Love U Show,Jamie Jones,r&b,0,1
Summer Dayz,Jamie Jones,r&b,0,1
W.A.L,Valley,pop,0,1
"Sugar, You",Oh Honey,pop,0,0
Secrets,Jacob Whitesides,pop,0,0
Maria Lionza - Massivedrum Remix,Praia Del Sol,latin,0,0
Matan,Genairo Nvilla,latin,0,0
Better Man,Little Big Town,pop,0,0
Go,Grant Terry,pop,0,0
Outlaw - Original Mix,La Fuente,latin,0,0
Azumba,Gregor Salto,latin,0,0
Same Old Fool - Son!k Remix,TJR,edm,0,0
We'll Be Ok,Afrojack,edm,0,0
We Are The Ones - Radio Edit,twoloud,edm,0,0
Karusell - Original Mix,Leroy Styles,latin,0,0
Kintaro,Stefan Vilijn,latin,0,0
Follow The Sound - Edit,RoulnDoors,latin,0,0
Trouble (Feat. MC Spyder) - Original Mix,Wiwek,latin,0,0
Camino Del Sol,Nari & Milani,latin,0,0
Players,Brian Chundro,latin,0,0
Arcade - Original Mix,RoulnDoors,latin,0,0
But God,Isaac Carree,r&b,0,0
Otro Dia - Mastiksoul Album Mix,Gregor Salto,latin,0,0
Тархиб,ARVVB,rap,0,0
The Rain,DMX,rap,0,0
Thug 4 Life,2Pac,rap,0,0
The City,The Game,rap,0,0
Stunt 101,G-Unit,rap,0,0
Tenerife - Original Mix,Aldair Silva,latin,0,0
Back Together,Igor Neves,latin,0,0
Ipanema - Original Mix,Elio & Sylvester,latin,0,0
Usangi - Original Mix,Elio & Sylvester,latin,0,0
Down On This - Original Mix,RoulnDoors,latin,0,0
Xylofun,Reid Stefan,latin,0,0
Sleep Rider,K.D.S,edm,0,0
Stay Swing,Swingrowers,edm,0,0
When I'm Away,The Colourist,pop,0,0
Mood For Lovin',Freddy Moreira,latin,0,0
Cherry,Chromatics,pop,0,1
Me (Original Mix),Deorro,edm,0,0
The Legend,Ozo,edm,0,1
Android Porn,Kraddy,edm,0,1
In My Mind - Axwell Mix,Ivan Gough & Feenixpawl feat. Georgi Kay,edm,0,0
Hell Yeah!,Tiësto & Showtek,edm,0,0
The Viking (Original Mix),Will Sparks,edm,0,0
Ah Yeah - Original Mix,Will Sparks,edm,0,0
The End (Original Mix),Tommy Trash,edm,0,0
Keep On Shining,Silvio Luz,latin,0,0
When You Come Home,Trevor Dahl,pop,0,0
Truth,Chris Lewis,r&b,0,1
Not Right Now,Green Tea,r&b,0,1
Who Would've Thought,Green Tea,r&b,0,1
Pair of Dice (Radio Edit),Tiësto,edm,0,0
Twerk Anthem - Original Mix,Tony Junior,edm,0,0
Indigo,JDG,edm,0,0
Ode To Oi - Crookers Remix,TJR,edm,0,0
Thank U,Jamie Jones,r&b,0,1
The Dayz,Jamie Jones,r&b,0,1
So I,Jamie Jones,r&b,0,0
Soul Tied,Green Tea,r&b,0,1
People Be Watchin,Green Tea,r&b,0,0
Blue Shift,Lemaitre,pop,0,1
Claroscuro,Soda Stereo,rock,0,0
push pull,Purity Ring,pop,0,0
Cool Like Me,Fryars,pop,0,0
De Música Ligera (Live),Soda Stereo,rock,0,0
Cae El Sol,Soda Stereo,rock,0,0
Primavera 0,Soda Stereo,rock,0,0
Un Millon De Años Luz,Soda Stereo,rock,0,0
Cuando Pase El Temblor - En Vivo,Soda Stereo,rock,0,0
Te Para Tres,Soda Stereo,rock,0,1
Fat Sumo - Original Mix,Rene Rodrigezz,edm,0,0
Hype - Original Mix,Deorro,edm,0,0
Revolution - Vocal Mix,R3HAB,edm,0,0
Lights Of Neon,Sick Individuals,edm,0,0
More (Blasterjaxx Remix),Laidback Luke,edm,0,0
Thunder - Radio Mix,W&W,edm,0,0
Lust - Reggaeton Mix,Wayne Dreadski,latin,0,0
It's Okay (One Blood),The Game,rap,0,0
Top Down - Main,Swizz Beatz,rap,0,0
Praise You (Chill Mix),King Arthur,latin,0,0
Story Of Envy,K-391,edm,0,0
Tomorrowland,Matthew Nash,edm,0,0
Luna Roja,Soda Stereo,rock,0,0
Planeador,Soda Stereo,rock,0,1
Disco Eterno,Soda Stereo,rock,0,0
In the Morning,Deonna Martin,r&b,0,1
Funny Habit,Deonna Martin,r&b,0,1
Something Good Can Work (The Twelves Remix),Two Door Cinema Club,pop,0,0
The Friendly Sound,Lemaitre,pop,0,0
Beautiful,Moby,rock,0,0
Get Up - Original Mix,HIIO,edm,0,0
Unstoppable - Vinai Remix,R3HAB,edm,0,0
Wasted - R3hab Remix,Tiësto,edm,0,0
The Munsta,SCNDL,edm,0,0
Standing In The Way Of Control,Gossip,rock,0,0
DVNO,Justice,rock,0,0
"What's The Frequency, Kenneth?",R.E.M.,rock,0,0
Still In Love,Shuya Okino,rock,0,0
Oh La La La (feat. Akon & J Rand) - Marco Cavax Tropical Mix,Carolina Marquez,latin,0,1
Indecision,Shura,pop,0,1
2Shy,Shura,pop,0,0
Sea Of Voices - RAC Mix,Porter Robinson,pop,0,0
Uma,Panama Wedding,pop,0,0
Te Quiero Ver,Ceaese,latin,0,0
More Than A...,Lisa McClendon,r&b,0,1
Has Anybody Seen Love?,Lisa McClendon,r&b,0,1
Go,Lisa McClendon,r&b,0,1
Hey Now,Lisa McClendon,r&b,0,1
Afro Trap Pt. 4 (Fais le mouv),MHD,rap,0,0
Baller Alert,Tyga,rap,0,0
FDT - Pt. 2,YG,rap,0,1
Trumpets - Radio Mix,Sak Noel,rap,0,0
Keep It Comin',Junior J,latin,0,0
Talking About Love,King Arthur,latin,0,0
L'indécision,Da Silva,rock,0,1
Money Note,Camille,rock,0,0
Stone,JOY.,pop,0,1
Walk Away,LANY,pop,0,1
At Your Touch,Joe Hertz,pop,0,1
So Cruel,Young Empires,pop,0,0
Cinnamon Girl,Neil Young,rock,0,0
Siren,SUNMI,pop,0,0
Bittersweet (ft. Quarterback) - Junior J Remix,Nicky Romero,edm,0,0
Slipping Away (Crier la Vie) [Radio Mix],Moby,rock,0,0
Man That I Used To Know,Apollo LTD,pop,0,0
Enjoy Ya Self,Slakah The Beatchild,r&b,0,1
Manifest ( The Foundation),Lisa McClendon,r&b,0,0
Now I Get It (The Revelation),Lisa McClendon,r&b,0,1
Alright (Song of the Sunrise),Lisa McClendon,r&b,0,0
Pause (Selah),Lisa McClendon,r&b,0,1
Breathe,Lisa McClendon,r&b,0,1
Circles,machineheart,pop,0,0
Blind Spot,Darkly,pop,0,1
Kukere,Iyanya,latin,0,0
My Shadow,Clubfeet,pop,0,0
Ego - Radio Edit,Willy William,rap,0,0
Bad Blood,Neil Sedaka,rock,0,0
Dancing Kizomba,Alx Veliz,latin,0,0
El Mismo Sol - Jan Leyk Remix,Alvaro Soler,latin,0,0
Volver a Amar Remix,Omy Alka,latin,0,0
Cure,Moonchild,r&b,0,1
Rumours,Ffion,r&b,0,1
Supernatural,Apollo LTD,pop,0,0
Breaks,Goldroom,pop,0,0
Magic,Vacation Manor,pop,0,0
I Know,Bayonne,pop,0,1
The Weight,Mavrick,pop,0,1
Constant Surprises,Little Dragon,r&b,0,0
Bell Bottom Blues - 40th Anniversary Version / 2010 Remastered,Derek & The Dominos,rock,0,1
Runaway - Maths Time Joy Remix,Electric Youth,pop,0,1
Cool Blue,The Japanese House,pop,0,1
Slow Motion,DJ Dow Jones,rap,0,0
Fool for the Last Time,SRTW,latin,0,0
Feelin' Alright,Joe Cocker,rock,0,1
Suffragette City - 2002 Remastered Version,David Bowie,rock,0,0
Moon Light Feels Right,Starbuck,rock,0,1
Infinite High,Panama Wedding,pop,0,0
You Take My Breath Away,Rex Smith,rock,0,1
Magnet And Steel (Re-Recorded),Walter Eagan,rock,0,1
Loudspeaker,MUNA,pop,0,0
Kick In The Door,The Notorious B.I.G.,rap,0,0
Hustler's Ambition,50 Cent,rap,0,0
Heavy Artillery,The Game,rap,0,0
One Wish,Ray J,r&b,0,0
Love Don't Cost a Thing,Jennifer Lopez,r&b,0,0
Love Like Mine,Miami Horror,pop,0,0
Glue,Fickle Friends,pop,0,0
Sugar,Fickle Friends,pop,0,0
One In A Million,Apollo LTD,pop,0,0
Su Hijo Soy,Eddy Walker,latin,0,1
Wolf,Skott,pop,0,1
Detune,Kaleida,pop,0,1
Save Me,Majik,pop,0,1
Still In Love With You,Norma Jean Martine,pop,0,0
Caged,Charlene Soraia,pop,0,0
The Walker,Roberto Capuano,edm,0,1
Anywhere We Go,Kaptan,pop,0,0
Falling In Love,Crystal Bats,pop,0,0
"Smile Mama, Smile",Rick Ross,rap,0,0
One Of Us,Rick Ross,rap,0,0
Carol City,Rick Ross,rap,0,0
Money Dance,Rick Ross,rap,0,0
Done - R3hab Remix,Nikki Vianna,edm,0,0
Halfway To Heaven,Panama Wedding,pop,0,0
Lifetime - Uncut,Maxwell,r&b,0,0
You're My Baby,Robin Thicke,r&b,0,1
4EVER!,LANY,pop,0,0
Sure Boy,Rahsaan Patterson,r&b,0,0
Teach U a Lesson,Robin Thicke,r&b,0,1
Do You Feel The Way I Do,Rahsaan Patterson,r&b,0,0
Light Me Up,Flyte,pop,0,0
Comencé una Historia,Artury Pepper,latin,0,0
ESTAR BIEN,ZOE Worship,latin,0,0
Cuando Las Trompetas Suenen,Nexus Dj,latin,0,0
Celebramos - Artury Pepper Remix,Ariel Ramírez,latin,0,0
Miss You,Gabrielle Aplin,pop,0,0
Sixteen,Rick Ross,rap,0,0
Maybach Music IV,Rick Ross,rap,0,0
Ashamed,Rick Ross,rap,0,0
3 Kings,Rick Ross,rap,0,0
Pirates,Rick Ross,rap,0,0
Blessing In Disguise,Rick Ross,rap,0,0
Sanctified,Rick Ross,rap,0,0
Bitch Please II,Eminem,rap,0,0
"Biggie/Tupac Live Freestyle (Funkmaster Flex & Big Kap Feat. DJ Mister Cee, Notorious B.I.G & Tupac)",Funkmaster Flex,rap,0,0
Forest Fires,Fred V & Grafix,pop,0,0
Mi Dios Es Grande,Artury Pepper,latin,0,0
Aquí Como en el Cielo - Artury Pepper Remix,Job González,latin,0,0
Brinca [Michaell D Remix],Edu Linares,latin,0,0
Dreaming Of Love,Stevie B,latin,0,1
Paradise - Deniz Koyu Festival Mix,Nicky Romero,edm,0,0
Rhythm & Blues,The Head and the Heart,pop,0,0
27 Hours,BANKS,pop,0,0
To The Hilt,BANKS,pop,0,1
Poltergeist,BANKS,pop,0,1
Judas,BANKS,pop,0,1
Mother Earth,BANKS,pop,0,1
Weaker Girl,BANKS,pop,0,1
This Ain't the Way,Jeremy Passion,r&b,0,1
Love Yuh Everything,Alkaline,latin,0,0
Foreign Fields,Kacy Hill,r&b,0,1
Unaware,Allen Stone,r&b,0,1
Celebrate Tonight,Allen Stone,r&b,0,1
It's In The Mornin,Robin Thicke,r&b,0,1
Bridging the Gap,Nas,rap,0,0
I Can,Nas,rap,0,0
Got Ur Self A...,Nas,rap,0,0
Nobody,Rick Ross,rap,0,0
Rich Is Gangsta,Rick Ross,rap,0,0
"Boom (feat. MOTi, Ty Dolla $ign, Wizkid, & Kranium)",Major Lazer,latin,0,0
Galactic Funk,CASIOPEA,rock,0,1
Swear,CASIOPEA,rock,0,1
Twilight Solitude,CASIOPEA,rock,0,1
Coast to Coast,CASIOPEA,rock,0,1
The Continental Way,CASIOPEA,rock,0,1
Dog Years,Maggie Rogers,pop,0,1
Walking Away,Information Society,latin,0,0
I Found A Love - Single Version,Etta James,r&b,0,1
A Change Is Gonna Come,Sam Cooke,r&b,0,1
Syrup & Honey,Duffy,r&b,0,1
You The Boss,Rick Ross,rap,0,0
Ten Jesus Pieces,Rick Ross,rap,0,0
Touch'N You,Rick Ross,rap,0,0
Presidential,Rick Ross,rap,0,0
911,Rick Ross,rap,0,0
Amsterdam,Rick Ross,rap,0,0
This Is Not About Us,BANKS,pop,0,0
Trainwreck,BANKS,pop,0,0
Mind Games,BANKS,pop,0,1
Haunt,BANKS,pop,0,1
Cumbia,GAWVI,latin,0,0
Entre Tu y Yo,Don Omar,latin,0,1
North American Ride,Mallory Merk,pop,0,1
Tired,Adele,pop,0,0
Papa Don't Preach (Short Cut),"Tallak feat,Viv Gee",latin,0,0
Vamos a la Playa,Righeira,latin,0,0
Take Me,CASIOPEA,rock,0,1
Billy Boy,Vertical Mode,edm,0,0
Sad But True,Boris Brejcha,edm,0,1
Steam Roller,Paul Ritch,edm,0,0
Computer Music,Hidden Empire,edm,0,0
Greyzone (M. Fukuda Remix),Beatamines,edm,0,1
Good Cop Bad Cop,Ice Cube,rap,0,0
Feels Like Summer,Panama Wedding,pop,0,0
Neon,Frida Sundemo,pop,0,1
Sticky Leaves,Linying,pop,0,1
Paris 12,Linying,pop,0,1
Ultralife,Oh Wonder,pop,0,0
Hold You,Rio Diege,latin,0,1
Crime Wave,50 Cent,rap,0,0
So Seductive,Tony Yayo,rap,0,0
I Remember,The Game,rap,0,1
Celebration,The Game,rap,0,0
Jesus Piece,The Game,rap,0,0
Born In The Trap,The Game,rap,0,0
When I Hear Music,Debbie Deb,latin,0,0
One Way Love,TKA,latin,0,0
Chase,Giorgio Moroder,latin,0,1
Funky Little Beat,Debbie Deb,latin,0,0
Can You Feel the Beat,Lisa Lisa & Cult Jam,latin,0,0
Poke,Childish Gambino,pop,0,0
Broken Heart,Red Flag,latin,0,1
Mr. Angel,Tommy Newport,pop,0,0
Enjoy the Ride,Illa J,pop,0,0
Crush Culture,Conan Gray,pop,0,0
Thunderstruck,Cirez D,edm,0,0
The Sky Is The Limit,Boris Brejcha,edm,0,0
Do You Think About Me,50 Cent,rap,0,0
Conjunction,CASIOPEA,rock,0,0
Looking Up,CASIOPEA,rock,0,1
The Soundgraphy,CASIOPEA,rock,0,1
Misty Lady,CASIOPEA,rock,0,1
North Sea,CASIOPEA,rock,0,1
Eyes of the Mind,CASIOPEA,rock,0,1
Black Joke,CASIOPEA,rock,0,1
Hoshizora,CASIOPEA,rock,0,1
Domino Line,CASIOPEA,rock,0,0
The High Road,Joss Stone,r&b,0,0
Once,Maren Morris,r&b,0,0
Down up Beat,CASIOPEA,rock,0,1
El Segundo,Eddie M,edm,0,0
Growler,Markus Klee,edm,0,0
I Got Swag,50 Cent,rap,0,0
Outlaw,50 Cent,rap,0,1
I Like The Way She Do It,G-Unit,rap,0,0
Collapse - G-Unit Freestyle,G-Unit,rap,0,1
Beg For Mercy,G-Unit,rap,0,0
Shattered Dreams (Short Cut),Flowbee,latin,0,0
I Want You,Marce,latin,0,0
Dunkirk - Instrumental Album Version,Camel,rock,0,1
Flight Of The Snow Goose - Instrumental Album Version,Camel,rock,0,1
Migration - Instrumental Album Version,Camel,rock,0,1
Dancing With Tears In My Eyes (Short Cut),Tallak,latin,0,0
The Ghosts of Pripyat,Steve Rothery,rock,0,1
Between Extremes,Carptree,rock,0,1
A Life Within a Day,Squackett,rock,0,0
Smile - The Magician Remix,Gorgon City,latin,0,0
Fed Up,LVNDSCAPE,latin,0,0
Keep Me Hanging On (Short Cut),B.City Crew,latin,0,0
Don't Stop the Rock,Floor Bangas,latin,0,0
Rhayader - Instrumental Single Edit,Camel,rock,0,1
Deep Child,Solstice Coil,rock,0,0
In Exile,The Pineapple Thief,rock,0,1
Want,Angus Maude,pop,0,1
Hay Libertad - Remix,Art Aguilera,latin,0,0
Volaré - Artury Pepper Remix,T-Bone,latin,0,0
Impulso (feat. Funky),Evan Craft,latin,0,0
Let My Love,Tanya Montana Coe,r&b,0,1
Close To Me,G-Unit,rap,0,0
Holding On To You feat. Savoi - Halogen Remix,Two Can,latin,0,0
Land of Dust,Lowkey,edm,0,1
Bring Me Your Love (feat. THEA),Giraffage,pop,0,1
At Night (I Think About You),MNEK,pop,0,0
You,Seinabo Sey,r&b,0,1
Summertime,Sam Cooke,r&b,0,1
Climbing Walls,Strange Talk,pop,0,0
The Fleeting Deep,Carptree,rock,0,0
Idyll,Amarok,rock,0,1
Alone,Wishbone Ash,rock,0,1
Thorns Upon A Crown,Black Bonzo,rock,0,0
The Chase,Bjørn Riis,rock,0,1
Lua Lua Lua - Live,Miguel Rios,rock,0,0
Salida 3 - Live,Miguel Rios,rock,0,0
El Laberinto - Live,Miguel Rios,rock,0,0
Mis Amigos Donde Estaran - Live,Miguel Rios,rock,0,0
Maneras De Vivir - Live,Miguel Rios,rock,0,0
My Gun Go Off,50 Cent,rap,0,0
Love Came Here,Lhasa De Sela,r&b,0,1
Natsu No Owari,T-SQUARE,rock,0,0
Knock Me Out,T-SQUARE,rock,0,0
Kanojo to Mugiwaraboushi,T-SQUARE,rock,0,1
Through the Thunderhead,T-SQUARE,rock,0,0
Paradise,T-SQUARE,rock,0,0
Vivid,T-SQUARE,rock,0,0
Mystic Island,T-SQUARE,rock,0,0
Asian Dreamer,CASIOPEA,rock,0,0
Banzai - Live,Miguel Rios,rock,0,0
La Ciudad De Neon - Live,Miguel Rios,rock,0,0
El Rio/Santa Lucía - Live,Miguel Rios,rock,0,0
Blues Del Autobus - live,Miguel Rios,rock,0,0
Buscando La Luz - Live,Miguel Rios,rock,0,1
City Of Syrup,Big Moe,rap,0,1
Head Motion,Wreckshop Family,rap,0,0
Choppaz,"Big Moe featuring D-Gotti, Noke D & D-Wreck",rap,0,1
Power Up,"Noke D, D-Gotti, D-Reck, Tyte Eyes & Mike D",rap,0,0
The Lion Roars - Mayfield Version,Stephen Marley,rap,0,0
Payin' Dues,Big Moe featuring Z-Ro,rap,0,0
Sax Appeal,Groove Delight,edm,0,0
In The Land Of Grey & Pink,Caravan,rock,0,1
The Advent Of Panurge,Gentle Giant,rock,0,1
Where Are You Now,Bjørn Riis,rock,0,1
Echoes,Camel,rock,0,0
Get What You Give,Felix Cartal,pop,0,0
Heart Of A Hustler,Fat Pat,rap,0,0
Full Time Player,Fat Pat,rap,0,0
Linger - Acoustic Version,The Cranberries,rock,0,1
Wait For Life,Emile Haynie,pop,0,1
Slow Mo - Felix Palmqvist Remix,The Spacies,pop,0,0
La Basca Vacila - Live,Miguel Rios,rock,0,0
Rock And Roll En La Plaza Del Pueblo - Live,Miguel Rios,rock,0,0
Rocanrol Bumerang - Live,Miguel Rios,rock,0,0
Los Viejos Rockeros Nunca Mueren - Live,Miguel Rios,rock,0,0
Al Andalus - Live,Miguel Rios,rock,0,0
Al Sur De Granada - Live,Miguel Rios,rock,0,0
Reina De La Noche - Live,Miguel Rios,rock,0,0
Smilin,Demun Jones,rap,0,0
Miami 82 - Vocal Radio Mix,Syn Cole,edm,0,0
American Funeral,Alex Da Kid,pop,0,1
All You,The Cataracs,edm,0,0
Sweet Dreams,BØRNS,pop,0,0
Never,Heart,rock,0,1
Alive And Kicking - 2002 Digital Remaster,Simple Minds,rock,0,0
Perfect Way,Scritti Politti,rock,0,0
You'd Gotta Be Alive,St Francis Hotel,pop,0,0
I Didn't Mean To Turn You On,Robert Palmer,rock,0,1
Do What You Do,Jermaine Jackson,rock,0,1
take you home,slenderbodies,pop,0,0
A Tumba Abierta - Live,Miguel Rios,rock,0,0
Un Caballo Llamado Muerte - Live,Miguel Rios,rock,0,0
Nueva Ola (El Neon De Color Rosa) - Live,Miguel Rios,rock,0,0
Rock The Boat,Aaliyah,r&b,0,0
Fix,Blackstreet,r&b,0,0
Summer Bunnies,R. Kelly,r&b,0,0
Débrouillard,Damso,r&b,0,0
Molly,Ixzo,r&b,0,1
Bad Chick,The.madpix.project,pop,0,0
Set Me Free,Hurshel,edm,0,0
Invincible - Radio Edit,Borgeous,edm,0,0
Young Love (feat. Koko LaRoo),Felix Cartal,edm,0,0
All The Way,Timeflies,edm,0,0
Born Alone,Adam Calhoun,rap,0,1
Lights & Thunder - Club Mix,Gareth Emery,edm,0,0
God's Work,Demun Jones,rap,0,1
