track_id,title,artist_id,artist_name,album_title,release_year,release_decade,duration_min,bpm,bpm_known,gain,rank,explicit_lyrics,source_genre,from_chart
3818963601,Dracula (with JENNIE),134790,Tame Impala,Dracula (with JENNIE),2026,2020,3.4833333333333334,127.6,0,-6.6,982905,1,All,1
3895241341,Boston,181157207,STELLA LEFTY,Boston,2026,2020,2.8333333333333335,127.6,0,-9.8,873262,0,All,1
3602074142,Choosin' Texas,14867123,Ella Langley,Choosin' Texas,2025,2020,3.8666666666666667,127.6,0,-8.3,978085,0,All,1
3834003271,Be Her,14867123,Ella Langley,Be Her,2026,2020,3.6166666666666667,127.6,0,-8.4,791329,0,All,1
4058916481,"I Knew It, I Knew You (From ""Toy Story 5"")",12246,Taylor Swift,"I Knew It, I Knew You (From ""Toy Story 5"")",2026,2020,2.966666666666667,127.6,0,-10.8,900423,0,All,1
4022917771,Janice STFU,246791,Drake,ICEMAN,2026,2020,3.95,127.6,0,-10.6,950305,1,All,1
4045817471,hate that i made you love me,1562681,Ariana Grande,hate that i made you love me,2026,2020,3.3,127.6,0,-8.7,999011,0,All,1
2758844701,Stargazing,12641355,Myles Smith,Stargazing,2024,2020,2.8666666666666667,127.6,0,-7.2,908118,0,All,1
3503857201,Man I Need,75659582,Olivia Dean,Man I Need,2025,2020,3.066666666666667,127.6,0,-8.7,991622,0,All,1
3838327301,Be By You,9626504,Luke Combs,Be By You,2026,2020,3.283333333333333,127.6,0,-10.2,732441,0,All,1
69505566,Should I Stay or Should I Go (Remastered),2,The Clash,Hits Back,2013,2010,3.1,113.3,1,-10.9,637189,0,All,1
3562948071,So Easy (To Fall In Love),75659582,Olivia Dean,The Art of Loving,2025,2020,2.816666666666667,127.6,0,-8.6,989620,0,All,1
3726350952,Sleepless in a Hotel Room,9626504,Luke Combs,Sleepless in a Hotel Room,2026,2020,2.95,127.6,0,-9.9,667675,0,All,1
4020643591,Something To Lose,181157207,STELLA LEFTY,Is This Heaven?,2026,2020,2.9166666666666665,127.6,0,-9.3,569067,0,All,1
3965376601,drop dead,11152580,Olivia Rodrigo,drop dead,2026,2020,3.75,127.6,0,-8.1,976771,0,All,1
3978161521,I Can't Love You Anymore,14867123,Ella Langley,I Can't Love You Anymore,2026,2020,3.8,127.6,0,-7.7,712434,0,All,1
3904211281,Loving Life Again,14867123,Ella Langley,Loving Life Again,2026,2020,3.7666666666666666,127.6,0,-8.7,611935,0,All,1
3401554271,Midnight Sun,4331004,Zara Larsson,Midnight Sun,2025,2020,3.15,127.6,0,-7.5,972286,0,All,1
3345513301,Burning Blue,70986422,Mariah The Scientist,Burning Blue,2025,2020,3.4166666666666665,127.6,0,-8.3,666321,0,All,1
15586246,Dancing In the Dark,4762,Bruce Springsteen,Born In The U.S.A.,1984,1980,4.016666666666667,148.7,1,-9.4,833702,0,All,1
92720048,You Shook Me All Night Long,115,AC/DC,Back In Black,1980,1980,3.466666666666667,129.2,1,-9.0,872302,0,All,1
3991431871,Mexico Honey,399990,Kacey Musgraves,Middle of Nowhere,2026,2020,3.716666666666667,127.6,0,-8.5,720480,1,All,1
4183390782,High Desert Halo,283174711,Ember Moat,High Desert Halo,2026,2020,4.4,127.6,0,-8.2,209863,0,All,1
366916761,Semi-Charmed Life,2473,Third Eye Blind,Third Eye Blind (20th Anniversary Edition),2017,2010,4.466666666666667,102.1,1,-10.3,499092,0,All,1
3968924241,I Know I Know,181157207,STELLA LEFTY,I Know I Know,2026,2020,2.65,127.6,0,-9.1,665886,0,All,1
4203392972,Jaded,10796312,Koe Wetzel,Jaded,2026,2020,3.0833333333333335,127.6,0,-7.1,627168,0,All,1
4015341011,Dai Dai,160,Shakira,Dai Dai,2026,2020,3.716666666666667,127.6,0,-9.8,990618,0,All,1
4208857702,Summer You Were Mine,181157207,STELLA LEFTY,Long Way Home,2026,2020,3.1166666666666667,127.6,0,-9.9,525029,0,All,1
3848530521,Self Aware,370177892,Temper City,Self Aware,2026,2020,3.0166666666666666,127.6,0,-5.8,981001,0,All,1
3906722231,Kingdom of Fear,115331762,Cameron Whitcomb,Kingdom of Fear,2026,2020,2.683333333333333,127.6,0,-7.9,797792,0,All,1
4167204822,Been By Now,7188840,Morgan Wallen,Been By Now,2026,2020,3.55,127.6,0,-7.9,688340,0,All,1
3412534581,Golden,330311461,HUNTR/X,KPop Demon Hunters (Soundtrack from the Netflix Film),2025,2020,3.2,127.6,0,-7.4,979012,0,All,1
3319945671,Hate How You Look,381818171,Josh Ross,Hate How You Look,2025,2020,3.2333333333333334,127.6,0,-7.0,560077,0,All,1
3884901601,Woman,827425,Kane Brown,Woman,2026,2020,2.7666666666666666,127.6,0,-7.2,615041,0,All,1
3092229871,Better Me For You (Brown Eyes),209730607,Max McNown,Night Diving,2025,2020,3.2333333333333334,127.6,0,-8.3,630834,0,All,1
775757002,Interstate Love Song (2019 Remaster),4435,Stone Temple Pilots,Purple (Super Deluxe Edition) (2019 Remaster),2019,2010,3.2333333333333334,127.6,0,-10.2,420500,0,All,1
4202541942,Want For Nothing,115331762,Cameron Whitcomb,The Hard Way (Complete Edition),2026,2020,2.783333333333333,127.6,0,-8.3,574375,0,All,1
2461123655,Hell N Back (feat. Summer Walker),15056,Bakar,Halo,2023,2020,3.25,127.6,0,-9.5,735632,1,All,1
3366677031,Don't We,7188840,Morgan Wallen,I’m The Problem,2025,2020,3.183333333333333,127.6,0,-6.9,561609,0,All,1
4049283551,"Phone, Keys, Wallet",6303698,Lainey Wilson,"Phone, Keys, Wallet",2026,2020,2.8666666666666667,127.6,0,-7.2,585274,0,All,1
3612077412,Beautiful Things,122856502,Megan Moroney,Beautiful Things,2025,2020,3.9166666666666665,127.6,0,-8.9,536155,0,All,1
3850104131,Wedding Dress,122856502,Megan Moroney,Cloud 9,2026,2020,3.85,127.6,0,-8.9,627795,0,All,1
4057986201,Cowgirl,6853437,Shaboozey,Cowgirl,2026,2020,2.9166666666666665,127.6,0,-6.8,671165,1,All,1
3473545611,Chevy Silverado,121545492,Bailey Zimmerman,Chevy Silverado,2025,2020,3.683333333333333,127.6,0,-8.8,488362,0,All,1
3961427991,Carry On,347,Kenny Chesney,Carry On,2026,2020,3.0,127.6,0,-8.1,638430,0,All,1
3697436932,Kid Myself,511732,John Morgan,Kid Myself,2026,2020,3.4833333333333334,127.6,0,-8.2,535521,0,All,1
69962765,Rock the Casbah (Remastered),2,The Clash,Combat Rock (Remastered),1982,1980,3.716666666666667,129.6,1,-11.0,753754,0,All,1
3056032231,Good News,6853437,Shaboozey,Good News,2024,2020,3.316666666666667,127.6,0,0.0,706393,0,All,1
3792429142,McArthur,405567,HARDY,McArthur,2026,2020,3.85,127.6,0,-10.8,554638,0,All,1
2658723742,TEXAS HOLD 'EM,145,Beyoncé,TEXAS HOLD 'EM,2024,2020,3.8833333333333333,127.6,0,-8.4,898042,1,All,1
3765666312,butterflies.,7397124,Brent Faiyaz,Icon,2026,2020,4.133333333333334,127.6,0,-10.6,739065,0,All,1
3349000101,All My Exes,1218821,Lauren Alaina,All My Exes,2025,2020,2.8833333333333333,127.6,0,-8.7,469933,0,All,1
3471224101,12 to 12,145468192,sombr,12 to 12,2025,2020,4.033333333333333,127.6,0,-5.7,959353,0,All,1
4039612441,Think As You Drunk,4893551,Riley Green,Think As You Drunk,2026,2020,3.783333333333333,127.6,0,-8.0,497526,0,All,1
2729273551,A Bar Song (Tipsy),6853437,Shaboozey,A Bar Song (Tipsy),2024,2020,2.85,127.6,0,-8.1,893881,1,All,1
2397171765,Edge of the Earth,468748,The Beaches,Blame My Ex,2023,2020,2.6666666666666665,127.6,0,-7.7,801161,0,All,1
3911920921,Country And She Knows It,242132,Luke Bryan,Country And She Knows It,2026,2020,2.9,127.6,0,-7.6,615668,0,All,1
4057812661,First Born Daughter,209730607,Max McNown,First Born Daughter,2026,2020,3.75,127.6,0,-6.2,488490,0,All,1
2069073587,I Wanna Dance with Somebody (Who Loves Me),174,Whitney Houston,"I Wanna Dance With Somebody (The Movie: Whitney New, Classic and Reimagined)",2022,2020,4.883333333333334,127.6,0,-12.6,209967,0,All,1
13144323,Before He Cheats,4388,Carrie Underwood,Some Hearts,2005,2000,3.3333333333333335,148.2,1,-8.2,486565,0,All,1
3763687462,iloveitiloveitiloveit,338703121,Bella Kay,iloveitiloveitiloveit,2026,2020,3.05,127.6,0,-8.7,811048,1,All,1
3602329332,Loser,134790,Tame Impala,Deadbeat,2025,2020,3.716666666666667,127.6,0,-7.3,973111,1,All,1
3774632592,"Ride, Ride, Ride",8297772,George Birge,"Ride, Ride, Ride",2026,2020,3.3333333333333335,127.6,0,-6.2,435026,0,All,1
3856038511,Don’t Tell On Me,7830,Jason Aldean,Don't Tell On Me,2026,2020,3.066666666666667,127.6,0,-7.1,548510,0,All,1
3574923291,Days Like These,9626504,Luke Combs,The Prequel,2025,2020,3.683333333333333,127.6,0,-11.5,468161,0,All,1
3537727781,Move On,8703826,Kevin Powers,Move On,2025,2020,3.183333333333333,127.6,0,-6.6,542658,0,All,1
3784724892,Talk To You (ft. 54 Ultra),8948922,ANOTR,Talk To You (ft. 54 Ultra),2026,2020,3.183333333333333,127.6,0,-7.7,968286,0,All,1
3366676861,What I Want,7188840,Morgan Wallen,I’m The Problem,2025,2020,3.066666666666667,127.6,0,-7.9,714849,0,All,1
14932098,Lonely Boy,2483,The Black Keys,El Camino,2011,2010,3.216666666666667,168.1,1,-10.8,798097,0,All,1
4252072061,Boots (feat. Shania Twain),827425,Kane Brown,Boots (feat. Shania Twain),2026,2020,3.216666666666667,127.6,0,-7.7,510049,0,All,1
1246285062,Drunk (And I Don't Wanna Go Home),1709730,Elle King,Drunk (And I Don't Wanna Go Home),2021,2020,4.1,127.6,0,-7.2,440333,0,All,1
97098410,Jump (2015 Remaster),1168,Van Halen,1984 (Remastered),1984,1980,4.016666666666667,129.6,1,-9.5,859713,0,All,1
2801558052,BIRDS OF A FEATHER,9635624,Billie Eilish,HIT ME HARD AND SOFT,2024,2020,3.5,127.6,0,-9.5,963029,0,All,1
3371384741,Painted You Pretty,261498901,Hudson Westbrook,Texas Forever,2025,2020,3.183333333333333,127.6,0,-8.8,434676,0,All,1
3422854111,Last One To Know,142015752,Gavin Adcock,Last One To Know,2025,2020,2.95,127.6,0,-8.4,476534,0,All,1
3812467942,Get To Drinkin',200995177,Zach John King,Get To Drinkin',2026,2020,2.8,127.6,0,-6.8,393210,0,All,1
3763842212,I Just Might,429675,Bruno Mars,I Just Might,2026,2020,3.533333333333333,127.6,0,-10.4,962390,0,All,1
1728846537,Whiskey On You,67218672,Nate Smith,Whiskey On You,2022,2020,3.05,127.6,0,-7.6,531956,0,All,1
2759124521,Juna,11573699,Clairo,Charm,2024,2020,3.25,127.6,0,-8.8,702941,0,All,1
3023998591,Moonlit Floor (Kiss Me),145068682,LISA,Moonlit Floor (Kiss Me),2024,2020,2.6,127.6,0,-6.5,664760,0,All,1
3982033951,What’s A Little Rain,375708101,ERNEST,Deep Blue,2026,2020,3.6166666666666667,127.6,0,-8.1,184408,0,All,1
2687182182,What He'll Never Have,1996541,Dylan Scott,Livin' My Best Life (Still),2024,2020,2.55,127.6,0,-7.2,508499,0,All,1
3919196631,Holly!,10100048,The Band Camino,NeverAlways (Vol. 2),2026,2020,3.1666666666666665,127.6,0,-6.7,213076,0,All,1
856124,Your Love,7743,The Outfield,Super Hits,1998,1990,3.7,129.6,1,-10.5,876651,0,All,1
3210709941,Ordinary,541784,Alex Warren,Ordinary,2025,2020,3.1,127.6,0,-6.8,990241,0,All,1
3945147781,Bottom Of Your Boots,14867123,Ella Langley,Dandelion,2026,2020,3.316666666666667,127.6,0,-7.8,610922,0,All,1
69924599,London Calling (Remastered),2,The Clash,London Calling (Remastered),1979,1970,3.316666666666667,133.8,1,-10.5,810439,0,All,1
341024791,Everywhere (2017 Remaster),169,Fleetwood Mac,Tango In the Night (Deluxe Edition),2017,2010,3.7666666666666666,114.84,1,-13.3,406849,0,All,1
538660022,Livin' On A Prayer,637,Bon Jovi,Slippery When Wet,2018,2010,4.15,122.32,1,-8.0,933844,0,All,1
3456198271,Shapeshifting on a Saturday Night,125694832,Avery Cochrane,Shapeshifting on a Saturday Night,2025,2020,3.4166666666666665,127.6,0,-7.6,492900,0,All,1
4146362322,Pillow Fight,345052,Tinashe,Popstar,2026,2020,2.35,127.6,0,-9.1,503805,0,All,1
3726694742,What If We Don't,1389877,Ashley McBryde,What If We Don't,2026,2020,3.1,127.6,0,-6.7,510782,0,All,1
4092439181,Hands Up,613934,Jelly Roll,Hands Up,2026,2020,3.2333333333333334,127.6,0,-7.9,497720,0,All,1
2609033982,Scared To Start,102060542,Michael Marcagi,Scared To Start,2024,2020,2.65,127.6,0,-13.4,614291,0,All,1
3040572191,Love Somebody,7188840,Morgan Wallen,Love Somebody,2024,2020,3.4166666666666665,127.6,0,-7.6,688255,0,All,1
1013792,Fantasy,65,Mariah Carey,Daydream,1995,1990,4.066666666666666,102.3,1,-11.6,796129,0,All,1
3036611181,Rollin' Stone,276577691,Blake Whiten,Rollin' Stone,2024,2020,2.5166666666666666,127.6,0,-13.3,476650,0,All,1
3870486061,No Need For Leavin',73725592,Kameron Marlowe,No Need For Leavin',2026,2020,3.5833333333333335,127.6,0,-9.1,449860,0,All,1
2881248402,Am I Okay?,122856502,Megan Moroney,Am I Okay?,2024,2020,3.9166666666666665,127.6,0,-8.4,581841,0,All,1
4046115811,Take Me Back (Leave Me There),883421,Cody Johnson,Take Me Back (Leave Me There),2026,2020,2.966666666666667,127.6,0,-8.1,297356,0,All,1
88902741,Summer Of '69,170,Bryan Adams,Reckless,2014,2010,3.5833333333333335,127.6,0,-9.8,782865,0,Pop,1
2454854845,Pink Pony Club,12945219,Chappell Roan,The Rise and Fall of a Midwest Princess,2023,2020,4.3,127.6,0,-9.2,923914,0,Pop,1
3591340192,bittersweet,5130634,Madison Beer,bittersweet,2025,2020,3.3666666666666667,127.6,0,-8.1,732658,0,Pop,1
3773782482,Blink,7251032,Corbyn Besson,Blink,2025,2020,2.7,127.6,0,-9.3,544336,1,Pop,1
2610711672,Beautiful Things,146543992,Benson Boone,Beautiful Things,2024,2020,3.0,127.6,0,-7.3,963402,0,Pop,1
3187953971,Show Me Love,8896874,WizTheMc,Show Me Love,2025,2020,2.95,127.6,0,-8.6,909128,0,Pop,1
72194071,Girls Just Want to Have Fun,2025,Cyndi Lauper,She's So Unusual,1983,1980,3.9166666666666665,120.5,1,-8.4,945998,0,Pop,1
3326208711,Headphones On,95074402,Addison Rae,Headphones On,2025,2020,4.0,127.6,0,-8.2,771030,0,Pop,1
2815968782,Messy,9266850,Lola Young,Messy,2024,2020,4.733333333333333,127.6,0,-8.6,997108,1,Pop,1
831272,Beat It,259,Michael Jackson,Thriller,1983,1980,4.3,127.6,0,-12.7,703583,0,Pop,1
2105158337,Flowers,12436,Miley Cyrus,Flowers,2023,2020,3.3333333333333335,127.6,0,-7.7,966114,0,Pop,1
664507,Like a Prayer,290,Madonna,Like a Prayer,2005,2000,5.666666666666667,112.0,1,-17.1,911457,0,Pop,1
664107,Take on Me,3106,a-ha,Hunting High and Low,2007,2000,3.783333333333333,168.8,1,-9.7,988080,0,Pop,1
4127465,Hungry Like the Wolf (2009 Remaster),596,Duran Duran,Rio (Collector's Edition),2009,2000,3.6666666666666665,127.6,1,-12.1,569153,0,Pop,1
1079668,Africa,215,Toto,Toto IV,1982,1980,4.933333333333334,92.49,1,-19.8,964180,0,Pop,1
3196460531,Sports car,13817211,Tate McRae,Sports car,2025,2020,2.75,127.6,0,-7.6,854224,0,Pop,1
3047560351,That’s So True,64874492,Gracie Abrams,The Secret of Us (Deluxe),2024,2020,2.7666666666666666,127.6,0,-7.4,938322,1,Pop,1
3360666501,hot shit,198986137,CIL,don't hold me accountable,2025,2020,2.9166666666666665,127.6,0,-4.8,430846,1,Pop,1
3050380851,APT.,126335112,ROSÉ,APT.,2024,2020,2.816666666666667,127.6,0,-7.8,992741,0,Pop,1
2173954687,Running Up That Hill (A Deal With God),1049,Kate Bush,Hounds Of Love,1985,1980,4.966666666666667,127.6,0,-16.06,953088,0,Pop,1
3400077541,Manchild,1176900,Sabrina Carpenter,Manchild,2025,2020,3.55,127.6,0,-7.5,908720,1,Pop,1
2947516331,Die With A Smile,75491,Lady Gaga,Die With A Smile,2024,2020,4.166666666666667,127.6,0,-11.3,997757,0,Pop,1
561836,Sweet Dreams (Are Made of This) (2005 Remaster),175,Eurythmics,Sweet Dreams (Are Made Of This),2003,2000,3.6,125.3,1,-10.8,963940,0,Pop,1
2728070371,"Good Luck, Babe!",12945219,Chappell Roan,"Good Luck, Babe!",2024,2020,3.6333333333333333,127.6,0,-9.0,963608,0,Pop,1
374283061,Purple Rain (2015 Paisley Park Remaster),1878,Prince,Purple Rain (Deluxe Expanded Edition),2017,2010,8.733333333333333,113.58,1,-9.2,959429,0,Pop,1
418231432,One Way Or Another,425,Blondie,Parallel Lines,2017,2010,3.5166666666666666,162.13,1,-8.5,326385,0,Pop,1
3371081661,Bloodline,541784,Alex Warren,Bloodline,2025,2020,3.033333333333333,127.6,0,-6.8,717867,0,Pop,1
3881984641,American Girls,5313805,Harry Styles,"Kiss All The Time. Disco, Occasionally.",2026,2020,3.55,127.6,0,-8.3,933725,0,Pop,1
3180092121,Slow Motion,7890702,Marshmello,Slow Motion,2025,2020,2.5,127.6,0,-9.1,609499,0,Pop,1
2743578151,Espresso,1176900,Sabrina Carpenter,Espresso,2024,2020,2.9166666666666665,127.6,0,-7.8,979835,1,Pop,1
3232179181,"Sally, When The Wine Runs Out",328088,ROLE MODEL,Kansas Anymore (The Longest Goodbye),2025,2020,3.6333333333333333,127.6,0,-9.4,672848,1,Pop,1
831313,Billie Jean,259,Michael Jackson,Thriller,1983,1980,4.883333333333334,127.6,0,-14.5,762383,0,Pop,1
3476812751,I Think I Like You Better When You’re Gone,171528407,Reneé Rapp,BITE ME,2025,2020,2.3833333333333333,127.6,0,-8.9,665268,1,Pop,1
3924276621,Need Your Love,74398,OneRepublic,Need Your Love,2026,2020,3.966666666666667,127.6,0,-8.8,681453,0,Pop,1
3997456931,I’m your girl right?,4103977,Tove Lo,I’m your girl right?,2026,2020,2.816666666666667,127.6,0,-6.5,497938,1,Pop,1
1842063487,CUFF IT,145,Beyoncé,RENAISSANCE,2022,2020,3.75,127.6,0,-9.4,827053,1,Pop,1
3294514251,twilight zone,1562681,Ariana Grande,eternal sunshine deluxe: brighter days ahead,2025,2020,3.3,127.6,0,-8.9,763705,0,Pop,1
4057589031,the feeling,65574,Steve Lacy,the feeling,2026,2020,4.583333333333333,127.6,0,-8.8,565407,1,Pop,1
2981829091,Soft Spot,11121158,keshi,Requiem,2024,2020,3.4,127.6,0,-8.3,528530,0,Pop,1
3588926901,Stateside + Zara Larsson,122602052,PinkPantheress,Fancy Some More?,2025,2020,3.066666666666667,127.6,0,-7.4,906294,0,Pop,1
3387454721,Fame is a Gun,95074402,Addison Rae,Fame is a Gun,2025,2020,3.05,127.6,0,-8.6,848971,0,Pop,1
2135303217,If We Ever Broke Up,151240812,Mae Stephens,If We Ever Broke Up,2023,2020,2.3666666666666667,127.6,0,-7.0,644241,1,Pop,1
3569857331,TIT FOR TAT,13817211,Tate McRae,TIT FOR TAT,2025,2020,2.95,127.6,0,-8.7,754523,1,Pop,1
3412611901,Gabriela,271210292,KATSEYE,Gabriela,2025,2020,3.2666666666666666,127.6,0,-8.3,991587,0,Pop,1
3454558671,YUKON,288166,Justin Bieber,SWAG,2025,2020,2.7333333333333334,127.6,0,-11.4,797835,0,Pop,1
3514216471,Jealous Type,5578942,Doja Cat,Jealous Type,2025,2020,2.716666666666667,127.6,0,-7.6,719898,1,Pop,1
3278141801,Love Me To Heaven,15888,Jonas Brothers,Love Me To Heaven,2025,2020,3.4166666666666665,127.6,0,-6.5,592581,0,Pop,1
3503343941,Sue me,146445062,Audrey Hobert,Who's the Clown?,2025,2020,2.8333333333333335,127.6,0,-8.0,818245,1,Pop,1
3580188661,Gone Gone Gone,542,David Guetta,Gone Gone Gone,2025,2020,3.3,127.6,0,-6.7,935114,0,Pop,1
3869647201,FEVER DREAM,541784,Alex Warren,FEVER DREAM,2026,2020,2.55,127.6,0,-7.7,996786,0,Pop,1
112662366,Sorry,288166,Justin Bieber,Purpose (Deluxe),2015,2010,3.35,99.86,1,-7.8,845359,0,Pop,1
4098248631,These Are The Days,63317272,Mark Ambor,These Are The Days,2026,2020,3.1166666666666667,127.6,0,-8.8,472733,0,Pop,1
3606166592,CHANEL,1220981,Tyla,CHANEL,2025,2020,3.1333333333333333,127.6,0,-7.7,823022,1,Pop,1
3239843321,Call Me When You Break Up,292185,Selena Gomez,Call Me When You Break Up,2025,2020,2.1166666666666667,127.6,0,-7.7,680446,0,Pop,1
2454854795,HOT TO GO!,12945219,Chappell Roan,The Rise and Fall of a Midwest Princess,2023,2020,3.066666666666667,127.6,0,-8.1,731153,0,Pop,1
4006255011,Nothing Like Hollywood,10622701,Haley Joelle,Nothing Like Hollywood,2026,2020,3.0833333333333335,127.6,0,-8.4,177274,0,Pop,1
128948406,Blue Sky,6471,The Allman Brothers Band,Eat A Peach,2016,2010,5.15,189.65,1,-13.8,432217,0,Pop,1
3454558661,DAISIES,288166,Justin Bieber,SWAG,2025,2020,2.933333333333333,127.6,0,-8.7,938392,0,Pop,1
3539548191,A COLD PLAY,51204222,The Kid LAROI,A COLD PLAY,2025,2020,2.9833333333333334,127.6,0,-8.0,588570,0,Pop,1
4048364981,High Hopes 3000,328088,ROLE MODEL,High Hopes 3000,2026,2020,4.1,127.6,0,-8.2,555874,0,Pop,1
3584616411,Die On This Hill,265272032,SIENNA SPIRO,Die On This Hill,2025,2020,3.6166666666666667,127.6,0,-7.8,929464,0,Pop,1
68094701,Tequila Sunrise (2013 Remaster),210,Eagles,Their Greatest Hits 1971-1975 (2013 Remaster),1976,1970,2.8833333333333333,110.2,1,-14.0,355317,0,Pop,1
3907717261,SWIM,6982223,BTS,ARIRANG,2026,2020,2.65,127.6,0,-8.3,963304,0,Pop,1
3650137942,Midnight Sun,4331004,Zara Larsson,Midnight Sun,2025,2020,3.7666666666666666,127.6,0,-7.8,692773,0,Pop,1
922014,All I Wanna Do,1439,Sheryl Crow,Tuesday Night Music Club,1994,1990,4.55,120.2,1,-16.2,708669,0,Pop,1
2934378651,Diet Pepsi,95074402,Addison Rae,Diet Pepsi,2024,2020,2.816666666666667,127.6,0,-9.6,807056,0,Pop,1
3579685451,Opalite,12246,Taylor Swift,The Life of a Showgirl,2025,2020,3.9166666666666665,127.6,0,-8.4,968567,0,Pop,1
2972837781,Bad Dreams,64927672,Teddy Swims,Bad Dreams,2024,2020,3.066666666666667,127.6,0,-8.1,937405,0,Pop,1
3929350,Love Shack,1743,The B-52's,Cosmic Thing,2005,2000,5.333333333333333,133.4,1,-12.2,727563,0,Pop,1
3466173051,d£aler,9266850,Lola Young,d£aler,2025,2020,2.683333333333333,127.6,0,-9.5,618148,1,Pop,1
3794985752,Homewrecker,145468192,sombr,Homewrecker,2026,2020,3.4833333333333334,127.6,0,-4.5,941782,0,Pop,1
2769846461,Miles On It,7890702,Marshmello,Miles On It,2024,2020,2.8,127.6,0,-6.6,661521,0,Pop,1
2459517745,Agora Hills,5578942,Doja Cat,Scarlet,2023,2020,4.416666666666667,127.6,0,-8.4,750821,1,Pop,1
3106586641,luther,525046,Kendrick Lamar,GNX,2024,2020,2.966666666666667,127.6,0,-9.4,783391,0,Rap/Hip Hop,1
3472732981,Hell At Night (feat. Ella Langley),75832332,BigXthaPlug,Hell At Night (feat. Ella Langley),2025,2020,2.9833333333333334,127.6,0,-10.0,579879,0,Rap/Hip Hop,1
3262675101,Anxiety,51965252,Doechii,Anxiety,2025,2020,4.15,127.6,0,-8.7,928515,1,Rap/Hip Hop,1
2536499851,Lovin On Me,9093938,Jack Harlow,Lovin On Me,2023,2020,2.3,127.6,0,-7.4,338203,0,Rap/Hip Hop,1
3277684691,Dark Thoughts,14492701,Lil Tecca,Dark Thoughts,2025,2020,2.2666666666666666,127.6,0,-7.9,720435,1,Rap/Hip Hop,1
747399352,Circles,7543848,Post Malone,Hollywood's Bleeding,2019,2010,3.5833333333333335,119.84,1,-6.0,765395,0,Rap/Hip Hop,1
131391760,Cinderella (feat. Ty Dolla $ign),632926,Mac Miller,The Divine Feminine,2016,2010,8.0,140.15,1,-10.3,974344,1,Rap/Hip Hop,1
3966979401,Spend Dat,65549992,Yung Miami,Spend Dat,2026,2020,3.0166666666666666,127.6,0,-10.2,681555,1,Rap/Hip Hop,1
3363451381,Somebody,9551216,Latto,Somebody,2025,2020,3.3666666666666667,127.6,0,-8.4,556735,1,Rap/Hip Hop,1
3106586631,squabble up,525046,Kendrick Lamar,GNX,2024,2020,2.6333333333333333,127.6,0,-8.5,681659,1,Rap/Hip Hop,1
3812245442,E85,13631667,Don Toliver,OCTANE,2026,2020,2.55,127.6,0,-9.0,817063,1,Rap/Hip Hop,1
628266,Hey Ya!,9,OutKast,Speakerboxxx/The Love Below,2003,2000,3.9166666666666665,127.6,0,-6.3,891263,1,Rap/Hip Hop,1
15528003,Ready or Not,629,Fugees,The Score (Expanded Edition),1996,1990,3.783333333333333,127.6,0,-18.9,708484,1,Rap/Hip Hop,1
3119536,Sabotage,194746,Beastie Boys,Solid Gold Hits,2005,2000,2.966666666666667,168.1,1,-7.1,717304,0,Rap/Hip Hop,1
15528008,Killing Me Softly With His Song,629,Fugees,The Score (Expanded Edition),1996,1990,4.833333333333333,127.6,0,-19.6,753325,1,Rap/Hip Hop,1
1580929572,The Humpty Dance,10139,Digital Underground,Hi-Five: Digital Underground,2005,2000,6.516666666666667,103.62,1,-10.9,329232,0,Rap/Hip Hop,1
1109731,Lose Yourself,13,Eminem,Curtain Call: The Hits,2005,2000,5.433333333333334,171.6,1,-8.3,980436,1,Rap/Hip Hop,1
2827724612,MILLION DOLLAR BABY,56444382,Tommy Richman,MILLION DOLLAR BABY,2024,2020,2.5833333333333335,127.6,0,-8.1,784572,0,Rap/Hip Hop,1
3129407,Feel Good Inc.,14,Gorillaz,Demon Days,2005,2000,3.7,138.3,1,-10.8,963489,0,Rap/Hip Hop,1
2803643,The Rain (Supa Dupa Fly),91,Missy Elliott,Supa Dupa Fly,2007,2000,4.183333333333334,160.2,1,-13.5,439519,1,Rap/Hip Hop,1
2522953,This Is How We Do It,258,Montell Jordan,This Is How We Do It,1995,1990,4.616666666666666,103.6,1,-14.4,674517,1,Rap/Hip Hop,1
13142599,Summertime,2579,DJ Jazzy Jeff & The Fresh Prince,Homebase,1991,1990,4.516666666666667,127.6,0,-16.7,313097,0,Rap/Hip Hop,1
72059803,Thrift Shop (feat. Wanz),893222,Macklemore & Ryan Lewis,The Heist (Deluxe Edition),2012,2010,3.9166666666666665,95.0,1,-10.2,449119,1,Rap/Hip Hop,1
958803,Walk This Way (feat. Aerosmith),79236,Run DMC,Raising Hell,1986,1980,5.183333333333334,127.6,0,-12.6,458741,0,Rap/Hip Hop,1
3125988,Back To Life,2361,Soul II Soul,Keep On Movin',1992,1990,3.8,127.6,0,-17.2,550773,0,Rap/Hip Hop,1
2485118,Single Ladies (Put a Ring on It),145,Beyoncé,I AM...SASHA FIERCE,2008,2000,3.216666666666667,97.1,1,-9.9,867385,0,Rap/Hip Hop,1
3879836431,Motion Party,113241652,BossMan Dlow,Motion Party,2026,2020,1.6,127.6,0,-7.8,535949,1,Rap/Hip Hop,1
646296402,Let's Get It Started (Spike Mix),1020109,The Black Eyed Peas,Let's Get It Started,2019,2010,3.6166666666666667,104.93,1,-6.6,638030,0,Rap/Hip Hop,1
4229690572,The Team,12096038,Central Cee,The Team,2026,2020,3.55,127.6,0,-10.3,603558,0,Rap/Hip Hop,1
73707710,Turn Down for What,482758,DJ Snake,Turn Down for What,2013,2010,3.55,99.86,1,-7.3,736233,0,Rap/Hip Hop,1
3812245452,Body,13631667,Don Toliver,OCTANE,2026,2020,2.5833333333333335,127.6,0,-8.3,730927,1,Rap/Hip Hop,1
909969,Crank That (Soulja Boy),352219,Soulja Boy Tell'em,souljaboytellem.com,2007,2000,3.7333333333333334,140.2,1,-6.2,761037,0,Rap/Hip Hop,1
4176013632,MATADORA,5297021,KAROL G,MATADORA,2026,2020,2.4,127.6,0,-7.4,867927,1,Rap/Hip Hop,1
3789424042,POP DAT THANG,11363014,DaBaby,POP DAT THANG,2026,2020,2.3,127.6,0,-10.5,711760,1,Rap/Hip Hop,1
1085495,Fight For Your Right,194746,Beastie Boys,Licensed To Ill,1995,1990,3.45,133.8,1,-14.4,641183,0,Rap/Hip Hop,1
2447443,Dilemma,105,Nelly,Nellyville,2002,2000,4.816666666666666,168.1,1,-10.6,894589,1,Rap/Hip Hop,1
3399233781,4 Raws,271613792,EsDeeKid,Rebel,2025,2020,2.433333333333333,127.6,0,-6.5,784110,1,Rap/Hip Hop,1
14935057,Now That We Found Love,2364,Heavy D & The Boyz,Peaceful Journey,2007,2000,4.266666666666667,119.8,1,-17.7,482637,0,Rap/Hip Hop,1
1584589772,Jump Around,2542,House Of Pain,Hi-Five: House Of Pain,2006,2000,3.566666666666667,106.83,1,-10.5,784922,0,Rap/Hip Hop,1
1085497,No Sleep Till Brooklyn,194746,Beastie Boys,Licensed To Ill,1995,1990,4.1,97.0,1,-17.7,642261,1,Rap/Hip Hop,1
6640921,Better Days (And the Bottom Drops Out),3517,Citizen King,Mobile Estates,1999,1990,3.45,94.8,1,-8.1,480043,0,Rap/Hip Hop,1
4215407252,Rider,616943,Russ,Rider,2026,2020,2.9,127.6,0,-11.0,498415,1,Rap/Hip Hop,1
145429536,In Da Club,66,50 Cent,Best Of 50 Cent,2017,2010,3.216666666666667,179.76,1,-11.0,547344,1,Rap/Hip Hop,1
2535112671,Big Chain,4838046,Cuzzomania,Big Chain,2022,2020,2.4833333333333334,127.6,0,-10.5,100000,1,Rap/Hip Hop,1
78034213,It Takes Two,76970,Rob Base & DJ EZ Rock,It Takes Two,1988,1980,5.0,111.44,1,-13.3,469814,0,Rap/Hip Hop,1
128743581,Still D.R.E.,763,Dr. Dre,2001,2008,2000,4.516666666666667,93.33,1,-9.5,943997,1,Rap/Hip Hop,1
595355582,SICKO MODE (Skrillex Remix),4495513,Travis Scott,SICKO MODE (Skrillex Remix),2018,2010,5.066666666666666,154.85,1,-7.1,382998,1,Rap/Hip Hop,1
1225735372,Body (Joel Corry Remix),12816021,Megan Thee Stallion,Body (Joel Corry Remix),2021,2020,3.3833333333333333,127.6,0,-8.3,167186,1,Rap/Hip Hop,1
4152054632,Dead Fresh,398521,Lil Baby,Dead Fresh,2026,2020,2.6166666666666667,127.6,0,-8.6,728989,1,Rap/Hip Hop,1
4198445322,AH HA,9064930,Cardi B,AH HA,2026,2020,2.9166666666666665,127.6,0,-9.3,715154,1,Rap/Hip Hop,1
953101162,Savage (Major Lazer Remix),12816021,Megan Thee Stallion,Savage (Major Lazer Remix),2020,2020,4.983333333333333,127.6,0,-8.8,204024,1,Rap/Hip Hop,1
1208717042,Goosebumps (Remix),4495513,Travis Scott,Goosebumps (Remix),2021,2020,2.7,127.6,0,-10.3,792078,1,Rap/Hip Hop,1
3353337131,top diesel,68358002,Beele,BORONDO,2025,2020,3.1666666666666665,127.6,0,-7.0,677817,0,Rap/Hip Hop,1
139102925,Untitled (How Does It Feel),5004,D'Angelo,Voodoo,2016,2010,7.183333333333334,112.65,1,-11.8,577194,0,Rap/Hip Hop,1
3422853771,Outside,9064930,Cardi B,Outside,2025,2020,3.433333333333333,127.6,0,-8.5,482996,1,Rap/Hip Hop,1
3606419592,LOVE,11190156,Clarent,LOVE,2025,2020,2.8666666666666667,127.6,0,-12.7,432522,1,Rap/Hip Hop,1
87960517,California Love (Original Version),167095,2Pac,Greatest Hits,2009,2000,4.766666666666667,182.94,1,-8.4,887813,0,Rap/Hip Hop,1
6627454,Just a Friend,8885,Biz Markie,Biz's Baddest Beats: The Best of Biz Markie,1994,1990,3.966666666666667,170.8,1,-14.8,466744,0,Rap/Hip Hop,1
720608682,Good Vibrations,1685662,Marky Mark And The Funky Bunch,Good Vibrations,2019,2010,4.5,127.6,0,-15.6,510321,0,Rap/Hip Hop,1
3947819651,SAME SH!T,5515551,Isaiah Rashad,SAME SH!T,2026,2020,3.216666666666667,127.6,0,-8.7,446702,1,Rap/Hip Hop,1
4037562271,Everythang Pinka,83879762,Monaleo,Everythang Pinka,2026,2020,2.8,127.6,0,-8.0,342833,1,Rap/Hip Hop,1
2896894551,KEHLANI (REMIX) [feat. Kehlani],12632339,Jordan Adetunji,KEHLANI (REMIX) [feat. Kehlani],2024,2020,3.0,127.6,0,-6.2,586341,1,Rap/Hip Hop,1
3981869871,LA GRACIOSA,6705223,Quevedo,LA GRACIOSA,2026,2020,4.283333333333333,127.6,0,-6.2,472525,0,Rap/Hip Hop,1
90533119,Empire State Of Mind,1309,JAŸ-Z,The Blueprint 3,2014,2010,4.616666666666666,173.0,1,-6.1,947001,1,Rap/Hip Hop,1
3208821271,TWENTIES,48995601,Giveon,TWENTIES,2025,2020,2.85,127.6,0,-9.5,442871,0,Rap/Hip Hop,1
1344734942,Best Friend (feat. Doja Cat) (Party Pupils Remix),13641829,Saweetie,Best Friend (feat. Doja Cat) [Remix EP] [Extended Edition],2021,2020,2.9833333333333334,127.6,0,-8.3,101289,1,Rap/Hip Hop,1
471590842,Don't Go Breaking My Heart,8923,Q-Tip,Don't Go Breaking My Heart,2018,2010,4.1,106.01,1,-10.0,203834,0,Rap/Hip Hop,1
3879273701,Una Aventura,4937383,Ozuna,Una Aventura,2026,2020,3.0,127.6,0,-7.7,712352,0,Rap/Hip Hop,1
4064369351,Moonlight,8657430,J Hus,Moonlight / Clean Run,2026,2020,3.3333333333333335,127.6,0,-10.1,425474,1,Rap/Hip Hop,1
2238159,Country Grammar (Hot...),105,Nelly,Country Grammar,2005,2000,4.783333333333333,127.6,0,-10.6,139189,0,Rap/Hip Hop,1
3930241091,Te hacen falta dos,11559031,Manuel Turizo,Apambichao,2026,2020,2.683333333333333,127.6,0,-7.0,543619,0,Rap/Hip Hop,1
6617606,C'mon N' Ride It (The Train),9120,Quad City Dj's,Get On Up And Dance,2008,2000,7.516666666666667,136.0,1,-10.1,244905,0,Rap/Hip Hop,1
2732244871,Ciao!,7004075,Bryson Tiller,Bryson Tiller,2024,2020,2.0833333333333335,127.6,0,-8.4,410998,1,Rap/Hip Hop,1
4037520411,Game Time,165930,Future,Game Time (FIFA World Cup 2026™),2026,2020,3.433333333333333,127.6,0,-9.0,674182,0,Rap/Hip Hop,1
3613707422,LA VILLA,11815065,Ryan Castro,HOPI SENDÉ,2025,2020,3.2333333333333334,127.6,0,-8.6,775990,1,Rap/Hip Hop,1
4047401901,UNA NA MAS,12029862,Myke Towers,UNA NA MAS,2026,2020,3.2666666666666666,127.6,0,-7.2,613739,0,Rap/Hip Hop,1
127738175,Sweetheart (feat. Mariah Carey),2649,Jermaine Dupri,Life In 1472 (The Original Soundtrack),2016,2010,4.75,99.15,1,-11.4,314324,1,Rap/Hip Hop,1
2410782275,Lil Boo Thang,1101356,Paul Russell,Lil Boo Thang,2023,2020,1.8833333333333333,127.6,0,-7.4,707145,0,Rap/Hip Hop,1
969347,U Remind Me,17,USHER,8701,2001,2000,4.45,94.0,1,-10.3,807581,0,Rap/Hip Hop,1
412241052,HUMBLE. (SKRILLEX REMIX),525643,Skrillex,HUMBLE. (SKRILLEX REMIX),2017,2010,2.6,127.6,0,-7.1,478605,1,Rap/Hip Hop,1
3136389,U Can't Touch This,8306,MC Hammer,Greatest Hits,1996,1990,4.266666666666667,133.4,1,-11.8,738763,0,Rap/Hip Hop,1
736966292,One Wish,2620,Ray J,Raydiation,2005,2000,5.633333333333334,127.6,0,-10.7,586869,0,Rap/Hip Hop,1
3909037581,Que vuelta vox,1166311,Feid,EL GREEN PRINT: La Saga (Disc 1) — FEID VS FERXXO,2026,2020,2.816666666666667,127.6,0,-9.8,515462,1,Rap/Hip Hop,1
134648794,Tha Crossroads,2523,Bone Thugs-N-Harmony,E. 1999 Eternal,1995,1990,3.716666666666667,127.6,0,-11.9,381303,1,Rap/Hip Hop,1
2387373015,Paint The Town Red,5578942,Doja Cat,Paint The Town Red,2023,2020,3.85,127.6,0,-9.8,916724,1,Rap/Hip Hop,1
4022917791,Shabang,246791,Drake,ICEMAN,2026,2020,3.1333333333333333,127.6,0,-10.0,767565,1,Rap/Hip Hop,1
491446972,Better Now,7543848,Post Malone,beerbongs & bentleys,2018,2010,3.8333333333333335,145.07,1,-8.7,788590,1,Rap/Hip Hop,1
1721634237,PROVENZA,5297021,KAROL G,PROVENZA,2022,2020,3.4833333333333334,127.6,0,-7.4,739305,0,Rap/Hip Hop,1
1584416372,Gangsta's Paradise,99,Coolio,Gangsta's Paradise,1995,1990,4.0,159.63,1,-13.6,968342,0,Rap/Hip Hop,1
2766119391,Like That!,203852657,Laila!,Like That!,2024,2020,2.816666666666667,127.6,0,-12.1,547037,1,Rap/Hip Hop,1
3884407611,Caducaste,17046,Zion,The Perfect Melody II - Chapter II,2026,2020,3.566666666666667,127.6,0,-7.4,378086,0,Rap/Hip Hop,1
95468810,Day 5,1254388,Ta-ku,50 Days For Dilla Vol. 1,2012,2010,1.9333333333333333,88.0,1,-8.8,40526,0,Rap/Hip Hop,1
915208092,Say So (Snakehips Remix),5578942,Doja Cat,Say So (Snakehips Remix),2020,2020,3.3333333333333335,127.6,0,-7.9,165817,1,Rap/Hip Hop,1
3387316711,OWA OWA,14492701,Lil Tecca,OWA OWA,2025,2020,2.1666666666666665,127.6,0,-7.0,466219,1,Rap/Hip Hop,1
3979103811,GOMF (feat. GloRilla),9551216,Latto,GOMF (feat. GloRilla),2026,2020,2.4833333333333334,127.6,0,-6.4,393282,1,Rap/Hip Hop,1
2853709472,TGIF,59691632,GloRilla,TGIF,2024,2020,2.7333333333333334,127.6,0,-8.9,586509,1,Rap/Hip Hop,1
1754091477,riptide,12373730,Fujitsu,corals 3,2020,2020,1.9666666666666666,127.6,0,-14.6,150799,0,Rap/Hip Hop,1
88845911,Everybody Wants To Rule The World,1192,Tears For Fears,Songs From The Big Chair (Deluxe),2014,2010,4.183333333333334,168.1,1,-14.6,659600,0,Rock,1
447552822,Pour Some Sugar On Me,2557,Def Leppard,Hysteria,2018,2010,4.416666666666667,170.14,1,-8.3,711715,0,Rock,1
518458172,Sweet Child O' Mine,663,Guns N' Roses,Appetite For Destruction (Super Deluxe Edition),2018,2010,5.916666666666667,124.53,1,-10.3,934281,0,Rock,1
3121749,Call Me,425,Blondie,Call Me,2005,2000,3.5,142.6,1,-9.9,520096,0,Rock,1
353398301,Rebel Yell,2111,Billy Idol,Rebel Yell,2017,2010,4.75,166.04,1,-8.1,759011,0,Rock,1
15177141,Hungry Heart,4762,Bruce Springsteen,The River,1980,1980,3.316666666666667,109.4,1,-11.3,700397,0,Rock,1
3826694,Heart of Gold (2009 Remaster),1379,Neil Young,Harvest (2009 Remaster),1972,1970,3.1166666666666667,170.8,1,-13.4,873567,0,Rock,1
1445506692,Night Moves,2281,Bob Seger & The Silver Bullet Band,Greatest Hits (Deluxe),2021,2020,5.416666666666667,127.6,0,-9.7,601564,0,Rock,1
3803466302,We're Not Gonna Take It,3004,Twisted Sister,Stay Hungry,2026,2020,3.6333333333333333,127.6,0,-10.1,675243,0,Rock,1
4125592,Start Me Up (Remastered 2009),11,The Rolling Stones,Tattoo You (2009 Re-Mastered),2009,2000,3.5166666666666666,122.3,1,-8.4,872437,0,Rock,1
626621,Leaving Trunk,4418,Taj Mahal,Taj Mahal,1999,1990,4.8,173.7,1,-12.9,249233,0,Rock,1
665714352,Roxanne,1981,The Police,Outlandos D'Amour (Remastered 2003),2019,2010,3.183333333333333,133.37,1,-12.2,541582,0,Rock,1
92720102,Thunderstruck,115,AC/DC,The Razors Edge,1990,1990,4.866666666666666,133.4,1,-8.5,950981,0,Rock,1
1899060227,End of Beginning,70227002,Djo,DECIDE,2022,2020,2.65,127.6,0,-10.0,999711,0,Rock,1
5968645,Tumbling Dice,11,The Rolling Stones,Exile On Main Street (2010 Re-Mastered),2010,2010,3.75,110.8,1,-8.0,494857,0,Rock,1
118425530,In the Air Tonight (2015 Remaster),186,Phil Collins,Face Value (2016 Remaster),2013,2010,5.583333333333333,94.83,1,-16.4,557052,0,Rock,1
546248912,Closing Time,2075,Semisonic,Closing Time,2018,2010,4.55,184.57,1,-9.6,656557,0,Rock,1
63480987,Dreams (2004 Remaster),169,Fleetwood Mac,Rumours,1977,1970,4.283333333333333,120.2,1,-12.7,907653,0,Rock,1
3312985,Hit Me With Your Best Shot,2159,Pat Benatar,Crimes Of Passion,2000,2000,2.8333333333333335,127.6,1,-13.4,628075,0,Rock,1
6629660,Keep Your Hands to Yourself,64252,Georgia Satellites,Georgia Satellites,1986,1980,3.4166666666666665,127.6,0,-11.8,227903,0,Rock,1
3122253,Dreaming,425,Blondie,Best Of Blondie,1983,1980,3.1,160.2,1,-16.9,238919,0,Rock,1
82231578,Everlong,566,Foo Fighters,The Colour And The Shape,1997,1990,4.166666666666667,157.8,1,-7.3,640440,0,Rock,1
541866052,Ramblin' Man,6471,The Allman Brothers Band,Brothers And Sisters (Super Deluxe),2018,2010,4.8,178.21,1,-12.6,441315,0,Rock,1
3359652,No Rain,3438,Blind Melon,Blind Melon,1992,1990,3.6166666666666667,148.7,1,-12.6,645293,0,Rock,1
13785973,There Is a Light That Never Goes Out (2011 Remaster),1297,The Smiths,The Queen Is Dead,2001,2000,4.066666666666666,136.0,1,-9.7,560543,0,Rock,1
769361,All My Love (1990 Remaster),848,Led Zeppelin,In Through the out Door (1994 Remaster),1979,1970,5.85,90.5,1,-13.0,497404,0,Rock,1
97081740,Perfect Day,1009,Lou Reed,Transformer,1972,1970,3.75,146.6,1,-18.9,485378,0,Rock,1
127354207,All The Small Things,409,blink-182,Greatest Hits,2016,2010,2.8666666666666667,147.66,1,-8.6,845983,0,Rock,1
2441438,You Get What You Give,2489,New Radicals,Maybe You've Been Brainwashed Too,1998,1990,5.0,113.9,1,-8.9,768607,0,Rock,1
963098,Eye of the Tiger,39,Survivor,Eye Of The Tiger,1991,1990,4.083333333333333,108.8,1,-17.8,812869,0,Rock,1
3874608,Let's Dance (2002 Remaster),997,David Bowie,Let's Dance,2009,2000,4.116666666666666,114.2,1,-13.1,537146,0,Rock,1
5093672,Once in a Lifetime (2005 Remaster),181,Talking Heads,Remain in Light (Deluxe Version),1980,1980,4.316666666666666,116.8,1,-11.1,648562,0,Rock,1
97098412,Panama (2015 Remaster),1168,Van Halen,1984 (Remastered),1984,1980,3.5,141.1,1,-9.6,672106,0,Rock,1
62264191,Tempted,4386,Squeeze,East Side Story,1995,1990,3.966666666666667,94.6,1,-17.8,291360,0,Rock,1
538660012,You Give Love A Bad Name,637,Bon Jovi,Slippery When Wet,2018,2010,3.7,122.68,1,-7.2,412399,0,Rock,1
125468092,Paradise By the Dashboard Light,317,Meat Loaf,Bat Out Of Hell,1977,1970,8.433333333333334,167.4,1,-11.9,508354,0,Rock,1
3613215,Owner of a Lonely Heart,2711,Yes,90125 (Deluxe Version),1983,1980,4.466666666666667,124.91,1,-10.5,797022,0,Rock,1
570650,Somebody to Love,1723,Jefferson Airplane,The Essential Jefferson Airplane,2003,2000,2.9,132.5,1,-12.5,683517,0,Rock,1
134116940,Kiss Me,3240,Sixpence None The Richer,Sixpence None The Richer,1998,1990,3.466666666666667,99.86,1,-11.1,860971,0,Rock,1
518458092,Welcome To The Jungle,663,Guns N' Roses,Appetite For Destruction (Super Deluxe Edition),2018,2010,4.516666666666667,123.05,1,-9.1,887607,1,Rock,1
74933022,Shakedown Street (2013 Remaster),1785,Grateful Dead,Shakedown Street,2006,2000,5.0,109.4,1,-16.8,339484,0,Rock,1
5480241,(You Can Still) Rock In America,16066,Night Ranger,Midnight Madness,2007,2000,4.233333333333333,164.7,1,-16.4,229146,0,Rock,1
15479805,Learn to Fly,566,Foo Fighters,There Is Nothing Left To Lose,1999,1990,3.966666666666667,136.0,1,-7.4,430405,0,Rock,1
15275775,(Don't Fear) The Reaper,692,Blue Öyster Cult,Agents Of Fortune,1986,1980,5.133333333333334,141.1,1,-11.2,438894,0,Rock,1
112659386,Evil Woman,207,Electric Light Orchestra,Face the Music,1975,1970,4.5,127.6,0,-12.1,270560,0,Rock,1
665714382,Can't Stand Losing You,1981,The Police,Outlandos D'Amour (Remastered 2003),2019,2010,2.9833333333333334,141.59,1,-10.2,463714,0,Rock,1
3958789321,If You Wanna Be Adored,392039431,Eva Rose,If You Wanna Be Adored,2026,2020,2.4166666666666665,127.6,0,-7.4,224659,0,Rock,1
518458142,Paradise City,663,Guns N' Roses,Appetite For Destruction (Super Deluxe Edition),2018,2010,6.766666666666667,100.11,1,-10.1,871540,0,Rock,1
1559695,Simple Man,816,Lynyrd Skynyrd,Pronounced 'Leh-'Nérd 'Skin-'Nérd (Expanded Edition),2001,2000,5.916666666666667,119.49,1,-12.0,883683,0,Rock,1
84282505,Proud Mary,2468,Creedence Clearwater Revival,Bayou Country (Expanded Edition),2014,2010,3.1333333333333333,120.2,1,-11.7,435741,0,Rock,1
1041329372,Mr. Brightside,897,The Killers,Hot Fuss,2020,2020,3.716666666666667,127.6,0,-7.7,458373,0,Rock,1
1579730,More Than Words,527,Extreme,20th Century Masters: The Millennium Collection: Best Of Extreme,2002,2000,5.55,93.4,1,-1.68,652747,0,Rock,1
3111030,I'm Gonna Be (500 Miles),2887,The Proclaimers,Sunshine on Leith,1988,1980,3.65,131.7,1,-10.2,528301,0,Rock,1
13704591,Livin' la Vida Loca,2789,Ricky Martin,Ricky Martin,1999,1990,4.05,178.2,1,-7.0,734123,0,Rock,1
116914026,Money,860,Pink Floyd,The Dark Side of the Moon,1973,1970,6.466666666666667,127.6,0,-12.9,810818,1,Rock,1
134617107,Abracadabra,3351,Steve Miller Band,Abracadabra,2004,2000,5.133333333333334,127.21,1,-16.7,361441,0,Rock,1
2293281,Learning To Fly,2110,Tom Petty And The Heartbreakers,Into The Great Wide Open,2007,2000,4.016666666666667,116.8,1,-12.4,723932,0,Rock,1
15174826,Open All Night,4762,Bruce Springsteen,Nebraska,1982,1980,2.8833333333333333,143.6,1,-15.9,323869,0,Rock,1
71828725,Rockstar,338,Nickelback,"The Best of Nickelback, Vol. 1",2013,2010,4.25,144.1,1,-7.2,755418,0,Rock,1
341024831,Little Lies (2017 Remaster),169,Fleetwood Mac,Tango In the Night (Deluxe Edition),2017,2010,3.683333333333333,124.91,1,-12.8,339201,0,Rock,1
2447230,Call Me The Breeze,1436,J.J. Cale,Naturally,1987,1980,2.5833333333333335,127.6,0,-16.9,375330,0,Rock,1
665714672,Message In A Bottle,1981,The Police,Reggatta De Blanc (Remastered 2003),2019,2010,4.833333333333333,127.6,0,-12.2,610621,0,Rock,1
2125097,Dude (Looks Like A Lady),1005,Aerosmith,Permanent Vacation,2007,2000,4.383333333333334,126.4,1,-6.5,613643,0,Rock,1
3590423,Long Time Gone (2005 Remaster),6205,"Crosby, Stills & Nash","Crosby, Stills & Nash",2006,2000,4.266666666666667,106.0,1,-13.5,495422,0,Rock,1
3157066,Fly Away,189,Lenny Kravitz,5,1999,1990,3.7,127.6,0,-9.3,273601,0,Rock,1
2466017615,Peg,1156,Steely Dan,Aja,2023,2020,3.933333333333333,127.6,0,-18.4,528735,0,Rock,1
2760161,On A Night Like This,5484,Buckwheat Zydeco,On A Night Like This,2008,2000,2.533333333333333,73.6,1,-2.86,72810,0,Rock,1
3167906,What's Love Got to Do with It,1454,Tina Turner,What's Love Got to Do with It?,1993,1990,3.7666666666666666,97.7,1,-16.1,260494,0,Rock,1
3248376,My Sharona,4660,The Knack,Get The Knack,2008,2000,4.916666666666667,147.7,1,-13.1,721610,0,Rock,1
82525106,Straight On,7359,Heart,Dog & Butterfly,1978,1970,5.083333333333333,117.1,1,-18.6,220035,0,Rock,1
15586215,Glory Days,4762,Bruce Springsteen,Born In The U.S.A.,1984,1980,4.25,117.5,1,-9.2,631953,0,Rock,1
97098418,Hot for Teacher (2015 Remaster),1168,Van Halen,1984 (Remastered),1984,1980,4.7,126.4,1,-8.2,589075,0,Rock,1
353398321,Eyes Without A Face,2111,Billy Idol,Rebel Yell,2017,2010,4.95,170.84,1,-9.1,980241,0,Rock,1
3090499,Karma Chameleon (Remastered 2002),3183,Culture Club,Colour By Numbers (Remastered / Expanded Edition),2003,2000,4.2,183.8,1,-9.6,629774,0,Rock,1
563033,Lights,3381,Journey,Infinity,2025,2020,3.1666666666666665,204.7,1,-12.7,257656,0,Rock,1
3217360611,Can't You See,7235,The Marshall Tucker Band,The Marshall Tucker Band,1973,1970,6.083333333333333,127.6,0,-8.7,538093,0,Rock,1
66878472,Heart And Soul,248496042,Huey Lewis & The News,Sports,2013,2010,4.166666666666667,121.6,1,-12.0,471775,0,Rock,1
1124237,King Of The Night Time World,67,Kiss,Destroyer,1997,1990,3.316666666666667,138.3,1,-8.8,228826,0,Rock,1
4952817,Long Hot Summer Night,849,Jimi Hendrix,Electric Ladyland,2010,2010,3.466666666666667,168.8,1,-9.7,356107,0,Rock,1
3360977,Don't Do It,3509,The Band,To Kingdom Come (The Definitive Collection),2006,2000,4.666666666666667,159.6,1,-14.4,160297,0,Rock,1
721983,You Are the Woman,64404,Firefall,Firefall,1992,1990,2.7333333333333334,120.9,1,-15.4,267994,0,Rock,1
561677992,Less Honkin' More Tonkin',7201052,The Deslondes,The Deslondes,2015,2010,1.7,127.6,0,-9.3,124890,0,Rock,1
3407566,On The Road Again,2105,Canned Heat,The Best Of Canned Heat,1987,1980,4.983333333333333,129.6,1,-18.8,552512,0,Rock,1
985722002,Don't Look Back In Anger,927,Oasis,Don't Look Back In Anger,1996,1990,4.783333333333333,127.6,0,-7.1,970069,0,Rock,1
549286852,Jessica,6471,The Allman Brothers Band,Legendary Hits,2018,2010,7.466666666666667,142.56,1,-14.9,433958,0,Rock,1
3410229851,No Broke Boys,65148802,Disco Lines,No Broke Boys,2025,2020,2.716666666666667,127.6,0,-10.5,946199,1,Dance,1
1089524,If You're Ready (Come Go With Me),7592,The Staple Singers,Stax Profiles: The Staple Singers,2006,2000,4.516666666666667,100.8,1,-15.3,215448,0,Dance,1
70266756,Wake Me Up,293585,Avicii,True,2013,2010,4.15,124.2,1,-8.7,921155,0,Dance,1
2790796972,360,1462230,Charli xcx,360,2024,2020,2.216666666666667,127.6,0,-8.1,429923,1,Dance,1
3953687011,Butterfly Feelings,961592,Icona Pop,Butterfly Feelings,2026,2020,2.6,127.6,0,-8.7,381933,0,Dance,1
641606502,Feel It All Around,372631,Washed Out,Life of Leisure,2009,2000,3.2,128.8,1,-7.1,353528,0,Dance,1
3850680281,New Religion,4492087,Bebe Rexha,New Religion,2026,2020,2.9,127.6,0,-7.1,996972,0,Dance,1
3988410711,Danceteria,290,Madonna,CONFESSIONS II,2026,2020,3.9166666666666665,127.6,0,-8.6,822465,1,Dance,1
88936747,Summer,12178,Calvin Harris,Motion,2014,2010,3.683333333333333,127.6,0,-6.4,932591,0,Dance,1
2355217045,I'm Too Sexy,19,Right Said Fred,Up,1992,1990,2.8333333333333335,127.6,0,-18.1,343153,0,Dance,1
3952274861,DON'T BELIEVE IT,12170972,John Summit,CTRL ESCAPE,2026,2020,3.1166666666666667,127.6,0,-7.3,631411,0,Dance,1
3791401032,Aperture,5313805,Harry Styles,Aperture,2026,2020,5.183333333333334,127.6,0,-8.0,798980,0,Dance,1
6640575,We Are Family (1995 Remaster),2397,Sister Sledge,We Are Family (1995 Remaster),2009,2000,3.6,119.5,1,-10.3,376986,0,Dance,1
4195078842,Te Estoy Correteando,6851443,Latin Mafia,9 months & 50 hours,2026,2020,3.216666666666667,127.6,0,-9.5,829146,0,Dance,1
4110611741,"Wo, man (Edit)",9549148,Peggy Gou,"Wo, man (Edit)",2026,2020,3.3333333333333335,127.6,0,-8.7,828234,0,Dance,1
115671688,Cheap Thrills,3469,Sia,Cheap Thrills,2015,2010,3.5,179.8,1,-8.5,616433,0,Dance,1
3205781411,The Less I Know The Better,177930417,Mau P,The Less I Know The Better,2025,2020,2.933333333333333,127.6,0,-8.3,555682,0,Dance,1
434625962,Mambo No. 5 (a Little Bit of...),164,Lou Bega,A Little Bit of Mambo,1999,1990,3.6666666666666665,173.71,1,-9.2,830740,0,Dance,1
2136506587,Borderline,4103977,Tove Lo,Borderline,2023,2020,3.216666666666667,127.6,0,-8.3,396480,0,Dance,1
3485446431,Do It To It,12869727,ACRAZE,Do It To It,2021,2020,2.6166666666666667,127.6,0,-8.9,150676,0,Dance,1
3117358471,Say My Name (Remix),50523252,Morgan Seatree,Say My Name (Remix),2024,2020,2.783333333333333,127.6,0,-7.5,768870,0,Dance,1
2721406252,These Words,318860,Badger,These Words,2024,2020,2.2666666666666666,127.6,0,-6.3,620068,0,Dance,1
63017512,I Could Be The One (Avicii Vs. Nicky Romero) (Radio Edit),293585,Avicii,I Could Be The One [Avicii vs Nicky Romero],2012,2010,3.466666666666667,128.0,1,-6.1,774205,0,Dance,1
451254022,The Middle,1198612,Zedd,The Middle,2018,2010,3.066666666666667,106.83,1,-7.5,715592,0,Dance,1
480553372,Cracks (Flux Pavilion Remix),3499,Freestylers,Cracks,2010,2010,4.683333333333334,140.15,1,-7.22,409628,0,Dance,1
621313532,Nothing Breaks Like a Heart (feat. Miley Cyrus) (Don Diablo Remix),13204,Mark Ronson,Nothing Breaks Like a Heart (feat. Miley Cyrus) (Don Diablo Remix),2019,2010,3.6,124.16,1,-6.7,415942,0,Dance,1
3069116671,The Days (NOTION Remix),6462309,CHRYSTAL,The Days (NOTION Remix),2024,2020,3.8833333333333333,127.6,0,-8.5,821541,0,Dance,1
2826194232,Espresso (Mark Ronson x FNZ Working Late Remix),1176900,Sabrina Carpenter,Espresso (Working Late Remixes),2024,2020,3.066666666666667,127.6,0,-7.8,379897,1,Dance,1
3185112831,I Follow Rivers,434,Tiësto,Prismatic: Pack One,2025,2020,3.3,127.6,0,-7.8,775955,0,Dance,1
75541063,All of Me (Tiësto's Birthday Treatment Remix - Radio Edit),313,John Legend,All of Me (Tiësto's Birthday Treatment Remix - Radio Edit),2014,2010,4.183333333333334,128.0,1,-9.0,560526,0,Dance,1
6625821,Two of Hearts,5833,Stacey Q,Better Than Heaven,2008,2000,3.9833333333333334,127.6,0,-10.3,545613,0,Dance,1
1584432112,Come Baby Come,13179,K7,Swing Batta Swing,1993,1990,3.9833333333333334,106.01,1,-11.6,475293,0,Dance,1
3976602,Bulletproof,152788,La Roux,La Roux,2009,2000,3.433333333333333,123.0,1,-6.7,599524,0,Dance,1
142706538,Something Just Like This,892,Coldplay,Something Just Like This,2017,2010,4.116666666666666,102.85,1,-7.7,896671,0,Dance,1
1344570072,Selfish Love (Tiësto Remix),482758,DJ Snake,Selfish Love (Tiësto Remix),2021,2020,2.55,127.6,0,-9.4,274320,0,Dance,1
641606482,New Theory,372631,Washed Out,Life of Leisure,2009,2000,2.8,100.35,1,-5.2,308487,0,Dance,1
2297911845,(It Goes Like) Nanana (Edit),9549148,Peggy Gou,(It Goes Like) Nanana (Edit),2023,2020,3.85,127.6,0,-8.2,821951,0,Dance,1
455331892,Jellyhead (Radio Edit),14913605,Crush,Jellyhead,1997,1990,3.566666666666667,146.09,1,-10.6,75032,0,Dance,1
2097659287,A Milli (SIDEPIECE Remix),74309,Lil Wayne,A Milli (SIDEPIECE Remix),2023,2020,2.55,127.6,0,-8.8,234717,1,Dance,1
3076269681,Dirty Cash (Money Talks),6223838,PAWSA,Dirty Cash (Money Talks),2024,2020,3.683333333333333,127.6,0,0.0,821163,0,Dance,1
129473380,This Is What You Came For (R3hab vs Henry Fong Remix),12178,Calvin Harris,This Is What You Came For (Remixes),2025,2020,4.3,127.6,0,-8.5,313281,0,Dance,1
3450503201,Runaway (U & I),107301842,Ian Asher,Runaway (U & I),2025,2020,2.45,127.6,0,-8.0,645218,0,Dance,1
3625503272,Free (You Got To Live),7803478,HUGEL,Free (You Got To Live),2025,2020,2.8833333333333333,127.6,0,-8.4,854480,0,Dance,1
122885994,Don't Let Me Down (W&W Remix),4104927,The Chainsmokers,Don't Let Me Down (Remixes),2016,2010,3.25,160.25,1,-7.8,407133,0,Dance,1
2590040422,"Bitch, Don't Kill My Vibe",383270211,Trace,"Bitch, Don't Kill My Vibe",2024,2020,2.6166666666666667,127.6,0,-9.1,422980,1,Dance,1
3810497712,Just The Way You Are,3853,Milky,Just The Way You Are,2026,2020,2.65,127.6,0,-8.2,699078,0,Dance,1
15421140,Levels (Skrillex Remix),293585,Avicii,Levels (Remixes),2011,2010,4.683333333333334,140.2,1,-6.3,452328,0,Dance,1
105353316,Push The Feeling On (Mk Dub Revisited Edit),1016,Nightcrawlers,Push The Feeling On,2015,2010,4.016666666666667,123.0,1,-17.7,731064,0,Dance,1
1643117092,Pressure (Alesso Radio Edit),382905,Nadia Ali,Pressure (Alesso Radio Edit),2011,2010,3.033333333333333,128.0,1,-7.8,493736,0,Dance,1
3952534041,Like a Prayer,9308376,Josh Fawaz,Like a Prayer,2026,2020,2.1666666666666665,127.6,0,-10.4,790455,0,Dance,1
123883254,This Is What You Came For,12178,Calvin Harris,This Is What You Came For,2016,2010,3.7,124.16,1,-6.8,938929,0,Dance,1
3843457421,Magnetic,241615471,The Bausa,Magnetic / Addicted To Your Love,2026,2020,3.0166666666666666,127.6,0,-8.5,971891,0,Dance,1
4005509791,POP DAT THANG (David Guetta Mix),11363014,DaBaby,POP DAT THANG (David Guetta Mix),2026,2020,2.8666666666666667,127.6,0,-7.1,584100,1,Dance,1
3923875561,CHICA 305,12170972,John Summit,CHICA 305,2026,2020,3.1333333333333333,127.6,0,-7.8,512477,0,Dance,1
3931003391,i need u,6741503,BUNT.,i need u,2026,2020,3.75,127.6,0,-8.9,627209,0,Dance,1
4081983971,Don't Want Your Love (RØZ Remix),4740968,ILLENIUM,Don't Want Your Love (RØZ Remix),2026,2020,2.716666666666667,127.6,0,-4.8,115506,0,Dance,1
2865992182,"She’s Gone, Dance On (Carlita Remix)",409796,Disclosure,"She’s Gone, Dance On (Carlita Remix)",2024,2020,3.566666666666667,127.6,0,-9.2,310554,0,Dance,1
1580929622,What's on Your Mind (Pure Energy),66096,Information Society,Information Society,1988,1980,4.583333333333333,118.12,1,-17.3,524634,0,Dance,1
3949047621,Dive Into Me (Hypaton Remix),1429841,Alok,Dive Into Me (Remixes),2026,2020,2.283333333333333,127.6,0,-7.4,228693,0,Dance,1
842107412,when we met.,12062642,Elijah Lee,January,2020,2020,2.5,127.6,0,-8.4,15627,0,Dance,1
1270028752,Streets (Disclosure Remix),5578942,Doja Cat,Streets (Disclosure Remix),2021,2020,4.233333333333333,127.6,0,-10.6,319551,1,Dance,1
1724960817,Hallucination (Navos Remix),8185084,Regard,Hallucination (Navos Remix),2022,2020,2.5,127.6,0,-9.8,340612,1,Dance,1
32116961,Where Have You Been (Hardwell Club Mix),564,Rihanna,Where Have You Been (Remixes),2012,2010,6.583333333333333,128.0,1,-6.7,322391,0,Dance,1
1951192377,Escape (John Summit Remix),142381,deadmau5,Escape (John Summit Remix),2022,2020,3.7666666666666666,127.6,0,-8.2,353026,0,Dance,1
2163368827,Assumptions (Kaytranada Edit),7497634,Sam Gellaitry,Assumptions (Kaytranada Edit),2023,2020,4.8,127.6,0,-9.8,335988,0,Dance,1
4008734111,Seratonin,8205210,James Hype,Seratonin,2026,2020,1.9166666666666667,127.6,0,-7.7,782019,0,Dance,1
3983205411,Magnetic (Samm Remix),241615471,The Bausa,Magnetic (Samm Remix),2026,2020,3.6333333333333333,127.6,0,-10.2,378510,0,Dance,1
61453569,Don't You Worry Child (Tom Staar & Kryder Remix),407188,Swedish House Mafia,Don't You Worry Child (Remixes),2012,2010,6.333333333333333,128.0,1,-6.6,174089,0,Dance,1
3570013781,No Broke Boys (AVELLO Remix),65148802,Disco Lines,No Broke Boys (AVELLO Remix),2025,2020,2.7333333333333334,127.6,0,-5.7,460150,1,Dance,1
4000302791,What You Want (Fcukers Remix),1042268,Angèle,What You Want (Fcukers Remix),2026,2020,3.3666666666666667,127.6,0,-8.6,535977,0,Dance,1
3997559611,Do You Mind (Remix),244962,Kyla,Do You Mind (Remix),2009,2000,3.4833333333333334,127.6,0,-8.0,854792,0,Dance,1
4082082121,Invisible,204924487,Jazzy,Invisible,2026,2020,3.2666666666666666,127.6,0,-8.0,653558,1,Dance,1
91579846,Take Ü There (feat. Kiesza) (Tchami Remix),6699381,Jack Ü,Take Ü There (feat. Kiesza) (Remixes),2014,2010,4.55,126.8,1,-7.1,175214,0,Dance,1
1637377362,Moth To A Flame (Chris Lake Remix),407188,Swedish House Mafia,Moth To A Flame (Chris Lake Remix),2022,2020,4.633333333333334,127.6,0,-8.2,242971,0,Dance,1
3475771181,All The Things She Said (Culture Shock Version),410770,Culture Shock,All The Things She Said (Culture Shock Version),2025,2020,2.6333333333333333,127.6,0,-4.7,331843,1,Dance,1
4160058162,run,9757762,Amelie Lens,run,2026,2020,4.366666666666666,127.6,0,-6.1,740324,0,Dance,1
3355164441,Silence (John Summit Remix),561,Delerium,Silence (John Summit Remix),2025,2020,4.583333333333333,127.6,0,-7.0,683503,0,Dance,1
3834025051,Don't Remind Me (KILIMANJARO Remix),10126424,Amber Mark,Don't Remind Me (KILIMANJARO Remix),2026,2020,2.716666666666667,127.6,0,-7.4,165954,1,Dance,1
2871900192,Black Friday (pretty like the sun),5866223,Lost Frequencies,Black Friday (pretty like the sun),2024,2020,2.4166666666666665,127.6,0,-10.1,791990,0,Dance,1
3046234271,Devil's Water,59511,Rennie Foster,Devil's Water,2009,2000,6.183333333333334,127.6,0,-10.8,31312,0,Dance,1
3893519961,..FEISTY (Oppidan remix),97855452,Oppidan,USB002 REMIXES,2026,2020,2.683333333333333,127.6,0,-8.5,376989,1,Dance,1
3598950442,DNCR,4576,Kaskade,DNCR / imprint,2025,2020,3.1166666666666667,127.6,0,-8.4,211289,0,Dance,1
3503251571,Sweet Nothing (2025 Edit),162668,D.O.D,Sweet Nothing (2025 Edit),2025,2020,3.3666666666666667,127.6,0,-6.9,624926,0,Dance,1
1992816487,Never Gonna Not Dance Again,69925,P!nk,Never Gonna Not Dance Again,2022,2020,3.75,127.6,0,-7.4,643505,1,Dance,1
3892170151,Bulletproof,152788,La Roux,Bulletproof,2026,2020,2.9,127.6,0,-6.9,357330,0,Dance,1
3719577452,All I Think About,64841772,Jack Orley,All I Think About,2026,2020,2.683333333333333,127.6,0,-7.3,367248,0,Dance,1
3433564151,light years (Matt Sassari Remix),12170972,John Summit,light years (Matt Sassari Remix),2025,2020,2.4833333333333334,127.6,0,-9.5,246608,0,Dance,1
3984147451,Meet Again,4576,Kaskade,Meet Again,2026,2020,3.433333333333333,127.6,0,-7.6,492065,0,Dance,1
2442494585,Happier (Breathe Carolina Remix),7890702,Marshmello,Happier (Remixes),2018,2010,2.6333333333333333,127.6,0,-7.2,355025,0,Dance,1
5617992,Don't Walk Away,287151801,Jade,Jade To The Max,1992,1990,4.733333333333333,102.8,1,-13.1,510919,0,Dance,1
3897626871,My Loving (Morgan Seatree Remix),431341,Sonny Fodera,My Loving (Morgan Seatree Remix),2026,2020,2.533333333333333,127.6,0,-8.7,178066,0,Dance,1
3591973112,Psycho Killer (The Cube Guys Remix Radio Edit),181,Talking Heads,Psycho Killer (The Cube Guys Remix),2025,2020,3.0166666666666666,127.6,0,-6.8,93902,0,Dance,1
3898197591,Actin' Tough,129070482,Dean Turnley,Actin' Tough,2026,2020,3.1166666666666667,127.6,0,-10.9,656917,1,Dance,1
3449729641,Stay (Ely Oaks Version),127463032,Ely Oaks,Stay (Ely Oaks Version),2025,2020,2.65,127.6,0,-7.3,464605,0,Dance,1
3410232121,Folded,5603027,Kehlani,Folded,2025,2020,3.966666666666667,127.6,0,-9.1,828443,0,R&B,1
2929833161,MUTT,85065212,Leon Thomas,MUTT,2024,2020,3.216666666666667,127.6,0,-10.0,725580,1,R&B,1
4677572,Upside Down,4699,Diana Ross,Diana,2003,2000,4.066666666666666,127.6,0,-12.2,794190,0,R&B,1
2755315691,Love Me Not,8973774,Ravyn Lenae,Love Me Not / Love Is Blind,2024,2020,3.55,127.6,0,-9.3,988877,0,R&B,1
2672689962,Saturn,5531258,SZA,Saturn,2025,2020,3.0166666666666666,127.6,0,-9.3,706724,0,R&B,1
664178,Kiss,1878,Prince,Parade - Music from the Motion Picture Under the Cherry Moon,2007,2000,3.7666666666666666,111.44,1,-15.6,839151,0,R&B,1
97095572,Let's Stay Together,2369,Al Green,Let's Stay Together,2015,2010,3.316666666666667,127.6,0,-12.2,785551,0,R&B,1
2055292087,Snooze,5531258,SZA,SOS,2022,2020,3.35,127.6,0,-10.0,845535,1,R&B,1
4058771501,Saturday Night,8973774,Ravyn Lenae,Blue Island,2026,2020,3.6166666666666667,127.6,0,-8.6,392726,0,R&B,1
4038764841,NOBLE,90496732,F3miii,NOBLE (Slowed Down),2026,2020,3.1,127.6,0,-9.2,799009,0,R&B,1
2055292027,Kill Bill,5531258,SZA,SOS,2022,2020,2.55,127.6,0,-8.0,832407,0,R&B,1
3034835481,PUSH 2 START,1220981,Tyla,TYLA +,2024,2020,2.6166666666666667,127.6,0,-7.8,772784,0,R&B,1
722656,(Sittin' On) the Dock of the Bay,2945,Otis Redding,The Very Best of Otis Redding,1992,1990,2.7666666666666666,102.85,1,-15.6,647170,0,R&B,1
2742721261,Residuals,102,Chris Brown,11:11 (Deluxe),2024,2020,3.5833333333333335,127.6,0,-10.0,620031,0,R&B,1
1043894,Waterfalls,183,TLC,Crazysexycool,1994,1990,4.6,86.0,1,-11.5,696272,0,R&B,1
608507,Never Too Much,521,Luther Vandross,Never Too Much,1981,1980,3.8333333333333335,110.54,1,-15.3,733502,0,R&B,1
412184692,Need Your Love,4651129,Curtis Harding,Face Your Fear,2017,2010,2.95,140.15,1,-8.8,734971,0,R&B,1
1352360622,Save Your Tears (Remix),4050205,The Weeknd,Save Your Tears (Remix),2021,2020,3.183333333333333,127.6,0,-7.2,955578,0,R&B,1
2119674,On & On,2056,Erykah Badu,Baduizm,1998,1990,3.7666666666666666,80.28,1,-13.1,418433,1,R&B,1
3870825,Hey Jude,1398,Wilson Pickett,Hey Jude,2007,2000,4.116666666666666,163.4,1,-17.4,178414,0,R&B,1
82524066,Pony,191,Ginuwine,Ginuwine... The Bachelor,1996,1990,5.416666666666667,142.1,1,-10.8,726985,0,R&B,1
361115931,The Weight,7592,The Staple Singers,Soul Folk In Action,2017,2010,4.55,152.0,1,-17.2,124209,0,R&B,1
2367069805,It Depends On Who You Ask,15008095,Abe Lamarca,It Depends On Who You Ask,2023,2020,4.683333333333334,127.6,0,-8.2,7792,0,R&B,1
1075781,No Scrubs,183,TLC,Fanmail,1999,1990,3.566666666666667,92.9,1,-9.7,968382,0,R&B,1
1874604187,Loving Is Easy,11361878,Rex Orange County,Loving is Easy,2017,2010,2.5833333333333335,127.6,0,-9.9,552888,1,R&B,1
3232025631,NOKIA,246791,Drake,$ome $exy $ongs 4 U,2025,2020,4.016666666666667,127.6,0,-7.5,784055,1,R&B,1
2176858,Tears Dry On Their Own,9052,Amy Winehouse,Back To Black,2006,2000,3.066666666666667,121.6,1,-7.3,807331,1,R&B,1
1225758552,Blinding Lights,4050205,The Weeknd,The Highlights,2021,2020,3.3333333333333335,127.6,0,-8.8,442452,0,R&B,1
487484142,September,248,"Earth, Wind & Fire",September,2018,2010,3.5833333333333335,126.43,1,-12.7,934544,0,R&B,1
779389562,The World (Is Going Up in Flames),1027239,Charles Bradley,No Time For Dreaming,2011,2010,3.3666666666666667,127.6,0,-12.5,571729,0,R&B,1
568706062,Weak,2380,SWV,Weak - EP,2018,2010,4.833333333333333,127.6,1,-14.9,91960,0,R&B,1
5093796,Kiss from a Rose,1444,Seal,Seal,1994,1990,4.8,131.7,1,-8.9,441136,0,R&B,1
90556565,Midnight Train to Georgia (Short Version),9999,Gladys Knight & The Pips,Imagination (Expanded Edition),2014,2010,3.283333333333333,88.5,1,-13.6,559015,0,R&B,1
115195420,Move on Up (Single Edit),2027,Curtis Mayfield,Move on Up (Single Edit),2015,2010,2.75,138.3,1,-10.0,817822,0,R&B,1
4022106201,touch myself,14601135,kwn,touch myself/idea of love,2026,2020,4.15,127.6,0,-8.7,579435,0,R&B,1
586048,"Summer Breeze, Pts. 1 & 2",732,The Isley Brothers,The Essential Isley Brothers,2004,2000,6.2,158.4,1,-11.4,312818,0,R&B,1
14548525,Ooh Baby Baby,74346,Will Downing,Yesterday,2011,2010,5.166666666666667,156.0,1,-9.9,36170,0,R&B,1
509743702,Keep on Running,5947414,Byrne & Barnes,An Eye for an Eye,2016,2010,3.283333333333333,127.6,0,-13.4,212833,0,R&B,1
788643242,"Signed, Sealed, Delivered (I'm Yours)",166,Stevie Wonder,Signed Sealed And Delivered,2019,2010,2.6666666666666665,127.6,0,-12.3,687076,0,R&B,1
1692662987,Good Morning Gorgeous (feat. H.E.R.),152,Mary J. Blige,Good Morning Gorgeous (feat. H.E.R.),2022,2020,2.9,127.6,0,-9.6,247325,0,R&B,1
4220780612,You're Gonna Need Me,146648222,Fred Robertson,You're Gonna Need Me,2026,2020,4.25,127.6,0,-14.0,100000,0,R&B,1
141688205,Love and Happiness,2369,Al Green,Greatest Hits,1975,1970,5.05,100.59,1,-12.5,664801,0,R&B,1
2988053201,Dancing In The Flames,4050205,The Weeknd,Dancing In The Flames,2024,2020,3.6666666666666665,127.6,0,-8.8,837125,0,R&B,1
3340837,Golden Time Of Day (Remastered),2398,Maze,Golden Time Of Day (Remastered),2004,2000,5.55,197.8,1,-11.7,140789,0,R&B,1
3867905081,Risk It All,429675,Bruno Mars,The Romantic,2026,2020,3.4,127.6,0,-13.5,934623,0,R&B,1
788653842,Doing It To Death (Single Edit),182978,Fred Wesley & The J.B.'s,The Best Of James Brown 20th Century The Millennium Collection Vol. 3,2019,2010,5.066666666666666,127.6,0,-13.0,267579,0,R&B,1
7035053,Wake up Everybody (feat. Common & Melanie Fiona),313,John Legend,Wake Up!,2010,2010,4.416666666666667,94.0,1,-11.6,416136,0,R&B,1
2112268,Real Love,152,Mary J. Blige,What's The 411?,2007,2000,4.5,95.0,1,-11.4,547732,0,R&B,1
779499172,Midnight Rider,62380,Sharon Jones & The Dap-Kings,Midnight Rider,2016,2010,3.3,127.6,0,-7.8,198921,0,R&B,1
779395172,Better Things,62380,Sharon Jones & The Dap-Kings,I Learned the Hard Way,2010,2010,3.6666666666666665,127.6,0,-12.0,340250,0,R&B,1
3473370681,It Depends (feat. Bryson Tiller),102,Chris Brown,It Depends (feat. Bryson Tiller),2025,2020,4.516666666666667,127.6,0,-9.9,660979,1,R&B,1
3612800442,Who Knows,5245183,Daniel Caesar,Son Of Spergy,2025,2020,3.7666666666666666,127.6,0,-12.8,847746,0,R&B,1
509743642,Never Gonna Stop Lovin' You,5947414,Byrne & Barnes,An Eye for an Eye,2016,2010,3.6166666666666667,127.6,0,-11.7,165447,0,R&B,1
820922982,A Good Song,1083455,Swamp Dogg,Sorry You Couldn't Make It,2020,2020,2.9,127.6,0,-14.1,37502,0,R&B,1
492476222,Beyond,7420680,Leon Bridges,Good Thing,2018,2010,4.0,152.0,1,-9.0,563470,0,R&B,1
3822029,Can We Talk,8846,Tevin Campbell,I'm Ready,2021,2020,4.733333333333333,172.27,1,-14.5,296977,0,R&B,1
3501645,That's The Way Love Goes,262,Janet Jackson,Janet,2000,2000,4.416666666666667,97.7,1,-12.3,669031,0,R&B,1
3982036791,AIN'T U TIRED?,9262400,Jessie Reyez,AIN'T U TIRED?,2026,2020,3.683333333333333,127.6,0,-8.6,446488,1,R&B,1
2164606877,Die For You (Remix),4050205,The Weeknd,Die For You (Remix),2023,2020,3.8666666666666667,127.6,0,-8.4,649652,0,R&B,1
7634922,Lovely Day,1118,Bill Withers,Lean on Me: The Best of Bill Withers,1994,1990,4.233333333333333,98.0,1,-15.7,302995,0,R&B,1
2176853,You Know I'm No Good,9052,Amy Winehouse,Back To Black,2006,2000,4.316666666666666,204.7,1,-7.2,867273,0,R&B,1
143047952,Spill The Wine,5858,Eric Burdon,Eric Burdon Declares War,1970,1970,4.9,119.49,1,-16.1,325644,0,R&B,1
4078982021,Sunshine,54236722,anaiis,Sunshine / P4P,2026,2020,3.6666666666666665,127.6,0,-9.2,338665,0,R&B,1
3958539161,HELLO!,5374412,Durand Bernarr,BERNARR.,2026,2020,3.4166666666666665,127.6,0,-9.8,192520,0,R&B,1
2294360925,Just Can't Win 'Em All,4026000,Stevie Woods,Take Me to Your Heaven,1981,1980,4.166666666666667,127.6,0,-12.1,104998,0,R&B,1
1276848932,Girls Know How,14984,Al Jarreau,Al Jarreau Works,2021,2020,3.5,127.6,0,-10.6,176079,0,R&B,1
4092065251,Man On A Mission (feat. Wizkid),102,Chris Brown,BROWN (The Chocolate Edition),2026,2020,3.8666666666666667,127.6,0,-9.6,580553,1,R&B,1
1012940,Always Be My Baby,65,Mariah Carey,Daydream,1995,1990,4.3,157.8,1,-12.6,633334,0,R&B,1
3953833891,linknb,4648381,Kelela,linknb,2026,2020,1.9166666666666667,127.6,0,-10.5,257147,0,R&B,1
6632138,Here Comes the Pain Again,66947,Karyn White,Make Him Do Right,1994,1990,4.45,85.1,1,-12.3,120502,0,R&B,1
1171629,Umbrella (Radio Edit),564,Rihanna,Umbrella,2007,2000,4.266666666666667,173.7,1,-8.7,781744,0,R&B,1
15388216,You Make Me Wanna...,17,USHER,My Way,1997,1990,3.65,164.1,1,-11.5,495811,0,R&B,1
92298788,Sugah Daddy,5004,D'Angelo,Black Messiah,2014,2010,5.033333333333333,92.7,1,-12.1,350715,0,R&B,1
140302333,Tired of Being Alone,2369,Al Green,Tired of Being Alone,2016,2010,2.8666666666666667,127.6,0,-11.1,665688,0,R&B,1
4022872421,WNBA,246791,Drake,HABIBTI,2026,2020,2.966666666666667,127.6,0,-9.4,713757,1,R&B,1
484117402,Carry Me Home,9945222,Jorja Smith,Project 11,2016,2010,4.7,119.84,1,-11.1,432896,0,R&B,1
3403454,Across 110th Street,2451,Bobby Womack,Anthology,2003,2000,3.8333333333333335,110.0,1,-17.4,635028,0,R&B,1
3812250232,Might Just,11116250,Ella Mai,Do You Still Love Me?,2026,2020,3.716666666666667,127.6,0,-10.0,624774,1,R&B,1
4015133581,JEZEBEL,48995601,Giveon,BELOVED: ACT II,2026,2020,4.416666666666667,127.6,0,-9.7,546352,0,R&B,1
346967971,Heart Beat,6243,The Pointer Sisters,So Excited! (Expanded Edition),1982,1980,4.366666666666666,117.12,1,-11.8,150008,0,R&B,1
765887552,Poison,7548,Bell Biv DeVoe,Poison (Expanded Edition),2019,2010,4.35,127.6,0,-12.7,689304,0,R&B,1
67163992,Un-Break My Heart,1760,Toni Braxton,Secrets,1996,1990,4.5,110.0,1,-12.4,764848,0,R&B,1
3949488111,Obvious,102,Chris Brown,Obvious,2026,2020,3.1,127.6,0,-9.1,601759,1,R&B,1
2119675,Appletree,2056,Erykah Badu,Baduizm,1998,1990,4.416666666666667,127.6,0,-13.1,475652,0,R&B,1
3958539291,My Life,5374412,Durand Bernarr,BERNARR.,2026,2020,3.533333333333333,127.6,0,-9.6,297769,0,R&B,1
4022872471,Classic,246791,Drake,HABIBTI,2026,2020,2.9833333333333334,127.6,0,-10.2,642021,1,R&B,1
102086970,Coming Home,7420680,Leon Bridges,Coming Home,2015,2010,3.6,74.8,1,-8.9,420195,0,R&B,1
3662406992,Robbed You,14482665,Summer Walker,Finally Over It,2025,2020,3.3,127.6,0,-8.3,128101,0,R&B,1
4097964281,Limit,52471452,Nia Smith,Payback Is A Dog (EP),2026,2020,2.7666666666666666,127.6,0,-9.6,292860,0,R&B,1
407645462,Look Who's Lonely Now,7552,Randy Crawford,Windsong,1982,1980,3.6333333333333333,127.6,0,-18.1,195608,0,R&B,1
2688805,Wishing on a Star,2360,Rose Royce,The Very Best Of Rose Royce,2001,2000,4.866666666666666,93.8,1,-15.0,459890,0,R&B,1
3822129,Breakin' Away,14984,Al Jarreau,Breakin' Away,2009,2000,4.216666666666667,143.6,1,-21.5,413415,0,R&B,1
4097964301,Stuntin,52471452,Nia Smith,Payback Is A Dog (EP),2026,2020,3.3,127.6,0,-9.2,433339,1,R&B,1
3765666322,other side.,7397124,Brent Faiyaz,Icon,2026,2020,3.25,127.6,0,-8.8,601093,0,R&B,1
95873824,Celebration,305,Kool & The Gang,Celebrate!,1986,1980,4.966666666666667,127.6,0,-17.4,775993,0,R&B,1
3050350231,Hard Work,78325,Walter Beasley,I'm Back,2015,2010,4.366666666666666,127.6,0,-11.4,40979,0,R&B,1
4065057331,Nowhere Fast,10318770,Lucky Daye,Nowhere Fast,2026,2020,2.933333333333333,127.6,0,-9.9,377259,0,R&B,1
3285890751,mangetout,134334152,Wet Leg,moisturizer,2025,2020,3.4,127.6,0,-7.3,678844,1,Alternative,1
3202155021,Delete Ya,70227002,Djo,Delete Ya,2025,2020,3.3833333333333333,127.6,0,-9.0,711233,0,Alternative,1
2365569495,My Love Mine All Mine,6630050,Mitski,The Land Is Inhospitable and So Are We,2023,2020,2.3,127.6,0,-14.0,888523,0,Alternative,1
2310201655,Stick Season,11819131,Noah Kahan,Stick Season (We'll All Be Here Forever),2023,2020,3.033333333333333,127.6,0,-9.7,848642,0,Alternative,1
936899,Where Is My Mind?,652,Pixies,Death to the Pixies,1997,1990,3.816666666666667,127.6,0,-15.4,935713,0,Alternative,1
564326662,Babydoll,13864157,Dominic Fike,"Don't Forget About Me, Demos",2018,2010,1.6333333333333333,168.06,1,-9.0,985606,0,Alternative,1
3852206111,Drag Path,647650,Twenty One Pilots,Drag Path,2026,2020,3.7333333333333334,127.6,0,-7.6,813421,0,Alternative,1
828216172,Texas Sun,5328540,Khruangbin,Texas Sun,2020,2020,4.2,127.6,0,-12.8,734333,0,Alternative,1
725241,Around the World,182,Red Hot Chili Peppers,Californication (Deluxe Edition),2004,2000,3.966666666666667,189.7,1,-5.9,725245,1,Alternative,1
115711060,Wait a Minute!,70942,WILLOW,ARDIPITHECUS,2015,2010,3.2666666666666666,101.08,1,-9.6,823418,0,Alternative,1
2816073782,Sienna,12607183,The Marías,Submarine,2024,2020,3.7333333333333334,127.6,0,-7.9,811425,0,Alternative,1
3939622721,White Noise,83527112,Holly Humberstone,Cruel World,2026,2020,3.75,127.6,0,-7.0,389811,0,Alternative,1
136334560,Losing My Religion,129,R.E.M.,Out Of Time,2016,2010,4.433333333333334,125.66,1,-8.6,973013,0,Alternative,1
680516,Dani California,182,Red Hot Chili Peppers,Stadium Arcadium,2006,2000,4.7,95.9,1,-6.6,859710,0,Alternative,1
802283032,Supalonely,67244002,BENEE,STELLA & STEVE,2019,2010,3.716666666666667,128.8,1,-8.4,676680,1,Alternative,1
945389,Here Comes Your Man,652,Pixies,Doolittle,1989,1980,3.35,127.6,0,-15.2,718105,0,Alternative,1
90326361,Shut Up and Dance,525307,WALK THE MOON,TALKING IS HARD,2014,2010,3.283333333333333,128.0,1,-6.7,909190,0,Alternative,1
778429,Good Riddance (Time of Your Life),52,Green Day,Nimrod,1997,1990,2.55,94.6,1,-11.2,817088,1,Alternative,1
3131304,Santa Monica,3132,Everclear,Sparkle And Fade,1995,1990,3.2333333333333334,101.8,1,-10.1,476468,0,Alternative,1
3651959272,White Keys,13864157,Dominic Fike,White Keys,2025,2020,2.35,127.6,0,-9.3,887767,0,Alternative,1
3416737961,Rein Me In,12096672,Sam Fender,Rein Me In,2025,2020,5.65,127.6,0,-9.2,900174,1,Alternative,1
938553,Cars,2706,Gary Numan,The Pleasure Principle,1979,1970,3.966666666666667,127.6,0,-12.1,635364,0,Alternative,1
86040457,Go Away,418,Weezer,Everything Will Be Alright In The End,2014,2010,3.2333333333333334,127.6,0,-7.9,725874,0,Alternative,1
4214712622,Lost Boys,1058631,Phoebe Bridgers,Lost Weekend,2026,2020,4.25,127.6,0,-9.1,694078,0,Alternative,1
2732302771,Earrings,193142737,Malcolm Todd,Sweet Boy,2024,2020,2.5166666666666666,127.6,0,-9.3,959265,0,Alternative,1
2622232942,Home,250680782,Good Neighbours,Home,2024,2020,2.6166666666666667,127.6,0,-7.6,771290,0,Alternative,1
3151351511,back to friends,145468192,sombr,back to friends,2024,2020,3.316666666666667,127.6,0,-5.5,980345,0,Alternative,1
4151325372,oh yeah?,65574,Steve Lacy,Oh yeah?,2026,2020,2.8333333333333335,127.6,0,-8.4,976963,1,Alternative,1
2758511491,No One Noticed,12607183,The Marías,If Only + No One Noticed,2024,2020,3.933333333333333,127.6,0,-8.8,549922,0,Alternative,1
3979667931,Orbiter,11819131,Noah Kahan,The Great Divide: The Last Of The Bugs,2026,2020,4.783333333333333,127.6,0,-10.4,889678,0,Alternative,1
1357792772,First Day of My Life,947,Bright Eyes,"I'm Wide Awake, It's Morning",2005,2000,3.15,127.6,0,-14.4,644648,0,Alternative,1
2210446317,The Hardest Button to Button,636,The White Stripes,Elephant (Deluxe),2023,2020,3.533333333333333,127.6,0,-11.6,636463,0,Alternative,1
74689498,Better Than,567146,Lake Street Dive,Bad Self Portraits,2014,2010,3.6,156.01,1,-11.9,403550,0,Alternative,1
985938122,Supersonic,927,Oasis,Supersonic,1994,1990,4.716666666666667,127.6,0,-8.1,893959,0,Alternative,1
950980,So Alive,9106,Love and Rockets,Love And Rockets,2002,2000,4.283333333333333,127.6,0,-16.7,121030,0,Alternative,1
70403444,A World Alone,4448485,Lorde,Pure Heroine,2013,2010,4.9,118.1,1,-9.4,661069,0,Alternative,1
725274,Californication,182,Red Hot Chili Peppers,Californication (Deluxe Edition),2004,2000,5.483333333333333,96.8,1,-6.7,957783,0,Alternative,1
3777292572,To Love Somebody,83527112,Holly Humberstone,To Love Somebody,2026,2020,3.966666666666667,127.6,0,-6.2,386903,0,Alternative,1
985745702,Wonderwall,927,Oasis,(What's The Story) Morning Glory?,1995,1990,4.3,127.6,0,-8.5,988464,0,Alternative,1
143602140,Anchor,5549375,Novo Amor,Bathing Beach,2017,2010,4.283333333333333,117.12,1,-8.7,729054,0,Alternative,1
1137208172,New Slang,1340,The Shins,"Oh, Inverted World",2001,2000,3.85,127.6,0,-11.8,680170,0,Alternative,1
3974113431,Doors,11819131,Noah Kahan,The Great Divide,2026,2020,3.85,127.6,0,-9.2,711435,1,Alternative,1
655095912,bad guy,9635624,Billie Eilish,"WHEN WE ALL FALL ASLEEP, WHERE DO WE GO?",2019,2010,3.2333333333333334,135.11,1,-8.2,932130,0,Alternative,1
1627955162,Simulation Swarm,9829340,Big Thief,Dragon New Warm Mountain I Believe In You,2022,2020,4.2,127.6,0,-9.3,609550,0,Alternative,1
134024948,Waste A Moment,385,Kings Of Leon,WALLS,2016,2010,3.05,152.56,1,-7.7,630322,0,Alternative,1
16501728,We Are Young (feat. Janelle Monáe),380832,fun.,Some Nights,2012,2010,4.166666666666667,92.1,1,-8.4,897622,0,Alternative,1
142253723,Alaska,5617341,Maggie Rogers,Now That The Light Is Fading,2017,2010,3.15,103.88,1,-11.4,572143,0,Alternative,1
60449861,The One I Love (Remastered 2012),129,R.E.M.,Document - 25th Anniversary Edition,2012,2010,3.283333333333333,127.6,1,-7.4,425504,0,Alternative,1
71955234,Mr. Brightside,897,The Killers,Direct Hits,2013,2010,3.716666666666667,127.6,0,-6.3,711026,0,Alternative,1
1084243142,Five More Minutes,7224626,The War And Treaty,Hearts Town,2020,2020,3.7333333333333334,127.6,0,-11.4,62499,0,Alternative,1
138544261,High and Dry,399,Radiohead,The Bends,1995,1990,4.283333333333333,174.45,1,-12.9,776015,0,Alternative,1
4130012131,I Feel Hope Coming,1624980,Alabama Shakes,I Feel Hope Coming,2026,2020,5.183333333333334,127.6,0,-6.3,389427,0,Alternative,1
2739251401,Ministry,869752,Karen O,Lux Prima,2019,2010,5.1,127.6,0,-11.8,496183,0,Alternative,1
2922954161,Home (2019 Remaster),248102,Edward Sharpe & The Magnetic Zeros,Up From Below - 10th Anniversary Edition,2009,2000,5.1,127.6,0,-8.6,740871,0,Alternative,1
75812668,Holocene,78668,Bon Iver,"Bon Iver, Bon Iver",2011,2010,5.616666666666666,127.6,0,-13.5,655095,1,Alternative,1
13785959,This Charming Man (2011 Remaster),1297,The Smiths,The Smiths,2001,2000,2.7,104.1,1,-10.3,576749,0,Alternative,1
1137179712,Such Great Heights,1653,Iron & Wine,Around the Well,2009,2000,4.183333333333334,127.6,0,-12.5,650792,0,Alternative,1
751126,The Killing Moon,166763,Echo and the Bunnymen,Songs to Learn & Sing,1998,1990,5.766666666666667,124.2,1,-8.0,666451,0,Alternative,1
1551696422,In The Morning (Solstice Version),74444,Fleet Foxes,A Very Lonely Solstice,2021,2020,2.2,127.6,0,-12.6,212606,0,Alternative,1
2801558062,WILDFLOWER,9635624,Billie Eilish,HIT ME HARD AND SOFT,2024,2020,4.35,127.6,0,-12.1,964181,0,Alternative,1
1491989872,These Days,1039,Cat Power,Covers,2022,2020,3.7333333333333334,127.6,0,-12.6,397457,0,Alternative,1
490821062,Tieduprightnow,7626764,Parcels,Tieduprightnow,2018,2010,4.15,102.08,1,-11.0,705287,0,Alternative,1
3230484081,Safeandsound,7626764,Parcels,Safeandsound,2025,2020,4.616666666666666,127.6,0,-9.5,650489,0,Alternative,1
407645032,Plush (2017 Remaster),4435,Stone Temple Pilots,Core (Super Deluxe Edition),2017,2010,5.216666666666667,144.56,1,-9.7,421773,0,Alternative,1
62791751,1979 (Remastered 2012),193331,The Smashing Pumpkins,Mellon Collie And The Infinite Sadness (Deluxe Edition),2012,2010,4.433333333333334,126.82,1,-11.3,462594,0,Alternative,1
70322130,Do I Wanna Know?,1182,Arctic Monkeys,AM,2013,2010,4.533333333333333,84.89,1,-10.1,931645,0,Alternative,1
133098890,Hey There Delilah,959,Plain White T's,All That We Needed,2016,2010,3.8666666666666667,103.88,1,-11.0,466781,0,Alternative,1
2287764037,Say Yes To Heaven,1424821,Lana Del Rey,Say Yes To Heaven,2023,2020,3.4833333333333334,127.6,0,-10.8,870317,0,Alternative,1
678053,When I Come Around,52,Green Day,Dookie,2003,2000,2.966666666666667,193.2,1,-7.6,744416,0,Alternative,1
3709131862,Beams,13286961,Arlo Parks,Ambiguous Desire,2026,2020,3.65,127.6,0,-8.8,459154,0,Alternative,1
460264972,No Wrong,469470,Bahamas,Earthtones,2018,2010,3.816666666666667,119.15,1,-10.0,464637,0,Alternative,1
427638182,Boulevard of Broken Dreams,52,Green Day,Greatest Hits: God's Favorite Band,2017,2010,4.366666666666666,166.71,1,-7.3,736178,1,Alternative,1
526540802,Me and My Husband,6630050,Mitski,Be the Cowboy,2018,2010,2.283333333333333,172.27,1,-8.9,590237,0,Alternative,1
2833834872,Apple,1462230,Charli xcx,BRAT,2024,2020,2.5166666666666666,127.6,0,-7.3,729881,0,Electro,1
4225163932,Counting Stars,409913162,KET?O,Counting Stars,2026,2020,3.0833333333333335,127.6,0,-13.9,100000,0,Electro,1
3135553,One More Time,27,Daft Punk,Discovery,2001,2000,5.333333333333333,127.6,0,-12.8,930849,0,Electro,1
3892792631,Free Your Mind,7309256,Prospa,Free Your Mind,2026,2020,3.35,127.6,0,-7.9,950329,0,Electro,1
140875593,(No One Knows Me) Like the Piano,525619,Sampha,Process,2017,2010,3.6333333333333333,127.6,0,-13.4,622021,0,Electro,1
2551401442,After Twilight,72628,Lawson Rollins,"Infinite Chill, Vol. 2",2024,2020,4.0,127.6,0,-10.4,22167,0,Electro,1
3453130621,Drawing With The Kids,2710131,HNNY,Close,2025,2020,2.8666666666666667,127.6,0,-12.6,65024,0,Electro,1
882733962,Negroni Summer,2349291,Donny Benet,Mr Experience,2020,2020,3.8,127.6,0,-10.7,329191,0,Electro,1
804279322,Back To Your Heart (feat. Kate NV),4428548,Nicolas Godin,Concrete and Glass,2020,2020,4.766666666666667,127.6,0,-10.6,208660,0,Electro,1
62717991,Despicable Dogs (Washed Out Remix),391017,Small Black,Small Black / Washed Out,2010,2010,4.216666666666667,95.3,1,-9.4,206515,0,Electro,1
362390741,Propagation,1348013,Com Truise,Iteration,2017,2010,4.166666666666667,127.6,0,-11.8,257826,0,Electro,1
2989813501,Neverender (Kaytranada Remix),6404,Justice,Neverender (Remixes),2024,2020,4.75,127.6,0,-10.3,471047,0,Electro,1
1200449472,Running (Disclosure 2021 VIP),1443471,Jessie Ware,Settle (Special Edition),2021,2020,6.533333333333333,127.6,0,-9.4,149474,0,Electro,1
3759400992,EVERYTHING IN ITS RIGHT PLACE,660609,Jewels,EVERYTHING IN ITS RIGHT PLACE,2026,2020,5.033333333333333,127.6,0,-10.9,470646,0,Electro,1
3978073801,La La Land,9777,Green Velvet,La La Land,2026,2020,3.1333333333333333,127.6,0,-8.4,665844,0,Electro,1
17743170,Abracadabra (Round n' Round) (Radio Edit),3351,Steve Miller Band,Abracadabra (Round n' Round),2012,2010,2.933333333333333,126.4,1,-9.9,209613,0,Electro,1
10240182,The Bay,13570,Metronomy,The English Riviera,2011,2010,4.833333333333333,121.2,1,-9.1,745013,0,Electro,1
678385282,Endless Sunday,13046613,E Ruscha V,Who Are You,2017,2010,4.683333333333334,127.6,0,-9.5,47693,0,Electro,1
17187162,Moiré (Piano & Organ),178412,Jan Jelinek,Loop-Finding-Jazz-Records,2001,2000,6.9,175.93,1,-15.7,208098,0,Electro,1
4188437,Fireflies,183201,Owl City,Ocean Eyes,2009,2000,3.8,127.6,0,-9.0,838626,0,Electro,1
716525152,Go (Claude VonStroke Remix),81,The Chemical Brothers,Go,2019,2010,5.733333333333333,124.91,1,-9.5,208253,0,Electro,1
4059948781,Manhattan,5435357,Carlita,Manhattan,2026,2020,3.5833333333333335,127.6,0,-9.3,690294,0,Electro,1
3334133051,Music is Better (Maxi Meraki Remix),5571502,RÜFÜS,"Inhale / Exhale Remixed, Vol. 1",2025,2020,6.916666666666667,127.6,0,-10.2,233173,0,Electro,1
4019797791,Movin' To The Sun,7803478,HUGEL,Movin' To The Sun,2026,2020,2.3666666666666667,127.6,0,-8.6,971093,0,Electro,1
510203462,Glasshouses,1380470,Maribou State,Kingdoms In Colour,2018,2010,3.75,179.76,1,-10.9,352550,0,Electro,1
2283903717,Show Me Love,9419216,Shelly Sony,Show Me Love,2023,2020,2.4166666666666665,127.6,0,-14.8,434920,0,Electro,1
4144531172,Crash Out,345052,Tinashe,Crash Out,2026,2020,3.1666666666666665,127.6,0,-8.6,398785,1,Electro,1
2665024152,"Where Did Our Love Go? (7"" Single Version / Remastered 2023)",1668,Soft Cell,Tainted Love / Where Did Our Love Go? E.P.,2024,2020,3.2333333333333334,127.6,0,-11.0,105593,0,Electro,1
3194938041,Stephanie (HNTR Remix),7153996,Cloonee,Stephanie (HNTR Remix),2025,2020,2.4166666666666665,127.6,0,-7.2,570318,0,Electro,1
1173724902,Watch Your Step (Picard Brothers Remix),409796,Disclosure,ENERGY (Special Edition),2020,2020,3.45,127.6,0,-9.3,98403,0,Electro,1
562742702,Alien Boy (Big Data Remix),10799102,Oliver Tree,Alien Boy (Big Data Remix),2018,2010,3.0,136.0,1,-8.6,137716,1,Electro,1
3135556,"Harder, Better, Faster, Stronger",27,Daft Punk,Discovery,2001,2000,3.7666666666666666,127.6,0,-12.4,810329,0,Electro,1
113945666,Magnets (A-Trak Remix),409796,Disclosure,Magnets (The Remixes),2015,2010,4.333333333333333,124.9,1,-7.5,240383,0,Electro,1
10235995,Kong,2108,Bonobo,Black Sands,2010,2010,3.95,187.9,1,-10.9,570156,0,Electro,1
1200449432,You & Me (Flume Remix),409796,Disclosure,Settle (Special Edition),2021,2020,4.7,149.8,1,-10.8,421413,0,Electro,1
10240178,Everything Goes My Way,13570,Metronomy,The English Riviera,2011,2010,3.5,130.0,1,-10.9,630473,0,Electro,1
3135754621,Keep Me Satisfied,436163,Jungle,Keep Me Satisfied,2025,2020,2.4166666666666665,127.6,0,0.0,643230,0,Electro,1
69465591,Brokendate,1348013,Com Truise,Galactic Melt,2011,2010,5.133333333333334,170.1,1,-8.2,467104,0,Electro,1
3406367831,Faded (Blacklizt Version) (HNTR Remix),248913582,Zhu,Faded (Blacklizt Version)(HNTR Remix),2025,2020,3.2333333333333334,127.6,0,-7.0,299352,0,Electro,1
3815486572,I Run (James Hype Remix),13910479,HAVEN.,I Run (James Hype Remix),2026,2020,2.283333333333333,127.6,0,-8.9,466941,0,Electro,1
3354870751,Ease My Mind (Odd Mob Remix),11799,Chris Lake,Ease My Mind (Odd Mob Remix),2025,2020,3.85,127.6,0,-7.8,273945,0,Electro,1
3568109151,Swag Surfin',10668247,Whethan,Swag Surfin',2025,2020,3.8,127.6,0,-7.6,308129,0,Electro,1
3884572611,Get Away,5992092,Kungs,Out Loud,2026,2020,4.466666666666667,127.6,0,-8.8,736367,0,Electro,1
3850679181,There's Nothing I Can Do About It,541420,Mike James Kirkland,"Luv N' Haight (Edit Series: Mike James Kirkland), Vol.1",2012,2010,2.5,127.6,0,-9.0,225764,0,Electro,1
3650952302,WHERE IS MY HUSBAND! (Remix),805948,RAYE,WHERE IS MY HUSBAND! (Remix),2025,2020,2.55,127.6,0,-7.4,747193,0,Electro,1
3987732411,I Never Knew,69617682,Adam Ten,I Never Knew,2026,2020,3.85,127.6,0,-9.8,521509,0,Electro,1
3542202311,nobody (make me feel),201300177,oskar med k,nobody (make me feel),2025,2020,2.75,127.6,0,-7.9,756619,0,Electro,1
4001349051,Lovers On The Dancefloor,1179872,BLOND:ISH,Lovers On The Dancefloor,2026,2020,2.55,127.6,0,-7.9,577289,0,Electro,1
101391228,Casanova 70 (The Secret of Cool),369,Air,"The Remixes, Vol. 1",2015,2010,5.516666666666667,90.5,1,-12.0,283781,0,Electro,1
3988253081,One Question,7153996,Cloonee,One Question,2026,2020,3.066666666666667,127.6,0,-8.2,574669,0,Electro,1
4072834651,My Place,4833740,Josh Baker,My Place,2026,2020,2.65,127.6,0,-7.9,636247,0,Electro,1
3513830701,If Your Girl,52862372,Ben Hemsley,If Your Girl,2025,2020,3.8333333333333335,127.6,0,-7.0,376842,0,Electro,1
66609426,Get Lucky (Radio Edit - feat. Pharrell Williams and Nile Rodgers),27,Daft Punk,Get Lucky (Radio Edit - feat. Pharrell Williams and Nile Rodgers),2013,2010,4.133333333333334,116.13,1,-10.9,954234,0,Electro,1
35946871,Sure Thing,1469025,St Germain,Tourist (Remastered),2000,2000,6.333333333333333,96.2,1,-10.8,595121,0,Electro,1
4124060341,Good Girl,7153996,Cloonee,Good Girl,2026,2020,3.0166666666666666,127.6,0,-8.3,813793,0,Electro,1
910164012,Make Believe,7071365,Shallou,Magical Thinking,2020,2020,2.9,127.6,0,-9.1,387549,0,Electro,1
4045575061,Whatever Turns You On,3847,Axwell,Whatever Turns You On (ft. Bonn),2026,2020,3.25,127.6,0,-7.6,716091,0,Electro,1
1253397292,Nami,6341660,Meitei,Komachi,2019,2010,3.933333333333333,127.6,0,-14.5,214702,0,Electro,1
4019657111,our frequency,9757762,Amelie Lens,our frequency,2026,2020,4.4,127.6,0,-7.4,564873,0,Electro,1
405080242,Outflight,7494214,Palms Trax,"Dance 2017, Pt. 3",2017,2010,5.033333333333333,124.91,1,-9.8,182432,0,Electro,1
2925592221,Let's Go Back,436163,Jungle,Let's Go Back,2024,2020,2.816666666666667,127.6,0,-8.3,636738,0,Electro,1
10239503,Nightlite,2108,Bonobo,Nightlite,2006,2000,5.15,159.0,1,-11.7,102938,0,Electro,1
3625273042,Em Trancoso,10088,John Beltran,Em Trancoso (Fila Brazillia Remix),2024,2020,5.833333333333333,127.6,0,-11.8,15674,0,Electro,1
966004482,Float (Instrumental),14623073,BYLJA,Float,2020,2020,3.9,127.6,0,-11.4,42215,0,Electro,1
136932194,Honey,2044,Tosca,Suzuki,2000,2000,5.95,127.6,0,-11.2,277291,0,Electro,1
860346802,Rainwater,67410412,Past Palms,Rainwater,2020,2020,5.483333333333333,127.6,0,-9.6,31977,0,Electro,1
2197365707,Lucid Dreams,1186389,Denney,Lucid Dreams,2020,2020,6.9,127.6,0,-10.6,8827,0,Electro,1
3402820551,Ocean City,14538869,Pacific Coliseum,Ocean City,2018,2010,6.133333333333334,127.6,0,-10.8,307263,0,Electro,1
64633796,Try To Be,1252867,Blue Hawaii,Untogether,2013,2010,3.8666666666666667,110.0,1,-13.9,312104,0,Electro,1
4122018711,Silver Lines (feat. Emily Warren),8948922,ANOTR,Silver Lines (feat. Emily Warren),2026,2020,3.35,127.6,0,-7.4,797130,0,Electro,1
1245278652,Nevada,11477462,Kerala Dust,Late Sun,2017,2010,6.05,127.6,0,-12.9,436101,0,Electro,1
2705776962,magic,88121392,strongboi,magic,2024,2020,4.216666666666667,127.6,0,-8.6,440685,0,Electro,1
465972982,NY Vibration,12501520,Mood J,Turn Your Love Around,2017,2010,5.066666666666666,127.6,0,-8.5,195397,0,Electro,1
870080452,SWIM,51610232,Mild Minds,MOOD,2020,2020,4.616666666666666,127.6,0,-9.2,350251,0,Electro,1
1871007717,Those Days,5097223,KAASI,Tramuntana,2015,2010,5.333333333333333,119.84,1,-9.6,331110,0,Electro,1
3991078931,She Said Yes,4572288,Hubert Eaves IV,She Said Yes,2026,2020,4.583333333333333,127.6,0,-9.8,107710,0,Jazz,1
4215357372,Bon Voyage (Remastered),13783079,Patsy Meyer,Changes,2026,2020,3.65,127.6,0,-16.1,67512,0,Jazz,1
2663406662,Islands in the Sun,110654,John Klemmer,Chateau Love,2024,2020,10.216666666666667,127.6,0,-7.8,26868,0,Jazz,1
3299945781,Better Together,427584,Erly Thornton,Better Together,2025,2020,4.2,127.6,0,-10.1,84833,0,Jazz,1
3367473011,Cascade,4401157,Ron King,Cascade,2022,2020,4.1,127.6,0,-10.9,38148,0,Jazz,1
2062721237,Waay Up,9216400,Brandon Marceal,Waay Up,2023,2020,4.05,127.6,0,-10.6,43807,0,Jazz,1
1444376272,Is It You,7432,Lee Ritenour,"Rit, Vol. 1",2021,2020,4.433333333333334,127.6,0,-18.4,367114,0,Jazz,1
568836732,The Magician,15466,Larry Carlton,Strikes Twice,1980,1980,4.25,189.65,1,-15.3,79960,0,Jazz,1
1093286,Not Tonight (feat. Carl Carlwell),69635,The Brecker Brothers,Detente,2008,2000,3.95,127.6,0,-11.9,138427,0,Jazz,1
2748006381,Distanza,5266314,Greg Minnick,Distanza,2024,2020,3.6666666666666665,127.6,0,-13.5,22334,0,Jazz,1
3345649351,Pacifica,225789095,Tom Zygmont,LUMINA WAY,2025,2020,4.65,127.6,0,-11.2,15388,0,Jazz,1
3642673022,Tailwind,6712461,Jim Richter,Dream Dance,2025,2020,4.85,127.6,0,-10.9,82287,0,Jazz,1
2191700977,Rosie's Glide,148826552,Jill Butler,Joyride,2023,2020,4.75,127.6,0,-10.1,38870,0,Jazz,1
2842787442,So Sweet,10602509,Nex Lev'l Band,Purple Passion,2024,2020,3.566666666666667,127.6,0,-10.1,46055,0,Jazz,1
3986517391,Chill It,62490,Nils,Chill It (Full Length),2026,2020,3.65,127.6,0,-10.9,104534,0,Jazz,1
4165879282,Placid Mood,1412607,Rohan Reid,Placid Mood,2026,2020,3.5833333333333335,127.6,0,-11.2,100000,0,Jazz,1
1719336467,Deep Into You,8854030,The Smooth Jazz Alley,Deep Into You,2022,2020,4.183333333333334,127.6,0,-10.3,95310,0,Jazz,1
3722688802,Believe,321785301,Smooth Jazz Alley,Believe,2026,2020,4.416666666666667,127.6,0,-10.2,169768,0,Jazz,1
5615035,Aruban Nights,253382,Bobby Lyle,The Power Of Touch,1997,1990,5.166666666666667,92.1,1,-14.2,158675,0,Jazz,1
3973953401,Arrival,269774012,Randy Sloan,Arrival,2026,2020,3.75,127.6,0,-14.4,18812,0,Jazz,1
3827299161,Smoovee,4034904,Vel Lewis,Smoovee,2026,2020,3.8,127.6,0,-11.2,41800,0,Jazz,1
2851845922,That Familiar Feeling,5188834,Vincent Ingala,Escape With Me,2024,2020,4.033333333333333,127.6,0,-12.9,73700,0,Jazz,1
4136831911,Crosstalk,62161882,Lars Taylor,Crosstalk,2026,2020,4.233333333333333,127.6,0,-10.1,100000,0,Jazz,1
2524573,Follow Your Bliss,88480772,Marc Antoine,The Very Best Of Marc Antoine,2003,2000,5.116666666666666,98.0,1,-12.8,103713,0,Jazz,1
2932120501,Talk Of The Town (feat. Tanya Lewis) (Radio Edit),5952216,Nick Dukas,Talk Of The Town (feat. Tanya Lewis) [Radio Edit],2024,2020,3.0166666666666666,127.6,0,-9.5,50734,0,Jazz,1
1611415842,Turn Me Up!,1427030,Claudia Hayden,Turn Me Up!,2022,2020,4.1,127.6,0,-10.7,128773,0,Jazz,1
2410968425,Last Flight Home,4453490,Roberto Vally,Last Flight Home,2023,2020,4.116666666666666,127.6,0,-11.5,26723,0,Jazz,1
3232922,The Lady In My Life,5356,Stanley Jordan,The Best Of Stanley Jordan,1995,1990,6.416666666666667,95.7,1,-20.7,90685,0,Jazz,1
3854093441,Midnight Strut,1083190,Cali Jones,Midnight Strut,2026,2020,4.216666666666667,127.6,0,-11.7,42202,0,Jazz,1
2353609955,Times Square,127935,2Unes,Still Hanging,2022,2020,3.816666666666667,127.6,0,-10.3,62614,0,Jazz,1
3970315171,One On One,386192451,Digworthy,One On One,2026,2020,4.083333333333333,127.6,0,-11.3,77707,0,Jazz,1
2067160017,I Saw You,4525924,Castella,I Saw You,2023,2020,3.4,127.6,0,-10.5,112491,0,Jazz,1
3907521521,It's You,12030364,Randy B,It's You,2026,2020,4.333333333333333,127.6,0,-9.8,30060,0,Jazz,1
3409151731,Behold,4417561,D. Brown,GENESIS,2025,2020,4.466666666666667,127.6,0,-15.2,33245,0,Jazz,1
29629491,I've Been Played the Fool Again,173191,Karizma,Dream Come True,1998,1990,4.166666666666667,119.8,1,-1.13,8918,0,Jazz,1
1952178077,Always,5932745,Funktastic Players,Jazz on the Funky Side,2022,2020,3.95,127.6,0,-9.1,30098,0,Jazz,1
2603972312,Tongue Tied,1280500,Jamie WilliamS.,Tongue Tied,2024,2020,5.716666666666667,127.6,0,-10.6,22366,0,Jazz,1
3327771,I'll Be Good To You,7554,Najee,TOKYO BLUE,1990,1990,4.45,127.6,0,-16.7,24933,0,Jazz,1
984768452,Full Effect,14744,Boney James,Solid,2020,2020,3.8833333333333333,127.6,0,-11.9,113477,0,Jazz,1
3911308911,It's a Boy!,10438656,Jacob Webb,It's a Boy!,2026,2020,3.85,127.6,0,-10.0,38877,0,Jazz,1
3449086991,Inside Your Heart,76342,The Braxton Brothers,Inside Your Heart,2025,2020,4.166666666666667,127.6,0,-11.5,31498,0,Jazz,1
3919806711,Sweet Spot,208800767,Tony G Turner,Sweet Spot,2026,2020,5.483333333333333,127.6,0,-10.8,33390,0,Jazz,1
1444390892,West Coast Coolin',13030,Norman Brown,West Coast Coolin',2021,2020,4.5,127.6,0,-10.2,196459,0,Jazz,1
1061448392,Endlessly,486336,Anders Holst,Endlessly,2020,2020,4.633333333333334,127.6,0,-12.8,21637,0,Jazz,1
2965334771,Gridlock,267901,Bpm,Seriously,2024,2020,4.433333333333334,127.6,0,-10.1,7858,0,Jazz,1
4203834972,Nights (Feel Like Getting Down),1167812,Everett B Walters,8206,2026,2020,5.55,127.6,0,-9.9,43165,0,Jazz,1
2889278342,Dreamer,6379768,Ryan Montano,Dreamer,2024,2020,4.3,127.6,0,-12.4,82293,0,Jazz,1
2229305847,Amor,712188,Terence Young,The Playlist,2023,2020,3.966666666666667,127.6,0,-10.3,51941,0,Jazz,1
1283753362,On the Uptown,77727,Marion Meadows,Twice As Nice,2021,2020,4.016666666666667,127.6,0,-10.8,48466,0,Jazz,1
3771951022,Horizon Line,1246171,Patrick Lamb,Horizon Line,2026,2020,4.583333333333333,127.6,0,-10.6,40578,0,Jazz,1
1963791467,King David Dance,10759958,Kenny Nightingale,King David Dance,2022,2020,4.95,127.6,0,-10.7,45030,0,Jazz,1
2238153377,From The Start,12369444,Laufey,From The Start,2023,2020,2.816666666666667,127.6,0,-7.9,848444,0,Jazz,1
2737720231,Turn The Corner,14640923,Slim Gambill,Turn The Corner,2024,2020,3.95,127.6,0,-9.3,22190,0,Jazz,1
1876602017,Sweet Breeze,129758092,Noteworthy Band,Sweet Breeze,2021,2020,4.566666666666666,127.6,0,-11.3,25247,0,Jazz,1
3232493491,East Side Hang (Radio Version),394685,Tom Braxton,East Side Hang (Radio Version),2025,2020,4.483333333333333,127.6,0,-10.4,23318,0,Jazz,1
3849264711,Train Home,551145,Rocco Ventrella,Train Home,2026,2020,3.45,127.6,0,-10.4,37824,0,Jazz,1
2158318537,Midnight Magic,192807517,Jack Sax Davies,Midnight Magic,2023,2020,3.75,127.6,0,-10.8,21256,0,Jazz,1
453788222,Adriatic Flow,1650227,Threestyle,Reasons 2 Love (feat. Magdalena Chovancova),2018,2010,4.133333333333334,127.6,0,-9.7,117924,0,Jazz,1
2970211891,A Song for You,5703501,Brad Alexander,A Song for You,2024,2020,3.8833333333333333,127.6,0,-10.9,41920,0,Jazz,1
648981492,Street Smart,4757,Bob James,"Morning, Noon & Night",2002,2000,6.116666666666666,127.6,0,-12.5,63403,0,Jazz,1
1941851037,Stickwidit,143900042,Carl Cox,Stickwidit,2022,2020,3.6666666666666665,127.6,0,-10.2,26392,0,Jazz,1
3975363601,Forever Lasting,520626,Will Donato,Forever Lasting,2026,2020,4.25,127.6,0,-10.3,40558,0,Jazz,1
78240589,The Closer I Get To You,70600,Peter White,Reflections,1995,1990,4.433333333333334,142.1,1,-12.6,83350,0,Jazz,1
1012923522,Fluid,4855333,Lin Rountree,Fluid,2020,2020,4.416666666666667,127.6,0,-11.4,129504,0,Jazz,1
552373482,Doc,7555,Earl Klugh,Dream Come True,2018,2010,4.783333333333333,127.6,0,-15.6,111615,0,Jazz,1
1586998232,Cockatoo,14567,Spyro Gyra,Catching the Sun,1980,1980,4.083333333333333,133.8,1,-16.4,144701,0,Jazz,1
15375967,No Ordinary Love,6321,Chris Botti,When I Fall In Love,2004,2000,6.083333333333333,166.0,1,-16.6,210174,0,Jazz,1
2380013765,Two For One (feat. John Wedemeyer & James Davis),222758875,Fahrenheit 702,"Gettin' In The Game, Vol. 1",2023,2020,4.033333333333333,127.6,0,-11.3,119753,0,Jazz,1
2652496,Starship (Album Version),157376,Wayman Tisdale,The Very Best of Wayman Tisdale,2007,2000,5.733333333333333,148.2,1,-13.2,70955,0,Jazz,1
2614858462,Rain Drop,4650604,Jazzmen,Rain Drop,2024,2020,2.8666666666666667,127.6,0,-12.3,1457,0,Jazz,1
4085032,The Best Is Yet to Come (feat. Patti LaBelle),4123,"Grover Washington, Jr.",The Best Is Yet To Come,1982,1980,5.983333333333333,127.6,0,-15.9,142526,0,Jazz,1
4010172181,Skate On,10252414,Evan Taylor,Skate On,2026,2020,4.3,127.6,0,-10.4,43158,0,Jazz,1
3509403511,Wake Up,215702,Robert Glasper,Code Derivation,2025,2020,2.9833333333333334,127.6,0,-10.1,203716,0,Jazz,1
3916886801,Do I Do,158746002,Jonathan Leslie,On You Radio,2026,2020,4.1,127.6,0,-15.1,105740,0,Jazz,1
1762373437,Brave New World,210406,Russ Freeman & The Rippingtons,Brave New World,2007,2000,4.233333333333333,127.6,0,-10.2,37519,0,Jazz,1
1942565497,Beautiful Stranger,12369444,Laufey,Everything I Know About Love,2022,2020,3.35,127.6,0,-12.3,472276,0,Jazz,1
3890633831,Vibes (radio single),5730584,Michael Cates,Vibes (radio single),2026,2020,3.7666666666666666,127.6,0,-11.6,38532,0,Jazz,1
531413921,I Want To Thank You (Very Much),4757,Bob James,Touchdown,1977,1970,7.166666666666667,127.6,0,-18.0,137040,0,Jazz,1
1586987922,Morning Dance,14567,Spyro Gyra,The Best Of (The First Ten Years),1997,1990,3.933333333333333,127.6,0,-12.9,148434,0,Jazz,1
3821990,In the Name of Love,4123,"Grover Washington, Jr.",Winelight,2009,2000,5.433333333333334,92.3,1,-20.3,229614,0,Jazz,1
3919898991,Return of the Mack (I Like It) (feat. Gerald Albright),1427927,Tony Saunders,Return of the Mack (I Like It) (feat. Gerald Albright),2026,2020,4.4,127.6,0,-9.2,84428,0,Jazz,1
138312865,Morning Sunrise,158474,Weldon Irvine,The Sisters,2016,2010,3.316666666666667,134.23,1,-10.2,493941,0,Jazz,1
6635369,Southern Nights (2003 Remaster),64425,Allen Toussaint,Southern Nights,2009,2000,3.6,171.6,1,-16.7,216970,0,Jazz,1
1761554067,Bright Lights,14567,Spyro Gyra,Fast Forward,1997,1990,5.333333333333333,127.6,0,-15.7,59224,0,Jazz,1
1834235907,On The Sunny Side Of The Street,166633,Herb Alpert,Sunny Side Of The Street,2022,2020,3.0166666666666666,127.6,0,-14.1,71580,0,Jazz,1
586400,Summer Breezin' (Album Version),13695,George Duke,Jazz Moods - 'Round Midnight,2004,2000,4.833333333333333,152.0,1,-16.5,176880,0,Jazz,1
3431702,Honey-Dipped,7499,Dave Koz,Saxophonic,2003,2000,4.383333333333334,175.9,1,-10.4,175414,0,Jazz,1
1627632402,Coming Down from Love,9261,Bobby Caldwell,Cat in the Hat,1991,1990,4.033333333333333,100.11,1,-17.5,251137,0,Jazz,1
1466697502,Just Let Go,9383,Brian Culbertson,"The Trilogy, Pt. 1: Red",2021,2020,5.433333333333334,127.6,0,-11.9,161363,0,Jazz,1
1067645452,Making Love In The Rain,166633,Herb Alpert,Keep Your Eye On Me,2020,2020,5.9,127.6,0,-15.9,316801,0,Jazz,1
2339874245,Magic City Streets,1594391,Kim Scott,Magic City Streets,2023,2020,3.6666666666666665,127.6,0,-12.1,89412,0,Jazz,1
3227453081,Jeff's Groove,152152,Jeff Lorber,Elevate,2024,2020,4.0,127.6,0,-13.7,48245,0,Jazz,1
3102020,Floor & More,4492,Ronny Jordan,Off The Record,2001,2000,5.066666666666666,90.9,1,-11.3,264862,0,Jazz,1
3282786481,Oooh-Aah (Catalina),75649,Mindi Abair,Oooh-Aah (Catalina),2025,2020,3.65,127.6,0,-11.0,18086,0,Jazz,1
1043298,The Moment,523,Kenny G,The Moment,1980,1980,6.0,91.1,1,-16.5,306340,0,Jazz,1
6615818,Ashes to Ashes,7559,Joe Sample,Ashes To Ashes,1990,1990,4.883333333333334,120.9,1,-17.0,183233,0,Jazz,1
502864982,Window of the Soul,7565,Chuck Loeb,Presence,2018,2010,4.116666666666666,179.76,1,-12.6,132612,0,Jazz,1
4049105181,Nuance,53266572,D.S. Wilson,Nuance,2026,2020,4.233333333333333,127.6,0,-10.0,34975,0,Jazz,1
3504937,Ain't Nobody,152152,Jeff Lorber,Kickin' It,2004,2000,3.9,102.8,1,-12.3,196373,0,Jazz,1
2440968,Passion Flower,4123,"Grover Washington, Jr.",Mister Magic,1997,1990,5.566666666666666,127.6,0,-14.7,162254,0,Jazz,1
2747824531,"12 Etudes, Op. 10 : Chopin: 12 Etudes, Op. 10: No. 12 in C Minor ""Revolutionary""",142821082,Yunchan Lim,"Chopin: Études, Opp. 10 & 25",2024,2020,2.566666666666667,127.6,0,-15.9,147940,0,Classical,1
396608682,"Sonate en Do Mineur, K. 526: Allegro comodo",160727,Pierre Hantaï,Scarlatti 3,2008,2000,5.333333333333333,170.14,1,-24.5,41080,0,Classical,1
2250279957,"String Quartet in G Major, Op. 17/5, Hob. III:29: IV. Presto",3005591,Bennewitz Quartet,"Haydn: String Quartets Op. 17/5, 33/2, 54/2",2023,2020,2.6166666666666667,127.6,0,-20.4,47742,0,Classical,1
104759000,Sheep May Safely Graze,69910,Leon Fleisher,Two Hands,2015,2010,4.933333333333334,97.05,1,-27.3,202208,0,Classical,1
2795245582,"Piano Trio No. 6 in E-Flat Major, Op. 93: I. Allegro con moto",255154,Gould Piano Trio,"Hummel: Piano Trios Nos. 2, 3, 6 & 7",2014,2010,7.916666666666667,140.1,1,-21.0,60123,0,Classical,1
2330271025,"Violin Sonata in B-Flat Major, K. 378 : Mozart: Violin Sonata in B-Flat Major, K. 378: I. Allegro moderato",409258,Renaud Capuçon,Mozart: Sonatas for Piano & Violin,2023,2020,8.866666666666667,127.6,0,-20.4,63825,0,Classical,1
2439473325,"Mozart: Clarinet Concerto in A Major, K. 622: I. Allegro",6489117,Pierre Génisson,Mozart 1791,2023,2020,12.15,127.6,0,-19.8,153575,0,Classical,1
1069718,"Passacaglia & Fugue in C Minor, BWV 582: Fugue",71495,E. Power Biggs,Bach: Great Organ Favorites,1988,1980,5.35,152.0,1,-20.6,91604,0,Classical,1
1673926587,"Suite No. 3 in D Major, BWV 1068: II. Aria",78233,Freiburger Barockorchester,"J. S. Bach: Orchestral Suite No. 3, BWV 1068",2011,2010,4.616666666666666,127.6,0,-31.6,121532,0,Classical,1
2617772682,The Wanderer,1574609,Stephan Moccio,The Wanderer,2024,2020,3.45,127.6,0,-15.6,662247,0,Classical,1
2768344101,"Keyboard Concerto in C Major, Wq. 20: III. Allegro assai",71978,Michael Rische,"C.P.E. Bach: Keyboard Concertos, Wq. 26, 44 & 20",2016,2010,5.916666666666667,127.6,0,0.0,32453,0,Classical,1
396813012,Piano Trio No. 45 : III. Finale 'in the German style' - Presto assai,408352,Trio Wanderer,Haydn: Piano Trios,2009,2000,5.183333333333334,141.6,1,-20.4,23926,0,Classical,1
1467838532,Le Jardin de Monsieur Monet,1574609,Stephan Moccio,Le Jardin de Monsieur Monet,2021,2020,5.283333333333333,127.6,0,-14.2,466150,0,Classical,1
2777793471,"Centone di sonate, Op. 64, MS 112, Sonata No. 6 in A Major: I. Larghetto cantabile",82127,Fabio Biondi,Paganini: Sonatas for Violin & Guitar,2018,2010,3.4166666666666665,127.6,0,-22.4,30053,0,Classical,1
3812879732,Variationen 1-7,5594574,Los Temperamentos,Amor y Locura,2026,2020,2.783333333333333,127.6,0,-21.3,38530,0,Classical,1
925294392,andata,62996,Ryuichi Sakamoto,async,2025,2020,4.633333333333334,127.6,0,-13.0,395136,0,Classical,1
13233646,"Sonata in G Major, K. 547 (L. S28) (Instrumental)",56797,Vladimir Horowitz,Domenico Scarlatti: Keyboard Sonatas (Expanded Edition),2004,2000,4.05,130.8,1,-19.3,69347,0,Classical,1
3877286061,"Horn Concerto No. 4 in E Flat Major, K. 495: III Rondo. Allegro vivace",4705791,Martin Owen,"Mozart: Horn Concerto No. 4 in E Flat Major, K. 495: III. Rondo. Allegro vivace",2026,2020,3.933333333333333,127.6,0,-19.7,55689,0,Classical,1
1695818,"Concerto Grosso In F Minor, Op. 1, No. 8: IV. Pastorale: Largo Andante (Locatelli)",251751,"Jeanne Lamon, Tafelmusik Orchestra",A Baroque Feast,2002,2000,4.133333333333334,120.9,1,-21.4,53318,0,Classical,1
3835916611,"Fandango (Arr. for Violin, Basso Continuo & Castanets by Cristina Prats Costa)",372563561,Cristina Prats Costa,Spiritillo Mediterraneo,2026,2020,3.2,127.6,0,-17.6,97606,0,Classical,1
133580794,"French Suite No. 1 in D Minor, BWV 812 : J.S. Bach: French Suite No. 1 in D Minor, BWV 812: I. Allemande",69542,Murray Perahia,Johann Sebastian Bach: The French Suites,2016,2010,3.5166666666666666,118.8,1,-20.8,220171,0,Classical,1
66682030,"Concerto grosso in D Major, Op. 6, No. 4 : Corelli: Concerto grosso in D Major, Op. 6, No. 4: I. Adagio - Allegro",633118,The English Concert,Corelli: 12 Concerti Grossi Op. 6,1999,1990,3.3833333333333333,127.6,0,-18.4,110158,0,Classical,1
65340804,"Symphony, Op. 3 , No. 5 In F Major : J.C. Bach: Symphony, Op. 3 , No. 5 In F Major: 3. Allegro assai",4151514,Academy of St Martin in the Fields,"Bach, J.C.: 6 Symphonies, Op. 3",2006,2000,1.9666666666666666,127.6,0,0.0,32452,0,Classical,1
1366737942,The Young Weaver,12503574,Matteo Myderwyk,Notes of Longing,2021,2020,3.25,127.6,0,-12.7,303821,0,Classical,1
1440477,Oboe Concerto In C Major: I. Maestoso (Herschel),103213,"The Mozart Orchestra, Davis Jerome & Richard Woodhams",Sir William Herschel - Music By The Father Of Modern Astronomy,1995,1990,6.383333333333334,123.4,1,-23.5,26781,0,Classical,1
1401822462,"Divertimento in D Major, K. 334: VI. Rondo. Allegro",5273863,Officina Musicale,Mozart: Divertimenti K. 247 & 334,2010,2010,9.216666666666667,127.6,0,-21.9,18406,0,Classical,1
2775896641,"Les nations ""L'Espagnole"": I. Sonade. Gravement",7900458,Juilliard Baroque,Couperin: Les nations,2015,2010,7.833333333333333,106.0,1,-22.3,65608,0,Classical,1
3694705822,"Serenade in C Minor, K. 388/384a: IV. Allegro",4947930,Irish Chamber Orchestra,"Invitation: Mozart, Mendelssohn & Schumann",2026,2020,7.233333333333333,127.6,0,-21.3,22060,0,Classical,1
1476755322,"Liszt: Ave verum corpus, S. 461a (Arr. for Piano After Mozart, K. 618)",1324555,Víkingur Ólafsson,Mozart & Contemporaries,2021,2020,4.033333333333333,127.6,0,-33.1,179277,0,Classical,1
71307829,"Pachelbel: Canon in D Major, P. 37",4387647,Edward Brewer,Orpheus Chamber Orchestra - Baroque Highlights,1990,1990,4.183333333333334,115.8,1,-22.8,144932,0,Classical,1
373951441,Rolling,59600,Roedelius,Einfluss,2017,2010,3.7666666666666666,121.6,1,-14.3,153722,0,Classical,1
3930438221,"Piano Sonata in D Major, Hob. XVI:4: I. Allegro",509291,Denis Kozhukhin,Haydn: Sonatas,2026,2020,2.716666666666667,127.6,0,-20.4,61524,0,Classical,1
483804062,"Brandenburg Concerto No. 4 in G Major, BWV 1049: I. Allegro",538085,Kammerorchester Berlin,Bach: Brandenburg Concertos,2021,2020,7.833333333333333,127.6,0,-15.3,36024,0,Classical,1
93020672,"Symphony in B Minor, Wq. 182, No. 5: I. Allegretto",241376,Orchestra of the Age of Enlightenment,CPE Bach: Symphonies,2015,2010,4.366666666666666,119.5,1,-19.7,21938,0,Classical,1
2694093262,la mia notte,98985,Yiruma,la mia notte,2024,2020,3.1166666666666667,127.6,0,-21.4,135460,0,Classical,1
602781842,"Symphony No. 1 in G Major, Op. 11, No. 1: I. Allegro",134161,Paul Freeman,"Black Composer Series, Vol. 1: Chevalier de Saint-Georges (Remastered)",2019,2010,5.633333333333334,126.05,1,-17.4,24934,0,Classical,1
489440122,Concert for Clarinet and Orchestra in D Major,4344458,Italian Classical Consort,Chamber Music & Clarinet Solos,2018,2010,9.516666666666667,129.6,1,-18.8,39892,0,Classical,1
1529530232,"Haydn: Symphony No. 45 in F-Sharp Minor, Hob. I:45 ""Farewell"": IV. Finale. Presto - Adagio",432578,Orchestra of St. Luke's,"Haydn: Symphonies Nos. 31 ""Hornsignal"" & 45 ""Farewell""",2021,2020,7.933333333333334,127.6,0,-19.9,62599,0,Classical,1
2238189687,"Symphonie Concertante for Violin, Harp and Orchestra in G Major, WoO 13 : Spohr: Symphonie Concertante for Violin, Harp and Orchestra in G Major, WoO 13: II. Adagio",106871182,María Dueñas,"Spohr: Symphonie Concertante for Violin, Harp and Orchestra in G Major, WoO 13: II. Adagio",2023,2020,4.816666666666666,127.6,0,-25.8,152108,0,Classical,1
2471738771,"Piccinni: Catone in Utica, Act 1: ""Che legge spietata"" (Arbace)",211131,Philippe Jaroussky,Forgotten Arias,2023,2020,3.816666666666667,127.6,0,-17.7,144008,0,Classical,1
2768323721,"Keyboard Partita No. 6 in E Minor, BWV 830: III. Corrente",587319,Jeremy Denk,"Bach: Partitas Nos. 3, 4 & 6",2011,2010,4.3,127.6,0,-19.0,22203,0,Classical,1
3757109362,"Sonata No. 3 in G Minor, BWV 1029: I. Vivace",396180,Matt Haimovitz,The Bach Dialogues,2026,2020,5.133333333333334,127.6,0,-17.7,72275,0,Classical,1
1535567742,Crisscrossing,59600,Roedelius,4 Hands,2022,2020,4.85,127.6,0,-14.5,33285,0,Classical,1
67350498,"La mer, CD 111 : Debussy: La mer, CD 111: I. De l'aube à midi sur la mer",4168855,Lucerne Festival Orchestra,"Mahler: Symphony No.2 ""Resurrection"" / Debussy: La Mer",2004,2000,8.616666666666667,114.5,1,-20.6,70433,0,Classical,1
3126128611,Cello Concerto in B-Flat Major: I. Allegro,174215197,Hanna Salzenstein,Concerti per violoncello,2025,2020,3.433333333333333,127.6,0,-16.6,98356,0,Classical,1
65340481,"Octet In E Flat, Op. 20, MWV R20 : Mendelssohn: Octet In E Flat, Op. 20, MWV R20: 1. Allegro moderato, ma con fuoco",795457,The Saint Paul Chamber Orchestra,Mendelssohn: Violin Concerto; Octet,2006,2000,14.816666666666666,120.9,1,-20.3,38868,0,Classical,1
542616232,"My Country, JB 1:112: No. 2, Vltava",1541939,Prague Philharmonia,Smetana: My Country,2018,2010,12.15,80.44,1,-21.7,42319,0,Classical,1
92311638,"Götterdämmerung, Act III: Siegfried's Funeral Music",1305191,Simón Bolívar Symphony Orchestra of Venezuela,Wagner - Dudamel,2015,2010,8.65,133.8,1,-16.7,66657,0,Classical,1
672935592,"Schumann & Liszt: Widmung, Op. 25 No. 1 (Arr. Liszt, S. 566a)",9981596,Martin James Bartlett,Love and Death,2019,2010,3.966666666666667,127.6,0,-21.0,231015,0,Classical,1
66168257,"String Quartet No. 15 in A Minor, Op. 132 : Beethoven: String Quartet No. 15 in A Minor, Op. 132: I. Assai sostenuto – Allegro",417228,Emerson String Quartet,Beethoven: The String Quartets,2010,2010,9.566666666666666,127.6,0,0.0,11498,0,Classical,1
612370062,"Sonata in C Major, Hob. XVI:48: I. Andante con espressione",795404,Kristian Bezuidenhout,Haydn: Piano Sonatas,2019,2010,8.666666666666666,127.6,0,-23.8,10001,0,Classical,1
68251545,"Music for the Royal Fireworks, HWV 351 : Handel: Music for the Royal Fireworks, HWV 351: IV. La Réjouissance",633118,The English Concert,Handel: Music for the Royal Fireworks,1995,1990,2.1166666666666667,107.11,1,-16.7,52074,0,Classical,1
2925112591,"Elijah, Op. 70, MWV A 25, Part 2: No. 32, Chorus. He that shall endure to the end",211430,Antonio Pappano,Mendelssohn: Elijah,2024,2020,2.15,127.6,0,-24.7,37934,0,Classical,1
3080636311,American Symphony Theme,1059460,Jon Batiste,Beethoven Blues,2024,2020,2.683333333333333,127.6,0,-13.8,343982,0,Classical,1
1516348412,Lionheart,1574609,Stephan Moccio,Lionheart,2021,2020,3.4833333333333334,127.6,0,-14.3,330465,0,Classical,1
504378232,"Requiem, K. 626: Introitus: Requiem",95415,Academy of Ancient Music,Mozart: Requiem Realisations,2013,2010,4.1,100.11,1,-22.2,129388,0,Classical,1
3655255532,"Carmen Fantasy, Op. 25 (Arr. Goss for Violin, Guitar, Accordion & Cello) : Sarasate: Carmen Fantasy, Op. 25 (Arr. Goss for Violin, Guitar, Accordion & Cello): I. Intro. Aragonaise – Habanera",413421,Nicola Benedetti,Violin Café,2025,2020,5.55,127.6,0,-21.4,94278,0,Classical,1
3627432542,"Mozart: Requiem in D Minor, K. 626: II. Kyrie",65655,Daniel Barenboim,"Mozart: Symphony No. 41 ""Jupiter"", Eine kleine Nachtmusik & Requiem",2025,2020,2.75,127.6,0,-18.0,62776,0,Classical,1
2448170585,"Piano Sonata in B Minor, S. 178: I. Lento assai - Allegro energico",648136,Igor Levit,Fantasia,2023,2020,11.733333333333333,127.6,0,-19.6,147409,0,Classical,1
489227402,"Gluck: Orfeo ed Euridice, Wq. 30: Sinfonia - Allegro con moto",211131,Philippe Jaroussky,Gluck: Orfeo ed Euridice,2018,2010,3.066666666666667,138.27,1,-17.3,121307,0,Classical,1
6983744,String Sonata No. 1 in G major : Rossini: String Sonata No. 1 in G major: 1. Moderato,4151514,Academy of St Martin in the Fields,Rossini: 6 String Sonatas/Donizetti/Cherubini/Bellini,1995,1990,5.133333333333334,143.6,1,-21.4,110085,0,Classical,1
121596402,"Mephisto Waltz No. 1, S. 514: The Dance in the Village Inn (Live)",9961172,Lucas Debargue,"Scarlatti, Chopin, Liszt, Ravel, Grieg & Schubert: Piano Works",2016,2010,12.75,172.99,1,-16.2,175916,0,Classical,1
107471456,"Brahms: Violin Concerto in D Major, Op. 77: III. Allegro giocoso, ma non troppo vivace",5854,Itzhak Perlman,"Brahms: Violin Concerto, Op. 77",2015,2010,8.333333333333334,168.75,1,-16.4,315774,0,Classical,1
2787655862,"Symphony No. 82 in C Major, Hob. I:82, ""L'ours"" (the Bear): I. Vivace assai",1000137,Heidelberger Sinfoniker,Haydn: Paris Symphonies,2010,2010,7.916666666666667,145.1,1,-17.6,65490,0,Classical,1
2780955341,Communion,1574609,Stephan Moccio,"Legends, Myths and Lavender",2024,2020,4.183333333333334,127.6,0,-19.2,479313,0,Classical,1
145100690,"Trio Sonata No. 6 in G Major, BWV 530: I. Vivace",58960,Yo-Yo Ma,Bach Trios,2017,2010,3.2,118.12,1,-20.1,185729,0,Classical,1
478191262,Sensemayá,73651,Esa-Pekka Salonen,The Music of Silvestre Revueltas,2018,2010,7.066666666666666,167.38,1,-19.5,6984,0,Classical,1
640213832,"Piano Trio No. 3 in G Minor, Op. 110: IV. Kraftig, mit Humor",4356661,Horszowski Trio,Schumann: Complete Piano Trios,2019,2010,7.266666666666667,127.6,0,-19.6,26037,0,Classical,1
72059729,Einaudi: Experience,4331,Ludovico Einaudi,In A Time Lapse (Deluxe Edition),2013,2010,5.25,92.5,1,-12.9,714286,0,Classical,1
65249202,"Matthäus-Passion, BWV 244, Pt. 2 : J.S. Bach: Matthäus-Passion, BWV 244, Pt. 2: No. 39, Aria. Erbarme dich (Alto)",1055527,Michael Chance,John Eliot Gardiner: The Best Of Bach,2013,2010,6.716666666666667,97.3,1,-32.9,201154,0,Classical,1
1287838,"The Art of the Fugue, BWV 1080: Contrapunctus 4",244207,Hesperion Xx,J.S. Bach: Die Kunst Der Fuge,2001,2000,5.983333333333333,127.6,0,-17.0,82362,0,Classical,1
113413098,"Concerto for Flute, Strings and Basso Continuo in G Major, Wq 169 : I. Allegro di molto",242649,Berliner Barock Solisten,C.P.E. Bach: Concertos & Symphonies II,2015,2010,10.616666666666667,127.6,0,-19.9,43003,0,Classical,1
508801622,"All-Night Vigil, Op. 37: VI. Rejoice, O Virgin (Ave Maria)",3134371,London Symphony Chorus,Rachmaninov: All-Night Vigil (Vespers),2016,2010,2.533333333333333,124.16,1,-26.5,31102,0,Classical,1
910157172,"Rameau, Ólafsson: The Arts and the Hours",1324555,Víkingur Ólafsson,Debussy – Rameau,2020,2020,4.766666666666667,127.6,0,-28.1,314230,0,Classical,1
4174911522,"Cello Concerto No. 1 in A Minor, Op. 33: II. Allegretto con moto",395215,Sol Gabetta,"Cello Concerto No. 1 in A Minor, Op. 33/II. Allegretto con moto",2026,2020,4.833333333333333,127.6,0,-22.8,228811,0,Classical,1
1893750087,LYR,181572967,Aeden Azora,LYR,2022,2020,3.0,127.6,0,-22.3,214754,0,Classical,1
2793216622,"Piano Trio No. 2 in G Major, K. 496: III. Allegretto",10029998,Trio Vega,Mozart: Complete Piano Trios,2017,2010,9.95,127.6,0,0.0,33373,0,Classical,1
3541546191,"12 Danzas españolas : Granados: 12 Danzas españolas: No. 2, Oriental (Arr. Keren for Mandolin & Ensemble)",1052587,Avi Avital,"Granados: 12 Danzas españolas: No. 2, Oriental (Arr. Keren for Mandolin & Ensemble)",2025,2020,4.683333333333334,127.6,0,-15.4,144288,0,Classical,1
465566522,"Te deum, Op. 103: III. Aeterna fac cum sanctis. Vivace",5632470,Orquesta Sinfónica de Navarra,Dvorak: Complete Sacred Choral Music,2018,2010,3.2333333333333334,157.2,1,-23.6,26554,0,Classical,1
549264952,"J.S. Bach: Widerstehe doch der Sünde, BWV 54 (Transcr. by Víkingur Ólafsson)",1324555,Víkingur Ólafsson,Johann Sebastian Bach,2018,2010,4.433333333333334,164.72,1,-23.1,419584,0,Classical,1
2947941071,Back to Loneliness,82803312,Tom Kinsella,Back to Loneliness,2024,2020,4.283333333333333,127.6,0,-15.6,62713,0,Classical,1
82144044,"Missa solemnis, Op. 123 : Beethoven: Missa solemnis, Op. 123: I. Kyrie: b. Christe eleison",4159531,Lella Cuberli,Beethoven: Missa Solemnis / Mozart: Krönungsmesse,2014,2010,1.75,147.7,1,-20.9,161666,0,Classical,1
983327642,"Symphony No. 91 In E-Flat Major, Hob.I:91 : Haydn: Symphony No. 91 In E-Flat Major, Hob.I:91: 3. Menuet (Un poco allegretto)",298705,Wiener Philharmoniker,Böhm: Symphonic Works,2020,2020,4.516666666666667,127.6,0,-21.0,17818,0,Classical,1
3214478511,New York 17.3.24,7010575,Dardust,New York 17.3.24,2025,2020,2.8333333333333335,127.6,0,-21.0,529732,0,Classical,1
1649001382,"Symphony No. 3 in F Major, Op. 90 : Brahms: Symphony No. 3 in F Major, Op. 90: I. Allegro con brio (Recorded 1988)",168632,Berliner Philharmoniker,Deep Dive - Brahms,2022,2020,9.566666666666666,127.6,0,-16.7,31589,0,Classical,1
91858452,"String Sextet No. 2 in G Major, Op. 36: Poco allegro",7186550,Die Kammermusiker Zürich,Johannes Brahms: String Sextets,2014,2010,8.083333333333334,127.6,0,0.0,7887,0,Classical,1
117851184,"Swan Lake, Op. 20: Act II: Danse de coupes - Valse - Scene",2013771,Kristjan Järvi,Tchaikovsky: Swan Lake Ballet Music,2016,2010,4.216666666666667,148.72,1,0.0,43933,0,Classical,1
746137,String Quartet No. 3 (Mishima): Mishima / Closing,64279,Kronos Quartet,Kronos Quartet Performs Philip Glass,2007,2000,3.0833333333333335,143.1,1,-29.5,367442,0,Classical,1
928265002,Fracture,1574609,Stephan Moccio,Fracture,2020,2020,3.45,127.6,0,-19.8,508542,0,Classical,1
7392548,"Beethoven: Piano Concerto No. 3 in C Minor, Op. 37: II. Largo",64887,Pierre-Laurent Aimard,Harnoncourt - The Complete Beethoven Recordings,2010,2010,10.35,110.2,1,-29.5,28143,0,Classical,1
1401652002,"Concerto in C Major, RV 508: III. Allegro",79048,Giuliano Carmignola,Bach & Vivaldi: Sonar in ottava. Double Concertos for Violin and Violoncello Piccolo,2020,2020,3.2333333333333334,127.6,0,-14.4,87741,0,Classical,1
3714102312,Welcome,1203284,Constantinople,Dialogos,2026,2020,4.1,127.6,0,-20.6,59971,0,Classical,1
768174062,"Piano Sonata in F Minor, Op. 13, No. 6: I. Allegro agitato",12465588,Giacomo Scinardo,"Clementi: Piano Sonatas, Vol. 1",2019,2010,4.883333333333334,127.6,0,-16.3,23169,0,Classical,1
1721696467,Vaughan Williams: Symphony No. 5 in D Major: I. Preludio. Moderato,13332,André Previn,Vaughan Williams: Symphony No. 5 in D Major & Fantasia on a Theme of Thomas Tallis,2022,2020,12.6,127.6,0,-19.5,15346,0,Classical,1
65181917,Piano trio in B-flat major op. 97 “Archduke Trio”: Allegro moderato - Presto,3338531,Storioni Trio,Beethoven: Triple Concerto & Archduke Trio,2013,2010,7.016666666666667,127.6,0,0.0,32449,0,Classical,1
3450520541,"Sonata for Violin and Continuo in C Minor, (Prev. Attrib. J.S. Bach as BWV 1024): II. Presto",3372121,Isabelle Faust,J. S. Bach: Sonatas for Violin and Continuo,2025,2020,3.433333333333333,127.6,0,-17.9,112384,0,Classical,1
4097861611,Nothin' Better To Do,79647972,Carter Faith,Nothin' Better To Do,2026,2020,3.033333333333333,127.6,0,-8.4,546701,0,Country,1
4160471862,Good Girls & Cowgirls,129324502,Zach Top,Good Girls & Cowgirls,2026,2020,3.066666666666667,127.6,0,-10.9,433418,0,Country,1
4098248331,Another Drink,7890702,Marshmello,Another Drink,2026,2020,2.55,127.6,0,-9.5,580046,0,Country,1
3952451371,My Way,4893551,Riley Green,My Way,2026,2020,4.033333333333333,127.6,0,-9.9,499008,0,Country,1
3326163551,I Ain't Comin' Back,7188840,Morgan Wallen,I Ain't Comin' Back,2025,2020,2.9166666666666665,127.6,0,-7.2,603005,0,Country,1
3678837252,Rocky Mountain Low,11299366,Corey Kent,Rocky Mountain Low,2025,2020,2.8,127.6,0,-8.7,376786,0,Country,1
2949962281,Fix What You Didn't Break,67218672,Nate Smith,Fix What You Didn't Break,2024,2020,3.35,127.6,0,-6.4,478948,0,Country,1
3924206181,Say So,5112746,Dan + Shay,Say So,2026,2020,3.35,127.6,0,-7.8,300020,0,Country,1
4208703452,Closing Time,7796,Little Big Town,Closing Time,2026,2020,2.6333333333333333,127.6,0,-9.3,355454,0,Country,1
3406102021,South Of Sanity,129324502,Zach Top,Ain't In It For My Health,2025,2020,3.6666666666666665,127.6,0,-11.3,407833,0,Country,1
4125343871,Memo,427388,Dasha,Memo,2026,2020,3.183333333333333,127.6,0,-8.0,567813,0,Country,1
3773654512,Bell Bottoms Up,6303698,Lainey Wilson,Whirlwind (Deluxe),2025,2020,3.55,127.6,0,-8.4,398566,0,Country,1
3842044081,Empty Words,11299366,Corey Kent,Empty Words,2026,2020,2.533333333333333,127.6,0,-8.1,453022,0,Country,1
3884562301,Sunburn,78063622,Tucker Wetmore,Sunburn,2026,2020,3.1166666666666667,127.6,0,-7.6,573831,0,Country,1
2175514217,Out Of That Truck,4388,Carrie Underwood,Out Of That Truck,2023,2020,2.95,127.6,0,-7.3,430207,0,Country,1
3278152451,Just In Case,7188840,Morgan Wallen,Just In Case,2025,2020,2.7666666666666666,127.6,0,-9.7,641422,0,Country,1
2780753191,I Had Some Help,7543848,Post Malone,I Had Some Help,2024,2020,2.966666666666667,127.6,0,-8.5,786310,1,Country,1
4214789902,Pouring,312610241,Mack Geiger,Pouring,2026,2020,3.566666666666667,127.6,0,-8.6,376664,0,Country,1
3973424451,Boots By The Wrong Bed,276577691,Blake Whiten,Something To Say,2026,2020,3.3,127.6,0,-7.7,416844,0,Country,1
1793208827,Water Under The Bridge,4575675,Sam Hunt,Water Under The Bridge,2022,2020,2.816666666666667,127.6,0,-6.4,373855,0,Country,1
3406101911,Good Times & Tan Lines,129324502,Zach Top,Ain't In It For My Health,2025,2020,2.6666666666666665,127.6,0,-8.1,557020,0,Country,1
4208691962,Mess,1140313,Jordan Davis,Mess,2026,2020,2.65,127.6,0,-8.0,372788,0,Country,1
3406090731,Nose On The Grindstone,5801503,Tyler Childers,Nose On The Grindstone,2025,2020,2.933333333333333,127.6,0,-10.8,299591,0,Country,1
3884589931,If I Don't Leave I’m Gonna Stay,4089762,Carly Pearce,If I Don't Leave I'm Gonna Stay,2026,2020,3.55,127.6,0,-9.9,417271,0,Country,1
3975391771,Daisies,5226738,Lily Meola,Daisies,2026,2020,3.716666666666667,127.6,0,-6.6,134640,0,Country,1
2716203012,Worst Way,4893551,Riley Green,Worst Way,2024,2020,3.6666666666666665,127.6,0,-8.6,604436,0,Country,1
3899622791,Rethink Some Things,9626504,Luke Combs,The Way I Am,2026,2020,2.75,127.6,0,-9.5,640367,0,Country,1
2851460892,Everything She Ain’t,8702226,Hailey Whitters,Everything She Ain’t,2022,2020,2.5166666666666666,127.6,0,-10.2,374628,0,Country,1
4250840541,Strangers & Angels,7954262,Flatland Cavalry,Strangers & Angels,2026,2020,3.3333333333333335,127.6,0,-8.3,363742,0,Country,1
1352235382,Fearless,10168310,Jackson Dean,Jackson Dean,2021,2020,3.5833333333333335,127.6,0,-9.6,322952,0,Country,1
992937,9 to 5,8741,Dolly Parton,9 To 5 And Odd Jobs,1980,1980,2.75,106.0,1,-10.8,859231,0,Country,1
1651740712,Last Night Lonely,648668,Jon Pardi,Last Night Lonely,2022,2020,3.033333333333333,127.6,0,-7.5,444039,0,Country,1
4037523341,Appalachian Raised,162866587,Cigarettes @ Sunset,Appalachian Raised,2026,2020,3.716666666666667,127.6,0,-6.6,350916,0,Country,1
2164367717,Pretty Little Poison,117467152,Warren Zeiders,Pretty Little Poison,2023,2020,3.6333333333333333,127.6,0,-8.1,286807,0,Country,1
3967233991,Born To Die,6853437,Shaboozey,Born To Die,2026,2020,2.683333333333333,127.6,0,-7.4,698960,0,Country,1
4250712051,Chrome Pony,13950249,Kassi Ashton,Chrome Pony,2026,2020,3.4,127.6,0,-5.6,355446,0,Country,1
3898109201,Runnin' On E,129902452,Wyatt Flores,Runnin' On E,2026,2020,2.45,127.6,0,-7.2,303959,0,Country,1
3788262632,4x4xU,6303698,Lainey Wilson,Whirlwind,2024,2020,3.9833333333333334,127.6,0,-9.3,413478,0,Country,1
3444357741,A Song To Sing,5057,Miranda Lambert,A Song To Sing,2025,2020,2.9833333333333334,127.6,0,-7.6,562119,0,Country,1
3398329881,Last Night,7188840,Morgan Wallen,3 Songs At A Time Sampler,2023,2020,2.716666666666667,127.6,0,-8.8,472689,1,Country,1
3029738571,Time’s Ticking,292455,Justin Moore,This Is My Dirt,2024,2020,3.0,127.6,0,-8.7,302287,0,Country,1
2367729665,White Horse,343290,Chris Stapleton,White Horse,2023,2020,4.466666666666667,127.6,0,-13.5,624583,0,Country,1
2906711721,Guy For That,7543848,Post Malone,Guy For That,2024,2020,2.7333333333333334,127.6,0,-7.3,480159,0,Country,1
4191875232,You Only Call When It's Raining,84575252,Lucas Ball,You Only Call When It's Raining,2026,2020,3.25,127.6,0,-8.6,131368,0,Country,1
3625564112,Misery,82716032,Treaty Oak Revival,West Texas Degenerate,2025,2020,2.8666666666666667,127.6,0,-7.2,292888,0,Country,1
2171221,A Sunday Kind Of Love,620,Etta James,At Last!,1999,1990,3.2666666666666666,127.6,0,-12.7,757826,0,Blues,1
720538,Ride Captain Ride (Single),65992,Blues Image,Open (US Internet Release),2005,2000,3.75,126.8,1,-14.5,291972,0,Blues,1
69991461,Part of Me,1330256,Tedeschi Trucks Band,Made Up Mind,2013,2010,4.1,127.6,0,-11.5,338531,0,Blues,1
13810910,Georgia On My Mind,1342,Ray Charles,Genius of Soul,2010,2010,3.6333333333333333,81.6,1,-5.36,309687,0,Blues,1
2315732,Loving You Is Sweeter Than Ever,4091,Susan Tedeschi,Hope And Desire,2005,2000,3.95,181.3,1,-9.6,136656,0,Blues,1
2006423277,"Baby, Baby",189162577,ULBERT UNDERGROUND,Ulbert Underground (Live Session),2022,2020,3.966666666666667,127.6,0,-10.0,65212,0,Blues,1
1101966,Vacation,819,John Mayall & The Bluesbreakers,Blues From Laurel Canyon,2007,2000,2.783333333333333,139.7,1,-12.0,215772,0,Blues,1
3309780971,Boots on the Ground,231314415,803Fresh,Boots on the Ground,2024,2020,3.3833333333333333,127.6,0,-8.9,369154,0,Blues,1
1036732322,If I Got It (Your Love Brought It),14597475,Aaron Frazer,Introducing...,2021,2020,2.9,127.6,0,-10.2,661388,0,Blues,1
548865542,I'd Rather Go Blind,620,Etta James,The Essential Etta James,2018,2010,2.566666666666667,162.77,1,-14.0,110420,0,Blues,1
120342104,Ain't No Love In The Heart Of The City (Single Version),6487,"Bobby ""Blue"" Bland",Dreamer,2007,2000,3.85,158.4,1,-17.8,523055,0,Blues,1
693407312,This Is My Home,69959,Keb' Mo',Oklahoma,2019,2010,4.883333333333334,187.93,1,-13.3,220380,0,Blues,1
1101968,Laurel Canyon Home,819,John Mayall & The Bluesbreakers,Blues From Laurel Canyon,2007,2000,4.55,170.1,1,-20.8,264888,0,Blues,1
2171224,At Last,620,Etta James,At Last!,1999,1990,3.0,87.22,1,-12.4,799486,0,Blues,1
2148396857,I’d Rather Go Blind,70491,Chicken Shack,The Very Best of Chicken Shack,2022,2020,3.216666666666667,127.6,0,-18.5,110181,0,Blues,1
62497879,We're All The Way,192,Eric Clapton,Slowhand 35th Anniversary (Super Deluxe),2012,2010,2.533333333333333,97.7,1,-16.5,211433,0,Blues,1
1190473,Runaway (2008 Remaster),199,Bonnie Raitt,Sweet Forgiveness,2001,2000,3.95,105.2,1,-11.1,84751,0,Blues,1
62497875,Cocaine,192,Eric Clapton,Slowhand 35th Anniversary (Super Deluxe),2012,2010,3.6666666666666665,105.2,1,-14.1,528850,0,Blues,1
10101850,Layla,149013,Derek & The Dominos,Layla And Other Assorted Love Songs (Remastered 2010),2011,2010,7.083333333333333,116.8,1,-7.5,472740,0,Blues,1
10101839,Bell Bottom Blues,149013,Derek & The Dominos,Layla And Other Assorted Love Songs (Remastered 2010),2011,2010,5.083333333333333,134.2,1,-9.2,452535,0,Blues,1
1428453132,Magnolia Blues,6191868,Adia Victoria,Magnolia Blues,2021,2020,3.466666666666667,127.6,0,-10.5,247443,0,Blues,1
8161143,Grow Fins,87384,Captain Beefheart,The Spotlight Kid,1971,1970,3.5,127.6,0,-18.6,111310,0,Blues,1
3508331441,Secret Song,96725112,Common Saints,Idol Eyes,2020,2020,5.35,127.6,0,-10.6,393578,0,Blues,1
538698692,The Thrill Is Gone,3614,B.B. King,Completely Well,2018,2010,5.416666666666667,127.6,0,-12.1,696626,0,Blues,1
767185,What Would I Do Without You,1342,Ray Charles,Yes Indeed!,2005,2000,2.6333333333333333,126.43,1,-14.5,55250,0,Blues,1
1857148567,Nightlife Blues,11960469,North Downs,Dad's Old Tapes,2019,2010,3.783333333333333,127.6,0,-8.7,113481,0,Blues,1
13198740,Queen Bee,4418,Taj Mahal,Señor Blues,1997,1990,4.633333333333334,157.8,1,-12.6,204627,0,Blues,1
1643296542,Ain't That Lovin' You,8636,Delbert McClinton,Ain't That Lovin' You,2022,2020,2.316666666666667,127.6,0,-10.2,7826,0,Blues,1
926372232,And That's Saying a Lot,158697,Christine McVie,The Legendary Christine Perfect Album,1970,1970,3.0,127.6,0,-12.7,6866,0,Blues,1
1190477,Sweet Forgiveness (2008 Remaster),199,Bonnie Raitt,Sweet Forgiveness,2001,2000,4.183333333333334,138.7,1,-11.2,36546,0,Blues,1
1507324262,Lean On Me,69959,Keb' Mo',Good To Be...,2022,2020,3.8833333333333333,127.6,0,-11.1,169174,0,Blues,1
4004100121,Celebrate Me,371924331,ingarose,Celebrate Me,2026,2020,3.6333333333333333,127.6,0,-14.6,716788,0,Blues,1
3986464531,Loyalty Cost Me More,259429362,Butter Knife Shawty,Shawty Got the Blues,2026,2020,3.85,127.6,0,-13.8,395243,1,Blues,1
2204985,Sunrise,15466,Larry Carlton,Fire Wire,2005,2000,5.166666666666667,166.0,1,-16.9,266415,0,Blues,1
3783330752,That's Why I Play the Blues,666,Gary Moore,Blues and Beyond (Deluxe Version),2026,2020,4.066666666666666,127.6,0,-8.7,147789,0,Blues,1
5474077,It's All Over Your Face,269912,Ronnie Dyson,Constantly,2009,2000,6.1,117.8,1,-14.9,72373,0,Blues,1
1467908,Goin' To New York,62359,Jimmy Reed,The Very Best of Jimmy Reed,2005,2000,2.283333333333333,103.6,1,-12.5,37216,0,Blues,1
3151784,Let's Work Together (Remastered 2005),2105,Canned Heat,The Very Best Of Canned Heat,2005,2000,3.216666666666667,119.2,1,-8.7,453663,0,Blues,1
13805993,Polk Salad Annie,64750,Tony Joe White,Black & White,2005,2000,3.716666666666667,131.7,1,-11.3,248121,0,Blues,1
856291322,Sometimes I Slip,81146,"Clarence ""Gatemouth"" Brown",Alright Again!,2020,2020,6.583333333333333,127.6,0,-14.5,91114,0,Blues,1
1734073367,Boogie Chillen',1159,John Lee Hooker,Documenting the Sensation Recordings 1948-1952,1996,1990,3.1666666666666665,127.6,0,-17.7,2670,0,Blues,1
3369742751,Room On The Porch,4418,Taj Mahal,Room On The Porch,2025,2020,4.083333333333333,127.6,0,-10.4,276462,0,Blues,1
62497876,Wonderful Tonight,192,Eric Clapton,Slowhand 35th Anniversary (Super Deluxe),2012,2010,3.7333333333333334,95.5,1,-16.6,444353,0,Blues,1
101104344,Pinetop's Boogie Woogie,85226,Pinetop Smith,I Got More Sense Than That,2015,2010,3.1666666666666665,84.7,1,-4.36,64062,0,Blues,1
1412027772,Sweet Vibrations,116891,Latimore,It Ain't Where You Been,2013,2010,4.5,127.6,0,-9.5,151021,0,Blues,1
9603949,Rock Me Tonight,9393,Freddie Jackson,Diamond Collection,2008,2000,6.95,152.6,1,-6.3,128937,0,Blues,1
2299928,Bring It On Home,891894,Sonny Boy Williamson II,His Best,1997,1990,2.5833333333333335,110.8,1,-14.1,152241,0,Blues,1
1933626517,Soul Searching,66611,Ruthie Foster,Soul Searching,2022,2020,3.95,127.6,0,-7.5,22232,0,Blues,1
406500332,Someone Else Is Steppin' In,113240,Z.Z. Hill,In Memorium (1935-1984),1985,1980,3.6333333333333333,131.25,1,-8.7,32116,0,Blues,1
540489722,I Used To Have A Woman,74186,Jimmy Rogers,The Complete Chess Recordings,2018,2010,3.15,127.6,0,-13.4,2498,0,Blues,1
3222421651,Look Out Highway,5428,Charlie Musselwhite,Look Out Highway,2025,2020,3.5166666666666666,127.6,0,-8.8,163387,0,Blues,1
595056,I'm Your Hoochie Coochie Man,5414,Muddy Waters,I'm Ready,2004,2000,3.966666666666667,112.3,1,-11.0,602728,0,Blues,1
2760327861,Sexy Blues,262914231,Shen Lab,Relaxing Blues,2024,2020,3.45,127.6,0,-15.1,431492,0,Blues,1
538699872,Three O'Clock Blues,3614,B.B. King,Best Of B.B. King & Bobby Bland,2018,2010,3.4166666666666665,127.6,0,-16.7,85912,0,Blues,1
1099249,Crosscut Saw,4192,Albert King,Born Under A Bad Sign,2006,2000,2.5833333333333335,127.6,0,-13.1,355877,0,Blues,1
3705954,Double Trouble (Take 3),66465,Otis Rush,The Essential Otis Rush,2006,2000,5.15,102.59,1,-12.3,26659,0,Blues,1
1460716612,He's in the Jailhouse Now,92573,Blind Blake,Blind Blake Essentials,2021,2020,2.75,127.6,0,-12.7,21649,0,Blues,1
1708633367,Livin' for the Ones,199,Bonnie Raitt,Livin' for the Ones,2022,2020,3.066666666666667,127.6,0,-7.7,24638,0,Blues,1
852635,Me and the Devil Blues,3120,Robert Johnson,King Of The Delta Blues Singers,1994,1990,2.566666666666667,81.07,1,-16.2,343539,0,Blues,1
796306852,"Boom, Boom Out Goes The Light",5426,Little Walter,The Complete Chess Masters (1950 - 1967),2019,2010,2.816666666666667,127.6,0,-12.6,40267,0,Blues,1
3269458,I'm So Glad,8424,Skip James,Blues From The Delta,2006,2000,1.9166666666666667,105.7,1,-20.9,248849,0,Blues,1
1762363217,Hound Dog,8989,Big Mama Thornton,Hound Dog / The Peacock Recordings,2007,2000,2.8333333333333335,127.6,0,-15.1,94147,0,Blues,1
935793042,Good Morning Little Schoolgirl,9523,Mississippi Fred McDowell,Good Morning Little School Girl,1994,1990,3.35,127.6,0,-19.9,183470,0,Blues,1
1744068,War Time Blues,87024672,Sonny Boy Williamson,Sonny Boy Williamson Vol. 3 (1939 - 1941),2005,2000,2.9166666666666665,89.3,1,-3.37,603207,0,Blues,1
86037475,See That My Grave Is Kept Clean,78506,Blind Lemon Jefferson,Blind Lemon Jefferson,2015,2010,2.933333333333333,127.6,0,0.0,38522,0,Blues,1
1013636962,I See Red,53465462,Everybody Loves an Outlaw,I See Red,2018,2010,3.8333333333333335,127.6,0,-9.2,790275,0,Blues,1
596869,The Sky Is Crying,620,Etta James,Blues To The Bone,2004,2000,3.966666666666667,98.9,1,-12.7,288662,0,Blues,1
2279772,Done Got Old,8680,Buddy Guy,Sweet Tea,2001,2000,3.3833333333333333,109.7,1,-15.3,205703,0,Blues,1
10961946,Jimmy's Detroit Boogie,393271,Jimmy Thackery,The Essential Jimmy Thackery,2006,2000,6.15,127.6,0,-9.9,54919,0,Blues,1
471597592,Bad Penny,10543,Rory Gallagher,Top Priority (Remastered 2017),2018,2010,4.083333333333333,99.62,1,-13.3,480038,0,Blues,1
60732635,All My Money Gone Blues,54728,Roosevelt Sykes,1929-1941,2012,2010,2.85,127.6,0,0.0,27538,0,Blues,1
1697344647,Call It Stormy Monday But Tuesday Is Just As Bad,58312,T-Bone Walker,The Complete Capitol / Black & White Recordings,2022,2020,3.033333333333333,127.6,0,-19.8,21289,0,Blues,1
2274126,Alabama Blues,78908,J.B. Lenoir,Passionate Blues,2002,2000,3.2333333333333334,127.6,0,-12.8,334463,0,Blues,1
13504489,I'll Take Care of You,94137,Bobby Blue Bland,"The Unforgettable Voices: 30 Best of Fats Domino, Bobby "" Blue "" Bland, Malcolm John Rebennack",2011,2010,4.25,114.53,1,-20.7,55368,0,Blues,1
487733752,I Got a Mind to Give up Living,4914,The Paul Butterfield Blues Band,I Got My Mojo Working,2018,2010,4.966666666666667,102.8,1,-17.5,151837,0,Blues,1
136370616,Old Black Mattie,6292,R.L. Burnside,Too Bad Jim,2016,2010,4.183333333333334,164.72,1,-13.4,202005,0,Blues,1
2329113,Wang Dang Doodle,8992,Koko Taylor,Koko Taylor,2007,2000,3.0,76.2,1,-7.38,290820,0,Blues,1
2519148,I'm In The Mood,1159,John Lee Hooker,The Real Folk Blues,2008,2000,2.683333333333333,100.11,1,-21.7,99415,0,Blues,1
1190465,Everybody's Cryin' Mercy (2008 Remaster),199,Bonnie Raitt,Takin' My Time,2002,2000,3.4833333333333334,100.6,1,-13.0,101013,0,Blues,1
14008736,Blues Don't Make Me Cry,271089,Peppermint Harris,Blues Legend,2011,2010,3.25,118.0,1,-4.59,26987,0,Blues,1
1499959392,Policy Blues,127253,Cripple Clarence Lofton,Mistaken Blues,2021,2020,3.183333333333333,127.6,0,-19.2,32122,0,Blues,1
846490792,Floating Bridge,57533,Sleepy John Estes,Goin' To Brownsville,2020,2020,3.8833333333333333,127.6,0,-13.8,7006,0,Blues,1
2022847,Old Original Kokomo Blues,57085,Kokomo Arnold,Kokomo Arnold Vol. 1 (1930 - 1935),2005,2000,2.8333333333333335,108.4,1,-0.13,11555,0,Blues,1
3761014102,The Church Of Electric Swamp Funkin' Blues,5769830,Selwyn Birchwood,Electric Swamp Funkin' Blues,2026,2020,5.083333333333333,127.6,0,-7.7,104508,0,Blues,1
3670735432,Bad All By Myself,4138340,Lil Ed & The Blues Imperials,Slideways,2026,2020,3.716666666666667,127.6,0,-8.2,62027,0,Blues,1
1762363457,Hard Times,8989,Big Mama Thornton,Hound Dog / The Peacock Recordings,2007,2000,2.1666666666666665,127.6,0,-14.8,30811,0,Blues,1
4434446,"Bring Me a Little Water, Silvy",1339,Lead Belly,Lead Belly's Last Sessions,1994,1990,1.45,92.9,1,2.1,6893,0,Blues,1
905523292,Boogie Man,58313,Sunnyland Slim,House Rent Party,1992,1990,3.216666666666667,127.6,0,-16.8,25383,0,Blues,1
3611891892,Hoodoo Woman,394735,Tinsley Ellis,Labor Of Love,2026,2020,3.1666666666666665,127.6,0,-10.2,98685,0,Blues,1
540489682,That's All Right (1950 Single Version),74186,Jimmy Rogers,The Complete Chess Recordings,2018,2010,2.816666666666667,127.6,0,-13.3,119394,0,Blues,1
17502901,4 O'Clock In The Morning,58307,Pinetop Perkins,Heaven,2012,2010,4.35,127.6,0,-10.3,18505,0,Blues,1
1382675102,Oh Papa Blues,97385,Ma Rainey,Ma Rainey's Black Bottom,2006,2000,2.8666666666666667,127.6,0,-15.7,47787,0,Blues,1
1735890,Devil Got My Woman,8424,Skip James,Skip James 1931,2005,2000,3.0166666666666666,173.0,1,-15.1,186226,0,Blues,1
59655611,Hit The Road Jack,1342,Ray Charles,Various Artists - The Hits Of The 60s (MP3 Compilation),2015,2010,2.0,86.7,1,-11.8,340132,0,Blues,1
852638,Come On In My Kitchen,3120,Robert Johnson,King Of The Delta Blues Singers,1994,1990,2.8666666666666667,172.3,1,-17.8,233105,0,Blues,1
632234192,Give Me the Strongest Whiskey,184249,Denise LaSalle,Mississippi Woman Steppin' Out Live,2019,2010,3.316666666666667,127.6,0,-12.5,21385,0,Blues,1
1028828,When The Levee Breaks (Album Version),105022,Memphis Minnie & Kansas Joe,Queen Of The Blues,1997,1990,3.15,194.1,1,-13.3,172929,0,Blues,1
571423,Lovin' in My Baby's Eyes,4418,Taj Mahal,The Essential Taj Mahal,2005,2000,2.716666666666667,170.1,1,-13.1,253869,0,Reggae,1
1021870252,Shine,1428258,Cleo Sol,Shine,2020,2020,3.7666666666666666,127.6,0,-8.6,305236,0,Reggae,1
3125744,Red Red Wine,165,UB40,Labour Of Love,1993,1990,5.3,178.2,1,-18.3,592604,0,Reggae,1
3444262361,Could You Be Loved (with LP Giobbi),719,Bob Marley & The Wailers,Could You Be Loved (with LP Giobbi),2025,2020,4.766666666666667,127.6,0,-8.2,554804,0,Reggae,1
3890561131,Talk To Me Nuh,10668885,Shenseea,Talk To Me Nuh,2026,2020,2.1,127.6,0,-9.6,680650,1,Reggae,1
486272702,Queen Version,275773,Rhythm & Sound,The Versions,2004,2000,6.15,127.6,0,-12.8,125350,0,Reggae,1
12269977,Ketchy Shuby,2326,Peter Tosh,Legalize It (Legacy Edition),2011,2010,4.933333333333334,152.6,1,-14.1,309970,0,Reggae,1
99183634,I Can't Hide,166139,Ken Parker,A Glint of Gold,2014,2010,2.4166666666666665,127.6,0,-12.8,59905,0,Reggae,1
2542705,Redemption Song,719,Bob Marley & The Wailers,Uprising,2001,2000,3.783333333333333,114.84,1,-15.2,838788,0,Reggae,1
548854112,Cool Down The Pace,7065,Gregory Isaacs,Night Nurse (Expanded Edition),2018,2010,5.266666666666667,152.0,1,-15.7,534895,0,Reggae,1
79156139,I'm Still In Love With You,253773,Marcia Aitken,Reggae Impact,2014,2010,3.8,127.6,0,-10.5,401272,0,Reggae,1
1431856122,Right Time,122996,Mighty Diamonds,Reggae Anthology: Mighty Diamonds - Pass The Knowledge,2013,2010,3.183333333333333,138.7,1,-11.9,122810,0,Reggae,1
3786391532,Engine 54,7076,The Ethiopians,Engine 54,2026,2020,2.65,127.6,0,-14.9,255612,0,Reggae,1
3825380011,Sabotage,4511,Desmond Dekker,This Is Desmond Dekker (Enhanced Edition),2026,2020,2.7,127.6,0,-14.2,84036,0,Reggae,1
355978811,I'm in a Dancing Mood,9131,Delroy Wilson,Better Must Come / Greatest Hits... Plus,2017,2010,2.3,127.6,0,-12.2,80330,0,Reggae,1
6699293,Two To Six Super Mix,3606,Yellowman,Mister Yellowman,1982,1980,4.283333333333333,153.7,1,-11.7,158303,0,Reggae,1
3088654,I Need A Roof (2001 Digital Remaster),9132,The Mighty Diamonds,Right Time,2003,2000,2.8,145.6,1,-11.9,249232,0,Reggae,1
381546721,Skankin' Sweet,1562638,Chronixx,Chronology,2017,2010,4.2,156.01,1,-8.3,538013,0,Reggae,1
3269246321,One Two,7054,Sister Nancy,One Two,2002,2000,3.6,127.6,0,-10.6,336860,0,Reggae,1
62710607,Under Me Sensi,2327,Barrington Levy,Reggae Anthology: Sweet Reggae Music (1979-84),2012,2010,3.2,150.89,1,-11.0,313590,0,Reggae,1
123022602,Time Tough,5871,Toots & The Maytals,Funky Kingston,2008,2000,4.383333333333334,91.88,1,-16.9,380341,0,Reggae,1
6711981,Jah Give Us Life,76749,Wailing Souls,The Very Best Of The Wailing Souls,1987,1980,3.8666666666666667,144.6,1,-16.9,460562,0,Reggae,1
65209054,Sweet and Dandy,5871,Toots & The Maytals,Toots & The Maytals - Pressure Drop,2013,2010,2.95,156.6,1,-13.5,166624,0,Reggae,1
6698954,Water Pumping,5348,Johnny Osbourne,Water Pumping,1983,1980,3.283333333333333,160.9,1,-10.4,152183,0,Reggae,1
3406249,Hail H.I.M (2002 Remastered Version),2325,Burning Spear,Hail H.I.M,2002,2000,4.25,137.8,1,-11.8,563331,0,Reggae,1
35336011,Herbs Pirate,98501,The Itals,Brutal Out Deh,2012,2010,3.7333333333333334,143.1,1,-23.1,95766,0,Reggae,1
8074969,Money In My Pocket,7056,Dennis Brown,Reflections,2011,2010,2.55,146.1,1,-11.2,446646,0,Reggae,1
3785909242,Picture On The Wall,4913,Phyllis Dillon,One Life to Live,2026,2020,2.7333333333333334,127.6,0,-14.8,73830,0,Reggae,1
10296048,Smoking My Ganja,97261,Capital Letters,Headline news,2007,2000,4.366666666666666,120.2,1,-11.1,352550,0,Reggae,1
13118547,Good Thing Going,10312,Sugar Minott,Good Thing Going,2011,2010,3.3,156.0,1,-16.0,117571,0,Reggae,1
6699080,Oh What A Feeling,76749,Wailing Souls,Fire House Rock,1981,1980,5.016666666666667,143.1,1,-12.0,345285,0,Reggae,1
3783332822,Everything Crash,7076,The Ethiopians,Reggae Power,2026,2020,2.5833333333333335,127.6,0,-13.4,85298,0,Reggae,1
3125893,Close To You,183674,Maxi Priest,Bonafide,1992,1990,5.483333333333333,95.9,1,-17.1,500428,0,Reggae,1
7571192,Revolution,7056,Dennis Brown,Reggae Anthology: Dennis Brown - Crown Prince of Reggae - Singles (1972-1985),2010,2010,4.316666666666666,169.4,1,-6.7,407299,0,Reggae,1
530267681,Yimasgan (Original Jamaican Mix),3604,The Abyssinians,Satta Massagana (Original Jamaican Mixes) [Deluxe Edition],1976,1970,3.783333333333333,132.51,1,-15.0,188962,0,Reggae,1
3269246401,Roof over Mi Head,7054,Sister Nancy,One Two,2002,2000,3.25,127.6,0,-9.6,252859,0,Reggae,1
32582431,There's A Reward,123595,Joe Higgs,Life of Contradiction,2014,2010,4.183333333333334,145.6,1,-12.3,349912,0,Reggae,1
6699041,Jacqueline,9450,Hugh Mundell,Mundell,1982,1980,3.1166666666666667,139.2,1,-11.9,290893,0,Reggae,1
6699291,Lost Mi Love,3606,Yellowman,Mister Yellowman,1982,1980,5.166666666666667,148.2,1,-12.5,370363,0,Reggae,1
122932888,54-46 Was My Number,5871,Toots & The Maytals,In The Dark,2016,2010,3.4,158.41,1,-13.8,269135,0,Reggae,1
3786086822,A It Mek (Original version),4511,Desmond Dekker,Intensified (Expanded Version),2026,2020,2.35,127.6,0,-12.3,112192,0,Reggae,1
3825376461,"True, True, True",166139,Ken Parker,Version Galore,2026,2020,2.216666666666667,127.6,0,-11.6,148549,0,Reggae,1
3786115612,Perfidia,4913,Phyllis Dillon,One Life to Live,2026,2020,2.8,127.6,0,-13.6,319336,0,Reggae,1
555654712,Marcus Garvey,2325,Burning Spear,Marcus Garvey,2018,2010,3.3833333333333333,182.94,1,-13.0,508982,0,Reggae,1
3594889672,Worthwhile,365824,NESTA,Worthwhile,2025,2020,2.8833333333333333,127.6,0,-10.0,383281,0,Reggae,1
478183932,Israelites,4511,Desmond Dekker,Black And Dekker,2018,2010,2.55,127.6,0,-18.2,125830,0,Reggae,1
6711982,Bredda Gravalicious,76749,Wailing Souls,The Very Best Of The Wailing Souls,1987,1980,3.85,122.0,1,-17.9,188605,0,Reggae,1
3815664012,Cool And Calm (Album Version),2320,Israel Vibration,Strength Of My Life,2026,2020,4.45,152.6,1,-15.9,282656,0,Reggae,1
429957382,Rocksteady,7086,Alton Ellis,Alton Ellis Selects Reggae,2017,2010,2.6333333333333333,86.86,1,-15.8,63242,0,Reggae,1
101607833,World a Reggae (Out in the Street They Call It Murder),10574,Ini Kamoze,Debut,2011,2010,3.95,127.6,0,-10.0,577033,0,Reggae,1
2293793,Satisfy My Soul,719,Bob Marley & The Wailers,Kaya,2001,2000,4.516666666666667,126.8,1,-12.7,695466,0,Reggae,1
4118199391,NERVOUS,5700709,Destin Conrad,NERVOUS,2026,2020,2.683333333333333,127.6,0,-9.1,409899,1,Reggae,1
13826577,From the Ghetto,62439,Jimmy Riley,From The Ghetto,2011,2010,3.3,77.8,1,-1.43,807,0,Reggae,1
1891177,Should I,7056,Dennis Brown,Words Of Wisdom,2007,2000,3.9833333333333334,139.2,1,-18.4,127027,0,Reggae,1
35336531,Me Waan Justice,98501,The Itals,Give Me Power,2012,2010,4.2,182.1,1,-21.0,112090,0,Reggae,1
6699078,Fire House Rock,76749,Wailing Souls,Fire House Rock,1981,1980,4.25,130.0,1,-11.0,368724,0,Reggae,1
62710568,Collie Weed,2327,Barrington Levy,Reggae Anthology: Sweet Reggae Music (1979-84),2012,2010,3.3333333333333335,138.27,1,-11.9,243604,0,Reggae,1
3785908702,Sister Big Stuff,7082,John Holt,Like a Bolt (Expanded Version),2026,2020,2.5166666666666666,127.6,0,-13.0,254443,0,Reggae,1
866230932,Could You Be Loved,719,Bob Marley & The Wailers,Legend (Deluxe Edition),2020,2020,3.933333333333333,127.6,0,-11.0,338819,0,Reggae,1
63393602,Westbound Train,7056,Dennis Brown,Love & Hate,2009,2000,3.1333333333333333,177.4,1,-15.5,198608,0,Reggae,1
3776492922,You Bliss,8026,Nightmares On Wax,In A Space Outta Dub,2026,2020,4.233333333333333,127.6,0,-11.7,277085,0,Reggae,1
88018211,Extra Classic,7065,Gregory Isaacs,Love Songs: The Box Set,2014,2010,3.1666666666666665,133.4,1,-7.2,147227,0,Reggae,1
3308913,Bush Doctor (2002 Remaster),2326,Peter Tosh,Bush Doctor,1988,1980,4.116666666666666,136.9,1,-10.7,176458,0,Reggae,1
14306486,Murderer,2327,Barrington Levy,"Original Ragga Muffin, Pt. 1",2011,2010,3.8833333333333333,127.6,0,-14.0,515729,0,Reggae,1
11688902,It's A Shame,9131,Delroy Wilson,The Very Best Of Delroy Wilson,2007,2000,2.45,172.3,1,-10.0,126745,0,Reggae,1
3786474022,Midnight Confessions,4913,Phyllis Dillon,Love Is All I Had: A Tribute to the Queen of Jamaican Soul,2026,2020,2.533333333333333,127.6,0,-12.5,34544,0,Reggae,1
1040189042,Why Should I,719,Bob Marley & The Wailers,Songs Of Freedom Rarities,2020,2020,3.55,127.6,0,-7.9,259418,0,Reggae,1
6712270,Freelance Lover,5348,Johnny Osbourne,Never Stop Fighting,1982,1980,3.5,141.6,1,-15.7,120898,0,Reggae,1
6712266,In Your Eyes,5348,Johnny Osbourne,Never Stop Fighting,1982,1980,3.15,145.1,1,-16.5,342117,0,Reggae,1
2237439,Buffalo Soldier,719,Bob Marley & The Wailers,Confrontation,2001,2000,4.266666666666667,124.2,1,-12.3,836675,0,Reggae,1
3257677491,Once Upon a Time,9131,Delroy Wilson,Delroy Wilson Anthology,2011,2010,3.0833333333333335,127.6,0,-14.9,194535,0,Reggae,1
63301957,Little Boy Blue,123569,Pat Kelly,The Vintage Series,2000,2000,2.7666666666666666,165.4,1,-8.7,258133,0,Reggae,1
11568188,Pull up sector,62439,Jimmy Riley,Sly & Robbie Present Jimmy Riley Pull Up Selector,2009,2000,4.3,159.0,1,-7.6,52646,0,Reggae,1
63395110,Fisherman,9126,The Congos,Heart Of The Congos,1993,1990,6.083333333333333,127.6,0,-11.7,477977,0,Reggae,1
6712991,One In A Million,103629,Half Pint,One In A Million,1997,1990,3.0166666666666666,165.4,1,-10.7,163476,0,Reggae,1
32582381,Come on Home,123595,Joe Higgs,Life of Contradiction,2013,2010,3.033333333333333,148.7,1,-9.8,345126,0,Reggae,1
6712146,It A Fi Burn,95069,Josey Wales,The Outlaw,1983,1980,3.283333333333333,145.58,1,-18.7,215226,0,Reggae,1
3856486971,Monkey Man,5871,Toots & The Maytals,The Best of The Maytals,2026,2020,3.783333333333333,127.6,0,-8.4,256175,0,Reggae,1
6713022,Police In Helicopter,7082,John Holt,Police In Helicopter,1983,1980,3.65,141.6,1,-11.1,572129,0,Reggae,1
107687158,Heavy Duty Dub,4645712,Harry Mudie,Harry Mudie Meet King Tubby In Dub Confrence Volume One,2015,2010,2.9833333333333334,167.38,1,-14.1,114539,0,Reggae,1
3269246371,Bam Bam,7054,Sister Nancy,One Two,2002,2000,3.2666666666666666,127.6,0,-10.3,792541,0,Reggae,1
65410418,Fussing and Fighting,12564362,Bob Marley,30 Years Ago,2011,2010,2.466666666666667,94.4,1,-16.4,21970,0,Reggae,1
3786115672,Get On the Right Track,4913,Phyllis Dillon,One Life to Live,2026,2020,2.5,127.6,0,-13.5,229703,0,Reggae,1
6713001,Nobody Move Nobody Get Hurt,3606,Yellowman,Nobody Move Nobody Get Hurt,1984,1980,3.716666666666667,164.1,1,-9.9,367611,0,Reggae,1
3814188042,Cool Rasta,2764,The Heptones,Cool Rasta (Bonus Track Edition),2026,2020,2.9833333333333334,127.6,0,-21.1,329269,0,Reggae,1
1353811462,Upside Down,123595,Joe Higgs,Family,2005,2000,3.4,140.6,1,-15.8,73425,0,Reggae,1
4215557692,DADAMAN,5700709,Destin Conrad,ROADRUNNER,2026,2020,2.683333333333333,127.6,0,-12.5,533693,1,Reggae,1
1583158,"Roots, Rock, Reggae",719,Bob Marley & The Wailers,Rastaman Vibration,2001,2000,3.5833333333333335,139.2,1,-13.2,592394,0,Reggae,1
6709810,Too Experienced,2327,Barrington Levy,The Barrington Levy Collection,1990,1990,3.3666666666666667,175.9,1,-16.7,114987,0,Reggae,1
3783188152,Renegade (Take 1),167268,The Baba Brooks Band,Treasure Isle Ska Rarities,2026,2020,2.6666666666666665,127.6,0,-14.8,41630,0,Reggae,1
3856487211,It's You (Reggae Version),5871,Toots & The Maytals,The Best of The Maytals,2026,2020,3.55,127.6,0,-10.1,36970,0,Reggae,1
755377052,Macka Splaff,6542,Steel Pulse,Handsworth Revolution (Deluxe Edition),2019,2010,4.333333333333333,127.6,0,-17.8,307991,0,Reggae,1
107289734,Don't Rock My Boat,719,Bob Marley & The Wailers,Bob Marley,2015,2010,4.5,149.26,1,-19.1,364837,0,Reggae,1
11586855,Rich Man Poor Man,2252,The Gladiators,Back To Roots,2000,2000,3.7333333333333334,139.2,1,-11.9,499560,0,Reggae,1
1583163,Who The Cap Fit,719,Bob Marley & The Wailers,Rastaman Vibration,2001,2000,4.7,138.3,1,-13.8,537280,0,Reggae,1
755376982,Handsworth Revolution,6542,Steel Pulse,Handsworth Revolution (Deluxe Edition),2019,2010,5.35,127.6,0,-17.0,316178,0,Reggae,1
3856488671,"Bla, Bla, Bla",5871,Toots & The Maytals,Sweet and Dandy,2026,2020,2.716666666666667,127.6,0,-11.4,158974,0,Reggae,1
10701637,Break Us Apart,13025,Stephen Marley,Revelation Part 1: The Root Of Life,2011,2010,3.783333333333333,121.96,1,-10.4,442087,0,Reggae,1
2502156,Ride Natty Ride,719,Bob Marley & The Wailers,Survival,2001,2000,3.85,125.3,1,-12.3,507169,0,Reggae,1
4168651742,I LOVE YOUR BODY,5700709,Destin Conrad,I LOVE YOUR BODY,2026,2020,2.566666666666667,127.6,0,-9.7,507749,0,Reggae,1
851907,Hot Fun in the Summertime (Mono Single Master),229,Sly & The Family Stone,The Essential Sly & The Family Stone,2003,2000,2.6166666666666667,145.6,1,-14.8,264683,0,Soul & Funk,1
494627372,Whatever I Do,1097186,Samuel Purdey,Musically Adrift,1999,1990,3.6333333333333333,127.6,0,-11.1,44799,0,Soul & Funk,1
15586296,Don't Stop 'Til You Get Enough,259,Michael Jackson,Off the Wall,1983,1980,6.083333333333333,127.6,0,-15.7,926325,0,Soul & Funk,1
11372486,Never Can Say Goodbye,107942,Bob Baldwin,BobBaldwin.com,2007,2000,5.333333333333333,170.1,1,-10.8,116690,0,Soul & Funk,1
534508,Everyday People,229,Sly & The Family Stone,Stand,1969,1960,2.35,114.5,1,-14.0,621862,0,Soul & Funk,1
2432831,Distant Lover,1154,Marvin Gaye,Let's Get It On,2008,2000,4.266666666666667,141.6,1,-13.6,677556,0,Soul & Funk,1
509743662,Love You out of Your Mind,5947414,Byrne & Barnes,An Eye for an Eye,2016,2010,3.25,127.6,0,-13.2,191585,0,Soul & Funk,1
1845134237,We Never Stop,511,Candy Dulfer,We Never Stop,2022,2020,5.683333333333334,127.6,0,-9.6,108181,0,Soul & Funk,1
2603874,Got To Give It Up,1154,Marvin Gaye,Favorites,2008,2000,6.016666666666667,123.4,1,-16.0,198448,0,Soul & Funk,1
15586286,Rock with You (Single Version),259,Michael Jackson,Off the Wall,1983,1980,3.3833333333333333,127.6,0,-16.9,830728,0,Soul & Funk,1
78065739,Coffee Cold,2666,Galt MacDermot,Shapes of Rhythm/Woman Is Sweeter,2000,2000,3.4166666666666665,127.6,0,-11.8,617459,0,Soul & Funk,1
3200659821,Super Diana,1622064,Korona,Keep On Hustling b/w Super Diana,2025,2020,3.716666666666667,127.6,0,-13.4,105019,0,Soul & Funk,1
1133408902,Mercy Mercy Me (The Ecology),1154,Marvin Gaye,What's Going On,2020,2020,3.216666666666667,127.6,0,-14.4,639583,0,Soul & Funk,1
534574,Dance to the Music,229,Sly & The Family Stone,Dance To The Music,1968,1960,2.9833333333333334,128.0,1,-14.4,423810,0,Soul & Funk,1
692966892,You're so Fine,67206352,Papa Bear & His Cubs,You're so Fine,2019,2010,2.8833333333333333,127.6,0,-14.8,302669,0,Soul & Funk,1
3208869721,No Business,5374412,Durand Bernarr,BLOOM,2025,2020,5.3,127.6,0,-8.0,161914,0,Soul & Funk,1
1075236892,Little Bit,11581849,Karate Boogaloo,Look Around / Little Bit,2020,2020,4.316666666666666,127.6,0,-12.0,327346,0,Soul & Funk,1
1100051382,Black Dog,13286961,Arlo Parks,Collapsed In Sunbeams,2021,2020,3.816666666666667,127.6,0,-7.9,583356,0,Soul & Funk,1
2073935877,Back to your Place,10728557,October London,Back to your Place,2023,2020,3.3833333333333333,127.6,0,-9.4,527301,0,Soul & Funk,1
62961051,Dance Tonight,2374,Lucy Pearl,Lucy Pearl,2000,2000,3.683333333333333,99.1,1,-9.5,496146,0,Soul & Funk,1
441398062,Before Summer Ends,15513,Keith Mansfield,New Dimension,1976,1970,6.5,140.62,1,-16.0,327555,0,Soul & Funk,1
3657693912,Lost Until I Want To Be Found,5551,Incognito,Music. Magic. Ironic.,2025,2020,4.916666666666667,127.6,0,-10.1,194207,0,Soul & Funk,1
1101119,You're All I Need To Get By,1154,Marvin Gaye,Greatest Hits,1998,1990,2.8333333333333335,191.4,1,-11.5,223742,0,Soul & Funk,1
2293838205,West 57th,77726412,Greg Adams and East Bay Soul,THE REAL,2023,2020,4.95,127.6,0,-11.3,16012,0,Soul & Funk,1
646327132,Your Precious Love,1154,Marvin Gaye,United,2019,2010,3.033333333333333,127.6,0,-17.9,411427,0,Soul & Funk,1
1101120,Ain't Nothing Like The Real Thing,1154,Marvin Gaye,Greatest Hits,1998,1990,2.2666666666666666,94.0,1,-11.1,402356,0,Soul & Funk,1
16058674,Easy to Come Home (feat. Roxie Ray),369236,Dojo Cuts,Take from Me (feat. Roxie Ray),2012,2010,3.55,127.6,0,-9.9,471296,0,Soul & Funk,1
376701341,If It's a Dream,1665246,Andreas Aleman,It's the Journey,2012,2010,4.516666666666667,127.6,0,-10.0,39279,0,Soul & Funk,1
2856858292,Send Your Loving,133096332,Ama Louise,Send Your Loving,2024,2020,3.566666666666667,127.6,0,-9.0,376148,0,Soul & Funk,1
3892356161,make it count,10292736,Naji,The Realist,2026,2020,3.3833333333333333,127.6,0,-9.6,105036,0,Soul & Funk,1
2564382852,Mind Water,189892567,Pleasurewood,They Live,2023,2020,2.783333333333333,127.6,0,-10.0,73984,0,Soul & Funk,1
4206278672,Monday Blues,114844082,Washington,Monday Blues,2026,2020,3.9,127.6,0,-9.3,471282,0,Soul & Funk,1
490679132,I Want to Be Your Man,500,Zapp & Roger,More Bounce to the Ounce,2018,2010,4.15,81.5,1,-12.7,265960,0,Soul & Funk,1
1100051422,Eugene,13286961,Arlo Parks,Collapsed In Sunbeams,2021,2020,3.716666666666667,127.6,0,-7.0,260020,1,Soul & Funk,1
1584342342,The Humpty Dance,10139,Digital Underground,The Best Of Digital Underground: Playwutchyalike,2003,2000,6.516666666666667,103.62,1,-10.9,151488,0,Soul & Funk,1
1845483657,Jammin' Tonight,511,Candy Dulfer,Jammin' Tonight,2022,2020,4.116666666666666,127.6,0,-9.9,91452,0,Soul & Funk,1
1734021437,Yum Yum (Gimme Some),6493,Fatback Band,Yum Yum,1975,1970,3.3,127.6,0,-16.1,295348,0,Soul & Funk,1
646327092,Ain't No Mountain High Enough,1154,Marvin Gaye,United,2019,2010,2.45,127.6,0,-14.7,771840,0,Soul & Funk,1
646689762,Funky Sensation,8807,Gwen McCrae,Funky Sensation (MAW Mix),2019,2010,6.633333333333334,98.9,1,-18.8,290910,0,Soul & Funk,1
558507622,Movin',8584,Brass Construction,Brass Construction,2018,2010,8.683333333333334,127.6,0,-8.3,133243,0,Soul & Funk,1
15586313,Get on the Floor,259,Michael Jackson,Off the Wall,1983,1980,4.633333333333334,127.6,0,-16.5,606252,0,Soul & Funk,1
549282432,Can I Get A Witness (Single Version / Mono),1154,Marvin Gaye,The Very Best Of Marvin Gaye,2018,2010,2.783333333333333,84.2,1,-11.5,297251,0,Soul & Funk,1
62961057,Don't Mess With My Man,2374,Lucy Pearl,Lucy Pearl,2000,2000,3.6166666666666667,106.0,1,-8.7,469451,0,Soul & Funk,1
534599,M'Lady,229,Sly & The Family Stone,Greatest Hits,1970,1970,2.7333333333333334,125.28,1,-14.2,104133,0,Soul & Funk,1
534503,Stand!,229,Sly & The Family Stone,Stand,1969,1960,3.1166666666666667,108.5,1,-12.1,230490,0,Soul & Funk,1
1754300897,Sk8teing in Central Park,4860557,Wun Two,"Snow, Vol. 2",2015,2010,1.2166666666666666,127.6,0,-13.6,54797,0,Soul & Funk,1
3716729532,UNDEFEATED,540808,Nate Smith,LIVE-ACTION (Deluxe),2026,2020,3.3666666666666667,127.6,0,-9.7,114564,0,Soul & Funk,1
2432823,Let's Get It On,1154,Marvin Gaye,Let's Get It On,2008,2000,4.883333333333334,168.1,1,-14.6,616606,0,Soul & Funk,1
3407512021,TU VAS SIN (fav),10580067,Rels B,afroLOVA 25',2025,2020,1.8333333333333333,127.6,0,-7.0,786802,0,Soul & Funk,1
1133408852,What's Going On,1154,Marvin Gaye,What's Going On,2020,2020,3.85,127.6,0,-13.4,716861,0,Soul & Funk,1
534594,Fun,229,Sly & The Family Stone,Greatest Hits,1970,1970,2.35,118.46,1,-13.4,119909,0,Soul & Funk,1
3422471441,MOTHER AND SON,540808,Nate Smith,LIVE-ACTION,2025,2020,3.033333333333333,127.6,0,-10.9,537508,0,Soul & Funk,1
946560062,Get a Good Feeling,1050140,The Brief Encounter,Introducing - the Brief Encounter,1977,1970,4.866666666666666,127.6,0,-13.5,63523,0,Soul & Funk,1
851908,Thank You (Falettinme Be Mice Elf Agin) (Single Version),229,Sly & The Family Stone,The Essential Sly & The Family Stone,2003,2000,4.783333333333333,106.0,1,-15.5,516077,0,Soul & Funk,1
96362178,We All Need One Another,96785,Stylus,For The Love Music,2015,2010,3.4833333333333334,126.82,1,-14.5,67168,0,Soul & Funk,1
3851297791,It's What You Do,390575,Orgone,The Killion Floor,2007,2000,6.25,127.6,0,-13.9,111953,0,Soul & Funk,1
1761489867,I Heard It Through The Grapevine,1154,Marvin Gaye,In The Groove,2004,2000,3.2333333333333334,127.6,0,-15.1,241222,0,Soul & Funk,1
1133408932,Inner City Blues (Make Me Wanna Holler),1154,Marvin Gaye,What's Going On,2020,2020,5.45,127.6,0,-16.2,526394,0,Soul & Funk,1
1734017967,Backstrokin',6493,Fatback Band,Hot Box,1980,1980,6.383333333333334,127.6,0,-13.9,510641,0,Soul & Funk,1
1734071667,Space Lady,6053,Lonnie Liston Smith,Renaissance,1976,1970,6.6,127.6,0,-15.2,112267,0,Soul & Funk,1
356448081,Galaxy,10129,War,Galaxy,1977,1970,8.233333333333333,118.46,1,-15.9,316545,0,Soul & Funk,1
1916964827,City Sounds,103543712,STR4TA,STR4TASFEAR,2022,2020,5.983333333333333,127.6,0,-12.2,54012,0,Soul & Funk,1
1695513497,"Ain't No Stopping Us Now (12"" Dub Version)",6406296,Risco Connection,Risco Version,2022,2020,9.116666666666667,127.6,0,-12.3,65839,0,Soul & Funk,1
2959232581,Rescue,9109,Tyrese,Beautiful Pain,2024,2020,5.0,127.6,0,-10.0,61902,0,Soul & Funk,1
593700962,Body Talk,80776,Eddie Kendricks,The Hit Man,2018,2010,6.666666666666667,127.6,0,-15.8,39430,0,Soul & Funk,1
3551921041,Who's To Blame?,133096332,Ama Louise,Long Story Short,2025,2020,2.783333333333333,127.6,0,-10.2,303150,0,Soul & Funk,1
1858875187,Get Up,194594,The Gaturs,Wasted,1994,1990,3.716666666666667,127.6,0,-11.9,26680,0,Soul & Funk,1
732845262,Can You Feel It,6512815,S.O.U.L.,Can You Feel It,2019,2010,7.116666666666666,127.6,0,-15.7,33240,0,Soul & Funk,1
3510115201,Lost In You,5156135,Dayo Bello,DB,2025,2020,4.0,127.6,0,-11.2,93996,0,Soul & Funk,1
534553,Life,229,Sly & The Family Stone,Life,1968,1960,3.0166666666666666,121.6,1,-14.1,91279,0,Soul & Funk,1
2779504521,STUCK. (feat. Ari Lennox),5374412,Durand Bernarr,DUR&,2020,2020,4.366666666666666,127.6,0,-10.4,176856,0,Soul & Funk,1
1791833397,Burning Jungle,369151,Ofege,How Do You Feel,2022,2020,3.35,127.6,0,-10.9,139612,0,Soul & Funk,1
654942552,Baby Don't Hold Your Love Back,375433,Bridge,Baby Don't Hold Your Love Back,2019,2010,4.15,127.6,0,-10.6,99239,0,Soul & Funk,1
71269026,Who You Gonna Get,5230862,Burton Inc,LA Will Make You Pay,2013,2010,3.9,160.25,1,-3.67,38033,0,Soul & Funk,1
80295920,Ebony Eyes,5091,Rick James,Cold Blooded (Expanded Edition),2014,2010,5.116666666666666,140.1,1,-10.7,502300,0,Soul & Funk,1
4112009411,Kiss N Tell,226000935,Laza,Kiss N Tell,2026,2020,2.25,127.6,0,-10.7,155117,1,Soul & Funk,1
2135005287,Moonshine,9079614,Young Gun Silver Fox,Moonshine,2023,2020,4.733333333333333,127.6,0,-9.7,288403,0,Soul & Funk,1
1579438382,The Color Violet,5575105,Tory Lanez,Alone At Prom,2021,2020,3.783333333333333,127.6,0,-10.8,796545,0,Soul & Funk,1
556329982,Humpty Dumpty,14309985,Placebo,Ball of Eyes,1971,1970,2.566666666666667,127.6,0,-11.5,202273,0,Soul & Funk,1
1651280602,Giving You the Best That I Got (Single Version),4370,Anita Baker,Sweet Love,2022,2020,3.8833333333333333,104.9,1,-12.3,228882,0,Soul & Funk,1
826877022,Lucky (12 Inch),1253104,Ellie Hope,Lucky / Shake,2010,2010,5.983333333333333,127.6,0,-17.7,169263,0,Soul & Funk,1
1245761632,Change Position,1351740,Brooklyn Express,Sixty Nine,2021,2020,5.75,127.6,0,-17.6,102409,0,Soul & Funk,1
1494772482,Petty Lover,13371963,Jaz Karis,Pretty Dreamer / Petty Lover,2018,2010,2.6666666666666665,127.6,0,-11.5,432572,1,Soul & Funk,1
359092931,Anubis,408375,Anubis,Ecology,2017,2010,3.433333333333333,127.6,0,-11.6,121509,0,Soul & Funk,1
3931351,Try It Again,8588,Bobby Byrd,Sayin' It and Doin' It,2009,2000,5.233333333333333,195.0,1,-10.2,105500,0,Soul & Funk,1
718286132,Spread Love,70320102,Michael Orr And The Book Of Life,Love Will Rise,2019,2010,3.8833333333333333,127.6,0,-8.7,1526,0,Soul & Funk,1
80295840,Mary Jane,5091,Rick James,Come Get It! (Expanded Edition),2014,2010,4.866666666666666,184.6,1,-11.1,444389,0,Soul & Funk,1
69008888,Heart Heart,256599,Geraldine Hunt,Can't Fake the Feeling,1981,1980,6.466666666666667,106.6,1,-14.3,110652,0,Soul & Funk,1
557625,Breaking the Law,533,Judas Priest,Metal Works '73-'93,1993,1990,2.55,127.6,0,-10.3,685156,0,Metal,1
858371,The Final Countdown,1903,Europe,The Final Countdown (Expanded Edition),1988,1980,5.166666666666667,127.6,0,-11.3,847358,0,Metal,1
1015501,Cum on Feel the Noize,5732,Quiet Riot,Metal Health,1994,1990,4.783333333333333,146.1,1,-8.1,443309,0,Metal,1
1078203362,Crazy Train,823,Ozzy Osbourne,Blizzard Of Ozz (40th Anniversary Expanded Edition),2020,2020,4.85,127.6,0,-8.3,560644,0,Metal,1
1078203352,I Don't Know,823,Ozzy Osbourne,Blizzard Of Ozz (40th Anniversary Expanded Edition),2020,2020,5.25,127.6,0,-8.8,392396,0,Metal,1
4238186472,I CARE: FAYE WEBSTER VERSION,1072674,Turnstile,NEVER ENOUGH: VERSIONS,2026,2020,3.35,127.6,0,-13.2,375182,0,Metal,1
62082829,Killing In The Name,113,Rage Against the Machine,Rage Against The Machine - XX (20th Anniversary Special Edition),2012,2010,5.216666666666667,163.41,1,-7.9,903558,1,Metal,1
92720046,Back In Black,115,AC/DC,Back In Black,1980,1980,4.216666666666667,190.5,1,-9.0,966294,0,Metal,1
557641,Living After Midnight,533,Judas Priest,Metal Works '73-'93,1993,1990,3.5,127.6,0,-10.0,588948,0,Metal,1
722093132,Sober,689,TOOL,Undertow,1993,1990,5.1,149.8,1,-12.0,661833,1,Metal,1
870942,You've Got Another Thing Comin',533,Judas Priest,Screaming For Vengeance,1997,1990,5.166666666666667,127.6,0,-9.3,605475,0,Metal,1
15523781,Chop Suey!,458,System of A Down,Toxicity,2001,2000,3.5,127.6,0,-7.5,742555,0,Metal,1
3803468372,I Remember You,3019,Skid Row,Skid Row,2026,2020,5.216666666666667,127.6,0,-15.3,638452,0,Metal,1
4283830192,Joseph,1346116,Falling in Reverse,Joseph,2026,2020,4.15,127.6,0,-6.6,997149,1,Metal,1
722093262,Forty Six & 2,689,TOOL,Ænima,1996,1990,6.033333333333333,157.2,1,-10.0,668351,0,Metal,1
92719900,Highway to Hell,115,AC/DC,Highway to Hell,1979,1970,3.433333333333333,127.6,0,-8.2,978152,0,Metal,1
3296401771,NEVER ENOUGH,1072674,Turnstile,NEVER ENOUGH,2025,2020,4.783333333333333,127.6,0,-7.9,523797,0,Metal,1
3402267141,BIRDS,1072674,Turnstile,NEVER ENOUGH,2025,2020,2.433333333333333,127.6,0,-7.9,634857,0,Metal,1
92720054,Rock and Roll Ain't Noise Pollution,115,AC/DC,Back In Black,1980,1980,4.433333333333334,95.3,1,-9.1,572627,0,Metal,1
134544449,Glory (Let There Be Peace),70711,Matt Maher,Glory (Let There Be Peace),2016,2010,3.8,153.69,1,-9.1,69000,0,Metal,1
425695572,Master Of Puppets (Remastered),119,Metallica,Master of Puppets (Remastered),1986,1980,8.583333333333334,105.74,1,-11.4,443237,0,Metal,1
15523793,Toxicity,458,System of A Down,Toxicity,2001,2000,3.6333333333333333,127.6,0,-7.8,945849,0,Metal,1
624314,No More Tears,823,Ozzy Osbourne,No More Tears (Expanded Edition),2014,2010,7.383333333333334,103.62,1,-8.7,768436,0,Metal,1
92720016,For Those About to Rock (We Salute You),115,AC/DC,For Those About to Rock (We Salute You),1981,1980,5.716666666666667,132.9,1,-8.6,684620,0,Metal,1
134523750,Freak On a Leash,1327,Korn,Follow The Leader,1998,1990,4.25,107.95,1,-9.8,837821,1,Metal,1
3819908,Duality,117,Slipknot,Vol. 3: The Subliminal Verses (Special Edition),2004,2000,4.2,146.1,1,-6.2,872047,0,Metal,1
559789,B.Y.O.B.,458,System of A Down,Mezmerize,2005,2000,4.283333333333333,101.6,1,-6.6,873643,1,Metal,1
15523799,Aerials,458,System of A Down,Toxicity,2001,2000,3.95,127.6,0,-7.3,916094,0,Metal,1
1015631,Metal Health (Bang Your Head),5732,Quiet Riot,Metal Health,1994,1990,5.266666666666667,120.2,1,-9.8,505465,0,Metal,1
1195560,Psychosocial,117,Slipknot,All Hope Is Gone,2008,2000,4.733333333333333,135.1,1,-6.1,852544,0,Metal,1
92720036,Hells Bells,115,AC/DC,Back In Black,1980,1980,5.15,106.8,1,-8.9,871564,0,Metal,1
3789078212,Afraid Of The Dark,131886,Motionless In White,Afraid Of The Dark,2026,2020,4.633333333333334,127.6,0,-5.5,716416,1,Metal,1
722078532,Schism,689,TOOL,Lateralus,2001,2000,6.716666666666667,107.11,1,-11.5,683727,0,Metal,1
545483122,One (Remastered),119,Metallica,...And Justice for All (Remastered Deluxe Box Set),2018,2010,7.433333333333334,111.14,1,-10.7,441996,0,Metal,1
625945,"Mama, I'm Coming Home",823,Ozzy Osbourne,No More Tears (Expanded Edition),2014,2010,4.183333333333334,140.62,1,-9.4,715885,0,Metal,1
4197811,Wait and Bleed,117,Slipknot,Slipknot (10th Anniversary Edition),2008,2000,2.45,183.75,1,-7.5,763663,0,Metal,1
3390202191,Just Pretend,9700940,Bad Omens,THE DEATH OF PEACE OF MIND,2022,2020,3.4,127.6,0,-7.1,782375,0,Metal,1
2134778427,The Summoning,11025166,Sleep Token,Take Me Back To Eden,2023,2020,6.583333333333333,127.6,0,-8.3,661623,0,Metal,1
7597630,Mother,2118,Danzig,Danzig,2002,2000,3.433333333333333,152.0,1,-13.2,727944,1,Metal,1
1881054427,Mary On A Cross,8506054,Ghost,Mary On A Cross (slowed + reverb),2022,2020,4.066666666666666,127.6,0,-7.6,834952,0,Metal,1
13378870,Blind,1327,Korn,Korn,1994,1990,4.3,187.9,1,-9.9,773089,0,Metal,1
3390202151,THE DEATH OF PEACE OF MIND,9700940,Bad Omens,THE DEATH OF PEACE OF MIND,2022,2020,4.016666666666667,127.6,0,-7.6,793104,1,Metal,1
3788318572,Headed For A Heartbreak,3427,Winger,Winger,2026,2020,5.216666666666667,127.6,0,-17.1,218501,0,Metal,1
722078382,The Pot,689,TOOL,"10,000 Days",2006,2000,6.366666666666666,107.39,1,-9.1,675872,1,Metal,1
92720006,T.N.T.,115,AC/DC,High Voltage,1976,1970,3.566666666666667,126.8,1,-9.2,884676,0,Metal,1
134523754,Got the Life,1327,Korn,Follow The Leader,1998,1990,3.8,123.78,1,-9.5,735846,1,Metal,1
3819914,Before I Forget,117,Slipknot,Vol. 3: The Subliminal Verses (Special Edition),2004,2000,4.633333333333334,133.8,1,-5.8,824300,0,Metal,1
3271607031,Emergence,11025166,Sleep Token,Emergence,2025,2020,6.433333333333334,127.6,0,-9.4,670994,0,Metal,1
3330723971,Caramel,11025166,Sleep Token,Even In Arcadia,2025,2020,4.833333333333333,127.6,0,-8.7,655673,0,Metal,1
630595142,Du hast,464,Rammstein,Sehnsucht,2018,2010,3.9166666666666665,124.91,1,-9.3,838743,0,Metal,1
714397,Cowboys from Hell,2969,Pantera,Cowboys from Hell,1990,1990,4.05,113.9,1,-11.1,695305,1,Metal,1
722093122,Prison Sex,689,TOOL,Undertow,1993,1990,4.933333333333334,107.67,1,-11.4,490136,1,Metal,1
722093222,Stinkfist,689,TOOL,Ænima,1996,1990,5.183333333333334,171.55,1,-9.4,606043,0,Metal,1
3340663321,Sugar,458,System of A Down,System Of A Down (Deluxe),1998,1990,2.566666666666667,127.6,0,-5.8,472975,1,Metal,1
3402267061,I CARE,1072674,Turnstile,NEVER ENOUGH,2025,2020,3.8833333333333333,127.6,0,-8.5,654044,0,Metal,1
14381638,Sonne,464,Rammstein,Mutter,2010,2010,4.533333333333333,150.34,1,-7.8,869567,0,Metal,1
92723000,Dirty Deeds Done Dirt Cheap,115,AC/DC,Dirty Deeds Done Dirt Cheap,1976,1970,3.85,135.6,1,-9.2,679859,0,Metal,1
15523769,Prison Song,458,System of A Down,Toxicity,2001,2000,3.35,127.6,0,-7.6,758598,1,Metal,1
3803468342,Youth Gone Wild,3019,Skid Row,Skid Row,2026,2020,3.3,127.6,0,-14.3,569294,0,Metal,1
690236062,Another Life,131886,Motionless In White,Disguise,2019,2010,3.4166666666666665,162.13,1,-6.6,709162,0,Metal,1
13142594,Slither,1252,Velvet Revolver,Contraband,2004,2000,4.133333333333334,127.6,0,-7.5,600736,0,Metal,1
4263853692,Mourning,13321745,Spiritbox,Mourning,2026,2020,4.266666666666667,127.6,0,-6.0,737896,0,Metal,1
3330723961,Dangerous,11025166,Sleep Token,Even In Arcadia,2025,2020,4.183333333333334,127.6,0,-9.1,599528,0,Metal,1
2134778517,Take Me Back To Eden,11025166,Sleep Token,Take Me Back To Eden,2023,2020,8.333333333333334,127.6,0,-8.2,686164,0,Metal,1
3880368941,Doomed,302289351,Maphra,Doomed,2026,2020,4.583333333333333,127.6,0,-10.9,725576,1,Metal,1
3390202171,Like A Villain,9700940,Bad Omens,THE DEATH OF PEACE OF MIND,2022,2020,3.5,127.6,0,-6.7,756646,1,Metal,1
3821969,Wait,5290,White Lion,Pride,2008,2000,4.0,142.1,1,-13.2,305455,0,Metal,1
1195567,Snuff,117,Slipknot,All Hope Is Gone,2008,2000,4.6,124.2,1,-8.4,789303,0,Metal,1
4210492372,If The Sun Burns Out Tonight (feat. Oli Sykes & Courtney LaPlante),136012742,VALORANT,If The Sun Burns Out Tonight (feat. Oli Sykes & Courtney LaPlante),2026,2020,3.7666666666666666,127.6,0,-6.4,885102,0,Metal,1
15275718,Shot in the Dark,823,Ozzy Osbourne,The Ultimate Sin,1986,1980,4.266666666666667,123.78,1,-9.6,567400,0,Metal,1
1461867042,BLACKOUT,1072674,Turnstile,GLOW ON,2021,2020,2.8833333333333333,127.6,0,-7.8,603722,0,Metal,1
12565751,Peace Sells (Remastered),3487,Megadeth,Peace Sells...But Who's Buying (Deluxe Edition - Remastered),2011,2010,4.083333333333333,137.8,1,-6.8,560052,0,Metal,1
4274080662,Arsenal,117,Slipknot,Arsenal,2026,2020,3.683333333333333,127.6,0,-6.0,838023,1,Metal,1
2134778417,Chokehold,11025166,Sleep Token,Take Me Back To Eden,2023,2020,5.066666666666666,127.6,0,-9.1,649038,0,Metal,1
4003891641,R.I.P. (feat. Skylar Grey),131886,Motionless In White,Decades,2026,2020,4.0,127.6,0,-6.0,684930,1,Metal,1
2134778437,Granite,11025166,Sleep Token,Take Me Back To Eden,2023,2020,3.75,127.6,0,-9.0,604364,0,Metal,1
1078203372,Goodbye to Romance,823,Ozzy Osbourne,Blizzard Of Ozz (40th Anniversary Expanded Edition),2020,2020,5.55,127.6,0,-10.5,420041,0,Metal,1
3330724011,Gethsemane,11025166,Sleep Token,Even In Arcadia,2025,2020,6.383333333333334,127.6,0,-9.8,603189,0,Metal,1
2350073455,Zombie,8156852,Bad Wolves,Zombie,2018,2010,4.233333333333333,154.27,1,-7.0,747904,0,Metal,1
3541168831,End of You,712754,Poppy,End of You,2025,2020,3.2,127.6,0,-5.9,708506,0,Metal,1
87544339,Custer,117,Slipknot,.5: The Gray Chapter (Special Edition),2014,2010,4.233333333333333,131.7,1,-5.7,697722,1,Metal,1
92720038,Shoot to Thrill,115,AC/DC,Back In Black,1980,1980,5.233333333333333,142.6,1,-8.8,780015,0,Metal,1
848262,Rock the Night,1903,Europe,The Final Countdown (Expanded Edition),1988,1980,4.116666666666666,127.6,0,-10.6,522866,0,Metal,1
2798271222,RATATATA,7805012,BABYMETAL,RATATATA,2024,2020,3.6,127.6,0,-8.7,700120,1,Metal,1
722078572,Lateralus,689,TOOL,Lateralus,2001,2000,9.4,175.93,1,-9.9,598611,0,Metal,1
3499722501,Specter,9700940,Bad Omens,Specter,2025,2020,4.566666666666666,127.6,0,-7.9,741931,0,Metal,1
3330723931,Look To Windward,11025166,Sleep Token,Even In Arcadia,2025,2020,7.766666666666667,127.6,0,-10.6,627859,0,Metal,1
4286401762,Machine,159126,Architects,Machine,2026,2020,4.0,127.6,0,-6.5,859036,0,Metal,1
556809,Happy?,1205,Mudvayne,Lost and Found,2003,2000,3.6166666666666667,99.9,1,-5.6,604612,1,Metal,1
2134778507,Rain,11025166,Sleep Token,Take Me Back To Eden,2023,2020,4.2,127.6,0,-8.7,626082,0,Metal,1
623616,Bark at the Moon,823,Ozzy Osbourne,Bark At The Moon (Expanded Edition),1992,1990,4.266666666666667,146.61,1,-8.4,602299,0,Metal,1
3822022,High Enough,6070,Damn Yankees,Damn Yankees,2008,2000,4.733333333333333,160.9,1,-14.2,431987,0,Metal,1
92719960,Who Made Who,115,AC/DC,Who Made Who,1986,1980,3.433333333333333,126.8,1,-8.7,613927,0,Metal,1
740969222,Pneuma,689,TOOL,Fear Inoculum,2019,2010,11.883333333333333,113.89,1,-12.2,676045,0,Metal,1
108570832,Whore,13623,In This Moment,Whore (EP),2013,2010,4.1,179.8,1,-6.9,589284,1,Metal,1
505508452,Dance Macabre,8506054,Ghost,Prequelle,2018,2010,3.65,126.05,1,-9.2,428918,0,Metal,1
657789492,Am I Evil,11873,Diamond Head,Borrowed Time,2019,2010,7.333333333333333,127.6,0,-8.2,122337,0,Metal,1
92722970,Let There Be Rock,115,AC/DC,Let There Be Rock,1977,1970,6.1,182.1,1,-8.4,688611,0,Metal,1
15523790,ATWA,458,System of A Down,Toxicity,2001,2000,2.933333333333333,127.6,0,-7.6,825233,0,Metal,1
4078598061,Mi Chico (Official - Jason Derulo x Melody),11209960,DJ Goja,Mi Chico (Official - Jason Derulo x Melody),2026,2020,2.0833333333333335,127.6,0,-9.4,967705,0,African Music,1
4095595231,Dai Dai,160,Shakira,Dai Dai,2026,2020,3.9166666666666665,127.6,0,-10.9,661577,0,African Music,1
4208017612,How Can I Forget,289603201,Tay Iwar,How Can I Forget,2026,2020,2.1666666666666665,127.6,0,-9.2,137377,0,African Music,1
3260565211,ILY,4479584,Kapo,ILY,2025,2020,3.6333333333333333,127.6,0,-9.4,533367,0,African Music,1
3879862701,PONGO,4660899,Rvssian,PONGO,2026,2020,3.2,127.6,0,-7.7,744830,0,African Music,1
3316089041,Kai!,3744641,Olamide,Kai!,2025,2020,2.9166666666666665,127.6,0,-9.6,473357,1,African Music,1
3515499961,I'm Not Done,8791550,Adekunle Gold,Fuji,2025,2020,2.4166666666666665,127.6,0,-10.1,116545,0,African Music,1
3427618651,DÓNDE,4479584,Kapo,POR SI ALGUIEN NOS ESCUCHA,2025,2020,3.216666666666667,127.6,0,-8.8,620134,1,African Music,1
1563415072,Desesperados,11289472,Rauw Alejandro,Desesperados,2021,2020,3.7333333333333334,127.6,0,-7.7,704862,1,African Music,1
2824575332,OHNANA,4479584,Kapo,OHNANA,2024,2020,2.6,127.6,0,-8.6,719167,0,African Music,1
127248351,Your Number,4913784,Ayo Jay,Your Number,2016,2010,3.4,99.86,1,-8.7,633769,0,African Music,1
752155092,love nwantiti (ah ah ah),903536,CKay,CKay The First,2019,2010,2.4166666666666665,127.6,0,-8.2,855914,1,African Music,1
1234364682,Bayiti (rRoxymore Remix),101540662,Alostmen,Bayiti (rRoxymore Remix),2021,2020,5.416666666666667,127.6,0,-12.0,49911,0,African Music,1
3353337101,no tiene sentido,68358002,Beele,BORONDO,2025,2020,2.65,127.6,0,-8.4,769831,0,African Music,1
2939590111,UWAIE,4479584,Kapo,UWAIE,2024,2020,2.8666666666666667,127.6,0,-9.1,694891,0,African Music,1
2725148591,Santa,4660899,Rvssian,Santa,2024,2020,3.2,127.6,0,-8.6,769480,0,African Music,1
3427618611,X TI,4479584,Kapo,POR SI ALGUIEN NOS ESCUCHA,2025,2020,3.5833333333333335,127.6,0,-8.2,595057,1,African Music,1
3353337171,si te pillara,68358002,Beele,BORONDO,2025,2020,3.0833333333333335,127.6,0,-8.6,657522,0,African Music,1
812256802,Paulette,84336,Balla Et Ses Balladins,Objectif perfection,1980,1980,7.7,127.6,0,-16.6,322287,0,African Music,1
117730458,Will You Promise,336332,Ebo Taylor,My Love and Music,2016,2010,3.7666666666666666,121.24,1,-10.9,233408,0,African Music,1
3783363312,Utrus Horas,9143,Orchestra Baobab,Pirates Choice,2026,2020,8.716666666666667,127.6,0,-16.9,476251,0,African Music,1
2056963067,People,70757872,Libianca,People,2022,2020,3.066666666666667,127.6,0,-10.3,771168,0,African Music,1
2372214645,Johnny,4694728,Yemi Alade,King of Queens,2014,2010,3.933333333333333,127.6,0,-7.1,530984,0,African Music,1
368671201,Fall,125372,Davido,Fall,2017,2010,4.0,106.01,1,-7.4,658210,0,African Music,1
4078261281,Shine,7803478,HUGEL,Shine,2026,2020,2.45,127.6,0,-8.3,873437,0,African Music,1
1462439832,High,8791550,Adekunle Gold,High,2021,2020,3.216666666666667,127.6,0,-8.3,513900,0,African Music,1
627769162,Funky Rob Way,84941702,ROB,Rob (Funky Rob Way),2019,2010,6.233333333333333,127.6,0,-12.5,61826,0,African Music,1
10099059,Break Through,336330,Marijata,This Is Marijata,2011,2010,4.983333333333333,131.7,1,-16.7,32827,0,African Music,1
3941164881,Mi Chico,11209960,DJ Goja,Mi Chico,2026,2020,1.95,127.6,0,-8.7,976653,0,African Music,1
3783197332,Kanou,390174,Fatoumata Diawara,Fatou,2026,2020,3.8833333333333333,127.6,0,-13.2,362940,0,African Music,1
54295721,Colonial Mentality,9440,Fela Kuti,Sorrow Tears and Blood,2009,2000,13.683333333333334,127.6,0,-9.5,158606,0,African Music,1
10099058,No Condition Is Permanent,336330,Marijata,This Is Marijata,2011,2010,7.016666666666667,105.2,1,-17.1,236194,0,African Music,1
2481308251,Me & U,13905711,Tems,Me & U,2023,2020,3.2,127.6,0,-10.5,838266,0,African Music,1
627769212,More,84941702,ROB,Rob (Funky Rob Way),2019,2010,5.25,127.6,0,-11.3,53446,0,African Music,1
3377877901,KORAZONG,4479584,Kapo,KORAZONG,2025,2020,2.95,127.6,0,-10.8,611834,0,African Music,1
10713031,Shake Hands,1264201,Geraldo Pino,Heavy Heavy Heavy,2005,2000,4.883333333333334,127.6,0,-13.7,139151,0,African Music,1
59693491,Zombie,9440,Fela Kuti,Zombie,2009,2000,12.416666666666666,131.67,1,-9.4,464423,0,African Music,1
1687241937,Finesse,7439658,Pheelz,Finesse,2022,2020,2.5833333333333335,127.6,0,-10.4,698872,0,African Music,1
285341591,Mam Yinne Wa,26450151,Alogte Oho & His Sounds of Joy,Mam Yinne Wa,2016,2010,3.9166666666666665,127.6,0,-9.9,208957,0,African Music,1
10099057,We Live In Peace,336330,Marijata,This Is Marijata,2011,2010,4.15,123.8,1,-16.9,77573,0,African Music,1
4095595211,Dai Dai,160,Shakira,Dai Dai,2026,2020,3.716666666666667,127.6,0,-9.8,843006,0,African Music,1
7037814,Lagos Sisi,384717,Bola Johnson,Man No Die,2010,2010,3.3833333333333333,106.3,1,-12.4,217795,0,African Music,1
117730452,Maye Omama,336332,Ebo Taylor,My Love and Music,2016,2010,4.7,166.04,1,-11.0,101722,0,African Music,1
3899366241,"Mopao aye (feat. MC YOSHI, Mauvais Djo & Kokosvoice)",222898665,TRIANGLE DES BERMUDES,404,2026,2020,3.3,127.6,0,-8.2,977368,0,African Music,1
3961086481,CULE POCO (sirena_besarico_costeña),57340572,Aria Vega,CULE POCO (sirena_besarico_costeña),2026,2020,2.3333333333333335,127.6,0,-7.7,608492,0,African Music,1
2883553712,Déjame Entrar,11289472,Rauw Alejandro,Déjame Entrar,2025,2020,4.3,127.6,0,-8.7,544674,1,African Music,1
3899366131,Balek,222898665,TRIANGLE DES BERMUDES,404,2026,2020,2.95,127.6,0,-9.4,988149,0,African Music,1
3788268822,Douga,9143,Orchestra Baobab,Tribute to Ndiouga Dieng,2026,2020,4.366666666666666,127.6,0,-9.4,127361,0,African Music,1
10359305,Samba,1211831,Les Amazones de Guinée,Au coeur de Paris & M'mah Sylla (Bolibana Collection),2011,2010,4.95,121.6,1,-19.1,168771,0,African Music,1
2875997612,Heaven,336332,Ebo Taylor,Ebo Taylor,2015,2010,6.083333333333333,127.6,0,-10.2,283563,0,African Music,1
143843038,Teacher,1161371,Gyedu-Blay Ambolley,Ketan,2017,2010,6.933333333333334,106.01,1,-10.5,250987,0,African Music,1
85056328,Liberté,128295062,Franco & le T.P OK Jazz,World Legends,2000,2000,5.083333333333333,136.4,1,-16.7,164668,0,African Music,1
4266541472,it's over,339760681,FOLA,it's over,2026,2020,3.1666666666666665,127.6,0,-10.5,609821,0,African Music,1
692763042,Besoka on Salsa,4929,Manu Dibango,Manu 76,2019,2010,7.616666666666666,127.6,0,-16.1,72545,0,African Music,1
3230517051,"Charger (feat. MC YOSHI, Mauvais djo & Kokosvoice)",222898665,TRIANGLE DES BERMUDES,Franchement !,2025,2020,2.5833333333333335,127.6,0,-9.2,972799,0,African Music,1
13766548,Ballake,55398,Bembeya Jazz National,Special recueil-souvenir à la mémoire d'Aboubacar Demba Camara (Bolibana Collection),2011,2010,8.15,143.1,1,-10.8,202110,0,African Music,1
63470715,Everything Scatter,9440,Fela Kuti,The Best of the Black President 2,2013,2010,10.516666666666667,116.1,1,-12.0,295175,0,African Music,1
1780496117,KU LO SA - A COLORS SHOW,7548984,Oxlade,KU LO SA - A COLORS SHOW,2022,2020,2.45,127.6,0,-10.1,774203,0,African Music,1
10099056,I Walk Alone,336330,Marijata,This Is Marijata,2011,2010,10.733333333333333,137.4,1,-18.1,214328,0,African Music,1
73527396,You Need Love,336332,Ebo Taylor,Conflict,2013,2010,7.15,204.7,1,-10.3,215229,0,African Music,1
4094734851,GTA,66693262,Seyi Vibez,GTA,2026,2020,2.5833333333333335,127.6,0,-9.0,478902,1,African Music,1
2850678132,Peace & Love,4694728,Yemi Alade,Rebel Queen,2024,2020,3.8,127.6,0,-8.8,191114,0,African Music,1
13766547,Boiro,55398,Bembeya Jazz National,Special recueil-souvenir à la mémoire d'Aboubacar Demba Camara (Bolibana Collection),2011,2010,3.933333333333333,165.4,1,-9.8,164049,0,African Music,1
10851164,Egbe Enyo,1245984,Brechete & The Big Beats,Bokoor Beats,2007,2000,4.283333333333333,122.2,1,-7.05,22432,0,African Music,1
369651341,Jiko,372147,Star Number One de Dakar,La belle époque,2010,2010,5.633333333333334,148.2,1,-11.7,39068,0,African Music,1
4718406,Nkwo Orji,317690,Peacocks Guitar Band International,Ejiogu,2009,2000,3.466666666666667,202.7,1,-7.8,47634,0,African Music,1
117730454,My Love and Music,336332,Ebo Taylor,My Love and Music,2016,2010,7.833333333333333,162.13,1,-11.5,221170,0,African Music,1
3899366101,À l'aise,222898665,TRIANGLE DES BERMUDES,404,2026,2020,2.9833333333333334,127.6,0,-9.4,992154,0,African Music,1
12019656,Bere Bote,894664,Cardinal Rex Jim Lawson,Rex Lawson's Greatest Hits,2006,2000,2.9166666666666665,118.1,1,-13.9,89695,0,African Music,1
3783363332,Ledi Ndieme M'bodj,9143,Orchestra Baobab,Pirates Choice,2026,2020,8.966666666666667,127.6,0,-18.7,172790,0,African Music,1
3141707031,ALOH ALOH,4479584,Kapo,ALOH ALOH,2025,2020,2.283333333333333,127.6,0,0.0,581432,0,African Music,1
3967194451,Back Outside,161314272,BNXN,Back Outside,2026,2020,3.5166666666666666,127.6,0,-11.0,596273,0,African Music,1
1807498027,soso,56094992,Omah Lay,Boy Alone,2022,2020,3.05,127.6,0,-8.2,776990,0,African Music,1
3427618561,RUFF,4479584,Kapo,POR SI ALGUIEN NOS ESCUCHA,2025,2020,2.4166666666666665,127.6,0,-9.7,578640,0,African Music,1
5962141,Akwanoma Hiahii,385626,Jerry Hansen & The Ramblers Dance Band Of Ghana,Classic Highlife Hits from the 1950s & 1960s Vol.2,2010,2010,2.683333333333333,127.6,0,-12.4,26986,0,African Music,1
10713028,Heavy Heavy Heavy,1264201,Geraldo Pino,Heavy Heavy Heavy,2005,2000,6.566666666666666,127.6,0,-14.5,113561,0,African Music,1
94555846,Classic Man (feat. Roman GianArthur),7488552,Jidenna,Classic Man (feat. Roman GianArthur),2015,2010,3.75,187.9,1,-9.1,427381,1,African Music,1
3765778262,Jogodo,3933641,Wizkid,Jogodo,2026,2020,3.1333333333333333,127.6,0,-11.4,630833,0,African Music,1
1952760717,Cough (Odo),14779157,Kizz Daniel,Cough (Odo),2022,2020,2.933333333333333,127.6,0,-8.6,596324,1,African Music,1
4173691192,GREEN PASTURES,391656841,Silencing Seculars,GREEN PASTURES,2026,2020,4.65,127.6,0,-10.0,351159,0,African Music,1
3975693441,Gratitude,51305922,Asake,M$NEY,2026,2020,2.816666666666667,127.6,0,-10.8,650445,0,African Music,1
1133526892,Sotante Xalat,9143,Orchestra Baobab,Viva Bawobab S1 / Si Bou Odja,2020,2020,6.966666666666667,127.6,0,-16.3,37104,0,African Music,1
4718412,Ezenwata Nwannem Mu Oke Osisi,317690,Peacocks Guitar Band International,Ejiogu,2009,2000,3.6666666666666665,91.9,1,-6.0,38807,0,African Music,1
1682797477,Playboy,15190997,Fireboy DML,Playboy,2022,2020,3.45,127.6,0,-10.3,563012,1,African Music,1
4113574861,Nu Ten,11965753,Lisandro Cuxi,Nu Ten,2026,2020,2.5166666666666666,127.6,0,-9.1,667077,1,African Music,1
4160314992,Petit matin,222898665,TRIANGLE DES BERMUDES,Petit matin,2026,2020,2.566666666666667,127.6,0,-8.7,932214,0,African Music,1
3208543131,Más Que Tú,4937383,Ozuna,Más Que Tú,2025,2020,3.25,127.6,0,0.0,587536,0,African Music,1
369651291,Maa Demba,372147,Star Number One de Dakar,La belle époque,2010,2010,3.533333333333333,153.1,1,-10.5,42539,0,African Music,1
366039361,Alteleyeshegnem,54988,Alemayehu Eshete,Alteleyeshegnem,2017,2010,4.9,127.6,0,-12.3,240079,0,African Music,1
142337581,If,125372,Davido,If,2017,2010,3.966666666666667,104.93,1,-8.5,526482,0,African Music,1
3353337121,quédate,68358002,Beele,BORONDO,2025,2020,2.933333333333333,127.6,0,-8.5,649482,0,African Music,1
10713030,Africans Must Unite,1264201,Geraldo Pino,Heavy Heavy Heavy,2005,2000,6.3,127.6,0,-14.5,33154,0,African Music,1
2331313555,yawa,15190997,Fireboy DML,yawa,2023,2020,3.0,127.6,0,-10.1,595378,1,African Music,1
3039610501,Minimum ça,54061032,Dr. Yaro,Minimum ça,2024,2020,2.4833333333333334,127.6,0,-6.1,929822,0,African Music,1
7465333,Iye-Iye Oh - Ekassa Hi-Life,303073,Sir Victor Uwaifo,Ekassa Superstar,2010,2010,3.0833333333333335,82.2,1,-3.48,26203,0,African Music,1
926591722,Pé Di Bissilon,90822272,Bandé-Gamboa,Horizonte - Revamping Rare Gems from Cabo Verde and Guinea-Bissau,2020,2020,4.333333333333333,127.6,0,-13.6,137109,0,African Music,1
3930062061,Doucement,245438,Fally Ipupa,Doucement,2026,2020,3.783333333333333,127.6,0,-8.1,788766,0,African Music,1
3975693501,Forgiveness,51305922,Asake,M$NEY,2026,2020,2.6333333333333333,127.6,0,-9.8,657995,1,African Music,1
1565211322,emiliana,903536,CKay,Emiliana,2021,2020,2.7333333333333334,127.6,0,-12.0,782470,0,African Music,1
3171003131,DtMF,10583405,Bad Bunny,DeBÍ TiRAR MáS FOToS,2025,2020,3.95,127.6,0,-8.4,981279,1,Asian Music,1
3171003121,EoO,10583405,Bad Bunny,DeBÍ TiRAR MáS FOToS,2025,2020,3.4,127.6,0,-8.1,979885,1,Asian Music,1
4208859922,BbY WOW,5297021,KAROL G,NO ME ARREPIENTO DE SENTIR TANTO,2026,2020,3.75,127.6,0,-9.0,974722,0,Asian Music,1
4208859872,Still,5297021,KAROL G,NO ME ARREPIENTO DE SENTIR TANTO,2026,2020,3.6666666666666665,127.6,0,-9.0,798422,0,Asian Music,1
1741494317,Tití Me Preguntó,10583405,Bad Bunny,Un Verano Sin Ti,2022,2020,4.05,127.6,0,-10.2,975674,1,Asian Music,1
15211178,"Whenever, Wherever",160,Shakira,Laundry Service,2001,2000,3.2666666666666666,107.7,1,-8.7,889564,0,Asian Music,1
3852034981,KOKO,14534981,Omar Courtz,POR SI MAÑANA NO ESTOY,2026,2020,3.25,127.6,0,-8.1,717393,1,Asian Music,1
626064,I Need to Know,112,Marc Anthony,Marc Anthony,1999,1990,3.783333333333333,115.2,1,-8.9,230540,0,Asian Music,1
3773003372,CAMBIARÉ,6707,Luis Fonsi,CAMBIARÉ,2026,2020,3.0166666666666666,127.6,0,-7.2,716162,0,Asian Music,1
3713785742,Inglés En Miami,7047219,Rawayana,¿Dónde Es El After?,2026,2020,3.3666666666666667,127.6,0,-8.2,695061,1,Asian Music,1
4208859852,Ahí,5297021,KAROL G,NO ME ARREPIENTO DE SENTIR TANTO,2026,2020,2.933333333333333,127.6,0,-9.2,781885,0,Asian Music,1
3838131121,CHÉVERE (premium_remix),57340572,Aria Vega,CHÉVERE (premium_remix),2026,2020,3.65,127.6,0,-8.0,684452,0,Asian Music,1
3677908682,Dardos,1272674,Romeo Santos,Better Late Than Never,2025,2020,4.05,127.6,0,-8.9,815577,0,Asian Music,1
1148585682,telepatía,6043160,Kali Uchis,Sin Miedo (del Amor y Otros Demonios) ∞,2020,2020,2.6666666666666665,127.6,0,-10.5,802683,0,Asian Music,1
689061122,Last Tango In Paris,14624,Willie Rosario,Infinito,2019,2010,4.683333333333334,127.6,0,-10.0,82370,0,Asian Music,1
501386662,Humble and Kind (Nunca Te Olvides de Amar),333,Tim McGraw,Humble and Kind (Nunca Te Olvides de Amar),2018,2010,4.266666666666667,102.59,1,-10.1,173090,0,Asian Music,1
3947383241,De Lejitos,1074021,Jay Wheeler,De Lejitos,2026,2020,3.45,127.6,0,-12.3,645879,1,Asian Music,1
623698182,Despacito (Remix),6707,Luis Fonsi,VIDA,2019,2010,3.816666666666667,178.21,1,-7.6,612591,0,Asian Music,1
3855759911,UuUuuU,193146897,FloyyMenor,MAN IN BLACK,2026,2020,3.183333333333333,127.6,0,-8.4,348198,1,Asian Music,1
3852034931,SI ESTÁS CON ALGUIEN,14534981,Omar Courtz,POR SI MAÑANA NO ESTOY,2026,2020,4.183333333333334,127.6,0,-7.7,532135,1,Asian Music,1
3376766301,LATINA FOREVA,5297021,KAROL G,LATINA FOREVA,2025,2020,2.683333333333333,127.6,0,-8.1,801921,1,Asian Music,1
3984444671,Te Entiendo (Remix),161066302,Maisak,Te Entiendo (Remix),2026,2020,5.583333333333333,127.6,0,-8.8,692451,1,Asian Music,1
3990824001,Polaroid,8613614,Eladio Carrion,CORSA,2026,2020,2.95,127.6,0,-8.4,333216,1,Asian Music,1
3911167911,PA' LO BONITO,7208392,Lenny Tavárez,PA' LO BONITO,2026,2020,3.066666666666667,127.6,0,-7.6,454327,0,Asian Music,1
686087352,Merecumbe,84999,Johnny Colón,Hot! Hot! Hot! Caliente De Vicio,2019,2010,6.35,101.33,1,-10.9,319531,0,Asian Music,1
686074422,Camel Walk,810148,The Latinaires,Camel Walk,2019,2010,2.8666666666666667,127.6,0,-12.8,31209,0,Asian Music,1
4020135581,Tu recuerdo,1424602,Maluma,Tu recuerdo,2026,2020,3.966666666666667,127.6,0,-7.2,386303,0,Asian Music,1
3171003001,BAILE INoLVIDABLE,10583405,Bad Bunny,DeBÍ TiRAR MáS FOToS,2025,2020,6.116666666666666,127.6,0,-8.4,971935,1,Asian Music,1
686085332,Oye Cómo Va,8661,Tito Puente,Willie Colón y Tito Puente,2019,2010,4.55,127.6,0,-11.4,121504,0,Asian Music,1
686153032,Goldfinger,5130,Ray Barretto,Señor 007,2019,2010,2.2666666666666666,127.6,0,-11.9,111764,0,Asian Music,1
97714546,Dreaming Of You,5644,Selena,Dreaming Of You,2015,2010,5.383333333333334,166.0,1,-13.1,451180,0,Asian Music,1
686106422,I Feel Fine,360305,Harvey Averne,The Harvey Averne Dozen,2019,2010,3.216666666666667,127.6,0,-22.4,27880,0,Asian Music,1
3871739701,ALGO TÚ,160,Shakira,ALGO TÚ,2026,2020,3.55,127.6,0,-8.9,845466,0,Asian Music,1
702421822,LA CANCIÓN,4860761,J. Balvin,OASIS,2019,2010,4.033333333333333,127.6,0,-8.2,868031,0,Asian Music,1
686166192,Together,5130,Ray Barretto,Together,2019,2010,2.6666666666666665,127.6,0,-11.5,114975,0,Asian Music,1
3759338472,ESCONDIDAS,6613926,Oscar Ortiz,ESCONDIDAS,2026,2020,2.933333333333333,127.6,0,-9.4,190830,0,Asian Music,1
3933354161,Antes que el tiempo se vaya,243761,Fonseca,Antes Que El Tiempo Se Vaya,2026,2020,2.9166666666666665,127.6,0,-7.2,523788,0,Asian Music,1
686087422,Mala Mujer,84999,Johnny Colón,Hot! Hot! Hot! Caliente De Vicio,2019,2010,4.416666666666667,127.6,0,-9.7,161245,0,Asian Music,1
686144992,Puerto Rico Me Llama,9672,Joe Bataan,Mr. New York And The East Side Kids,2019,2010,5.133333333333334,127.6,0,-12.0,71528,0,Asian Music,1
3014899711,Mambo de Bataan (Remastered 2024),9672,Joe Bataan,Riot! (Remastered 2024),2024,2020,4.783333333333333,127.6,0,-14.6,134767,0,Asian Music,1
1333924172,Montevidensis (El Búho & Fede Estévez),12318006,Federico Estévez,Montevidensis (El Búho & Fede Estévez),2020,2020,4.016666666666667,127.6,0,-10.0,4854,0,Asian Music,1
2103405097,"Shakira: Bzrp Music Sessions, Vol. 53/66",12487862,Bizarrap,"Shakira: Bzrp Music Sessions, Vol. 53/66",2023,2020,3.566666666666667,127.6,0,-7.2,778290,0,Asian Music,1
3403549,Desvelado,242754,Bobby Pulido,Desvelado,1995,1990,3.65,173.7,1,-12.9,581448,0,Asian Music,1
3171002981,NUEVAYoL,10583405,Bad Bunny,DeBÍ TiRAR MáS FOToS,2025,2020,3.05,127.6,0,-8.0,977729,0,Asian Music,1
2638201552,Gata Only,193146897,FloyyMenor,Gata Only,2024,2020,3.7,127.6,0,-9.5,957099,1,Asian Music,1
15515244,Dile,725,Don Omar,The Last Don,2003,2000,3.4166666666666665,187.9,1,-12.0,812163,0,Asian Music,1
3380325281,SUPERESTRELLA,11928391,Aitana,CUARTO AZUL,2025,2020,3.066666666666667,127.6,0,-8.1,903638,1,Asian Music,1
3521175551,Morena (Remix),212949977,Neton Vega,Morena (Remix),2025,2020,2.683333333333333,127.6,0,-9.3,220380,0,Asian Music,1
549329472,No Te Contaron Mal,9763952,Christian Nodal,No Te Contaron Mal,2018,2010,2.6,162.77,1,-7.0,542073,0,Asian Music,1
3324627311,WASSUP,139171932,Young Miko,WASSUP,2025,2020,2.7,127.6,0,-9.0,589359,1,Asian Music,1
3721301952,Muévelo,6043160,Kali Uchis,Muévelo,2025,2020,2.1166666666666667,127.6,0,-9.7,685407,0,Asian Music,1
3421452581,Verano Rosa,5297021,KAROL G,Tropicoqueta,2025,2020,3.5,127.6,0,-7.6,726712,0,Asian Music,1
2154046487,TQG,5297021,KAROL G,MAÑANA SERÁ BONITO,2023,2020,3.316666666666667,127.6,0,-7.1,866625,1,Asian Music,1
3909037631,TRANKAITO,1166311,Feid,EL GREEN PRINT: La Saga (Disc 1) — FEID VS FERXXO,2026,2020,2.7,127.6,0,-9.4,589444,0,Asian Music,1
3165861441,Gasolina,3839,Daddy Yankee,Barrio Fino (Bonus Track Version),2025,2020,3.2,127.6,0,-10.0,909706,0,Asian Music,1
90269731,Darte un Beso,380955,Prince Royce,Soy El Mismo (Deluxe Edition),2014,2010,3.433333333333333,140.1,1,-8.2,636988,0,Asian Music,1
3638389092,"Daddy Yankee: Bzrp Music Sessions, Vol. 0/66",12487862,Bizarrap,"Daddy Yankee: Bzrp Music Sessions, Vol. 0/66",2025,2020,2.5166666666666666,127.6,0,-6.7,733799,0,Asian Music,1
13272449,Afuera,3214,Caifanes,El Nervio Del Volcan,1994,1990,4.833333333333333,126.0,1,-14.6,626173,0,Asian Music,1
3256990061,#TETAS,249999492,CA7RIEL & Paco Amoroso,PAPOTA,2025,2020,2.5,127.6,0,-9.6,472782,1,Asian Music,1
3981224901,Después de ti,5297021,KAROL G,Después de ti,2026,2020,4.483333333333333,127.6,0,-7.2,605962,0,Asian Music,1
421649542,La Chona,192548,Los Tucanes De Tijuana,Para Tucancillos y Tucancillas,2017,2010,3.316666666666667,145.07,1,-9.8,599414,0,Asian Music,1
3165861471,"Lo Que Pasó, Pasó",3839,Daddy Yankee,Barrio Fino (Bonus Track Version),2025,2020,3.5,127.6,0,-9.5,745236,0,Asian Music,1
38217121,Pa' Que Retozen,6729,Tego Calderón,El Abayarde,2003,2000,2.5166666666666666,127.6,0,-8.9,629053,1,Asian Music,1
1009700502,Tattoo,11289472,Rauw Alejandro,Tattoo,2020,2020,3.716666666666667,127.6,0,-7.9,659879,0,Asian Music,1
694099212,Dos Locos,16235,Monchy & Alexandra,Dos Locos,2019,2010,4.1,127.6,0,-11.9,534197,0,Asian Music,1
4045633691,5 Minutos,5735369,Luis Figueroa,El Relevo,2026,2020,4.766666666666667,127.6,0,-8.2,178173,0,Asian Music,1
861232172,Por Mujeres Como Tú,8793,Pepe Aguilar,Por Mujeres Como Tú,2020,2020,4.383333333333334,127.6,0,-11.5,556537,0,Asian Music,1
3143137131,Loco,212949977,Neton Vega,Loco,2024,2020,3.1,127.6,0,-9.5,572806,0,Asian Music,1
2846442802,Si Antes Te Hubiera Conocido,5297021,KAROL G,Si Antes Te Hubiera Conocido,2024,2020,3.25,127.6,0,-8.6,981639,0,Asian Music,1
765849132,Loco,2792,Enrique Iglesias,Greatest Hits,2019,2010,3.55,132.94,1,-7.5,479555,0,Asian Music,1
3824901081,5 Estrellas - W Sound 23,167570077,W Sound,5 Estrellas - W Sound 23,2026,2020,3.183333333333333,127.6,0,-8.1,677977,0,Asian Music,1
13247459,De Música Ligera,4345,Soda Stereo,Me Verás Volver (Hits & Más),2007,2000,3.55,124.2,1,-9.7,642178,0,Asian Music,1
3349913931,QUE HACES,4698748,Becky G,QUE HACES,2025,2020,2.8666666666666667,127.6,0,-8.0,561382,0,Asian Music,1
429988262,Lloraras,12544,Oscar D'León,Traicionera (Baile Total),2017,2010,3.683333333333333,95.93,1,-12.4,645347,0,Asian Music,1
3870518541,Timelapse de Sol,70,Juanes,JuanesTeban,2026,2020,3.0833333333333335,127.6,0,-8.5,277408,0,Asian Music,1
3321453561,AMISTA,106632,Blessed,AMISTA,2025,2020,2.95,127.6,0,-8.6,588482,1,Asian Music,1
3416126361,Blancanieves,15304117,Natanael Cano,Blancanieves,2025,2020,2.5166666666666666,127.6,0,-6.9,626816,1,Asian Music,1
144940548,Qué Bello,616908,La Sonora Dinamita,Juntos Por La Sonora,2017,2010,4.233333333333333,99.86,1,-8.4,476629,0,Asian Music,1
75212170,Eres Mía,1272674,Romeo Santos,"Fórmula, Vol. 2 (Deluxe Edition)",2014,2010,4.183333333333334,127.6,0,-7.6,723185,0,Asian Music,1
2352899405,QUEMA,11815065,Ryan Castro,QUEMA,2023,2020,2.5,127.6,0,-7.3,630342,1,Asian Music,1
73786725,Dile al Amor,700,Aventura,The Last,2009,2000,3.816666666666667,124.16,1,-14.0,630918,0,Asian Music,1
64848628,Obsesion,700,Aventura,We Broke The Rules,2002,2000,4.233333333333333,133.8,1,-10.9,946162,0,Asian Music,1
716519502,Más Que Tu Amigo,9032,Marco Antonio Solís,Lo Más Escuchado De,2019,2010,3.5,97.51,1,-10.1,478176,0,Asian Music,1
3369430391,Sin Ti,7327640,Morat,Ya Es Mañana,2025,2020,2.6666666666666665,127.6,0,-5.4,444888,0,Asian Music,1
4236675912,DOLCE VITA,4656807,DANNA,WET DREAMS,2026,2020,3.1666666666666665,127.6,0,-7.5,482348,0,Asian Music,1
3494105401,Si Te Vas,4860761,J. Balvin,Mixteip,2025,2020,3.3,127.6,0,-8.1,464997,0,Asian Music,1
58796331,¿Y Todo Para Qué?,16644,Intocable,Momentos De Coleccion,2012,2010,3.2333333333333334,102.6,1,-10.0,528904,0,Asian Music,1
429988502,Cómo Te Voy A Olvidar,116523,Los Angeles Azules,Como Te Voy A Olvidar (Baile Total),2017,2010,4.45,164.72,1,-11.8,381964,0,Asian Music,1
2403896545,La Víctima,153152092,Xavi,La Víctima,2023,2020,2.6,127.6,0,-7.8,617754,1,Asian Music,1
2815968902,Todo Lo Fue,5552795,Lenin Ramírez,Reinicio,2024,2020,3.2,127.6,0,-10.4,714150,0,Asian Music,1
4173779642,Te Olvido (La La),1547598,benny blanco,Te Olvido (La La),2026,2020,2.5,127.6,0,-7.1,719938,1,Asian Music,1
3677908662,Lokita Por Mí,1272674,Romeo Santos,Better Late Than Never,2025,2020,3.9833333333333334,127.6,0,-8.3,708789,0,Asian Music,1
1657871272,Te Quiero Contar,5261989,Sergi,KID & SERGI: VOL I,2022,2020,3.6333333333333333,127.6,0,-8.2,16181,0,Asian Music,1
3473004751,Enamorarte Mil Veces,243761,Fonseca,Enamorarte Mil Veces,2025,2020,2.85,127.6,0,-6.6,476295,0,Asian Music,1
71735408,Kilómetros,1461,Sin Bandera,Hasta Ahora,2007,2000,3.683333333333333,130.0,1,-11.5,499147,0,Asian Music,1
88643787,Could It Be I'm Falling in Love,5174343,Dash Of Honey,The Soul You Want,2014,2010,2.8,127.6,0,0.0,118813,0,Kids,1
786717,Believe,3156,Cher,Believe,1998,1990,3.9833333333333334,132.94,1,-10.1,863082,0,Kids,1
884774282,The Other Side (from Trolls World Tour),5531258,SZA,The Other Side (from Trolls World Tour),2020,2020,3.1333333333333333,106.01,1,-8.3,625935,0,Kids,1
2397026,Ice Ice Baby,3109,Vanilla Ice,Vanilla Ice Is Back! - Hip Hop Classics,2008,2000,4.233333333333333,116.1,1,-7.9,714129,0,Kids,1
3851861,You Sexy Thing (7'' Version),1064,Hot Chocolate,Hot Chocolate,2009,2000,4.05,105.7,1,-8.8,673334,0,Kids,1
3256296201,"Clarinet Concerto in A, K. 622: II. Adagio",11582927,The Mozart Effect Orchestra,The Mozart Effect: Music for Babies Volume 2 - Nighty Night,2016,2010,3.9833333333333334,127.6,0,-20.4,38799,0,Kids,1
132635814,"CAN'T STOP THE FEELING! (from DreamWorks Animation's ""TROLLS"")",1147,Justin Timberlake,TROLLS (Original Motion Picture Soundtrack),2016,2010,3.933333333333333,127.6,0,-8.1,611148,0,Kids,1
74609402,"Brandenburg Concerto No. 1 in F Major, BWV 1046: III. Allegro",1001897,Philharmonica Slavonica,"Bach: Brandenburg Concertos Nos. 1, 2 & 3, Violin Concerto No. 1",2014,2010,4.4,87.5,1,-1.76,29193,0,Kids,1
29673331,Thunder & Gentle Rain Soundscape,2299511,Soundscapes!,Nature Soundscapes,2012,2010,9.983333333333333,127.6,0,-30.7,18693,0,Kids,1
63918407,Cotton Eyed Joe,863674,Caspar Babypants,More Please!,2015,2010,2.3833333333333333,168.8,1,-11.4,175831,0,Kids,1
77410136,Black Widow,2454271,Iggy Azalea,The New Classic (Deluxe Version),2014,2010,3.4833333333333334,164.1,1,-6.8,427008,0,Kids,1
29673311,Ocean Waves Soundcape (feat. Beach Nature Sounds Meditation New Age),2299511,Soundscapes!,Nature Soundscapes,2012,2010,9.983333333333333,127.6,0,-16.4,470253,0,Kids,1
3906902,500 Miles (2004 Remaster),64410,"Peter, Paul And Mary","The Very Best of Peter, Paul and Mary",2005,2000,2.783333333333333,93.8,1,-19.4,896451,0,Kids,1
29673291,Beach Wake up Soundscape (feat. Relaxing Wave Sounds),2299511,Soundscapes!,Nature Soundscapes,2012,2010,9.983333333333333,127.6,0,-27.0,169861,0,Kids,1
1109729,My Name Is,13,Eminem,Curtain Call: The Hits,2005,2000,4.466666666666667,85.4,1,-10.9,748192,1,Kids,1
1077700822,Mr. Saxobeat (Radio Edit),998013,Alexandra Stan,Saxobeats,2020,2020,3.25,127.6,0,-8.0,854663,0,Kids,1
79046799,The Time Warp,877302,ROCKY HORROR,Rocky Horror,2015,2010,3.2333333333333334,174.4,1,-10.5,271632,0,Kids,1
489527282,Marie Laveau,69519,Bobby Bare,Outlaws & Armadillos: Country's Roaring '70s,2018,2010,3.0833333333333335,127.6,0,-12.9,3089,0,Kids,1
661541352,Axel F,8631,Harold Faltermeyer,Harold F,2019,2010,3.0,127.6,0,-19.0,262167,0,Kids,1
442041452,Baby Shark,12919403,Pinkfong,Baby Shark Special,2017,2010,1.6,114.84,1,-7.0,796981,0,Kids,1
3462040101,Monster High Fright Song,4552655,Monster High,Monster High Fright Song,2025,2020,2.716666666666667,127.6,0,-6.1,706757,0,Kids,1
1133238712,"Under the Sea (From ""The Little Mermaid"" / Soundtrack Version)",343288,Samuel E. Wright,Disney's Sebastian: From the Little Mermaid,2006,2000,3.2333333333333334,127.6,0,-17.7,89781,0,Kids,1
1182050,Woman,5359,Wolfmother,Wolfmother,2006,2000,2.9166666666666665,150.3,1,-5.3,582213,0,Kids,1
3343283221,Go Banana Go!,89586582,Go Banana Go!,Hi-Ya!,2020,2020,1.3,127.6,0,-9.0,283476,0,Kids,1
774799712,"Spooky, Scary Skeletons (Undead Tombstone Remix)",9501,Andrew Gold,Halloween Howls: Fun & Scary Music (Deluxe Edition),2019,2010,2.0833333333333335,127.6,0,-7.6,526207,0,Kids,1
122946174,"Just Like Fire (From the Original Motion Picture ""Alice Through The Looking Glass"")",69925,P!nk,"Just Like Fire (From the Original Motion Picture ""Alice Through The Looking Glass"")",2016,2010,3.5833333333333335,162.77,1,-8.9,770741,0,Kids,1
103446218,Freedom,103,Pharrell Williams,Freedom,2015,2010,2.7,95.0,1,-10.1,784660,0,Kids,1
3413959751,A Dormir Mi Bebé,330450321,Luna Somnia,A Dormir Mi Bebé,2025,2020,3.466666666666667,127.6,0,-26.3,13284,0,Kids,1
72398318,The Winner,69519,Bobby Bare,The Essential Bobby Bare,2013,2010,5.333333333333333,130.0,1,-13.9,119137,0,Kids,1
2470902971,Better Place (From TROLLS Band Together),520,*NSYNC,Better Place (From TROLLS Band Together),2023,2020,3.6,127.6,0,-8.2,593578,0,Kids,1
2782690362,"The Four Seasons, ""Summer"": Largo e pianissimo sempre",1636873,Takako Nishizaki,Vivaldi (The Best Of),1997,1990,2.6333333333333333,127.6,0,-28.3,100000,0,Kids,1
22931941,The Vision,5563901,Paul Henderson,Deep Meditation,2011,2010,2.65,127.6,0,-21.4,21450,0,Kids,1
788295,White Christmas,614,Bing Crosby,The Polar Express (Original Motion Picture Soundtrack),2004,2000,3.066666666666667,94.8,1,-14.5,301096,0,Kids,1
141823423,Baby Beluga,7205,Raffi,Best Of Raffi,2017,2010,2.6666666666666665,137.81,1,-12.6,439567,0,Kids,1
69070914,Blue Christmas,1125,Elvis Presley,Elvis' Christmas Album,1957,1950,2.1,127.6,0,-18.7,143134,0,Kids,1
84990241,The Munsters,4913844,KnightsBridge,100 Hits: TV Themes,2014,2010,0.75,156.0,1,-10.1,4671,0,Kids,1
2498150751,Watch Me Work,5316873,Andrew Rannells,TROLLS Band Together (Original Motion Picture Soundtrack),2023,2020,2.5,127.6,0,-8.5,515836,0,Kids,1
141823431,Wheels On The Bus,7205,Raffi,Best Of Raffi,2017,2010,1.7,172.99,1,-13.4,325639,0,Kids,1
2498150731,Perfect,1147,Justin Timberlake,TROLLS Band Together (Original Motion Picture Soundtrack),2023,2020,2.533333333333333,127.6,0,-8.1,515263,0,Kids,1
2072535627,Dance Mode,123002982,Bluey,Dance Mode!,2023,2020,1.9666666666666666,127.6,0,-7.8,525100,0,Kids,1
14066499,Let It Snow! Let It Snow! Let It Snow! (Remastered),1126,Dean Martin,"Merry Christmas, Baby: Romance And Reindeer From Capitol",2011,2010,1.9333333333333333,135.11,1,-19.1,54811,0,Kids,1
120801884,"Yodel-Adle-Eedle-Idle-Oo (From ""Home on the Range"" / Soundtrack Version)",1344834,Randy Quaid,Home On The Range (Original Motion Picture Soundtrack),2009,2000,2.7333333333333334,120.89,1,-14.4,343135,0,Kids,1
43465981,Raining Tacos,430946,Parry Gripp,Raining Tacos,2012,2010,1.5333333333333334,137.8,1,-7.0,505069,0,Kids,1
4275963112,Burning Energy!,71247072,Danny Go!,Burning Energy!,2026,2020,4.4,127.6,0,-16.4,334454,0,Kids,1
7372854,Run Rudolph Run,2833,Chuck Berry,Rock 'N' Roll Rarities,2007,2000,2.7,152.0,1,-16.1,408325,0,Kids,1
141460849,The Wheels on the Bus,7998984,Wheels on the Bus,The Wheels on the Bus,2017,2010,1.8,84.89,1,-18.2,443379,0,Kids,1
1483893882,Hop Little Bunnies,6133462,Toddler Fun Learning,Hop Little Bunnies,2021,2020,2.0,127.6,0,-12.1,463129,0,Kids,1
79589184,Addicted to You,160,Shakira,Sale el Sol,2010,2010,2.466666666666667,126.0,1,-10.2,726778,0,Kids,1
1419542662,A Certain Girl (Remastered),123617,Ernie K-Doe,Deluxe Collection (Remastered),2021,2020,2.816666666666667,127.6,0,-11.8,10070,0,Kids,1
3794711092,Me Niegas,1078812,Baby Rasta Y Gringo,Los Cotizados,2026,2020,3.35,127.6,0,-8.8,516913,0,Kids,1
1121407752,Twinkle Twinkle Little Star,12206372,Super Simple Songs,Twinkle Twinkle Little Star & More Kids Songs,2017,2010,2.533333333333333,127.6,0,-12.5,594001,0,Kids,1
3193746041,Burger Dog,123002982,Bluey,Burger Dog / Bluey Theme Tune (Burger Dog Version),2025,2020,2.8,127.6,0,-8.3,510613,0,Kids,1
6853919,The Chipmunk Song (Christmas Don't Be Late) (Remastered 1999),78466,Alvin And The Chipmunks,Christmas With The Chipmunks (2010),2010,2010,2.35,152.0,1,-15.0,34282,0,Kids,1
476739462,The Ketchup Song (Aserejé) (Spanish Version),4312,Las Ketchup,Aserejé (The Ketchup Song),2018,2010,3.55,184.57,1,-8.9,779219,0,Kids,1
141823425,Down By The Bay,7205,Raffi,Best Of Raffi,2017,2010,2.1166666666666667,101.83,1,-12.3,353877,0,Kids,1
1949554957,Welcome to the Show,470538,My Little Pony,Equestria Girls: Rainbow Rocks,2014,2010,4.616666666666666,127.6,0,-11.0,407178,0,Kids,1
71196209,Pop,520,*NSYNC,Celebrity,2001,2000,3.95,120.2,1,-9.3,253267,0,Kids,1
132635818,Get Back Up Again,4017020,Anna Kendrick,TROLLS (Original Motion Picture Soundtrack),2016,2010,2.75,127.6,0,-7.2,502738,0,Kids,1
2907327451,The Rain Is Here,274771091,Slipping Through Worlds,Thunderous Rain,2024,2020,2.2,127.6,0,-15.3,402623,0,Kids,1
103749032,Rain in the Forest,7978764,Nature Soundscape,8 Hours of Relaxing Nature Sounds,2015,2010,9.833333333333334,127.6,0,-30.6,21648,0,Kids,1
1932779497,Let It Snow! Let It Snow! Let It Snow! (with The B. Swanson Quartet),617,Frank Sinatra,Classic Christmas,2022,2020,2.5833333333333335,143.6,1,-15.2,2757,0,Kids,1
145187392,Under the Sea,343288,Samuel E. Wright,The Little Mermaid Special Edition,2006,2000,3.2333333333333334,99.86,1,-18.4,441792,0,Kids,1
1136190992,Bluey Theme Tune (Instrument Parade),123002982,Bluey,Bluey the Album (Music from the Original TV Series),2021,2020,2.2,127.6,0,-10.6,492013,0,Kids,1
1412382152,We Are The Dinosaurs,419598,The Laurie Berkner Band,Laurie Berkner's Favorite Classic Kids' Songs,2021,2020,2.3,127.6,0,-9.1,358539,0,Kids,1
104009372,"Chorale Prelude No. 5 “Ach bleib bei uns Herr Jesu Christ” in B-Flat Major, BWV 649 (Harp Version)",7414992,Pet Music Collection,Pet Music - Classical Sounds to Calm Your Dogs,2015,2010,2.4166666666666665,99.86,1,-21.5,25079,0,Kids,1
3399689,The Little Drummer Boy (Remastered 2006),614,Bing Crosby,Bing Crosby - Christmas Classics,2006,2000,3.0,112.3,1,-16.2,202190,0,Kids,1
2498150811,Mount Rageous,5316873,Andrew Rannells,TROLLS Band Together (Original Motion Picture Soundtrack),2023,2020,2.95,127.6,0,-8.5,508366,0,Kids,1
145187390,Part of Your World,244594,Jodi Benson,The Little Mermaid Special Edition,2006,2000,3.25,104.67,1,-17.0,462069,0,Kids,1
1762453197,"Kiss the Girl (From ""The Little Mermaid""/ Soundtrack Version)",343288,Samuel E. Wright,Disney's Greatest Volume 1,2010,2010,2.716666666666667,127.6,0,-19.9,225522,0,Kids,1
1678115237,"Concerto in C Major for Flute, Harp and Orchestra, K. 299: II. Andantino",248813,Ernest Bour,111 Amazing Classical: Lounge Music,2013,2010,8.65,114.84,1,-20.4,2699,0,Kids,1
1136191022,A Message from the Fairies (John Ryan's Polka),123002982,Bluey,Bluey the Album (Music from the Original TV Series),2021,2020,2.5833333333333335,127.6,0,-8.5,439226,0,Kids,1
141823427,Apples And Bananas,7205,Raffi,Best Of Raffi,2017,2010,1.6166666666666667,140.62,1,-14.4,329077,0,Kids,1
1681212387,The Wiggle Dance,71247072,Danny Go!,The Wiggle Dance,2022,2020,3.066666666666667,127.6,0,-17.0,391187,0,Kids,1
1762561427,"On My Way (From ""Brother Bear""/Soundtrack Version)",186,Phil Collins,Brother Bear,2009,2000,3.6666666666666665,127.6,0,-12.5,398740,0,Kids,1
3156473,Fever,1134,Peggy Lee,Things Are Swingin',2004,2000,3.316666666666667,136.0,1,-14.9,460079,0,Kids,1
141823435,Bananaphone,7205,Raffi,Best Of Raffi,2017,2010,3.2,90.87,1,-11.5,310537,0,Kids,1
3904200691,Farm Animals’ Styles,12919403,Pinkfong,Pinkfong Farm Animals Songs 2,2026,2020,2.816666666666667,127.6,0,-9.5,570092,0,Kids,1
80274526,Hello,98,Evanescence,Fallen,2026,2020,3.6666666666666665,140.2,1,-14.6,600820,0,Kids,1
82242226,Gone,520,*NSYNC,The Essential *NSYNC,2014,2010,4.85,113.9,1,-11.1,318630,0,Kids,1
1761512557,5 Little Ducks (Album Version),7205,Raffi,Animal Songs,2015,2010,2.3,127.6,0,-15.1,273293,0,Kids,1
1949554927,Under Our Spell,470538,My Little Pony,Equestria Girls: Rainbow Rocks,2014,2010,1.85,127.6,0,-8.9,484991,0,Kids,1
900299772,Just Sing (Trolls World Tour),1147,Justin Timberlake,TROLLS World Tour (Original Motion Picture Soundtrack),2020,2020,4.0,127.6,0,-8.2,221174,0,Kids,1
2047049907,Unleash the Magic,10250918,Abacus Cinch,Equestria Girls: The Friendship Games (Original Motion Picture Soundtrack),2015,2010,3.15,127.6,0,-9.1,411660,0,Kids,1
22932261,Meditation Oasis,5563901,Paul Henderson,Deep Meditation,2011,2010,2.4833333333333334,127.6,0,-22.2,18010,0,Kids,1
571387042,I Want a Hippopotamus for Christmas (Hippo the Hero),191863,Gayla Peevey,Christmas Hits,2019,2010,2.5833333333333335,113.58,1,-13.6,163462,0,Kids,1
3444595,The Cover Of The Rolling Stone (Live),2562,Dr. Hook,Dr. Hook - The Best Of,2009,2000,2.8666666666666667,142.6,1,-15.0,367678,0,Kids,1
4021782591,The Firetruck Song,71247072,Danny Go!,Season One Songs,2021,2020,2.6333333333333333,127.6,0,-15.4,151470,0,Kids,1
960351,Santa Baby (with Henri René & His Orchestra),5219,Eartha Kitt,Heavenly Eartha,2002,2000,3.433333333333333,84.4,1,-13.6,318494,0,Kids,1
110148086,Jingle Bells,617,Frank Sinatra,Christmas,2015,2010,1.95,175.19,1,-13.0,491421,0,Kids,1
1928067817,This Day Aria,10233610,Princess Cadance,Friendship is Magic: Songs of Friendship & Magic,2013,2010,2.2666666666666666,127.6,0,-10.6,466414,0,Kids,1
1949554977,Let's Have a Battle (Of the Bands),470538,My Little Pony,Equestria Girls: Rainbow Rocks,2014,2010,2.8666666666666667,127.6,0,-10.3,414803,0,Kids,1
2498150821,Better Place (Family Harmony),1147,Justin Timberlake,TROLLS Band Together (Original Motion Picture Soundtrack),2023,2020,1.9333333333333333,127.6,0,-9.8,517643,0,Kids,1
925372272,Empire,8310810,Nefera DeNile,"Boo York, Boo York (Original Motion Picture Soundtrack)",2015,2010,2.933333333333333,127.6,0,-9.5,360517,0,Kids,1
3856267871,I'm a Little Train,12206372,Super Simple Songs,I'm a Little Train,2026,2020,2.3333333333333335,127.6,0,-11.1,435417,0,Kids,1
132200860,True Colors,4017020,Anna Kendrick,True Colors,2016,2010,4.05,144.05,1,-9.9,477145,0,Kids,1
15387877,It's Beginning to Look a Lot Like Christmas (with Mitchell Ayres & His Orchestra),6180,Perry Como,Greatest Christmas Songs,1999,1990,2.5833333333333335,112.0,1,-16.2,121836,0,Kids,1
1409836312,Jesus Loves Me This I Know,134709552,Sunday School Songs,Jesus Loves Me This I Know,2021,2020,2.1333333333333333,127.6,0,-12.4,267223,0,Kids,1
2293358835,Sharks In The Water,71247072,Danny Go!,Sharks In The Water,2023,2020,3.216666666666667,127.6,0,-14.8,305191,0,Kids,1
2498150771,BroZone's Back,1147,Justin Timberlake,TROLLS Band Together (Original Motion Picture Soundtrack),2023,2020,1.35,127.6,0,-8.7,466501,0,Kids,1
7675403,I Will Always Love You,174,Whitney Houston,The Bodyguard - Original Soundtrack Album,1992,1990,4.516666666666667,134.2,1,-15.0,854163,0,Films/Games,1
576431,Eye of the Tiger,39,Survivor,Rocky IV,2006,2000,4.083333333333333,108.8,1,-12.7,898987,0,Films/Games,1
5431773,"I'm Alright (Theme from ""Caddyshack"")",3855,Kenny Loggins,Caddyshack,1980,1980,3.7666666666666666,162.8,1,-11.5,263600,0,Films/Games,1
576423,"Burning Heart (From ""Rocky IV"" Soundtrack)",39,Survivor,Rocky IV,2006,2000,3.85,98.0,1,-12.3,759514,0,Films/Games,1
539765022,Upside Down,896,Jack Johnson,Jack Johnson And Friends: Sing-A-Longs And Lullabies For The Film Curious George,2018,2010,3.5,102.59,1,-10.6,728279,0,Films/Games,1
3431485,It Might Be You,7499,Dave Koz,At The Movies,2007,2000,4.366666666666666,95.5,1,-13.1,100577,0,Films/Games,1
1622274742,"We Don't Talk About Bruno (From ""Encanto""/Soundtrack Version)",136485012,Carolina Gaitán - La Gaita,"We Don’t Talk About Bruno (From ""Encanto"")",2022,2020,3.6,127.6,0,-11.2,279429,0,Films/Games,1
552817412,Old Hippie (The Sequel),7740,The Bellamy Brothers,Let your love flow - Die neue Best of,2018,2010,4.0,127.6,0,-11.5,91673,0,Films/Games,1
1084162022,"To Live And Die In L.A. (From ""To Live And Die In L.A."" Soundtrack)",15712,Wang Chung,To Live And Die In L.A. (An Original Motion Picture Soundtrack),2020,2020,4.883333333333334,127.6,0,-18.0,248252,0,Films/Games,1
587696172,Two Doors Down,8741,Dolly Parton,Dumplin' Original Motion Picture Soundtrack,2018,2010,3.0166666666666666,127.6,0,-14.6,392518,0,Films/Games,1
587696222,Better Get to Livin',8741,Dolly Parton,Dumplin' Original Motion Picture Soundtrack,2018,2010,3.6,127.6,0,-13.7,286951,0,Films/Games,1
1764283667,I Ain't Worried,74398,OneRepublic,Top Gun: Maverick (Music From The Motion Picture),2022,2020,2.466666666666667,127.6,0,-9.3,910746,0,Films/Games,1
120302496,Bust A Move,5894,Young MC,The Replacements (Music From The Motion Picture),2014,2010,4.433333333333334,117.5,1,-16.3,453356,0,Films/Games,1
561894112,Shallow (Radio Edit),75491,Lady Gaga,A Star Is Born Soundtrack (Without Dialogue),2018,2010,3.6,95.93,1,-9.0,609000,0,Films/Games,1
7675405,I'm Every Woman,174,Whitney Houston,The Bodyguard - Original Soundtrack Album,1992,1990,4.75,119.5,1,-12.1,641815,0,Films/Games,1
586860862,Try Everything,160,Shakira,Zootopia (Original Motion Picture Soundtrack / Japanese version),2018,2010,3.2666666666666666,115.49,1,-8.6,798431,0,Films/Games,1
377183971,Homo Africanus,1391975,Joel Vandroogenbroeck,Birth of Earth,1980,1980,1.9666666666666666,127.6,0,0.0,32617,0,Films/Games,1
90120289,It Might Be You (Theme from Tootsie),78495,Stephen Bishop,Tootsie (Original Motion Picture Soundtrack),2010,2010,4.266666666666667,89.7,1,-17.3,495267,0,Films/Games,1
62105745,Natural One,4090223,Kids Original Motion Picture Soundtrack,Kids Original Motion Picture Soundtrack,2015,2010,3.15,109.7,1,-11.5,349714,0,Films/Games,1
68540173,"Intervallo (from ""Veruschka"") (II)",1536,Ennio Morricone,"Ennio Morricone Chill Out, Vol. 2",2014,2010,3.95,128.8,1,-15.9,163351,0,Films/Games,1
3507689481,"The Revenant Main Theme (From ""The Revenant"")",62996,Ryuichi Sakamoto,Ryuichi Sakamoto - Music For Film,2016,2010,3.1666666666666665,127.6,0,-17.4,70624,0,Films/Games,1
1106499022,Johnny Too Bad,57139,The Slickers,The Harder They Come (Original Motion Picture Soundtrack),2020,2020,3.05,127.6,0,-13.8,374399,0,Films/Games,1
1106498962,You Can Get It If You Really Want,2425,Jimmy Cliff,The Harder They Come (Original Motion Picture Soundtrack),2020,2020,2.683333333333333,127.6,0,-12.8,562895,0,Films/Games,1
123821588,The Good Life,3239,Bobby Darin,Matchstick Men (Original Motion Picture Soundtrack),2014,2010,2.4,90.27,1,-12.6,240492,0,Films/Games,1
1106499012,The Harder They Come,2425,Jimmy Cliff,The Harder They Come (Original Motion Picture Soundtrack),2020,2020,3.65,127.6,0,-12.4,301432,0,Films/Games,1
82533860,Baby Elephant Walk,261979111,Henry Mancini & His Orchestra,The Essential Henry Mancini,2010,2010,2.6666666666666665,127.6,0,-14.6,157105,0,Films/Games,1
648733422,"Unplanned (From ""Unplanned"")",3998,Matthew West,"Unplanned (From ""Unplanned"")",2019,2010,3.6,116.13,1,-11.5,204072,0,Films/Games,1
1470247602,Show Me Your Soul,7426,Lalah Hathaway,Show Me Your Soul,2021,2020,4.05,127.6,0,-11.5,280624,0,Films/Games,1
1166571922,Truman Sleeps,4726,Philip Glass,The Truman Show (Original Motion Picture Soundtrack),2020,2020,1.85,127.6,0,-14.5,486373,0,Films/Games,1
2230407,Car Wash (Long Version),2360,Rose Royce,Car Wash,2003,2000,5.1,240.4,1,-16.8,405725,0,Films/Games,1
1793589917,Can't Help Falling in Love,399990,Kacey Musgraves,ELVIS (Original Motion Picture Soundtrack),2022,2020,2.8,127.6,0,-12.7,330359,0,Films/Games,1
4059475141,Partidazo,11443084,Danny Ocean,Official FIFA World Cup 2026™ Album,2026,2020,2.3833333333333333,127.6,0,-8.8,394566,0,Films/Games,1
742437,An Unwelcome Friend,4726,Philip Glass,The Hours (Music from the Motion Picture Soundtrack),2005,2000,4.183333333333334,95.9,1,-28.7,267656,0,Films/Games,1
436679922,Mystery of Love (From the Original Motion Picture “Call Me by Your Name”),1999,Sufjan Stevens,Mystery of Love (From the Original Motion Picture “Call Me by Your Name”),2017,2010,4.133333333333334,107.95,1,-13.7,369239,0,Films/Games,1
136804076,"A New Home (From ""Lion"" Soundtrack)",107096,Dustin O'Halloran,Lion (Original Motion Picture Soundtrack),2016,2010,1.9,127.6,0,-14.9,208199,0,Films/Games,1
561856792,Always Remember Us This Way,75491,Lady Gaga,A Star Is Born Soundtrack,2018,2010,3.5,130.01,1,-8.8,950944,0,Films/Games,1
2023239517,We Were Set Up,1151,Tangerine Dream,"The Music of Grand Theft Auto V, Vol. 2: The Score",2013,2010,3.5166666666666666,127.6,0,-9.2,328411,0,Films/Games,1
2038733427,"The Sea, The Sea",1539961,Trent Reznor and Atticus Ross,Empire of Light (Original Score),2022,2020,4.233333333333333,127.6,0,-15.6,154290,0,Films/Games,1
3589406821,"Zoo (From ""Zootopia 2"")",9219,Disney,"Zoo (From ""Zootopia 2"")",2025,2020,3.183333333333333,127.6,0,-8.0,741576,0,Films/Games,1
70631608,"I Don't Want to Miss a Thing (From ""Armageddon"" Soundtrack)",1005,Aerosmith,Armageddon - The Album,1998,1990,4.983333333333333,120.9,1,-8.4,503680,0,Films/Games,1
2445540765,Money in the Mattress,5962324,Hildur Guðnadóttir,A Haunting in Venice (Original Motion Picture Soundtrack),2023,2020,4.316666666666666,127.6,0,-23.2,56458,0,Films/Games,1
611228292,iridscnt,4873930,Ocha,Love Story,2019,2010,2.6666666666666665,168.06,1,-14.2,102882,0,Films/Games,1
2584364862,Kamma,398298,Agnes Obel,Foe (Original Motion Picture Score),2024,2020,2.5166666666666666,127.6,0,-19.6,339579,0,Films/Games,1
72371930,"Let It Go (From ""Frozen""/Soundtrack Version)",7023,Idina Menzel,Frozen (Original Motion Picture Soundtrack),2013,2010,3.7333333333333334,136.9,1,-10.6,682239,0,Films/Games,1
1762460127,This Is Halloween,1504061,The Citizens of Halloween,Nightmare Before Christmas Special Edition,2006,2000,3.2666666666666666,167.38,1,-16.4,447672,0,Films/Games,1
561867002,American Beauty,2245,Thomas Newman,American Beauty (Original Motion Picture Score),2018,2010,3.1,77.57,1,-23.7,645854,0,Films/Games,1
2338371075,One Of The Girls,4050205,The Weeknd,The Idol Episode 4 (Music from the HBO Original Series),2023,2020,4.083333333333333,127.6,0,-8.9,949148,0,Films/Games,1
3324918501,Wang Dang Doodle,394661,Cedric Burnside,Sinners (Original Motion Picture Soundtrack),2025,2020,2.4,127.6,0,-9.0,346953,0,Films/Games,1
1834514327,"Surfaced (From ""Surface"")",277491,Ólafur Arnalds,Surface (Music from the Original TV Series),2022,2020,2.466666666666667,127.6,0,0.0,188408,0,Films/Games,1
1675161847,Nobody Like U,161166112,4*TOWN (From Disney and Pixar’s Turning Red),Turning Red (Original Motion Picture Soundtrack),2022,2020,2.6666666666666665,127.6,0,-12.8,606917,0,Films/Games,1
3106712751,Beyond,11389676,Auli'i Cravalho,Moana 2 (Original Motion Picture Soundtrack/Deluxe Edition),2024,2020,3.8333333333333335,127.6,0,-9.5,352388,0,Films/Games,1
3289333861,Ma Meilleure Ennemie (from the series Arcane League of Legends),310260,Stromae,Ma Meilleure Ennemie ft. Coldplay,2025,2020,2.45,127.6,0,-9.0,929383,0,Films/Games,1
403459412,Bluebird,3975191,Alexis Ffrench,Bluebird,2017,2010,3.3833333333333333,127.6,0,-17.2,570910,0,Films/Games,1
7675404,I Have Nothing,174,Whitney Houston,The Bodyguard - Original Soundtrack Album,1992,1990,4.783333333333333,153.1,1,-14.4,796832,0,Films/Games,1
3242839551,Opening,65564792,Alexandra Hamilton-Ayres,TISH (Original Score),2025,2020,3.0166666666666666,127.6,0,-16.1,16035,0,Films/Games,1
1550821752,Surface Pressure,151187962,Jessica Darrow,Encanto (Original Motion Picture Soundtrack),2021,2020,3.3666666666666667,127.6,0,-11.4,548896,0,Films/Games,1
93450034,Keep On Movin' On,186223,Martha Reeves & The Sweet Things,Willie Dynamite (Music From The Original Motion Picture Soundtrack),2015,2010,3.6333333333333333,102.3,1,-10.3,151413,0,Films/Games,1
107832280,You'll Be Back,329865,Jonathan Groff,Hamilton (Original Broadway Cast Recording),2015,2010,3.466666666666667,122.0,1,-11.3,595695,0,Films/Games,1
3398311101,Glowing Snow,10468691,Toby Fox,DELTARUNE Chapters 3+4 (Original Game Soundtrack),2025,2020,2.3666666666666667,127.6,0,-14.8,435247,0,Films/Games,1
647445312,Everything Is AWESOME!!! (feat. The Lonely Island),1695,Tegan and Sara,The Lego® Movie (Original Motion Picture Soundtrack),2013,2010,2.716666666666667,148.19,1,-8.1,402296,0,Films/Games,1
82715364,Skyfall,75798,Adele,Skyfall,2012,2010,4.766666666666667,149.8,1,-8.7,918197,0,Films/Games,1
2751833171,No Longer You,193471597,Jorge Rivera-Herrans,EPIC: The Underworld Saga (Official Concept Album),2024,2020,2.8,127.6,0,-8.5,628270,0,Films/Games,1
1106499032,007 (Shanty Town),4511,Desmond Dekker,The Harder They Come (Original Motion Picture Soundtrack),2020,2020,2.683333333333333,127.6,0,-12.2,354218,0,Films/Games,1
3662731192,No Good Deed,6979963,Cynthia Erivo,Wicked: For Good – The Soundtrack,2025,2020,3.8333333333333335,127.6,0,-10.2,527435,0,Films/Games,1
107832276,The Schuyler Sisters,7418694,Renee Elise Goldsberry,Hamilton (Original Broadway Cast Recording),2015,2010,3.1,101.8,1,-10.4,614881,0,Films/Games,1
4210686,Save Me,1602,Aimee Mann,Magnolia (Music from the Motion Picture),1999,1990,4.566666666666666,143.6,1,-10.8,505940,0,Films/Games,1
107832292,Wait for It,4194807,Leslie Odom Jr.,Hamilton (Original Broadway Cast Recording),2015,2010,3.216666666666667,187.9,1,-12.2,661169,0,Films/Games,1
576436,"Living in America (From ""Rocky IV"" Soundtrack)",1622,James Brown,Rocky IV,2006,2000,4.7,113.89,1,-11.8,540641,0,Films/Games,1
14954267,"Young, Wild & Free (feat. Bruno Mars)",3,Snoop Dogg,Mac and Devin Go To High School (Music From and Inspired By The Movie),2011,2010,3.45,95.0,1,-8.0,840193,1,Films/Games,1
72371928,"Love Is an Open Door (From ""Frozen""/Soundtrack Version)",5306259,Kristen Bell,Frozen (Original Motion Picture Soundtrack),2013,2010,2.0833333333333335,99.86,1,-10.4,543318,0,Films/Games,1
6813638,You've Got a Friend in Me,5679,Randy Newman,Toy Story (Original Motion Picture Soundtrack),2006,2000,2.0833333333333335,115.8,1,-15.4,505134,0,Films/Games,1
72371935,"In Summer (From ""Frozen""/Soundtrack Version)",5316874,Josh Gad,Frozen (Original Motion Picture Soundtrack),2013,2010,1.85,107.11,1,-12.9,427050,0,Films/Games,1
107832268,Alexander Hamilton,4194807,Leslie Odom Jr.,Hamilton (Original Broadway Cast Recording),2015,2010,3.933333333333333,128.0,1,-10.8,630512,0,Films/Games,1
107832288,Satisfied,7418694,Renee Elise Goldsberry,Hamilton (Original Broadway Cast Recording),2015,2010,5.483333333333333,123.8,1,-12.4,620324,0,Films/Games,1
1217345822,My Favorite Things,244056432,Julie Andrews,The Sound Of Music (Original Soundtrack Recording),2021,2020,2.3,127.6,0,-16.8,441286,0,Films/Games,1
3586186841,Gravity,252433822,Hazbin Hotel,Gravity,2025,2020,1.8833333333333333,127.6,0,-8.0,659012,0,Films/Games,1
1377537602,Reflection (Pop Version),116,Christina Aguilera,Mulan (Original Soundtrack),2006,2000,3.6,127.6,0,-22.1,282433,0,Films/Games,1
3272583461,Steve's Lava Chicken,14521,Jack Black,A Minecraft Movie (Original Motion Picture Soundtrack),2025,2020,0.5666666666666667,127.6,0,-10.9,514883,0,Films/Games,1
2208355417,Peaches,14521,Jack Black,The Super Mario Bros. Movie (Original Motion Picture Soundtrack),2023,2020,1.5833333333333333,127.6,0,-12.8,529104,0,Films/Games,1
2867112752,Just a Man,193471597,Jorge Rivera-Herrans,EPIC: The Troy Saga (Official Concept Album),2024,2020,2.4833333333333334,127.6,0,-9.6,682393,0,Films/Games,1
107832322,The Room Where It Happens,4194807,Leslie Odom Jr.,Hamilton (Original Broadway Cast Recording),2015,2010,5.3,87.0,1,-12.5,607906,0,Films/Games,1
467292442,your heart,4873930,Ocha,care,2018,2010,2.15,127.6,0,-16.4,23085,0,Films/Games,1
2210724317,Hold On Tight,113547672,aespa,Hold On Tight,2023,2020,2.4833333333333334,127.6,0,-8.4,627214,0,Films/Games,1
62912733,Put on a Happy Face,158391,Dick Van Dyke,Bye Bye Birdie (Original Motion Picture Soundtrack),2013,2010,3.5833333333333335,127.6,0,-14.0,51735,0,Films/Games,1
107832312,Non-Stop,4194807,Leslie Odom Jr.,Hamilton (Original Broadway Cast Recording),2015,2010,6.416666666666667,183.8,1,-12.6,669681,0,Films/Games,1
2903524471,Solitude,62996,Ryuichi Sakamoto,Opus,2024,2020,6.133333333333334,127.6,0,-20.8,299865,0,Films/Games,1
3584094581,Dare to Fly,4016340,Blake Aaron,Dare to Fly (Brazilian Version),2025,2020,4.45,127.6,0,-11.2,38512,0,Latin Music,1
2097789737,Tião Braço Forte (Instrumental),9728,Marcos Valle,Viola Enluarada,2023,2020,2.9,127.6,0,-14.1,42157,0,Latin Music,1
1783395287,Chega de Saudade,5168,João Gilberto,João Gilberto Apresenta Chega de Saudade,1959,1950,2.05,127.6,0,-17.4,159058,0,Latin Music,1
1673131,Tabu (The Sweetest Taboo),114153,Vânia Bastos,Canta Mais,2006,2000,4.8,182.1,1,-15.7,116072,0,Latin Music,1
2097789677,Tião Braço Forte,9728,Marcos Valle,Viola Enluarada,2023,2020,2.566666666666667,127.6,0,-12.5,74867,0,Latin Music,1
75120899,Zou Bisou Bisou,1121054,Martini Kings,Zou Bisou Bisou,2012,2010,2.183333333333333,127.6,0,-13.2,30083,0,Latin Music,1
3245990381,"Quer Queira, Quer Não Queira",13704,Tim Maia,Racional (Vol 2),1976,1970,4.816666666666666,127.6,0,-9.8,249667,0,Latin Music,1
925361992,ADMV,1424602,Maluma,ADMV,2020,2020,3.2333333333333334,127.6,0,-7.5,539982,0,Latin Music,1
1831139637,Mistério da Raça,73158,Rogê,Curyman,2023,2020,4.616666666666666,127.6,0,-10.6,255268,0,Latin Music,1
3254073711,Do Leme ao Pontal,13704,Tim Maia,Tim Maia In Concert,2020,2020,3.95,127.6,0,-7.5,472246,0,Latin Music,1
11085337,Fogo do Sol,9728,Marcos Valle,Marcos Valle,1983,1980,3.75,162.77,1,-11.1,419028,0,Latin Music,1
671693102,Alma (Instrumental),9728,Marcos Valle,Sempre,2019,2010,6.433333333333334,97.05,1,-15.0,53837,0,Latin Music,1
3679455062,HEAVENLY JUMPSTYLE (Slowed),244659282,TWXNY,HEAVENLY JUMPSTYLE,2025,2020,2.1333333333333333,127.6,0,-6.4,807248,0,Latin Music,1
565340102,Águas De Março,15827,Elis Regina,Elis & Tom,2018,2010,3.5166666666666666,127.6,0,-12.7,737739,0,Latin Music,1
543126352,Réu Confesso,13704,Tim Maia,Tim Maia 1973,2018,2010,3.6333333333333333,178.98,1,-13.6,591391,0,Latin Music,1
3329623921,P do Pecado (Ao Vivo),54330242,Grupo Menos É Mais,MOLHO (Ao Vivo),2025,2020,3.2,127.6,0,-9.2,908514,0,Latin Music,1
108659808,Super Legal,1182275,Friends From Rio,"Friends from Rio, Vol. 2",2015,2010,5.0,127.6,0,0.0,1461,0,Latin Music,1
91071071,Agua de beber,1293,Astrud Gilberto,The golden album,2014,2010,2.3333333333333335,148.7,1,-12.5,706796,0,Latin Music,1
777279842,Toque Tropical,5291577,Junior Mendes,Quase Parando / Toque Tropical,2019,2010,2.933333333333333,127.6,0,-12.7,127805,0,Latin Music,1
4225768312,Melatonin,148075452,jomm,Melatonin,2026,2020,3.8833333333333333,127.6,0,-9.2,426670,0,Latin Music,1
3856149941,Keep Hold of Yourself,74250642,Ron Burris,Ron Burris Meets Marcos Silva,2026,2020,3.6166666666666667,127.6,0,-13.7,837,0,Latin Music,1
3679455042,HEAVENLY JUMPSTYLE,244659282,TWXNY,HEAVENLY JUMPSTYLE,2025,2020,1.9,127.6,0,-6.2,682504,0,Latin Music,1
3546914011,Eu Te Seguro,12721175,Panda,Eu Te Seguro,2025,2020,2.4833333333333334,127.6,0,-9.7,973194,0,Latin Music,1
15087678,Cama y Mesa,7613,Roberto Carlos,Pra Sempre Em Espanhol - Vol. 2,2015,2010,3.283333333333333,120.54,1,-11.7,557083,0,Latin Music,1
108416514,Jardim dos Deuses,66506,Joyce,Visions of Dawn,2015,2010,5.566666666666666,105.2,1,-13.4,192768,0,Latin Music,1
767383202,Balada,1541592,Gusttavo Lima,Gusttavo Lima e Você (Ao Vivo),2011,2010,3.35,128.0,1,-7.9,803299,0,Latin Music,1
85336286,Aleluia,4475716,Robson Jorge,Robson Jorge e Lincoln Olivetti,1982,1980,3.8666666666666667,127.6,0,-12.2,391085,0,Latin Music,1
2954217391,Coração Partido (Corazón Partío) (Ao Vivo),54330242,Grupo Menos É Mais,Coração Partido (Corazón Partío) (Ao Vivo),2024,2020,3.25,127.6,0,-9.6,849782,0,Latin Music,1
3931761821,MONTAGEM FEARLESS (Ultra Slowed),347448101,lirvie,MONTAGEM FEARLESS,2026,2020,2.533333333333333,127.6,0,-3.3,739024,0,Latin Music,1
109095312,Apocalipse,1182172,Jose Mauro,Quartin,2015,2010,3.15,127.6,0,-15.2,9126,0,Latin Music,1
17135657,A hora é essa,131143,Celia,Dose Dupla Célia,2011,2010,3.05,113.3,1,-12.8,237842,0,Latin Music,1
2929443021,A Rã,73158,Rogê,Curyman II,2024,2020,3.183333333333333,127.6,0,-11.1,190020,0,Latin Music,1
3499654751,Pela Última Vez (Ao Vivo),54330242,Grupo Menos É Mais,Pela Última Vez (Ao Vivo),2025,2020,2.7,127.6,0,-8.1,894015,0,Latin Music,1
10985177,São Jorge,1257191,Juçara Marçal e Kiko Dinucci,Padê,2008,2000,3.0833333333333335,106.3,1,-12.0,258520,0,Latin Music,1
494455502,Você Tem,10483695,Dreicon,Você Tem,2018,2010,2.7333333333333334,144.05,1,-8.9,357575,0,Latin Music,1
11059013,Bicho No Cio,9728,Marcos Valle,Vontade de Rever Você,1981,1980,4.35,96.4,1,-13.6,47224,0,Latin Music,1
11131481,Travessia,4720,Milton Nascimento,Travessia,1967,1960,4.033333333333333,98.7,1,-14.2,570087,0,Latin Music,1
4003509191,Cuida do Pet,95557122,Oldilla,Cuida do Pet,2026,2020,7.65,127.6,0,-7.8,910221,1,Latin Music,1
2661140722,Queira bem,9728,Marcos Valle,Marcos Valle JID003,2020,2020,4.033333333333333,127.6,0,-12.5,104733,0,Latin Music,1
4053915861,Cadeira Cativa (Ao Vivo),5895828,Zé Neto & Cristiano,Vocês & Deus (Ao Vivo no Rio de Janeiro),2026,2020,2.6666666666666665,127.6,0,-7.1,964187,0,Latin Music,1
119474346,Que Maravilha,80624,Toquinho,Toquinho (1970),1970,1970,2.6333333333333333,127.6,0,-12.9,179107,0,Latin Music,1
17467113,O Barquinho,152120,Nara Leão,Obras-Primas,2012,2010,3.15,146.1,1,-16.7,466487,0,Latin Music,1
1776731677,"DANÇARINA (feat. Nicky Jam, MC Pedrinho) (Remix)",50633822,PEDRO SAMPAIO,"DANÇARINA (feat. Nicky Jam, MC Pedrinho) (Remix)",2022,2020,3.533333333333333,127.6,0,-7.6,778826,0,Latin Music,1
2533530141,Automotivo Bibi Fogosa,112988802,Bibi Babydoll,Automotivo Bibi Fogosa,2023,2020,2.15,127.6,0,-7.6,622639,1,Latin Music,1
11085336,Estrelar,9728,Marcos Valle,Marcos Valle,1983,1980,5.216666666666667,127.6,0,-10.7,632255,0,Latin Music,1
3595159272,Fendi 2,1359318,Rakhim,Fendi 2,2025,2020,1.5,127.6,0,-9.0,676452,0,Latin Music,1
4235780652,Fato Consumado (Remasterizada 2026),14687,Djavan,"A Voz, o Violão, a Música de Djavan (Edição Especial de 50 Anos) (Remasterizada 2026)",2026,2020,2.4833333333333334,127.6,0,-11.4,333658,0,Latin Music,1
3495588801,Preta Pretinha,241426,Novos Baianos,Acabou Chorare,1972,1970,6.616666666666666,127.6,0,-11.1,337672,0,Latin Music,1
4011543411,Abra Kadabra Levita Essa Bunda,82675702,Mc Gimenes,Abra Kadabra Levita Essa Bunda,2026,2020,1.55,127.6,0,-10.2,720031,0,Latin Music,1
13237991,Usted Se Me Llevo la Vida,6121,Alexandre Pires,É Por Amor,2001,2000,4.516666666666667,140.1,1,-10.2,434305,0,Latin Music,1
716531362,Tudo O Que Você Podia Ser,4720,Milton Nascimento,Clube Da Esquina,2019,2010,2.95,92.29,1,-16.9,563029,0,Latin Music,1
2475297971,Mimosa 2000,5518524,Furacão 2000,27 Anos Nacional,2000,2000,2.3333333333333335,127.6,0,-10.5,638677,0,Latin Music,1
3947301641,ONE TWO THREE FOUR,117615952,Umbrella,ONE TWO THREE FOUR,2026,2020,1.4833333333333334,127.6,0,-2.8,514982,0,Latin Music,1
3644768432,Arrependidaço (Onde Você Anda),4397349,Ferrugem,Arrependidaço (Onde Você Anda),2025,2020,3.0,127.6,0,-10.0,862435,0,Latin Music,1
543126422,Gostava Tanto De Você,13704,Tim Maia,Tim Maia 1973,2018,2010,4.266666666666667,179.76,1,-12.6,675591,0,Latin Music,1
2935875381,Xonei,3881631,Jorge & Mateus,Xonei,2024,2020,2.566666666666667,127.6,0,-7.6,894910,0,Latin Music,1
11494983,Flor de Lis,14687,Djavan,"A Voz, o Violão, a Música de Djavan",1976,1970,3.75,170.1,1,-17.1,645758,0,Latin Music,1
3876591901,Última Saudade (Ao Vivo),4876653,Henrique & Juliano,"Manifesto Musical 2, Vol. 1 (Ao Vivo)",2024,2020,2.5,127.6,0,-7.4,915930,0,Latin Music,1
4194449262,Um Peão Desse,264261321,CountryBeat,Um Peão Desse,2026,2020,2.1166666666666667,127.6,0,-6.9,942937,0,Latin Music,1
2266742737,Ai Se Eu Te Pego (Ao Vivo),379486,Michel Teló,Ai Se Eu Te Pego (Ao Vivo),2023,2020,2.7666666666666666,127.6,0,-6.9,794276,0,Latin Music,1
1436044452,Aquele Abraço,2077,Gilberto Gil,Gilberto Gil (1969),2021,2020,5.383333333333334,127.6,0,-8.8,309636,0,Latin Music,1
3451683031,Samba Da Benção,1918,Bebel Gilberto,Tanto Tempo (25th Anniversary),2025,2020,4.766666666666667,127.6,0,-9.8,157549,0,Latin Music,1
1250046362,Magalenha,205399,Leandro Lehart,Ensaio de Escola de Samba,2012,2010,3.4,127.6,0,-9.4,256137,0,Latin Music,1
2927577241,Baianá,104683,Barbatuques,O Seguinte é Esse,2005,2000,4.65,127.6,0,-14.6,684051,0,Latin Music,1
111623686,Tristeza,80624,Toquinho,O Poeta e o Violão,1975,1970,4.1,136.9,1,-12.9,363523,0,Latin Music,1
7711337,Wave,5168,João Gilberto,Amoroso,2010,2010,4.683333333333334,140.62,1,-17.4,412876,0,Latin Music,1
4094177951,Mágica Ka Raba,252459382,DJ P4K,Mágica Ka Raba,2026,2020,3.033333333333333,127.6,0,-9.5,630961,1,Latin Music,1
3511049601,SEQUÊNCIA FEITICEIRA,50633822,PEDRO SAMPAIO,SEQUÊNCIA FEITICEIRA,2025,2020,2.15,127.6,0,-6.7,852021,1,Latin Music,1
3939777131,Champanhe (Ao Vivo),54330242,Grupo Menos É Mais,MOLHO (Ao Vivo),2026,2020,2.45,127.6,0,-8.7,872606,0,Latin Music,1
3240320441,Eu Me Apaixonei,88900572,Vitinho Imperador,Eu Me Apaixonei,2025,2020,3.4166666666666665,127.6,0,-7.3,915945,0,Latin Music,1
4141871761,Dança na Favela,83415,Dj Mini,Dança na Favela,2026,2020,3.033333333333333,127.6,0,-14.6,157640,0,Latin Music,1
10998078,Boto Meu Povo Na Rua,1258135,Mart'nália,Menino do Rio,2006,2000,3.6666666666666665,181.3,1,-11.0,352367,0,Latin Music,1
3662196962,Calcinha de Renda,12721175,Panda,Fora do Padrão Vol. 01 Ao Vivo,2025,2020,3.316666666666667,127.6,0,-7.7,885134,0,Latin Music,1
4157338922,Largado Recente,96799272,Kaik & Alessandro,A História Continua Vol. 1 Ao Vivo,2026,2020,2.55,127.6,0,-7.2,341743,0,Latin Music,1
3862372001,Bola Uma Vela (Trava Chip),118232102,MC Meno K,Bola Uma Vela (Trava Chip),2026,2020,1.65,127.6,0,-9.2,766863,0,Latin Music,1
4193552072,MONTAGEM PRISMA NOVA (Edit Version),113148,Àtic,MONTAGEM PRISMA NOVA,2026,2020,1.7833333333333334,127.6,0,-5.2,233930,0,Latin Music,1
3189321571,Ilusão De Ótica (Ao Vivo),3120261,Matheus & Kauan,Envolvente (Ao Vivo / Vol.1),2025,2020,3.0,127.6,0,-7.5,934851,0,Latin Music,1
3215895861,Aquele Lugar (Ao Vivo),54330242,Grupo Menos É Mais,MOLHO (Ao Vivo),2025,2020,2.783333333333333,127.6,0,-9.7,780200,0,Latin Music,1
4081294521,Saudade Inconveniente (Ao Vivo),54330242,Grupo Menos É Mais,Saudade Inconveniente (Ao Vivo),2026,2020,3.0833333333333335,127.6,0,-8.8,864166,0,Latin Music,1
11059031,Tarde em Itapoan,1968,Vinicius de Moraes,Como Dizia O Poeta...,1971,1970,4.033333333333333,135.6,1,-8.9,466608,0,Latin Music,1
10968197,A Felicidade,4085,Antonio Carlos Jobim,Inédito,2007,2000,3.85,156.6,1,-15.2,190117,0,Latin Music,1
3614225452,"Bebe, Beija e Trai (Ao Vivo)",49013001,Mayke & Rodrigo,"Bebe, Beija e Trai (Ao Vivo)",2025,2020,2.6,127.6,0,-7.3,797171,0,Latin Music,1
3640608352,Diário de um Cafajeste,49259582,DJ Oreia,Diário de um Cafajeste,2025,2020,5.95,127.6,0,-9.7,884776,0,Latin Music,1
3777814852,MOGG DEPARTAMENT,169277537,DudePlaya,MOGG DEPARTAMENT,2026,2020,1.5166666666666666,127.6,0,-3.4,178102,0,Latin Music,1
4053915961,Plano C (Ao Vivo),5895828,Zé Neto & Cristiano,Vocês & Deus (Ao Vivo no Rio de Janeiro),2026,2020,2.9,127.6,0,-7.2,931263,0,Latin Music,1
543138072,Azul Da Cor Do Mar,13704,Tim Maia,Tim Maia 1970,2018,2010,3.3,126.05,1,-14.2,651079,0,Latin Music,1
1435995022,Vidrado Em Você,9596260,DJ Guuga,Vidrado Em Você,2021,2020,2.2333333333333334,127.6,0,-3.9,748842,0,Latin Music,1
603246272,Tua Graça Me Basta,1484746,Davi Sacer,Tua Graça Me Basta,2018,2010,7.316666666666666,128.0,1,-8.3,675671,0,Latin Music,1
105596894,Bem-Me-Quer,1893,Rita Lee,Rita Lee,2015,2010,4.283333333333333,135.55,1,-16.4,445705,0,Latin Music,1
117620628,Insensatez,80624,Toquinho,O Melhor da Parceria,2016,2010,2.6666666666666665,153.7,1,-12.2,204137,0,Latin Music,1
3945487271,Se Saudade Sentir (Se Prepara 3),5918943,MC Livinho,Se Saudade Sentir (Se Prepara 3),2026,2020,3.283333333333333,127.6,0,-6.7,863923,1,Latin Music,1
3329623931,Tarde Demais / Mágica / Oh! Chuva (Ao Vivo),54330242,Grupo Menos É Mais,MOLHO (Ao Vivo),2025,2020,4.433333333333334,127.6,0,-8.6,777950,0,Latin Music,1
4094705011,Bala Alojada,1541592,Gusttavo Lima,Bala Alojada,2026,2020,3.6333333333333333,127.6,0,-10.1,916475,0,Latin Music,1
3168044101,Saudade Burra (Ao Vivo),11242224,Lauana Prado,Saudade Burra (Ao Vivo),2025,2020,2.6166666666666667,127.6,0,-8.0,860427,0,Latin Music,1
3904776821,Eu Duvido,61145262,Guilherme & Benuto,Eu Duvido Ao Vivo,2026,2020,2.8333333333333335,127.6,0,-7.2,873932,0,Latin Music,1
3075887141,Jejum de Amor / Caixa Postal / Vida Vazia (Ao Vivo),54330242,Grupo Menos É Mais,Churrasquinho 3 (Ao Vivo),2024,2020,5.183333333333334,127.6,0,-10.2,803903,0,Latin Music,1
2916157971,Apaga Apaga Apaga (Ao Vivo),145336382,Danilo e Davi,Toma Essa Verdade (Ao Vivo),2024,2020,2.966666666666667,127.6,0,-7.9,918294,0,Latin Music,1
3390765701,VOCE NA MIRA (Slowed),295065921,hwungii,VOCE NA MIRA,2025,2020,2.8333333333333335,127.6,0,-5.6,678286,0,Latin Music,1
3648749602,Tubarões,7068753,Diego & Victor Hugo,Ao Vivo Em Uberlândia,2025,2020,2.7,127.6,0,-7.5,931780,0,Latin Music,1
3694244422,Brinda Aê (Ao Vivo),54330242,Grupo Menos É Mais,Churrasquinho 4 (Ao Vivo),2025,2020,3.05,127.6,0,-9.0,875962,0,Latin Music,1
