PC1,PC2,PC3,playlist_genre,track_popularity
-1.5762,1.2197,-0.0612,latin,100
0.4663,0.108,-1.435,latin,99
0.2361,2.0238,-0.3325,pop,98
1.4371,-1.1969,-0.7342,pop,98
0.7297,0.3607,0.4001,latin,98
0.4811,0.9168,-0.8823,rap,98
-3.0001,1.2462,-0.1849,pop,98
1.1095,1.2278,0.4769,r&b,97
-4.918,-1.0686,0.4337,pop,97
-1.2868,0.0822,-0.0993,rap,97
0.3848,0.6757,0.5019,pop,96
-0.8988,0.1379,-0.6865,latin,95
-1.949,1.2811,-1.2255,r&b,95
-2.1115,-0.3372,-1.0306,latin,94
-1.3965,-0.873,-0.2062,latin,94
0.712,2.2678,0.4742,edm,94
-0.0218,0.8524,-0.5224,r&b,94
-0.4266,0.3077,0.3108,r&b,94
-0.0653,1.099,0.6836,latin,93
0.2785,1.3322,-1.5934,latin,93
0.9643,2.5834,-1.0889,rap,93
0.9802,0.7472,1.4106,pop,93
-2.6566,-1.3298,-1.1083,edm,93
0.3939,1.8607,0.477,latin,93
0.904,-1.3304,-1.0454,pop,93
0.5738,-0.2475,-2.2925,pop,92
-0.7108,0.1338,-1.3929,edm,92
0.3792,2.0363,1.1717,latin,92
-1.0145,-0.6299,-1.1789,r&b,92
-0.7596,-0.0528,-0.3262,edm,91
0.1701,-0.708,-0.4304,r&b,91
-0.6733,0.6553,-0.3718,r&b,91
-1.2072,1.0613,-0.1948,r&b,91
-0.3025,0.0523,-1.6551,latin,91
-0.0475,0.2758,0.1797,latin,91
-0.2877,1.6024,0.894,r&b,91
-0.0672,2.3906,-0.2142,r&b,91
0.983,0.4945,0.6493,latin,91
0.3485,0.657,-1.1098,rap,91
0.3749,1.5371,1.1628,edm,90
1.0659,-0.0727,-0.504,latin,90
0.9745,0.722,1.2756,latin,90
0.1549,1.2594,0.9033,latin,90
0.3221,1.5614,0.0979,r&b,90
0.4298,0.4817,-1.7699,pop,90
-0.2223,-1.9969,-0.6795,r&b,90
1.5694,0.7116,0.8207,latin,90
-1.243,0.5304,-0.1243,edm,90
-0.4201,-0.3807,-2.3488,pop,90
-1.3943,0.0372,-0.7302,pop,90
-1.1973,-1.214,-0.9454,latin,90
-1.9814,-0.3636,-0.3515,r&b,90
-0.1991,-0.989,-1.4148,latin,90
-2.8959,1.2067,-1.761,pop,90
0.4913,1.8935,1.1397,latin,90
-0.3445,-1.67,-0.3522,rap,89
0.9775,0.7338,0.4594,pop,89
-1.2226,1.3207,0.7304,pop,89
1.5222,0.0974,-1.6229,r&b,89
-3.7676,-1.8433,-1.7066,r&b,89
-0.507,0.8266,-0.0374,latin,89
0.5687,1.478,0.9393,rap,89
-1.4079,0.2528,0.1136,pop,89
1.04,0.1365,-1.6162,rap,88
1.029,2.1312,-1.2606,rap,88
0.4579,1.4848,0.9993,pop,88
0.0518,1.7259,-0.3558,latin,88
-1.4327,2.0685,0.2548,rock,88
-0.3552,0.0827,0.384,rap,88
-0.6154,1.2025,0.6628,edm,88
0.4169,1.8359,0.4057,pop,88
-3.0744,0.2784,-0.831,latin,88
0.4517,0.5612,0.2025,r&b,88
1.0567,1.3305,0.0669,edm,88
-4.0566,0.6751,-0.5575,latin,88
-0.9557,0.5719,-0.0805,latin,88
-1.2613,-0.6909,-0.9659,edm,88
0.2539,-0.0673,-0.2038,rap,88
0.8515,0.3857,-0.636,pop,88
2.0305,0.5794,-0.6698,latin,88
1.2715,1.4294,0.1566,latin,88
0.3673,1.3715,-0.6411,rap,88
0.1373,1.6635,0.4796,edm,88
-0.2637,-1.3496,-0.8358,rap,88
0.5952,1.1073,0.6733,pop,88
-1.5109,-0.5744,-0.4463,r&b,88
0.89,0.6932,0.5659,latin,88
-3.1163,-1.1694,-0.8441,r&b,88
0.9771,1.2138,0.3648,latin,88
-0.207,0.7425,0.2894,latin,87
-0.484,-0.1749,-0.3584,latin,87
1.1856,0.5474,0.3399,latin,87
-3.702,-0.6257,-0.3832,latin,87
-0.2364,0.325,0.2335,latin,87
0.1499,0.8536,0.4497,latin,87
-1.428,0.3968,-0.5436,pop,87
-0.4773,-0.4754,-0.2755,pop,87
0.0103,-0.0676,0.7638,latin,87
0.7813,0.562,0.0636,pop,87
1.2245,1.1463,0.8109,latin,87
-3.9183,1.2277,-1.0358,pop,87
1.1399,0.5682,0.5677,latin,87
0.9675,1.86,0.6536,pop,87
-0.4536,1.2718,-0.0442,rap,87
0.0053,3.5659,-0.3425,rap,87
-0.1649,2.3406,0.354,latin,87
1.4298,-0.4603,-0.7366,r&b,87
0.4271,0.8326,-1.0494,rap,87
0.7159,-0.1738,-0.1374,latin,87
1.3342,-1.322,-0.4784,r&b,87
-0.4226,2.1364,0.7315,pop,86
-1.0584,-1.006,0.4491,latin,86
-0.3865,-0.5793,0.0155,latin,86
-0.8883,0.3128,-0.5534,edm,86
-0.0731,0.2753,-2.0299,latin,86
1.1124,0.3623,0.6237,latin,86
0.2458,1.4999,0.9481,pop,86
-0.467,1.9517,0.8546,latin,86
-0.353,1.6377,-0.0362,latin,86
0.5241,1.2357,0.6463,edm,86
-0.6394,1.272,0.6473,r&b,86
0.6613,0.7936,1.5888,latin,86
0.9184,0.4377,0.6558,pop,86
1.149,0.6805,0.4764,pop,86
-4.6378,-0.9557,-1.9863,pop,86
-1.3217,0.0493,-1.1355,r&b,86
1.3177,1.661,-0.4142,latin,86
-0.3354,0.189,-1.7393,r&b,86
-1.1088,2.1266,-0.2759,r&b,86
-1.8268,1.2463,-0.7807,r&b,86
-1.8861,1.6499,-1.8283,r&b,86
-0.5641,0.8971,0.6376,latin,86
-1.0137,1.0536,-2.0313,pop,86
1.235,0.7482,0.4483,latin,86
1.73,0.7731,0.0951,latin,86
0.1649,2.1545,-0.324,latin,86
0.5163,1.8771,-1.5201,rap,86
-3.2391,0.3261,-0.827,pop,86
-1.2487,-0.3601,-0.7402,pop,85
0.7361,0.2702,-0.4136,pop,85
-3.1452,-1.3587,-1.0713,pop,85
-5.8807,-1.2559,-1.1588,latin,85
-2.6815,-1.3042,-1.4501,r&b,85
-1.021,0.9103,0.7425,latin,85
-5.727,-2.2911,-1.0943,r&b,85
-0.9111,-0.4071,-0.4173,latin,85
1.3199,-1.1683,-0.4312,pop,85
1.4653,1.0116,0.5485,pop,85
-1.0238,-0.263,0.0863,latin,85
1.0389,-0.0,-0.868,latin,85
-1.9278,-0.7126,-0.7488,pop,85
0.9067,0.2449,0.1651,pop,85
-1.0672,0.1838,0.4514,pop,85
-0.6011,0.8546,-0.0619,latin,85
-0.905,1.5925,0.2117,r&b,85
1.1204,0.525,0.5365,rock,85
0.5278,1.6323,-1.4117,edm,85
0.2964,0.7775,-0.8011,pop,85
1.9516,0.6781,-2.6982,rap,85
0.5692,1.099,0.4702,latin,85
0.5719,0.7094,-0.6032,latin,85
-0.4352,-1.5624,-1.5479,pop,85
-0.5571,2.9279,0.0108,pop,85
1.1594,1.0248,-1.7697,latin,85
-0.9751,-0.7178,0.0552,pop,85
-2.2448,-1.4912,-1.7161,r&b,85
1.602,1.7507,-3.19,r&b,85
0.6154,-0.066,-0.3547,r&b,85
1.2826,0.7006,0.2639,pop,85
0.4237,1.2829,-0.2384,latin,85
2.072,1.0006,-0.8527,latin,85
-0.0282,0.7762,1.1524,rap,85
1.5509,0.563,-0.2143,latin,84
-0.4028,0.4724,-1.1762,pop,84
0.425,-0.2019,-0.1235,pop,84
0.8585,1.2326,-1.182,latin,84
-1.2921,0.3452,-0.4564,latin,84
-1.5431,0.5328,0.1101,latin,84
-1.2652,1.5299,0.5003,latin,84
0.2872,-0.1823,-0.5913,pop,84
-0.815,0.3072,-0.0041,rap,84
-0.5336,1.9733,0.5768,latin,84
0.1833,0.288,-1.5655,rap,84
1.2343,2.9888,-0.7554,rap,84
0.5349,1.5825,-0.6512,r&b,84
-0.0743,1.251,-2.1462,rap,84
0.2145,0.9611,0.1183,r&b,84
1.0182,0.4287,-1.7588,latin,84
-0.451,-0.4949,-0.9224,rap,84
1.1532,0.892,-1.2954,latin,84
0.3317,1.5931,-1.6537,latin,84
0.0945,0.2632,-1.3447,pop,84
1.1496,0.8425,-0.1074,pop,84
0.3865,0.5899,0.2422,pop,84
-0.3324,0.347,0.4539,pop,84
0.9858,-0.3838,0.2914,latin,84
1.6402,0.4434,-2.9475,r&b,84
0.8763,-0.2494,-0.1888,pop,84
-1.2551,-0.1953,-0.5099,pop,84
-1.9871,-1.9396,0.3304,rock,84
-1.1961,0.7162,-0.4928,pop,84
0.7655,0.555,-0.8238,pop,84
-0.7515,-0.6398,-1.7076,r&b,84
0.3579,-0.1466,-0.6508,edm,84
-1.316,0.6582,-1.6213,latin,84
0.2731,1.2204,-0.1487,latin,84
-2.9163,-0.8391,-0.1725,pop,84
0.5726,0.8769,-0.7946,rap,84
0.9098,0.2461,0.1639,pop,84
-0.2877,1.6248,-0.2688,edm,84
2.2436,0.5039,-1.3991,edm,84
-1.7947,-0.2013,-1.0094,pop,84
0.3409,0.4218,-0.1143,edm,83
1.0794,-1.3089,-1.55,edm,83
0.7615,0.7238,1.0836,pop,83
0.7987,0.2528,-0.5133,pop,83
0.9311,1.1845,-0.9724,pop,83
-2.0976,-1.5469,-0.4431,pop,83
-0.1093,-0.4751,0.0386,rap,83
1.4996,-1.5642,-0.6585,rap,83
-0.3992,0.3999,0.1015,rap,83
1.7531,0.4698,0.6375,pop,83
-0.5139,0.8613,0.0121,pop,83
0.8794,1.7398,1.1351,latin,83
-0.4605,-1.2037,0.0323,r&b,83
0.5332,0.772,0.537,pop,83
0.4336,1.0481,1.1784,pop,83
2.1642,0.3657,-0.8025,pop,83
-0.0536,0.6917,-1.2759,pop,83
-1.4345,0.409,-0.4329,r&b,83
0.6955,0.7873,-1.4555,latin,83
1.1357,-1.5096,-0.6161,pop,83
0.166,0.0107,-0.7446,latin,83
-1.5646,0.8018,0.955,latin,83
-0.0983,1.4521,0.6485,pop,83
1.7212,-0.1537,0.1186,rock,83
1.0224,-0.5956,0.0423,rock,83
0.5763,0.7023,-0.2879,pop,83
-0.4405,0.2565,-0.024,pop,83
-1.1694,1.0106,0.0299,rap,83
-1.0832,1.1046,-0.7446,rap,83
1.9316,-0.094,0.6786,latin,83
-1.1078,-1.4755,-0.4773,r&b,83
1.2962,-0.1989,-0.2915,rock,83
-0.4821,0.1523,0.6192,latin,83
0.6387,1.9535,0.4081,latin,83
-0.3928,1.2556,0.9384,latin,83
1.3842,0.7712,1.0787,pop,83
0.0891,0.6533,-1.0011,pop,83
-3.4847,0.2923,1.5145,rock,83
0.4829,-0.3315,-1.0157,r&b,83
0.4671,-2.8511,-1.6857,r&b,83
0.8402,1.0157,0.1735,pop,83
-1.8403,1.3491,-0.7078,r&b,83
-0.0859,-0.1139,-0.3089,pop,83
1.9959,1.6439,-1.5037,r&b,83
-0.7608,0.7223,-0.9953,rap,83
-1.44,-0.3548,-0.7869,r&b,83
0.342,0.6889,0.7674,latin,83
-0.2067,1.1327,-1.3798,latin,83
-1.5239,-0.6262,-0.6677,r&b,83
-0.041,-0.3802,0.5449,pop,83
-2.9903,1.3131,-2.3197,r&b,83
1.182,0.3059,0.2756,pop,83
0.6735,-0.2276,-0.2456,pop,83
1.3851,0.5756,-0.8527,r&b,83
0.0359,0.2633,-0.0074,pop,83
-2.1774,1.1435,0.8009,rock,83
-1.1087,-0.403,-1.1025,r&b,83
-3.0364,-2.1444,-2.4154,r&b,83
2.0951,-0.5232,-2.2983,rock,83
-0.3734,0.9625,-0.1994,latin,83
0.5228,0.6903,-0.2454,latin,83
0.1626,0.672,-0.0675,pop,83
-0.1062,-0.4222,-0.5606,edm,83
0.7678,1.0749,-0.5244,rap,83
-5.2467,-1.0876,-1.966,r&b,83
0.3948,0.9132,0.5678,latin,83
0.6848,1.5142,0.4081,latin,83
0.9439,0.9754,0.8744,latin,82
0.234,1.4284,0.8041,pop,82
0.5484,2.1527,0.7729,pop,82
-1.1421,0.917,0.4338,r&b,82
-0.2273,1.5409,0.5436,latin,82
0.3916,1.5883,0.8847,pop,82
0.5156,1.2381,-1.0871,pop,82
0.8298,1.1524,0.0978,latin,82
0.7849,-1.3609,1.1952,pop,82
1.3538,1.4216,-0.1642,edm,82
-0.0434,0.0064,-0.5455,pop,82
-0.875,0.2923,-0.1125,pop,82
-0.3144,1.1456,0.8649,pop,82
-3.7689,0.1915,-0.374,latin,82
-1.7299,0.3959,-0.2083,latin,82
-0.8918,0.8728,0.791,r&b,82
-2.091,1.4417,-1.0744,r&b,82
0.1501,-0.4291,-0.6429,r&b,82
1.1596,1.0956,-0.4504,latin,82
1.1693,0.2126,-0.6776,latin,82
0.3826,0.665,-1.7593,rap,82
-0.6265,0.8768,-0.9902,r&b,82
-0.4538,1.7905,1.1122,rock,82
-0.5556,0.9162,0.8571,r&b,82
-0.2689,1.2775,0.7978,r&b,82
1.1602,0.5139,-1.8182,rap,82
0.7736,1.1827,0.8335,pop,82
-1.4052,0.9704,-0.1254,pop,82
-1.1409,0.9032,0.2145,r&b,82
0.8525,-0.1784,-0.0967,pop,82
1.7074,-0.0882,-0.2905,pop,82
0.5985,0.8006,0.3594,pop,82
0.3167,-0.0265,0.496,latin,82
0.903,0.1936,-0.3481,latin,82
1.7323,0.0649,-1.9141,r&b,82
0.4926,2.014,1.0142,latin,82
-0.607,-1.1111,1.4679,rock,82
-1.7473,-0.0782,-0.9969,rap,82
-1.4536,-1.4585,0.1714,rock,82
0.899,1.1114,-0.0063,r&b,82
1.1289,0.9838,-0.4603,rap,82
0.1855,1.4659,0.5493,latin,82
-0.2597,0.448,-1.0179,r&b,82
-0.7378,0.7389,0.3454,r&b,82
1.2308,2.2262,1.0308,latin,82
-0.8945,-0.7259,0.4181,rock,82
1.0088,1.9694,0.5385,latin,82
-0.0062,1.7697,1.6688,pop,82
-0.2127,-0.5342,0.1759,rap,82
-2.4058,1.5463,-0.9136,r&b,82
-0.0237,0.4254,-0.7609,rap,82
0.8667,-1.1116,-0.6962,pop,82
-5.4019,-0.8435,-0.9111,r&b,82
1.1275,-0.5511,-1.1592,pop,82
0.0178,-0.1701,-2.8201,edm,82
-0.9855,2.8321,-0.3829,rap,82
-2.6215,2.7086,-0.612,r&b,82
-0.0264,0.9097,0.5548,pop,81
-0.7865,1.2599,-1.479,r&b,81
1.9745,1.8009,-0.0362,latin,81
0.9725,-0.0924,-0.1161,edm,81
1.3849,-1.7839,0.1442,rock,81
-0.4144,-3.0988,-1.5264,r&b,81
-0.4743,2.948,0.3096,rap,81
0.2504,0.6931,-0.0124,pop,81
-0.783,0.2526,-0.4503,pop,81
-0.8661,-0.1635,0.1586,pop,81
-1.3163,0.3786,1.3218,rap,81
-0.7945,-0.0539,0.3138,rock,81
-0.3381,1.4373,-0.5804,rap,81
-1.4219,0.6912,0.182,pop,81
-2.3716,0.9352,-0.4005,pop,81
1.0337,0.5773,0.4398,pop,81
0.1716,-0.3772,0.1465,rap,81
-2.0695,0.4141,-0.6242,rap,81
-0.2735,-1.4095,-0.7692,pop,81
-0.6795,1.772,0.5328,r&b,81
-0.1764,1.0268,-0.2231,rap,81
-1.2255,1.0061,-0.5592,r&b,81
1.1695,0.2333,-1.4706,latin,81
0.7914,0.4682,-1.0495,rap,81
1.1613,-0.5417,-1.1009,pop,81
0.6352,0.3258,-2.0232,latin,81
1.0278,0.2914,-0.123,r&b,81
0.3768,0.4481,0.9217,pop,81
-1.6555,0.0303,-0.5248,latin,81
-0.0745,-0.9927,-0.3558,pop,81
-1.3673,3.3692,-1.4348,rap,81
0.5369,-0.5389,-0.1478,latin,81
-4.0359,-0.3843,-1.4676,edm,81
-1.3647,-1.3288,0.6278,r&b,81
0.8473,-0.3159,-0.2415,latin,81
-1.4978,0.6688,0.7163,edm,81
1.5617,-0.4392,0.9201,rock,81
0.5642,-2.2563,-0.7385,pop,81
-1.25,-3.2031,-0.7766,pop,81
1.1544,-0.3856,0.089,pop,81
-1.3827,1.4417,-0.1825,rap,81
-0.3997,-1.2429,-0.7125,edm,81
-2.6364,-1.269,-2.0741,pop,81
1.0888,-0.9792,1.2221,rock,81
0.4427,1.1959,0.7162,latin,81
1.7693,-1.4795,-1.5055,rock,81
0.8251,1.6544,2.0294,rock,81
0.2182,-0.6372,0.1698,pop,81
0.7561,0.9566,0.4839,pop,81
-1.7096,-0.0512,0.5221,r&b,81
-0.943,0.2448,-2.2446,pop,81
0.8126,-0.8717,-1.1834,pop,81
-1.7683,-0.6779,-0.4075,r&b,81
-2.3691,-0.5554,0.7246,rock,81
-1.5893,-0.4181,-0.1632,rap,81
0.0989,2.2808,0.2118,latin,81
1.2941,-0.5508,0.4006,pop,81
0.9503,0.4467,0.9454,rock,81
-0.719,1.0643,0.1669,pop,81
-0.0294,0.9243,-1.1822,latin,81
0.1554,0.7212,-0.8716,latin,81
0.7513,3.1117,-0.7811,rap,81
-6.8507,-2.4247,-1.7322,r&b,81
-3.8192,0.6932,0.5741,r&b,81
0.8215,0.2082,-0.4095,latin,81
0.8312,1.9738,-0.0956,rap,81
0.5731,0.1066,0.1799,pop,81
-0.2115,-0.2734,-0.1951,pop,81
0.6582,1.7706,1.0739,r&b,81
1.9305,0.5024,-0.0771,latin,81
-0.1998,0.9392,1.9878,latin,81
-1.538,-0.9949,0.0825,rock,81
1.7433,0.7389,-1.1273,pop,81
1.0036,1.5724,0.1991,pop,81
0.6005,-0.4498,-0.1442,pop,81
-0.1896,-0.1337,0.7126,pop,80
0.5818,1.125,0.0591,pop,80
1.4907,-0.4531,-0.0222,pop,80
0.4859,0.0065,0.2754,pop,80
-1.7715,-0.4404,-0.6558,rap,80
0.6194,0.4146,0.1775,pop,80
1.2782,0.9432,0.2295,edm,80
0.5641,-0.2182,0.6146,pop,80
0.0182,-1.6613,-1.5474,edm,80
-0.527,0.4628,-0.9596,r&b,80
0.9623,0.3639,-0.8147,r&b,80
-0.582,1.0174,1.4927,latin,80
-1.186,0.5106,0.6375,edm,80
1.7566,0.1776,-0.4921,latin,80
1.0802,1.5842,-0.2945,rap,80
1.6013,1.2191,-0.2397,pop,80
0.5687,1.427,-0.6621,pop,80
0.1719,0.238,0.0838,pop,80
0.0761,-0.6943,-0.7544,pop,80
-1.8215,0.6715,-1.0693,pop,80
-0.6171,0.9467,-0.9497,rap,80
1.3072,1.9202,1.2208,pop,80
1.0363,-0.6206,0.7114,pop,80
-0.3092,1.5291,0.4494,rap,80
0.3163,-0.3177,-1.3583,rap,80
-0.5172,1.357,0.2725,r&b,80
0.0651,0.7097,1.3301,r&b,80
0.2327,-1.7416,0.7302,r&b,80
-0.8162,-0.5238,-0.4932,pop,80
1.7575,0.6712,1.2161,rock,80
0.1069,-0.5466,0.4111,pop,80
-0.0218,1.0069,-1.8577,rap,80
1.3169,-0.1903,-0.4285,pop,80
-0.4474,1.0653,-0.3533,latin,80
-0.1555,1.4953,-0.9787,latin,80
1.2997,-2.219,-0.4562,rap,80
1.6741,-1.2576,-0.7125,rock,80
-0.1333,0.4595,-0.4544,rock,80
-0.7003,-0.2466,-0.233,edm,80
-1.0082,-0.3266,0.0808,rap,80
1.1168,1.1278,-0.9018,rock,80
-0.2857,1.2087,0.3467,r&b,80
-3.7721,-0.2913,-0.4385,pop,80
-0.1492,-0.799,0.0247,pop,80
-0.6638,0.8169,0.0362,pop,80
-0.3777,0.7489,0.398,latin,80
-2.307,0.8224,-0.9073,pop,80
0.0717,2.6216,-0.9816,rap,80
-1.3641,0.6384,-0.4312,rap,80
0.5054,1.7573,2.001,rap,80
0.2039,-1.1098,-0.5213,rock,80
-1.1558,0.6473,-1.99,rap,80
0.1608,0.5888,-0.2241,edm,80
0.512,1.4902,1.0324,pop,80
-0.567,1.8256,0.5017,rap,80
-0.7588,1.8637,-1.0112,r&b,80
2.2032,0.1174,-1.1428,latin,80
0.9194,-0.1746,0.58,r&b,80
1.0252,-0.0398,-0.166,pop,80
0.3391,1.5244,1.2834,latin,80
-4.2742,1.8764,-1.0126,r&b,80
0.5954,1.1069,1.1728,pop,80
0.5222,-0.94,-0.703,pop,80
0.5129,0.5185,0.6399,latin,80
-0.4807,1.4318,0.9185,pop,80
0.2637,-2.9495,-0.985,rock,80
-0.2305,1.0193,0.8537,pop,80
1.6314,0.9167,-0.3558,pop,80
-1.7163,0.1408,0.3536,pop,80
0.5194,0.8158,-0.0652,edm,80
0.121,0.433,1.7613,pop,80
1.3497,0.5613,-2.2509,edm,80
-1.5236,2.0613,0.0678,rap,80
-0.1737,-0.255,-0.1915,r&b,80
0.462,1.8729,-0.0419,rap,80
-1.786,-0.4359,-0.3679,r&b,80
-0.8745,0.4999,-0.2893,r&b,80
-3.2958,0.419,-1.3074,r&b,80
-0.8319,-0.0276,-0.4845,r&b,80
-1.0946,-0.1188,0.5482,rock,80
-0.3369,-1.6241,-0.6096,rap,80
-0.2188,0.6065,0.9174,rap,80
-0.0647,1.0324,0.7121,pop,80
-3.0927,-1.1422,-0.6608,latin,79
-0.302,1.976,-0.1196,rap,79
-0.2606,1.3167,0.8694,latin,79
-0.6458,-0.115,-0.433,edm,79
0.6423,-0.6191,-0.6394,pop,79
0.9575,0.9121,0.358,pop,79
1.7254,0.2735,0.2974,rock,79
-2.3794,2.2262,-1.8277,r&b,79
0.4136,1.0189,0.0125,latin,79
-3.4378,-0.1743,-0.3982,r&b,79
1.2636,1.4305,-0.4153,edm,79
-0.464,-0.6364,-0.5251,pop,79
-1.9618,1.7529,0.5466,pop,79
0.8332,0.5658,-0.2494,latin,79
0.6475,1.1592,0.8718,rap,79
-2.5028,1.1431,-1.0367,rap,79
0.9625,-0.9434,-0.5727,pop,79
-0.2077,1.4091,-1.0012,pop,79
1.298,0.3086,-0.6758,latin,79
-0.8414,1.6978,-0.2517,rap,79
0.3524,0.6967,0.3985,pop,79
0.7628,0.9071,0.4109,pop,79
-1.7688,-2.2616,1.117,pop,79
-0.8267,2.6951,-0.8605,rap,79
-1.5556,0.5602,-0.1409,r&b,79
0.4443,-0.7291,1.4363,rock,79
-0.2311,0.5474,0.2678,pop,79
1.0548,1.234,-0.2285,rock,79
-0.4557,-0.1767,-1.0995,rock,79
-0.3015,-0.5099,-1.7432,latin,79
0.8093,1.4248,1.3658,pop,79
-1.391,-2.1652,-0.4818,pop,79
-0.0886,0.8184,0.2815,r&b,79
-0.1477,-0.2952,0.3308,pop,79
1.2181,-0.3257,2.2633,edm,79
-0.0476,2.0412,-0.2759,rap,79
-0.8643,0.284,-0.8807,r&b,79
0.4994,0.2647,-0.2756,rap,79
2.0207,-1.2951,-0.7698,latin,79
0.4883,1.5045,-0.8517,rap,79
0.0474,0.8958,-1.8975,latin,79
1.9799,-1.9059,-0.6853,rock,79
-2.2863,-2.0128,-1.3291,rock,79
1.3307,-0.761,-0.0686,pop,79
1.0783,0.0848,0.6926,pop,79
0.2822,-0.2847,-0.1478,pop,79
1.2593,0.6627,-0.9554,latin,79
-0.0841,1.452,-0.4804,latin,79
1.4965,0.5642,-1.4961,edm,79
1.1008,0.7082,-0.3867,pop,79
1.0853,2.3669,-0.3741,latin,79
-1.6439,-2.1802,0.1274,rock,79
-1.9879,1.0941,-1.247,rock,79
1.5275,0.2462,-0.9312,latin,79
0.4767,1.5042,0.7443,latin,79
-0.564,1.4879,-2.3396,latin,79
1.0895,1.9429,-1.3047,pop,79
-0.0268,-0.9345,-0.5336,rap,79
-0.5977,1.938,-1.166,latin,79
-1.9954,-0.0868,-0.4351,r&b,79
-0.0151,-1.1378,-0.1632,pop,79
0.1369,0.966,0.2844,r&b,79
0.4765,1.0259,0.8024,r&b,79
-0.1346,0.8192,-1.3961,r&b,79
0.937,1.5049,0.6723,pop,79
-5.1107,-1.9921,-1.455,r&b,79
-1.155,0.6138,0.4136,r&b,79
-0.0011,0.6143,0.5534,pop,79
0.9804,0.4082,-0.957,pop,79
1.0064,1.1085,-1.2548,edm,79
1.4155,-0.4032,0.3312,pop,79
-0.3259,0.7686,-0.0197,r&b,79
-1.669,1.368,-0.7808,r&b,79
-0.27,-0.7828,0.6345,edm,79
0.9875,-0.8022,0.1932,pop,79
1.6106,0.1574,0.4188,pop,79
-0.2278,2.1662,0.0206,rap,79
-1.239,-0.8484,-1.4364,rap,79
1.0862,1.5747,0.418,rap,79
0.7853,-0.5799,-0.703,rap,79
-1.8477,0.229,-0.4123,rap,79
1.6489,0.21,-0.4314,pop,79
0.5544,0.8735,0.0572,rap,79
1.4419,-1.0145,-0.4007,rock,79
-2.0116,-2.4538,0.1063,rock,79
1.5423,0.4537,0.3712,rock,79
-1.5077,-0.8036,-2.1431,r&b,79
-1.1482,2.325,-0.9021,rap,79
-3.3204,1.8296,-0.0695,rap,79
0.175,-1.3026,-1.7769,r&b,79
1.8804,0.6449,-0.429,latin,79
-2.7741,-2.4876,-2.2859,r&b,79
1.1272,1.1755,-0.2824,pop,79
-0.234,0.4621,-0.227,pop,79
0.0682,1.7127,-0.5785,latin,79
0.1377,1.2673,0.3424,latin,79
0.9629,1.0717,1.0131,rock,79
1.3247,-1.044,0.8677,rock,79
0.688,0.3703,0.3742,latin,79
1.8963,-1.0047,-0.6418,latin,79
0.9732,1.6957,0.6548,latin,79
-0.143,1.6049,0.8677,latin,79
1.7848,0.1758,0.5151,latin,79
-2.7084,-0.9313,-1.6628,edm,79
-0.9022,1.0502,1.2818,rock,79
-0.0411,-0.967,-0.2332,pop,79
0.6281,-0.7104,-0.8009,edm,79
-0.0507,-1.094,0.7083,pop,79
-3.8233,-1.9667,-1.1405,r&b,79
0.8678,0.8292,0.4109,latin,79
0.0895,-0.8531,-1.0625,rap,79
0.179,0.5061,0.7898,r&b,79
-0.0186,1.1839,-1.4896,rap,79
0.1958,0.9413,-0.0199,rap,79
-0.0484,0.846,0.0167,rap,79
-0.9391,-0.5758,-0.7351,pop,79
1.0021,1.3351,-2.0807,rap,79
-2.0288,2.2574,-0.0753,rap,79
-1.8131,0.4756,-0.5171,latin,79
-2.4576,-1.5892,-0.4025,pop,79
0.5928,0.7788,-1.8328,rap,79
1.6522,-0.066,-0.0911,latin,79
0.4884,-0.2827,0.2439,edm,79
-2.1228,-1.2806,-0.954,rock,79
0.9666,-0.8861,-1.1563,pop,79
0.5579,-0.3496,-0.0793,pop,78
0.2386,1.7376,0.6677,latin,78
-0.4862,-0.0002,1.253,r&b,78
1.2951,-1.3128,-1.2043,pop,78
0.6551,1.212,0.4271,latin,78
-1.5852,0.3166,-0.0291,pop,78
1.6788,0.3165,1.4184,pop,78
1.8578,1.6733,1.2305,latin,78
-0.451,0.9813,0.1825,rap,78
0.1955,-1.1575,-1.1458,edm,78
-0.3214,2.3733,-0.0579,rap,78
-1.237,0.6745,-0.8275,rap,78
-0.0238,0.2137,-0.0113,edm,78
1.0055,2.2979,0.6855,latin,78
-0.5977,-0.8009,0.6037,rock,78
-0.4991,-0.4685,-0.3788,pop,78
-1.3453,2.3854,-0.9211,latin,78
0.8958,0.9215,-0.5754,rap,78
0.0686,-1.6639,0.0212,rock,78
1.4669,1.1446,-0.3802,edm,78
-0.737,2.1531,-0.1136,latin,78
1.2699,-1.244,-0.4821,rock,78
0.109,0.9448,1.2636,rap,78
0.693,-0.8163,-0.057,pop,78
1.0617,1.1243,0.8522,edm,78
-1.02,0.9434,-0.8728,rap,78
-0.6524,1.4258,-1.8921,rap,78
-0.0675,-1.2056,-0.1145,rock,78
0.0781,1.5652,0.3768,r&b,78
-3.3788,-0.4314,-0.5596,r&b,78
-2.3805,-0.6756,-0.785,r&b,78
0.5074,-0.1059,0.1328,r&b,78
-0.9002,-0.0827,-0.6791,rap,78
0.5438,-0.117,-0.2699,pop,78
-0.2482,-0.162,-0.0753,edm,78
1.4688,0.6312,0.3871,latin,78
0.5358,0.1875,0.5791,pop,78
0.2214,0.7772,0.9831,pop,78
2.2683,1.039,-1.2492,edm,78
3.0508,0.3536,-1.6484,edm,78
-1.2621,0.753,0.8491,rap,78
1.345,1.1156,-0.055,rap,78
1.021,2.5186,-4.2838,rap,78
3.055,-0.9805,-1.6998,rock,78
-0.3804,0.4659,-1.5254,r&b,78
0.8544,1.1981,0.41,latin,78
0.5362,2.4296,0.1565,rap,78
-2.4008,1.3746,-0.0274,r&b,78
0.5747,-1.2372,-0.5747,latin,78
0.4338,-0.9716,-0.3196,pop,78
0.2752,1.3794,0.1962,pop,78
1.7535,1.4122,-0.561,latin,78
1.3055,1.0702,0.3312,latin,78
0.7715,1.0015,-1.1643,rap,78
0.4128,0.0719,-1.6821,r&b,78
0.6683,0.4673,0.163,pop,78
-0.1178,-1.8964,0.4597,rock,78
1.2032,1.3648,-0.2155,latin,78
1.2551,-0.7374,0.1648,pop,78
0.0084,2.4935,0.7676,latin,78
2.1704,-0.9155,-1.8299,rock,78
1.5209,-1.0714,-0.3324,rock,78
1.7416,-1.6835,-0.4561,rock,78
0.2036,1.675,0.1186,r&b,78
0.9608,-2.1554,0.3987,rock,78
0.7047,0.1301,0.5558,rock,78
-2.3901,1.9573,-0.6538,pop,78
1.3303,-0.8665,0.2292,rock,78
-3.3771,-2.8203,1.1438,rock,78
0.2611,1.1393,0.419,rock,78
1.2737,0.6448,-0.8647,pop,78
0.3449,-0.5133,-0.1125,pop,78
1.2349,0.7353,0.1523,pop,78
-0.836,0.1915,0.4685,r&b,78
-1.7203,-0.8093,0.1405,r&b,78
1.452,-2.6055,-0.2142,rock,78
1.7448,1.9062,-0.3643,latin,78
0.5623,-2.5884,-1.8053,r&b,78
0.7635,0.3501,-0.9759,rap,78
2.3535,1.3142,-0.4856,edm,78
0.9185,0.2164,-0.4382,edm,78
0.0465,-0.7961,1.0926,edm,78
-1.5204,-2.7984,-1.6538,rock,78
1.2852,-0.1522,-0.5266,rock,78
1.5941,-0.0324,-0.4348,pop,78
0.2222,1.2495,-1.0667,pop,78
0.5626,-0.015,-0.387,r&b,78
-0.569,0.2452,0.3977,pop,78
1.079,0.4848,0.5432,pop,78
0.9264,-0.2768,-2.9386,edm,78
-0.7093,-0.5122,-0.6098,edm,78
-0.2179,1.0009,0.9361,pop,78
0.7508,-2.2932,1.0347,rock,78
0.6122,1.145,0.7041,r&b,78
-3.6289,1.333,-2.5251,rock,78
0.4767,1.0299,0.9237,r&b,78
0.3952,-0.1261,0.0487,rap,78
-4.8926,0.0435,-1.0162,latin,78
0.3165,1.5588,0.6894,r&b,78
-2.4843,1.2745,-0.5833,latin,78
0.766,-0.3079,-1.3752,latin,78
0.9647,0.3256,0.4384,pop,78
1.0354,0.4002,0.293,rock,78
2.023,0.9573,-0.5568,pop,78
-2.6292,-0.1292,0.8021,r&b,78
0.6532,1.0065,1.2435,rock,78
0.6588,0.8419,0.574,latin,78
1.8509,-2.4627,-0.4806,rock,78
0.4179,-0.1289,0.3492,latin,78
-0.8281,0.0361,-0.1806,pop,78
0.1275,0.6623,0.0362,latin,78
-1.2006,1.0524,0.2992,latin,78
-2.2911,-0.1458,-0.8839,r&b,78
-1.3204,-0.5731,-0.3885,pop,78
0.6857,1.5602,0.874,latin,78
-1.2033,-0.2135,-0.1617,pop,78
-2.2986,1.1498,-1.4436,latin,78
-1.5091,1.7477,0.1669,pop,78
0.0149,-0.9885,0.359,rock,78
-0.4522,2.7204,0.4115,rap,78
1.584,-1.7922,-2.2322,edm,78
1.1184,-0.2827,0.1462,pop,78
-3.7251,-1.9977,-1.6955,pop,78
-3.2614,-1.4962,-1.4494,pop,78
1.7309,1.4587,0.0807,pop,78
0.2743,1.7181,-3.0371,rap,78
0.2866,0.9115,0.4165,latin,78
-1.7064,-0.5877,-1.1606,pop,78
-0.5551,1.5978,-0.0848,rap,78
-0.4211,-0.2815,0.8672,r&b,78
0.4855,1.0468,-0.2576,pop,78
-0.8392,0.3911,0.0353,pop,78
1.5444,1.3973,0.6749,pop,78
1.8462,1.091,-0.2818,latin,77
0.0906,2.75,0.1194,latin,77
1.565,-0.0029,-2.7895,rap,77
0.7185,-0.2733,-0.3004,rock,77
-0.2859,-1.2944,0.1802,rock,77
1.2233,1.3932,0.7917,pop,77
1.0216,0.6173,0.7298,pop,77
-0.8777,-1.4561,-1.9972,latin,77
0.6007,1.3016,0.5207,rap,77
0.9327,1.8609,1.3131,rap,77
-1.4206,0.9134,0.3218,r&b,77
0.4646,1.7628,-2.0713,latin,77
-0.6717,-2.2792,-0.948,rock,77
-2.5912,-0.7712,-0.3056,rock,77
-0.8824,0.5493,-0.5907,pop,77
-0.4059,1.2397,-0.4543,pop,77
1.0226,0.2777,-0.0392,latin,77
0.6192,0.8722,0.1065,r&b,77
1.437,1.763,0.4864,r&b,77
1.0618,0.3739,-0.5814,r&b,77
-0.3956,-0.1459,-1.0197,rap,77
0.348,0.9205,0.1964,pop,77
1.5678,0.7233,0.6843,latin,77
1.0609,-1.1608,-0.6696,rock,77
1.2815,-0.3096,-0.0061,pop,77
0.3497,2.5714,-0.1739,rap,77
-0.3043,0.5336,-1.2067,rap,77
-0.2277,-0.7936,0.4003,pop,77
1.3815,-1.8183,-0.2546,rock,77
0.4088,-1.6021,0.7344,rock,77
-1.091,0.3091,0.571,r&b,77
1.1593,0.1047,0.87,pop,77
-0.2769,-1.4499,-0.3022,edm,77
0.5457,-0.4047,0.3645,pop,77
-0.0507,0.0734,0.5282,r&b,77
0.5603,0.6781,0.2846,rap,77
0.265,0.3605,0.0428,edm,77
0.2672,1.9927,0.2379,r&b,77
-0.0199,-1.2875,-0.4239,pop,77
0.9913,1.4073,0.2065,pop,77
1.4338,-0.1736,-0.6111,rap,77
-1.3956,-2.1072,-0.1938,rock,77
0.1647,1.2582,-0.9454,rock,77
1.2678,0.8186,-0.9593,latin,77
1.3404,0.9955,0.2704,pop,77
0.8406,-1.798,-0.622,rock,77
0.6776,1.0398,-0.8582,latin,77
-1.3375,1.338,0.6102,rock,77
0.2615,1.8037,1.4223,latin,77
0.2269,0.9016,0.5599,edm,77
1.1971,0.6633,0.5775,edm,77
-0.9586,1.5716,-0.962,latin,77
1.4407,1.4047,-0.2788,latin,77
0.212,-1.0378,-0.1616,pop,77
-0.1326,-1.9907,-0.021,pop,77
0.4241,-0.838,-0.4412,latin,77
-0.5495,0.4538,0.0947,latin,77
1.3415,-0.1627,-0.3876,edm,77
0.2316,0.4632,0.7382,rap,77
0.9442,0.6546,-0.788,pop,77
-1.4426,1.0368,-1.2676,rap,77
1.7355,1.0772,0.891,pop,77
0.8909,-2.3222,-0.2319,edm,77
-1.4726,0.8808,0.1628,rap,77
-0.4492,0.8361,0.6406,edm,77
0.2053,1.5639,-0.2403,rap,77
0.6526,1.2383,-0.2203,latin,77
0.9519,-0.0388,0.254,pop,77
0.9047,-0.7339,0.4053,pop,77
-3.5029,-0.8318,0.7106,pop,77
-1.6499,-1.0738,0.7815,pop,77
1.0069,-0.2911,0.0188,rap,77
0.6976,0.699,-1.2085,pop,77
-1.9777,0.6064,-0.6487,rap,77
-0.0188,-0.9182,0.3936,rap,77
1.4002,0.255,-0.7489,pop,77
1.4309,1.0561,-0.2922,latin,77
-0.3138,-0.3857,0.5897,r&b,77
0.7732,2.4308,-1.1072,edm,77
0.1039,1.464,-1.8054,rap,77
0.46,-0.304,-0.4746,rap,77
-0.3574,1.2549,-0.8567,rap,77
-0.6975,-0.0692,-0.611,rap,77
-0.9992,0.8795,-0.0307,r&b,77
-0.1966,-0.4299,-0.8573,latin,77
-1.0418,-1.0091,2.3474,pop,77
-1.0753,-0.4269,-2.2106,r&b,77
0.5684,-0.8877,-0.0109,pop,77
0.4103,0.4101,0.9332,pop,77
0.0003,0.6508,0.491,pop,77
1.1379,1.3543,0.1214,rap,77
0.3945,-0.0571,-0.1533,pop,77
0.3535,0.9025,0.5709,pop,77
0.091,0.0589,-0.2875,pop,77
1.357,1.6345,1.1729,latin,77
0.2674,-0.2011,0.2064,pop,77
-1.4478,0.0402,-1.8179,latin,77
0.5115,-0.0726,0.1284,rap,77
0.2903,-0.9804,0.0709,r&b,77
-1.6109,0.791,-0.0735,latin,77
0.5074,-0.2778,0.3527,latin,77
1.3181,1.7246,-0.9969,rap,77
-3.0975,-0.8309,1.5409,pop,77
0.5149,0.4423,0.7505,latin,77
0.3664,1.7987,0.7014,rap,77
0.0886,0.3724,0.5326,pop,77
0.1572,-0.4968,-0.076,edm,77
0.4939,0.6958,-1.4493,rap,77
-0.1305,-1.5669,-0.8794,latin,77
-2.7649,-0.5663,-0.7895,r&b,77
0.4946,1.1335,-0.6415,rock,77
1.744,-1.5317,0.4065,rock,77
-0.8675,-1.0154,0.0391,pop,77
0.4299,3.2286,-0.158,rap,77
0.0996,-0.8152,0.2872,pop,77
-1.4304,1.5171,-0.0285,r&b,77
1.5877,-1.2362,-1.0456,edm,77
2.3857,0.4971,-0.7167,rock,77
1.1939,1.292,-1.3333,latin,77
0.9957,0.5059,0.3318,pop,77
1.922,-0.0777,-0.3501,rock,77
0.3633,0.3997,-0.4718,pop,77
-0.695,1.5789,1.0292,pop,77
0.1223,0.8994,0.6413,r&b,77
-0.0167,-2.7864,-1.5461,pop,77
-1.3506,-1.08,0.1194,r&b,77
-2.5145,0.435,-1.1206,pop,77
0.7503,0.8576,0.5204,pop,77
-0.3972,1.8796,-1.3096,rap,77
-0.1699,-0.4686,0.1707,r&b,77
0.1906,0.1705,0.5686,pop,77
-6.4944,-3.1876,-1.6207,r&b,77
-0.8173,1.3658,-0.6718,latin,77
-1.9128,-0.2432,-0.4552,r&b,77
1.0867,1.3168,0.4626,latin,77
1.754,-1.9547,-0.8054,rock,77
1.2797,-1.1909,-1.0664,rap,77
-0.8842,0.4756,-1.3154,r&b,77
1.0673,1.4148,1.0201,latin,77
-0.8112,0.8071,-1.5221,pop,77
1.4775,-0.1692,-0.3438,pop,77
-0.0264,3.1067,0.4188,rap,77
-2.9704,-0.4513,-0.2351,r&b,77
1.6669,0.3692,-0.3688,rock,77
1.602,2.2988,-1.3281,rap,77
1.2884,1.5315,0.7125,latin,77
0.2734,2.3079,0.1231,r&b,77
-1.3129,0.9975,0.5197,r&b,77
2.0454,0.3574,-1.5306,edm,77
1.0434,-0.4034,0.5374,rock,77
-0.4196,0.1153,-0.2037,r&b,77
-2.3741,-0.8728,1.001,r&b,77
-3.454,0.4675,0.1614,rock,77
-0.4298,0.8293,0.0126,pop,77
1.2206,1.2017,-0.9711,r&b,77
1.2285,0.4003,0.7256,r&b,77
-1.6244,3.1273,-1.2984,r&b,77
-5.889,-1.5483,-1.6317,rock,77
-2.4298,-0.2617,-2.4692,r&b,77
-0.091,0.7672,1.3196,edm,77
0.489,0.3641,-1.9977,edm,77
-0.1969,-0.689,0.4978,rock,77
0.4579,-0.0479,0.1791,pop,77
0.4912,-1.0658,-0.5686,pop,77
1.3795,1.5132,0.7065,latin,77
0.4231,0.278,1.1749,rock,77
1.1799,1.5319,1.0599,r&b,77
0.449,-2.082,-0.1355,rock,77
0.0483,0.9043,-1.2858,latin,77
0.293,1.108,1.0063,latin,77
0.5903,1.3721,0.6095,latin,76
1.4168,0.7815,0.3541,edm,76
0.4002,-0.7853,0.0176,pop,76
-0.2459,1.3568,0.5053,rap,76
0.5333,0.4956,1.2823,rap,76
-0.6991,0.6365,1.0863,pop,76
0.6439,1.3583,0.3153,pop,76
1.6335,1.2087,0.461,pop,76
0.5355,0.6729,0.2554,r&b,76
-0.0801,1.9335,0.259,r&b,76
-2.354,0.3877,0.6461,rock,76
0.4044,1.2324,0.0883,latin,76
0.5776,0.8527,1.1411,latin,76
1.1811,0.7699,0.1765,latin,76
-2.3771,0.0203,1.0657,rock,76
1.629,-1.0143,-0.0834,rock,76
0.1332,-0.7607,-0.8125,rock,76
1.593,-0.7899,-0.451,rock,76
1.475,1.6831,0.7487,latin,76
0.7955,-0.7527,0.2471,rock,76
0.9033,0.9259,0.9053,rock,76
0.3953,1.2008,0.066,rap,76
1.2006,0.6879,-0.5751,latin,76
1.3869,1.3353,1.183,latin,76
1.1684,1.176,0.4566,pop,76
1.4995,-0.7155,-0.5793,pop,76
-0.3752,0.9111,0.3918,pop,76
1.8175,-2.0997,-0.3633,pop,76
0.9366,1.5053,0.9987,pop,76
-0.9387,-0.0406,0.1838,edm,76
-0.2265,-0.6348,-0.6474,r&b,76
-2.7555,0.0012,-0.5685,rap,76
-0.8461,0.553,0.7949,pop,76
-0.039,-1.3374,-0.5273,edm,76
0.5932,-0.5602,-0.2515,rap,76
1.0001,0.5368,-0.4651,rap,76
0.6417,0.4397,1.3083,pop,76
-3.5649,-2.1164,-1.8135,rock,76
1.3345,1.4039,0.201,latin,76
1.3738,0.6881,-0.3837,r&b,76
0.5056,0.9884,0.7219,pop,76
0.6725,0.711,0.5184,pop,76
0.428,0.8717,1.1958,pop,76
0.6683,0.8545,-0.8663,latin,76
-0.5765,1.3987,-0.4276,rap,76
0.9602,1.7996,0.742,r&b,76
0.3303,1.0225,-0.9816,latin,76
0.0186,0.9606,0.6327,edm,76
0.0231,-0.2448,1.1599,rock,76
0.6267,1.0089,0.6736,pop,76
-1.1523,1.0462,0.5538,rap,76
0.1237,2.1475,0.5589,rap,76
-0.8269,0.6598,1.1508,rock,76
0.2503,1.4057,1.2143,latin,76
-0.0816,-0.2034,-0.1146,r&b,76
0.9241,1.3779,0.154,r&b,76
0.994,0.5693,-2.1105,rap,76
1.9491,-1.8247,-0.1129,rock,76
1.0138,0.7776,1.2479,latin,76
0.5888,1.365,-0.0854,latin,76
-0.5564,-2.229,0.0448,rock,76
0.3341,0.7059,1.218,edm,76
1.0676,-0.3023,0.6195,pop,76
-1.716,-1.6661,-0.8995,rock,76
1.4537,0.8185,0.7001,pop,76
1.1198,-0.5583,-0.1565,pop,76
-1.3794,1.7155,-0.2297,r&b,76
-0.437,0.6234,0.3923,r&b,76
-0.3287,1.0525,-0.2154,pop,76
-2.9639,1.2027,-0.186,latin,76
-0.3961,-1.433,-1.243,rock,76
0.7693,-0.9804,-0.2824,edm,76
1.5203,0.7335,0.145,latin,76
0.6816,1.3164,0.8746,pop,76
-0.4119,0.5233,0.5311,r&b,76
1.2513,1.3853,-1.9122,latin,76
-1.8378,-0.5428,-0.3047,rock,76
0.8647,1.9148,0.4546,latin,76
1.0784,0.0568,0.3363,edm,76
0.0112,-0.8667,-0.7614,pop,76
-0.1713,2.0415,-0.5727,rap,76
-0.3196,0.773,-0.0465,rap,76
-0.8507,1.3909,-0.0119,r&b,76
1.9006,0.6358,-0.0803,latin,76
-2.6324,0.3058,-1.0799,r&b,76
-0.4043,-0.5109,0.1184,r&b,76
-0.4207,-1.3595,-1.2478,r&b,76
0.1055,0.6952,0.0103,latin,76
-0.7214,-1.4004,-0.9005,r&b,76
-0.9561,-0.6623,-0.7423,pop,76
1.894,0.4758,0.0349,pop,76
0.157,-0.023,0.2364,r&b,76
-0.0588,0.6317,-0.1482,pop,76
1.2132,-0.2575,-0.1669,pop,76
-0.1888,-0.8414,-1.0675,rap,76
-2.1955,-1.2532,0.3043,r&b,76
0.8905,0.452,0.1266,pop,76
-0.0343,0.7837,-0.3733,rap,76
2.2031,-1.9275,-2.0868,rock,76
-0.2779,0.593,0.1072,pop,76
-0.535,0.5498,-0.2856,rap,76
-1.479,0.3562,-0.9873,rap,76
-1.7007,0.3885,-0.4318,rap,76
-0.0163,0.294,0.0328,rap,76
0.016,1.259,0.6018,rock,76
0.7233,-1.4838,0.6594,rock,76
-3.3093,-2.385,-0.6341,rock,76
0.86,0.6793,0.2378,pop,76
-4.1255,-1.062,-1.3021,r&b,76
1.3998,1.1475,0.6926,pop,76
0.3285,1.1707,1.4176,pop,76
1.517,0.4637,0.6843,latin,76
-1.4002,-0.7869,-0.4826,edm,76
-0.1419,-1.5333,0.1825,edm,76
0.0179,0.2513,-1.4824,latin,76
1.0524,-1.4747,-0.143,rap,76
-4.3415,0.2889,-0.8359,pop,76
-1.5307,-1.0189,-1.5537,pop,76
0.7821,0.2351,-0.4695,pop,76
1.1886,0.2337,-0.6548,rock,76
-0.6201,0.3923,-0.3019,rap,76
0.3309,-2.1683,-1.3442,pop,76
1.5184,0.5975,0.2798,pop,76
-0.0246,0.8581,-0.1555,r&b,76
0.5617,0.8027,0.5214,r&b,76
-2.5297,-0.1683,-1.1515,r&b,76
-1.9927,0.9659,-0.9025,latin,76
0.8946,-1.1481,-0.6199,pop,76
-0.014,1.1357,0.987,latin,76
1.1414,0.1846,0.2952,pop,76
-2.5205,0.4322,-0.2913,r&b,76
-0.096,1.8095,0.8894,latin,76
2.0349,-0.1259,0.5354,rock,76
2.15,-1.9214,-1.1732,rock,76
1.6753,0.7755,1.0153,rock,76
0.7213,1.1206,0.8532,pop,76
0.3928,-2.1742,-0.914,edm,76
-0.9699,-1.6366,-0.2986,r&b,76
0.6928,-1.7376,-1.373,pop,76
0.1038,0.8483,0.3074,edm,76
-1.924,1.2804,-1.2485,latin,76
-0.2502,0.3007,-0.6527,r&b,76
1.0329,-1.8163,-0.3256,pop,76
0.3606,-0.3776,-0.3154,rock,76
0.2284,0.1295,1.1826,r&b,76
0.0249,-0.2181,0.5956,pop,76
-0.0147,1.6365,-0.633,r&b,76
1.4567,-0.3545,-0.3093,rock,76
0.7155,1.0665,0.4335,pop,76
0.1168,0.8752,0.7116,rap,76
-2.6286,3.2415,-1.4808,pop,76
1.1166,1.1665,1.0519,pop,76
-4.1264,-0.7631,-1.1906,r&b,76
0.9723,2.126,0.7623,latin,76
0.4288,0.5008,0.3074,pop,76
1.1036,1.1676,0.8584,edm,76
1.2639,0.4072,-0.0551,pop,76
-0.8933,1.028,0.4442,latin,76
-0.4755,2.1084,-1.1664,rap,76
-1.1397,1.3663,1.1817,latin,76
1.5706,0.3699,0.5123,rock,76
0.062,0.8897,0.4896,r&b,76
-2.5078,0.5233,-0.2201,r&b,76
1.0107,2.0537,1.4091,pop,76
0.6712,-1.1643,-0.277,pop,76
0.4003,2.6966,-1.8918,latin,76
-0.4412,-0.9634,0.1658,r&b,76
-1.3235,0.5823,0.5643,pop,76
0.3951,0.6919,0.1098,pop,76
-1.4683,0.3728,0.526,r&b,76
0.4569,1.4313,1.5138,r&b,76
-5.4569,-0.242,-0.3436,r&b,76
-1.0107,-1.306,-0.9108,pop,76
-0.8069,-0.2272,0.1035,latin,76
-2.6088,0.3508,0.2029,rock,76
0.8752,1.528,1.3138,pop,76
0.2979,-0.7894,0.3508,pop,76
0.702,0.8847,-0.0046,pop,76
1.685,1.0979,-2.7004,rap,76
-0.256,0.9015,-0.2905,rap,76
-1.6089,1.7065,-1.1194,pop,76
0.3602,0.4972,-0.7772,r&b,76
-0.6324,0.717,-1.5671,r&b,76
0.255,2.2277,0.4024,edm,76
-0.002,0.2165,0.4104,pop,76
0.4318,2.8288,-2.4612,rap,76
0.4006,1.0873,0.4548,r&b,76
-0.8893,-0.8741,-0.2026,pop,76
0.5061,1.7846,0.2284,latin,76
0.5815,-1.488,0.2581,pop,76
0.0194,2.6653,0.4692,r&b,76
0.4267,0.0803,0.6172,rock,76
-1.5712,0.8408,0.9324,rock,75
-3.5277,0.1346,-1.0339,pop,75
0.7076,2.0204,-0.176,rap,75
-0.948,-0.8033,2.8991,pop,75
0.6051,0.8917,0.3693,latin,75
1.1936,1.0015,-0.4958,latin,75
-0.2202,0.7191,0.663,r&b,75
-0.7982,2.7865,0.1329,r&b,75
1.3405,1.4916,1.1308,latin,75
-0.4176,-0.4239,1.8484,rock,75
1.1444,0.7815,0.8415,latin,75
1.172,-1.7596,0.385,rock,75
1.5277,0.1591,-0.2209,edm,75
-0.8201,1.4553,-1.1288,r&b,75
0.4376,1.3143,0.2468,pop,75
0.059,0.8974,1.2548,rock,75
0.7898,1.3537,0.4025,edm,75
1.2016,-1.9157,-1.2725,edm,75
-1.687,-1.4769,-0.2185,pop,75
-0.899,2.031,-0.3321,r&b,75
0.8396,2.0938,-1.8114,rap,75
-1.7625,1.0996,0.3739,pop,75
-0.799,0.5931,-0.2398,r&b,75
1.5778,-1.4453,-1.086,pop,75
0.8144,0.4271,0.1922,latin,75
-1.494,-0.851,-0.748,pop,75
0.6892,2.2931,-0.0722,rap,75
-0.8131,-1.3822,-0.0906,pop,75
0.5469,1.7642,0.9802,latin,75
1.3919,1.013,0.6823,latin,75
1.1666,-1.2336,2.2594,pop,75
-1.5728,0.0719,-0.0458,latin,75
-0.7334,1.5618,0.0268,latin,75
-0.7047,-0.3184,0.2035,edm,75
0.1046,0.1277,-0.0115,r&b,75
0.6114,2.114,-2.5578,r&b,75
1.0133,0.4767,0.5923,edm,75
0.8717,1.5578,-0.5114,latin,75
-0.9589,0.5939,0.6436,r&b,75
1.4585,1.1066,0.0772,rock,75
0.4782,-1.5588,0.6983,rock,75
-0.4376,1.8549,-0.0012,r&b,75
-0.7399,2.0358,1.0539,latin,75
0.5346,0.1254,-0.6213,pop,75
0.8908,0.3256,0.4627,rock,75
-2.4042,-1.8643,0.3404,rock,75
-0.2326,0.3473,-0.1409,latin,75
1.0916,-1.4506,-0.8003,r&b,75
-1.6112,2.0514,0.4485,r&b,75
-2.6285,-0.3745,-0.3946,r&b,75
-0.2456,0.2041,0.0871,latin,75
0.6356,1.4685,0.6975,rap,75
0.6831,-0.3169,0.0119,pop,75
1.7547,-1.3272,-0.7267,rock,75
0.026,0.8896,0.5786,latin,75
1.8914,0.8894,-0.1131,pop,75
0.4538,0.2059,-0.8016,edm,75
-0.8511,0.3223,0.3214,r&b,75
0.7387,2.0238,0.9915,latin,75
-1.2009,0.5746,0.5017,latin,75
1.4122,-1.1408,0.3861,rock,75
1.4023,-0.4083,0.4072,rock,75
1.9713,0.6976,-1.2538,latin,75
0.5639,1.3338,-0.7221,latin,75
1.1761,-1.3235,-1.0235,pop,75
0.0006,-0.4982,0.2102,rock,75
-0.1478,-0.5268,0.5307,pop,75
-0.5027,0.4931,-0.9032,pop,75
-0.8369,1.8542,-1.306,rap,75
-4.7298,-1.3467,-1.6833,r&b,75
2.0769,0.5784,0.0474,rock,75
-0.6557,-0.0723,0.5935,rock,75
-0.4604,-2.2647,0.0251,rock,75
-0.1134,-0.2399,-0.5079,pop,75
0.5729,0.9868,-1.0848,r&b,75
-0.0463,-1.2637,-0.0999,pop,75
1.3227,-0.4244,-1.6284,r&b,75
0.0687,1.3302,-0.5404,rap,75
-0.2989,0.2201,-1.3101,rap,75
0.0574,-0.3992,1.04,rock,75
1.1045,0.9415,0.7522,latin,75
1.5089,0.3282,0.2154,pop,75
1.2477,0.2517,-1.8469,pop,75
2.1275,-1.2512,-0.7665,rock,75
-0.7983,1.0828,0.1671,latin,75
-0.1156,2.1734,-0.5518,latin,75
1.0866,0.0071,0.2193,pop,75
-0.8285,0.4963,0.5264,pop,75
1.2801,-0.7612,-0.8025,pop,75
2.1366,1.0322,0.5817,latin,75
0.699,0.1274,0.1674,pop,75
0.1172,-0.7289,0.02,edm,75
-1.7817,0.46,0.5934,rock,75
-0.7781,1.3554,0.2865,pop,75
-1.5439,1.6398,0.9624,pop,75
0.2314,1.7396,-0.505,edm,75
1.557,-2.9671,-1.526,pop,75
0.2052,-2.4012,-0.4231,rock,75
0.8624,0.6865,-1.4611,pop,75
2.2083,-0.2459,-1.4457,latin,75
-1.8176,-0.3776,0.1133,r&b,75
0.7641,1.6749,0.9643,latin,75
-1.8161,0.6916,-0.0296,pop,75
0.1505,-0.1596,0.8644,rap,75
-0.1895,2.6212,-1.3437,rap,75
-0.613,1.2324,0.5244,r&b,75
0.7861,-2.5784,-1.0451,rock,75
2.1862,-0.1891,-1.1221,latin,75
0.0921,1.2165,0.9987,r&b,75
-0.6465,1.1928,0.7017,rap,75
0.7187,-1.1899,0.3652,pop,75
0.6328,0.347,0.3528,rap,75
1.6189,0.409,0.121,rock,75
0.2316,1.3642,0.7316,rock,75
1.5345,-0.8461,0.806,rock,75
1.6634,0.1266,-2.8682,rap,75
-0.111,-1.0496,-0.4725,rock,75
0.4216,-0.5148,-0.6684,rock,75
0.3965,-0.2062,-0.061,edm,75
-1.1295,0.0114,-0.4436,latin,75
1.0829,0.3699,0.066,r&b,75
0.8937,0.7107,-0.7673,rap,75
1.5182,-2.8175,-2.6073,edm,75
0.6851,2.043,0.7821,rap,75
0.2945,1.051,0.2709,r&b,75
0.5121,0.8882,-0.3654,latin,75
0.9928,0.2873,-0.8876,edm,75
0.5229,1.0801,0.0482,latin,75
0.8817,-1.1184,-0.6406,rock,75
-1.6051,1.7631,0.0377,r&b,75
-0.1277,-0.2405,-0.367,rap,75
-0.375,0.2312,0.9911,rock,75
1.3563,0.5302,-0.8756,latin,75
-0.7414,-0.9017,-0.0238,r&b,75
1.2666,-1.5424,-0.069,r&b,75
-1.3616,-0.844,-0.7766,latin,75
0.618,0.2083,0.8529,pop,75
1.3208,1.1142,0.0315,pop,75
-3.8499,-2.5472,-1.6233,rock,75
-4.3052,-1.0803,0.7648,rock,75
-4.7878,-2.3725,-1.1253,r&b,75
-1.9936,1.4194,0.6429,latin,75
0.3599,-2.1149,2.1718,rock,75
2.1253,0.2848,0.3019,rock,75
0.1001,1.0506,0.8207,latin,75
-0.2092,-1.0594,1.0763,pop,75
1.7758,0.4153,-1.0999,edm,75
-1.5822,-5.1636,-3.6268,latin,75
1.5737,1.3192,-1.516,rap,75
-0.9529,1.0953,0.4622,rap,75
1.1233,-2.3188,-0.417,rock,75
-0.8748,-0.0057,-0.1299,rock,75
-2.9577,0.8782,-2.6805,r&b,75
0.4488,2.8052,0.2064,r&b,75
1.1702,0.7405,0.2596,latin,75
-2.0344,0.5026,-0.4741,rap,75
-1.8255,-0.3972,0.5928,r&b,75
-0.2059,-0.6601,0.7269,rock,75
1.8106,-2.3179,0.1162,r&b,75
0.8226,0.1437,-0.2296,rap,75
-0.0517,0.0179,-0.6727,latin,75
0.7076,-2.103,-0.9675,pop,75
0.6384,0.4378,-0.3936,latin,75
0.0395,1.1677,-1.8419,edm,75
-3.8522,-0.6783,-0.6593,pop,75
-0.2105,0.699,-1.8048,latin,75
-3.0711,-0.381,-1.6108,r&b,75
0.4684,-0.462,1.7607,pop,75
1.4209,1.003,-1.0415,r&b,75
1.5997,-0.1724,-0.8368,pop,75
0.1393,-0.3357,-0.7906,rap,75
0.5837,-2.0906,-0.7851,latin,75
-0.1464,0.7852,-0.187,rap,75
1.1872,1.6448,1.0837,latin,75
-0.1663,-1.47,-0.2686,rock,75
-0.9563,-1.3554,-1.2554,pop,75
0.6054,0.7279,-0.6279,pop,75
-1.0812,-0.4284,0.2749,rock,75
0.5265,1.0704,0.3162,latin,75
1.597,-0.3393,1.1575,rock,75
0.4013,0.5452,-1.5338,rap,75
-0.9125,0.276,-0.0312,r&b,75
0.0156,1.93,0.7216,latin,75
1.253,-1.929,-0.1224,rock,75
-1.674,-2.1879,-0.7618,pop,75
0.2111,2.0956,-0.674,rap,75
0.8374,1.3982,0.0396,rap,74
-0.3693,1.0208,-0.2159,latin,74
-0.6302,1.1423,-0.474,rap,74
2.0258,0.0238,-0.7101,pop,74
0.2165,-0.6503,0.1544,pop,74
0.9813,-0.1891,-1.1509,r&b,74
0.5903,1.185,0.5547,latin,74
-0.0456,-0.0689,-0.0265,latin,74
-0.7943,1.4704,0.7791,rap,74
0.1752,-0.1901,0.2499,pop,74
-1.0164,-0.9114,2.0483,rock,74
-0.0269,1.459,0.8408,pop,74
1.3831,-0.8798,0.1958,pop,74
-1.1687,2.0736,0.0701,rap,74
-0.1537,2.1865,0.3144,r&b,74
-1.1445,2.4303,1.0193,r&b,74
0.1211,1.1485,0.7568,pop,74
0.1145,-2.3294,-0.335,rock,74
-4.5759,-1.4433,0.1566,r&b,74
-0.4877,-0.935,0.0185,pop,74
0.0049,-0.8419,-0.2537,pop,74
1.0075,-1.6201,1.0347,pop,74
1.5374,-0.1974,-0.4792,pop,74
-0.6569,-0.0993,-0.1979,r&b,74
0.3624,0.8904,0.0675,latin,74
0.5192,0.6436,-0.1639,pop,74
-1.1557,2.2156,-0.7822,latin,74
-3.5999,-0.3747,-0.6716,r&b,74
1.0117,2.3238,0.336,r&b,74
0.0996,1.6117,0.5528,r&b,74
-2.6588,0.0791,0.0661,r&b,74
-1.0112,0.6139,-0.55,pop,74
-2.5618,0.2794,-0.2336,r&b,74
0.6793,-0.3916,0.5892,pop,74
0.1125,2.2245,0.2875,latin,74
1.6184,-0.2147,0.8397,pop,74
1.1907,-0.0591,-2.2925,pop,74
-0.9283,0.7516,-0.7675,rock,74
0.2291,0.5014,0.0459,rap,74
1.0587,0.811,-0.9663,pop,74
1.0221,-0.4694,-0.3807,pop,74
-2.3786,1.7167,0.4018,r&b,74
-1.4874,-0.8618,0.3236,r&b,74
1.3798,1.1741,1.6551,rock,74
-2.3989,-0.8015,-0.5986,r&b,74
-0.0059,0.8588,-1.1764,latin,74
-0.162,0.2737,-0.2588,r&b,74
0.0503,0.6942,0.0037,pop,74
-1.8028,0.3652,0.748,r&b,74
0.255,0.2335,0.3087,pop,74
0.4239,1.3246,-1.2989,latin,74
-0.7055,1.0853,-0.0543,pop,74
0.7788,0.8185,0.6554,pop,74
0.1955,-0.321,0.4307,rap,74
1.0422,-0.2808,0.7991,rock,74
-0.4034,-0.5817,-0.1321,r&b,74
0.1514,0.1189,0.3251,r&b,74
0.4657,-0.4566,-1.0048,rap,74
-0.5014,1.6474,0.5869,latin,74
0.4891,-0.5092,-0.1044,rap,74
1.0322,-1.4799,0.0607,edm,74
-0.2485,1.1122,-0.5203,pop,74
0.5195,0.7188,0.9693,pop,74
0.3577,-0.4148,0.0353,pop,74
0.4986,0.0835,-0.5086,rap,74
0.3217,0.9724,0.5055,pop,74
1.1591,-0.9394,0.0458,pop,74
1.6808,1.5654,-2.8111,rap,74
-2.0612,-1.9223,1.2034,rock,74
-0.3228,1.8777,0.8321,pop,74
1.5913,-1.3629,-0.2275,rock,74
-0.5489,0.8229,0.2337,latin,74
1.1061,0.8717,0.6484,latin,74
1.9811,1.2185,1.1999,latin,74
1.1027,1.2016,-0.8661,latin,74
-0.4305,2.3127,-1.9933,edm,74
0.4048,-2.1767,0.8094,rock,74
-0.7504,0.7538,-0.6394,pop,74
-0.1012,0.4401,0.5386,r&b,74
-0.6053,-0.659,-2.5548,edm,74
-0.1161,1.4601,-1.1458,r&b,74
1.4867,1.4802,0.5744,pop,74
0.2007,1.758,-1.127,rap,74
0.9652,1.3281,0.1387,latin,74
0.9658,2.1329,0.6939,latin,74
0.0026,-0.0563,-0.7799,latin,74
-0.3683,0.7963,0.6443,r&b,74
-0.5264,2.7612,-1.3063,r&b,74
-0.6573,2.0761,-0.5175,rap,74
0.2951,1.511,-0.1662,rap,74
0.7234,-0.4059,-0.1337,rap,74
1.0726,1.2626,0.8817,r&b,74
0.1812,2.2706,-0.1688,rap,74
0.0341,0.6604,0.3263,latin,74
-1.5597,-0.7923,0.2385,rock,74
1.2495,0.2021,0.1197,latin,74
-0.2594,0.7918,-0.5792,r&b,74
-2.2599,-1.0399,0.6256,rock,74
0.0121,0.3753,2.6275,rock,74
-0.5035,-1.8682,-0.3238,pop,74
0.5446,1.288,-1.2861,rap,74
-0.5088,0.9424,-0.8933,rap,74
-0.6777,-0.27,0.5067,rock,74
0.7486,0.8803,0.0207,rap,74
-1.9752,0.6837,-1.313,rap,74
-0.3904,0.8636,-1.1909,latin,74
0.2578,0.491,-0.0375,edm,74
-3.2697,-0.7668,-0.7602,r&b,74
-0.6937,2.091,0.1525,r&b,74
-0.5256,0.4574,-0.0613,rock,74
-0.0659,0.5521,-1.1372,r&b,74
-0.0825,-0.9674,-0.5804,r&b,74
1.038,0.4923,-0.5359,rap,74
0.6113,1.035,-1.6866,latin,74
0.5699,0.1123,0.5165,pop,74
0.8982,0.2616,0.4115,latin,74
-0.1982,1.8346,1.1805,rap,74
-0.8446,0.2277,-0.568,pop,74
0.836,1.4494,1.0402,pop,74
-0.3767,-2.885,-1.1452,rock,74
-0.7227,0.7767,0.1015,pop,74
0.1269,-1.2861,-0.3106,r&b,74
0.827,1.718,0.2881,latin,74
0.4288,0.3289,-0.2587,pop,74
0.2805,-1.6195,-1.4761,pop,74
0.5232,1.6947,0.9877,rap,74
-1.7288,-1.4205,-0.9087,pop,74
0.8342,0.5396,-2.1324,pop,74
-0.4176,-0.7954,-0.3759,pop,74
0.6894,-0.6396,-0.1865,r&b,74
-3.0123,-0.3226,-0.5236,r&b,74
-2.0755,1.0772,-0.2116,r&b,74
0.5566,1.2963,0.3938,pop,74
-0.0043,-0.6152,1.1129,rock,74
0.8992,1.9786,-1.7894,latin,74
1.3426,1.2894,1.1296,latin,74
0.0285,1.9617,1.2572,r&b,74
-0.2468,-0.5299,-0.3986,r&b,74
0.5065,-0.4232,0.4687,pop,74
0.8642,0.6105,0.4203,rap,74
-0.6643,1.0172,0.1234,rap,74
-0.7424,2.0824,-0.8573,rap,74
0.3222,0.3953,1.0051,rock,74
1.1659,-1.5572,0.285,rock,74
0.9201,0.8522,0.0089,edm,74
0.597,-0.1017,1.8151,edm,74
1.278,-1.5734,-1.4674,rock,74
-1.0219,-1.3128,0.559,rap,74
-4.3534,-0.4311,-0.3441,rock,74
1.6402,0.2134,0.5764,rock,74
-2.4449,0.1204,-2.8682,r&b,74
-0.2158,-0.1747,-1.0244,latin,74
-1.1431,-0.9556,-0.4693,latin,74
-0.8543,1.5461,-1.4489,rap,74
-1.2105,0.478,-0.5237,r&b,74
1.2227,0.2384,0.5503,latin,74
-1.2814,0.6631,0.2813,pop,74
-0.6426,-0.111,0.058,pop,74
-1.4233,-0.779,-2.4364,r&b,74
-2.3384,-2.7726,1.3291,rock,74
0.5916,-0.5819,-0.0443,latin,74
-0.9047,-2.4441,-0.9949,rock,74
-4.4327,-0.6414,-1.032,rock,74
-0.3814,0.8787,-1.6794,rap,74
0.7913,0.3793,0.2594,pop,74
1.2846,0.8362,1.0083,latin,74
0.877,-0.1711,0.0502,latin,74
1.0289,1.0623,0.7328,latin,74
-1.1112,-1.6256,0.2402,rock,74
1.4375,-1.3674,-0.4609,rock,74
1.0908,0.406,0.715,rap,74
1.7683,0.1442,0.2972,rock,74
1.5263,-0.1212,0.0581,rock,74
-0.7115,1.2979,0.724,pop,74
0.2157,1.2688,0.009,rap,74
-0.0005,-0.2799,-0.1223,edm,74
0.8549,1.2944,0.3419,pop,74
-0.5207,-0.0605,0.386,pop,74
1.07,0.8638,-0.4895,r&b,74
1.1253,-0.2159,-1.9001,rap,74
-0.3732,-1.351,-0.3458,r&b,74
1.0906,-0.201,0.499,rock,74
-2.8235,-2.6002,-2.9632,latin,74
-0.3461,1.8147,0.1871,latin,74
-3.4588,0.0734,-0.4412,latin,74
0.829,-0.6177,0.2629,rock,74
-0.2811,-1.4797,-0.0244,rock,74
-0.4106,2.1292,0.4785,r&b,74
0.2769,0.3137,-1.2563,rock,74
1.0433,-1.2635,-0.0301,pop,74
0.7846,-0.1667,1.083,latin,74
-0.4543,-0.9888,-0.484,latin,74
1.7768,-1.3505,-0.9496,r&b,74
0.5302,0.3033,-1.2995,r&b,74
-2.4319,0.1506,-0.5511,rock,74
-0.1732,1.6747,0.7167,latin,74
2.2883,-2.5826,-2.3476,rock,74
1.6236,-0.1375,0.3506,pop,74
0.4411,-1.1165,0.3696,pop,74
-0.4094,-1.8319,0.2537,rock,74
0.6892,-0.3547,-2.6752,r&b,74
-2.6164,-1.8895,-1.6185,r&b,74
-1.2314,0.6287,-0.1844,latin,74
1.158,-1.9399,-0.611,pop,74
-0.3419,0.277,0.645,pop,74
-1.1848,0.5422,-0.3492,pop,74
-0.8255,0.0753,-0.0004,latin,74
-1.1703,-0.3489,-1.4776,rock,74
0.8003,-0.4217,-0.2839,pop,74
-0.0217,-0.4612,0.6073,pop,74
0.0727,1.2525,1.5147,pop,74
0.7006,-0.593,0.0914,latin,74
1.3592,-0.9066,-1.1915,pop,74
1.4624,0.7936,-0.3014,latin,74
1.0865,-0.1323,-0.5425,pop,74
1.6473,0.9203,0.5744,pop,74
0.6362,1.223,0.802,latin,74
-0.2708,1.0921,-0.0393,latin,74
1.0549,0.3393,0.5529,rock,74
0.9013,0.1989,1.2155,rock,74
-3.1535,0.1928,-0.2581,r&b,74
0.9339,1.5254,0.2912,latin,74
1.5005,0.9498,-1.4096,latin,74
1.0039,0.8906,-0.4657,latin,74
1.9234,-0.2018,-0.8437,rap,74
0.9964,0.7814,0.4852,latin,74
-0.7448,2.0821,-0.391,rap,73
-0.7532,-0.0589,0.2404,pop,73
-2.7547,-2.1857,-1.5862,rock,73
-0.9219,1.9687,0.9394,edm,73
0.7635,-1.287,-0.2148,edm,73
-2.6787,-0.5163,-0.3952,latin,73
-0.3938,-0.4873,0.2126,edm,73
0.5398,-0.1894,0.2283,edm,73
1.3948,-1.5944,-0.2517,rock,73
0.6957,-0.8211,-0.2977,pop,73
-0.0734,0.4725,-0.1214,latin,73
-0.6227,-0.1948,0.4581,rock,73
-1.1581,1.1771,0.0971,latin,73
-0.6139,-0.2084,-1.1342,pop,73
0.7017,0.6782,0.4939,latin,73
-0.371,1.2652,-0.1068,latin,73
1.5358,0.7835,-1.2238,latin,73
0.9297,1.2998,1.3293,pop,73
1.9256,-1.6068,-0.4646,rock,73
0.2507,0.5742,-0.377,edm,73
-0.3862,-0.2834,0.6695,rock,73
0.3184,0.0828,-0.5789,r&b,73
1.7345,-1.2654,-0.5442,rock,73
1.5248,-0.8074,-0.4511,edm,73
0.9862,-2.4172,-0.6649,r&b,73
-1.7459,1.1741,0.0223,rock,73
0.7367,0.33,-0.574,rap,73
-0.1271,0.2116,-1.0112,rap,73
0.0038,-0.4779,-0.1232,pop,73
1.6609,-1.1855,-1.6259,rock,73
0.5377,1.2482,0.0317,latin,73
1.1935,0.6974,1.3434,r&b,73
0.2846,-0.6104,1.2115,r&b,73
-0.3174,-1.4319,0.6217,rock,73
0.2558,0.3225,-0.0349,r&b,73
0.3408,0.917,0.384,pop,73
-0.5284,1.9148,-0.2637,rap,73
-2.3578,-1.4317,-0.7533,rock,73
-0.6676,-0.0524,-0.1515,r&b,73
-1.41,1.8345,-0.0202,latin,73
-2.678,-1.8189,1.364,rock,73
1.8987,-1.0475,-0.3334,rock,73
0.3401,1.09,-0.7697,r&b,73
1.215,-1.0229,-1.2119,r&b,73
0.3154,-0.9467,-0.395,latin,73
-0.8474,-0.1331,-0.6617,latin,73
-0.0996,2.9565,-0.5661,rap,73
1.5127,0.5953,0.1435,latin,73
0.027,1.4794,0.1941,rap,73
1.1803,-1.0753,-0.8542,pop,73
-0.7156,0.6804,-0.5674,rap,73
-0.123,-0.3275,0.3274,rock,73
-0.7332,-0.7761,0.6898,rock,73
0.4206,1.4899,-2.2701,rap,73
0.0573,0.2933,0.387,pop,73
-0.6548,-0.2338,0.2212,r&b,73
1.9561,0.8357,-0.3523,latin,73
-3.1495,-0.229,-1.1819,r&b,73
-0.8491,-2.1466,-0.0605,rock,73
-2.847,0.423,-1.6059,r&b,73
-1.7724,-1.2275,-1.4863,rock,73
1.6101,0.3487,0.2492,pop,73
-0.0736,-0.6512,0.3678,rock,73
1.4426,0.7072,0.355,latin,73
-0.9668,-0.577,-0.3892,latin,73
-0.0992,-1.6492,-0.1538,pop,73
-1.3606,-2.451,-0.2829,rock,73
-0.0393,-0.117,0.0377,r&b,73
-2.1047,1.9599,0.6083,rap,73
-0.136,0.9687,-0.4508,rap,73
-2.7447,1.1513,-1.0205,r&b,73
-1.976,-0.8997,-1.0383,r&b,73
0.4381,0.323,0.373,latin,73
1.636,0.689,-1.113,edm,73
1.1651,0.8978,0.1742,edm,73
-0.3043,1.7802,0.7831,latin,73
0.6047,0.8362,-1.4852,edm,73
-2.6725,-0.8884,0.8431,latin,73
-0.8813,1.584,-0.2278,r&b,73
-1.0388,-1.7181,-0.0914,rock,73
-0.3559,-1.3535,-1.1862,r&b,73
1.6279,-0.5577,-0.2389,rock,73
0.3682,2.0298,0.1466,latin,73
1.9139,-0.8603,-1.4003,rock,73
0.9763,1.558,0.9954,rock,73
1.176,-0.9275,-1.6279,edm,73
0.9828,-2.335,-1.4873,rock,73
0.3589,0.4319,0.1893,r&b,73
-0.1964,2.603,-1.0367,rap,73
0.859,-1.0859,0.0365,rock,73
0.8646,0.2396,0.4805,latin,73
1.4739,-1.0875,0.0468,rock,73
1.6331,0.7285,0.7109,rock,73
1.1786,1.0203,0.0522,rap,73
-2.3844,-1.641,-0.6642,r&b,73
0.4535,1.0496,0.6871,latin,73
-0.388,-2.2031,0.7143,rock,73
0.6665,-1.485,1.1969,rock,73
0.9925,-0.0292,0.4116,rock,73
0.9756,1.0484,1.0398,pop,73
0.1464,0.4391,-1.4656,rap,73
0.7625,-0.8446,0.0505,edm,73
1.9954,-0.3664,-1.2076,pop,73
1.4905,-0.5639,-1.076,rock,73
-0.2316,-0.3167,-0.0769,pop,73
1.8972,1.2941,-0.6254,edm,73
-0.3792,-0.8637,-3.1995,edm,73
0.1164,0.5849,0.4939,r&b,73
-2.0028,-0.095,-0.3411,r&b,73
0.4798,1.5076,0.8381,latin,73
1.517,1.3781,-0.2347,latin,73
-1.0928,-1.0249,-0.6575,rock,73
1.9673,1.0519,0.5188,latin,73
-0.3443,0.7339,-1.887,rap,73
1.8196,-0.185,-0.0499,pop,73
0.4395,0.795,1.1481,rap,73
-0.3288,1.3006,1.108,latin,73
-1.4521,1.5091,-0.0009,latin,73
1.5771,0.0455,0.4377,edm,73
0.312,0.1465,0.9131,pop,73
0.6465,0.8792,1.0595,latin,73
0.5071,0.5757,0.3341,rock,73
1.9911,0.8832,0.4476,r&b,73
0.1502,-0.386,0.3585,rap,73
0.0754,1.1602,0.538,r&b,73
0.7512,0.6339,-0.1573,pop,73
0.2135,1.2387,-0.9369,rap,73
0.4152,0.3013,-0.4656,pop,73
0.3523,1.0113,1.4019,rap,73
-2.4698,0.3791,-0.3498,rock,73
2.0372,1.0327,-0.641,latin,73
0.3288,0.2883,-0.458,latin,73
0.7612,-0.1998,1.3649,rock,73
1.6235,0.0073,0.0293,pop,73
1.9396,-2.3316,-0.619,rock,73
0.3125,-3.4009,-0.2055,rock,73
0.8294,0.139,0.0036,latin,73
0.9939,2.4149,-0.8322,rap,73
-2.6488,1.7953,-2.0635,edm,73
-1.6286,0.4148,-0.8497,edm,73
1.648,-0.0791,-0.2506,r&b,73
0.9776,0.37,-0.3568,r&b,73
-0.0026,1.2904,1.193,rap,73
-1.5224,1.1624,-0.574,r&b,73
-2.3595,0.6146,0.5171,rock,73
1.0499,0.3103,-0.316,rock,73
0.3942,0.005,-0.2497,latin,73
0.0263,1.7672,-0.498,rap,73
1.4227,-0.281,-0.7808,pop,73
0.1068,0.6669,0.5843,r&b,73
-0.2835,-0.8527,4.2389,rock,73
-0.5414,-0.7007,0.5229,rock,73
-0.7815,1.433,0.6855,latin,73
-2.1507,1.6861,1.2126,pop,73
1.1802,1.3071,0.8078,latin,73
-0.7591,-0.4613,-0.3047,rap,73
-0.0756,0.0235,0.1438,pop,73
-2.3432,1.3002,-0.2031,pop,73
-3.6565,0.0596,-0.2649,pop,73
1.9439,0.4136,0.5205,rock,73
1.4832,1.8324,-0.1274,latin,73
0.1121,-1.0711,-0.3814,pop,73
1.2194,-0.5882,0.3933,rock,73
-3.4073,-0.4054,-0.9283,rock,73
-3.2372,1.1333,0.1052,rock,73
1.6068,1.5255,-0.5894,latin,73
0.4873,-0.1615,0.7811,pop,73
-2.0704,-2.5185,-0.8754,pop,73
0.3615,0.5579,0.7525,pop,73
-1.976,-0.6611,-0.2966,rap,73
1.4469,-0.14,-0.4752,pop,73
-1.0605,0.8771,1.2931,rock,73
1.2387,1.0591,-0.674,pop,73
-0.2003,0.5861,0.689,r&b,73
0.7778,0.349,-0.8764,rap,73
0.2593,0.6219,0.6445,edm,73
0.5259,0.0751,-1.569,rap,73
0.1087,1.2986,0.0133,rap,73
0.9903,0.7999,0.3649,pop,73
-0.1488,0.3763,0.2987,r&b,73
-1.6074,0.0248,0.3118,r&b,73
-0.0567,1.5828,-1.7304,rap,73
-0.9076,1.0563,0.7453,latin,73
1.8511,0.1258,0.2768,rock,73
1.5911,-0.0395,0.6762,pop,73
0.0387,1.1936,0.6455,rap,73
0.0067,0.0132,1.067,rock,73
-0.1276,-1.9957,-0.4226,rock,73
-0.6599,0.1811,0.4166,pop,73
-0.9687,-1.7879,-0.4075,pop,73
-1.6142,-0.0373,0.0986,pop,73
-1.4213,0.2804,-0.1654,rap,73
0.9781,0.603,0.3496,pop,73
0.1261,-0.8357,-0.0077,pop,73
0.5071,0.328,1.6759,rock,73
0.9518,0.0765,1.2228,rock,73
-1.1723,0.6615,-0.4877,rap,73
-0.7019,1.8546,0.1484,rap,73
-0.2712,0.6054,-0.6289,rap,73
-1.6255,0.9615,-1.9205,rap,73
0.3851,0.0625,0.1675,pop,73
0.7145,1.1066,1.1711,latin,73
-0.962,0.9909,-0.7796,rock,73
-0.4905,1.6874,-0.0316,latin,73
0.0386,1.6896,-1.3866,rap,73
-1.2451,-1.6016,1.2244,rock,73
-1.399,-0.9314,-0.3763,pop,73
1.8448,2.3883,-0.4895,rap,73
-3.1767,-1.779,0.0959,rock,73
1.0187,0.2603,-0.1418,latin,73
-0.7928,0.4633,0.0897,rap,73
0.938,1.0137,-1.7724,r&b,73
0.4069,0.693,0.6517,latin,72
0.0293,0.0877,-0.0103,rap,72
-0.5825,-1.1653,-0.1213,rock,72
0.6393,0.4462,-1.289,rock,72
-0.2016,0.8521,1.0504,rock,72
-0.5572,0.74,-0.5525,edm,72
-0.1049,1.1287,0.9152,r&b,72
-1.2815,-0.9179,2.3086,rock,72
-0.8884,-0.865,-0.0271,pop,72
-4.3859,-2.8508,-0.2991,rock,72
-2.7261,-0.768,0.6935,rock,72
-0.2679,-0.3606,-1.2257,rap,72
1.0562,1.394,0.7144,latin,72
0.5247,1.23,0.0475,rap,72
1.1702,0.8025,0.1114,latin,72
0.9893,0.6564,0.757,pop,72
1.6752,-0.5464,-0.2313,rock,72
0.6929,-0.4853,-0.713,latin,72
0.1711,0.2367,0.9624,latin,72
-0.1065,2.138,-0.1668,rap,72
1.4742,-0.1771,-0.395,edm,72
1.9996,-0.2167,-1.6009,rap,72
1.1471,-0.639,0.6858,rock,72
0.0624,1.7174,0.3379,rap,72
0.8768,-0.3111,-1.2365,latin,72
0.8653,1.2137,0.4158,latin,72
0.5478,0.1759,-0.3201,latin,72
-0.1147,0.6506,0.0937,rap,72
0.2743,-0.8671,0.1001,pop,72
1.1032,-1.2338,-0.0496,edm,72
0.8061,1.9293,-0.2032,edm,72
1.0393,-0.0692,0.1437,r&b,72
0.9078,-0.6245,0.436,rock,72
0.8335,0.8821,0.4499,edm,72
-0.021,0.3419,1.0089,rap,72
0.9734,1.2728,-1.3332,latin,72
0.2642,-1.5662,-0.2934,edm,72
1.4283,0.626,0.1206,latin,72
1.1105,0.1113,-0.1879,r&b,72
-0.2116,0.1023,0.6402,r&b,72
-1.3593,0.917,-1.4135,rap,72
0.749,0.1335,0.9793,pop,72
0.8947,0.5767,0.3201,rap,72
0.4987,1.6556,-1.7473,r&b,72
0.4411,0.9453,-1.4299,r&b,72
0.5468,0.0818,0.549,rap,72
-1.0851,1.2416,-0.4648,r&b,72
0.618,1.7432,1.7254,rap,72
0.7164,0.1447,0.6012,edm,72
-1.5727,-0.0476,-2.2703,rap,72
-4.0151,-0.3879,-0.9668,r&b,72
1.9016,-0.2411,-0.1956,pop,72
0.9712,0.7265,0.4345,rock,72
1.1743,0.2254,-0.4918,latin,72
0.7623,1.0374,1.0293,latin,72
0.6029,0.7441,0.8312,latin,72
0.7071,0.1156,0.2196,pop,72
0.0806,1.193,1.1132,rap,72
-1.1858,-0.2568,0.3844,pop,72
0.9284,-1.5845,-0.5594,edm,72
-1.3901,1.0698,0.0549,rock,72
0.7327,1.8882,-1.2749,latin,72
-2.1417,0.096,1.7019,rock,72
0.7565,-0.2609,0.1326,latin,72
1.811,-0.0729,0.7423,latin,72
1.3065,-0.045,-0.24,edm,72
-0.4137,1.0779,0.9818,rock,72
0.221,-0.864,0.7267,rock,72
-0.1516,1.5785,-1.7954,rap,72
2.3308,2.6061,-0.5661,pop,72
2.6615,-1.7334,-2.6053,pop,72
0.6842,0.1671,-0.2892,r&b,72
-3.3354,-1.1742,-0.9877,pop,72
-1.3037,-0.1023,0.5318,pop,72
-1.6678,0.7297,-0.1239,latin,72
1.5328,-0.1143,-0.6632,edm,72
-0.2339,-0.003,-1.3605,edm,72
-0.2917,-0.302,0.2015,pop,72
1.0384,1.4159,1.209,rock,72
1.8479,0.15,0.0563,rock,72
1.3005,-0.4815,-0.5105,edm,72
-1.8698,2.7583,-1.702,pop,72
-0.5019,1.0868,0.0523,r&b,72
1.4882,1.6657,1.3401,rap,72
0.7106,0.3591,-0.6501,pop,72
2.1357,-1.1147,-1.076,edm,72
-0.384,0.7214,1.4613,latin,72
-0.5265,2.226,-0.4218,rap,72
-0.9153,-0.3068,0.1202,rock,72
1.3707,-0.3632,0.5212,pop,72
0.6082,1.8226,-1.6574,rap,72
0.6729,0.9963,1.4914,latin,72
0.8249,0.2798,-0.8244,rap,72
1.2757,-1.4841,0.0118,pop,72
1.8188,0.689,0.1706,pop,72
1.1479,-0.1786,-2.1586,pop,72
-0.3008,-1.8446,0.6184,rock,72
-1.3587,-1.3802,-0.6821,rock,72
0.5534,-0.6574,0.1296,rock,72
-3.1857,-0.954,0.085,rock,72
1.199,0.9978,-0.5646,rap,72
0.7607,0.7428,-0.3612,latin,72
0.2135,1.3278,-1.4022,pop,72
1.7236,-1.1427,-0.6242,pop,72
0.5748,1.584,1.3687,latin,72
-0.9624,1.5344,0.6369,r&b,72
-0.5591,0.6144,-0.4032,rap,72
-2.2776,-0.2715,-0.0454,pop,72
-2.0473,-0.3742,1.3624,pop,72
1.5518,1.2448,0.2068,pop,72
-1.1698,0.737,-2.4373,r&b,72
-0.1199,-0.3858,-1.1548,r&b,72
-3.7668,-1.422,-1.3978,r&b,72
-0.3503,1.0154,0.7362,latin,72
0.314,1.863,2.04,latin,72
0.6968,1.2141,0.2791,rock,72
0.2029,1.076,0.9407,latin,72
1.1221,-0.3968,-0.5705,latin,72
0.1499,0.1734,-0.5665,rap,72
1.1695,0.9786,0.0914,latin,72
2.4195,-1.6738,-1.6205,rock,72
-0.3926,0.4202,0.1981,rap,72
0.0596,-0.4445,-0.0773,rap,72
1.955,0.5199,0.572,latin,72
-3.1623,0.2077,0.6089,rap,72
0.0866,0.0546,0.8559,rock,72
0.4729,1.1192,-0.7412,rock,72
-0.6628,-1.0148,-0.5607,rock,72
-2.021,-1.3823,0.4301,rock,72
-0.698,1.8765,-0.1399,latin,72
1.5736,2.2721,-1.1314,rap,72
1.2133,0.791,0.103,latin,72
1.5759,1.4381,0.6459,rock,72
0.6427,-0.694,0.1465,rap,72
0.9627,-0.604,0.2237,rock,72
0.598,0.3354,-0.9953,latin,72
1.2811,1.2019,0.4123,latin,72
1.3768,0.8682,0.3475,latin,72
0.4312,1.379,1.1324,pop,72
2.0748,1.1086,0.1948,pop,72
1.5589,1.4828,0.519,latin,72
0.1369,0.8665,-1.2629,rap,72
0.8391,-0.5629,-0.4376,edm,72
-1.2983,1.7444,-0.4057,rap,72
-1.8865,-0.7242,0.535,rap,72
1.0654,0.4146,0.5793,pop,72
1.1206,1.0398,0.2166,pop,72
-0.1275,1.3591,-0.402,rap,72
1.3002,-1.1023,-0.0643,rock,72
0.2487,-0.7944,0.7191,rock,72
1.077,0.7258,1.0358,pop,72
1.5778,-0.4739,-1.5207,r&b,72
1.0221,-1.4025,0.474,rock,72
0.1314,-3.1802,0.7593,rock,72
2.5297,0.1228,-0.8377,rock,72
0.9715,0.8559,0.5498,r&b,72
1.9265,0.7997,0.5288,rock,72
2.3679,-0.1987,-0.9645,pop,72
-0.2932,0.7689,0.0497,latin,72
1.6707,1.0416,-0.2374,latin,72
-0.4373,-1.2737,-0.9925,pop,72
-0.3939,2.3206,0.2636,rap,72
0.2087,-0.7179,-0.0755,latin,72
0.2762,0.9222,-2.1154,latin,72
-1.3318,-1.663,0.8545,pop,72
-6.4957,-1.8271,-3.3847,rock,72
1.1221,-1.2671,-0.8234,rock,72
0.2437,-2.2303,-0.9522,pop,72
-0.1595,-2.0217,1.0127,rock,72
1.8332,-0.2766,-0.7085,pop,72
-1.2605,-1.4236,-1.5131,pop,72
1.4764,-0.5268,0.2982,rock,72
-1.4977,0.2928,-0.8644,pop,72
-0.7858,-0.8024,-0.1472,rap,72
-2.2596,-0.277,0.4836,r&b,72
-0.5255,-0.8309,-3.0554,edm,72
0.6058,0.6456,0.6549,latin,72
-0.6187,0.5727,0.4181,rock,72
1.3004,1.1833,0.9661,latin,72
-0.2281,1.9915,0.708,rap,72
0.3101,1.5202,-0.0517,r&b,72
-0.1334,0.2978,-0.1642,r&b,72
2.2317,-1.6763,0.1055,rock,72
2.2906,-0.6058,-1.686,rock,72
1.7485,0.1394,-0.8134,latin,72
0.4708,-0.4081,0.101,edm,72
-1.4074,-1.2182,-0.5117,r&b,72
2.1476,0.5525,-0.5824,latin,72
0.382,0.5542,-0.3256,pop,72
0.5864,0.4311,0.753,rap,72
-2.7218,-1.6228,-0.6125,r&b,72
0.0298,1.4366,0.6145,latin,72
-0.9294,1.3464,0.3394,rock,72
0.3346,-0.1983,1.0686,edm,72
0.1522,2.0546,0.4168,r&b,72
-0.3835,0.7404,-0.0443,rap,72
-1.1289,0.2779,-0.5393,rap,72
-1.943,-0.7432,-1.5509,pop,72
1.172,0.6376,0.7546,rock,72
0.4604,1.3689,0.556,pop,72
-0.2811,0.5716,0.4767,pop,72
-0.0347,0.9342,0.9567,rock,72
-0.3453,-0.7876,0.1045,rap,72
-2.4403,-1.6679,-1.9164,latin,72
1.5317,0.0905,0.3684,pop,72
0.5769,-0.4043,-0.1201,latin,72
0.929,1.2955,-2.5468,rap,72
-2.1389,-2.241,-0.3848,rock,72
1.693,-0.1972,-0.3143,pop,72
-0.5483,1.3233,-0.5699,rap,72
2.4912,-0.2138,-0.5784,pop,72
0.2811,0.8053,1.3537,rock,72
0.1991,-0.0522,1.7593,latin,72
-0.1191,-0.8505,0.0755,latin,72
0.0005,0.8537,0.7806,pop,72
-0.588,0.7534,-0.5097,r&b,72
-2.2131,-1.0205,-1.0239,latin,72
0.4098,0.1784,1.0119,rap,72
1.3324,0.4331,0.8435,latin,72
0.5327,-1.9055,1.5574,rock,72
0.5359,-0.5012,0.1964,rock,72
-0.0189,-1.4314,-1.2684,pop,72
1.2067,-0.1934,0.4024,edm,72
0.1002,2.3785,-0.8951,rap,72
-1.344,-0.9845,0.0832,latin,72
1.1271,-1.4286,-0.7059,edm,72
0.9379,1.0165,-0.3771,latin,72
-0.1216,0.012,0.8563,pop,72
-1.7126,-0.2836,-0.6389,pop,71
-3.5809,-1.8034,-1.0917,r&b,71
1.3388,1.4131,1.2003,latin,71
-0.3209,0.6754,-1.9401,latin,71
1.12,0.6927,0.668,pop,71
0.7848,1.5514,0.5944,pop,71
1.8622,-0.1799,-1.1135,rock,71
1.7574,1.0132,-0.4124,latin,71
-0.3114,0.8137,0.6191,r&b,71
0.9992,-0.8841,0.954,rock,71
1.9247,-2.5861,0.2453,edm,71
1.6839,0.5639,-0.3878,latin,71
0.7587,-1.6859,-0.1709,rock,71
-2.1199,-0.4344,0.3463,edm,71
-0.3407,-1.6982,0.733,rap,71
-0.6207,0.9427,0.1855,latin,71
-0.3737,0.1418,-0.3822,rock,71
-0.4258,-1.3864,-0.3642,latin,71
-2.4329,1.0114,-0.1709,latin,71
-1.7165,-1.4923,-1.0814,latin,71
-1.1882,-0.9802,0.5458,r&b,71
2.0786,-0.3413,-0.4247,pop,71
-0.2818,1.5852,0.1425,pop,71
1.8377,-1.1138,-2.7414,pop,71
0.0916,-0.4109,0.7233,pop,71
1.6201,0.9636,-0.212,latin,71
0.8969,0.0089,0.0834,rock,71
1.2992,-0.3469,0.2789,latin,71
0.4547,0.4649,-0.7421,pop,71
-0.6716,-0.6775,-0.0331,edm,71
0.7165,0.1814,0.5015,rap,71
0.7748,0.3038,0.1265,rock,71
0.8635,0.4721,0.6378,rock,71
-2.0321,0.4003,-0.3793,r&b,71
1.0255,0.8979,0.9427,latin,71
0.556,0.288,-0.4135,latin,71
-4.9137,-1.6831,-1.3406,r&b,71
1.1998,0.6795,0.1716,latin,71
0.7746,0.6648,0.0891,r&b,71
-0.366,0.5392,-0.0996,latin,71
1.4518,1.4107,0.6135,rap,71
-0.2374,0.6264,-0.1006,r&b,71
-0.7652,0.1027,-0.5102,latin,71
1.1033,0.2863,0.5591,edm,71
2.4714,-2.7495,-2.3158,rock,71
0.2965,-0.2378,0.3525,pop,71
-2.1607,-0.8255,-1.2107,pop,71
0.2778,0.1446,-2.7655,pop,71
1.0652,-1.1791,-0.0376,pop,71
0.466,-1.3294,-1.1268,pop,71
-0.068,0.8599,0.7196,r&b,71
0.6404,2.2663,-0.1216,latin,71
1.3562,0.418,0.4952,pop,71
-0.2367,0.0194,-0.3549,pop,71
-0.2992,-1.2322,-0.5286,pop,71
0.3845,-0.1188,1.8066,rap,71
1.2531,0.1072,-0.0982,pop,71
1.8786,0.0955,-3.1269,pop,71
-0.1998,0.9608,1.068,latin,71
0.8706,1.521,1.0154,latin,71
-1.8941,-0.0606,-0.3149,r&b,71
-2.326,1.394,1.0995,rock,71
-3.1609,-2.0746,-2.1786,rock,71
0.1976,1.5307,0.7175,rock,71
1.8383,-0.7436,-0.1453,rock,71
1.0504,-0.1439,-0.6506,rock,71
-5.5112,-0.33,-1.0443,r&b,71
-0.6242,1.1113,-1.8651,r&b,71
1.2847,-0.8461,-0.2807,rock,71
1.8478,-2.0857,0.2004,rock,71
0.0927,-0.1301,-0.6423,rap,71
-0.6722,2.3576,0.3819,latin,71
-1.215,3.5812,-1.4074,latin,71
1.9622,0.196,-0.3174,rock,71
1.0477,0.0586,-0.1109,pop,71
-0.5679,1.9148,0.2813,pop,71
1.556,-0.0383,0.3689,edm,71
1.8753,0.2951,0.0014,edm,71
0.9787,2.1322,0.3941,latin,71
0.2853,1.6294,-0.5797,pop,71
-0.0627,0.6604,-0.4318,pop,71
-1.5753,0.2433,-0.3299,r&b,71
0.4138,0.7533,0.9576,rock,71
1.0274,1.4853,-0.5904,latin,71
-0.6295,1.2761,0.8203,latin,71
-0.0818,1.1088,0.2409,rap,71
-0.5506,0.1417,-0.2729,r&b,71
-1.0372,0.0565,1.0854,r&b,71
-1.6162,0.9988,0.577,pop,71
-0.011,2.5596,-0.304,rap,71
-0.8047,0.1123,-0.6709,pop,71
0.3854,-1.2997,0.2778,rock,71
-0.3449,1.1736,0.6097,r&b,71
1.8219,0.211,0.0726,latin,71
-2.25,-0.8021,-0.1104,r&b,71
-0.109,0.0942,0.1424,r&b,71
0.9616,1.0555,1.056,latin,71
1.4344,1.6978,0.9907,latin,71
1.3463,-1.1887,-1.5005,pop,71
1.4604,-1.2198,1.3255,rock,71
1.584,-1.2823,-1.641,rock,71
1.3159,0.3309,0.0654,rock,71
1.0492,0.663,0.2156,pop,71
1.4761,0.3719,0.614,pop,71
-1.3182,1.0541,-0.6041,rap,71
0.6632,-2.1453,-0.0437,rock,71
-0.4094,0.3281,-0.7976,rap,71
0.5087,0.3394,0.1678,pop,71
0.1995,1.2086,0.0698,pop,71
-0.6548,2.998,-0.5156,latin,71
0.3008,1.2915,0.9923,latin,71
0.8483,-1.5459,-1.6911,r&b,71
2.0095,-0.4463,-0.3658,rock,71
0.1951,0.8039,-0.1479,latin,71
-0.399,-0.4068,-0.799,latin,71
-0.2895,2.4748,1.228,rap,71
-0.0555,0.1089,-0.4137,r&b,71
-1.1196,0.6801,0.3852,latin,71
-0.3237,0.241,0.1211,rock,71
1.3823,0.8995,-1.6041,pop,71
-1.1802,1.9446,0.4494,rap,71
-0.1476,1.322,0.7749,r&b,71
0.557,0.0513,-0.0164,latin,71
1.3187,1.3059,1.2593,latin,71
-0.0018,0.5977,0.304,rock,71
1.6081,1.1966,0.6788,latin,71
0.9889,0.5829,-0.0268,pop,71
-0.322,0.1662,-0.3395,latin,71
0.8248,0.1928,-0.0193,pop,71
0.487,0.0906,0.3771,pop,71
1.1796,0.4977,0.2851,pop,71
0.4129,0.706,-0.3732,r&b,71
1.4404,0.0735,0.039,pop,71
0.054,-0.6872,0.156,edm,71
0.9699,1.5508,0.9907,rap,71
-1.2803,-0.2422,-1.3448,rock,71
-0.8143,1.5804,1.021,rock,71
-0.6102,1.8445,0.6751,r&b,71
-0.4731,1.1499,0.5712,pop,71
1.8042,-1.3886,-0.4782,rock,71
-0.1326,0.2962,0.6393,pop,71
-4.7327,-4.0855,0.5347,latin,71
0.2475,-2.1179,-1.2426,latin,71
0.9155,-0.6731,-0.2263,latin,71
0.5835,1.8033,-1.2507,latin,71
0.7012,-0.0466,0.4153,pop,71
0.2381,3.2444,-0.3904,rap,71
-0.2849,0.724,2.1571,pop,71
1.6178,0.2509,-1.1394,latin,71
1.8455,-1.3518,0.1051,rock,71
0.375,0.2916,-0.7264,r&b,71
-0.3776,1.664,0.6518,latin,71
1.854,1.2573,-0.8357,latin,71
0.1095,0.7111,0.1115,pop,71
-2.2791,1.4977,-0.2408,latin,71
1.3085,0.1877,-1.5962,pop,71
1.1035,1.4824,-1.0063,pop,71
-0.8081,0.5667,-0.0845,rock,71
-0.191,-1.6275,-0.5375,rock,71
-1.0571,-0.1485,-0.239,r&b,71
-0.6702,0.5918,0.2983,r&b,71
0.8015,1.8642,1.1687,latin,71
0.0101,0.4395,0.506,rap,71
1.1316,-1.033,-1.1103,rap,71
-0.2768,1.7365,0.6889,rock,71
-3.6763,-1.0399,-1.3965,r&b,71
0.0211,0.7551,0.5807,latin,71
0.4367,-0.8255,1.4075,latin,71
-1.0053,0.0738,0.7505,rap,71
-2.9467,-0.7573,-0.9663,r&b,71
-1.5092,1.4863,0.714,rock,71
0.4243,1.4365,0.8641,latin,71
0.6488,-0.3514,-0.8676,edm,71
0.6311,0.8089,0.6058,latin,71
1.3595,-0.3868,-1.1025,latin,71
0.3292,0.0141,-0.1067,pop,71
-1.1965,0.903,0.7955,latin,71
0.0246,0.7053,0.9772,r&b,71
-1.2507,1.4258,1.2886,r&b,71
-0.4478,-0.5361,0.986,pop,71
1.1695,0.1731,0.4022,pop,71
2.1344,-0.2862,-0.439,pop,71
-0.5192,0.8836,-0.8684,rap,71
-1.2669,-0.4587,0.3127,edm,71
-3.5649,-2.1164,-1.8135,rock,71
0.8734,0.7291,-0.12,latin,71
-1.6936,-0.0831,-1.5157,latin,71
-0.0718,0.886,0.9955,rap,71
0.1017,-0.1644,0.068,rock,71
1.3211,0.9143,0.393,latin,71
-0.4329,1.5868,0.233,r&b,71
1.337,-0.3387,-1.2217,rock,71
0.4229,1.8904,-0.4107,latin,71
0.9207,1.3392,0.1499,latin,71
0.5382,0.0496,0.3318,latin,71
0.3918,1.4763,-0.0246,rap,71
-3.8369,-0.0851,-0.4289,r&b,71
1.1884,-0.5424,-0.0723,pop,71
-3.4423,-1.0632,-1.3387,r&b,71
-0.3826,-0.8783,0.7485,rock,71
-0.5044,0.8904,-0.2709,rap,71
0.9706,1.6636,0.7443,latin,71
0.4293,-1.1944,0.8072,pop,71
-1.901,-1.3984,-1.001,rock,71
0.4166,2.5738,1.2668,rap,71
0.1677,0.4603,0.4376,pop,71
-0.3522,1.575,0.2182,rap,71
-0.3813,2.6145,0.3933,rap,71
-0.1147,0.8372,0.3125,pop,71
-2.1766,0.884,0.04,rap,71
0.0687,0.6686,-0.116,rap,71
-3.7376,0.1851,0.8524,rock,71
-0.6248,-1.5718,-0.1872,rock,71
-0.3454,-0.7067,0.063,r&b,71
-0.4626,2.2051,-0.5763,rap,71
-0.9098,-2.1958,-1.7721,r&b,71
-0.8072,0.5457,0.8876,r&b,71
0.2213,-0.4099,-0.8315,pop,71
0.5944,0.4812,0.9805,rock,71
-3.1459,0.7005,-2.4129,rap,71
-2.2249,-0.2338,-2.4695,r&b,71
0.8961,0.8851,-0.1525,edm,71
1.321,0.2624,0.2548,pop,71
-2.3284,2.4476,-0.0401,rap,71
0.3519,-1.5322,-0.7321,rock,71
0.0277,1.0517,-1.8992,latin,71
-0.3574,0.1171,-0.6379,r&b,71
-1.0008,-0.8725,1.1322,r&b,71
1.3889,0.1849,0.0673,r&b,71
-0.0542,-0.5791,0.5347,rock,71
-1.2393,-0.6515,0.4694,rock,71
0.194,1.049,-0.0279,r&b,71
1.8997,-0.6688,-0.2592,rock,71
0.0129,0.2108,-0.3908,rock,71
-1.3824,1.3577,0.0881,pop,71
1.5173,0.3559,0.0387,latin,71
-0.5851,0.869,0.1974,r&b,71
-1.0665,1.1942,0.1775,edm,71
0.3588,0.9818,-1.33,rap,71
1.7172,-1.9147,0.3182,rock,71
0.5337,1.1645,-0.9583,latin,71
-0.6386,2.2276,1.0415,latin,71
0.2521,1.9477,0.0683,rap,71
0.7631,0.9342,-0.2402,rap,71
-1.0016,-0.1895,0.2561,rock,71
1.1558,0.2403,0.2317,r&b,71
2.0667,0.927,-0.2051,pop,71
0.7917,0.754,-0.6368,pop,71
0.9691,-0.4136,-0.373,rock,71
1.5743,-1.0932,-1.1275,r&b,71
-0.6702,-0.7239,-0.8268,edm,71
-0.3398,1.3003,0.4605,edm,71
-1.0414,-0.1712,-0.5041,rock,71
1.3152,1.4871,-0.0701,pop,71
-0.0684,0.9358,-1.562,rap,71
1.0672,1.2243,-0.6051,rap,71
-1.3642,1.2417,-1.4456,rap,71
1.1971,-0.6965,-0.8555,r&b,71
-0.1382,0.1722,-0.0212,latin,71
0.6043,0.8154,1.0897,pop,71
0.4012,-0.7616,2.2508,rock,71
0.1164,1.8374,1.2108,rock,71
0.799,1.0766,-1.3238,rap,71
2.0331,-2.2736,-1.5985,rock,71
1.3523,-1.3944,-1.1757,rap,71
0.4918,1.8331,0.1966,latin,71
0.9625,-0.981,-0.7306,rock,71
1.6305,0.5962,0.0745,pop,70
-0.0704,1.2537,0.6736,latin,70
-0.5896,1.6067,-0.2215,rap,70
0.622,0.1183,0.4191,pop,70
1.0306,-0.0951,-0.9288,rap,70
-0.266,0.4213,0.6053,edm,70
0.936,-0.5724,0.1117,pop,70
-4.4164,-3.0502,-0.4482,pop,70
-1.0059,-1.4154,0.8737,r&b,70
0.0814,2.2349,1.8369,r&b,70
-0.1992,0.8597,-1.6002,rock,70
0.4097,-0.1224,-0.0673,rap,70
0.5205,0.5725,0.2331,pop,70
1.6567,0.3422,0.1376,rap,70
0.4016,0.5558,0.4152,rap,70
0.0506,-0.4501,-0.728,edm,70
0.5351,1.5372,0.4996,latin,70
0.8187,-0.7447,-0.6995,r&b,70
-0.0272,-0.0297,0.4688,r&b,70
0.838,-0.6973,-0.1892,pop,70
-2.1115,-0.1554,-0.9305,pop,70
0.7351,0.5004,0.8997,rock,70
-1.2534,-0.9392,-0.606,r&b,70
0.8075,1.0525,0.4177,rock,70
2.1149,-0.5199,-1.2,rock,70
2.2083,0.159,1.0498,r&b,70
-0.3796,0.6757,0.2107,latin,70
0.6673,0.9184,1.6879,edm,70
-0.014,0.7431,-1.4694,r&b,70
0.9556,1.4834,1.3661,latin,70
2.2363,0.0769,-0.6752,rock,70
0.6141,1.7676,-0.2319,rap,70
-0.799,0.4147,0.7389,rock,70
-0.7541,-0.1534,0.591,rock,70
1.3911,2.0662,0.9953,r&b,70
1.0592,1.0251,-0.9885,edm,70
-0.2536,-1.0499,-3.1497,edm,70
1.0625,-0.2392,-0.1182,pop,70
0.3575,0.8382,0.748,r&b,70
2.0952,0.5717,-1.4419,rock,70
0.0683,0.8625,1.0934,r&b,70
-0.2351,1.4104,0.5778,r&b,70
0.9823,-1.2946,0.0434,rock,70
1.3378,1.4863,0.9812,pop,70
-1.3496,1.2717,-0.2797,latin,70
0.1362,0.9074,-1.1903,latin,70
2.0902,-0.1187,0.0954,pop,70
0.2393,-0.3571,0.9904,pop,70
-0.1594,0.3769,0.004,rock,70
0.1643,1.9368,0.5976,r&b,70
1.2901,-0.5271,0.6159,rock,70
0.4657,0.0189,0.6401,r&b,70
-0.4722,0.1146,0.9571,r&b,70
-1.2065,1.712,2.3508,rock,70
1.8639,0.2069,-0.9941,pop,70
-0.7689,0.6044,1.8577,pop,70
-0.5117,-0.2525,0.5005,r&b,70
-0.3906,-0.8603,0.7226,rock,70
-2.3525,-2.2924,0.1653,rock,70
0.2145,-1.401,0.0622,pop,70
2.1102,-0.5248,-1.5619,edm,70
1.4846,0.9436,0.276,latin,70
0.9472,-2.0199,0.0294,rock,70
0.5195,1.2013,0.7563,latin,70
1.6895,1.7048,0.6945,pop,70
0.4724,-0.1653,-0.5701,latin,70
0.5354,0.4664,-0.0422,pop,70
1.3609,-0.1921,-1.5987,pop,70
0.7835,-0.3097,-0.8055,latin,70
-1.2989,0.2803,0.4387,rock,70
-0.077,1.0093,-1.4652,r&b,70
1.3131,1.4034,1.5953,pop,70
0.8228,1.5862,-0.2441,pop,70
0.4799,1.5866,-0.3937,pop,70
-0.2307,1.3713,0.407,pop,70
-1.5076,-0.3278,0.5012,r&b,70
0.6491,0.376,1.0724,pop,70
-0.6905,1.2867,-0.8083,r&b,70
0.5553,0.1795,0.9173,pop,70
1.2352,1.733,0.8413,latin,70
-1.8264,-0.6075,-2.0815,r&b,70
-5.0373,-2.0661,-1.6366,r&b,70
-1.0501,-0.8885,0.4418,rap,70
-1.2909,0.6253,-0.3204,r&b,70
-1.1262,-1.1093,0.5242,pop,70
-0.8922,-0.2085,0.3876,pop,70
-0.1054,0.2515,0.8856,pop,70
0.524,-3.151,-0.9485,rock,70
0.7572,0.0244,-0.6945,pop,70
-2.2423,0.8035,-0.0015,rap,70
-1.972,-1.269,-0.7448,r&b,70
0.9947,0.3967,-0.6219,edm,70
-2.252,2.1818,-0.6352,r&b,70
0.407,1.318,0.5652,r&b,70
-0.017,1.1241,0.6105,rap,70
1.7526,1.1391,0.4847,pop,70
-1.1556,0.1257,0.1584,rap,70
0.7753,-0.1059,-0.5356,pop,70
-0.0364,0.963,-1.5781,rap,70
-1.0607,0.3246,0.6782,r&b,70
0.7165,0.1197,-0.0931,rock,70
-1.3843,0.298,-1.7243,r&b,70
1.3627,-1.3402,-0.6785,rock,70
1.6296,-1.1134,-0.5451,rock,70
1.1202,0.4413,-0.4013,latin,70
-0.7599,-0.8202,0.0797,rock,70
0.4195,2.2882,0.8269,rap,70
0.8597,-2.0529,-1.223,rock,70
-0.0257,-0.5194,0.232,pop,70
1.5722,-0.8662,0.7525,edm,70
1.1906,-1.8447,-2.7702,pop,70
-0.7229,-1.4504,-2.9496,pop,70
-0.2074,-0.4555,-2.6781,latin,70
0.1863,-0.6597,0.0687,pop,70
2.3388,0.1895,-2.0291,edm,70
0.434,-0.233,-0.3372,rap,70
-1.2717,0.5519,1.075,rap,70
0.2691,1.0938,-0.0124,rock,70
0.3467,0.1936,1.1463,rock,70
0.1356,1.1272,1.1114,latin,70
-0.7988,2.0211,1.0476,rap,70
1.4633,0.8603,-1.2168,pop,70
2.0429,-0.3742,-0.9176,rock,70
2.0574,-1.6074,-0.8703,rock,70
1.1142,-0.5544,0.0573,edm,70
1.305,-0.0736,0.4981,edm,70
1.0334,-0.4808,-0.1986,pop,70
0.0232,-1.3262,1.5698,rock,70
0.4203,0.2317,0.032,rap,70
0.637,0.4608,0.5394,rap,70
-1.0498,0.881,-0.3009,rap,70
0.3502,-0.7884,-0.9533,pop,70
0.5953,1.4672,0.8716,r&b,70
-1.2595,-0.5018,-0.3217,r&b,70
1.2353,-2.1689,-0.6231,rock,70
-1.0626,0.4164,-0.4509,rock,70
-1.8641,-0.1619,-2.1355,rap,70
0.343,1.226,-0.9999,latin,70
1.344,-1.1237,0.0617,edm,70
-0.7272,-1.9148,-0.6893,rock,70
-0.7291,1.3945,-1.8391,r&b,70
-1.2526,1.073,0.8962,rock,70
0.7527,1.4547,0.9848,rock,70
-2.9946,-1.9138,0.44,rock,70
1.4146,1.7655,0.8212,latin,70
1.8564,0.6637,-0.672,latin,70
1.6673,-0.9442,-0.4111,rock,70
-2.8951,1.4313,-2.6439,latin,70
1.0561,2.1578,-0.2186,latin,70
0.3171,1.5572,0.4493,latin,70
-0.6967,0.5457,-0.5026,pop,70
-4.6384,-0.2264,1.1612,latin,70
0.733,0.3177,0.8154,pop,70
1.6094,0.5978,0.7684,pop,70
0.3093,2.0466,-0.4644,rap,70
0.2525,-0.0011,0.3779,rap,70
0.372,0.499,-0.0832,edm,70
-1.813,-0.8819,-0.0195,rock,70
1.5679,1.4068,0.805,edm,70
0.4067,0.6109,0.0154,latin,70
0.269,0.7686,0.7842,latin,70
0.2644,1.0787,0.2138,latin,70
1.1761,0.4644,-1.5897,pop,70
1.2745,-1.0551,0.3496,rock,70
0.6842,1.7153,0.964,rap,70
-2.9113,0.4419,-0.3814,latin,70
-3.0648,-0.2304,0.5131,r&b,70
1.5028,0.1995,0.1734,pop,70
0.8959,0.5536,0.7144,rock,70
-1.2089,1.4484,-0.5099,rap,70
-0.8384,0.1581,-0.0932,pop,70
0.4972,0.2377,0.2991,pop,70
0.9824,0.7476,0.5551,pop,70
-1.7907,0.4712,-1.3407,r&b,70
-0.5039,0.448,0.4402,rap,70
-1.3352,0.6273,0.1527,r&b,70
-0.3415,0.6508,-1.6055,rap,70
-1.0911,1.8635,-1.1106,rap,70
-0.0822,1.442,-0.0588,rap,70
-0.4735,-1.6095,-0.8296,latin,70
0.5987,0.9441,-0.4694,rock,70
1.6804,0.5574,0.132,pop,70
-3.1742,-2.6859,-0.5927,rock,70
1.2202,0.3769,0.5108,rock,70
-0.2522,1.4591,-0.245,edm,70
-0.5636,-2.1692,-0.4025,latin,70
2.3115,-1.9082,-0.7476,rock,70
-0.1415,0.9613,-0.304,pop,70
-1.0719,1.88,-0.2272,r&b,70
0.9089,0.4984,-0.0176,pop,70
0.011,1.1258,1.1224,r&b,70
1.4655,0.2458,-0.111,pop,70
0.4175,0.6785,-0.1927,latin,70
0.6525,1.0818,0.7908,latin,70
1.3243,-1.9877,0.1344,rock,70
0.7164,-0.094,0.0084,pop,70
0.0244,0.4995,0.0314,pop,70
0.4593,0.6836,0.8014,pop,70
-0.176,-1.2236,-1.3875,edm,70
-2.3921,0.4405,0.2952,latin,70
0.8477,-0.899,-0.4946,rock,70
-1.8169,0.8022,1.3366,rock,70
-3.2792,1.4333,0.2319,rock,70
1.5729,1.1418,0.3462,pop,70
-0.2285,-1.2516,-0.6947,r&b,70
-0.7759,1.8869,0.0351,rap,70
0.6094,1.275,-2.3902,rap,70
0.5492,1.811,-0.0637,rap,70
0.0167,-0.9064,-0.0251,rock,70
-0.3428,-1.6264,0.131,rock,70
0.7048,0.3202,4.1253,pop,70
-1.1491,1.0169,0.3822,edm,70
0.125,-0.4043,0.4436,pop,70
0.0766,-1.6526,0.151,rock,70
2.1515,0.1149,-0.1909,pop,70
0.7181,0.4446,-0.0865,pop,70
0.4129,1.2352,-0.6646,rap,70
-0.8201,2.8559,-0.4586,rap,70
0.1126,0.3234,-0.9895,rap,70
-0.0424,1.1724,-1.2724,rap,70
-0.4714,1.0854,-1.4678,r&b,70
0.2232,0.5879,0.1284,rap,70
1.0421,1.2905,0.9783,pop,70
-0.0113,0.1208,-0.1569,r&b,70
0.5747,1.1455,-1.0684,rap,70
0.0376,1.9051,-1.5357,r&b,70
-0.4209,0.5379,1.045,pop,70
1.0645,-0.2988,-0.2808,rap,70
0.9167,1.5483,-0.149,r&b,70
-0.0619,1.8648,0.9273,r&b,70
0.1718,0.0228,-0.4614,rap,70
0.2129,1.6291,-0.7887,rap,70
-2.8561,0.0206,-0.5151,rap,70
0.5804,-0.8683,0.5204,r&b,70
-0.8243,1.6996,-1.1043,rap,70
0.3533,-0.6246,-0.4606,rap,70
-0.3272,0.5667,-0.0308,rock,70
1.9585,-0.5997,0.2286,rock,70
-2.161,-1.9923,-0.8246,latin,70
-0.9205,2.4493,-1.1157,r&b,70
-2.9335,-0.0535,-0.2557,latin,70
0.5434,-2.1872,0.089,rock,70
1.6508,-0.8226,0.166,rock,70
-1.0506,1.1987,0.3556,r&b,70
-0.9135,0.106,-0.1572,pop,70
-0.4125,-2.248,-0.8463,rock,70
-0.6128,0.6857,-0.1568,r&b,70
0.9125,1.593,0.9813,latin,70
-1.4125,1.1779,-1.4298,rap,70
-1.6392,1.4407,1.1879,r&b,70
0.0957,0.7216,1.031,latin,70
0.7141,-0.5765,-0.1569,pop,70
0.5787,0.4604,0.0218,rap,70
0.3655,-2.0638,-1.0818,pop,70
-1.4346,0.4961,1.4914,rock,70
0.0371,1.542,0.4422,latin,70
-0.4411,-0.2488,2.077,pop,70
1.2852,0.4728,0.2438,pop,70
1.1525,0.3009,-1.7539,latin,70
-0.2484,1.9092,-0.118,latin,70
-0.2366,0.2649,0.6147,rap,70
1.2263,1.261,0.7997,latin,70
-5.459,-1.9813,-2.3633,pop,70
-0.6162,0.3651,1.7381,rock,70
1.047,-1.0908,-0.698,latin,70
0.9295,-0.5776,-0.7988,r&b,70
0.477,1.1784,1.3247,r&b,70
-0.1627,-0.9154,0.0354,pop,70
-0.4307,-1.6166,-0.5266,rock,70
0.8193,0.124,-1.8078,r&b,70
-0.3187,-0.147,-2.3571,edm,70
-0.9513,0.9162,-0.0375,edm,70
1.6866,0.7665,0.4168,edm,70
-0.7792,-1.3537,-0.5121,pop,70
0.6618,0.8003,-0.7176,rap,69
-0.9723,0.9296,0.1617,rock,69
1.2055,-0.1835,0.7762,edm,69
1.0017,-1.1143,1.4534,edm,69
-0.3463,1.5687,0.8399,pop,69
1.167,-1.5997,-0.2093,rock,69
0.4171,1.1656,1.2278,latin,69
-3.9532,-0.5256,-1.3614,r&b,69
-0.5638,0.1168,0.387,pop,69
0.9528,0.1567,-0.0457,edm,69
0.0742,1.6604,-0.1081,rap,69
-2.5754,0.3356,0.0745,r&b,69
1.5504,-0.1374,-0.9075,pop,69
0.4735,0.3391,0.4659,pop,69
0.1238,-2.2151,-0.6323,rock,69
0.5622,-0.143,0.1329,rock,69
0.9384,-1.5836,-0.7052,edm,69
-0.0597,1.0162,0.2222,latin,69
-1.1799,0.1124,0.0918,r&b,69
-1.5591,0.5366,-0.3286,rap,69
-0.9104,-0.9223,0.4918,r&b,69
-0.6829,1.5517,0.3685,rap,69
0.8685,0.033,0.8037,edm,69
-0.5745,-1.5998,-0.4695,rock,69
0.1003,0.2105,1.2278,pop,69
0.5211,-0.785,0.5686,rock,69
1.7759,1.3404,0.7021,r&b,69
0.1728,0.7683,-0.0849,latin,69
-2.2263,-1.7454,0.7673,rock,69
-4.1309,0.1633,-0.5379,pop,69
1.5379,0.2751,0.5564,rock,69
-0.344,0.3011,0.224,latin,69
1.0888,1.3026,1.0148,latin,69
0.743,1.0167,-0.1991,latin,69
1.7682,-1.2536,-1.417,rock,69
-0.4115,0.4515,0.5026,rap,69
0.7153,-0.2529,-0.8728,rap,69
-1.1191,0.498,1.7603,rock,69
1.7949,-0.0665,-0.3664,latin,69
0.7051,0.5248,0.7986,edm,69
-1.2687,1.1764,0.7807,edm,69
0.5704,0.9903,0.1746,rock,69
0.5122,-0.1513,-0.9929,r&b,69
0.6476,1.6766,-1.151,rap,69
-0.4248,0.142,0.5006,rock,69
0.8465,-0.8093,-0.1696,edm,69
0.6768,-1.11,-2.593,latin,69
1.0314,-0.0862,0.2662,rock,69
1.0813,-0.9455,-0.3738,edm,69
-3.1486,-1.0259,-0.4932,r&b,69
-3.3673,-2.8152,0.9693,rock,69
1.7514,0.539,0.227,rock,69
1.363,1.07,0.0666,edm,69
0.7507,-0.9932,-0.1447,edm,69
0.3032,0.4042,-0.5687,rock,69
1.659,-0.546,-0.6448,rock,69
0.5301,0.2131,-0.0518,latin,69
2.0566,1.1888,0.3845,latin,69
-2.2398,0.9626,1.2675,latin,69
-0.7291,-0.0294,-1.3513,rap,69
2.1467,-0.9485,-1.347,pop,69
0.3545,1.2101,1.0117,pop,69
-0.2861,1.461,0.0555,pop,69
-1.2558,0.5197,-0.2839,latin,69
-1.3824,1.6441,0.641,pop,69
0.5818,1.2176,-0.0386,latin,69
0.8002,0.6771,0.1999,latin,69
0.9949,1.2081,0.1711,pop,69
-0.197,0.5967,1.8299,r&b,69
-2.1228,-1.7198,-0.1444,rock,69
0.5562,-0.3538,-0.9877,rap,69
1.3937,0.0335,0.2466,edm,69
1.7348,-1.7288,-0.1454,rock,69
0.9568,-0.1664,0.1944,latin,69
2.0087,-0.0552,-0.5883,rock,69
-0.0828,0.6688,-0.8371,pop,69
-0.882,-0.21,-0.7007,pop,69
-1.9939,0.0411,0.6392,pop,69
-0.096,1.0483,-1.3898,latin,69
-1.889,1.8023,-0.8344,rap,69
-0.5719,0.3218,0.0335,latin,69
-3.3665,0.0779,0.6625,rock,69
-0.805,1.516,1.0957,latin,69
1.6432,1.8464,0.3348,latin,69
0.3674,2.3383,1.0804,rap,69
-2.4659,2.0265,-1.5451,pop,69
-0.1242,-1.3267,0.271,rock,69
2.3659,0.4138,-1.1794,rap,69
1.1127,2.5339,1.0315,pop,69
2.2049,0.0662,-0.3989,latin,69
1.435,0.9491,0.7372,latin,69
-2.1942,-1.4886,2.0222,rock,69
0.3992,1.4676,0.2173,pop,69
1.7194,0.1911,-0.799,rock,69
2.1881,0.0068,-0.1972,rock,69
-0.0979,1.2116,0.1951,rap,69
0.0567,1.4834,-0.1706,rap,69
1.545,-0.5346,-0.0417,rock,69
0.6386,0.2328,-0.394,r&b,69
-1.7522,0.4609,0.3752,r&b,69
-2.189,1.1504,0.7914,rap,69
-0.3009,1.3301,0.5371,latin,69
1.0817,0.0802,-0.2231,pop,69
-0.0452,-0.9514,-0.4416,pop,69
1.3742,0.801,0.1152,pop,69
0.4453,0.1174,0.5127,pop,69
-2.4708,0.3634,0.6011,rock,69
0.1164,-1.5678,0.0183,pop,69
0.4852,-1.8274,-0.0292,rock,69
0.7901,0.8452,0.7814,rock,69
1.1298,-1.7549,-1.0086,edm,69
1.161,0.9071,0.6054,pop,69
-1.475,-0.7593,-0.0274,latin,69
-0.8812,-1.8474,-0.9868,latin,69
1.1258,0.8378,0.5007,rap,69
1.8213,1.3441,0.7552,pop,69
-1.0453,-2.4137,-0.9167,rock,69
0.6877,0.854,-1.1991,latin,69
-0.6984,0.2783,1.0395,latin,69
1.8149,0.3084,-1.6607,pop,69
-2.0262,1.4839,-1.1768,r&b,69
-0.7447,0.9183,-1.5505,rap,69
-0.0027,2.171,-0.1387,rap,69
1.3214,1.4586,0.1775,latin,69
0.7611,1.0012,-0.0407,latin,69
1.6986,-1.9971,-0.4255,rock,69
-0.1231,0.8651,-0.7081,latin,69
0.6677,-1.1053,0.3361,rock,69
0.1206,-1.8737,0.8013,rock,69
0.7657,-0.035,0.7854,rock,69
0.2878,-2.4763,-0.5347,rock,69
-0.2701,2.4813,1.1449,rap,69
0.8727,1.5241,1.0399,rock,69
-0.6335,0.9147,0.1763,r&b,69
-0.1207,-1.8941,-0.2116,pop,69
0.074,1.4813,-0.1663,pop,69
-1.1313,-0.0138,0.6052,rock,69
-2.3601,1.6541,-1.0447,edm,69
1.2356,-1.0563,-0.4186,pop,69
2.0028,1.1172,0.6965,edm,69
0.3979,0.0626,-0.9007,latin,69
-0.1147,0.5661,1.6091,rap,69
-1.506,-0.862,1.0125,latin,69
1.779,-0.7928,-0.2747,rock,69
1.8294,-0.1604,-0.1665,edm,69
-1.3664,-1.3773,-0.2965,r&b,69
0.9233,-0.1129,0.3223,pop,69
0.3244,1.0657,0.4112,latin,69
-1.1328,2.8255,-0.4406,rap,69
1.5979,1.6416,0.54,latin,69
1.8463,0.6484,-0.4782,pop,69
1.3988,-0.9496,-1.0401,edm,69
-1.6838,0.5789,-0.031,pop,69
-0.7092,-1.1627,-2.13,r&b,69
-1.2508,-1.0481,-0.8772,latin,69
-0.1322,-0.2519,-2.923,edm,69
0.3521,-0.742,-2.4759,edm,69
-0.8295,-0.2735,0.0796,r&b,69
-1.6039,1.1277,-0.5319,r&b,69
1.1954,-3.0916,0.5538,edm,69
-0.6826,-0.9941,-0.5627,r&b,69
-1.5747,0.2773,-0.0958,r&b,69
0.4201,1.9082,-0.3909,rap,69
0.4924,0.9312,-0.1393,rap,69
1.7486,0.2542,-0.598,edm,69
0.6457,0.7615,0.0723,r&b,69
-0.7995,2.6988,-0.6112,r&b,69
1.3818,1.1329,-1.1615,edm,69
-0.8535,-1.2356,0.3776,rock,69
-0.9854,0.6729,0.5082,rock,69
-0.3449,3.2876,-0.205,r&b,69
0.2316,0.9471,0.4221,rap,69
1.7052,-1.9665,-0.3348,rock,69
2.0566,0.1159,-0.2496,pop,69
-0.0594,1.444,0.6846,latin,69
-0.1351,2.3043,-0.508,rap,69
0.9532,1.4461,0.8749,latin,69
1.283,-0.92,0.2184,rock,69
0.7911,0.8324,-0.5874,pop,69
0.3279,1.0045,1.0075,pop,69
0.3291,-0.1162,-0.3284,pop,69
-3.2282,-0.4469,-0.2168,r&b,69
1.2558,1.1821,0.341,latin,69
-1.3966,0.4242,-0.1621,r&b,69
-0.7482,0.2926,-1.0397,r&b,69
0.8978,-0.8778,-0.1021,pop,69
0.9376,1.3242,0.2465,latin,69
-2.1175,-0.5906,0.1749,pop,69
0.2754,0.338,-0.0389,rap,69
2.4039,-1.5457,-0.8458,rock,69
1.5308,-2.3483,0.1521,rock,69
-0.3451,0.5817,-1.6854,pop,69
0.8991,-0.5927,0.1077,rock,69
0.0014,1.0376,-2.6583,r&b,69
-0.2867,0.735,-0.4295,r&b,69
1.0241,0.4099,0.6346,edm,69
0.7237,-1.0501,0.6796,latin,69
0.5671,1.0735,-1.9935,latin,69
-0.7181,1.3363,-0.5114,r&b,69
-3.1674,1.3346,-0.9471,r&b,69
0.932,2.0341,0.7502,rap,69
0.52,-1.0137,-2.0275,rap,69
-0.6482,0.2125,-0.8444,r&b,69
0.0818,-0.316,0.0399,r&b,69
-0.0643,-0.2017,-1.1877,r&b,69
-2.7198,0.0288,-1.3247,r&b,69
-3.8964,-1.5933,-1.0512,rock,69
1.0979,0.127,0.7143,pop,69
2.1846,-1.356,-0.964,rock,69
-1.9134,-0.4524,-2.2928,r&b,69
-0.9772,0.5976,-0.0599,latin,69
0.1617,0.4951,1.0767,latin,69
1.3976,-0.0095,-0.8991,latin,69
-0.2479,1.8048,0.2961,rap,69
0.4772,2.22,0.3701,rap,69
0.4805,1.9744,0.741,pop,69
-0.8543,0.3193,0.815,pop,69
-3.45,-0.1833,-0.5716,latin,69
-0.136,-0.0269,-0.3314,r&b,69
0.1875,1.8512,0.3147,rap,69
0.9202,0.5352,-0.011,rap,69
0.5868,1.1068,0.1319,r&b,69
-1.1375,-0.6847,-0.6051,rock,69
0.5307,1.9536,0.7199,rap,69
-0.5504,1.4529,0.9299,r&b,69
-0.854,0.759,-0.3934,rap,69
0.5563,2.0835,0.2363,r&b,69
0.795,-1.0283,-0.6125,r&b,69
0.7497,2.2271,-0.0226,rap,69
-1.7874,-0.1585,-1.1899,r&b,69
-4.0595,-0.7032,-0.0266,latin,69
1.7335,0.0749,-0.1668,pop,69
2.2444,-0.5293,-2.4438,rock,69
1.3132,0.3201,-0.1964,rock,69
1.2503,-0.5469,0.175,rock,69
0.9997,2.147,-1.7747,rap,69
1.2493,1.3477,1.1444,latin,69
-0.7158,0.9893,-0.3787,r&b,69
1.6952,-0.0603,-0.0162,pop,69
-3.5454,-1.559,-1.1483,r&b,69
0.173,0.5307,-0.2322,r&b,69
-3.6467,-0.3844,-0.256,r&b,69
-0.7594,1.4969,0.5779,latin,69
-3.256,-0.474,-0.7714,rock,69
-1.902,1.0974,-1.1788,rock,69
1.6635,-2.0708,0.9258,rock,69
-1.7208,-1.1025,-0.8239,pop,69
0.996,0.9125,-0.2894,edm,69
1.3783,0.2305,-0.6502,latin,69
2.3899,-2.1123,-1.8066,rock,69
1.2477,0.6914,0.6681,latin,69
0.738,-1.6892,-0.1696,rock,69
1.8799,-0.5821,-0.4171,rock,69
-1.6299,-0.7005,-1.2585,latin,69
-0.4531,0.2891,-0.0984,edm,69
-0.8041,0.3863,-1.1862,pop,69
-1.1153,0.7726,0.0747,r&b,69
-0.9041,0.6226,-0.1243,pop,69
-3.1762,-0.2476,-0.9964,pop,69
1.4008,-0.606,-1.1095,rock,69
0.4104,-0.904,0.8233,rock,69
0.8071,-1.4025,-1.0344,pop,69
-1.3848,0.6885,-0.4288,rap,69
-2.1248,0.7427,0.8757,rock,69
0.9629,0.3346,0.0955,pop,69
0.3565,1.6516,0.7102,pop,69
1.6997,-0.8024,-0.1261,rock,69
-0.6091,0.7152,-0.0672,rap,69
-1.7118,-2.1736,0.9926,rock,69
-1.4885,-0.0298,-0.0414,pop,69
1.7614,-0.7622,-0.1091,edm,69
-2.0431,0.1335,-0.0848,pop,69
-2.07,-1.7135,-1.4449,rock,69
-0.7392,-0.3586,-0.193,r&b,69
0.8988,1.7847,-0.672,rap,69
0.8059,-0.233,-0.3817,r&b,69
1.1563,-1.0049,0.0695,rock,69
-0.4583,0.6646,-0.2166,r&b,69
-1.2086,2.2848,-0.3226,r&b,69
2.1914,-2.566,-2.0769,rock,69
-0.2669,-0.0654,0.4534,pop,69
-0.3858,1.6699,-0.1585,rap,69
1.1121,0.5607,1.0246,latin,69
-0.8241,1.0206,-0.8903,rap,69
-0.2127,-1.1922,-0.2068,rock,69
0.1243,-0.2153,-0.0449,pop,69
1.2305,1.0042,0.1629,rock,69
-0.0971,0.3355,0.2896,r&b,69
-2.3356,-0.3806,-1.6513,r&b,69
-0.3719,-0.425,-1.4681,latin,69
1.1367,0.6563,0.7942,latin,69
-3.1062,2.1376,0.1922,pop,69
-0.1452,2.175,0.4165,rap,69
0.9784,-0.5346,-0.5203,pop,69
-0.5864,1.794,-1.7117,rap,69
0.7316,0.698,-1.2565,latin,69
1.7323,-1.7613,-1.1895,rock,69
-0.2776,-1.9705,2.1211,edm,69
-1.3526,1.4922,-1.8662,latin,69
1.9888,-0.5015,-0.686,rock,69
0.6443,0.6602,1.1773,latin,69
0.1351,1.2481,-0.0907,r&b,69
-1.273,1.6213,0.2341,r&b,69
1.8374,0.6762,-0.1222,rock,69
0.285,0.3398,1.174,rap,69
0.5134,1.371,1.2853,latin,69
-1.5932,1.2015,-1.3455,r&b,69
-0.6216,0.2273,0.077,r&b,69
1.3485,-0.1333,-1.9921,pop,69
-0.7699,-0.6916,-0.9084,rap,69
-0.1255,-0.0935,-0.7603,rap,69
0.2638,0.053,2.2622,rap,69
0.1898,-2.425,-1.6128,r&b,69
0.5329,0.8223,0.4861,latin,69
0.0296,-1.3309,-0.519,pop,69
-1.4765,-1.876,-1.2053,rock,69
1.2453,-1.2843,0.4188,rock,69
-0.6939,0.2402,-0.6807,latin,69
-1.3043,-2.3098,-0.3127,rock,69
1.1044,0.5751,0.3852,pop,69
0.4792,-2.2711,-0.1747,edm,68
-0.1288,-0.5447,-0.2864,r&b,68
-1.0066,-0.5404,0.308,rock,68
0.49,0.9374,-1.8795,rap,68
1.8319,0.1154,-0.6381,pop,68
0.6872,-1.1706,0.9353,rap,68
0.8127,1.5689,0.5985,rap,68
1.8946,-1.2505,-1.3121,rock,68
-1.0899,1.0484,2.0168,rock,68
1.0263,0.3484,-2.0842,latin,68
0.5868,0.7391,1.5268,rap,68
-0.0265,-0.0132,1.0781,latin,68
2.9536,-1.218,-1.1942,rock,68
2.1222,2.1911,0.2517,r&b,68
0.5832,0.0756,-0.0663,edm,68
1.0764,-0.012,-3.2655,rap,68
-2.5924,-0.4239,0.1013,r&b,68
0.1586,-0.2775,0.364,rock,68
1.0504,1.7557,1.2916,latin,68
1.2267,0.5992,0.702,edm,68
-0.4024,0.4442,-0.6781,rap,68
-1.1515,0.0673,0.4515,latin,68
0.0492,1.4823,1.0988,pop,68
-1.1792,1.4835,0.8591,latin,68
1.3694,0.7504,-0.2418,r&b,68
0.4381,-0.4261,0.6777,r&b,68
0.6572,1.7074,1.4138,rap,68
0.8284,1.3586,-3.4721,rap,68
-0.2257,0.2092,-0.7266,rap,68
-1.0302,0.0017,-2.0236,rap,68
-0.3689,1.3231,0.2282,rock,68
-1.6884,-0.5247,0.2203,r&b,68
0.2299,0.9186,-0.4276,rap,68
1.517,0.1144,0.1107,edm,68
-0.8431,-2.3753,-0.2108,rock,68
2.4176,-1.1746,-1.5056,rock,68
0.803,1.6508,0.5808,latin,68
0.5166,1.7224,1.4529,pop,68
-1.7466,-1.2564,-0.1266,latin,68
0.4003,-0.5543,0.0548,rock,68
-1.7585,-0.5093,0.0229,pop,68
-0.3642,-1.3621,-1.1782,rock,68
0.7717,1.6193,0.975,rap,68
-1.1228,1.6618,0.0555,pop,68
-2.3573,2.1228,-0.7057,rap,68
1.6113,0.7413,0.5292,pop,68
-0.2394,0.8774,-0.1958,rap,68
0.6281,0.983,0.3942,latin,68
-1.2714,0.7773,0.4946,rock,68
1.2335,1.1526,-1.611,edm,68
0.3029,-2.2466,-2.8324,latin,68
-1.4326,-0.1914,-0.1974,latin,68
0.5452,0.7652,0.862,latin,68
0.5557,-0.457,0.1108,pop,68
-0.1215,0.3665,-0.086,pop,68
1.0216,-0.7579,-0.1062,pop,68
1.5991,0.327,0.574,rock,68
0.6703,2.1152,0.729,latin,68
0.8457,0.4037,-1.0441,r&b,68
-2.3934,1.3339,-1.0453,rap,68
2.1429,0.4848,-0.8035,pop,68
1.6101,0.536,0.3036,latin,68
0.8837,-0.8318,-0.1661,edm,68
-1.1531,-0.4196,-0.0824,pop,68
-1.272,1.5496,-0.2714,pop,68
-1.0991,-0.1279,-0.0754,rap,68
0.9133,-0.6374,-0.2959,edm,68
1.9004,-1.0571,-0.767,edm,68
-1.0779,0.4671,-0.1137,r&b,68
-0.3402,2.4369,-0.835,latin,68
0.1407,-0.1384,0.3103,rap,68
0.1611,1.2551,-0.3957,rap,68
1.1096,1.7475,-1.0131,latin,68
0.5131,0.1999,0.0097,pop,68
-1.0826,-2.0512,-1.1176,latin,68
1.9291,1.6145,0.753,latin,68
0.1542,0.1682,0.5053,pop,68
1.8933,-1.9206,-0.9202,rock,68
0.5395,1.7754,0.9085,latin,68
2.2166,-0.8945,-1.3764,edm,68
-0.2115,-0.1065,0.2016,r&b,68
-0.294,0.714,1.1953,pop,68
1.7896,-1.3951,-0.7007,rock,68
-0.3266,-0.3759,-0.5009,rap,68
-0.6362,1.0952,0.6702,r&b,68
0.9939,0.2059,1.2213,latin,68
0.4938,-0.1378,-1.0358,rock,68
0.4552,0.4671,0.4399,r&b,68
-0.3138,2.3958,0.1196,latin,68
0.9217,0.5528,0.9276,latin,68
0.2782,2.9754,0.7308,latin,68
1.2354,1.4565,0.1985,latin,68
0.7818,0.5373,-0.2211,latin,68
0.8878,-1.7688,-2.0678,rap,68
-0.5265,2.9275,-1.2559,rap,68
-0.0499,0.0213,0.3759,pop,68
1.1345,0.2836,-0.0244,pop,68
2.0878,-1.3716,-2.0522,rock,68
1.5518,1.2448,0.2068,pop,68
-1.9787,1.6058,-0.7117,r&b,68
0.2613,-0.7455,-0.5643,rap,68
0.1224,2.1276,1.5052,rap,68
-1.1677,0.5664,-0.1718,rap,68
-1.3889,2.8805,-1.3172,rap,68
0.0172,-1.2017,0.7202,latin,68
0.042,1.162,-0.1176,rap,68
0.4913,0.1317,-0.0483,rap,68
0.4098,-1.2253,0.9176,rock,68
-1.598,-0.172,2.556,pop,68
1.1854,0.4221,0.808,pop,68
-2.3604,1.9956,-0.7359,pop,68
0.4292,2.1449,-0.1222,rap,68
-0.7586,-0.5604,-0.1608,r&b,68
-2.8402,1.9191,0.0767,rap,68
0.1532,-0.0279,1.5343,latin,68
-0.7215,1.4758,-0.013,rap,68
0.8573,1.6007,-1.4873,rap,68
-0.6987,-0.714,0.031,rock,68
0.3552,-0.7277,-1.178,pop,68
-0.6316,-0.3843,0.7546,rock,68
1.5219,1.7628,0.6835,latin,68
-1.6834,0.97,-0.6089,rap,68
-0.0684,-0.4694,-1.443,rap,68
-0.2551,0.2617,-0.4128,rock,68
-3.4461,-0.858,-0.611,r&b,68
-0.8627,0.9114,-0.5661,r&b,68
-0.0542,-0.4048,0.5736,r&b,68
0.3875,-0.0351,0.4282,pop,68
0.0282,0.4296,-0.1075,pop,68
1.3458,-1.7185,0.8601,rock,68
1.5775,-1.3361,-0.2456,pop,68
0.9765,-0.0468,-0.1667,pop,68
0.6393,0.5165,-1.7826,rap,68
2.6882,-1.0206,-1.0533,rock,68
0.9155,1.7243,1.065,edm,68
1.3019,-0.2775,0.1611,edm,68
0.3706,0.7107,0.6969,rap,68
0.7092,0.2002,-0.1925,rap,68
0.7428,-0.4692,0.2801,r&b,68
1.5733,-0.3046,-0.4377,pop,68
1.819,1.7778,0.9567,latin,68
-0.8728,-0.219,0.1609,rap,68
-0.4082,1.9076,0.3189,rap,68
1.4795,0.4777,0.1164,pop,68
0.6327,-2.1782,-0.9131,rock,68
1.3712,1.1158,0.9517,pop,68
1.4671,0.5831,0.5136,latin,68
-0.693,1.3497,-0.5644,rap,68
-2.5815,0.1002,-0.3426,r&b,68
-3.847,1.3786,-1.7747,rap,68
0.6201,-0.8635,0.1394,edm,68
0.3494,1.554,0.1572,r&b,68
1.1494,1.0514,1.412,latin,68
0.1622,-1.2253,-0.1843,r&b,68
-2.1123,-1.0246,0.932,r&b,68
1.297,0.9787,0.2621,edm,68
1.8298,1.5233,-0.2252,latin,68
-0.0771,-1.0414,-1.2188,latin,68
-1.0625,0.7428,-0.1548,pop,68
-1.0955,0.0337,1.6601,r&b,68
-1.0316,1.6726,-0.1625,rap,68
0.8147,-0.3625,0.8079,rap,68
0.1861,1.0878,-0.0374,rap,68
-0.6258,1.6133,0.9815,rap,68
0.9229,-0.522,0.4569,rock,68
1.6058,-1.1582,-0.8703,rock,68
1.5279,-1.5016,0.0973,rock,68
0.762,-1.6251,0.9469,rock,68
-0.0726,0.1317,0.0721,pop,68
1.7484,0.5867,0.4489,latin,68
2.1916,-0.6629,-1.4076,edm,68
0.5941,-0.0751,0.3171,edm,68
-0.469,0.3294,0.7909,pop,68
-1.0803,2.8738,-0.0308,rap,68
0.4645,-0.3565,-1.3016,latin,68
-0.9203,-0.5595,-0.3367,rock,68
-1.3516,-0.8537,-0.2988,rock,68
0.7037,0.4952,0.8353,latin,68
2.1205,-1.3665,-0.7635,rock,68
1.4573,-2.9024,-1.1435,rock,68
-0.5129,1.3882,-0.9313,rap,68
0.2541,0.1692,0.3979,r&b,68
1.6026,-0.6021,-0.7204,rock,68
1.7581,1.6022,1.2215,latin,68
-0.4047,-0.7306,0.7266,latin,68
1.2719,1.0322,-0.2896,r&b,68
1.7169,0.9927,-0.4532,edm,68
-2.9605,-1.5981,-0.5951,r&b,68
0.0431,1.8423,-0.356,r&b,68
1.094,-2.6758,0.0008,rock,68
0.7131,0.8272,0.4725,pop,68
1.5383,0.8983,0.0854,rock,68
-3.2447,-0.278,-1.282,r&b,68
1.4432,0.5375,-1.2055,rap,68
1.0306,-0.6075,0.2701,pop,68
0.9601,0.9121,-1.1712,latin,68
-0.1322,0.5501,2.0677,r&b,68
1.3185,0.6342,0.2118,pop,68
0.6086,0.8179,0.8774,rap,68
1.3319,2.2871,0.5575,latin,68
1.4074,-0.1199,-0.4312,rock,68
-0.2054,0.2982,-1.6291,rap,68
-4.7715,-2.1034,-1.7547,rock,68
-4.0759,-1.1592,-0.8187,r&b,68
0.4308,0.4848,0.1197,pop,68
-2.4914,-0.5547,-1.3145,r&b,68
-2.0784,2.4093,-1.3539,rap,68
-0.915,0.6252,0.8115,r&b,68
-0.725,0.8337,0.5218,pop,68
-1.7506,-0.4956,0.1185,rock,68
0.9879,0.6594,0.6248,pop,68
0.7757,0.9994,-1.4836,pop,68
-0.1972,2.4361,0.5918,latin,68
0.4674,0.9645,0.0273,latin,68
0.688,-0.9439,-0.3289,rock,68
-0.1704,0.9347,0.6116,latin,68
1.0509,1.3024,-0.6242,pop,68
-1.8523,2.6972,-1.0056,edm,68
0.7594,-0.1534,0.1249,rock,68
0.2248,-0.4303,0.4478,rock,68
0.2288,-0.1501,0.8473,rock,68
0.4746,-2.1129,0.5902,rock,68
0.5768,-1.1556,-0.7119,pop,68
0.6357,1.654,0.5459,pop,68
-0.0679,0.3449,-1.0008,pop,68
2.191,-0.1076,-0.0675,pop,68
1.0572,0.0569,-0.4784,edm,68
-3.3971,0.4686,-0.5938,pop,68
1.9842,0.9474,-0.3103,pop,68
-0.6975,1.3282,-0.4802,pop,68
0.3514,1.0129,0.7263,pop,68
0.2842,1.592,0.4631,latin,68
-0.8259,0.1627,1.0531,rock,68
-0.4972,-0.0273,0.3401,rock,68
0.1866,-0.2945,0.8118,rock,68
-0.1274,1.2261,1.371,rap,68
0.3868,0.4519,1.0556,pop,68
0.9442,1.8045,0.8545,edm,68
0.7495,0.4494,0.7963,pop,68
-2.198,0.9073,0.2976,rap,68
-0.1141,2.6423,-0.8353,rap,68
-0.8728,1.0538,0.2166,r&b,68
0.9392,-0.4312,-0.0272,rock,68
-0.3314,-0.3691,0.126,r&b,68
1.4714,-0.0176,0.0914,rock,68
0.6834,-0.0296,0.8435,rock,68
-3.5267,-0.0641,-0.4692,rock,68
0.2919,1.2612,-0.2248,latin,68
-0.8214,0.5212,-0.1601,pop,68
-1.4617,1.2084,1.0515,rock,68
0.3227,0.1564,0.6269,rap,68
-0.4444,1.1842,1.2635,rock,68
-0.5553,0.3271,-0.5083,r&b,68
0.7437,0.7754,1.4246,rock,68
0.2269,1.7711,-0.2961,rap,68
-1.5479,1.0217,0.8185,rock,68
-0.7559,0.1405,1.5381,rock,68
-2.7395,1.4244,0.944,rock,68
-2.2067,-0.6141,-0.2601,rock,68
-2.1884,-1.0304,-0.7007,latin,68
-0.1929,-2.4928,2.1314,rock,68
-0.8437,1.5135,0.6992,rock,68
0.1538,-0.0316,0.2527,rap,68
-0.6989,-1.4447,-0.7865,rock,68
1.2088,-0.5794,-1.0688,rock,68
0.9087,-0.102,0.3404,pop,68
-1.536,-1.1436,0.1432,r&b,68
-0.324,1.6601,0.4617,rap,68
-2.9048,0.1036,-0.4474,r&b,68
-1.1419,-0.7677,0.3033,r&b,68
1.5816,-1.1348,-1.0417,pop,68
0.2015,-0.2037,-0.0806,rap,68
-2.8758,1.4416,-0.6099,rap,68
0.1562,0.7177,0.7531,rap,68
-3.3065,-2.3982,0.0682,rock,68
-0.5598,-1.1692,0.7531,rock,68
-1.9051,0.3988,1.1865,rock,68
0.9614,1.3575,1.1118,latin,68
-0.4656,0.7641,0.1335,rock,68
-2.2235,-1.0437,0.0089,rock,68
1.0713,-0.285,1.5955,rock,68
-3.5961,-0.6166,-0.9687,rock,68
1.7735,-0.3659,-0.7623,edm,68
-0.4268,2.7432,0.0145,rap,68
0.7724,-0.7461,0.2331,pop,68
1.4073,0.6835,0.4577,rock,68
-1.8758,0.826,0.027,rap,68
0.6856,1.6998,-1.5608,pop,68
-1.0305,1.1953,0.9884,latin,68
0.7982,-0.6275,0.299,rock,68
-0.1175,-0.5394,0.4056,rock,68
0.3329,0.6683,0.2133,r&b,68
0.6576,-0.7867,-0.4262,pop,68
-4.8764,-1.3099,-2.4744,pop,68
-1.7298,-0.0225,0.7365,pop,68
-0.5316,-0.3731,-1.8502,latin,68
-3.6337,0.1678,-0.883,latin,68
0.1332,1.0358,0.785,rap,68
1.3323,-0.8672,-0.6663,pop,68
-2.1545,-0.2732,-0.8312,pop,67
-0.6081,0.6328,1.2352,r&b,67
0.0991,0.3272,-0.7474,rap,67
0.1739,1.526,-0.3132,rap,67
-0.5896,-1.045,-1.1816,r&b,67
1.0806,-0.0672,0.7313,pop,67
1.2304,-0.7598,-1.2591,r&b,67
0.7391,-0.9447,-1.7971,edm,67
-3.3696,-1.152,-1.2902,rock,67
1.8869,-0.9171,-0.6463,pop,67
0.5525,1.3457,0.6233,pop,67
-0.8388,-0.2904,0.009,rock,67
1.2766,1.5913,-0.5934,latin,67
-1.3633,-0.0901,-0.4763,rap,67
0.5911,0.9193,0.7054,latin,67
1.6373,0.8924,0.2549,edm,67
0.1224,-0.1368,0.4487,pop,67
-0.6563,0.0946,0.0677,latin,67
0.8709,-0.0703,-0.1166,pop,67
0.5171,0.0812,-0.6212,rap,67
0.673,1.3611,-1.5125,rap,67
-0.1643,2.1782,-0.3064,rap,67
0.2988,1.2478,0.6821,pop,67
1.9104,-3.0713,-0.3594,rock,67
-3.3592,-1.3948,-0.8298,rock,67
1.0125,-0.5703,-0.6572,pop,67
1.9828,1.1059,0.2827,latin,67
1.0148,0.9793,0.029,rap,67
-3.6681,-0.5381,-1.1592,r&b,67
1.2552,0.3232,-0.2169,pop,67
0.5248,-0.9296,-0.3447,r&b,67
0.7183,1.4513,0.0776,latin,67
0.7983,1.5834,0.6142,latin,67
0.9511,-1.4423,0.3661,rock,67
-1.504,-0.5434,0.9904,pop,67
0.3793,-0.2827,0.272,edm,67
1.215,1.497,0.5734,pop,67
-0.4526,0.968,0.2213,pop,67
-0.1275,-0.856,-0.4162,pop,67
1.5911,-0.7505,0.0666,pop,67
-1.2574,-2.6397,-1.8333,rock,67
-0.1458,-0.0404,-1.2884,latin,67
0.5612,0.6744,0.5731,pop,67
0.2049,1.7969,-0.4747,edm,67
-1.5747,0.5512,0.163,r&b,67
-2.3125,0.3865,0.066,r&b,67
0.1788,1.7127,0.7229,latin,67
0.8398,-0.1361,0.6417,rap,67
0.9031,1.1979,-0.1268,edm,67
-1.9496,-1.5004,-0.39,r&b,67
-0.7481,0.3746,0.1181,latin,67
-1.1232,0.16,-0.5411,pop,67
1.6143,0.6497,1.0084,edm,67
-1.3955,0.462,0.2052,r&b,67
-1.7058,0.6574,-0.1999,r&b,67
-3.8738,-0.8831,-0.7673,r&b,67
0.752,0.125,0.3754,r&b,67
0.0228,1.9581,-0.4851,latin,67
-4.9941,-2.5507,-0.6127,r&b,67
0.3945,-1.1829,-0.6475,r&b,67
-0.8688,1.9752,0.1894,rap,67
-1.1275,-1.1517,-0.4979,r&b,67
-0.7437,1.2508,0.4565,r&b,67
0.3089,0.2772,-0.0022,rock,67
-2.1769,1.2157,-1.2729,pop,67
1.0591,2.2087,0.304,rap,67
-0.3144,-0.0336,-0.867,r&b,67
1.1283,-0.5673,-1.374,edm,67
0.5925,-0.3838,2.3109,rock,67
0.7153,0.599,0.7005,pop,67
-0.7188,-0.0864,-1.0274,r&b,67
-3.2515,1.3032,-1.9116,rock,67
1.5215,-1.2703,0.2546,rock,67
-1.9952,-1.1611,0.5034,rock,67
-0.0652,0.1337,-0.6443,latin,67
1.4576,-0.113,0.2365,edm,67
1.1169,-0.4409,-0.7161,edm,67
0.9885,0.4436,-0.3982,latin,67
1.2088,-0.3137,1.8431,rock,67
1.9282,-1.71,0.0411,pop,67
0.0663,-0.903,-0.995,rock,67
0.8375,1.3937,0.6835,pop,67
0.4191,1.7009,1.283,latin,67
0.8995,-1.0847,-0.2717,rock,67
-1.0295,-0.1492,0.1384,latin,67
1.5301,0.0247,0.0245,rap,67
1.2703,1.5371,1.2182,latin,67
-0.1298,1.1465,-0.4516,r&b,67
-0.0443,-0.2513,-0.7505,rap,67
1.6002,0.9341,0.2914,latin,67
0.6566,-1.6909,-0.7243,pop,67
1.5448,-2.2628,-0.7661,rock,67
1.8131,-0.1443,1.2987,rock,67
0.1144,-1.3756,-0.5506,pop,67
0.572,0.8293,-0.3997,edm,67
2.7074,-0.8584,-1.6616,pop,67
1.6813,0.3945,0.2216,latin,67
0.4438,1.3881,0.5722,latin,67
1.4854,-0.6816,-0.0072,rock,67
1.0857,-0.5057,0.4966,pop,67
-2.5104,-0.5053,0.6434,rap,67
-0.434,-2.0591,0.5575,rock,67
0.1836,1.3966,-0.0217,rap,67
0.0065,1.3313,-0.6358,edm,67
-0.9856,0.5738,0.2795,rock,67
-0.0944,-0.9812,-1.635,latin,67
1.5878,1.6282,0.7921,latin,67
-1.6686,1.6373,-0.925,pop,67
-4.2716,-1.2216,-1.364,r&b,67
1.699,0.1057,0.6657,pop,67
1.7764,-0.311,-1.9159,edm,67
1.042,0.0389,0.0323,latin,67
-0.476,0.2496,-0.6544,pop,67
0.6203,-2.129,1.6011,rock,67
-1.7479,0.548,-0.69,r&b,67
0.4859,-0.0862,0.1985,r&b,67
1.7693,-0.3286,-1.0509,rock,67
-1.3394,0.8978,0.9724,r&b,67
-0.8549,1.6251,-1.708,r&b,67
1.6659,0.8431,0.5725,pop,67
-1.5365,-2.8848,2.6906,edm,67
0.4207,-0.3652,0.2865,rock,67
-2.6841,1.724,0.3683,r&b,67
-0.2857,0.2764,-0.3274,rap,67
1.9937,-1.1595,-0.5265,rock,67
2.5728,-1.2757,-1.2375,rock,67
1.2167,1.6782,-0.1374,latin,67
-0.548,0.6498,-1.4213,rap,67
-2.9832,0.5354,0.8808,rock,67
1.3966,0.3882,-2.6164,edm,67
0.6657,1.5776,0.8896,latin,67
1.5601,-0.2568,-0.6331,rock,67
-1.6489,0.9011,0.6172,pop,67
0.9666,1.4265,0.5393,pop,67
0.2524,2.4087,-0.1857,edm,67
1.0413,1.9729,-0.1643,edm,67
1.7261,-1.1889,-0.3482,latin,67
-0.5386,0.4715,0.3687,latin,67
1.4476,1.3153,0.9867,rock,67
1.9161,0.5083,0.1367,pop,67
0.6848,0.8603,-0.313,latin,67
0.5938,0.4968,0.5201,edm,67
1.3648,0.1932,0.3749,rap,67
-4.0261,-1.7167,0.0585,rock,67
0.8776,-2.4905,-0.4477,rock,67
0.4057,1.2263,-1.0731,latin,67
-2.4896,0.733,-2.6864,r&b,67
1.1024,1.1331,-0.152,rap,67
0.5903,0.3309,0.3935,rock,67
-2.8478,-0.2969,0.7653,r&b,67
1.028,-0.056,-0.0236,latin,67
0.8051,1.4174,-3.0767,r&b,67
0.5229,0.7419,-0.1065,r&b,67
-0.7143,1.2711,0.2244,r&b,67
-0.0111,-2.361,-0.194,rock,67
-0.0761,-1.0603,-1.3539,r&b,67
-0.4187,0.8232,1.4587,latin,67
-0.3445,0.2795,-0.2366,pop,67
0.2902,-0.6614,0.419,pop,67
-1.6114,-1.339,-1.0314,rock,67
1.0096,1.421,-0.9879,latin,67
1.2605,-1.3003,-0.358,rock,67
-3.2912,0.3494,-1.6134,r&b,67
-0.5843,0.3366,0.1946,r&b,67
0.0514,-0.8903,-0.0389,pop,67
-0.1311,0.2977,1.3077,latin,67
1.5188,-0.021,0.3064,rock,67
1.7424,-1.0789,-0.8556,pop,67
-0.3795,-0.1266,0.3556,rock,67
0.0775,1.1571,0.454,rap,67
0.9477,1.214,-0.8821,latin,67
0.3854,0.985,0.179,r&b,67
-4.248,-0.9342,-0.5017,r&b,67
0.3755,-0.64,-0.0547,pop,67
-0.0043,0.9755,-0.6223,rap,67
0.1512,-0.1364,0.0948,latin,67
-0.5867,1.321,0.8003,latin,67
-0.8174,1.3625,-1.5478,rap,67
-0.927,1.9655,-1.1968,rap,67
0.032,-0.1042,-1.876,rap,67
0.4516,1.1827,-1.4416,rap,67
-0.7933,0.8174,0.7151,pop,67
1.2489,0.9175,0.8858,latin,67
-1.2272,1.3884,1.3414,latin,67
0.6546,-0.1758,0.1007,rap,67
-1.1041,3.0811,-1.4592,rap,67
1.4104,0.5578,-1.6339,latin,67
-0.3788,0.1043,-1.9969,rap,67
-1.3043,0.7328,-0.2984,r&b,67
1.2294,1.6015,0.2223,latin,67
1.9199,0.6684,-1.0998,latin,67
0.2215,-0.8304,0.147,rock,67
-2.2456,0.959,-0.5388,r&b,67
0.1987,-0.4337,-0.301,edm,67
1.9763,-0.5723,-0.0184,rock,67
2.3394,-0.7984,-1.0821,pop,67
1.4211,1.7721,-0.8206,pop,67
-0.8193,-1.4397,-0.4822,rock,67
0.13,-1.6395,-0.3788,rock,67
1.4484,1.3324,0.2939,latin,67
1.007,-0.603,-0.2155,latin,67
1.4055,-0.8785,-0.7626,rock,67
-1.4787,1.9484,-0.5717,edm,67
-0.101,0.7214,1.3733,latin,67
1.4406,-0.9078,-0.3055,edm,67
-2.2704,-0.2224,0.2955,r&b,67
0.3467,-1.2914,-1.8433,latin,67
1.0244,0.1947,-0.1571,pop,67
1.2656,0.6937,-0.317,edm,67
1.9102,-1.6103,-0.9203,rock,67
-0.5851,0.2634,-0.7689,latin,67
-2.606,-1.1232,-1.0852,r&b,67
-0.8445,-0.489,-2.2594,rap,67
0.3092,1.7522,-0.7133,rap,67
-0.9234,0.7318,-0.8392,pop,67
-2.629,-2.9642,-1.0432,r&b,67
-0.4607,0.0289,-0.568,rock,67
1.5116,0.2971,-0.6417,latin,67
1.6602,-1.2965,0.0611,rock,67
-3.8442,-0.2477,-0.7275,pop,67
0.8822,-0.4682,0.2426,pop,67
1.0433,-0.6815,-0.1423,edm,67
-0.1278,-0.6442,-0.6983,r&b,67
-0.536,1.8485,-0.5527,latin,67
-1.0817,-0.4148,0.7583,rap,67
-1.1572,-0.9468,-1.6386,pop,67
1.2451,-1.8456,0.535,rock,67
-1.7085,-0.72,-0.9529,r&b,67
0.7625,1.423,0.9,latin,67
-1.0935,1.2401,-0.5211,pop,67
-1.0479,0.9309,0.0988,rap,67
0.0248,0.0155,-0.5545,rap,67
-0.022,0.1766,0.39,rock,67
-1.366,-0.8875,-0.7935,r&b,67
-2.6488,-0.6669,0.45,rock,67
-0.6226,0.5143,0.4206,r&b,67
1.5613,-0.4715,0.3235,rock,67
0.5209,1.8538,0.3068,rap,67
-2.9845,0.4815,-0.8788,rap,67
0.4457,-0.3684,-0.5255,r&b,67
1.6818,0.5382,0.9769,rock,67
-0.0788,-1.1844,0.1424,rock,67
0.4362,1.7987,0.0516,rap,67
-1.3478,-0.4759,-1.0459,pop,67
0.8773,0.4887,-0.0393,latin,67
-0.8044,-1.0706,-0.1248,latin,67
-1.5567,1.5765,0.3299,rap,67
-0.575,1.4635,0.3645,r&b,67
-1.6171,0.2979,-0.5348,pop,67
1.8337,-2.528,-0.9964,rock,67
0.6343,0.6952,-0.0477,rap,67
-1.5443,-3.0565,0.2335,rock,67
0.3191,-0.0921,0.1241,rock,67
-1.2593,-0.0834,-1.0381,pop,67
-1.0691,1.2162,0.242,pop,67
0.9221,0.0947,-0.6441,rap,67
-0.4604,1.3212,0.4103,r&b,67
0.094,-0.2488,0.5025,rock,67
0.6033,1.2446,0.3534,latin,67
-2.0118,0.645,1.9547,rock,67
-3.9368,-1.1626,-0.9597,pop,67
1.3383,0.4327,0.453,latin,67
1.8719,0.4363,0.7762,edm,67
-2.8313,-0.3838,-0.5159,rap,67
-0.4436,-1.8965,1.9023,pop,67
-1.325,-0.456,-0.2826,pop,67
-0.2261,1.525,0.3858,pop,67
1.0849,2.2442,0.7037,rap,67
0.6079,2.649,0.8791,rap,67
1.5609,-1.6667,-0.4285,rock,67
0.609,0.0298,-0.4634,rock,67
-0.3558,-0.1825,0.4034,r&b,67
1.8273,0.5227,0.0777,edm,67
-0.0581,0.6214,0.6106,r&b,67
0.2169,0.8925,0.7738,rock,67
1.2191,-1.8275,0.1053,rock,67
0.9742,0.2978,0.0458,edm,67
0.629,-1.2059,-0.6036,edm,67
1.1767,-0.1611,-0.9228,edm,67
1.2671,0.6674,-1.3795,r&b,67
-0.1449,-0.0909,-0.5914,pop,67
0.4666,0.6753,0.4062,r&b,67
-0.7502,1.0512,-1.5523,rap,67
1.6753,1.4508,0.5319,latin,67
-1.502,-0.2025,-0.623,r&b,67
-1.1468,-0.2758,0.1075,r&b,67
-2.2274,-0.8378,-0.9065,rap,67
-1.7866,3.1871,-1.3141,rap,67
-1.0081,1.5895,0.5806,rap,67
-0.4841,0.2997,-0.4947,rap,67
1.0563,1.2163,0.522,latin,67
1.0523,-1.5252,-0.2967,latin,67
-1.2902,2.2051,-0.6224,rap,67
0.0188,1.5896,0.6491,pop,67
-0.9067,0.4114,-0.8545,r&b,67
0.3272,-0.3665,-0.1302,latin,67
-2.1382,1.7959,-0.3204,r&b,67
0.0838,2.0332,0.8064,r&b,67
-0.7564,1.3143,1.9634,r&b,67
-1.3669,-0.2655,-0.1058,r&b,67
-0.0054,1.9225,0.4464,r&b,67
0.0605,0.9857,-0.0238,r&b,67
1.4441,1.0542,-2.1139,latin,67
-1.1912,0.6873,-1.5239,r&b,67
-0.0297,-0.5143,0.5893,rock,67
0.1649,-0.2577,-0.9223,r&b,67
1.8443,-0.8116,-1.2262,rock,67
1.1086,0.89,-0.0522,edm,67
0.1788,-0.9372,-0.4488,pop,67
0.1855,0.4568,-1.6153,pop,67
1.2593,2.3402,-0.6245,rap,67
1.3463,-0.4,1.0009,rock,67
0.3601,0.1164,-0.0412,rock,67
-0.3723,1.4495,-0.1938,r&b,67
0.7409,0.3526,-0.4854,pop,67
0.1012,-0.5105,-1.9104,rap,67
-0.0192,0.2191,-0.0341,rap,67
1.1239,0.5034,0.254,pop,67
-0.565,-0.3529,-1.2657,r&b,67
0.3715,1.0379,0.4874,r&b,67
0.4541,0.9537,-0.6343,latin,67
-0.2457,0.0325,0.9608,rap,67
-0.2472,0.2277,-0.0517,rap,67
2.0328,-0.6462,-1.448,rap,67
0.5476,0.2001,-0.2469,edm,67
1.9431,-0.6501,-1.2937,rock,67
-1.0088,1.121,-0.1727,rap,67
-0.063,-1.1785,-0.2594,r&b,67
-0.1649,-0.1317,0.5833,rap,67
0.718,1.4096,-0.0868,rap,67
-2.3732,-0.1808,-0.0932,r&b,67
0.8599,-0.9608,0.5067,rock,67
-0.3246,0.384,0.8969,r&b,67
-0.099,2.044,0.4991,latin,67
0.5842,-1.5414,-1.2247,rap,67
-0.2143,1.6151,-0.4291,latin,67
1.0947,0.6848,-0.1376,pop,67
1.5574,0.6227,0.4564,pop,66
1.2694,-0.6304,-0.5641,rap,66
1.0077,0.217,-0.7843,latin,66
1.289,1.1698,-0.2259,pop,66
0.8761,2.4098,0.9912,rap,66
0.5651,1.134,-0.5926,rap,66
1.6326,-0.7354,-0.8248,pop,66
-1.5729,0.5045,1.1777,r&b,66
0.0626,-0.7087,-0.4435,rap,66
0.7184,0.8958,0.3402,latin,66
-1.4339,0.8034,0.4219,pop,66
1.3186,0.1677,0.2247,edm,66
-0.7861,1.0075,-0.0848,r&b,66
-1.7627,-2.3948,0.6771,rap,66
-0.3761,0.7194,-1.5132,rap,66
0.0926,-0.6535,1.7191,edm,66
-4.9662,-2.0132,0.4601,rap,66
1.1571,1.1485,1.6002,rap,66
-0.7142,0.2141,0.2576,r&b,66
-0.5835,2.6415,0.0362,r&b,66
-2.7273,-1.5845,0.1342,latin,66
1.8034,-0.1815,-1.4602,edm,66
1.7623,0.0454,-2.6542,rap,66
1.6095,1.5941,0.4367,latin,66
0.0326,-0.5113,0.0273,edm,66
-3.6605,-2.4077,-1.7298,rock,66
1.9816,1.1653,0.3026,pop,66
-3.9348,-0.6558,-0.4885,r&b,66
-0.4796,0.1362,-0.1501,pop,66
1.8332,1.5872,0.8955,rap,66
0.6281,-3.7667,-0.2642,rock,66
-0.8519,0.0902,1.3908,latin,66
-3.1445,-0.4522,-0.8502,rap,66
-0.0933,-0.7002,-0.2369,rock,66
-0.0756,0.4252,-0.3279,rap,66
-0.3794,0.9749,0.5162,r&b,66
1.2499,-2.0849,1.1911,edm,66
-4.3613,-1.6691,-0.4519,r&b,66
0.7977,0.2969,0.5381,edm,66
1.4121,1.2509,-1.1039,rap,66
-0.3467,0.324,-0.8977,latin,66
-0.7431,0.6261,1.2843,rap,66
0.3249,0.5843,0.3309,r&b,66
0.8219,1.0946,0.8116,latin,66
1.681,1.0925,-0.4743,latin,66
0.1274,-0.5371,-0.5048,rap,66
-0.4827,-1.0714,-0.6027,r&b,66
-0.5052,-0.9602,-1.2655,latin,66
0.0774,0.9765,0.3922,rap,66
1.0821,-0.7827,0.0182,pop,66
-0.233,-0.2173,2.3176,rock,66
-0.2905,1.3444,0.6297,latin,66
1.8184,-2.4118,-1.1853,rap,66
-2.2025,-0.0122,-1.031,pop,66
-3.1173,-2.8247,-1.5981,rock,66
0.1773,1.7146,0.5644,rap,66
0.8397,-0.3992,-0.8065,edm,66
-3.3372,-0.1735,0.4129,pop,66
0.1934,1.5943,0.51,latin,66
-0.4274,1.6797,0.1782,latin,66
-3.3868,-0.4638,-1.4758,edm,66
1.9708,0.7717,-0.4502,pop,66
0.7778,1.0067,1.0341,pop,66
0.0546,-0.9151,-0.0508,edm,66
1.8579,-1.2806,-1.0985,rock,66
0.9321,-0.5831,-0.5434,edm,66
0.9177,0.5311,0.2273,latin,66
-0.5643,-0.3739,1.909,pop,66
-2.3693,1.6679,-0.9218,latin,66
0.6493,1.6534,0.1847,latin,66
1.0841,-0.8789,0.1492,pop,66
-0.1742,-0.2845,-0.1779,rap,66
1.1587,1.7792,-0.0991,pop,66
-2.8824,-0.7638,-1.4892,pop,66
1.5737,-2.0004,-2.5843,edm,66
0.6081,0.623,-1.9694,rap,66
-0.5987,0.592,0.5474,r&b,66
-0.2176,-0.4288,-0.4559,pop,66
-2.4069,-0.86,0.5488,r&b,66
0.6144,1.3762,0.4538,pop,66
-0.3496,0.8064,1.4163,latin,66
-0.17,-0.0494,0.0584,r&b,66
-0.0813,-0.7414,0.1903,r&b,66
1.2956,0.4792,-1.5277,rap,66
-2.3188,1.7236,-0.1937,rap,66
0.9067,-2.728,0.383,rock,66
-1.8826,-0.2477,-1.2964,pop,66
1.7779,0.5726,-0.7619,pop,66
1.1268,0.8353,0.4315,pop,66
0.0825,0.9197,-0.2931,rap,66
0.8155,0.4498,0.2978,edm,66
0.0416,1.0923,1.1008,rap,66
0.1006,1.0812,0.9729,pop,66
-1.5429,1.6866,-0.6742,latin,66
-0.0035,0.6643,-0.9623,latin,66
1.4606,-0.4326,0.066,rock,66
-0.7932,1.3824,-1.0119,rap,66
1.4991,-1.5876,-0.6639,rock,66
-0.5663,0.322,0.3768,rock,66
0.3944,2.2743,0.3986,latin,66
0.872,1.5627,0.2092,latin,66
-0.159,1.3461,0.6431,latin,66
0.4637,-1.9769,2.8028,rock,66
-1.1636,-0.141,1.0441,r&b,66
1.059,1.3359,0.976,pop,66
-0.9513,0.4286,-0.5711,rap,66
1.8823,-1.1201,-0.58,rock,66
-4.9077,-1.5155,-1.8564,r&b,66
-0.1206,2.2839,0.7982,rap,66
-0.0244,1.8928,-0.9514,rap,66
0.5538,-0.3585,0.1248,edm,66
0.0181,1.7401,-0.7828,r&b,66
-0.0867,1.644,-1.227,rap,66
-1.8253,-0.3814,-0.6867,r&b,66
1.4075,0.9015,0.7987,latin,66
0.75,-0.6158,0.0875,rock,66
0.2953,-2.4727,2.1944,rock,66
1.269,1.1773,0.8012,pop,66
-1.1561,1.2764,1.7823,r&b,66
1.3077,0.3693,0.5325,r&b,66
0.7757,-1.1443,-0.8846,rap,66
-0.208,1.2989,-0.4332,r&b,66
1.8421,-0.172,0.1487,pop,66
-0.8646,-1.5003,-0.6697,latin,66
0.8562,0.0512,-0.568,r&b,66
-0.5233,1.2915,-0.1617,rap,66
-1.1752,-1.3344,-0.1672,rock,66
1.1695,-1.0959,0.1406,rock,66
-1.0653,1.3878,-0.4756,r&b,66
0.5825,1.6068,0.7569,rap,66
0.213,-1.1118,0.9557,rock,66
0.2503,1.2407,0.2855,latin,66
-1.0147,1.1858,0.6609,pop,66
0.0244,1.611,-0.4364,pop,66
0.1473,0.8818,0.8077,latin,66
-0.0144,0.0685,-0.5545,rap,66
1.0686,0.4386,1.8447,r&b,66
-2.6716,-2.6229,0.3271,rock,66
-0.045,-0.7913,-0.4366,rap,66
-1.0664,1.2126,0.3014,r&b,66
-1.8486,-2.1441,0.6018,rock,66
0.0199,1.0185,1.1593,latin,66
1.6405,1.7603,0.2611,latin,66
-1.8403,0.579,-0.3858,latin,66
-1.1867,-0.574,-0.2604,rock,66
1.0738,-0.0806,-0.7582,pop,66
0.1202,-0.6826,-0.6328,rock,66
-2.1261,0.3879,0.0229,r&b,66
0.1279,0.1719,0.0052,latin,66
-2.0699,1.241,0.5579,rock,66
-0.4286,1.2697,1.2145,r&b,66
-0.9153,-2.2413,-0.2302,r&b,66
-1.1595,-0.3742,-0.7279,r&b,66
0.3659,1.7224,-0.5834,rap,66
1.5917,-1.337,-0.1371,rock,66
0.4785,-0.5692,-0.1342,r&b,66
0.1481,-0.5057,-1.1712,pop,66
2.2332,0.2238,-0.7989,pop,66
0.1621,0.5357,-0.0261,rap,66
-0.1944,0.5431,0.1544,rap,66
-0.0745,1.2378,1.1862,r&b,66
0.9526,-0.7348,-0.6503,pop,66
0.3951,0.2762,-0.6253,rock,66
0.0564,0.8325,-0.3033,rock,66
1.7035,1.5604,-2.2565,rap,66
1.6079,-0.3617,0.0287,rap,66
0.4686,1.1855,-1.5305,r&b,66
0.4304,-0.4306,0.5547,r&b,66
1.1801,0.522,-0.6886,edm,66
0.6384,-0.225,0.4396,edm,66
-2.8529,-1.8877,-0.7127,pop,66
1.3766,1.1256,-0.1333,pop,66
-0.1815,1.6998,-1.3595,rap,66
-0.1041,0.7154,0.439,pop,66
1.528,0.8692,-0.497,pop,66
-0.1058,0.66,-0.2367,r&b,66
1.2261,1.1744,0.3374,latin,66
-0.0768,0.0615,-0.7829,r&b,66
0.9373,0.1711,-0.8968,r&b,66
-1.0252,-0.227,0.2436,rock,66
0.5049,-1.1632,-0.2251,rock,66
-2.9959,-0.5973,-0.4362,rock,66
1.2907,-0.4462,0.4073,rock,66
1.6835,-0.8521,-0.0242,pop,66
-1.4568,-1.1947,-0.9566,r&b,66
0.7963,0.2125,-0.886,pop,66
-2.2091,-1.737,1.7227,rock,66
1.6228,0.1005,0.6337,rap,66
0.0585,2.4352,0.1362,rap,66
2.0771,0.8326,-1.6146,pop,66
1.8991,1.2513,0.7473,pop,66
1.3078,0.9706,-1.0185,r&b,66
-0.7163,2.7013,-0.9808,rap,66
0.0948,-2.3124,0.3693,rock,66
0.466,1.6382,1.0421,rap,66
0.2653,0.0767,-0.1811,pop,66
0.6152,0.7331,0.2129,rap,66
0.9925,0.9687,0.8586,edm,66
2.0934,-1.7473,-1.8181,rock,66
-0.7447,-0.281,1.4948,r&b,66
0.0021,0.389,0.1493,pop,66
0.36,-1.546,1.126,pop,66
-2.6152,-1.1984,-1.4133,latin,66
-6.1065,-0.7915,0.564,rock,66
2.0578,-2.4423,-1.1755,edm,66
0.5762,2.1296,0.2241,r&b,66
1.0711,0.7447,-0.4897,edm,66
0.0888,0.2928,-0.298,edm,66
-1.9828,-1.0906,0.3824,r&b,66
0.5004,0.7267,-0.1891,r&b,66
2.7349,-2.485,-1.5927,rock,66
0.9373,-0.7794,0.189,edm,66
0.0616,1.0416,-0.1893,rap,66
-2.2083,-1.3338,-0.8751,pop,66
0.4733,-0.2489,-0.0671,latin,66
-1.1524,-0.8214,0.7153,rap,66
-1.2626,0.9637,-0.5015,r&b,66
-1.1978,2.0197,-1.2071,rap,66
-0.09,-0.2251,1.1608,r&b,66
-4.4932,-1.2865,-0.1571,r&b,66
0.7471,-0.2515,0.2409,pop,66
-1.2099,-0.52,0.7732,rock,66
-0.1253,-0.3934,-0.6567,r&b,66
0.0168,0.938,0.0452,rock,66
1.7825,-2.0508,-0.7032,rock,66
1.0841,-0.7496,0.1444,rock,66
1.4,-0.9451,-0.7576,rock,66
0.6345,0.2542,0.1994,latin,66
1.3217,0.2446,0.6816,latin,66
2.0565,0.7862,0.2568,latin,66
1.2538,-0.4014,-0.7264,rock,66
0.7834,-0.3371,-0.3363,edm,66
-1.0702,1.8743,-0.6858,r&b,66
0.1729,0.478,1.0426,r&b,66
-1.017,-0.8694,-0.6935,r&b,66
2.0625,0.7569,-0.2325,edm,66
1.3271,0.3132,-0.8122,r&b,66
-0.3601,1.2551,0.7864,pop,66
0.9096,0.6332,-1.0148,pop,66
-1.0773,0.8344,-0.7656,pop,66
-1.2863,0.8388,-1.7272,latin,66
-2.7053,-1.7199,-1.0821,r&b,66
-0.1233,-0.753,0.9182,pop,66
-1.8568,0.0451,-0.2878,r&b,66
1.2712,-0.0424,0.0236,pop,66
0.0282,0.2514,-1.5732,r&b,66
-0.2092,1.4014,0.1851,r&b,66
-0.0703,0.4031,0.1358,pop,66
0.1341,0.6575,0.9465,r&b,66
0.5917,0.6088,0.1734,edm,66
2.3841,0.2857,-1.8055,rap,66
1.8719,-0.5139,-1.3072,rock,66
1.4104,1.3911,0.7292,rap,66
-1.1778,-0.1141,-0.1102,r&b,66
-0.5052,1.6812,-0.6642,rap,66
-0.6499,0.3607,-0.6254,rap,66
-2.0619,-0.9052,-0.6332,pop,66
-0.0701,0.2486,0.3551,rock,66
-0.2133,-0.0802,0.2707,latin,66
0.0082,0.5298,-2.6086,pop,66
-0.4005,-0.2313,0.449,pop,66
-1.6689,-1.2892,0.0904,r&b,66
-0.9961,-0.7119,-0.7034,pop,66
0.7023,1.0817,1.1258,r&b,66
0.3587,0.4696,-0.3598,pop,66
1.3469,-0.6809,0.1695,pop,66
0.755,0.6135,0.5496,pop,66
0.7967,-0.3122,0.3483,rock,66
-2.8541,0.8604,-1.059,pop,66
1.5239,-0.9463,-1.0285,edm,66
1.0042,0.575,-1.3885,r&b,66
1.7912,1.4036,-1.232,edm,66
0.8358,0.4311,-0.4515,pop,66
0.1854,-0.5832,-2.6214,rock,66
-0.8691,0.0814,-0.3521,rap,66
1.8656,0.0061,-1.307,rap,66
-0.0518,0.0794,0.1681,r&b,66
1.3099,0.2689,0.5952,rock,66
-3.6598,-1.533,-0.3162,rock,66
1.7334,-0.0202,-1.0083,rap,66
1.8719,0.319,0.1648,rock,66
-0.2724,-0.538,-0.0683,r&b,66
-2.5804,0.388,0.3334,pop,66
-0.2417,0.38,-0.5341,latin,66
-0.3127,1.022,-2.1939,rap,66
-1.5859,0.1074,-2.1759,r&b,66
1.3968,0.7809,1.008,pop,66
0.9405,0.873,-0.013,latin,66
-1.3985,1.0319,-0.5227,r&b,66
1.6388,-0.451,-1.7308,rap,66
0.9084,1.699,0.3494,rap,66
-0.8159,-0.753,1.181,rock,66
-0.2305,-0.7788,0.4885,edm,66
0.8807,1.343,-0.7888,rap,66
2.6244,-1.6985,-1.6132,rock,66
0.1577,-0.2556,-0.6174,edm,66
0.5759,-0.6482,-0.2556,r&b,66
0.3738,1.5935,0.8206,latin,66
-2.6653,-0.1377,-0.8098,latin,66
1.9697,1.645,0.7299,pop,66
-1.3323,-0.642,-0.5359,rap,66
1.3883,-0.3974,0.0162,rock,66
-0.7562,0.6427,-0.0393,r&b,66
-3.0337,-0.1019,-2.2006,pop,66
-3.5793,-1.8473,-0.3453,rock,66
-1.3738,-3.4624,-2.4674,rock,66
1.2409,0.8649,-0.6022,pop,66
1.6423,0.6432,0.6354,pop,66
0.3027,1.7607,1.514,latin,66
-2.2428,1.1464,0.665,pop,66
-0.0457,1.3204,0.2183,rap,66
1.5696,1.142,-0.0714,rap,66
-1.5004,0.4414,-1.8504,rap,66
-0.3529,-0.3639,-0.6312,pop,66
1.2898,-0.8912,-0.3736,pop,66
0.4721,-1.6031,-1.2869,rock,66
0.2202,1.0408,0.4825,latin,66
0.6396,0.7609,-0.7053,latin,66
0.1286,-1.6542,-0.3819,rock,66
-3.2296,-0.8715,-0.5368,rock,66
-1.7387,-2.8429,-2.4201,rock,66
-1.1669,-1.2904,-0.9084,pop,66
0.0775,2.0993,1.0726,latin,66
-0.6602,-1.0744,0.5282,r&b,66
0.1356,0.9396,0.4872,r&b,66
0.3794,1.0123,0.2527,rock,66
-1.9999,-0.6784,0.5049,rock,66
1.9865,-1.4293,-1.2399,rap,66
-1.5653,0.2805,-1.4158,rap,66
1.1606,-0.9567,0.0264,rap,66
2.0164,-0.3107,-0.755,edm,65
-0.6482,1.4005,1.3839,rap,65
-1.077,1.4456,-0.6425,rap,65
1.7119,0.5501,-0.9877,rap,65
0.6119,-1.3114,0.5142,rock,65
1.0343,0.4771,0.4264,latin,65
-0.4121,1.0091,-1.8532,r&b,65
1.1731,0.365,-0.5629,pop,65
1.7397,0.0747,0.9186,rap,65
0.3892,0.3643,0.2381,latin,65
0.8139,-1.1385,-0.6321,pop,65
2.153,-1.0412,-1.7163,pop,65
-1.2921,2.185,0.1589,latin,65
-0.5383,1.6542,1.4724,latin,65
0.369,0.8937,0.1538,rap,65
1.739,-0.0186,-0.4892,edm,65
-0.144,-0.3775,0.5249,r&b,65
-2.1456,-1.1655,-1.7284,rock,65
1.748,-0.2231,-0.3583,pop,65
0.4903,0.1828,0.0769,rap,65
0.3051,-2.1507,-0.4575,edm,65
0.5602,0.396,-1.0369,rap,65
1.1918,1.5249,0.8138,rap,65
-0.6041,-0.9454,0.1866,latin,65
1.0301,2.4027,0.5684,latin,65
0.5829,0.182,0.3405,edm,65
-0.1155,0.5732,0.6391,pop,65
0.9097,1.0819,0.7155,latin,65
1.0935,-0.9829,-1.0978,rock,65
-0.4215,-2.6393,1.2981,rock,65
-1.7109,1.0414,1.2542,latin,65
0.7993,1.4248,0.3737,latin,65
-0.7539,1.0381,0.7065,pop,65
0.3026,-1.0657,0.2765,rock,65
1.4415,0.5531,0.0083,latin,65
1.8103,0.3782,0.2926,pop,65
2.3748,-0.79,-1.9982,pop,65
-2.1441,0.6821,0.5509,rock,65
-0.4392,1.1485,1.1695,edm,65
1.6792,-0.4916,-0.2059,rock,65
0.5195,-0.8611,-0.1564,rock,65
-1.1303,1.8005,0.1213,latin,65
-1.3292,0.1195,0.8639,rock,65
2.1476,-2.1053,-2.6212,latin,65
1.1993,0.2575,0.3672,pop,65
-0.7743,-2.9332,-1.4187,latin,65
0.6718,1.3499,0.9048,pop,65
1.2252,0.1059,1.2962,rock,65
0.002,0.652,-0.0022,latin,65
2.1904,-2.4098,-1.6426,edm,65
-1.8047,1.045,-0.4337,r&b,65
-0.224,0.464,0.8612,pop,65
-0.1421,1.9257,0.6124,latin,65
1.4738,0.7173,-0.121,edm,65
0.384,0.9276,-0.6189,latin,65
-1.0823,-1.4806,-1.2923,pop,65
1.9247,0.3503,-0.1381,latin,65
1.6625,-1.6495,-1.3,rock,65
1.1101,0.239,1.3471,rock,65
-1.7069,-0.1065,-0.227,r&b,65
-0.4996,0.5284,-1.996,rap,65
-0.2207,0.2794,0.4577,pop,65
-3.1357,-1.1211,0.305,pop,65
0.5129,-1.4642,0.417,rock,65
2.4878,-2.3141,-2.5484,rock,65
1.579,0.779,-1.304,latin,65
0.6188,-2.6104,-1.9113,rock,65
1.2813,0.5169,1.3546,latin,65
0.4927,1.591,-0.5576,pop,65
0.1891,1.2341,1.292,rap,65
-0.5739,-0.6052,-0.8729,pop,65
1.3008,-0.1267,0.7843,latin,65
-0.2293,1.0576,-0.2966,rap,65
1.3984,-1.165,-1.3556,edm,65
1.3934,0.6295,0.0416,rock,65
1.7942,0.9418,0.7028,rap,65
-1.297,0.5067,2.0134,r&b,65
1.7228,0.1478,-1.4436,rap,65
-0.0283,1.7513,-1.6392,rap,65
0.8174,-0.4837,-1.4254,rap,65
0.3568,1.5975,-1.4831,r&b,65
-1.0326,1.2456,1.0149,edm,65
-2.3377,-0.7945,0.7393,pop,65
1.7623,0.3583,-0.8303,edm,65
1.3715,-1.1889,1.3424,edm,65
0.442,0.5012,0.4494,rock,65
0.1724,3.0642,0.264,rap,65
-1.1568,1.7365,-1.1973,r&b,65
0.1286,-1.1896,-0.03,rock,65
-2.464,0.5125,0.5175,rap,65
0.2144,0.7149,0.652,latin,65
-2.7879,-1.0248,-0.574,r&b,65
1.6718,-1.2863,-0.1196,rock,65
-0.7301,0.1909,-1.3558,rap,65
-1.882,-0.6297,-0.2135,rap,65
1.4473,0.6712,0.0366,pop,65
-1.2115,-0.717,-0.1183,latin,65
0.4757,-0.1842,0.5842,rock,65
0.8362,1.4647,0.3239,rap,65
0.7473,0.3128,-0.5105,rap,65
-0.7253,1.021,-0.224,r&b,65
-1.7097,0.2822,-0.7758,r&b,65
-0.4343,1.3278,0.507,latin,65
1.05,-2.1626,-1.9402,pop,65
0.3579,0.5736,-0.9742,rap,65
0.716,1.8256,0.064,latin,65
-0.6872,0.1795,-0.1848,rap,65
0.4888,0.0539,0.8527,edm,65
-0.0482,0.3312,0.8704,rock,65
-0.2101,0.767,0.5228,rap,65
-0.7358,1.4946,-0.536,r&b,65
1.287,0.2733,-0.5111,pop,65
-0.707,0.9474,-0.5078,rap,65
-0.8717,0.6542,-0.4529,rock,65
1.3621,1.2528,0.8278,rock,65
0.7147,0.7432,0.5064,pop,65
2.0418,0.7831,0.3491,pop,65
-0.0906,0.9536,1.0414,r&b,65
0.5476,2.1397,-1.7191,latin,65
1.5578,0.7507,-2.6919,rap,65
-0.2076,0.9893,0.5729,rap,65
-0.0226,1.3352,-1.2693,latin,65
0.9155,0.6386,-1.1732,r&b,65
2.1961,-0.4733,-1.0091,latin,65
0.9942,-0.7704,0.4952,pop,65
-0.1221,1.3492,-0.0113,rap,65
0.8887,-0.8328,-0.1492,rock,65
-3.6808,0.9261,0.5387,latin,65
0.9192,-0.8155,-0.2543,pop,65
-1.4372,0.2699,0.4704,rock,65
0.461,1.737,0.1884,latin,65
0.5371,-0.7027,-0.2599,latin,65
-0.1576,1.8033,0.5395,pop,65
-4.8467,-1.2888,0.7064,rap,65
0.9244,-1.7328,3.0698,edm,65
0.9211,1.0398,0.6931,latin,65
0.2806,-0.8485,0.187,pop,65
1.8649,-1.5484,0.1029,rock,65
-4.6559,-0.3354,-0.7375,latin,65
1.5184,1.5228,0.9111,latin,65
-2.5189,-0.6831,0.0876,latin,65
0.5066,0.6441,-0.8793,latin,65
1.7026,-2.0263,-1.2228,rock,65
-0.3989,2.9439,0.5015,rap,65
0.7031,-0.2104,0.0514,latin,65
-1.3901,-2.4846,1.262,rock,65
-2.7198,0.6924,1.0107,rock,65
0.5468,1.5897,-1.1468,r&b,65
1.1935,-0.3534,1.5733,edm,65
-1.6174,0.3739,0.244,rap,65
-3.5717,-0.4603,-0.5748,rock,65
-0.0935,-0.7245,1.3181,rock,65
1.3031,1.3951,0.47,latin,65
-0.197,0.4057,0.7119,r&b,65
0.9491,-1.0877,-0.828,rap,65
0.4838,1.5601,-1.5624,edm,65
-0.9653,-2.1652,-0.2569,rock,65
0.9478,0.6628,-1.1549,latin,65
0.8438,1.1304,-0.4261,rap,65
1.2097,-1.7731,0.1512,rock,65
-4.9917,-0.8634,-0.5917,r&b,65
-2.6557,-0.2931,0.3999,pop,65
-0.0464,0.2396,0.1073,rap,65
-0.2139,0.994,-0.968,rap,65
0.7741,-0.627,-0.7097,r&b,65
0.021,-0.4423,0.7824,pop,65
1.0711,-1.9138,0.3863,pop,65
1.1551,1.3357,0.0145,latin,65
-2.0697,-1.6258,-1.2066,latin,65
1.8463,0.3003,-1.6022,edm,65
0.2413,0.4856,1.0744,rock,65
-1.0009,-0.4899,-0.3987,pop,65
1.3708,-0.0001,0.2404,rock,65
1.1045,-0.5639,-0.0995,pop,65
0.8533,0.2834,-0.0024,pop,65
-0.3581,-2.0403,2.1758,edm,65
1.9004,0.3273,-0.1684,pop,65
-3.6035,-1.5263,-1.6565,r&b,65
0.6104,-1.4657,-0.0165,rock,65
1.1091,1.9461,1.7482,r&b,65
-0.4955,-0.0061,-0.3079,r&b,65
-1.1972,1.1698,0.3129,rap,65
-1.4347,0.5107,-1.5756,latin,65
1.0112,-1.2791,-0.2349,edm,65
2.1477,-0.3634,-0.8739,edm,65
0.8323,0.316,0.4506,rock,65
0.9307,1.0474,-0.0999,pop,65
0.78,1.5477,0.4235,latin,65
1.6999,-1.0124,-0.9083,pop,65
1.978,0.3878,-0.7068,latin,65
0.4084,0.3168,-0.108,latin,65
-0.1327,-0.2591,0.4312,pop,65
1.9992,0.0192,-0.2066,rock,65
-0.8831,1.902,1.4646,pop,65
-0.8366,-1.1391,-0.7456,rap,65
0.8352,-0.3617,0.4172,pop,65
-0.0516,-0.0062,-0.2617,latin,65
0.9216,-0.3387,-0.8217,pop,65
-0.3217,2.2792,-0.0741,rap,65
0.9079,0.4171,-0.4337,rap,65
0.6871,0.8443,0.6079,latin,65
1.1031,1.1396,0.2156,latin,65
0.7705,0.6059,-0.3881,edm,65
-0.0953,1.0575,0.4032,rap,65
1.6569,-0.3596,0.2248,r&b,65
0.7843,1.0551,0.2297,pop,65
-2.5878,-1.2875,-0.8239,r&b,65
-0.2133,0.2648,0.8296,latin,65
-3.6136,-1.747,-0.7242,pop,65
-1.5313,-1.6148,-0.8656,rock,65
1.0363,-0.097,0.5557,latin,65
1.185,0.0101,-0.8208,pop,65
-0.0144,1.9406,-0.6493,edm,65
0.1852,1.1603,0.909,latin,65
0.2188,-0.3113,-0.0501,pop,65
0.9692,1.6541,0.7618,latin,65
0.9549,1.4533,1.4652,latin,65
0.1929,-0.29,-0.1908,rock,65
2.0299,0.0434,0.4344,edm,65
-0.6817,2.4469,0.2665,r&b,65
-1.8168,0.6872,0.298,pop,65
-0.6945,0.0679,-2.7672,pop,65
0.055,1.1873,-0.2946,rap,65
0.1598,1.7014,0.8707,latin,65
0.6113,0.3476,-0.3764,rap,65
0.418,1.5151,0.8221,r&b,65
0.746,2.6941,0.7113,r&b,65
-6.3935,-1.4041,0.5167,pop,65
2.2846,-0.4076,-0.4725,rock,65
-1.9207,0.8042,0.516,rock,65
-3.2248,0.2939,-0.0023,r&b,65
-1.642,0.6758,-2.2467,rap,65
-0.5392,1.1003,-0.9233,rap,65
-0.0232,0.0343,0.2364,pop,65
1.0071,-0.7069,0.2403,edm,65
0.1277,0.6935,-0.8704,rap,65
1.9892,1.1332,-0.5037,pop,65
-0.6583,-1.4211,-1.217,rap,65
1.091,0.8432,0.6424,pop,65
-1.8813,1.2483,0.9473,rap,65
1.734,-1.4133,-1.558,pop,65
-1.3426,0.4362,0.3299,latin,65
1.3698,-1.9235,0.3472,edm,65
-0.5226,0.1048,0.2971,pop,65
0.6409,0.6999,0.8514,latin,65
-3.4214,0.0162,-0.6261,r&b,65
2.1527,0.8553,1.0161,r&b,65
0.9511,0.1811,-0.9989,rap,65
0.0063,0.2304,0.1367,rap,65
1.9222,-0.9237,-1.8524,rap,65
1.8449,0.7219,-0.422,rock,65
1.7949,0.9848,-0.2406,latin,65
1.0533,-1.2892,-0.7404,rap,65
-1.3584,-1.2554,1.423,rock,65
0.097,-0.6042,-0.2076,latin,65
-0.1152,1.4757,-0.8531,rap,65
-0.0791,1.0306,0.3918,r&b,65
1.7025,-1.5261,0.4299,rock,65
0.5354,-0.4776,-0.7826,rock,65
0.5162,0.3975,-0.9455,rap,65
-0.6442,-2.0886,-0.2482,latin,65
-1.2255,-1.792,0.1392,rock,65
-1.6476,-1.7672,0.1149,rock,65
0.8603,-1.2971,-0.1139,pop,65
0.0965,1.2324,-2.0423,r&b,65
0.869,1.9067,-0.6625,rap,65
1.2793,1.145,1.1183,pop,65
-0.2764,1.1877,0.5794,r&b,65
1.7694,0.1718,-0.9325,r&b,65
0.2766,1.6968,0.3662,r&b,65
-0.5819,1.2069,-0.0737,rock,65
-0.8727,-0.1245,0.1884,latin,65
0.0529,0.9277,-0.1903,rap,65
0.9982,1.1116,1.0813,r&b,65
0.8355,1.057,0.647,latin,65
1.0683,1.4672,0.2907,latin,65
1.6334,-1.9828,-0.8429,rock,65
-2.28,-2.3522,1.4434,r&b,65
1.95,0.0094,0.4018,pop,65
0.2756,-1.6353,0.7229,r&b,65
-0.441,0.1136,-1.8433,rock,65
-2.2034,1.1078,0.1446,r&b,65
1.4641,-1.8343,0.0321,rock,65
-0.1237,1.5805,0.4275,rock,65
1.2344,-1.206,1.2923,edm,65
-0.1702,-0.0522,-1.6429,edm,65
-2.0617,-0.9658,-1.0648,rock,65
0.4821,-0.213,0.285,r&b,65
1.9583,-0.0964,-0.6148,pop,65
-0.4996,-0.6778,-0.1328,edm,65
0.9661,-1.1004,-0.3194,rap,65
0.4055,-1.8073,0.2209,rock,65
2.6079,-1.8586,-1.4762,rock,65
-0.6212,-0.094,1.6922,r&b,65
0.6975,1.8905,0.4945,rap,65
2.0032,1.1615,-1.0893,latin,65
-5.9288,-1.4886,-0.3763,rock,65
-0.9987,-1.0518,-1.054,latin,65
1.954,-1.1805,-0.9367,edm,65
-0.2355,-0.0752,-0.3166,r&b,65
2.5249,-1.1978,-1.4729,latin,65
0.3415,-1.3749,-0.3488,rap,65
-1.8908,2.1873,-3.1655,rap,65
0.7974,0.0792,0.4206,rock,65
-2.8123,-1.5012,0.6555,edm,65
-1.5445,-1.352,0.3746,r&b,65
-2.5871,0.1614,0.7075,r&b,65
-1.5314,-0.3083,0.9001,rock,65
-0.0765,-1.895,0.6808,rock,65
0.9227,1.4747,0.7902,pop,65
-0.577,0.1057,-0.0819,pop,65
-0.9167,0.3801,-1.2391,rap,65
-0.9485,1.1481,1.1626,rock,65
0.5888,0.2117,-0.287,edm,65
-4.7343,-0.8325,-0.9629,pop,65
-2.8798,-0.4406,-0.4066,rock,65
0.1307,2.1762,1.2598,r&b,65
0.0285,1.2147,-1.0489,latin,65
0.5691,-0.2239,0.1745,edm,65
1.3007,1.5341,-1.3246,rap,65
2.5669,-2.3726,-2.4455,rock,65
-0.9163,-1.5007,1.2775,edm,65
-1.2106,1.0759,-1.2521,latin,65
-0.184,1.8695,0.8521,latin,65
0.7382,0.5803,0.9565,r&b,65
0.641,0.9718,0.6209,rap,65
-2.3904,-2.1796,0.7487,pop,65
-0.6717,1.1693,-0.4659,rap,65
1.7182,-0.1374,0.1087,pop,65
2.8988,-2.6276,-3.0735,rock,65
0.8559,-1.0975,-1.7541,rap,65
0.0571,1.5244,1.4329,latin,65
0.3086,0.0886,0.377,r&b,65
-0.4722,1.5052,-0.5364,rap,65
-1.1471,0.5474,-1.5606,pop,65
-1.3831,-0.6719,-0.6355,rap,65
0.9758,0.6345,-0.2009,pop,65
-0.8397,1.1234,1.0058,r&b,65
1.0485,1.7484,1.3799,rap,65
0.7451,1.4099,-0.0492,latin,65
2.0145,-0.1433,-1.7019,rock,65
0.7314,0.4819,-0.2385,pop,65
0.9014,2.2556,-0.9937,edm,65
0.9983,0.2496,-0.6073,edm,65
-0.5823,0.4488,0.3895,edm,65
-3.6868,-1.7241,-0.2067,rock,65
0.8584,0.215,0.4266,pop,65
0.6522,0.476,-0.4783,edm,65
0.4943,3.2984,-0.766,edm,65
-0.4513,0.6086,-0.9981,pop,65
1.6597,-0.6258,0.1959,rock,65
-0.0054,0.6787,-0.4186,edm,65
1.7793,0.6006,-0.013,latin,65
1.5791,-0.5735,0.1267,pop,65
0.0693,0.2311,-0.5748,pop,65
-1.8031,-5.3266,-1.987,latin,65
-0.6706,2.0286,0.5885,rap,65
0.0295,0.3455,-0.1219,rap,65
-2.3222,0.2091,-0.3341,r&b,65
-0.672,-0.6076,0.0964,rock,65
1.3588,1.0113,-0.2668,rap,65
1.4695,0.6255,0.349,pop,64
0.9517,-1.9007,0.2936,rock,64
2.6597,-1.0669,-1.8649,rock,64
0.0435,2.6576,0.351,latin,64
0.785,-0.9211,1.872,rock,64
1.9763,0.5294,-1.2389,rap,64
-2.2398,-2.2007,0.736,r&b,64
0.3504,-0.215,0.4353,rap,64
1.2038,0.8465,0.9847,rock,64
0.8605,-0.8122,1.3448,rock,64
-2.7758,-0.7951,-0.4289,r&b,64
0.6809,0.1092,-0.0172,rap,64
0.3554,-0.198,-0.0194,rap,64
-1.5338,-0.468,-1.0648,pop,64
1.3425,0.8298,-2.0594,rap,64
0.1618,-0.0054,0.2383,rap,64
1.5346,1.298,-0.0328,rap,64
-0.6358,-0.5001,-0.0513,rap,64
-0.9121,0.1795,-1.0967,r&b,64
-1.1981,1.2938,1.1019,rap,64
-0.3625,0.527,0.0561,rock,64
-0.0668,-0.8991,-1.9706,r&b,64
0.3683,0.5538,0.4339,rock,64
-0.7514,1.1172,-0.3816,r&b,64
-1.3727,1.2742,0.6492,rap,64
2.3515,0.6052,-0.6167,rock,64
1.4392,0.0975,0.1827,pop,64
1.6509,-0.961,-0.1301,latin,64
0.3922,1.2333,0.5126,pop,64
1.0358,0.8738,-0.9892,latin,64
-1.2064,-1.7557,0.0796,pop,64
0.1823,0.1807,-0.7303,r&b,64
0.6203,-0.0019,1.3918,edm,64
0.0336,-0.4248,0.6475,r&b,64
-1.0583,1.9395,-1.5656,r&b,64
1.3471,1.4527,0.4785,r&b,64
-2.6932,-1.4402,-2.1573,r&b,64
0.1386,0.5579,0.0608,pop,64
0.302,-1.044,0.1706,edm,64
-2.1603,-2.4169,1.4205,edm,64
0.5413,0.8548,1.141,latin,64
0.643,1.3946,0.3092,latin,64
-0.4756,0.3674,-0.3924,pop,64
-0.9619,-1.0888,-0.6291,pop,64
0.2075,-0.3063,-0.0267,pop,64
-0.2278,-1.0969,0.2143,rock,64
1.4709,-1.7434,0.8572,rock,64
0.5606,1.2965,-0.0161,latin,64
1.3273,0.3081,0.1897,pop,64
2.2619,-0.1468,-1.2912,pop,64
-1.0177,-1.1447,0.0043,rock,64
0.0027,-0.303,-0.0578,r&b,64
1.3547,-0.5275,0.1982,pop,64
0.3919,-0.0562,-0.6068,pop,64
0.0691,-0.1948,-0.5305,latin,64
1.203,-0.5554,-0.3299,latin,64
-0.7405,1.5269,-1.7546,rap,64
-4.6367,2.507,-3.5429,r&b,64
-1.4763,0.369,0.8639,rock,64
-3.1841,0.1817,-0.3004,rock,64
-1.8009,1.0863,0.8404,rock,64
-1.258,-1.006,-0.9201,rock,64
-3.8161,-1.5255,-0.8883,rap,64
0.0321,2.6006,0.6337,rap,64
1.7399,-1.2693,1.0894,edm,64
-0.3289,2.8118,-0.9611,rap,64
-0.2939,-0.1595,-0.0749,r&b,64
0.7848,2.3171,0.4983,r&b,64
0.8815,-0.2186,-0.6255,pop,64
-1.1122,1.2052,1.0173,r&b,64
1.648,1.203,-1.8076,pop,64
1.8701,-0.2546,-1.0235,pop,64
0.1649,0.6847,0.7653,rock,64
-2.4126,-2.6486,-0.5711,rock,64
-0.6467,2.6936,0.2853,rap,64
0.0514,-0.0544,0.7595,r&b,64
0.2025,1.4181,-1.32,rap,64
1.8142,0.7467,-0.4802,edm,64
0.5886,1.0339,0.5405,rap,64
2.0926,-1.3306,-1.4949,rock,64
0.0862,1.0335,0.9128,latin,64
-0.0649,0.1094,-0.1235,pop,64
-1.1401,0.8186,-0.0131,latin,64
-0.836,1.0463,-1.3527,r&b,64
0.1067,0.1832,-0.278,latin,64
-0.2362,-1.5374,0.3807,r&b,64
-0.2717,0.5316,0.3161,latin,64
-1.017,1.5706,0.6836,latin,64
1.1631,-1.0892,-0.5474,rap,64
-1.2901,3.156,-2.2304,rap,64
0.19,-1.8938,-0.4859,r&b,64
0.5818,1.7202,0.5071,latin,64
0.8898,1.9336,1.4422,latin,64
-0.0312,1.1305,0.0736,rap,64
0.9962,-0.1504,-1.5214,rap,64
1.3883,0.6034,0.1974,pop,64
0.4982,1.1274,-0.9723,r&b,64
1.1314,-0.574,-0.0394,rock,64
0.019,0.2469,0.6634,r&b,64
0.5896,-0.3011,-0.2669,pop,64
-0.3132,-2.0169,1.4117,rock,64
-3.1844,-2.919,1.1268,rock,64
-2.6285,-1.2274,-0.1682,r&b,64
-1.5016,1.3606,-0.9105,r&b,64
0.6609,0.0518,-1.5518,r&b,64
1.832,-0.4715,0.5212,pop,64
1.8288,0.9837,0.3734,latin,64
1.2947,1.0868,-0.0862,latin,64
2.0858,-0.3446,-0.8516,rock,64
-0.1668,-1.7583,1.9238,pop,64
-0.7026,-0.1894,1.0767,rock,64
0.2251,1.7119,1.4293,pop,64
-0.4956,1.5961,0.0383,rap,64
-2.6243,-3.3291,0.1128,rock,64
-1.8697,1.8217,-0.5913,rap,64
-0.0176,-0.4709,-0.0838,pop,64
-3.7365,-0.95,-0.9714,pop,64
0.5647,-1.2851,0.2692,pop,64
0.159,0.877,-0.2,latin,64
-0.15,0.8776,0.3417,r&b,64
-2.3135,0.3945,-2.1634,rap,64
0.0359,0.04,0.0611,rock,64
0.8768,1.5031,-0.1135,rap,64
-0.9087,-0.8359,0.8463,rap,64
0.3152,-0.8294,0.7339,pop,64
0.2638,-1.3642,-0.5379,r&b,64
1.2976,1.6536,0.1245,latin,64
1.9605,-0.3563,-0.8104,rock,64
1.5936,-0.7708,-1.1487,rock,64
-0.7893,0.9121,-1.4048,rap,64
1.4081,-0.1162,0.0054,edm,64
1.5199,0.1794,-0.8056,edm,64
1.1741,-1.801,-0.7513,pop,64
1.5643,-0.1874,-0.9902,rock,64
0.9136,-0.7091,-0.0228,edm,64
0.9393,0.6472,0.5301,rap,64
-0.1047,1.735,-0.934,rap,64
0.4312,0.1593,-2.2607,rap,64
0.1749,0.88,-0.2987,latin,64
1.8842,-1.4854,-1.1984,rock,64
-0.8745,-0.9401,0.1491,rock,64
-0.9857,0.9842,-0.445,rock,64
0.2701,-0.0987,-0.2323,rap,64
-1.2688,1.8777,-0.5768,rap,64
1.7344,0.8615,-0.4115,latin,64
-0.032,0.1479,1.0416,rock,64
1.2492,-0.1601,0.2901,rock,64
0.4286,0.8289,0.1832,rap,64
-0.4316,1.5177,-1.0258,rap,64
-2.5666,2.0672,-1.7127,rap,64
0.7461,0.0455,-0.1425,r&b,64
-1.1308,0.705,-0.7559,rap,64
0.3172,-0.4539,-0.2177,edm,64
-1.2997,0.9619,-1.5093,r&b,64
-2.291,-2.0074,-1.9995,r&b,64
-0.3801,1.3949,-0.7067,r&b,64
0.2167,0.9966,-0.911,pop,64
-0.9895,1.6296,0.2628,rap,64
0.2263,0.6257,0.1196,latin,64
-0.4989,1.1021,1.1796,r&b,64
1.3907,-0.9445,-0.589,pop,64
-0.1668,0.2341,-0.2569,rap,64
2.0894,-0.9807,-1.1795,pop,64
1.9156,0.2594,-0.0169,edm,64
-1.3136,-0.4999,0.4325,rock,64
-1.8557,0.3834,1.1123,r&b,64
-3.9419,-2.1448,1.4331,rock,64
0.5686,1.2951,-0.1558,rock,64
0.0882,1.9127,0.3794,latin,64
0.6201,1.965,0.3124,latin,64
0.7863,0.4391,-0.0419,r&b,64
-4.3175,-2.4148,0.4381,rap,64
-3.6946,0.1091,-0.5547,rap,64
-0.3568,-1.5958,-1.7624,rock,64
1.1319,-1.4937,-0.7209,rock,64
-0.3806,1.155,-0.0938,rap,64
1.0504,-0.349,0.0873,pop,64
1.0944,0.3686,0.6991,pop,64
1.6083,-0.8373,0.2227,rock,64
1.314,-0.7185,-0.3113,edm,64
0.0402,0.9756,0.3126,rap,64
0.1978,0.5979,0.8988,rock,64
-1.3547,1.5744,-0.6371,rap,64
0.8633,1.3356,0.0092,latin,64
1.028,-0.9891,-0.6776,rap,64
0.9725,1.4007,0.6039,rock,64
-0.257,-0.837,-1.4375,rap,64
0.6013,-0.4378,0.0608,rap,64
0.7399,0.671,0.2607,r&b,64
1.1425,1.9284,0.2941,rap,64
0.6716,-0.8443,-0.102,edm,64
-0.0705,-0.4641,-0.9707,rap,64
-1.0658,1.3155,-0.029,pop,64
-0.5113,0.4335,0.8801,rock,64
0.7084,0.9716,0.4132,edm,64
-0.1873,0.8161,-0.563,rap,64
0.9779,0.267,0.0143,latin,64
0.3357,1.5892,0.4598,pop,64
0.6636,0.9702,-0.6169,rap,64
-1.2881,-1.4349,-0.5313,rock,64
0.9006,-1.3554,-1.1133,rock,64
-1.3104,1.1706,0.1818,rock,64
-0.7268,-1.1494,0.7692,rock,64
-3.0111,-1.8561,-1.3812,rock,64
1.2631,-1.6174,-0.3562,latin,64
1.7259,-0.4152,-1.5702,latin,64
0.626,1.0817,-0.114,rap,64
-0.4841,2.0003,-0.5062,rap,64
0.4458,1.2642,-0.3705,r&b,64
-1.4742,0.9561,1.9204,rock,64
0.9924,-1.3997,-0.8991,edm,64
-0.2695,1.9765,0.5517,r&b,64
-0.0443,1.018,1.0126,rap,64
-3.1227,0.7934,-0.5528,rap,64
-1.6524,0.4883,0.3274,rap,64
1.0612,0.9795,0.2345,pop,64
0.4477,-1.1395,-0.0831,pop,64
-0.2986,-0.6843,-0.0412,latin,64
-0.7627,-1.0395,0.1779,pop,64
-0.2067,-1.4924,-0.7261,pop,64
1.8229,0.3304,-0.425,pop,64
-0.39,-0.8382,0.138,latin,64
0.1498,0.7877,0.2006,pop,64
1.1027,-0.8735,-0.4681,pop,64
-0.1204,0.1709,-0.3512,pop,64
0.9481,1.1763,0.1651,r&b,64
1.3084,1.7074,1.0356,latin,64
1.3413,0.0794,-0.347,latin,64
-2.0181,0.7655,0.7692,rock,64
0.8827,1.857,1.3682,rap,64
-0.1307,1.3355,-0.3196,rap,64
1.5118,1.0687,0.3576,pop,64
1.2062,0.7202,0.4245,edm,64
-0.3032,0.5855,-0.8666,r&b,64
1.6055,-0.7338,-0.703,pop,64
0.713,-0.1464,-0.092,rock,64
1.9013,1.1568,-0.4373,pop,64
0.8777,-1.076,-0.2914,pop,64
0.9143,0.5322,0.7195,r&b,64
0.8832,0.6281,-0.3413,latin,64
0.902,-1.0712,0.6759,rock,64
-0.5812,0.17,-1.8922,rap,64
-1.0138,0.8274,0.393,pop,64
-3.9677,-1.878,0.2533,rap,64
0.0614,0.1542,0.2025,pop,64
0.1416,0.4691,-0.0898,r&b,64
0.2764,1.743,0.5954,rock,64
1.4695,-0.6196,0.0413,rock,64
-0.2137,0.8241,-0.6448,rap,64
0.3486,-0.3562,-0.1551,r&b,64
0.0322,1.9225,0.1884,pop,64
1.2729,0.3876,0.1411,pop,64
0.8034,1.715,-2.6576,latin,64
1.6697,-1.36,-0.4678,rock,64
-0.5247,-0.5814,0.1567,rap,64
0.968,2.0473,1.0719,rap,64
-0.1751,0.2349,-0.5714,rap,64
0.9299,1.9144,1.4569,rap,64
0.1877,2.2223,1.5284,rap,64
2.0148,1.06,0.6516,pop,64
-2.3538,0.5468,1.4993,r&b,64
0.1063,1.4755,0.7529,rock,64
0.1075,1.0293,0.912,r&b,64
-1.9518,-0.5861,2.5625,rock,64
0.2802,0.2346,0.0159,rap,64
0.5792,1.6492,1.0994,rock,64
-0.2371,0.1237,0.1574,rap,64
1.8314,-0.1511,-0.6483,edm,64
-0.5519,-0.1427,0.16,pop,64
-0.09,-0.0994,-0.4523,rock,64
1.0209,-1.1399,0.2655,rock,64
2.1743,1.5344,0.0122,rap,64
0.5304,0.9497,0.5535,rock,64
-0.3513,1.1087,1.2265,r&b,64
0.7311,1.162,1.9806,r&b,64
1.3059,1.504,0.2416,latin,64
1.0027,-1.5126,-0.4165,latin,64
0.507,1.4079,0.4015,r&b,64
-0.2697,1.2096,0.0149,r&b,64
-4.1262,-0.3579,-0.6263,r&b,64
-0.3218,0.6295,0.9047,rock,64
-0.1654,-1.4406,-0.7652,rock,64
0.7536,-1.7292,0.1119,rock,64
0.5049,-1.2721,1.0162,rock,64
0.6378,-0.5365,0.2112,rock,64
-1.8144,1.7054,1.5482,r&b,64
0.8195,-0.5796,-0.7931,pop,64
1.7209,0.3343,-0.5988,latin,64
-4.1273,-0.4982,-0.5785,r&b,64
-0.1307,-0.8202,0.2258,rap,64
-1.7379,0.686,0.6403,r&b,64
-1.9463,0.0139,0.9136,rock,64
0.9898,-0.7357,-0.7964,pop,64
-1.5172,-0.221,0.1453,rock,64
-0.6052,0.9292,0.6779,pop,64
1.775,-0.1663,0.3491,edm,64
0.3111,-0.0814,0.4738,latin,64
-2.0679,1.6293,0.0616,r&b,64
-2.053,1.354,0.0054,latin,64
-1.3795,2.5244,-0.7404,rap,64
1.0486,0.9551,0.9977,latin,64
-2.823,-0.6228,-0.5937,pop,64
-1.4742,-1.9897,-0.8808,pop,64
0.2706,0.7353,-2.3294,rap,64
0.0758,0.4226,0.3072,edm,64
-0.8439,0.0029,-0.3468,rock,64
-1.9805,1.5179,-0.0622,latin,64
-1.2214,0.6174,0.2269,r&b,64
0.5057,1.2998,-2.2112,rap,64
0.48,1.3887,-0.8821,rap,64
0.9462,0.5305,1.063,latin,64
1.6517,0.4715,-0.8793,latin,64
-0.2799,0.497,-0.5179,rap,64
0.6684,0.8968,-0.2094,rap,64
1.5071,-1.7618,-0.1258,edm,64
0.7781,0.6301,-0.8122,rap,64
0.135,-0.6864,-0.7245,rap,64
-0.6461,2.9153,-0.0444,latin,64
-1.007,-0.2721,0.2429,rap,64
-0.6576,0.331,0.0329,latin,64
-1.383,-1.6394,-1.2127,r&b,64
0.479,0.0827,0.1969,rock,64
1.5523,-0.3279,-1.541,pop,64
-0.45,-0.0132,-2.6644,pop,64
-0.5896,0.1554,0.8035,rock,64
0.4597,0.8793,-1.6358,latin,64
0.488,1.4177,-0.9002,rap,64
1.1385,1.4227,1.4351,latin,64
0.4052,-1.0773,1.1367,latin,64
-3.5596,-0.0506,-0.3673,r&b,64
1.0241,0.8717,1.0074,latin,64
0.9682,-0.6545,-0.4593,pop,64
2.5387,-1.9807,-1.3425,rock,64
-0.3913,-0.7425,1.4512,rap,64
-1.4814,-1.8006,-0.0862,r&b,64
-0.0829,-1.3122,-0.926,rap,64
1.4393,-1.2657,-0.2317,rap,64
0.0238,-1.6768,0.0074,rap,63
1.0937,-1.3279,-0.1372,rock,63
1.7368,0.1548,-0.6964,pop,63
-0.9903,-0.1433,-0.5121,r&b,63
0.5353,0.2545,-0.1652,latin,63
0.4985,1.3567,1.5091,r&b,63
-2.7339,-0.9762,-0.9713,latin,63
0.3803,0.8207,0.8347,latin,63
-1.718,0.3398,0.9945,pop,63
0.1067,-0.6047,0.2705,edm,63
0.6627,-0.6187,-0.0437,edm,63
2.1142,0.1894,-0.1705,rock,63
0.63,1.9888,-0.5534,rap,63
-0.1843,0.5698,-0.2145,latin,63
-2.4741,0.2849,-0.7716,latin,63
-0.0925,0.1742,-1.0612,latin,63
1.577,0.9006,-0.6216,pop,63
1.0555,-1.3234,-0.9314,pop,63
0.4946,1.1289,0.6221,rap,63
1.4364,-1.9985,-1.3958,rock,63
-1.1173,1.0862,-0.3829,rap,63
-0.4718,1.2684,-0.0226,rap,63
0.6198,-0.7306,0.0861,pop,63
1.8258,-0.1993,-0.7304,rock,63
-0.3862,1.5266,1.8333,rock,63
0.45,1.2602,1.4967,r&b,63
-1.6618,1.6379,1.4144,r&b,63
0.6438,0.1015,-0.4498,rap,63
0.8155,-0.5268,-0.2167,rap,63
0.4936,1.0233,-1.1503,latin,63
-0.6048,0.6427,-0.8409,rap,63
-2.124,-0.5568,1.6544,latin,63
-1.5802,1.4219,0.1548,pop,63
-2.0063,-2.1725,-2.6984,pop,63
1.4355,0.6403,0.5242,pop,63
0.8642,-0.2036,-0.8613,pop,63
-0.8083,0.4444,0.0157,pop,63
0.4853,1.1968,-0.0359,edm,63
1.379,-0.9205,-0.4594,edm,63
0.5084,-1.0103,-0.0388,pop,63
0.5451,0.1267,-1.0332,latin,63
-0.7374,1.5003,-0.6741,rap,63
-0.1557,0.1107,-0.3251,latin,63
0.0308,0.0936,0.3001,rock,63
0.6439,0.9606,-0.3641,latin,63
-0.6643,-0.7781,2.7826,pop,63
0.4383,1.2447,0.2036,r&b,63
1.607,-0.3381,-0.497,pop,63
1.637,-0.6232,0.5457,rock,63
0.8457,-0.5957,-0.2714,rock,63
0.5374,0.7964,-0.9685,edm,63
1.2782,-0.5764,-0.2334,pop,63
1.0399,0.6392,-0.7268,pop,63
0.2525,2.4242,0.6755,r&b,63
-1.9586,0.449,-0.8461,latin,63
0.3107,0.0227,-0.4257,pop,63
1.7479,-0.6337,0.6944,edm,63
0.4216,-0.4756,-0.4224,pop,63
-2.29,-0.0719,-0.4103,r&b,63
-0.9589,0.7854,0.351,rap,63
1.4669,-0.6571,-0.8329,edm,63
1.3835,-0.4703,-1.0164,edm,63
1.1914,-0.0311,1.1648,edm,63
1.0794,1.1614,-0.464,rap,63
-0.2568,0.0807,0.5728,rock,63
0.8746,1.2614,1.1705,rap,63
-0.0073,-0.5169,0.5451,latin,63
-1.9626,-2.1754,-0.0438,rock,63
0.6918,1.4735,0.4919,rock,63
-0.9392,2.1342,0.2713,r&b,63
0.9574,-1.7413,-1.4765,edm,63
1.6712,-0.4981,-0.3447,edm,63
1.0459,-0.6165,-1.5886,rap,63
-0.6329,0.9168,0.0347,rap,63
-5.3911,-0.9327,-1.0832,latin,63
1.3027,-0.7309,0.3665,rock,63
1.137,-1.1462,0.5507,rock,63
0.7838,1.4513,-0.7171,rap,63
-0.7364,-0.1328,0.4017,rap,63
-1.3733,1.5213,-1.5103,rap,63
0.063,-0.0593,0.4063,rap,63
0.0362,1.0439,0.4382,pop,63
0.0318,-1.5346,-0.4501,edm,63
0.8163,-0.5269,-0.9534,rock,63
-1.4813,-1.3371,2.3579,rock,63
-0.3132,2.2936,-1.4759,rap,63
1.687,0.2299,-0.5303,pop,63
0.0606,0.8909,-0.3942,rock,63
0.8216,-0.7664,0.8782,rap,63
0.097,0.494,-0.2717,r&b,63
1.3708,-0.8428,-0.1985,edm,63
-1.8089,-1.3775,0.0697,r&b,63
-3.8569,-0.7447,-0.4357,r&b,63
-5.2619,-3.9475,0.6126,rock,63
0.3658,-0.6321,-0.0668,pop,63
0.5689,0.0181,-0.0431,rock,63
0.3162,1.4508,-1.6528,latin,63
-0.069,1.6058,1.3078,edm,63
-3.061,-0.2258,-1.5987,pop,63
-0.7039,1.4799,0.651,pop,63
1.9121,-0.3929,0.3965,rock,63
-0.3315,1.1176,1.5904,r&b,63
-5.0125,-1.1829,-1.0052,latin,63
1.0474,0.3286,-0.8418,edm,63
1.3761,0.4923,-0.3949,edm,63
-1.0628,2.6397,0.0953,latin,63
0.6191,0.0766,0.0481,rap,63
1.069,-2.8698,1.0189,edm,63
0.1505,2.019,0.9053,r&b,63
0.6965,0.6382,-0.0414,latin,63
2.4161,-0.8509,-1.0312,edm,63
-0.3656,0.8623,0.646,pop,63
0.6686,0.8971,-0.0075,latin,63
-2.2278,-1.9729,-2.6383,r&b,63
-1.4056,-1.6643,-0.3977,pop,63
0.0745,-0.2192,-0.5828,rap,63
0.624,0.0659,0.2025,rap,63
1.4422,0.6268,-0.1555,edm,63
1.13,-0.9463,0.3714,rock,63
1.3367,0.806,-0.0006,latin,63
0.3447,2.1299,1.1363,latin,63
-2.2804,-0.0499,-1.9913,r&b,63
-1.474,-0.8074,-0.8755,rock,63
-0.7336,-1.388,-0.176,r&b,63
-0.6518,1.3039,1.0957,pop,63
0.9156,0.1568,-0.1947,rock,63
1.6025,1.2021,1.0371,latin,63
0.7175,-0.714,-0.3562,rock,63
0.3803,-1.604,-0.0966,edm,63
1.5347,-1.418,-0.2561,rock,63
-1.2641,0.6935,-0.1726,rock,63
0.4579,0.5923,-2.5853,latin,63
2.1598,1.8125,-1.5493,r&b,63
0.8517,2.2099,0.7563,latin,63
0.524,-0.5884,0.6997,rock,63
0.5701,1.3957,0.3831,latin,63
-0.5468,1.2904,-0.7057,rap,63
1.3877,-2.2248,1.0112,edm,63
1.0307,-0.0166,0.2875,latin,63
-2.0498,1.4113,-0.352,latin,63
-3.1876,1.7853,-0.1072,r&b,63
-0.7876,1.2554,-0.1382,r&b,63
0.7346,1.6819,0.8993,latin,63
1.8718,-1.5368,-0.9567,rock,63
-0.2532,-0.1485,1.8221,rock,63
1.5363,-0.9348,-0.7635,rock,63
1.3866,0.5883,0.1784,pop,63
0.6748,0.0426,0.3757,rock,63
-0.0712,0.6825,1.2874,rock,63
0.5953,1.9119,1.3245,rock,63
-2.8327,0.1905,-0.4065,pop,63
1.5548,-0.3411,0.0701,rock,63
-0.1321,0.1754,0.5826,r&b,63
1.0379,0.1172,1.0149,latin,63
1.8214,0.3427,0.2365,rock,63
-0.3342,0.4041,0.2183,rock,63
0.9541,1.1518,1.1514,rock,63
0.3138,1.0595,0.7547,latin,63
1.0107,1.1343,0.3657,pop,63
1.1137,1.1367,0.8303,edm,63
-0.8608,0.8532,-0.9106,r&b,63
1.7639,0.6021,0.1102,edm,63
-0.3115,0.7547,-0.0795,latin,63
0.5004,-0.0627,-1.1207,rap,63
0.512,1.2345,0.9759,rap,63
-1.0195,1.6647,-0.586,r&b,63
1.6434,0.7841,1.0405,rap,63
-1.0922,1.1565,-1.2933,r&b,63
-0.6549,0.5006,-0.5651,latin,63
1.0408,1.4098,0.6144,latin,63
1.3369,-2.1652,1.6368,rock,63
1.1724,-1.2746,-1.0218,edm,63
-1.3189,-0.7858,-0.4696,pop,63
2.1884,-0.0164,-0.5317,rock,63
-2.1148,-0.2505,0.0084,pop,63
0.4701,-0.4355,0.9164,pop,63
1.0682,0.4807,0.4748,rock,63
0.3819,2.0723,0.9437,latin,63
0.9577,1.8926,0.594,latin,63
-2.9094,1.1258,0.9266,rock,63
0.8934,-0.181,-0.109,pop,63
-0.3376,0.6112,-0.4604,pop,63
0.6603,1.6892,-0.9078,rap,63
-1.631,0.8959,0.0392,r&b,63
-0.1866,-0.0694,0.1322,r&b,63
1.2555,2.3468,0.7643,rap,63
-0.4245,0.1845,-0.3248,rap,63
-1.0128,1.6661,0.9126,r&b,63
-0.3192,0.0275,0.2003,rap,63
-2.1904,1.8929,0.5098,rap,63
0.4063,2.2148,-0.6163,rap,63
1.5388,0.7767,0.6273,latin,63
0.642,1.7318,0.5865,pop,63
0.7032,-0.4649,-0.2974,edm,63
-2.0591,0.6971,-0.1416,r&b,63
0.5959,-0.055,0.2774,pop,63
-2.4126,-2.3269,-0.4013,r&b,63
-1.4126,0.4903,0.663,rap,63
1.6604,0.3411,0.0244,latin,63
-4.9678,-0.494,-1.3731,pop,63
0.425,0.8282,-1.2062,latin,63
-1.1577,-1.4054,-0.6308,pop,63
0.9851,0.7708,-0.0659,latin,63
-3.0705,-1.6951,-1.3355,rock,63
1.5399,-1.2477,-0.5547,pop,63
0.7889,0.92,0.7825,edm,63
-0.2471,1.4039,-0.2955,rap,63
1.4825,-0.6299,-0.1993,rap,63
-0.883,1.4475,0.7403,rap,63
-1.893,0.6548,-0.4097,rock,63
1.2084,2.0814,0.9592,latin,63
1.0503,0.2695,0.4617,r&b,63
2.4543,-0.3375,-1.617,rock,63
0.4357,-0.0182,-0.8892,pop,63
-0.7074,0.7408,-0.1761,rap,63
0.734,1.6029,0.7337,pop,63
-2.1617,-0.5254,-1.1178,pop,63
0.0328,0.4446,1.2475,latin,63
1.337,0.0878,-0.7577,edm,63
-0.7973,1.2072,-0.3215,rap,63
-0.6494,1.5519,0.9158,rap,63
-1.3386,0.9319,-0.2159,rap,63
0.4695,1.4302,-0.1317,rap,63
0.4819,1.7985,1.3075,rap,63
-0.6816,1.9262,1.4874,r&b,63
-0.0468,-0.4098,-0.2053,pop,63
0.489,1.3003,-0.2498,rap,63
-0.8792,0.7038,0.5288,pop,63
1.2906,-1.2928,-1.1085,pop,63
0.1632,-0.3775,0.7436,rock,63
-0.5967,1.4316,0.1004,rap,63
0.8987,-1.3613,0.8221,pop,63
-1.3324,0.1524,2.0024,rock,63
-2.1494,-2.5044,-0.3737,r&b,63
2.2354,-0.4887,-0.9029,edm,63
0.9373,-1.1076,-0.7943,pop,63
0.6849,-0.4747,-0.0166,edm,63
0.5053,1.2928,0.5121,r&b,63
1.6122,-0.8949,0.1829,rock,63
0.7306,1.3289,-0.6189,rap,63
-0.6876,-0.0351,0.6672,rock,63
0.7804,1.8649,0.3412,latin,63
0.6878,-0.7894,-1.8041,rap,63
2.07,1.0775,-0.5455,edm,63
-0.5016,1.2814,0.0645,rap,63
-0.5549,1.2518,0.0479,rap,63
0.7543,1.5491,-0.0653,rap,63
1.5606,-1.2698,0.2786,pop,63
-0.2404,1.6192,-0.4295,r&b,63
-1.6069,-0.6416,-0.1725,latin,63
-0.3441,-1.2591,1.3226,latin,63
-0.7763,-0.151,-0.0435,r&b,63
-3.199,0.0899,-0.2714,r&b,63
-1.4116,0.5942,-1.2474,rap,63
0.7429,-0.6491,1.7447,rock,63
0.4933,-1.7081,0.9646,r&b,63
0.5303,-1.1313,-0.0546,pop,63
-1.5768,-0.5114,0.2033,pop,63
0.5319,0.5056,-0.0245,pop,63
0.0558,-0.4386,-0.8771,edm,63
-2.6909,-1.6358,-2.0845,pop,63
0.9331,1.0654,-0.2297,rap,63
-0.2043,1.5402,1.1075,rock,63
0.7963,0.9145,-0.166,latin,63
0.6797,0.9917,0.4602,r&b,63
0.255,-2.1465,1.4904,rock,63
1.5844,-1.5677,0.8017,edm,63
-0.1804,-0.867,0.6971,rock,63
-2.045,-1.2473,-0.8435,rock,63
-5.129,-1.5728,0.3792,rock,63
-0.4597,-0.8491,0.0796,r&b,63
-2.0351,1.8247,-1.1527,r&b,63
-4.3534,1.3545,-0.2529,rap,63
-0.4196,-1.2323,1.0733,rock,63
-0.9182,-2.2402,1.0401,rock,63
-1.6027,-1.0943,-2.1381,r&b,63
-0.2758,-0.6773,-0.3997,r&b,63
1.3897,1.3092,0.0544,edm,63
0.3129,0.7422,0.9739,pop,63
0.9913,1.8606,-0.7766,edm,63
-0.1977,1.1399,0.3014,pop,63
-1.1818,1.111,-1.1917,rap,63
0.2617,-0.686,0.2646,latin,63
0.9227,-2.8556,1.4054,rock,63
1.2578,-0.853,0.7098,rock,63
1.2845,-0.2906,0.6551,rock,63
1.5614,-1.4685,-0.4903,rock,63
0.5024,-2.4694,1.3101,rock,63
0.1539,1.4788,1.0445,latin,63
-4.4562,-1.3316,0.6934,rap,63
-4.8262,0.1387,0.7635,rap,63
-3.3439,-1.255,-1.2718,r&b,63
-1.6449,-0.813,-0.1986,r&b,63
1.2939,-2.0736,-1.6717,rap,63
-0.2883,-0.0827,-1.0925,rap,63
-0.2377,1.77,-0.442,rap,63
0.3583,-0.6782,-0.0668,rock,63
0.3625,-1.3007,1.1164,latin,63
1.7878,-1.4757,-0.0571,rock,63
-4.7776,-0.8651,-1.0882,pop,63
-1.7356,-1.6529,-0.8049,r&b,63
-0.5251,2.4659,-0.2053,rap,63
-1.1975,-0.3604,1.5752,rap,63
-2.9973,0.3258,-0.1965,r&b,63
-0.3187,0.836,0.2175,r&b,63
-1.661,1.1006,0.0104,rock,63
-4.3961,-1.8331,-0.7612,rap,63
1.9969,0.8466,-0.2744,latin,63
-1.9307,-1.8288,-1.5321,rap,63
1.2454,-1.1937,0.028,rap,63
0.564,2.0606,0.0769,rap,63
0.3736,0.6026,-2.298,rap,63
0.475,-0.021,1.4609,rap,63
-2.394,-0.9981,-1.5167,r&b,63
-1.9584,0.8712,-0.0757,edm,63
0.4603,0.7225,0.6922,pop,63
-0.5255,1.8144,-1.2308,r&b,63
1.1615,0.896,0.6984,r&b,63
-0.3986,2.3418,0.4503,rap,63
-0.2518,2.6158,-1.3227,rap,63
1.7818,-0.1147,-2.3453,pop,63
1.3214,0.6602,0.1428,pop,63
1.428,-0.0861,2.2422,edm,63
1.7926,0.7483,0.2307,edm,63
-2.4784,-2.4681,-1.0326,pop,63
0.8101,0.823,0.9687,latin,63
-0.0764,-0.6806,-0.8225,r&b,63
-0.8396,0.0518,0.264,rap,63
-0.2803,2.0213,-1.8612,rap,63
-0.9416,1.0118,0.8145,rock,63
-1.0873,0.9421,-0.3576,rap,63
-0.3783,2.3056,-0.1023,rap,63
-0.3161,1.5375,0.155,rap,63
-0.8333,-1.1418,1.5631,r&b,63
-3.2504,-0.5388,0.3173,r&b,63
-4.246,-0.434,-1.3865,r&b,63
0.9944,2.3819,-0.4733,latin,63
-1.2293,2.9178,-0.9328,rap,63
-0.1138,1.1671,-0.8259,rap,63
-0.3828,2.2168,0.3484,rap,63
-0.291,0.5022,0.8044,rock,63
1.5724,-0.7642,-0.6604,rock,63
-1.4009,-0.9647,0.3103,rock,63
-2.2266,0.9498,-0.3553,r&b,63
-0.8454,1.5856,-0.7003,rap,63
1.5486,-0.1862,-1.3014,rock,63
1.6019,0.3388,0.4267,rock,63
2.1231,-1.7321,-0.6186,rock,63
0.2613,0.9557,-1.2802,r&b,63
0.938,0.5771,-0.2796,rap,63
0.7181,0.3845,0.459,rock,63
0.2502,1.8227,0.2022,rap,63
-0.1074,1.4336,1.0664,latin,63
0.8078,-0.7237,0.1607,rock,63
0.0567,-1.084,0.4391,rock,63
-0.8513,-0.1588,-1.7357,r&b,63
0.3804,0.0652,-0.1326,pop,63
1.1761,0.922,0.5921,latin,63
-2.5758,-0.0513,1.0809,rock,63
-1.9851,1.1142,-1.5821,rap,63
0.948,-0.7764,-0.6013,rap,63
0.1232,-1.6335,0.127,rock,63
0.539,0.1853,0.3052,rap,63
0.2312,1.069,0.6739,latin,63
1.8465,1.1617,-0.6146,edm,63
-1.2535,-0.9864,-0.7632,latin,63
-2.361,-1.0531,0.588,rock,63
0.377,-1.1083,-1.439,pop,63
0.6836,1.4457,0.7186,latin,63
0.3496,-2.763,0.9169,rock,63
0.8506,-0.8964,1.121,rap,63
0.5554,0.5774,-0.6574,rap,63
0.2266,-0.8011,-0.3785,pop,63
0.6518,0.6591,-0.5422,rap,63
0.5266,-0.0603,-0.5297,pop,63
0.8988,-0.5926,0.5541,pop,63
0.0732,1.3169,0.3639,latin,63
1.6961,0.798,0.0374,pop,62
1.1459,-0.7846,0.2125,rock,62
0.7903,1.4169,1.2907,latin,62
-0.9781,0.567,0.1514,latin,62
-1.2542,1.295,1.6648,latin,62
-2.6141,-1.7329,-0.291,rock,62
-1.276,0.9459,1.6687,r&b,62
0.7585,-2.1811,-1.384,rap,62
-2.0102,-0.2086,0.4599,r&b,62
1.0707,0.1719,-0.642,latin,62
-1.2096,0.2301,-0.1264,latin,62
1.1375,0.3277,0.0856,pop,62
1.285,2.0736,0.6616,pop,62
0.6922,-2.2151,0.9652,pop,62
-2.1685,-0.8205,-1.2948,pop,62
0.9053,-0.4446,-1.0113,edm,62
1.8068,0.3706,-0.258,pop,62
1.3189,-1.6372,-1.3175,rap,62
1.2455,-4.6867,-1.3725,rock,62
0.5614,0.3657,-1.3997,latin,62
-1.4546,-0.6858,0.9028,r&b,62
-0.6902,0.0932,-1.2065,rap,62
1.2198,1.0586,0.7729,edm,62
1.991,-0.7437,0.0322,rock,62
2.0475,-1.5487,-1.2229,rock,62
2.3854,-1.5972,-1.6749,rock,62
1.0628,0.4988,0.1018,latin,62
2.7822,-2.1709,-2.7238,edm,62
-3.4226,-0.8017,-0.0941,rock,62
0.9972,1.9192,0.2739,rap,62
0.3489,1.5711,1.4518,latin,62
-1.9104,0.5738,0.7478,rock,62
0.7116,-1.684,0.5577,r&b,62
0.606,-0.6915,1.436,rock,62
-0.5306,0.3266,2.0127,latin,62
-0.7542,2.1585,-1.234,rap,62
-5.7499,-0.6559,-1.2613,rock,62
1.135,-0.6508,0.335,edm,62
1.164,0.1531,-0.2433,edm,62
-1.2058,-0.1575,-0.4231,rap,62
0.3075,0.9251,0.1872,rap,62
-1.4683,0.8346,-1.1072,latin,62
-0.8265,2.801,-0.5834,rap,62
-0.4467,2.7558,-0.9585,rap,62
0.5091,-0.3852,0.8106,rock,62
-1.5609,-1.0976,-0.6424,rock,62
0.1385,0.4706,0.9499,pop,62
1.9986,-0.7625,0.4936,r&b,62
0.978,-2.6248,-0.2622,r&b,62
-1.5609,-0.7779,0.0996,rock,62
1.6765,0.5516,-0.6401,latin,62
-1.9085,-2.5766,-0.7746,r&b,62
1.6216,-0.5676,0.7665,edm,62
0.9391,0.98,1.8912,pop,62
1.4499,0.6756,0.5194,pop,62
-0.1015,-1.2011,0.0338,rock,62
-0.4636,1.8307,-0.3914,r&b,62
-1.6307,-1.2975,-1.1791,r&b,62
0.1892,0.5861,0.6311,rap,62
0.1597,0.4546,0.5686,pop,62
-1.7619,-1.6212,-1.5655,r&b,62
-1.2895,1.7331,-1.6564,rap,62
0.3184,1.2177,0.5308,latin,62
-2.3266,-0.8132,1.0558,rock,62
-0.6203,1.4181,0.0303,rap,62
-1.4516,-0.3976,0.4636,latin,62
0.9834,-3.0272,-0.4157,rock,62
-2.5631,-0.0751,-0.9817,rap,62
-0.3156,-0.05,0.032,pop,62
0.4779,0.286,-0.9963,pop,62
0.433,0.4785,0.5044,pop,62
-2.8461,-0.8046,-0.1333,rock,62
0.8308,-0.7012,-1.1656,rap,62
-0.1629,1.4557,-0.5224,latin,62
-5.286,-1.887,-1.3886,rap,62
-6.2614,-1.696,-1.1178,rap,62
-5.5371,-1.2305,0.3981,rap,62
0.0607,-0.4077,0.5466,pop,62
-0.394,0.7165,1.7046,pop,62
1.4125,-1.4596,-0.1251,rock,62
-0.8808,1.6702,0.0496,latin,62
1.0392,0.3245,-0.3669,rap,62
-0.5025,0.8076,-0.4441,edm,62
0.9528,1.3907,-0.9425,edm,62
-4.2554,-1.8973,-2.1097,r&b,62
2.2956,-1.3213,-1.4609,rock,62
-0.054,0.3845,-1.4007,edm,62
-2.7647,1.3565,0.1099,pop,62
0.1489,1.7221,1.0466,latin,62
0.5684,1.7153,0.3776,rap,62
0.0417,-0.228,-0.0013,latin,62
1.3239,-1.2999,-0.6716,edm,62
-4.638,-1.1657,0.9565,rap,62
0.7024,0.9997,-0.1815,latin,62
1.5309,-1.6852,-0.3467,edm,62
-0.1667,-1.141,-1.031,rock,62
0.8713,0.9021,0.1398,rap,62
-0.6832,3.4539,-0.1985,rap,62
1.2534,-0.4516,-0.291,edm,62
-0.6027,2.3044,-0.9309,rap,62
-0.0061,-0.8622,-1.5336,rap,62
-1.8824,1.0836,-0.154,rap,62
1.2306,-0.1503,-0.1658,r&b,62
-2.6078,-2.8167,2.3806,pop,62
-0.668,1.68,0.619,latin,62
-0.4168,1.985,0.7802,latin,62
0.0253,1.1725,-0.0689,pop,62
0.8612,1.2166,0.5401,latin,62
0.9521,1.0177,-0.0856,latin,62
-2.6065,-1.1521,-1.5787,latin,62
0.6146,0.7469,-0.9684,latin,62
0.8075,1.1425,0.091,rap,62
-5.8986,-0.7957,0.5032,rap,62
-3.0491,-1.9854,-0.4994,rap,62
0.3175,-0.3908,-0.4828,latin,62
0.8975,1.2126,1.0686,latin,62
0.7963,-0.7824,0.6847,rock,62
-0.8696,-0.842,0.0069,r&b,62
-0.7236,-0.6146,0.1524,r&b,62
2.4828,1.647,-2.3855,rap,62
-2.4917,1.5494,0.3153,rap,62
-4.4926,-1.1832,-0.5783,rap,62
-0.8084,0.7051,0.852,rock,62
-3.4588,0.1493,-1.9829,r&b,62
-0.7311,0.4035,-1.0475,r&b,62
-2.3417,-0.2125,-0.321,pop,62
-1.745,-1.5439,-1.2819,r&b,62
0.1231,0.338,0.5618,rap,62
1.679,-2.0202,-1.4801,rock,62
1.993,-2.8957,-0.7064,rock,62
-0.4005,1.102,0.7217,latin,62
-0.0621,0.8913,-0.2413,rap,62
-1.1016,-0.4747,-0.8451,rock,62
1.8433,-2.3549,-1.0504,edm,62
0.9295,1.3764,-0.3809,r&b,62
-0.126,0.6946,-0.0079,r&b,62
-1.5113,1.0825,0.2401,r&b,62
-0.6963,1.3018,-0.1093,rap,62
-0.5059,2.7102,-1.4279,rap,62
-1.5776,1.0641,-0.3812,r&b,62
1.1051,-1.2746,-0.0355,latin,62
-0.7016,-0.3015,-0.5236,pop,62
-2.1435,0.9355,1.9392,r&b,62
1.2137,-0.5259,0.1938,rap,62
0.0781,0.9232,-0.8332,edm,62
2.3653,-1.735,-0.9581,rock,62
0.6347,0.8518,-1.8958,latin,62
0.636,1.8731,-1.8006,latin,62
-1.1747,-0.3368,0.1387,r&b,62
-2.6053,-2.6097,-2.3381,pop,62
-0.4997,1.4727,-1.0468,pop,62
0.9397,1.3121,0.7757,r&b,62
0.8214,0.7537,-0.597,r&b,62
0.8421,1.1941,-0.1418,edm,62
0.992,-0.0795,0.0821,edm,62
0.9574,1.3052,-0.0667,latin,62
0.9931,-0.3073,0.268,pop,62
0.9955,0.1248,0.0836,edm,62
1.4487,1.5829,1.0461,r&b,62
-0.9289,-1.2799,1.3705,latin,62
1.037,-1.481,0.4066,latin,62
-1.5972,-0.7964,1.938,latin,62
0.2342,-0.3803,-0.7481,pop,62
1.1606,-0.9229,0.3086,latin,62
0.6653,0.9134,1.7629,pop,62
0.2348,1.2694,0.4404,pop,62
1.7687,1.0941,0.018,rap,62
0.3629,-2.353,-1.7363,rock,62
0.6993,-0.5667,0.0104,edm,62
-2.5276,-0.0545,0.5004,rock,62
-1.7254,-0.4095,-0.2028,pop,62
1.2722,-0.3565,-0.5947,edm,62
-0.3451,0.8693,0.3419,r&b,62
-0.5283,0.0175,-0.8453,r&b,62
-1.0502,-2.2032,3.3945,edm,62
1.5859,0.1451,-0.6398,pop,62
-0.0625,-1.4586,-0.051,pop,62
-0.2069,0.7752,0.6456,pop,62
0.1715,-0.3214,0.9927,pop,62
-0.8446,0.7779,1.081,r&b,62
0.1476,1.6366,0.8083,rap,62
0.2617,-0.2102,-0.4198,edm,62
0.053,2.1982,0.6154,rap,62
1.44,-0.4567,-0.8717,rock,62
-0.2334,0.2533,0.0723,edm,62
1.159,-1.5681,-0.8567,rock,62
1.7996,-0.5391,-0.3262,rock,62
-1.139,0.0412,0.1817,r&b,62
-1.6267,0.4509,-1.5615,r&b,62
-0.3083,-0.4029,-0.006,latin,62
1.2789,0.5389,-0.8401,latin,62
-0.4011,0.9156,-0.6938,rap,62
-0.8436,-0.9904,-0.5796,r&b,62
0.641,1.624,0.2999,rap,62
-0.6806,0.5296,0.5479,rap,62
-1.2497,0.3277,-0.8182,r&b,62
1.7574,0.8857,-0.1064,edm,62
1.1716,1.3882,1.1025,latin,62
0.0982,1.8147,1.0163,latin,62
-0.7961,0.3615,0.0605,r&b,62
0.7674,0.464,0.5157,rap,62
1.4965,-0.7346,-1.4364,rap,62
-0.8106,1.6407,1.0184,pop,62
0.7535,2.2056,0.278,rap,62
-1.3563,-1.7066,-1.7072,latin,62
-0.7245,1.3102,0.0753,latin,62
-4.3569,-1.7649,-1.9858,r&b,62
0.0901,1.1028,0.4482,pop,62
0.1003,1.7179,-1.1174,r&b,62
0.1625,1.5666,-1.9775,r&b,62
1.21,1.0296,1.0015,r&b,62
0.8874,0.9922,0.9739,latin,62
-0.1286,-0.8447,0.5179,r&b,62
0.8415,-1.4948,-2.2842,rock,62
0.0195,0.5403,1.3462,rock,62
0.2386,0.0082,-0.2031,pop,62
-2.0862,1.7217,-2.0291,latin,62
-1.6567,2.6452,-0.4248,latin,62
-4.27,-1.75,-1.4028,r&b,62
0.1944,-0.7794,-0.887,edm,62
0.1589,-0.6989,0.0182,pop,62
-0.8591,1.4345,0.282,rap,62
0.0109,-0.2082,-0.6798,rap,62
-1.5525,-0.7302,0.0279,rock,62
1.6806,0.4577,0.5946,latin,62
0.9499,0.1255,0.7577,pop,62
0.2113,0.4695,0.6166,edm,62
1.2792,0.493,0.4113,rock,62
0.3227,0.6863,-0.0766,rap,62
0.0839,1.2876,1.7657,r&b,62
0.4054,-0.2669,0.2481,edm,62
0.3134,0.7132,0.3642,latin,62
1.0459,-0.2981,-0.8735,latin,62
0.6636,1.9698,0.569,latin,62
0.0824,-0.1116,0.2739,rap,62
-2.3015,-0.359,1.6636,rap,62
-0.1018,1.4888,-0.5522,rap,62
-0.0834,0.0334,0.4538,pop,62
0.1002,0.3974,0.0144,pop,62
-1.0131,-1.3448,-1.4965,r&b,62
0.4475,-1.8899,0.5761,rock,62
-0.0708,0.4422,1.137,rock,62
1.1351,-1.7099,0.9809,edm,62
-0.779,-1.4744,0.8645,rock,62
2.2903,0.0494,-0.6563,rock,62
-4.3294,0.2298,-0.5,r&b,62
0.6743,-0.366,0.6119,rock,62
1.1041,0.3718,0.0767,edm,62
1.6423,1.0992,0.7221,latin,62
0.9341,-0.2968,-0.3439,pop,62
-1.0199,0.3826,-0.1967,rap,62
-3.341,-3.2877,-2.9526,r&b,62
1.3761,0.1852,-0.3727,pop,62
-0.5013,-1.118,0.4834,r&b,62
0.0133,0.9455,0.2813,rap,62
1.4103,-0.2936,-0.5063,edm,62
0.5613,1.2379,0.6892,rap,62
0.5298,1.695,1.3348,latin,62
1.352,-0.7442,0.4096,latin,62
-3.1886,0.1227,-0.7,r&b,62
1.2595,2.017,1.4233,rap,62
0.3195,-1.4209,-2.5975,r&b,62
-0.9323,-2.3668,0.2286,rock,62
1.3451,-1.1163,-1.394,latin,62
-1.9898,-1.4788,-0.5656,edm,62
-1.1107,-2.2753,-0.441,edm,62
1.7605,-0.6892,0.4217,rock,62
0.7583,-0.6226,-0.0046,rock,62
-1.3567,1.0274,0.1935,rock,62
1.2105,-0.5074,-0.5669,edm,62
1.7958,-0.885,-1.0695,edm,62
-0.5757,-0.2437,-1.0652,r&b,62
-0.048,-0.3722,0.9088,latin,62
-0.3217,1.3337,0.8003,r&b,62
1.4132,0.557,1.4153,latin,62
0.445,2.9833,0.2045,rap,62
0.7862,-0.859,-0.3392,latin,62
-1.207,1.0173,0.8471,rap,62
1.7808,-0.4042,-0.4485,edm,62
-0.267,-1.0116,2.6673,rock,62
1.5317,-2.2406,-1.8857,rock,62
-1.1471,-0.5613,-1.1076,rap,62
0.709,2.5974,-0.3586,rap,62
-2.615,-1.445,-0.4176,rock,62
-0.0392,0.9984,1.4304,r&b,62
-2.6987,-0.1803,0.7539,rock,62
-0.9989,1.4889,-0.4341,rap,62
-0.3216,-0.0235,0.3623,pop,62
0.6519,1.0776,-1.4129,rap,62
0.8102,-1.644,-0.0109,edm,62
0.4013,1.097,0.9951,latin,62
-0.3874,-0.9171,0.397,rock,62
1.1189,0.6672,0.5849,rap,62
-0.502,0.5043,-0.1603,rap,62
-3.3076,-1.5627,2.0445,edm,62
-0.1472,2.3813,0.4683,r&b,62
-1.7602,-1.4541,0.0826,pop,62
-1.6033,-2.2358,1.3347,edm,62
-2.0926,0.0491,1.2216,pop,62
-0.475,-0.6705,-1.2917,r&b,62
-1.4565,-1.8274,2.7665,rock,62
0.3471,1.7204,-0.1807,rap,62
1.076,0.871,0.384,rap,62
-0.075,-0.4406,-0.3536,rock,62
-0.0646,0.5561,1.0328,rock,62
0.9094,-0.3117,0.6249,pop,62
0.7047,0.0327,0.3741,pop,62
1.55,-0.585,-0.8986,edm,62
1.4833,0.1953,0.1691,rock,62
-1.1032,-0.3559,0.2667,latin,62
-1.6396,0.9901,0.0943,latin,62
-0.906,0.6874,-1.9259,rap,62
1.7209,0.2682,-0.8329,latin,62
0.7215,0.7912,0.3165,latin,62
1.3628,-0.0706,-0.7153,edm,62
0.3815,1.6418,0.8423,latin,62
0.0142,1.152,0.5446,rap,62
-1.02,1.8394,0.4072,r&b,62
-2.0034,0.6621,-1.3065,rap,62
0.8763,0.5502,-0.402,latin,62
0.1252,0.3326,1.0166,rock,62
-2.1422,0.3819,1.4637,r&b,62
2.4027,0.028,-1.5379,rock,62
1.4548,-0.5902,-0.4387,edm,62
-1.2694,-0.2567,-0.6657,latin,62
-0.1405,0.1889,2.3878,pop,62
-1.6155,2.2024,0.2017,latin,62
-1.0562,-0.3101,0.2322,rock,62
-1.7446,1.5497,-0.2188,r&b,62
0.4578,-0.9733,-0.1662,pop,62
-0.4937,0.2714,-0.0715,rap,62
-0.9659,0.414,-0.1269,rap,62
1.1503,0.2077,-0.5106,rock,62
0.6152,-0.0463,-0.6353,pop,62
1.821,0.768,-1.2109,pop,62
-1.0063,-2.0348,0.607,rock,62
1.3583,0.8683,-0.6166,latin,62
1.4703,-0.3022,0.533,edm,62
0.846,-1.0064,-0.0722,rock,62
-0.81,0.4853,-0.2645,latin,62
-0.595,1.6714,0.1709,latin,62
0.2577,1.6671,-1.9489,rap,62
1.0017,0.0313,-0.7106,pop,62
0.9173,0.199,0.0267,pop,62
1.0605,0.2391,-0.052,pop,62
0.9253,0.3955,0.3085,pop,62
-0.1691,1.2529,0.2136,edm,62
-1.1874,1.1724,1.0051,rap,62
1.5154,0.3793,1.5529,edm,62
0.4586,-1.0399,0.3898,pop,62
1.8807,-0.2191,-0.8208,pop,62
0.6864,-0.6117,0.4143,rock,62
1.3949,-0.3516,-0.1202,rock,62
0.9391,1.1854,0.9854,pop,62
1.4755,-1.6438,-2.089,pop,62
2.5057,-1.1292,-1.0523,pop,62
-0.199,1.5701,-1.5503,r&b,62
-3.0034,-0.2722,-1.5261,pop,62
-1.6567,0.9106,-0.1394,pop,62
1.0657,0.9745,0.8593,edm,62
0.7032,1.8755,-0.068,latin,62
1.3076,-0.3679,-0.0502,pop,62
-1.9319,-0.4354,-0.7729,latin,62
-1.7677,0.794,-0.4941,rap,62
1.0192,0.0187,-0.1008,pop,62
1.6229,-0.2509,-0.1138,pop,62
0.7339,-1.4233,-0.8483,pop,62
0.7507,0.7791,0.7376,latin,62
0.1634,0.1525,0.9583,pop,62
0.1897,0.8636,-0.6521,latin,62
-2.9585,-4.208,0.1026,latin,62
0.368,2.6835,0.3771,rap,62
-1.5522,-0.735,0.0945,latin,62
-1.2001,2.0981,-0.4648,latin,62
0.4455,2.2725,0.6871,rap,62
0.1377,1.3353,1.1113,r&b,62
1.2838,1.1148,-0.0525,rap,62
1.3094,0.8176,0.6866,pop,62
-1.7112,-0.919,-0.427,rap,62
0.8427,0.4773,0.1471,latin,62
0.0086,0.5858,0.8179,latin,62
-4.5569,0.9078,-0.3033,latin,62
0.5762,2.0953,-0.9455,latin,62
-1.2497,-0.9388,1.3455,latin,61
1.2866,0.9402,-1.3759,rap,61
1.5811,1.042,-0.2542,latin,61
-1.2599,-0.1217,-3.4761,r&b,61
-0.6838,2.0038,-1.3726,r&b,61
0.7333,0.8875,0.5797,latin,61
-0.2577,-0.2137,0.8923,pop,61
-0.7651,0.7596,-0.2316,r&b,61
0.4465,-1.2509,1.6553,pop,61
0.3323,0.2512,-0.0133,rap,61
-1.2476,-0.2784,1.5199,latin,61
0.7846,0.8839,0.9292,latin,61
0.4359,0.114,-0.3356,rap,61
1.7768,0.3355,-1.4795,latin,61
-0.453,-1.7136,2.1681,pop,61
1.6502,-2.7634,-1.877,rock,61
-0.4135,0.1282,-0.0045,edm,61
1.0203,-1.377,-1.3732,edm,61
1.3951,-0.8379,-0.826,rock,61
-2.2317,1.0806,-0.0969,r&b,61
1.3612,1.442,0.6947,rap,61
0.7288,1.1354,1.0869,latin,61
0.8616,-0.01,-0.7023,latin,61
-0.7079,1.0134,1.2053,r&b,61
0.0513,0.1908,2.0637,rap,61
0.7319,1.8777,0.7552,r&b,61
0.9003,-2.036,-0.4732,pop,61
1.1881,-0.8703,-0.3617,edm,61
-1.7332,2.0295,1.2868,rock,61
-5.4851,-2.3563,-1.7677,r&b,61
0.8868,-2.2331,-1.0484,rock,61
0.1991,-1.0021,1.8761,rock,61
0.6446,-1.9011,-0.7371,rock,61
0.7275,0.5551,-2.0757,latin,61
-1.4278,0.0706,-0.2743,rock,61
-0.6749,0.6997,0.1219,edm,61
0.2735,-1.7072,-0.8409,pop,61
-0.0133,-1.3238,0.1706,rock,61
2.174,-1.2928,-0.6782,pop,61
0.2154,-0.3001,0.4899,rap,61
0.9345,-0.7666,1.0225,pop,61
0.894,-0.5104,0.1083,pop,61
1.2917,-1.8741,-0.7136,pop,61
0.5012,0.2767,0.5566,pop,61
0.3647,0.3367,0.1144,pop,61
1.6011,0.6604,-0.7943,pop,61
-0.7598,0.2651,-1.0676,pop,61
0.5102,-0.6161,1.2466,rock,61
0.6145,-2.4942,0.1857,rock,61
1.0248,-0.6824,-1.7847,r&b,61
0.4914,0.2997,0.9542,rock,61
1.2902,-0.409,0.4167,pop,61
0.013,-1.3665,0.1512,pop,61
1.0086,-0.3768,-0.1998,edm,61
0.3863,0.4125,-0.7255,rap,61
1.8588,-0.4777,-1.1397,rock,61
-0.3843,0.1397,-0.2967,edm,61
-0.1173,1.4148,-0.8702,r&b,61
0.0839,-0.7948,-1.0916,edm,61
1.3616,-0.8294,-0.0819,rock,61
1.1151,0.2777,-0.2432,latin,61
-3.2115,0.3268,0.1722,edm,61
0.1143,0.1798,-0.6039,rap,61
1.6445,-0.7468,-0.4163,edm,61
0.2046,-0.7145,-0.4182,pop,61
0.9239,-0.429,0.4432,pop,61
0.5399,0.4759,0.7855,rap,61
0.1258,1.1372,-0.9328,r&b,61
1.0175,1.993,0.0997,r&b,61
1.3065,0.1348,0.3661,pop,61
1.4416,-0.407,0.1373,rock,61
-0.023,1.7356,0.0215,pop,61
0.5157,-1.0249,-1.1511,pop,61
-0.0215,-1.2102,-2.1247,pop,61
1.5192,-0.8745,-1.0253,pop,61
1.8235,0.4303,-0.154,pop,61
0.2487,-1.6504,-0.7686,rock,61
0.7098,0.7692,1.0605,pop,61
0.9921,0.6678,-0.7031,pop,61
0.613,0.8059,0.8797,rock,61
-3.0571,-2.8705,1.7566,pop,61
-2.3071,-0.2043,0.6164,pop,61
0.4817,1.2932,0.4867,latin,61
-4.1007,1.3551,-2.4462,r&b,61
0.7462,1.0089,0.0812,latin,61
-2.436,0.7001,-1.6345,edm,61
-0.1703,0.6766,-0.9852,pop,61
-2.6341,-1.5795,-0.1411,pop,61
-0.4845,-0.242,0.3553,edm,61
-3.6585,-0.6793,-1.7819,pop,61
-1.0401,1.137,0.5857,pop,61
-0.2222,-0.6119,0.0745,pop,61
1.3067,-0.0743,0.5709,pop,61
0.2371,-0.0119,0.0844,rap,61
-0.125,0.5532,0.3779,rap,61
1.0485,1.6818,-0.5844,rap,61
0.9409,-0.3309,0.0608,edm,61
1.713,0.4841,0.4571,edm,61
1.6603,-1.1698,-0.8299,edm,61
-1.7024,0.0908,-0.1632,r&b,61
1.256,0.3033,-0.1623,pop,61
0.2696,0.5047,0.4887,pop,61
-2.8692,-1.2425,-0.7336,r&b,61
-1.6506,-0.258,0.9439,r&b,61
0.8959,-1.4735,-0.4806,pop,61
0.3932,0.3154,0.9239,latin,61
-0.2228,-0.0435,1.9958,latin,61
-1.201,-0.669,0.7679,r&b,61
1.1697,-0.838,-0.3363,rap,61
0.729,0.1119,1.1502,r&b,61
0.9453,1.0531,1.087,r&b,61
1.416,1.2321,0.4425,latin,61
0.9819,1.457,0.9437,r&b,61
0.1084,0.7121,0.0263,latin,61
2.3225,-0.4557,-0.992,pop,61
-0.5901,-0.3292,0.342,pop,61
-1.2831,-0.5156,1.414,rap,61
-0.7648,0.9158,0.446,latin,61
0.285,0.5505,-0.1883,rock,61
-1.8264,-1.5832,-0.2013,rock,61
1.7569,-1.0916,-0.9876,edm,61
-1.6245,-0.3923,0.3177,r&b,61
1.7256,0.2389,-0.4671,rap,61
-1.4399,1.021,1.515,r&b,61
-0.4553,1.4378,1.2319,rock,61
-1.595,-0.8554,-0.879,rock,61
0.0801,1.3488,0.3203,latin,61
-1.1833,-0.1653,-0.1993,r&b,61
0.637,-1.5762,-0.9608,pop,61
-0.5211,0.1396,0.8062,rock,61
1.9689,0.7294,-0.3499,pop,61
-1.2622,-0.8452,-0.208,r&b,61
0.3121,-0.5382,1.0749,rap,61
-3.0965,-0.0865,0.1804,rap,61
-1.1817,0.4485,0.2438,rap,61
1.0038,1.2796,-0.4341,rap,61
1.366,-0.2494,0.1624,pop,61
0.007,0.0923,-0.434,edm,61
0.786,0.479,1.5889,edm,61
-0.8496,-1.091,0.5096,r&b,61
-1.1043,0.6941,-0.182,rap,61
-1.6589,-1.1182,-0.809,pop,61
-0.1967,0.8316,-0.1442,rap,61
1.6886,1.1641,0.6685,latin,61
0.4688,1.7479,-0.174,latin,61
-1.1213,0.575,0.7449,latin,61
-0.2727,2.7391,-1.6888,edm,61
0.5405,-1.8457,-1.6243,pop,61
2.0996,-0.8863,-2.7276,edm,61
-0.7579,0.9594,-0.715,rap,61
-1.6646,0.1751,0.9526,rock,61
-3.1369,0.4212,-0.0544,rap,61
-4.0864,-1.1554,0.4579,rap,61
-4.1977,1.3889,-0.6378,rap,61
1.6439,1.4062,-1.8621,rap,61
-3.1868,-0.8336,-0.3602,rock,61
-3.1049,-0.046,2.1117,rap,61
-0.4463,-0.5672,-0.0316,pop,61
-1.0315,-1.5939,0.98,r&b,61
-0.363,1.6074,-0.0279,latin,61
-2.0014,0.0005,-1.2005,pop,61
-3.144,-0.0378,0.6474,r&b,61
-2.9046,-0.413,0.889,r&b,61
-0.6935,1.5831,1.0758,latin,61
-1.8964,-0.7824,-1.8017,rap,61
-1.2443,0.2171,-0.5705,pop,61
0.8395,1.4664,0.8282,latin,61
-0.4523,-0.6338,-1.4407,r&b,61
0.8493,-2.133,-1.0658,rock,61
1.0418,0.347,0.3057,pop,61
1.1149,1.4673,-1.0942,rap,61
-0.1543,1.1822,0.4581,rap,61
-1.6398,0.1432,-0.3953,rap,61
0.7596,-0.9911,0.3301,r&b,61
-4.2848,-0.9715,1.0795,pop,61
0.318,1.373,0.5218,pop,61
1.3347,1.425,0.8198,rap,61
0.9254,-1.0322,1.3574,pop,61
-0.0463,0.5964,0.3227,pop,61
-4.1492,1.9251,0.1423,rap,61
-1.4232,-0.0285,0.8342,edm,61
-2.3801,-0.6563,-0.3517,pop,61
0.839,1.7013,0.2639,latin,61
0.2388,1.4201,0.9756,latin,61
-2.4741,0.5517,-0.2877,r&b,61
-0.0628,-0.209,-0.9624,r&b,61
-3.1439,-0.6908,1.7986,rap,61
-0.6263,2.1466,-1.6339,latin,61
-0.1386,0.6938,0.0248,rap,61
-0.1289,0.4445,-1.3392,rap,61
-0.1866,1.2146,-1.2431,rap,61
-0.8391,1.341,1.4624,rock,61
-1.2329,0.0294,-0.5811,rock,61
-2.5965,-0.8542,-1.6788,rap,61
0.4971,-0.8379,0.472,rock,61
1.8242,-2.6782,-1.5001,rock,61
0.5978,-0.6448,0.2464,pop,61
1.4832,-1.2462,-0.9099,edm,61
1.277,0.3941,0.9431,pop,61
0.728,-1.4907,-0.5624,pop,61
-0.4533,-2.0452,2.7634,rock,61
-0.4413,-1.2437,0.4506,rock,61
-0.3055,1.9349,-1.0767,rap,61
0.7719,0.7551,0.4392,latin,61
1.0658,1.6303,0.3333,latin,61
1.3813,-0.9424,-0.9909,edm,61
-1.1563,-1.4007,0.14,rap,61
1.2706,0.1875,0.5214,latin,61
1.2314,0.0456,0.8439,latin,61
-0.0514,1.4933,0.738,latin,61
-2.5174,-1.1157,0.0348,latin,61
0.6779,0.367,2.346,pop,61
-1.6945,-1.1909,-1.9333,rap,61
1.4638,-3.0685,-1.1886,edm,61
-1.8873,-1.622,-0.1418,pop,61
1.3248,-1.9202,-0.9979,edm,61
0.3074,-0.4448,-0.268,latin,61
-0.6252,-1.5272,1.7105,rock,61
0.8487,0.5283,-0.9577,rap,61
-0.2167,1.3485,0.098,rap,61
-0.6697,-0.783,0.3853,rock,61
-0.7203,-1.8224,0.997,rock,61
-0.7617,1.4336,-0.1801,rap,61
-0.1067,1.3309,0.8014,rap,61
0.3477,1.6369,0.2337,rap,61
-0.8744,0.9923,-0.1844,rap,61
-0.321,0.6483,0.7824,latin,61
0.4816,0.7336,0.626,rock,61
1.7515,-2.1762,-1.0334,rock,61
0.674,-1.1495,-0.1168,rock,61
-0.2313,1.3378,0.707,latin,61
-2.411,0.8218,0.011,r&b,61
1.037,0.25,0.7202,rap,61
0.3552,-0.8192,-0.6469,edm,61
1.9683,-0.5367,0.6793,pop,61
-0.1954,1.1807,0.2891,rap,61
-2.8137,0.2933,-0.6346,rap,61
1.325,0.0091,0.7389,pop,61
-1.9229,-1.3718,0.456,pop,61
-0.0972,-0.6056,-0.2496,pop,61
-0.5926,-0.0839,0.2409,pop,61
0.3955,1.9978,-0.3926,rap,61
0.4843,0.0792,-1.1414,rap,61
-0.5386,2.3802,-0.4459,r&b,61
-0.0152,0.8997,-0.5734,rap,61
-0.8018,0.2323,0.1623,rap,61
0.4637,-0.8729,-0.4113,r&b,61
-0.615,1.7285,-0.3983,pop,61
-0.4266,1.7097,0.423,pop,61
0.0376,0.3458,0.499,pop,61
1.9836,-1.4443,-1.0265,pop,61
-2.5122,-0.6359,-1.1825,r&b,61
0.5634,1.7247,0.0004,rap,61
0.381,0.7535,-3.1046,rap,61
0.6086,0.7479,-0.1668,rap,61
-1.0492,1.3711,-0.375,rap,61
-1.5758,-0.2089,-0.679,rock,61
-0.4046,0.2423,-1.0019,rap,61
-0.0994,0.4186,0.6695,rock,61
1.9322,-1.06,-0.4621,rock,61
1.3645,-1.4147,0.3771,edm,61
0.8623,0.7479,0.5074,rap,61
0.1529,-0.8908,-0.4223,rap,61
-0.0828,-0.3826,-0.2614,latin,61
0.7011,0.5099,0.5192,latin,61
-0.0293,2.6114,1.0038,rap,61
0.6791,1.7805,0.9145,r&b,61
1.1439,1.2629,0.3885,r&b,61
0.4398,-1.8925,1.7959,pop,61
0.8475,2.0468,0.4956,rap,61
0.0437,0.1317,0.9594,rock,61
1.1128,1.9421,0.7599,r&b,61
-1.4093,1.8898,-0.0117,r&b,61
0.7446,-1.1409,-0.0757,r&b,61
0.6178,0.9826,0.2438,r&b,61
-3.1067,-0.3636,1.3569,rap,61
-0.9615,0.963,-1.4978,r&b,61
-1.2867,0.3665,-0.5856,rap,61
-3.441,-0.2398,0.0828,r&b,61
0.7334,0.9026,0.8844,r&b,61
1.2115,0.7386,-0.1407,rap,61
-0.3494,0.1486,0.0898,r&b,61
0.4487,1.3294,-1.2333,rap,61
1.1842,0.5264,-0.6015,pop,61
1.027,0.1804,0.8995,pop,61
-0.1312,-1.3001,-0.4571,latin,61
0.3873,0.3643,-0.6872,rap,61
1.5862,1.0923,-0.3484,pop,61
1.0077,0.3736,0.441,rock,61
0.0315,0.1117,-0.1649,rap,61
-0.1757,-0.2041,0.483,r&b,61
-0.8136,0.9335,1.0015,r&b,61
-2.2903,0.3001,0.8361,r&b,61
-1.3337,-2.4433,0.3851,rock,61
0.196,-2.4828,0.3369,rock,61
-2.2303,1.3491,-1.3329,r&b,61
-0.9152,1.8252,1.3789,rap,61
1.5939,0.394,-1.3736,rap,61
0.274,0.4442,-0.9948,edm,61
-1.6575,0.6516,0.3439,rap,61
-0.3931,1.3963,-0.4433,rap,61
0.7259,-1.739,-0.9039,pop,61
1.5363,1.6543,0.8923,latin,61
-1.4896,0.641,-1.2995,pop,61
0.8163,0.3273,-0.0094,rap,61
0.8214,0.9504,1.1522,rock,61
-0.0703,-0.7142,-0.3394,pop,61
-0.2622,-0.2725,-0.0408,rap,61
-0.4184,-0.234,-0.3725,r&b,61
0.3457,-0.9065,-0.8213,rap,61
-0.5133,1.4348,-0.6921,rap,61
-0.2736,1.4515,-1.2393,rap,61
-0.3372,1.8065,-2.9933,rap,61
0.0281,2.2646,-2.3063,rap,61
-4.2,0.9587,-1.4723,r&b,61
0.686,0.309,0.2669,pop,61
0.3057,0.3835,-2.1582,rap,61
-0.7938,-2.7938,-1.8789,r&b,61
-0.1605,-0.0425,-0.0225,r&b,61
0.8548,-0.9514,-0.398,r&b,61
0.2428,-0.1229,-0.0235,rock,61
1.1409,-0.5732,-0.9935,edm,61
0.2947,1.8059,0.446,edm,61
-0.3783,1.7338,-1.0737,rap,61
0.5084,-0.5687,-0.1589,rap,61
1.5871,0.2924,0.7587,rock,61
2.4871,0.6196,-1.1194,edm,61
-1.1675,-0.5981,-0.3616,rap,61
-0.0993,0.5539,1.4537,r&b,61
1.5996,0.2833,1.0773,rap,61
-3.2912,-1.9376,-1.0734,r&b,61
1.5076,1.3534,0.6432,pop,61
1.678,1.1329,0.8129,pop,61
0.9098,1.1686,0.3272,pop,61
-0.4598,2.004,1.1829,latin,61
-0.5188,1.0153,-0.3418,latin,61
1.2705,2.47,-0.6204,rap,61
-2.4761,-0.6873,-0.2014,rock,61
-0.5921,0.1208,-1.5057,rap,61
-0.1293,0.5383,0.465,r&b,61
2.4622,-2.3197,-0.7378,rock,61
-0.142,0.1365,-0.1094,rap,61
-0.6067,1.5513,0.6264,r&b,61
-1.6714,0.7805,-0.3998,rap,61
0.1316,1.7751,1.0009,rap,61
0.534,0.331,-0.3633,r&b,61
1.694,1.3476,-0.9339,rap,61
0.8507,-2.5237,-0.1042,rock,61
0.4729,1.9097,-0.035,latin,61
1.4167,1.0916,-0.078,edm,61
-1.3666,-1.1897,-0.2429,rock,61
-0.0669,-0.2144,0.3432,latin,61
0.2231,0.2347,0.7481,rock,61
1.2443,-2.1204,-0.5558,rock,61
-1.7248,-0.4588,0.2807,rock,61
0.3391,1.8643,0.4727,latin,61
1.5054,0.2426,0.1033,pop,61
2.301,0.5818,-0.4956,pop,61
0.3859,0.6493,-0.1864,pop,61
1.1891,-1.8719,-0.7477,pop,61
1.3413,-1.1002,0.3967,rock,61
-0.1111,-0.2756,1.0967,rock,61
-1.7343,0.5924,0.0559,r&b,61
1.6495,-2.3598,-1.0763,r&b,61
-0.186,0.3896,0.1806,latin,61
-0.9454,0.4032,0.8995,r&b,61
-0.9284,-0.475,0.5405,r&b,61
-0.1605,0.2044,1.3134,r&b,61
1.3912,-0.1555,-0.4045,edm,61
-0.5132,1.1576,0.5812,rock,61
0.8571,0.1018,0.0343,latin,61
1.5621,0.123,0.4742,pop,61
0.8239,0.7091,0.8176,latin,61
0.384,1.8098,0.9941,rap,61
0.6707,-0.8277,-0.3631,pop,61
1.7018,-0.7184,-0.6703,rock,61
1.5782,0.0499,1.1366,pop,61
0.9844,0.3095,0.692,latin,61
0.7817,1.7001,-2.2603,latin,61
-1.4153,1.3547,0.2463,latin,61
-0.3532,2.0364,-0.1879,latin,61
0.6318,1.6896,-0.7535,latin,61
0.0223,2.1306,0.3074,latin,61
-0.8125,1.7641,-1.1216,latin,61
-2.2962,-0.1538,0.8334,rock,61
0.0519,1.9519,-0.4212,latin,61
-0.3446,1.1056,-1.8576,latin,61
0.4406,-0.9065,-1.0686,pop,61
-0.243,0.3029,-1.2731,pop,61
0.4593,-0.6006,-0.4421,pop,61
1.5495,0.0706,0.3615,pop,61
1.7045,-0.0922,0.6496,edm,61
1.2896,0.8113,0.435,rock,61
-3.309,-1.6856,-1.022,rock,61
0.9945,-2.7753,-0.6182,rock,61
-0.8836,2.1468,-2.2953,latin,61
-2.9263,1.6583,-1.2271,r&b,61
0.5228,-0.8943,-0.2541,pop,61
1.5994,0.0493,-0.3917,pop,60
1.5702,-0.0279,-0.8709,pop,60
1.4642,1.0741,-0.0638,pop,60
0.9915,-0.1346,0.162,pop,60
-0.024,1.5839,0.0521,latin,60
-2.8101,-0.6587,0.8336,latin,60
-0.1806,2.3473,0.3589,latin,60
-0.2589,0.0635,-0.2183,r&b,60
0.1851,-0.5612,-1.1888,latin,60
-1.1495,-3.1979,-1.6279,rock,60
-1.7237,-0.3074,0.358,rock,60
0.5399,0.7512,0.3898,rock,60
1.3095,-0.633,1.0164,rock,60
2.2948,-0.9444,-1.5023,rock,60
1.0105,-0.4728,0.3965,rock,60
1.3665,1.0877,0.7639,pop,60
0.6737,-1.4257,-0.0267,pop,60
-0.4991,0.6914,0.9415,latin,60
-0.3801,0.7729,1.5222,pop,60
0.1742,-0.8557,-0.462,edm,60
0.7521,0.2081,0.9311,rock,60
1.1682,0.2932,-1.5591,latin,60
2.0,-0.8365,-1.2362,pop,60
-0.2071,1.021,1.5861,r&b,60
-2.3669,-0.3612,0.2588,rock,60
0.412,0.8487,0.5266,pop,60
1.4502,0.8208,0.2578,pop,60
-1.0353,-0.2063,-0.699,pop,60
-0.0375,0.9965,0.2194,latin,60
0.1199,1.5033,0.3815,r&b,60
-1.0622,-0.7384,-0.5942,r&b,60
0.4876,-1.68,2.2325,rock,60
0.5258,-1.0032,0.6572,rock,60
-0.4175,-0.1008,0.4883,rock,60
0.3083,2.8105,-0.0809,r&b,60
-2.335,1.3208,2.0221,rock,60
1.223,-2.7837,-1.703,edm,60
0.4044,0.699,0.1754,edm,60
1.5856,-2.1717,-0.733,rock,60
-0.3062,1.2504,-0.263,rap,60
-0.0061,0.4749,0.7413,r&b,60
0.4736,1.905,-1.3419,r&b,60
-0.4358,-2.2927,0.0758,rock,60
-2.6586,0.1685,0.3128,r&b,60
-0.8063,1.4591,0.6386,r&b,60
0.3506,0.7483,-1.2894,r&b,60
0.5371,1.5298,0.273,r&b,60
-3.9129,-1.6063,0.1162,latin,60
-1.0465,-2.4243,-0.9251,pop,60
0.3533,1.7617,0.9364,edm,60
-0.5402,-1.3779,-1.0737,rock,60
1.3751,0.4219,-0.1674,edm,60
1.5834,0.8622,0.999,edm,60
2.0688,-1.684,-2.1185,pop,60
-0.6176,0.9272,-1.3765,latin,60
-0.4468,-0.054,0.4573,r&b,60
-0.1979,1.8761,1.4447,r&b,60
0.6586,0.6328,-0.5863,r&b,60
-0.0995,0.7097,0.739,latin,60
1.1986,1.068,0.6497,pop,60
1.2066,1.0825,0.2913,pop,60
-2.1443,-0.5764,-0.2453,rock,60
-1.2422,-1.6196,-0.4135,rock,60
0.5555,1.1109,-0.3796,r&b,60
-0.7888,0.1407,0.3061,rap,60
1.1965,0.1686,0.4858,rock,60
0.4199,-1.5735,-0.3496,r&b,60
-0.0914,0.427,0.1064,r&b,60
0.0002,0.2273,1.1156,r&b,60
0.2271,-0.2028,0.3166,latin,60
0.9722,-0.3863,-0.2411,pop,60
-0.4708,0.4412,-1.058,rap,60
1.3069,1.7914,0.0986,latin,60
1.9832,0.5969,-0.9063,latin,60
-0.2897,-0.0005,0.3994,latin,60
-0.408,0.1889,2.4516,rap,60
-0.1138,0.9291,0.8311,rock,60
0.5056,-0.227,0.7308,r&b,60
1.394,0.3712,0.4336,pop,60
0.6463,-0.341,-0.0508,pop,60
-2.578,-2.4472,-0.3188,rock,60
1.329,0.5107,-0.1504,edm,60
0.2948,-0.6212,0.4926,pop,60
-0.1015,1.1685,0.7707,rap,60
-2.925,0.6785,0.0097,r&b,60
-1.3835,0.8738,-1.0591,rap,60
0.89,-0.3798,0.8993,rap,60
-1.7994,1.1034,0.6168,r&b,60
-3.1667,-2.4609,-2.1313,rock,60
-1.2317,-0.8676,-0.7299,rap,60
-0.8122,-0.7987,0.2157,rock,60
-1.1311,0.5016,-0.9668,pop,60
1.8912,-0.704,-1.0966,pop,60
-3.3271,2.2047,-0.9161,rap,60
-1.6687,1.7884,1.121,rap,60
0.3938,0.3209,0.8643,rap,60
0.241,0.8475,0.5739,latin,60
0.314,1.3573,0.2334,rap,60
-1.5552,-0.6027,-1.4888,latin,60
0.8483,1.3127,0.2486,latin,60
-0.6552,2.988,-0.9028,r&b,60
-0.967,2.0755,-1.1125,latin,60
1.2603,1.5028,1.2968,latin,60
-0.5459,-1.4016,-1.8569,r&b,60
0.5306,-1.6081,0.416,r&b,60
-0.5473,0.8679,-0.398,pop,60
1.9411,1.0047,0.4249,edm,60
-0.884,0.491,0.1389,rock,60
-1.5376,-0.1985,0.089,rap,60
0.8671,-0.0256,0.2222,pop,60
1.775,0.8869,0.9519,edm,60
-3.0548,-0.0851,-0.7809,r&b,60
1.215,-0.4689,-0.4124,rap,60
0.2412,0.2162,0.7159,latin,60
-0.6832,2.0357,-0.0143,rap,60
1.2203,1.1001,0.64,pop,60
0.2367,1.5602,0.132,pop,60
0.3661,0.7924,1.6484,rap,60
-5.1084,-0.2545,-1.2826,rock,60
-1.1166,-0.422,-1.2804,pop,60
-1.4702,0.692,0.5746,r&b,60
0.99,2.1277,-0.5109,edm,60
0.1365,-1.1811,0.2445,pop,60
0.9037,-1.2284,0.8787,rock,60
-2.1098,-1.5556,-0.8968,rock,60
1.5529,-1.5946,-2.0696,rock,60
0.1467,1.2823,0.6204,latin,60
1.5079,0.3932,-0.3336,latin,60
0.0333,-2.4553,-1.5325,rock,60
-0.8291,1.0722,0.2678,rap,60
1.3879,1.4428,-0.9333,rap,60
-1.268,-0.0116,-0.0668,rap,60
-0.5617,2.9767,0.5018,rap,60
0.7411,-1.8356,-1.0041,rock,60
0.4669,0.6659,-0.7124,rap,60
-4.2494,-0.8167,-0.1725,r&b,60
-0.3234,1.3411,0.5971,latin,60
0.8784,0.5858,0.2293,rock,60
0.9611,-3.101,-0.9881,rock,60
0.6924,-0.1059,-0.9949,r&b,60
-0.6062,-1.288,0.1816,r&b,60
0.2864,1.6046,-0.7538,r&b,60
-1.3055,-1.2112,0.9817,r&b,60
0.3467,0.323,-0.3144,pop,60
0.4103,1.2439,-0.989,r&b,60
-0.2389,0.7427,-0.2379,rap,60
0.6195,-0.0236,-0.779,pop,60
1.2721,-0.6156,-1.3009,r&b,60
1.4344,-0.7398,-0.7068,r&b,60
0.621,1.6009,0.1687,latin,60
1.3849,-2.2324,-2.0217,pop,60
-2.1654,-0.8074,0.3998,pop,60
1.0697,-2.0627,-0.2734,rock,60
-0.5411,1.0002,-0.4386,r&b,60
0.7899,-0.6643,0.3303,pop,60
0.2716,-0.0919,0.1594,r&b,60
1.4604,-0.7376,-1.5496,r&b,60
1.7491,-0.9416,0.6056,edm,60
1.5579,1.315,0.1504,rock,60
1.9,1.1122,0.9973,rock,60
-0.1653,1.6433,1.1217,latin,60
1.0125,1.41,1.3847,latin,60
1.1321,-1.7279,0.6224,rock,60
-0.0525,0.6379,0.5473,pop,60
0.5532,0.8894,-0.3336,pop,60
-0.2569,0.7091,0.4073,pop,60
1.2878,-0.8621,0.7434,rock,60
0.3527,-0.4284,-0.9314,rap,60
-0.913,0.4963,-0.2452,rap,60
1.2222,1.7437,0.3184,r&b,60
0.992,-0.1792,-1.8393,rap,60
-1.9728,2.0184,0.6889,rock,60
-5.0571,-2.2213,-1.7637,r&b,60
-0.934,0.1002,-1.585,rap,60
-3.1848,0.7635,-0.3085,rap,60
-0.4952,1.8463,-0.0342,rap,60
0.3601,1.0229,0.098,rock,60
-1.6437,0.3605,1.929,pop,60
2.2112,-0.1156,-3.6834,rap,60
0.2051,1.2357,0.2489,rap,60
0.7986,0.2171,1.8335,edm,60
1.3304,1.1023,0.3176,latin,60
-1.5402,0.8768,0.418,rap,60
1.2717,0.8371,-0.8118,rap,60
1.5198,0.7477,-1.5915,pop,60
-0.7639,1.2488,0.0812,latin,60
-1.0291,1.6577,0.1214,rap,60
-1.7816,1.3828,0.4518,rap,60
-1.606,3.0669,-0.9022,rap,60
0.8806,0.7635,-0.6947,edm,60
1.4504,0.8117,0.5775,edm,60
-1.1751,-1.1221,0.9907,latin,60
1.0847,2.5328,0.4816,rap,60
-0.5713,0.0022,-0.7513,r&b,60
0.5411,1.9216,0.6488,rap,60
1.0238,1.1696,0.7635,latin,60
1.2869,0.4314,0.2633,rap,60
-1.8591,-0.7813,2.2252,r&b,60
-0.4664,-1.7324,-1.0165,r&b,60
0.5481,-0.8639,-0.9007,pop,60
0.9736,-1.7511,-1.107,pop,60
1.115,-0.9935,-0.6655,edm,60
0.2368,-0.2695,-1.0876,edm,60
0.1929,0.7264,0.7579,edm,60
-0.0929,1.6393,-0.0207,latin,60
0.9969,-2.2764,1.3641,rock,60
0.1886,1.81,0.7692,r&b,60
0.7924,0.4578,0.488,r&b,60
1.1019,-1.1964,-0.2928,r&b,60
1.3053,-2.0186,-1.2631,rock,60
0.0709,0.5809,-0.6911,rap,60
-0.4594,0.0753,0.22,latin,60
0.8375,0.6193,1.2662,latin,60
-0.1957,0.7678,1.1689,rock,60
-0.5785,-0.0049,0.2327,rap,60
0.3763,0.8288,-0.2803,rap,60
0.9498,0.7087,0.5107,rap,60
1.6076,-0.4543,-0.8296,pop,60
-0.0435,-0.22,0.0356,latin,60
-2.5469,0.1282,-0.1638,rock,60
1.9616,0.2668,1.3201,edm,60
0.6089,-2.4898,-0.9806,rock,60
1.5489,-0.1176,0.4497,pop,60
0.4654,0.283,-0.2698,pop,60
2.4419,-0.759,-1.5936,edm,60
2.2896,-0.5965,-2.3744,edm,60
0.4185,-1.8066,1.3221,rap,60
1.6103,-0.6588,-0.0384,rap,60
-1.7085,-1.2608,0.2684,edm,60
0.2074,-1.0692,-0.5088,pop,60
-2.1639,-1.9602,-0.7883,pop,60
0.6356,-0.5102,-0.3731,pop,60
1.3261,1.1902,0.678,pop,60
-1.3182,1.3086,0.4868,r&b,60
0.208,-1.4833,2.4402,edm,60
-0.0091,1.1957,1.9248,edm,60
-0.5544,0.2875,-0.3296,r&b,60
0.9182,-0.8172,0.3305,rock,60
-1.739,-1.2605,1.7104,latin,60
1.2659,0.8944,-0.2547,latin,60
0.4195,0.631,-0.147,latin,60
-2.5627,-1.334,-0.8534,pop,60
1.4169,1.8882,0.5687,r&b,60
0.146,0.1337,0.4479,r&b,60
-1.7209,-1.7701,-0.0977,rock,60
-0.3424,1.1721,-0.8458,pop,60
0.9386,-0.0327,-0.3441,r&b,60
0.8821,1.2102,0.9053,rap,60
1.3006,0.7501,0.3888,rap,60
1.3441,-0.1346,-0.1541,rap,60
-1.5359,-0.3663,0.2113,rap,60
0.8649,1.4668,0.7764,rap,60
1.3212,0.0822,-0.7436,rap,60
-0.1265,1.5083,-0.8574,rap,60
0.9281,-0.0847,0.1697,latin,60
-0.2534,1.6619,0.2092,rap,60
-1.9032,0.0388,1.2856,rock,60
0.1288,1.3255,-0.3071,rap,60
-0.0992,-0.1548,-0.3783,edm,60
2.2748,1.2076,-0.1886,edm,60
0.3929,1.0955,-0.6181,pop,60
-0.3423,1.5531,1.3605,pop,60
0.5379,-2.8916,-0.4395,edm,60
0.2347,0.7399,1.2319,pop,60
-0.7468,-0.91,2.2836,pop,60
-0.2062,1.8213,-0.2467,rap,60
0.0169,-1.2213,-0.0733,pop,60
0.1298,0.444,-2.3015,rock,60
-0.3142,0.8152,-0.2632,edm,60
-2.3674,-2.2637,-0.9629,r&b,60
-0.7086,1.8015,-1.464,rap,60
-0.0253,0.3884,-1.5909,rap,60
1.2925,1.2853,0.1459,rap,60
-0.5731,0.7961,0.4023,rap,60
0.4818,0.376,-0.1154,rap,60
-0.5307,-0.7934,0.4144,latin,60
-3.5926,-0.659,-0.0921,latin,60
-1.2429,1.8555,-1.2214,rap,60
-2.4589,-1.0049,-0.572,latin,60
1.6449,-1.189,0.0111,rock,60
-0.0695,1.9269,-1.2744,rap,60
-0.2109,2.3969,0.4637,rap,60
-1.3446,1.5887,1.0089,rap,60
1.5964,1.9517,-1.0293,rap,60
0.6005,1.1937,-1.7776,rap,60
-0.4389,1.0304,0.9957,latin,60
1.7241,-2.5672,-0.2369,rock,60
1.6963,-1.3046,-0.5455,rock,60
1.2425,-2.188,2.1786,edm,60
-0.2675,-1.3046,-0.2494,rap,60
-1.9775,0.2221,-0.6633,pop,60
-0.0346,-0.2872,-0.4811,pop,60
-0.0179,2.3548,-0.3564,r&b,60
0.7462,-1.6615,0.665,rock,60
-0.7542,-0.2026,-0.0354,r&b,60
1.358,0.1263,0.0164,pop,60
0.8382,-1.0479,1.1475,rock,60
-1.1014,-0.4074,-0.7399,rap,60
-0.9132,-0.8873,-0.187,rock,60
0.2373,0.0208,-0.7037,rock,60
-0.6672,0.7604,-1.5255,rap,60
-1.1568,-0.7542,-0.2409,latin,60
-1.7953,-2.2722,-0.646,latin,60
1.9602,-0.822,-0.6692,edm,60
1.7337,-0.006,1.519,edm,60
1.2947,-0.0801,-0.4407,edm,60
0.0816,0.5853,-2.375,rap,60
-2.0506,1.7217,-0.8336,rap,60
-0.2727,2.7205,-1.8261,latin,60
1.155,0.9165,-0.5936,pop,60
0.1941,2.6075,-0.7056,rap,60
-0.0937,0.8185,-0.2271,rap,60
-3.2803,-0.8655,-2.6856,rap,60
-2.1757,-0.1987,-1.1054,r&b,60
0.9274,0.7953,0.1008,edm,60
1.7183,0.5073,0.0267,edm,60
1.2489,-0.1801,0.023,pop,60
1.5941,0.0732,0.2655,pop,60
0.3731,0.5772,0.9848,rock,60
-4.4076,-1.6185,-0.8323,rock,60
0.8275,0.0383,1.2619,rap,60
-0.1104,-0.3972,0.1722,rock,60
-0.876,0.0731,0.972,rock,60
-4.3522,-1.3363,-1.0962,rock,60
1.6567,0.417,0.5826,pop,60
-4.5701,-0.6229,-1.3475,rock,60
1.4585,-1.6479,0.044,rock,60
1.7961,0.0442,-0.1322,pop,60
0.7918,1.8297,1.9213,latin,60
0.9405,0.4383,0.3762,rock,60
1.4843,-0.6043,0.2457,rock,60
2.1594,-0.9149,-1.9705,rock,60
2.2708,0.706,-0.2895,latin,60
-1.4273,1.1893,0.5246,rock,60
0.9864,0.6743,1.1389,latin,60
0.8597,1.7402,0.536,rock,60
-7.1662,-1.1739,-1.0826,pop,60
1.3274,0.0082,-0.2297,r&b,60
0.3202,0.1939,0.6347,rock,60
0.6572,-0.8154,0.3163,rock,60
-3.1429,-0.9568,1.4586,rap,60
-3.4338,0.3304,-0.9703,rap,60
1.7064,0.6545,-0.1813,latin,60
0.3248,1.4052,-0.5135,rap,60
0.2734,2.0539,1.0038,latin,60
-0.3028,0.0644,1.0987,rap,60
-2.8671,0.0738,0.5311,rock,60
-0.3815,-0.404,1.0543,rap,60
-0.1752,0.4759,-0.7902,r&b,60
1.6296,1.0849,-0.5899,rap,60
-0.2637,-0.0714,-0.139,rap,60
1.7542,-0.5514,0.7176,rock,60
-2.9339,-0.6891,-1.0646,r&b,60
0.1973,2.0106,0.0087,latin,60
1.0925,-2.1014,1.8055,edm,60
-4.0599,-2.0228,0.0759,rap,60
1.0566,1.164,0.8833,latin,60
-4.1261,0.2286,-0.2329,rap,60
-1.7151,-1.0708,-2.3573,rap,60
0.7341,0.5568,1.8218,rock,60
0.5062,-2.5922,-1.4201,r&b,60
-3.5864,-1.2086,-1.0021,pop,60
0.0782,-0.3691,0.1249,r&b,60
1.559,-0.3857,-0.1997,rock,60
0.9891,1.3756,0.6712,latin,60
-3.0558,-0.9019,1.5137,pop,60
0.3736,1.6166,-0.3897,r&b,60
-1.483,0.3632,-0.405,r&b,60
-4.167,-0.6834,0.0551,rock,60
-2.939,-0.1133,-0.8032,r&b,60
-0.3659,-0.5212,-0.3221,r&b,60
-0.7831,-0.3372,0.8658,r&b,60
-3.0413,-0.7499,-0.7986,r&b,60
-0.9311,0.1321,-0.5739,latin,60
-0.1869,1.1185,1.4787,latin,60
1.9374,-1.2371,-0.9747,rock,60
-2.6011,-2.9667,-0.0706,rock,60
-1.7314,-1.091,0.7923,rock,60
0.6456,-0.7881,0.7595,rock,60
-0.5728,1.188,-0.1079,r&b,60
-0.2244,0.4897,-0.4368,r&b,60
0.032,1.9428,-0.1215,pop,60
0.4316,0.3273,-0.069,latin,60
1.2854,-1.333,0.2312,pop,60
2.4841,-2.0164,-2.6401,pop,60
-0.6173,-0.6395,0.9982,rap,60
-2.7319,-1.791,0.7262,rap,60
-0.6857,1.5187,0.6613,latin,60
-0.3541,0.3228,0.088,rap,60
-2.0995,-3.089,1.9257,edm,60
-0.0469,1.2464,-0.3882,latin,60
0.0467,-1.1084,-0.2704,r&b,60
1.9,-1.2731,-1.42,pop,60
1.0548,1.2068,-0.0816,rap,60
0.6634,0.4356,0.2915,r&b,60
0.5827,-0.1997,-0.3974,latin,60
-0.4637,0.0114,0.5833,rock,60
-0.6639,1.0804,-0.8988,r&b,60
-0.0778,0.1142,0.0439,edm,60
1.4654,-0.9522,0.4079,rock,60
1.4892,-1.091,-0.8904,r&b,60
-0.8564,1.3446,-0.4955,r&b,60
-0.5044,1.0559,-0.9258,rap,60
-4.3459,-2.3433,0.6164,rap,60
-0.717,0.5086,1.4186,latin,60
1.2786,-1.4047,-0.5608,pop,60
0.9386,1.0621,0.4621,pop,60
0.4755,2.5398,-1.5203,latin,60
0.7457,0.8386,0.7266,pop,60
1.1759,0.9235,0.9864,pop,60
-0.214,1.6984,-0.4138,latin,60
-0.178,-0.4907,-0.0578,rap,60
1.5034,-0.272,0.4656,rock,60
0.4147,0.4847,0.5609,rock,60
1.1953,-0.1988,-0.1197,rock,60
0.1452,1.8692,0.761,latin,60
0.7322,1.5522,0.6824,pop,59
1.891,0.5615,-0.8954,latin,59
0.8996,0.9054,-1.0494,rap,59
0.2466,-0.594,-1.155,r&b,59
0.3608,-0.0178,-0.0379,edm,59
1.9589,-0.8475,-2.1425,rock,59
1.4371,-1.2686,-1.1613,rock,59
-0.8721,0.9397,1.4592,rock,59
1.8017,1.0125,0.5305,edm,59
0.3445,0.4957,1.3416,rock,59
0.4685,-0.957,0.3586,rap,59
0.562,0.7529,1.3213,rap,59
-0.1425,1.2552,0.2992,latin,59
0.4199,1.3598,-0.9059,edm,59
1.1384,-1.0149,-0.5067,edm,59
-0.2554,1.7834,0.7905,pop,59
0.447,0.9941,0.9791,r&b,59
-0.0389,1.024,0.5502,latin,59
-0.0381,-0.7319,0.3361,rap,59
0.8869,0.1113,0.6358,rock,59
1.0486,1.3334,0.7947,latin,59
0.3681,-1.6483,-0.2775,edm,59
-4.1206,2.086,-0.3035,rap,59
1.8058,-0.2272,0.5086,rock,59
-0.7271,1.2688,-0.2057,rap,59
1.9454,-2.8932,-0.5683,rock,59
0.8851,-1.4118,0.7314,rock,59
-0.768,-1.7351,3.3788,pop,59
0.2296,-0.9407,-1.6605,latin,59
-0.3248,1.8007,1.0797,latin,59
-0.8031,-0.1576,0.3285,rap,59
0.2233,-0.885,0.6793,r&b,59
-0.7392,0.3986,-0.0417,r&b,59
1.833,-1.0128,-0.5114,rock,59
1.896,-0.2442,-0.859,edm,59
-2.0176,1.0417,0.3323,r&b,59
-1.5255,1.2059,1.5417,r&b,59
1.4391,-0.9684,-0.3814,rock,59
1.0159,-0.7285,0.8779,pop,59
0.9461,1.6669,-0.761,rap,59
2.1938,-1.6155,-0.6336,rock,59
-0.3958,1.7113,0.7668,r&b,59
-2.0625,0.8736,0.7932,r&b,59
1.4761,1.2096,0.35,latin,59
-0.6868,0.5343,-2.4882,r&b,59
0.4588,0.2021,0.1666,pop,59
-1.617,-0.41,-0.903,latin,59
1.9035,0.3528,-0.1705,pop,59
1.733,-2.1856,-0.8695,edm,59
-2.7531,-0.6146,0.1848,pop,59
1.2284,0.3387,0.5091,edm,59
-0.6044,1.044,0.3733,latin,59
-3.9128,-3.6684,-2.789,rap,59
-3.7851,-0.3691,0.5529,rap,59
-4.2319,-1.2778,-1.9509,rap,59
-4.5792,-2.0113,0.4841,rap,59
0.5253,-1.0843,0.2248,r&b,59
-5.7019,-1.9378,-1.6547,pop,59
-0.7297,-2.4719,-0.1382,pop,59
0.0644,-0.0109,-0.8876,r&b,59
-2.1907,-0.8379,-0.8116,rock,59
1.6447,0.5353,-1.5849,rap,59
0.5328,1.5113,0.7817,latin,59
1.8658,0.4074,0.5087,edm,59
-1.0076,0.7815,-0.0096,rock,59
0.0162,-0.3407,-0.0806,edm,59
0.511,-0.1903,0.0985,latin,59
-0.2982,0.5857,0.4694,latin,59
-1.8789,-0.0011,0.3822,pop,59
-2.794,0.0912,-0.5556,rock,59
-1.4109,0.3688,0.5134,rock,59
-2.1624,-1.229,1.2987,rap,59
1.6768,-0.5941,-0.4106,r&b,59
-1.5125,1.1446,-0.951,latin,59
-4.4179,-0.3555,0.7819,rap,59
-0.2426,0.57,0.5054,rock,59
0.417,0.8154,1.8493,edm,59
-0.3796,-0.0952,0.3674,r&b,59
-2.0511,1.7105,0.3193,r&b,59
-2.0171,-2.0316,-1.6058,pop,59
0.9983,1.7182,0.5399,pop,59
0.9994,-0.5761,-0.3741,edm,59
0.1038,0.2938,-1.9678,edm,59
0.3481,-2.1401,-0.4569,pop,59
-0.8652,0.0863,1.4646,edm,59
-3.0545,-1.7287,0.5697,rap,59
-2.5291,-0.7764,1.0844,rap,59
-1.2403,0.1375,-0.1601,latin,59
2.5853,-1.5796,-0.8535,rock,59
1.0097,0.0401,0.3634,edm,59
0.7827,1.3619,1.0496,latin,59
-2.7628,0.2307,0.0579,r&b,59
0.4698,1.0052,0.9335,latin,59
0.2298,1.8531,0.7276,latin,59
0.0617,0.1148,0.1284,rock,59
1.2497,-1.3742,1.0147,edm,59
0.2113,0.0458,0.3756,pop,59
0.8277,-1.3756,-0.5821,rock,59
1.5592,-0.6857,-0.6759,rock,59
-0.02,-2.1768,-1.2423,latin,59
0.8723,1.6635,-0.1649,rap,59
-0.4772,-2.9729,1.3895,pop,59
1.5601,-1.5951,-1.1487,edm,59
0.1455,-3.2905,0.5053,edm,59
2.6203,-1.1426,-1.3568,rock,59
0.3657,-0.5783,-0.0036,rock,59
-0.4681,2.2514,-1.7237,rap,59
-0.274,-3.069,-2.5944,rock,59
-0.3699,1.5296,-0.1957,rap,59
1.3113,0.9595,0.4108,rock,59
-0.6463,1.798,-0.1711,rap,59
2.0428,-0.356,-0.0833,edm,59
1.205,-0.2606,0.724,edm,59
-0.3096,-0.5037,0.1235,rock,59
0.3861,1.9146,1.3515,rap,59
0.2885,2.7527,-1.2408,rap,59
1.4653,0.0547,0.0612,pop,59
2.2756,-1.0218,-1.1063,pop,59
-1.0906,0.8488,-0.3519,pop,59
0.683,-0.361,0.1336,pop,59
1.6509,0.41,0.7626,rock,59
-0.5421,-1.2475,-0.4225,rap,59
-0.7704,0.0021,0.5043,rock,59
0.6211,-2.0185,-0.6066,rap,59
-0.8107,-1.0984,0.063,rock,59
-2.1404,-2.8228,-1.533,pop,59
0.7432,0.5292,0.0906,edm,59
-0.4348,2.0962,-0.1015,latin,59
0.1961,-0.013,-0.0823,latin,59
0.9541,0.0547,0.621,rock,59
-0.9333,1.3315,-1.0372,rap,59
0.0796,1.76,0.9132,rap,59
-0.2398,0.0997,-1.7012,rap,59
2.0334,0.4909,-2.4369,latin,59
-1.1276,1.1251,0.1084,latin,59
1.6356,-0.6163,1.5417,edm,59
-0.0937,0.392,0.8806,pop,59
-0.5972,1.7539,-2.6384,rap,59
0.7705,-0.0655,0.8973,rock,59
-0.0926,1.8018,-1.7525,rap,59
0.9328,0.6362,0.4429,pop,59
-2.094,2.7418,-1.9056,rap,59
1.4017,0.262,0.6975,rap,59
0.7388,0.2941,0.6307,rap,59
1.3292,-1.1955,-0.717,pop,59
1.3206,-1.6056,1.037,rock,59
-0.9704,1.4397,0.1342,edm,59
1.5541,-1.7953,0.1508,rock,59
0.7225,-0.9463,-0.0462,rock,59
1.0759,1.5226,0.2069,latin,59
1.9343,-1.2112,-1.3697,edm,59
-1.2511,-0.2593,-0.079,r&b,59
0.3218,-1.0807,-0.2664,pop,59
2.235,-0.42,-0.4273,pop,59
1.9492,0.2883,0.739,pop,59
1.0058,0.4583,-1.1082,rap,59
-0.6436,2.1779,0.5362,rap,59
0.3779,2.7801,0.3464,rap,59
-3.6311,-0.2507,1.7073,r&b,59
-1.9266,0.4823,-0.2258,rap,59
0.5474,-2.3332,1.931,rock,59
0.6656,1.5291,0.4437,pop,59
1.2492,-1.2759,-0.8949,rock,59
1.5311,0.0218,0.333,rock,59
-1.1778,-1.751,-0.5307,pop,59
-1.2769,1.5968,-0.613,rap,59
0.2144,1.3674,0.4476,rap,59
0.1565,1.3875,-0.3079,rap,59
-1.9484,2.1517,-1.1562,rap,59
0.2277,1.5349,-1.8893,rap,59
0.0265,1.5454,-1.2865,rap,59
0.3538,0.3547,-2.0446,rap,59
0.2924,0.6847,0.6882,rap,59
-0.4523,-0.0662,-0.6513,r&b,59
0.6147,2.0946,0.2766,rap,59
1.7266,1.5755,0.5638,r&b,59
1.0341,0.4521,0.713,pop,59
-3.2438,-0.3865,-1.0011,pop,59
-2.0015,-1.4447,-1.2146,pop,59
-0.429,0.6098,-1.6239,rap,59
-0.3725,0.2917,-1.6323,rap,59
-0.8503,1.9644,-0.9569,rap,59
-1.8796,1.3119,-1.1103,rap,59
1.3596,-0.7566,-1.1667,rap,59
1.7933,0.5262,-0.6482,rap,59
0.0774,-0.7322,0.1699,r&b,59
0.2673,-0.6995,-0.4032,rap,59
-0.303,0.8387,-1.8066,rap,59
-1.2192,1.5893,0.4629,latin,59
1.838,1.5751,-0.3844,r&b,59
1.9558,1.6369,-0.3456,pop,59
-1.4518,0.454,0.2895,pop,59
-1.0308,-2.0401,0.1903,edm,59
0.333,-1.179,-0.2727,pop,59
0.307,1.3443,0.8539,pop,59
-3.257,-1.0321,0.382,rap,59
1.405,-0.0652,0.2459,r&b,59
1.2042,1.509,0.9766,rap,59
1.5433,1.5405,0.3424,rap,59
0.6818,0.9745,0.5579,rap,59
1.7487,-0.3712,-0.3671,rap,59
1.3,0.5054,-1.9779,rap,59
0.6239,2.1915,0.1329,rap,59
1.4388,-0.4008,0.3038,rap,59
0.6301,0.9043,-1.4111,rap,59
1.8779,-1.6298,-0.9771,rock,59
-0.4535,-0.6076,0.0947,rap,59
1.7846,-0.1101,0.2387,rap,59
-0.386,0.5316,-0.2899,r&b,59
-1.8798,0.1826,0.8999,r&b,59
-0.8667,-0.397,-0.9831,latin,59
0.9199,-0.5554,-0.359,rock,59
0.0188,1.2148,-0.2737,rap,59
1.5124,0.7898,0.8249,rap,59
-0.2254,0.7694,-0.2751,rap,59
1.756,-1.1167,-0.2807,rap,59
-0.8143,-2.0209,-0.2852,rock,59
0.9736,0.4097,0.53,rap,59
0.4017,0.6021,-0.1248,rap,59
0.4393,0.6274,1.0817,rock,59
-2.0086,-1.7306,-0.3651,rock,59
-1.8582,1.2842,0.4018,rap,59
-1.2181,2.5919,-4.3589,r&b,59
-3.084,-1.3566,-1.374,r&b,59
-1.0696,-2.2768,0.306,rock,59
1.2638,0.4317,0.5135,rock,59
-1.0295,-2.2116,1.314,rock,59
1.3433,-0.196,-0.376,rap,59
-0.4696,-0.0658,0.8419,r&b,59
1.1225,-0.4325,-2.0919,edm,59
-0.1037,-0.7426,-0.0168,pop,59
1.3226,1.0807,1.9561,pop,59
1.5371,1.7797,0.8869,pop,59
0.845,0.618,-0.1913,edm,59
0.4191,0.1614,0.5161,edm,59
0.1376,-3.0755,0.7385,rock,59
0.6267,2.6672,0.4751,rap,59
-1.4195,2.4647,-0.476,edm,59
1.4143,-0.3295,-1.3574,edm,59
-0.2965,0.2446,1.0194,latin,59
-1.2864,-1.2375,1.0742,rock,59
-0.6911,0.246,1.4566,rock,59
-2.5214,-0.9636,0.4955,rock,59
-0.9311,0.2911,-2.1437,r&b,59
-0.5742,-0.6319,1.9491,latin,59
-0.5291,-0.1336,1.7474,latin,59
0.5287,0.1966,-0.2906,pop,59
0.9678,1.0497,0.4675,pop,59
-1.1086,-0.6814,-1.7246,r&b,59
0.1427,0.1515,-1.6094,rap,59
-0.582,1.3293,-0.4114,r&b,59
-1.4224,-0.2781,1.3682,rock,59
0.5179,0.0404,-0.1598,rap,59
1.7928,0.3433,-1.0985,edm,59
-0.9486,1.0664,1.4494,rap,59
-1.4512,0.2378,-0.0118,r&b,59
-1.4125,-0.0719,-2.3753,r&b,59
-4.0812,-1.0827,-1.1825,r&b,59
1.8149,-2.8889,-1.2685,rock,59
-0.4031,-1.1551,-0.0431,pop,59
1.4001,-0.0761,1.483,pop,59
-0.488,0.647,0.4606,pop,59
1.3743,-0.2954,-0.4801,pop,59
0.1343,0.2086,0.7096,pop,59
1.5089,-1.0375,-0.7505,edm,59
1.8445,-1.1125,-0.0312,rock,59
2.5564,-1.4536,-0.9981,rock,59
-1.1114,-0.8177,-0.9434,pop,59
0.4387,-0.3143,1.0549,pop,59
-0.7642,0.1085,-0.1753,pop,59
0.2062,-0.035,-0.4326,edm,59
0.2582,2.2707,-0.61,rap,59
-0.9859,1.5771,-1.2684,rap,59
-5.6891,-1.449,0.8074,rock,59
0.795,1.4602,-0.2393,rap,59
1.4646,-1.3465,-0.4006,rock,59
-0.6081,-0.1055,-0.634,r&b,59
1.4384,0.2745,-0.0843,rap,59
0.1586,0.6592,0.9342,edm,59
1.1985,-1.8633,0.1952,edm,59
-0.0085,-1.7278,-0.553,rock,59
-0.8127,-0.0289,0.8278,r&b,59
1.0645,0.7955,-0.8969,edm,59
0.749,0.9069,1.1083,latin,59
-0.3196,0.2959,0.1295,r&b,59
0.0593,0.8231,-0.1237,r&b,59
-1.2868,2.5886,-0.3991,rap,59
-1.7342,2.6023,-1.868,rap,59
-1.6374,-0.1105,-0.0612,pop,59
1.0042,-0.5649,-0.015,pop,59
-2.9666,0.5255,-0.2104,r&b,59
1.8866,0.5367,-0.0615,rap,59
1.2565,-0.9607,-0.0555,rock,59
0.7209,1.4424,-0.0047,rap,59
-0.2562,-2.0226,1.3331,pop,59
0.8167,1.7863,-0.8547,pop,59
0.7015,1.8917,0.7942,r&b,59
-0.3031,-0.4144,1.3559,r&b,59
-0.5741,0.288,0.3921,rap,59
0.4715,1.9061,-0.5399,rap,59
1.366,0.081,-0.2863,pop,59
1.1892,0.4959,0.2581,pop,59
-2.5189,-0.2713,-1.1862,r&b,59
0.1396,-0.7385,0.5965,pop,59
2.4938,-0.843,-1.4563,rock,59
1.8413,-0.1094,-0.5967,latin,59
-0.1711,2.4696,-1.0806,latin,59
1.0959,0.5885,0.5353,rock,59
-0.9767,1.7085,0.659,rap,59
0.6807,0.0856,0.1143,rap,59
0.7911,-0.5466,-1.9641,edm,59
0.9656,0.0354,-0.0437,latin,59
0.1605,1.4144,1.078,latin,59
-0.1385,1.8501,-1.5042,rap,59
-2.3547,0.1168,-1.3223,r&b,59
1.6415,-1.1965,-1.3842,edm,59
1.5694,-0.0667,1.7938,rock,59
0.1614,0.6738,0.5184,rock,59
0.4786,0.94,0.2863,rock,59
-1.5017,-0.6651,-0.5335,r&b,59
-0.2006,0.2954,0.781,latin,59
0.1634,-1.7983,-0.2873,edm,59
-2.2973,0.5793,-1.9538,latin,59
-1.6867,1.2497,0.2191,latin,59
0.5975,-0.8493,-0.0344,latin,59
0.3986,0.3781,-0.3738,latin,59
0.0598,1.5272,-0.118,rock,59
-0.6145,1.0146,0.1604,rap,59
1.4934,-0.9085,-1.1383,rock,59
-1.9288,2.6848,0.0832,latin,59
0.6615,-1.3383,1.5726,edm,59
0.8081,-2.1601,-0.0714,rock,59
1.1167,1.0214,0.2538,latin,59
0.8186,-0.7562,-0.0001,rock,59
1.1051,-0.9095,-1.1797,pop,59
0.9815,-0.3814,-0.5422,pop,59
-1.574,-1.1139,-1.4004,r&b,59
0.9791,1.5969,1.2458,latin,59
-0.3638,1.5487,-0.7799,rap,59
-0.8979,1.554,0.2322,r&b,59
1.4863,0.2932,0.6222,edm,59
1.8296,0.9087,0.3336,edm,59
2.0415,-0.3035,-0.6361,rock,59
-1.9277,0.0357,-0.62,latin,59
-0.7969,-1.1623,-0.4469,r&b,59
-1.5584,2.535,-0.077,rap,59
-1.7881,-1.5247,1.1097,latin,59
-1.6971,0.1387,1.3151,latin,59
0.3011,0.5566,0.8567,pop,59
2.0201,0.1377,-0.8135,latin,59
-2.9634,-1.8853,-0.2715,rock,59
0.5571,-0.8698,0.3406,pop,59
0.9526,-1.5202,-0.8752,pop,59
0.8312,0.4658,-0.2984,r&b,59
-0.1898,1.1478,1.2906,r&b,59
-2.3806,-0.6493,-1.0931,latin,59
-0.2943,-0.0127,-0.0666,latin,59
-1.5013,1.0552,-0.2097,r&b,59
-0.1464,-0.7641,-0.3743,rap,59
-1.5973,2.496,0.7615,r&b,59
-1.5109,1.444,0.957,r&b,59
-0.1394,0.153,-0.6044,rap,59
1.0158,-1.212,-0.798,pop,59
0.2565,-0.609,-0.1086,pop,59
0.4357,0.8757,0.2406,latin,59
-0.0707,1.8063,2.0203,latin,59
-0.9661,-0.1973,0.4608,rock,59
0.669,-0.6642,0.0627,r&b,59
-2.3331,-2.0822,-0.0352,rock,59
-1.2297,-0.3672,-0.041,r&b,59
-0.3273,-1.7502,-0.0896,rock,59
-1.8404,-1.2524,1.2283,r&b,59
-2.6231,-0.7179,-1.7117,latin,59
0.5282,-1.9745,0.3808,rap,59
1.0691,0.1547,-1.0447,latin,59
1.2536,0.3774,-0.4529,latin,59
0.2046,0.4691,-0.1071,latin,59
0.4681,0.5361,0.7373,r&b,59
1.303,0.7962,-0.5627,r&b,59
-0.7295,0.7862,2.0285,r&b,59
1.1246,-1.2914,0.6433,rock,59
1.175,1.9078,1.1784,latin,59
-1.6234,-2.1184,-0.1385,rock,59
-0.4895,-0.6855,-0.1894,r&b,59
0.0378,1.3031,1.6363,r&b,59
0.6861,-0.4873,-0.0769,rap,59
2.4537,-2.3705,-2.1628,rock,59
1.7696,-0.0908,0.3619,rock,59
-0.7463,-0.3182,-0.8807,rap,59
-0.3612,0.3584,0.9448,pop,59
-0.7286,-0.6638,0.907,rap,59
1.2036,1.145,0.0034,rap,59
1.0593,0.1071,-0.0262,latin,59
1.9246,-0.4831,-0.0988,rock,59
-0.9841,0.0553,1.0869,pop,59
-0.0674,0.2827,1.8795,latin,59
0.8868,0.6824,0.512,pop,58
-1.2242,0.8548,0.7884,latin,58
0.9688,1.1184,-0.0366,pop,58
0.2755,0.5689,0.6135,r&b,58
0.6963,-0.1251,0.1319,rap,58
-2.5333,0.4645,1.2142,rap,58
-3.1625,0.0503,0.472,rock,58
-0.4955,-0.598,0.0402,rock,58
-3.4511,-1.6036,0.0547,rap,58
-0.4067,-2.0096,1.2189,edm,58
0.3303,2.1262,1.0059,r&b,58
2.5004,0.0968,-0.6324,edm,58
0.5455,1.8825,0.2801,latin,58
0.4429,0.6953,0.0264,pop,58
1.2817,1.3306,-0.5704,pop,58
0.0223,-0.8847,-0.235,edm,58
0.8345,-0.6256,-1.1,edm,58
-0.4943,1.5568,0.217,latin,58
-0.4979,0.8706,-0.9049,r&b,58
0.1884,0.8155,-1.0461,r&b,58
-2.5662,-0.1934,-1.0768,rap,58
1.0564,0.5182,-0.2953,latin,58
0.2567,0.0204,0.1725,edm,58
0.563,0.0951,-0.0225,rap,58
-0.1002,-0.4457,-0.0731,edm,58
-0.9033,-0.4192,-0.9719,r&b,58
2.2692,-2.645,-1.7172,rock,58
-1.4716,1.8621,-1.6139,r&b,58
-2.0148,-1.377,-1.6732,latin,58
-1.7427,-0.7023,-0.3219,r&b,58
1.2365,0.0276,-0.2685,rock,58
1.6079,0.5914,0.0501,pop,58
-2.3984,-1.8757,-0.8723,rap,58
-1.53,-1.124,0.0979,rock,58
-4.2718,-0.9262,0.3139,r&b,58
-0.2351,1.9569,0.1995,latin,58
0.8974,1.0568,-0.0175,latin,58
0.9959,-1.1239,0.1219,pop,58
1.7383,-0.9473,-1.0431,pop,58
-0.6399,1.4866,-1.3373,r&b,58
1.694,-1.6222,-0.4804,rock,58
-1.3268,-0.0022,0.9731,rock,58
-4.2466,0.0097,-1.0098,rock,58
-3.1033,-0.885,1.0737,rap,58
-1.3087,-0.3724,0.5011,rap,58
0.0773,-1.7971,1.3749,edm,58
0.9006,-2.1979,0.9879,edm,58
-3.6771,0.3219,-1.1449,rap,58
1.4358,-1.1403,-0.6436,rock,58
1.0854,-1.1786,-0.8435,pop,58
0.4504,-1.2564,-1.0619,rap,58
1.6046,0.8895,-0.8314,pop,58
1.1528,-0.2445,-1.8264,pop,58
0.4479,2.3918,-1.8859,rap,58
-1.2601,0.6794,-0.4877,rap,58
0.739,1.493,0.9666,latin,58
1.2355,-0.2367,-0.3373,edm,58
0.6116,-0.0041,-0.8053,edm,58
-3.215,0.1586,0.3604,pop,58
-1.2278,-1.1704,-0.0605,rock,58
1.0116,0.6292,-0.6932,latin,58
2.1267,-2.1635,-1.9576,rock,58
-1.8897,-1.3112,1.03,rap,58
1.4172,-2.2041,-0.8655,rock,58
-1.2089,-1.0491,0.3571,r&b,58
0.1654,-0.5037,-0.5037,pop,58
-1.8752,1.6019,0.4632,pop,58
-2.2195,1.762,-2.3237,pop,58
-3.8264,-2.4579,0.0258,pop,58
1.5493,-1.4578,-0.3902,r&b,58
0.953,0.2143,-2.4252,r&b,58
0.3272,0.6653,1.3439,latin,58
1.8032,-0.8269,-0.0326,edm,58
-2.4437,0.7383,0.0961,r&b,58
-0.5061,1.617,1.8414,r&b,58
-4.0202,-1.1606,0.4194,latin,58
-0.5565,0.5619,-0.7326,rap,58
-3.8952,-0.6871,-0.9957,r&b,58
-0.0142,-0.8122,0.1668,latin,58
0.2376,0.5504,-1.9266,r&b,58
1.1559,0.7465,-0.2889,r&b,58
-4.0033,-1.3423,-1.6207,rock,58
-1.8813,1.3,0.4535,rock,58
1.2899,-0.9599,-0.1135,pop,58
0.0807,-0.1137,-1.4172,rap,58
1.434,-1.0016,-0.7233,edm,58
-2.783,-0.268,0.7098,rap,58
-3.1627,0.9911,1.569,rap,58
1.0543,1.4229,1.1287,rap,58
1.1646,-0.2991,-0.4238,rap,58
0.1351,1.4748,0.2578,r&b,58
-0.1479,1.7094,0.5143,rap,58
0.1346,1.5986,1.1283,rap,58
-1.0519,-0.6403,-0.6947,latin,58
-0.6932,-0.8051,-0.4274,rap,58
0.0859,0.6943,-1.5259,rap,58
0.5276,1.2134,-0.4794,rap,58
1.1098,-3.2623,-0.9102,edm,58
2.4182,-1.8373,-1.0525,edm,58
0.6529,-0.9081,0.3135,edm,58
0.0082,1.3973,-0.1702,rap,58
0.7696,-0.9743,0.6798,rock,58
0.7245,-1.6159,-0.9058,r&b,58
-2.3006,1.1391,-1.4811,latin,58
-0.842,0.3631,-1.424,rap,58
-1.8603,-2.5717,2.3097,edm,58
2.5243,-0.7862,-1.503,rock,58
-3.3831,-1.8174,0.5456,r&b,58
0.8705,0.7775,-0.5055,rap,58
1.7249,-2.1138,-1.0815,pop,58
-0.7862,-1.1647,0.6409,rock,58
0.003,1.4134,0.8523,latin,58
-0.7249,-0.1371,1.3013,rock,58
1.8836,-0.2083,-0.9827,edm,58
-0.2492,-2.0577,-0.8333,pop,58
-0.1735,-1.821,-0.5377,rock,58
0.9797,0.0952,-0.784,latin,58
-0.8829,-1.6139,0.9518,rap,58
1.6553,-2.5572,0.1767,rock,58
0.8798,0.5588,0.5413,edm,58
2.2115,-3.0354,-0.682,rock,58
-3.1883,-1.0189,-0.958,rock,58
-0.501,-0.7901,1.0516,rock,58
0.2505,-1.5089,1.532,rock,58
0.6873,-0.3235,0.0671,edm,58
1.0834,0.7748,0.7457,latin,58
-0.4107,-1.7728,0.1257,rock,58
0.7381,0.0903,0.3403,latin,58
-0.4007,-1.0223,-0.3988,r&b,58
1.8332,-0.0716,-0.4641,edm,58
0.7669,-1.1164,-0.2622,edm,58
-1.9975,-0.5343,0.7731,rock,58
-0.6258,-1.4282,0.0358,r&b,58
1.6313,0.466,0.0581,rap,58
1.8295,-1.5139,-0.3978,edm,58
1.5124,-0.0932,1.2776,edm,58
0.1656,-0.9426,0.6388,pop,58
-1.4292,0.5275,3.1092,r&b,58
-1.8586,1.729,-1.4073,r&b,58
1.3487,0.2514,-0.2387,edm,58
-1.5901,-0.2657,-0.5122,edm,58
0.2249,1.6963,1.5095,rock,58
-0.6065,1.3704,0.3045,rap,58
-0.7522,0.375,-1.7867,latin,58
0.4576,1.3561,0.9341,pop,58
1.0883,0.3315,0.333,pop,58
-0.0473,0.5125,-2.6032,rap,58
2.1443,1.4092,0.2893,edm,58
-3.8276,0.0138,0.036,r&b,58
0.68,-1.0644,-0.4615,edm,58
0.9716,-1.9024,-1.5707,latin,58
2.5728,-1.4458,-3.2587,edm,58
-1.9715,2.0364,0.0649,rap,58
1.0729,1.6137,0.2869,rap,58
0.5195,2.4251,0.4503,rap,58
0.2016,1.1381,-1.543,rap,58
-0.3858,1.3127,-0.5914,rap,58
0.0887,1.9118,0.7811,rap,58
0.0749,1.1607,1.0557,latin,58
2.0118,-1.493,0.0177,rock,58
1.4785,-1.7634,-0.5846,rock,58
-0.2024,1.3534,-0.2597,rap,58
-0.6626,-0.1156,-2.7586,rap,58
1.2013,-1.029,0.1878,edm,58
0.2524,1.1088,0.4751,r&b,58
-2.1819,1.416,0.3902,pop,58
-4.4211,-1.2121,-1.6132,pop,58
-2.3448,-2.4321,0.1973,pop,58
-2.0266,-1.3479,0.3398,r&b,58
0.3528,0.1855,-0.4557,pop,58
0.183,1.7319,-0.1028,rap,58
-0.2245,0.5023,0.916,r&b,58
0.0352,0.6921,-1.4981,latin,58
0.73,0.5563,-0.5357,latin,58
0.4056,0.6715,0.7912,latin,58
-0.8106,-0.3104,-1.6206,pop,58
0.0047,1.6621,0.4039,rap,58
2.1495,-1.875,-0.9672,edm,58
1.6353,1.7887,0.0254,rap,58
0.8681,0.7057,-1.2234,rap,58
1.0406,-0.9801,0.6139,pop,58
0.8297,-2.4999,1.3495,edm,58
0.5166,-1.6444,0.81,rock,58
1.9428,-0.8139,-0.5129,edm,58
1.0332,-1.2225,-1.0998,edm,58
0.398,1.7684,-0.1967,rap,58
0.493,-0.3858,-0.8101,edm,58
0.3911,0.8483,1.1195,r&b,58
-1.5191,-0.5031,-0.4127,r&b,58
0.2026,-0.3948,0.0751,rock,58
-0.9617,0.8455,1.4354,r&b,58
-0.8491,-1.7094,-0.4611,rock,58
1.576,1.5367,-0.5146,edm,58
-0.864,-0.2528,-0.707,rap,58
0.5543,1.1497,0.1859,r&b,58
-0.0555,1.894,-1.2976,rap,58
-0.8863,0.2238,0.3886,rock,58
0.774,0.1343,0.1499,rock,58
-0.6034,-0.1178,-0.4388,edm,58
-0.094,-0.4338,0.3887,latin,58
0.0522,1.9816,-0.1357,rap,58
-0.7709,2.4614,0.5692,rap,58
0.8526,1.0444,0.7271,latin,58
0.5538,-0.2911,-0.1857,rock,58
1.5992,0.519,-0.2305,rock,58
0.3001,0.4454,0.7759,r&b,58
-4.1813,-2.6228,-1.9063,latin,58
0.6508,0.8459,0.3687,latin,58
1.6265,-0.6844,-0.4917,edm,58
-1.1921,-1.5973,0.0956,rock,58
1.0972,0.0435,0.5311,edm,58
0.3502,-1.3753,0.4526,rock,58
0.6516,-1.1118,-0.0363,r&b,58
0.1615,-0.9689,-0.747,r&b,58
-1.9273,0.2682,0.2436,r&b,58
-0.7615,-1.0833,-0.1757,rock,58
1.161,-0.5911,0.187,pop,58
1.3267,1.3799,-0.4209,latin,58
0.2364,-0.4576,0.0905,r&b,58
-0.1302,0.9944,-0.1691,rap,58
0.537,-0.5678,0.1581,latin,58
0.3201,-0.7902,-0.9872,rock,58
1.866,-0.4353,-0.9168,rock,58
1.5252,1.6148,0.5649,edm,58
0.0135,-0.9868,-0.7575,edm,58
1.5841,0.7438,0.0567,pop,58
1.1677,-1.4819,-0.5768,rock,58
-0.3407,-0.5614,-0.0894,latin,58
0.9444,-0.7015,-0.0082,edm,58
1.2604,-0.4778,0.5358,rock,58
1.253,0.5307,-0.2952,rock,58
-0.7472,1.0419,-1.5951,r&b,58
-0.4178,-0.2008,-0.2306,latin,58
1.7199,-1.2712,-0.9921,rock,58
-6.3567,0.2862,-0.2432,rap,58
-2.211,-1.7091,-2.2166,pop,58
-0.2831,-0.7322,-1.1242,r&b,58
-1.5559,2.4636,0.2519,r&b,58
-4.7392,-1.4884,0.5806,r&b,58
1.6412,0.6262,1.5667,r&b,58
-0.8305,1.1548,0.174,r&b,58
-0.7701,1.8388,0.8109,rock,58
-0.5814,0.7349,0.0783,rap,58
-1.8351,1.9449,0.2653,rap,58
0.106,-0.4216,-0.5286,rap,58
1.0238,-0.4924,-1.135,rap,58
1.5688,-0.1942,-0.482,edm,58
-4.7348,0.0414,0.2794,rap,58
-0.8604,1.254,-0.192,rap,58
-0.7118,0.5211,-0.5381,r&b,58
0.4478,0.4224,0.7374,pop,58
2.4408,-0.0987,-1.1475,rock,58
0.8825,-0.0901,0.5883,rock,58
0.2355,-0.5059,-0.7736,rock,58
-0.2482,0.1629,0.1218,edm,58
0.33,0.8155,-0.1351,latin,58
1.0485,-2.7127,-0.3718,edm,58
1.599,-0.0722,0.0167,edm,58
-2.3566,-2.6401,-0.295,rock,58
0.5245,-0.6909,0.1695,rock,58
0.82,0.6943,1.0068,rap,58
0.2529,0.5633,-0.4799,latin,58
1.6128,0.1896,-0.3582,edm,58
-0.4216,0.0819,0.5676,r&b,58
1.6361,-1.7295,0.3604,rock,58
1.8734,0.2342,-0.2642,pop,58
1.1537,-1.0141,-0.3815,edm,58
0.213,-1.9698,1.1163,edm,58
1.3142,0.625,0.1906,pop,58
-1.7693,1.101,0.9164,pop,58
-2.6865,-1.0792,-0.4029,rap,58
-1.2994,-1.1899,-2.145,pop,58
-1.3841,0.9412,1.3377,rock,58
1.8746,0.1586,-0.8698,edm,58
-0.1956,-0.0635,-0.0635,latin,58
-2.3044,2.3227,-0.7663,rap,58
-0.0153,1.9202,-0.1295,rap,58
1.5034,-0.6076,0.091,rock,58
2.2056,-1.2445,-1.6021,rock,58
1.6623,0.4711,-0.4278,latin,58
-0.5731,0.6137,0.1828,r&b,58
-1.0154,0.5887,1.2346,latin,58
0.1554,0.4201,-1.0788,rap,58
-0.6121,0.4752,0.3509,r&b,58
2.2825,-2.2803,0.1381,edm,58
1.3072,-0.9329,-0.573,edm,58
-0.1989,0.8699,-0.2229,rap,58
1.6092,-0.4052,0.5435,rock,58
0.4923,-1.8655,-1.0889,edm,58
1.75,0.2639,0.2346,latin,58
-1.7069,0.819,0.7061,rap,58
-1.6977,-0.7197,-0.4122,r&b,58
1.4947,0.0291,2.1272,edm,58
1.5948,1.0709,-0.9256,edm,58
-0.3463,1.6344,-0.6711,rap,58
-0.0071,-2.0891,-1.3983,rock,58
0.3204,-0.4797,-0.0614,edm,58
-0.6509,0.4958,1.085,rock,58
1.9368,-0.1865,-0.1539,pop,58
-0.1478,0.5367,0.9704,r&b,58
-3.3483,1.3823,0.9796,rap,58
1.5672,0.3902,2.2503,edm,58
1.8276,0.7487,0.9929,latin,58
-0.5041,2.619,-0.5413,rap,58
1.4895,-1.9693,-0.4398,rock,58
-2.8776,-0.0699,2.034,rock,58
-0.4614,0.3137,1.3682,latin,58
0.0904,1.3285,1.8166,latin,58
1.6094,-0.7926,-0.0027,pop,58
0.1175,0.3068,1.5956,r&b,58
-0.0398,-0.2916,0.5737,latin,58
0.3808,1.0041,-0.2846,latin,58
0.9851,-0.7712,-0.4419,edm,58
-1.3881,-0.3765,0.6556,r&b,58
-0.1582,-0.129,-0.7069,rock,58
-1.9829,-1.6123,-0.2195,rock,58
1.5215,-0.4217,-0.2316,edm,58
-3.0287,-0.95,-0.0075,r&b,58
-0.7079,-1.1764,0.5579,rock,58
1.5494,-0.8496,0.2462,edm,58
1.3999,0.7222,0.3257,pop,58
-1.936,2.2079,1.409,latin,58
1.1307,0.2446,0.3508,pop,58
1.2702,-1.7654,0.0548,rock,58
0.1368,1.599,0.8713,pop,58
0.1713,-0.3754,-1.3499,rap,58
0.4445,1.7371,-0.1079,r&b,58
0.2754,-2.0555,-0.462,r&b,58
-0.0757,1.3226,0.2491,latin,58
0.4272,1.1153,0.3853,latin,58
-1.9563,-2.5118,-1.0334,r&b,58
1.3715,-0.9644,-1.0295,edm,58
-1.6973,-1.9111,-1.5065,latin,58
0.4845,1.0745,0.3929,pop,58
2.1465,0.378,-0.8152,rock,58
-0.8572,-0.761,1.6226,r&b,58
0.5763,1.0554,0.3329,pop,58
0.3926,0.3858,0.8183,r&b,58
-0.8142,-0.5672,-0.5828,r&b,58
1.5597,1.6133,0.1629,rap,58
-5.8022,0.6428,-0.3174,r&b,58
0.1524,-0.607,-0.7573,rap,58
-4.5973,-0.7459,-0.9281,pop,58
1.0847,1.7362,0.5699,latin,58
0.5983,0.4474,-1.9138,rap,58
0.615,-0.4815,0.3238,rock,58
-0.7265,0.1649,1.0467,rock,58
1.4128,-0.0886,0.9532,pop,58
1.5029,1.413,0.999,pop,58
-0.4444,0.9988,-0.0631,latin,58
1.16,2.4219,-0.3447,latin,58
1.6673,-1.1742,-1.5488,rap,58
0.9632,1.3594,-1.8588,rap,58
-0.4433,0.3513,0.8677,rap,58
-0.2551,0.8024,-0.3402,rap,58
-0.4444,1.4292,0.741,pop,58
1.8431,-1.3687,-0.4748,pop,58
-0.8829,-2.3808,-0.051,rock,58
1.459,-0.876,0.5238,rock,58
2.0541,-0.7005,0.3785,rock,58
1.5226,1.1806,0.3001,latin,58
-0.2105,-1.5494,1.1741,rock,58
1.3191,-0.2401,-0.0785,edm,58
-4.0073,-2.7854,-1.8085,r&b,58
0.0357,1.4166,-0.2652,pop,58
1.0095,0.6871,0.8462,latin,58
1.6236,0.8631,0.4978,edm,58
0.1038,1.6121,0.3586,latin,58
-1.3557,0.6038,1.0431,r&b,58
-2.3483,1.6314,-0.193,pop,58
0.7623,-1.3784,0.56,edm,58
-4.3325,-1.8317,-0.7631,rap,58
1.0136,0.4987,-0.1319,pop,58
-0.3088,-0.7022,-0.7252,pop,58
0.4132,1.6409,0.1342,pop,58
-1.1372,0.8758,0.6926,r&b,58
0.6021,1.2116,1.1506,latin,58
0.2361,0.2352,0.6087,pop,58
-0.9652,-2.042,-0.6694,rock,58
1.6334,-1.1123,-0.9007,rock,58
0.3723,1.0522,0.6525,latin,58
-0.8771,-1.9222,1.6778,rock,58
-0.3451,1.3392,-0.13,latin,58
0.5109,1.3272,-0.1282,latin,58
-0.0709,2.8981,0.0647,latin,58
0.945,-0.6523,-0.3679,pop,58
1.7153,1.5255,1.1898,pop,58
-1.3467,-0.7728,-0.381,rock,58
0.7652,1.9949,0.6276,latin,58
2.0714,0.341,-0.4914,pop,58
-1.8592,3.5494,-2.0575,r&b,58
1.5858,-0.1915,-1.7728,latin,58
-1.185,1.9446,1.1659,latin,58
-2.2856,0.0221,0.618,r&b,58
1.6944,-0.4549,-0.3281,pop,58
0.9742,-0.5116,-0.1481,pop,58
1.9885,0.3573,0.291,pop,58
-1.8751,0.2997,1.0756,pop,58
-0.3665,-0.8805,0.5276,r&b,58
0.066,2.891,-3.9204,rap,58
-0.1673,0.7569,-0.5938,r&b,58
-2.2335,-0.5881,0.55,r&b,57
-1.0813,0.3761,0.8716,pop,57
1.6282,-1.2967,-0.6943,rock,57
0.4388,-0.5741,-0.3794,rap,57
1.0537,-0.7395,1.6424,edm,57
-1.9376,-0.0052,-0.2066,rock,57
-3.8042,1.4794,-0.6769,rap,57
-3.4447,-1.7452,-0.3216,r&b,57
-4.4004,-1.1744,-1.3313,rock,57
-1.6955,0.038,-0.6668,rock,57
1.6007,0.523,0.0021,latin,57
1.0957,-1.4597,-1.3143,edm,57
1.2381,-1.6045,-0.6153,rock,57
0.3071,1.9782,0.5976,r&b,57
0.2267,-1.4267,2.1005,edm,57
-0.8075,-0.6384,0.9358,rap,57
-1.6278,1.0319,-0.5904,r&b,57
1.1917,0.9248,0.0766,latin,57
1.655,1.3015,0.9333,latin,57
-0.1648,1.6557,-0.0897,r&b,57
-0.0895,0.0323,-0.0988,pop,57
0.0223,-0.1932,0.6705,pop,57
0.3369,0.9714,-0.6033,r&b,57
2.2314,1.6026,-0.7763,edm,57
-2.1388,0.3815,0.3966,r&b,57
-2.3857,0.3682,-0.6559,r&b,57
2.0702,-0.3691,-1.7222,edm,57
1.9423,-1.0285,-0.2773,rock,57
1.3538,0.4807,0.2373,pop,57
1.9662,0.5178,-0.0548,pop,57
1.6499,0.0387,-1.1207,r&b,57
-2.3912,0.0076,-1.1303,r&b,57
1.6717,-0.9301,-0.1232,edm,57
1.081,0.062,0.2507,pop,57
-2.4994,0.3361,-1.4146,r&b,57
-0.0843,-0.3574,0.3497,pop,57
1.37,-1.2022,-1.147,pop,57
0.5826,0.1233,0.8466,pop,57
0.4603,1.4077,0.0763,latin,57
-0.4601,0.6425,-0.4862,pop,57
-1.3318,1.0871,-0.2446,rap,57
0.227,3.3679,-0.5229,latin,57
1.6645,2.3837,-0.3422,latin,57
-1.3723,-0.7845,0.3237,r&b,57
-2.9201,-1.8696,1.3465,rap,57
1.3872,0.98,0.1571,rap,57
2.0369,-1.0004,-0.5887,edm,57
0.2963,1.9843,0.1521,rap,57
0.4316,0.557,0.5924,latin,57
-0.4536,-0.5091,-0.6196,r&b,57
0.8864,-0.7559,-0.1683,r&b,57
0.012,0.5501,-0.1639,latin,57
-2.193,0.2933,1.4605,rap,57
-1.5978,-1.7797,0.1487,rap,57
1.6443,-0.2839,-1.8567,r&b,57
-4.8556,-0.2482,0.3876,rap,57
1.5402,0.3793,0.0976,latin,57
1.5308,1.4496,-0.3356,edm,57
0.622,1.4671,-0.119,rap,57
1.3168,0.8431,-0.2469,pop,57
-1.1828,-0.4701,0.7129,rock,57
0.4478,-1.5073,-0.8225,rock,57
0.9418,0.3844,0.2116,pop,57
1.5279,-0.609,-0.544,pop,57
-1.8579,3.045,-0.1199,rock,57
1.7725,0.9434,-0.1003,pop,57
0.4651,0.4996,-1.9996,latin,57
1.4119,1.7964,0.7243,latin,57
-1.5488,1.9182,0.0256,latin,57
-1.7485,0.1531,0.7502,pop,57
0.3543,1.1955,-4.2642,r&b,57
-0.5894,0.4531,-0.9197,latin,57
-3.2513,-0.8993,0.2841,rock,57
-3.7613,0.1445,-1.0217,pop,57
0.0406,-2.3827,-1.4815,pop,57
0.7488,0.6441,-0.2683,rap,57
-2.5139,-1.3978,-0.1775,r&b,57
1.2977,1.4898,0.2793,edm,57
0.6832,-0.4669,0.1071,rock,57
1.088,-2.0683,-0.9283,pop,57
0.7783,2.4742,0.0616,pop,57
-2.7002,-0.9107,2.0116,latin,57
0.5583,1.3156,0.2123,latin,57
0.3403,0.9322,0.7728,latin,57
1.2568,1.2642,0.357,latin,57
1.7148,0.3225,-0.9172,edm,57
-1.8317,-1.4195,-0.7052,r&b,57
1.5787,-0.4126,-0.6217,pop,57
-1.2818,1.6082,-0.0434,pop,57
0.8696,-1.0745,-0.6208,latin,57
-1.0286,0.6616,0.7128,rap,57
1.5824,0.8797,-0.136,rock,57
1.7661,0.7646,1.1942,latin,57
2.07,-0.4907,-0.904,edm,57
-3.4505,0.0301,0.0083,rap,57
-1.0993,-0.0736,-0.4157,pop,57
-1.164,-0.4307,-0.4629,pop,57
0.3553,-1.3107,-0.2548,pop,57
-0.2873,1.6548,0.0095,r&b,57
-0.1853,0.1457,-0.952,rap,57
-0.0414,1.4121,0.5989,latin,57
1.3643,1.1984,0.5847,latin,57
-0.5149,1.0556,-0.1931,rap,57
0.5944,0.9765,0.5075,pop,57
1.5038,0.4881,0.4485,edm,57
-0.7976,-1.1797,-1.0568,r&b,57
1.1734,-1.3696,-0.8954,rock,57
0.8714,2.5459,-0.4068,rap,57
-0.7795,-0.0227,1.1222,rock,57
-1.0513,-0.397,0.5701,r&b,57
0.6442,-1.0108,0.5533,rock,57
-0.9164,0.9002,0.9586,latin,57
-1.1474,1.7416,-0.5122,rap,57
-0.9863,-0.5655,1.414,r&b,57
-1.192,0.8171,0.7274,rock,57
1.7654,-0.5889,-0.3286,rock,57
-1.4197,1.1428,-1.3275,rap,57
-2.7549,2.3233,-0.341,rap,57
0.276,-0.7049,-0.6217,rap,57
-0.164,-2.3856,-0.552,rock,57
0.4447,-0.346,2.574,rock,57
-0.5817,0.6366,-1.0741,rap,57
1.2302,-1.4296,0.1558,edm,57
0.6475,-1.1568,-0.4361,edm,57
-0.4894,-0.3879,-0.1826,pop,57
0.0573,1.1754,1.2676,r&b,57
-0.3421,2.087,0.3008,latin,57
-1.4788,-3.716,0.2944,rock,57
1.7218,-1.8047,-0.2867,edm,57
-0.289,-0.7892,-1.0637,pop,57
1.2855,0.202,-0.0719,pop,57
1.7648,-0.3286,-0.3312,rock,57
0.3194,0.4106,0.1547,edm,57
0.1916,-0.5666,-0.0823,edm,57
0.0796,0.7134,0.7908,r&b,57
0.3499,1.3406,0.1918,rap,57
1.5515,-1.7978,-1.8751,edm,57
-0.4028,0.5903,-0.1186,rap,57
0.214,0.1234,-0.3699,rap,57
-0.4197,-0.982,-0.1784,rock,57
1.5836,-0.7918,-0.2397,rock,57
0.9602,0.6272,0.6462,latin,57
0.6852,-1.0945,-1.2932,r&b,57
-2.9137,2.3017,-0.4412,rap,57
0.4981,1.9455,-1.661,rap,57
0.2034,0.635,-1.4116,rap,57
0.8004,0.7739,0.2864,pop,57
1.4041,0.4356,0.2207,pop,57
-3.1969,-0.3654,0.0354,rock,57
-3.7526,0.0889,0.2476,r&b,57
0.1191,0.3796,0.5254,rock,57
-1.6972,-1.5933,-0.9238,r&b,57
-2.6396,-2.4803,-1.3488,r&b,57
2.1985,-0.6832,-0.1825,edm,57
-0.8351,0.4412,0.5933,rap,57
2.1077,0.0966,-0.8106,pop,57
-0.3912,-0.081,1.0964,pop,57
0.2326,-0.5113,-0.7413,r&b,57
1.7706,-1.8259,-1.2738,rock,57
-1.4895,-0.6727,0.3927,rock,57
0.7714,2.3881,0.9072,latin,57
0.4653,1.276,0.8549,latin,57
0.0771,-0.8106,1.4462,edm,57
-0.2275,0.2875,0.5654,rap,57
0.5955,-0.4781,-1.2525,edm,57
1.8028,0.7968,0.1899,rock,57
0.1985,0.8928,0.1319,rap,57
1.8323,0.7796,0.7432,pop,57
-3.3764,-0.603,-2.9246,rap,57
-1.3689,-1.3262,-0.786,latin,57
2.5793,-1.4938,-2.1019,edm,57
1.4395,1.3238,-0.487,rap,57
-0.1848,-0.0293,-1.6556,rap,57
-0.6357,0.8386,0.8601,rock,57
-0.2714,-0.5053,1.1575,rock,57
1.4971,-0.7991,-0.6635,rock,57
1.5159,0.1864,-1.6504,rap,57
0.9358,-0.3656,0.004,pop,57
2.134,-0.1939,-0.0505,rock,57
0.9188,-0.6002,0.3657,pop,57
2.3523,-0.8246,-1.984,pop,57
0.4167,1.051,1.056,pop,57
1.6214,0.5613,0.4812,rap,57
1.5273,-0.8617,-1.0472,rock,57
-1.0649,0.3946,0.9816,r&b,57
1.4476,0.5576,-0.1224,edm,57
0.7972,-0.708,0.5022,pop,57
-4.7922,-1.5161,-0.2181,rap,57
-1.6903,0.1919,2.1948,pop,57
-1.2818,-0.8648,0.5078,latin,57
-0.7691,-1.4283,0.765,pop,57
0.2916,-1.7188,1.3616,pop,57
-0.5122,2.3069,-1.6243,rap,57
-0.6954,2.0043,-0.6833,rap,57
-1.8045,0.5154,-0.01,r&b,57
-0.5287,1.6207,0.171,latin,57
-0.9019,0.5688,-1.6256,edm,57
0.2452,-2.1962,1.2773,pop,57
0.581,-0.7326,-0.2426,edm,57
1.1717,0.134,-0.8902,rap,57
1.4524,-1.2226,-0.649,edm,57
1.8088,-0.6994,-0.2483,rock,57
0.7207,-1.6101,-1.0177,rock,57
1.7766,-1.3994,-1.5224,edm,57
-0.156,1.9753,-0.0926,rap,57
-0.1931,0.3686,-0.6759,pop,57
1.1737,-0.0162,0.3234,pop,57
1.3127,-0.3653,-0.2848,rock,57
0.7521,0.8742,-0.6548,latin,57
-0.1686,-0.838,-0.8912,pop,57
-2.041,0.814,0.2862,pop,57
-5.1033,-0.3106,0.2428,rap,57
-4.4887,-1.0602,0.5403,rap,57
1.5638,-0.4716,-1.5636,edm,57
0.1125,1.408,1.0368,rap,57
-0.4692,-1.7278,0.172,r&b,57
0.8399,-0.2036,-0.1602,rap,57
-0.2964,0.1511,-1.0295,pop,57
0.56,0.2031,-0.2085,pop,57
0.8075,0.6618,0.1998,pop,57
-1.58,0.3262,-0.7128,rap,57
-0.1979,-0.8262,1.3827,edm,57
-1.5673,0.1205,-0.0754,rock,57
1.964,-0.8609,0.5334,edm,57
-0.4318,0.0202,0.3901,rock,57
-2.0698,0.2718,0.2569,r&b,57
-2.8207,0.6882,0.3865,pop,57
-0.5326,0.7844,-0.1182,pop,57
1.5912,-0.5316,-1.7795,pop,57
0.9521,-1.2057,-0.0474,pop,57
0.1537,0.4195,0.0412,pop,57
-1.7704,-1.0611,-1.0405,latin,57
0.1457,-1.756,-0.5844,pop,57
-2.3018,0.7062,-0.2713,r&b,57
0.0765,0.067,-0.5376,latin,57
0.4554,0.9993,0.2911,pop,57
-2.7041,0.9003,-1.0466,r&b,57
1.0973,1.3794,0.6108,latin,57
0.2952,-1.7006,-1.4446,latin,57
2.1171,-1.0126,-0.5124,rock,57
0.5314,-0.5377,-1.2093,rap,57
-3.3261,-1.6335,1.9956,r&b,57
1.9804,-1.7704,-1.0729,rock,57
0.1048,1.5653,-0.2655,r&b,57
-2.2252,0.1031,1.9834,latin,57
0.1174,1.6489,-0.7848,rap,57
0.1191,0.5723,0.2414,pop,57
1.0299,1.4942,0.6741,edm,57
0.5574,0.8058,0.732,r&b,57
-0.2993,1.5602,-1.0031,rap,57
0.036,0.2237,0.6184,rock,57
-0.8555,1.721,0.3582,r&b,57
-0.7755,-0.5232,-0.2114,r&b,57
-0.4335,-0.6796,-0.1712,edm,57
2.1596,-1.637,-0.3659,edm,57
0.38,-2.7283,-2.5039,edm,57
0.1189,-1.2077,1.113,rock,57
-2.4383,-0.893,0.1352,pop,57
0.399,-0.4027,0.0495,pop,57
-1.1783,0.2461,0.1539,pop,57
0.8623,0.4725,0.3028,pop,57
-0.0938,-0.2608,0.9058,r&b,57
-0.299,0.4883,0.011,r&b,57
-0.159,1.3769,0.6208,latin,57
2.1282,0.1757,-1.571,pop,57
-1.0702,0.4859,-2.0919,rap,57
-0.7844,1.0595,-1.1807,rap,57
-0.9513,0.4668,-0.1226,rap,57
1.2846,1.2027,0.9619,latin,57
1.2206,-0.6785,0.2569,edm,57
-1.4166,-0.2208,0.1564,latin,57
2.5306,-0.394,-0.32,edm,57
1.6137,-0.9246,0.2166,edm,57
0.5705,1.1655,-1.4528,r&b,57
0.8963,1.3678,1.2002,pop,57
0.3003,0.5028,0.831,rap,57
2.0748,0.9291,-1.5712,rap,57
-0.1657,1.2895,-0.898,rap,57
-2.7971,0.7019,0.0209,r&b,57
1.5614,0.1621,0.5328,rock,57
-2.8752,-1.5706,-0.0438,edm,57
-0.588,-1.318,0.2252,rock,57
-1.9924,0.2012,-0.9738,r&b,57
0.8074,1.9393,0.6817,latin,57
0.9319,-1.477,1.4998,latin,57
1.3339,0.5621,-0.4484,rap,57
-0.3162,-0.4045,-0.6684,pop,57
0.8278,1.2104,-0.0555,r&b,57
-0.5209,1.3248,1.163,latin,57
-0.3328,1.5804,-2.3827,rap,57
-0.0713,1.3543,-0.9249,rap,57
0.1855,-0.4884,2.008,rock,57
-0.9666,2.7043,0.4085,rap,57
-0.0498,1.3115,-0.0023,rap,57
-0.5128,-0.4708,-0.1104,latin,57
0.9811,-1.0692,-0.0607,pop,57
-0.5978,0.7877,-0.0038,pop,57
0.7652,1.2484,-0.2071,latin,57
-0.1443,1.3861,-0.497,rap,57
-1.5573,-1.1859,0.7092,edm,57
-0.2404,-0.0543,0.0677,latin,57
0.7808,0.2918,1.0289,rock,57
-0.5579,0.1673,-0.9392,r&b,57
1.1442,1.1492,0.5314,latin,57
0.7699,1.2006,0.2454,rap,57
2.0508,-1.0157,-0.3932,rock,57
1.1894,1.6661,1.2565,latin,57
0.4103,0.1889,0.4883,rock,57
-1.5163,-0.4635,0.6985,rock,57
-1.0214,0.1554,-0.1919,pop,57
-0.0335,0.1446,0.5936,rock,57
-2.9413,-1.5418,-0.8562,r&b,57
-1.8679,-0.4126,-0.3172,r&b,57
-0.3587,2.2431,0.5769,rap,57
2.537,-0.1605,-1.0791,edm,57
-1.4065,1.4115,0.0628,rap,57
-0.4139,1.4168,0.1857,rap,57
-3.5186,-1.4807,-0.681,pop,57
1.064,1.1597,0.6007,pop,57
-0.7668,1.5869,-1.4928,rap,57
1.6276,-0.6339,-0.502,edm,57
0.8853,-2.2398,-0.3561,rock,57
1.3921,0.9188,0.082,edm,57
1.1099,-2.1997,1.5769,edm,57
-0.3325,-1.7802,0.0875,rock,57
0.8486,0.423,2.2049,r&b,57
-1.5621,-0.2554,-0.4875,r&b,57
-1.8978,-0.4411,-0.8851,r&b,57
1.8438,0.2175,-0.5534,latin,57
1.4958,1.3594,-0.3946,latin,57
-0.5641,-1.255,0.9041,r&b,57
0.7151,-0.7479,0.1753,r&b,57
-0.0626,-1.8412,0.901,r&b,57
1.1157,1.5322,0.2267,latin,57
1.1197,-0.3502,0.1397,rock,57
1.1592,-1.833,0.6282,rock,57
-1.0925,-0.7955,-0.4687,pop,57
-1.8977,-1.6069,1.8668,edm,57
0.1638,-1.8833,-1.0682,r&b,57
0.954,-1.3388,-0.0847,rock,57
1.6716,1.6258,0.87,latin,57
0.5487,-1.0012,-1.2388,rap,57
-5.2908,-2.2624,-0.2355,rap,57
-5.1796,-1.5752,-0.8722,rap,57
-5.0573,-0.8132,0.3394,rap,57
1.5645,-0.6802,0.4386,rock,57
0.4599,-0.4781,-1.3277,rap,57
0.5626,1.5922,0.3885,rap,57
0.9958,1.5278,-0.0173,rap,57
1.6882,0.326,-0.1324,rock,57
-2.7386,-0.6432,-0.2214,r&b,57
0.3922,-2.4091,-0.2117,latin,57
0.9195,2.0598,-1.3227,rap,57
-1.8435,0.9344,-1.0815,r&b,57
-0.1765,-1.8893,-0.2785,pop,57
0.6509,-0.4848,-0.1421,rock,57
0.1691,0.4166,-0.7108,edm,57
0.9333,0.6676,0.9256,r&b,57
-3.9836,1.934,-2.146,rap,57
-4.2532,1.5375,-0.5843,rap,57
1.0161,1.5631,0.4169,latin,57
-0.4032,-2.647,-0.936,rock,57
0.7648,-0.0869,0.4291,pop,57
0.6089,-0.351,-0.0879,latin,57
1.4723,0.6848,-0.783,pop,57
0.618,0.7462,-0.5294,rap,57
-0.2618,0.2969,-0.0189,rap,57
-0.0531,0.8576,-0.3316,rap,57
0.9386,-0.5399,0.7189,latin,57
-0.0178,-0.207,-1.6635,latin,57
-1.6405,-1.5917,0.0813,rock,57
0.6112,1.8983,0.3152,r&b,57
-0.0022,0.3997,-1.9748,latin,57
1.4547,-0.4906,-0.4907,latin,57
-0.5052,-0.7554,-0.1985,latin,57
0.1059,1.996,-1.825,latin,57
-0.0149,-0.9745,-1.7058,rock,57
2.1114,0.4485,-0.4795,edm,57
0.0856,2.0647,-1.6577,pop,57
-0.208,-0.2536,-0.6403,rap,57
-4.2818,-1.4692,-0.0279,rap,57
-4.8823,-0.9401,0.0581,rap,57
-0.9938,1.2388,0.7032,rap,57
-0.1977,0.8642,0.6683,rock,57
0.8559,0.5945,-0.9923,latin,57
-1.4985,1.4859,-0.989,rap,57
0.1712,0.4611,0.7984,rap,57
-0.2519,-0.6239,-2.6946,r&b,57
-0.0585,0.6963,-0.18,r&b,57
0.4603,-1.704,-1.3101,latin,57
-0.7606,-0.1738,0.3004,pop,57
0.6054,-0.7781,-0.1348,edm,57
1.1109,0.2535,-0.336,latin,57
0.135,-0.3362,0.2523,pop,57
-0.2905,0.3719,-0.2365,latin,57
0.0901,-3.4489,-2.6298,latin,57
-1.4725,-4.721,-0.8287,latin,57
0.2816,-0.9717,1.2376,pop,57
1.4785,1.9865,1.3716,rap,57
1.266,-0.0273,-2.6164,rap,57
0.7876,1.3308,2.0652,rock,57
-4.1095,0.3285,-0.2407,rap,57
0.7817,-0.1051,-1.4775,rap,57
0.022,0.102,-0.5835,rap,57
0.9623,-1.8311,-0.194,r&b,57
1.4152,-2.3178,0.6063,rap,57
-0.5554,0.7815,-0.7929,rap,57
1.3475,2.7532,-0.747,rap,57
-0.373,-0.4174,0.6708,pop,57
1.7128,-0.9312,-0.1042,edm,57
-1.3492,0.7961,1.9086,pop,57
-2.7113,0.953,-0.0624,pop,57
1.4523,-1.6656,1.5273,edm,57
-3.0115,-0.9249,-1.1516,latin,57
-0.151,-2.2614,-1.1237,rock,57
1.9635,-0.0722,-1.3822,edm,57
2.0782,1.2917,0.1341,edm,57
1.3213,0.9661,-0.3594,edm,57
-1.067,0.2509,0.7768,latin,57
2.6746,-1.0164,-1.9964,edm,57
-1.4815,2.0061,0.5147,rap,57
-5.0311,3.0201,-2.6115,rap,57
0.1193,1.6632,-1.2472,r&b,57
0.5413,0.5158,0.0455,pop,57
1.6069,0.081,0.058,pop,57
-0.469,-1.7184,-1.687,pop,57
-3.6712,0.2913,0.6256,rock,57
-6.1834,-0.9122,0.631,rap,57
-4.7435,0.0397,0.7701,pop,57
0.0295,1.9626,1.0278,latin,57
1.8973,-0.4878,-0.1114,rock,57
0.2078,-0.3135,0.1646,rap,57
-4.7829,0.4226,0.3606,rap,57
-2.7391,-0.4773,-1.0778,rap,57
2.1598,0.0949,-1.2208,edm,57
2.3855,-0.8922,-0.8448,edm,57
0.5796,0.5296,-0.1104,latin,57
1.2493,-0.2362,-0.3813,r&b,57
-1.6089,0.9981,0.4148,r&b,57
1.2273,-0.9151,0.0905,edm,57
0.0401,-0.7397,0.4689,rock,57
-3.1428,-0.7576,-0.2382,rap,57
-3.0808,-1.656,0.3011,rap,57
-2.7127,-0.7131,0.9573,rap,57
0.5225,-0.0397,0.8126,latin,57
1.7919,-0.4626,-0.1975,edm,57
1.1497,0.2541,0.3845,pop,57
-0.3505,0.9598,-3.7227,rap,57
-0.5797,-0.7333,-0.6211,rap,57
1.3568,0.217,-0.302,pop,56
-2.4691,0.2882,-0.4696,rap,56
-4.2582,-0.5336,0.662,rap,56
0.4094,1.3821,0.4156,latin,56
0.7407,1.5748,1.5847,latin,56
0.8509,-0.1051,-0.0017,edm,56
0.6519,0.2424,-0.6503,pop,56
1.5127,-0.5454,-0.7759,pop,56
0.6979,0.5447,1.2171,r&b,56
0.2248,2.0345,-0.6017,latin,56
-1.4196,1.9014,-1.0142,latin,56
-3.2513,0.1181,0.8366,rap,56
-1.8876,-1.8402,2.0197,edm,56
1.5008,1.2645,1.2842,edm,56
-3.3484,-0.3627,-0.0415,rap,56
0.8095,0.7148,0.2113,rap,56
-2.9047,-0.158,-0.5461,r&b,56
0.6192,-0.4901,-0.6746,pop,56
-0.5926,-2.3425,-0.6146,rock,56
0.2659,0.986,-0.3134,r&b,56
0.2959,-0.222,0.3037,pop,56
2.0951,0.1976,-0.2576,rock,56
1.2859,0.9711,0.5056,edm,56
-1.1685,0.283,-0.2399,latin,56
-0.7818,0.6184,0.6247,rap,56
-1.1726,-0.2901,-1.2639,r&b,56
1.9527,-2.9898,-2.7199,latin,56
3.0007,-1.6541,-1.541,rock,56
1.7603,-0.6431,0.2275,rock,56
0.5704,2.5519,0.12,latin,56
-2.1105,-1.1732,-0.4757,rock,56
0.695,2.2527,0.9906,latin,56
-0.1617,0.6806,1.7378,pop,56
0.0352,-0.0496,-0.5623,pop,56
0.359,-0.8017,-0.0459,pop,56
0.8517,0.3475,-1.4894,pop,56
-0.099,0.5607,0.4111,rap,56
-0.4227,2.08,0.1421,rap,56
-4.9946,-1.5294,0.1451,rap,56
0.0778,0.3887,-0.6619,rap,56
0.5913,1.5481,-0.3125,rap,56
1.0684,0.2949,0.8531,pop,56
-0.4641,-1.5596,1.4251,pop,56
-0.698,-0.4253,1.1517,rock,56
-1.8515,0.4356,0.5108,r&b,56
0.4008,-0.1396,-1.069,r&b,56
0.6005,1.0237,-0.9032,r&b,56
-0.0778,1.2911,-1.0559,r&b,56
0.3312,0.7014,-1.7072,rap,56
0.586,0.9073,-1.3648,r&b,56
-3.3211,1.9527,-0.2434,rap,56
-1.5789,1.2938,-2.9916,rap,56
2.0296,0.2265,-1.2398,edm,56
1.0986,-0.4514,0.2014,rock,56
-2.4681,-1.5831,1.9135,pop,56
0.8631,-0.8805,0.8161,rock,56
0.4522,0.5214,0.5943,pop,56
-2.6238,0.0423,-0.2884,r&b,56
0.7396,1.5216,-0.3196,r&b,56
-3.1544,0.568,0.2647,rock,56
-3.9593,-1.4015,-0.4995,rap,56
0.0101,-2.1611,0.9103,rock,56
-1.3235,-1.4657,0.4694,pop,56
-0.2472,-0.342,1.2681,rock,56
1.8408,-0.521,-1.82,edm,56
0.8839,0.4039,0.4495,pop,56
0.5637,1.2419,1.4461,latin,56
2.0165,-0.2286,-0.0712,pop,56
0.4828,1.1241,0.5391,latin,56
-2.2988,-0.1618,0.0191,r&b,56
-1.1072,-0.129,1.9029,pop,56
-0.3599,1.2164,0.7076,pop,56
-3.6973,0.4753,-0.3248,latin,56
-2.4527,-2.8299,-0.8159,rock,56
-0.4038,0.4315,-0.3643,rap,56
-0.5114,1.2052,0.5808,r&b,56
1.6355,0.2727,-0.925,latin,56
-2.9579,-0.0633,-0.6474,r&b,56
-0.0478,1.6594,-1.5312,r&b,56
-1.9595,0.6938,0.0003,rap,56
1.3917,-1.3416,0.4578,edm,56
0.3073,-0.7697,-0.4577,edm,56
1.3946,-1.2164,-0.0713,edm,56
0.3057,0.5802,0.7657,latin,56
1.6018,0.8062,0.4009,latin,56
1.2884,1.2822,0.5725,latin,56
-1.1422,-0.9772,0.1217,rap,56
-4.8672,0.6622,0.2994,rap,56
-4.4779,-3.586,-1.0584,rap,56
-0.2885,0.5021,0.5464,r&b,56
-0.0538,0.0395,-1.0474,rap,56
-0.8297,-0.5865,0.03,latin,56
0.5654,0.8269,0.3501,pop,56
-1.1419,1.2638,0.217,latin,56
-0.1125,-0.5216,1.0221,pop,56
1.1042,-0.6349,-0.9457,edm,56
2.0559,-1.2804,-0.876,edm,56
2.0296,-2.7899,-0.4427,rock,56
2.0446,-0.9646,-1.1703,rock,56
-0.5503,-2.8928,2.1066,pop,56
-0.5984,-1.56,0.5148,pop,56
-3.8473,-0.6506,-0.0233,r&b,56
0.1854,1.0372,-0.803,rock,56
-0.4866,1.7821,0.2106,rap,56
-0.388,1.5812,0.2919,rock,56
-0.0436,1.2226,0.9218,pop,56
-0.4027,-0.064,-0.3765,rock,56
1.5294,-0.4141,-0.7676,edm,56
-1.1593,-1.6566,0.612,rock,56
-1.3247,1.831,-0.5995,rap,56
-2.5045,-2.1183,1.6359,pop,56
1.0287,0.8907,-0.6899,rap,56
-1.248,2.6109,-0.1158,r&b,56
0.117,1.1695,-0.161,rock,56
2.5388,-0.5821,-1.2484,edm,56
-0.5506,2.3207,0.7117,latin,56
-1.2745,-0.6623,-0.7057,rap,56
0.2565,1.2011,0.5814,r&b,56
0.7496,0.1412,0.6836,rap,56
1.3762,0.9821,-0.8814,pop,56
0.9082,0.1074,-0.1788,pop,56
1.0545,0.0271,-2.783,pop,56
0.0922,1.2937,0.8124,rap,56
-3.553,-1.7589,0.7094,pop,56
0.4327,0.9485,-1.0915,rap,56
0.9382,-2.1446,0.0315,rock,56
-0.0853,-0.9542,1.4838,rock,56
-1.2949,-0.5244,1.2995,rock,56
-0.0081,-0.3303,-1.3784,rap,56
1.3417,-0.4839,0.0379,edm,56
0.8239,2.0985,0.8889,latin,56
1.337,0.7334,-1.102,rap,56
-0.5983,-0.0837,-1.9776,rap,56
-1.5634,-2.7912,2.2182,pop,56
0.0003,1.6387,0.725,pop,56
0.3347,-2.5116,0.9287,pop,56
-0.7957,0.9381,0.3254,rap,56
-1.3319,-0.9966,-1.6478,r&b,56
0.3284,-0.7903,-0.7322,rock,56
-1.326,1.5185,-0.6888,rap,56
0.2884,1.3001,-1.2141,rap,56
0.6612,0.5557,0.1011,r&b,56
-2.2333,-0.7663,-0.3064,r&b,56
0.6443,-0.6629,-0.1813,pop,56
0.1906,-0.1561,-0.0861,rock,56
0.7162,-0.4334,-0.4552,edm,56
2.2693,-2.2031,-1.0994,rock,56
1.7221,-2.7104,-0.3823,edm,56
-2.1023,1.796,0.0537,rap,56
1.4165,-1.7382,1.578,rap,56
-0.4213,0.9158,-1.5639,r&b,56
-1.568,-0.1009,0.1418,rock,56
-3.6877,0.1624,0.5982,pop,56
-1.512,0.6433,-0.2489,rap,56
1.5512,2.7712,0.0441,rap,56
-1.5292,1.4279,-1.0718,rap,56
-1.1901,1.6579,-1.8963,rap,56
-1.5508,2.1056,-0.0094,rap,56
1.0425,-3.4589,0.4876,pop,56
0.067,-1.765,0.7636,rock,56
1.2973,0.8332,-1.0596,rap,56
1.89,0.8838,-0.391,edm,56
-1.1437,0.2817,-0.4835,r&b,56
1.5146,1.5443,0.6942,latin,56
-0.0115,-0.3926,0.5097,edm,56
-0.4366,2.4508,0.6174,rap,56
-0.8964,0.0008,1.0686,rock,56
0.8306,0.7778,-0.4099,pop,56
1.6741,-2.2002,-1.4866,rock,56
0.145,1.9906,0.5087,rap,56
1.4314,-0.3323,-0.3871,rock,56
-0.3637,0.7226,0.4147,latin,56
-0.5778,0.3581,0.9976,rap,56
-2.959,-0.2939,-1.339,pop,56
0.8537,0.1936,-0.1303,pop,56
0.2476,-1.53,0.8414,edm,56
1.0751,0.9173,0.3113,r&b,56
-0.1857,1.3627,0.9568,latin,56
1.5282,1.3285,-1.8679,rap,56
-3.6107,0.4741,-2.1958,r&b,56
0.72,0.0378,-0.0678,rap,56
1.5117,0.3227,-0.0263,r&b,56
-0.8159,-1.8902,-0.5674,r&b,56
-0.8693,2.4165,-0.863,rap,56
0.4642,0.6473,-0.2432,latin,56
2.6677,1.066,-1.4689,pop,56
0.0272,-0.8819,-0.7863,pop,56
-1.7778,-1.4587,-1.0834,pop,56
-1.5073,-0.0174,-0.3265,r&b,56
-1.7604,1.3211,2.2392,edm,56
0.3856,1.6621,-1.6286,rap,56
-1.7799,0.4886,-0.5587,pop,56
0.1833,-1.9257,-0.4049,r&b,56
-5.1802,-1.6928,0.5249,rap,56
0.6439,-0.6744,0.3473,pop,56
1.0594,0.7667,0.0668,r&b,56
-0.8987,0.4484,-0.4389,rap,56
-2.2169,1.9203,-0.7063,rap,56
-0.9556,1.5009,-1.6471,rap,56
-1.1313,2.1764,0.006,rap,56
-0.049,0.9221,-1.5118,rap,56
-2.5055,-2.2602,0.7185,latin,56
-3.1966,-1.1305,1.6445,latin,56
1.7423,1.5374,-0.412,rap,56
1.4399,-0.9637,-1.0027,rock,56
1.0125,-0.4114,0.1398,edm,56
-0.2818,2.1514,0.7999,r&b,56
0.3846,0.4746,0.6342,r&b,56
0.9792,0.606,0.7796,pop,56
1.8329,-1.7077,-1.0752,rock,56
-0.3919,3.0578,0.0354,rap,56
-0.1029,-0.1856,0.3807,latin,56
-0.6704,0.9286,-0.0263,rap,56
1.0874,1.3669,0.1366,latin,56
2.1751,-1.1168,-2.2683,pop,56
-0.3449,-0.6225,-1.1918,pop,56
0.6275,-0.2517,0.9244,rock,56
0.5029,0.7083,-0.1919,rap,56
-2.5548,0.0428,0.7652,rap,56
0.9898,-2.2652,0.5749,edm,56
0.8884,0.5867,0.1739,edm,56
1.2881,-1.7189,-0.4062,rock,56
-0.4856,-0.2401,0.0041,r&b,56
0.1284,0.2632,0.5642,r&b,56
0.9567,0.0808,-0.0618,r&b,56
1.3139,0.8941,-0.0672,latin,56
-0.7781,0.5891,-0.2888,rock,56
0.9254,0.5179,1.0405,latin,56
-0.1832,0.9625,-0.2943,rap,56
0.5788,1.7344,-0.8745,rap,56
0.001,0.1872,0.1687,rap,56
-0.4554,0.0567,-0.7788,rap,56
2.9065,-0.8779,-0.626,latin,56
-1.655,0.5246,-1.8699,pop,56
-2.5125,1.0434,0.6023,rock,56
1.2185,-0.3695,-0.9308,rock,56
-0.7112,0.9106,0.7235,rap,56
2.6331,-2.0993,-2.0291,rock,56
2.6413,-2.5913,-1.9826,rock,56
-1.7292,-0.7325,-0.5088,r&b,56
-1.9826,1.0451,-0.3517,rap,56
-2.0122,-0.9713,-0.4442,rap,56
-0.799,0.6885,0.8284,r&b,56
0.5185,0.8165,-1.2599,rap,56
0.0713,0.7402,0.4085,rap,56
-0.4693,0.6004,1.5459,r&b,56
-4.9398,1.1395,-0.0391,rap,56
0.6054,0.8405,2.441,r&b,56
-0.9586,2.5734,-0.8171,r&b,56
0.8057,2.0401,0.1318,rap,56
-0.1696,0.9666,-0.4347,rap,56
0.4076,1.1248,-1.4692,r&b,56
0.9181,-0.515,-0.8312,latin,56
-1.0493,-0.0699,0.8433,rock,56
-1.675,-0.0972,0.082,latin,56
-6.9182,-0.9153,-0.3263,rap,56
2.1375,-0.6453,-1.2755,rock,56
-3.5094,-0.3791,-0.8074,latin,56
-0.08,-1.4249,0.1662,rock,56
1.0396,0.4844,-0.7191,r&b,56
-0.0914,-1.2293,-0.5015,r&b,56
-0.5338,-0.6969,-0.3922,latin,56
-0.7158,1.5238,1.7199,rock,56
-2.1417,0.5876,0.2918,r&b,56
0.306,0.6123,-2.7519,rap,56
0.428,-0.3717,-0.0892,pop,56
0.7427,-0.2511,-0.172,pop,56
-0.2016,0.982,-1.9668,rap,56
-0.0211,-0.3565,-0.1039,pop,56
0.3634,1.5632,1.3828,pop,56
-0.8852,-0.6558,0.6371,rap,56
0.5935,0.8871,1.4276,r&b,56
0.4448,-1.5911,-1.5093,pop,56
0.7439,1.6179,0.6548,rap,56
1.1199,0.8745,0.2607,pop,56
-0.7885,-0.8194,2.8177,rock,56
-0.4568,-0.3087,-0.0508,rock,56
-2.1945,0.1395,-0.3913,r&b,56
0.3766,0.2404,-0.6384,rap,56
-1.6402,0.4593,-1.9794,pop,56
-1.0082,2.053,0.1331,latin,56
1.693,-0.7253,-1.8603,edm,56
0.4519,-0.0706,-0.3691,r&b,56
0.1514,0.6808,-0.714,rap,56
-3.522,-1.2104,-1.7347,r&b,56
2.3922,-0.7295,-1.5014,rock,56
-0.5803,1.9953,0.9042,r&b,56
-1.5703,1.2212,1.1277,r&b,56
2.1654,-2.237,-1.3453,pop,56
1.0783,0.6804,-0.2905,pop,56
0.7872,0.2923,1.3282,r&b,56
-1.9955,-1.1295,1.8397,rap,56
0.5522,-0.5027,-0.5343,r&b,56
-0.2503,-0.5798,2.5097,pop,56
1.5214,0.9308,0.6244,pop,56
1.052,0.9089,-0.1357,rock,56
-1.145,0.6141,2.6111,edm,56
-2.7243,-0.9012,-0.2586,rock,56
0.7395,-1.2425,-0.5639,edm,56
2.0756,-1.3508,-0.6117,edm,56
1.3277,2.1553,1.1017,latin,56
1.7773,-0.6165,-0.1853,rap,56
-1.8304,0.0986,-0.3879,rap,56
-1.0107,0.1936,0.9459,r&b,56
0.6987,-0.4793,0.1916,pop,56
-1.1903,0.127,-0.3866,rap,56
-1.308,-2.0113,-1.8438,pop,56
-0.4983,1.8356,-2.3129,rap,56
-2.6842,-1.0668,-0.118,rock,56
-0.0431,1.9104,0.9686,latin,56
-1.7107,-0.5368,-1.3143,r&b,56
-0.3466,-0.6066,0.9837,rock,56
-1.8396,1.1437,-0.4275,rap,56
-0.7002,0.1043,-0.0063,latin,56
1.0458,-0.4438,-0.5742,latin,56
0.2706,1.2447,0.4651,latin,56
1.1231,0.1561,0.9713,rock,56
-4.2701,0.5623,-1.7861,latin,56
0.937,1.3651,-0.4482,rap,56
1.2546,2.0776,1.4175,rap,56
1.8508,-0.3453,-0.1784,rap,56
2.02,-0.8622,-1.1998,rap,56
0.6789,-0.0762,0.6197,pop,56
-1.6767,0.9436,-1.7488,rap,56
0.1023,-0.2206,-1.8847,rap,56
1.6092,-0.2005,-0.5848,rock,56
1.2758,-1.4006,-0.2722,rock,56
0.5513,-0.2646,0.1537,edm,56
-0.5713,1.6239,-0.3633,rap,56
1.9193,0.6427,-1.4215,edm,56
1.3343,-1.6949,-1.6621,rap,56
0.9833,2.4356,0.3036,latin,56
0.7313,-0.8784,-0.5491,edm,56
0.4035,1.3578,0.3846,latin,56
-1.9434,-0.5696,-0.6529,r&b,56
1.0261,-0.5428,0.1865,edm,56
0.8243,-0.071,0.1128,edm,56
-0.3154,1.3484,-0.3599,rap,56
0.4295,0.0332,-0.8697,r&b,56
0.4726,1.2145,-0.8563,rap,56
0.419,1.3707,-1.922,rap,56
0.8484,2.093,-0.1573,latin,56
-3.0526,0.8642,-1.2889,latin,56
-2.0772,0.4778,-0.5676,latin,56
0.9014,0.6604,0.9505,latin,56
-0.995,2.576,-1.7378,rap,56
-4.0113,-1.6181,-0.9029,r&b,56
-0.3875,-2.8352,-0.0632,rock,56
0.1147,0.1004,0.4929,edm,56
1.4606,0.7136,-0.8434,rap,56
0.5072,-0.7994,-2.2553,pop,56
1.3833,1.1187,-0.9847,rap,56
0.3647,-0.3969,-2.5677,rap,56
-0.1673,1.0576,1.5019,pop,56
1.6737,0.0311,-0.7883,pop,56
-1.5674,1.0385,1.4905,rock,56
1.2435,1.1689,-0.0034,pop,56
1.9867,-0.2418,-0.8671,edm,56
-1.5423,-0.0692,0.9786,rap,56
-1.9784,-0.738,-2.1131,rap,56
-0.1895,0.8839,1.1398,latin,56
-2.8622,0.1306,-0.0029,r&b,56
0.7656,1.0063,-1.487,r&b,56
0.1789,0.9912,0.4087,edm,56
-2.0014,-0.8771,-0.0863,rock,56
-2.1452,2.1109,-0.9155,r&b,56
-0.9804,0.2444,-1.737,latin,56
-0.3906,1.2624,-1.0485,rap,56
0.4084,-1.2417,-0.2536,pop,56
-0.0814,0.3573,0.503,pop,56
1.5937,0.8296,-0.2015,edm,56
-0.4289,0.7594,-1.4953,latin,56
-1.3874,-1.018,-0.3402,pop,56
1.689,0.0692,0.3018,pop,56
-2.107,-0.0507,0.2391,rap,56
1.7317,-0.9561,-1.2951,pop,56
0.8955,1.707,-1.7236,rap,56
1.553,0.6998,0.4246,pop,56
-1.0609,-0.1578,-0.1108,latin,56
-0.2071,-0.7489,-0.2567,latin,56
-2.1215,-0.1546,-1.5701,rap,56
0.5436,-0.243,2.1221,rock,56
-0.8016,1.065,-1.0844,latin,56
2.1935,-0.0878,-0.3946,pop,56
0.4952,0.2039,-0.1568,pop,56
1.6986,-0.3583,0.9753,rock,56
0.3052,0.1193,-0.3984,latin,56
-5.3213,-1.554,-2.6286,r&b,56
0.6867,0.657,-2.1709,rap,56
-5.1062,-0.8554,-0.4124,rock,56
-4.0933,-0.3435,-0.1531,rap,56
-3.8468,-1.1648,0.5795,rap,56
-3.8749,-0.7525,0.7471,rap,56
-0.0658,0.9897,-0.2916,pop,56
-4.5561,1.0027,-0.9911,rap,56
-2.7364,-0.5159,1.0636,rap,56
-6.1821,-2.2352,0.4187,rap,56
1.183,-1.0267,-1.3608,rap,56
0.0455,0.3165,0.7742,rock,56
2.0462,0.289,-0.2825,pop,56
1.4457,-1.7581,0.3522,rock,56
1.6698,2.2386,-0.1336,latin,56
1.5618,0.9416,0.653,latin,56
-0.4155,-0.2672,0.3479,pop,56
-1.222,-0.9007,-0.0002,pop,56
-4.6968,-1.7134,-1.6585,rap,56
1.5519,-1.4843,-1.1748,edm,56
1.7955,-0.1841,0.507,edm,56
-1.6542,-0.1696,-1.7638,edm,56
-2.8382,0.7144,0.2913,rap,56
1.3631,-0.1527,0.1899,rock,56
-0.4291,1.4603,-0.8015,rap,56
1.6092,-0.3113,0.2563,latin,56
-0.6369,-0.4125,0.4372,rock,56
0.6618,0.3888,0.9072,pop,56
-1.0961,1.6531,-1.1013,rap,56
1.3838,0.9639,-0.6452,pop,56
0.9245,0.0711,-0.4578,pop,56
0.8767,-0.1133,-1.151,latin,56
0.2326,-0.1545,-0.5574,rock,56
-2.1264,-0.2509,1.7312,r&b,55
-2.6186,0.9822,-1.0754,latin,55
1.1327,0.6203,-2.3177,rap,55
-1.6697,-0.5874,1.0268,rap,55
-0.9989,-1.8109,-1.5655,rap,55
1.5224,0.7159,0.7048,pop,55
-0.5064,0.6862,-0.9173,r&b,55
-5.4514,0.6728,-1.3427,latin,55
0.6337,-1.2748,-0.2639,pop,55
1.6389,1.1971,-0.0872,pop,55
1.7854,-0.5946,-0.1996,rock,55
1.9601,-0.4904,-0.0226,rock,55
0.2761,1.3471,0.8561,latin,55
0.2752,-0.009,0.3715,r&b,55
-0.4509,-2.7807,1.8216,edm,55
2.2721,0.0516,0.257,rock,55
-1.1564,-0.63,-0.6361,r&b,55
-0.5796,0.2153,-0.0804,r&b,55
1.4627,-0.0924,0.0944,pop,55
-2.8326,-0.2343,0.5967,r&b,55
0.5568,0.4996,-1.2639,rap,55
2.1219,-1.9259,-0.3977,rock,55
-0.4183,-1.0061,0.3331,r&b,55
-1.4171,1.1497,-1.0989,rap,55
-0.8183,1.0025,0.4051,rock,55
2.068,-0.7414,-0.5373,rock,55
0.857,-1.8422,-1.6151,pop,55
1.438,-0.5055,-0.2912,pop,55
1.4384,0.3691,-0.9848,pop,55
1.4426,0.1619,-0.5558,pop,55
-0.1602,-0.8889,-0.3084,rap,55
0.3298,0.2231,0.0028,pop,55
0.0556,1.0414,0.0818,latin,55
0.9364,1.4151,0.5613,pop,55
-0.5889,0.0351,-0.132,rock,55
1.1984,0.908,-1.7978,rap,55
0.0189,1.3571,0.7593,latin,55
1.2096,-0.566,0.2529,edm,55
1.2061,-1.9178,2.1554,edm,55
0.2216,0.1903,0.2628,pop,55
0.5969,0.9914,0.6428,pop,55
0.5527,-1.0229,0.0376,pop,55
1.5217,0.946,0.8493,pop,55
1.1642,0.9631,-2.0503,rap,55
-0.6294,1.7128,-1.1782,rap,55
1.277,-1.9711,-0.6591,pop,55
0.7271,1.665,0.5027,latin,55
-1.0994,0.4375,0.7842,rock,55
-3.437,-0.8137,-1.1102,r&b,55
0.0897,-1.5296,-1.0455,pop,55
0.66,-1.3281,1.0352,rock,55
1.1558,0.8851,0.5914,pop,55
0.332,-0.1509,-0.1843,edm,55
1.5207,-0.0754,-1.7789,rap,55
1.6929,0.7044,0.4707,pop,55
0.3862,0.1537,0.0558,latin,55
-3.5787,-0.5503,0.7201,rap,55
1.2304,2.0403,-2.1156,latin,55
0.3583,0.1035,-2.5577,latin,55
0.0797,-0.8448,-0.0229,r&b,55
0.6061,-0.573,0.9113,rock,55
-0.339,-1.353,0.4269,rock,55
0.5535,1.3773,0.5424,latin,55
-0.1077,0.9579,-0.6256,rap,55
-0.5263,-0.6874,-0.5953,rap,55
0.4242,-1.404,1.5443,rap,55
0.9708,-0.0341,-0.4326,latin,55
0.5591,-2.2305,1.8491,edm,55
-0.2827,0.6814,1.3231,latin,55
1.0328,-0.4091,-0.9208,edm,55
0.7549,0.867,0.7975,latin,55
0.7359,-0.3995,0.3166,pop,55
-1.0189,-0.7696,0.2503,rap,55
0.8059,0.6859,1.6507,rock,55
0.9945,1.0122,0.2545,edm,55
0.0845,0.4303,0.5155,latin,55
1.2526,0.5723,0.5884,latin,55
-0.8986,1.8273,-1.1493,rap,55
0.2879,1.5525,0.7084,pop,55
0.6655,0.7757,0.6206,latin,55
1.4063,-0.3622,-0.1601,rock,55
-5.839,-2.3528,-1.2816,r&b,55
-0.4941,-0.2479,-0.2496,r&b,55
1.8636,-1.4644,-0.0678,rock,55
-2.0579,-0.9815,-2.2576,r&b,55
-0.7743,0.4671,-0.7121,rap,55
-2.144,-1.2384,-0.0686,rock,55
0.7943,-0.9081,-0.1864,rap,55
0.6421,0.0,-0.7408,latin,55
-1.3864,-0.1308,0.0441,latin,55
0.6509,-0.3272,-0.5576,rap,55
0.3985,1.3719,-0.9588,rap,55
0.2825,-0.211,0.0007,pop,55
1.4632,-2.6661,-2.5777,edm,55
-0.3903,1.1468,1.1278,pop,55
-0.2522,0.6514,0.0766,latin,55
1.384,0.999,-0.3398,rap,55
0.9206,0.8729,0.7826,latin,55
-0.554,-0.7075,-1.5087,pop,55
1.7494,-0.2133,0.4369,latin,55
1.7509,1.1642,1.1286,pop,55
1.8563,-1.1953,-0.0704,pop,55
2.081,-0.6614,-0.4181,pop,55
0.5933,-1.5895,-0.8547,edm,55
-0.82,0.9586,0.2313,pop,55
0.4276,0.2151,1.4062,latin,55
-2.0065,0.5147,-1.1608,pop,55
0.9904,0.4149,0.4169,pop,55
-1.0296,1.1159,0.548,rap,55
1.6742,-0.8002,-0.4895,rap,55
1.7832,-1.2087,-1.0581,rock,55
-0.391,0.0736,0.1666,r&b,55
0.6713,0.8102,-0.4744,pop,55
0.6157,1.1512,0.0539,latin,55
0.7306,0.9614,-0.2547,edm,55
0.7186,-1.7446,-0.2271,rock,55
-2.2792,-0.6616,0.4289,rock,55
-1.5846,0.4904,-0.046,r&b,55
-2.1082,1.3927,0.6808,latin,55
1.4264,1.3689,0.5635,rap,55
0.7291,0.2577,1.0531,r&b,55
-0.4393,-1.9396,1.9873,rock,55
-0.8619,1.0356,0.4075,r&b,55
1.6993,-0.3714,-0.2804,rap,55
1.0665,0.9339,-0.1814,pop,55
0.6483,1.9275,-0.8861,rap,55
-0.2523,1.4579,-0.3939,rap,55
0.1327,-0.4524,-0.8507,r&b,55
-1.1744,0.0023,-0.1585,rap,55
0.2685,2.1548,-1.3711,rap,55
-1.2193,-0.6209,-0.5147,pop,55
-2.4107,1.4311,-2.1224,pop,55
1.7872,0.2522,-0.4961,rap,55
-1.141,-0.1525,-0.3829,r&b,55
2.0416,-1.3648,-1.9545,edm,55
-0.2178,-0.5676,0.3585,pop,55
1.0532,-0.0833,-0.4548,latin,55
-0.1918,-0.2923,-0.8137,rock,55
0.6171,0.6155,-0.5698,rap,55
0.6775,0.3586,0.9518,latin,55
-0.0372,0.342,0.1155,latin,55
-0.1289,1.2914,0.5383,latin,55
-3.6944,-1.4639,-0.5859,rock,55
-0.7272,-0.8689,-0.2174,pop,55
1.2204,1.1147,-0.379,pop,55
-1.5848,-0.2749,0.3325,r&b,55
1.4986,-0.835,0.5093,edm,55
-4.3744,-1.4739,0.5954,rock,55
1.0152,-0.7743,0.0334,rock,55
-0.8917,1.2211,-1.4905,r&b,55
-0.3694,1.8559,-1.9295,rap,55
-0.1342,-0.3606,0.2124,r&b,55
-1.5666,1.6574,0.9653,rock,55
1.3756,-1.5672,-1.3328,pop,55
1.3638,-1.0449,-1.033,edm,55
-0.1426,0.842,-1.183,rap,55
-1.1163,-0.0275,-0.6144,rap,55
-1.6681,0.6948,-0.8905,latin,55
0.0022,1.0765,-0.3381,rap,55
0.3824,2.1547,-0.7431,rap,55
0.4262,1.1447,0.696,rock,55
1.3487,-0.9088,0.2033,edm,55
1.4139,-0.5793,-0.8955,rock,55
-2.1325,-1.6842,0.6175,r&b,55
0.1272,-0.748,0.1867,pop,55
0.8489,0.9669,0.3791,latin,55
-0.1478,-0.1774,0.1781,rap,55
-1.4685,-0.2786,0.6128,rock,55
1.2745,-0.9831,-0.3482,pop,55
1.485,0.9623,-0.8618,latin,55
1.4227,0.6155,1.2237,pop,55
0.6549,-0.1981,0.6839,pop,55
0.2225,1.1339,0.634,pop,55
-0.8664,1.0482,-1.2278,edm,55
-0.3659,0.5659,1.0469,r&b,55
0.065,-0.9007,-0.032,pop,55
-0.8123,1.0933,0.2537,pop,55
1.0883,0.0863,0.4065,rap,55
0.2691,1.6028,1.039,edm,55
0.3625,-1.2147,1.2908,r&b,55
0.401,0.6805,-0.2479,r&b,55
1.3926,1.5131,1.2323,r&b,55
-2.9894,-2.3688,-2.7252,pop,55
-1.3279,-3.289,0.4847,rap,55
-1.1923,0.3697,0.592,rap,55
-2.5973,0.0091,0.1815,rock,55
-0.2861,0.2202,0.9903,r&b,55
0.1063,-0.0722,0.0585,pop,55
-1.0262,0.3015,0.6896,r&b,55
1.7803,1.5212,-1.5548,rap,55
-0.2454,2.4693,0.0612,rap,55
2.0372,-0.4432,-1.7595,edm,55
-4.8528,1.5213,-1.1123,rap,55
-5.1887,-4.4401,0.1562,rock,55
1.3372,0.3759,-1.7071,rap,55
-0.7893,2.9079,-2.6794,edm,55
-0.9122,0.8479,0.4903,r&b,55
0.4925,0.2487,-0.8778,rap,55
0.7522,0.6501,0.4062,pop,55
-1.7025,2.0995,0.0694,rap,55
-1.1052,0.2366,-0.6049,rap,55
1.2727,-0.0083,-1.1296,rap,55
0.9797,0.2921,-0.2035,rap,55
0.5928,1.7986,-0.3121,rap,55
0.1968,0.2562,-0.1763,pop,55
1.1496,-1.343,-0.4809,edm,55
1.0426,-2.4982,-1.1193,edm,55
-5.241,-0.681,-1.5967,rap,55
0.535,2.4004,1.2437,rap,55
1.0545,1.1596,0.8947,pop,55
1.8069,-0.2853,0.3265,pop,55
-2.3103,-0.8584,-1.1558,latin,55
-0.028,1.0203,-0.142,rock,55
-2.6758,-0.691,-0.2217,r&b,55
-0.0539,0.2937,-1.0164,edm,55
-0.9159,-0.9152,0.0363,r&b,55
1.3734,-2.2481,-0.4781,edm,55
1.2576,0.5154,-1.5137,rap,55
1.3048,1.5988,0.5988,rap,55
0.0538,0.8713,0.923,rap,55
2.3086,1.4513,-1.7915,rap,55
-0.497,0.5608,-0.1842,rap,55
0.1793,0.4823,1.2324,latin,55
0.7692,-2.6976,-0.1707,rock,55
1.3199,-0.4594,-1.0313,edm,55
2.0194,0.2061,-0.4049,pop,55
0.9277,-0.002,0.4738,edm,55
0.7998,1.7821,0.9979,rap,55
0.4282,1.9833,-0.6855,edm,55
-0.5098,-0.1115,-0.2364,rap,55
-4.2309,-1.0895,-0.5795,rap,55
0.2523,1.6386,-0.2613,pop,55
1.0268,-0.6975,-1.1605,pop,55
-2.1342,1.2473,0.6117,rap,55
-0.6181,1.1559,1.7164,r&b,55
0.7414,2.0141,-1.1822,rap,55
0.2336,-0.3339,-0.2305,r&b,55
-0.1426,-0.3415,1.307,rock,55
0.4034,0.387,0.7666,latin,55
0.407,0.632,0.0824,rock,55
-0.8864,0.7732,1.6831,rock,55
-1.2361,0.4432,0.3265,r&b,55
-1.4076,0.427,0.3743,latin,55
-1.0717,-0.4892,-0.8756,rap,55
1.7263,0.3197,0.1612,pop,55
0.857,1.0745,-0.4095,latin,55
0.3254,-3.0369,0.9552,rock,55
-0.0751,0.8077,-0.8661,rap,55
0.5972,1.3781,1.1886,pop,55
1.0414,-0.8092,-0.9783,latin,55
0.7715,0.408,-0.9058,latin,55
1.6567,-0.2274,-0.8044,rock,55
-1.4889,1.6461,0.8883,latin,55
1.2037,0.1295,-0.5384,latin,55
-0.3266,-0.1998,-1.1449,rap,55
2.2383,-0.3072,-0.2174,rock,55
0.2251,-0.2624,0.0974,rap,55
0.4157,1.2129,0.056,latin,55
0.4813,1.0866,-0.5556,pop,55
-2.39,1.5109,-0.6311,pop,55
2.2677,-0.205,-0.3031,edm,55
-0.263,1.7931,-0.064,rap,55
0.4822,1.9157,0.6889,rap,55
1.0787,1.1595,-1.5266,rap,55
0.0551,0.5929,0.8583,rap,55
0.7916,0.2047,-1.2484,rap,55
0.5147,0.1056,-1.2532,latin,55
-0.0209,2.0132,0.6676,rap,55
-1.9697,-1.6658,-0.3401,rock,55
-1.9389,-1.6917,-0.6429,r&b,55
1.8163,-0.4336,-0.2398,pop,55
0.8055,1.2279,-0.1521,pop,55
1.3986,-1.2728,-0.658,pop,55
-2.897,2.8621,-0.8205,rap,55
-0.2206,1.5185,-0.9484,rap,55
0.2366,1.9311,-1.2557,r&b,55
-0.7234,1.5432,1.4681,r&b,55
-0.1265,1.3062,-1.3236,rap,55
0.4268,1.073,0.5384,latin,55
1.2994,-0.6135,0.7504,edm,55
0.355,1.1304,-1.6541,rap,55
-0.916,2.0773,0.7701,latin,55
0.7905,0.5768,0.0074,pop,55
1.5805,-0.8613,-0.2481,rock,55
-0.0371,-0.1284,0.6616,rock,55
-2.9513,-0.542,-0.1684,latin,55
1.431,-1.2681,0.5348,edm,55
1.5719,-0.6855,-1.1946,pop,55
-2.0947,-1.3271,3.1018,edm,55
-3.4942,-1.9717,-0.9073,r&b,55
0.482,1.787,0.4976,edm,55
0.266,0.9174,0.2176,r&b,55
1.9977,-1.228,-0.7595,edm,55
0.4203,-1.3172,-2.3463,pop,55
1.0955,-0.3632,0.1512,pop,55
-0.5738,1.942,0.3529,rap,55
0.1654,0.0499,0.2161,rap,55
-3.6775,-0.2898,-0.1097,rap,55
-2.5873,0.0423,0.259,rock,55
-0.5666,2.1985,-1.6552,rap,55
-0.0112,1.0874,0.7549,latin,55
-0.5637,1.1212,0.1716,rap,55
1.5105,0.1597,0.231,edm,55
0.8744,-1.4564,-0.5693,edm,55
-0.4267,1.5066,0.119,rap,55
-3.4484,-2.2282,-0.6284,r&b,55
0.3662,-1.4258,1.3527,latin,55
-0.3957,-0.5096,-0.175,latin,55
-2.8926,-0.9052,-0.583,r&b,55
-0.8493,0.3004,0.4453,rap,55
-1.5937,0.8238,0.5378,rock,55
-0.2683,0.7922,0.1326,rap,55
0.7666,0.9388,-0.5082,rap,55
1.2512,0.2017,0.9232,edm,55
0.1902,-1.0892,-0.6452,rap,55
0.7128,-0.6876,0.2646,edm,55
0.4888,0.6335,0.4672,latin,55
-0.8233,2.1897,-0.3902,rap,55
0.5559,-0.9299,0.0359,rap,55
-1.8721,2.0233,-1.8096,pop,55
0.1259,2.1832,-0.2061,rap,55
-5.5778,-3.2471,-0.6097,rock,55
-0.7262,-1.119,0.4054,edm,55
-0.3003,-1.6629,-0.2927,rock,55
2.2119,-0.6426,-1.0312,rock,55
-0.1002,1.3825,1.6297,latin,55
-1.9265,1.7705,-0.3029,rap,55
0.9643,0.4678,-1.8275,latin,55
1.7933,-0.9505,-0.6167,edm,55
1.1813,1.7313,-0.6476,latin,55
1.2064,0.4233,0.473,rock,55
-0.147,-2.9562,-0.8654,r&b,55
-2.9692,0.9373,-1.5864,r&b,55
1.622,-0.7723,-0.568,pop,55
-0.2229,-2.4112,-0.1667,pop,55
1.532,0.2321,0.1442,latin,55
0.963,-0.8407,1.7971,pop,55
0.4962,-0.2375,-0.5277,edm,55
0.5854,0.507,-1.3289,edm,55
-2.9622,-1.2932,-2.6763,rap,55
-2.932,0.9812,-0.4948,r&b,55
0.5687,-1.9818,1.6078,edm,55
1.7522,-1.647,-0.2889,rock,55
-0.2656,1.5889,-1.1113,rap,55
0.4876,0.9053,-0.0677,rap,55
-0.0044,0.1054,0.397,r&b,55
1.469,1.5347,-0.9347,latin,55
-2.1336,1.1332,0.2351,latin,55
-3.7892,-1.9857,-0.7924,r&b,55
1.0217,0.5481,0.3101,rap,55
1.8625,-0.1322,-0.4288,pop,55
1.1,-1.1799,0.1752,rock,55
2.1586,-0.2564,-0.8989,pop,55
-3.2961,-0.3286,-0.5292,rap,55
-4.5232,-1.6553,0.4426,rap,55
-1.5755,-0.5488,-0.4991,rock,55
-4.8618,-1.8516,0.7327,rap,55
-4.7831,-0.2224,0.6869,rap,55
0.3807,1.1258,-0.1696,latin,55
1.3786,-1.4531,0.2567,pop,55
1.4147,-1.0292,-0.5957,edm,55
0.5298,1.1769,-1.7219,rap,55
1.0853,-0.8251,-0.6374,edm,55
0.394,1.0187,0.7442,latin,55
0.2803,-0.9442,0.3506,r&b,55
0.6612,0.5635,-2.2845,r&b,55
-3.1617,-0.4094,0.2945,latin,55
-0.2399,-0.4914,0.1334,r&b,55
1.7238,-2.1611,-1.613,rock,55
-2.7452,-0.4706,-0.0637,rock,55
-0.0131,1.3074,1.5705,pop,55
1.1665,-1.2565,1.1254,pop,55
1.4924,0.4521,0.3276,latin,55
-2.2101,0.4732,0.2973,rap,55
-2.2801,-2.2518,0.8289,edm,55
-2.0373,-0.6159,-4.0742,r&b,55
-2.565,0.9533,0.1981,rap,55
0.9432,-1.2685,1.1105,edm,55
-2.3367,-0.4277,-1.1785,pop,55
-5.0034,-0.6877,0.1644,rap,55
-0.1515,-1.1209,1.1175,r&b,55
1.0825,1.5874,0.5117,pop,55
-0.427,1.1144,-2.6559,latin,55
-1.7509,-1.7606,-2.95,latin,55
0.9356,1.9231,0.6095,latin,55
0.8013,0.0247,0.4042,latin,55
-0.3982,1.2555,-0.0121,pop,55
-1.5075,2.0372,-0.9929,latin,55
-2.4402,-0.1571,-0.7601,rock,55
-0.5696,0.5941,-1.1868,rap,55
1.9485,-1.1811,-0.8779,rock,55
2.0654,-2.0447,-0.265,rap,55
-7.1433,-1.0725,0.4318,rap,55
-5.0782,-0.5435,-0.5645,rap,55
-0.6828,0.3967,-2.642,pop,55
1.3722,1.9221,0.6672,latin,55
-1.4407,-0.2899,-0.2601,rap,55
-1.1542,0.8758,0.4305,rap,55
1.3707,-0.9727,-1.0023,rock,55
1.5716,-0.415,0.9947,rap,55
0.0039,2.4569,-0.8364,rap,55
-1.6356,-0.1016,0.9404,latin,55
-6.4602,-1.4961,0.533,rap,55
2.558,0.3818,-1.7223,rap,55
1.0619,-0.1826,-0.4011,rap,55
-0.4425,-1.6148,-0.5164,rap,55
-0.3088,1.4965,0.4261,latin,55
1.1073,1.6182,0.3801,pop,55
1.0497,0.183,0.8537,edm,55
-0.3248,1.36,0.9853,latin,55
1.3538,-0.4234,0.4076,pop,55
-0.9785,-0.1994,1.3701,pop,55
0.8122,0.3672,-1.0175,edm,55
1.1813,0.1238,0.1649,pop,55
0.4888,1.0269,-1.1475,r&b,55
0.4356,-1.1602,0.4802,edm,55
1.5796,-0.1905,0.6752,edm,55
-0.7351,0.7016,1.0581,latin,55
-0.6645,0.2808,0.0227,latin,55
0.5497,2.069,-0.0649,rap,55
-0.6504,-1.9422,-0.5564,rock,55
0.4874,0.0805,0.0933,pop,55
0.9538,0.4387,0.1368,latin,55
1.645,-0.964,-0.5374,r&b,55
1.4003,1.8232,0.7821,rap,55
0.8716,-0.1985,2.4534,pop,55
0.967,-0.3529,-0.2647,edm,55
-5.7995,0.7483,0.7033,rap,55
2.1633,-0.1288,1.0354,edm,55
1.7845,-0.767,0.608,rap,54
-1.0357,-1.512,1.4099,edm,54
0.4597,2.0868,0.8636,latin,54
1.4339,0.4804,-0.6874,latin,54
0.9284,-0.5581,-1.0507,rap,54
0.3962,0.3954,2.0815,r&b,54
-2.5749,-0.9406,1.3672,rock,54
1.6283,-0.0254,-0.387,pop,54
0.8547,0.618,0.2038,latin,54
1.3247,1.2014,1.1565,latin,54
1.0977,-1.8638,-0.2152,rock,54
-3.2457,-0.3006,0.9704,rap,54
-0.4823,0.5667,0.2414,pop,54
-2.519,-0.8349,-1.1099,pop,54
0.3944,0.8494,0.728,pop,54
1.1923,-1.3986,1.1907,pop,54
-3.7894,0.4036,0.7226,latin,54
1.4775,-0.2183,-0.1117,edm,54
1.248,0.1551,-0.2933,edm,54
-3.541,0.3674,-0.1059,rock,54
-2.607,-0.947,-0.1579,latin,54
-0.0884,0.5482,-0.6127,latin,54
1.8765,-2.6684,-0.8564,rock,54
1.186,1.3747,0.545,edm,54
1.6704,-1.5323,-1.2626,rock,54
1.1872,1.1313,0.0357,latin,54
1.8907,-0.7251,-1.6632,rock,54
-0.9783,2.1035,-2.4835,r&b,54
0.7876,-0.183,-0.0551,pop,54
-0.8365,-0.9134,1.636,r&b,54
2.1961,-2.0007,0.2119,edm,54
0.7885,0.7492,0.0925,pop,54
0.8217,-0.8757,-0.2737,edm,54
-0.2348,0.771,0.3469,pop,54
-1.7104,1.6643,0.199,pop,54
-0.8275,1.2701,0.2266,pop,54
-0.9446,0.3609,0.1643,rap,54
-0.0556,-0.3882,-1.1197,rap,54
-2.3571,-0.9979,-0.0186,latin,54
-1.5531,1.1312,-0.1201,r&b,54
1.5363,-0.5566,-0.107,edm,54
0.7381,0.8073,2.2102,pop,54
-3.4664,-1.4674,-0.5021,rock,54
1.7353,-1.1312,0.5804,rock,54
-1.7875,-0.2185,0.0281,latin,54
-0.1881,-0.9549,-0.3988,latin,54
0.4819,1.3726,0.6808,pop,54
0.1576,0.2769,-0.8067,rock,54
-0.8501,1.2442,-1.0181,latin,54
0.7576,-1.4989,-1.8618,latin,54
0.3437,-1.82,-0.82,latin,54
-3.2792,0.7416,0.6589,rap,54
-0.9701,1.2787,0.3957,r&b,54
-1.3233,1.6751,1.8078,r&b,54
0.1949,-0.3801,1.4172,r&b,54
0.3633,-0.8381,-1.8298,edm,54
-0.1785,-1.0763,-0.8958,pop,54
-0.4024,1.2385,0.0032,r&b,54
1.0107,0.066,2.0192,edm,54
-3.0381,1.039,0.6392,rap,54
-6.9606,-3.8056,0.6123,latin,54
1.4877,0.4299,-1.2239,rap,54
-2.2681,1.096,-0.4221,r&b,54
0.2433,-0.5077,0.1556,r&b,54
0.2083,-0.6792,0.1065,rock,54
0.3236,-0.8399,-0.6732,latin,54
0.6121,2.0213,-1.291,latin,54
1.4865,-1.567,-0.2284,rock,54
1.7687,-0.0674,-0.538,edm,54
0.3515,-1.2142,-0.6051,rock,54
2.3141,-0.7686,-1.0207,rock,54
-1.1491,0.5562,0.5999,r&b,54
0.3471,-0.5569,-0.4635,latin,54
-1.0741,-1.8663,-2.0638,latin,54
0.765,-0.7389,0.2404,pop,54
-1.6367,1.7218,-1.042,pop,54
0.2504,0.2129,0.7056,pop,54
0.2528,0.4949,0.7293,r&b,54
0.9201,-0.1558,-0.6265,pop,54
-0.2701,-0.4784,0.1926,pop,54
1.2826,0.5066,0.7955,rock,54
1.9307,-0.8822,-0.9001,rock,54
0.6113,0.2976,-1.5505,rap,54
1.3595,0.5581,-0.1939,rap,54
1.3578,-0.3418,-1.5018,rap,54
-0.2799,0.8061,0.609,rap,54
-2.1291,1.016,0.815,pop,54
-1.0224,0.1679,2.2527,pop,54
1.0729,-1.7579,-0.3817,rock,54
1.6521,0.3102,0.6623,rock,54
1.9666,1.188,0.399,pop,54
-0.3176,2.5793,1.0774,r&b,54
0.3355,0.6549,-1.0008,latin,54
1.5501,0.5271,2.3758,edm,54
-0.3067,-0.4169,2.1075,rock,54
-2.7193,0.9478,0.1444,rock,54
-1.0836,-0.296,0.9883,r&b,54
-0.1358,0.405,0.0952,r&b,54
-3.015,2.8087,-2.8577,r&b,54
0.2975,-0.8195,0.1263,rock,54
-1.7182,2.2876,-0.0601,r&b,54
0.325,2.1003,-0.1456,rap,54
1.8472,-1.6363,-1.7989,pop,54
0.7748,1.6557,-1.8884,rap,54
0.0038,1.2835,-0.1078,pop,54
1.9099,-0.0554,-0.4152,edm,54
-1.8817,-1.0556,-0.9711,latin,54
-0.6982,1.1773,-0.7592,edm,54
-1.0728,2.9769,-3.8435,rap,54
-3.4412,1.536,-1.1568,rap,54
-0.0668,-0.9883,2.8367,rock,54
0.8221,-1.1374,2.2109,edm,54
-0.3507,1.6646,0.9143,latin,54
-0.9493,-0.6856,0.8438,r&b,54
-1.5841,0.5681,1.0489,r&b,54
-1.7152,0.8191,-0.8597,r&b,54
1.0487,0.3681,2.4055,edm,54
0.3709,-2.2488,2.2188,pop,54
-0.5227,1.2421,-0.3586,pop,54
1.6246,0.7297,0.2319,edm,54
-1.0699,-0.9238,0.5388,r&b,54
-0.1215,0.3992,0.0972,rap,54
-2.5304,2.3355,-0.3371,rap,54
0.114,3.5866,-0.5813,rap,54
-2.531,1.2846,-0.1056,rap,54
1.0585,0.3479,-0.0183,edm,54
-0.2149,0.2936,-0.1061,r&b,54
0.212,0.3152,0.545,r&b,54
0.1854,0.2985,-0.93,rap,54
2.1314,-1.4547,-1.3696,rock,54
-1.1714,0.5452,-0.9127,r&b,54
-0.3403,0.8201,0.2188,latin,54
1.548,1.1323,0.4984,latin,54
-1.056,-0.0582,1.4952,r&b,54
1.2719,-0.5157,0.1608,r&b,54
-2.494,-0.3333,0.5414,r&b,54
1.8237,-2.2369,-1.1905,edm,54
0.5976,0.8311,1.1116,pop,54
-1.2741,1.2689,1.0761,pop,54
-0.2946,-1.7188,0.6055,rock,54
-1.3091,-0.4447,0.9431,r&b,54
0.1834,-0.5016,0.8,r&b,54
-0.3128,0.946,0.9387,latin,54
1.8716,0.4777,0.048,edm,54
-0.0962,0.5648,0.0678,latin,54
1.6988,0.971,0.3612,latin,54
-3.8686,-0.4514,2.283,pop,54
1.2015,1.4187,1.6128,latin,54
0.9316,-2.6053,-1.013,latin,54
1.1532,-2.6132,0.4149,rock,54
0.3051,0.9289,-0.8677,rap,54
-0.6703,0.3135,0.5975,rock,54
-1.9101,-0.5992,-2.0898,pop,54
-2.34,1.177,-0.026,rap,54
-1.1806,0.4496,-1.3758,r&b,54
0.3488,1.0825,0.3465,rap,54
0.0961,0.7443,0.6082,rock,54
0.7501,-0.8407,-1.5531,pop,54
-0.9774,-0.4426,1.446,edm,54
-4.5204,-0.5646,-1.0293,r&b,54
0.9375,1.4562,-0.3357,pop,54
2.205,0.3642,-1.1965,pop,54
0.994,0.0398,-0.3518,r&b,54
-0.3588,0.3355,-0.2577,pop,54
1.5167,0.1359,0.163,latin,54
-0.1804,-1.2439,-1.0552,latin,54
0.2886,2.2056,0.8441,latin,54
0.7911,0.8792,0.7154,pop,54
1.5649,0.4908,0.3692,rap,54
-2.2315,0.3336,-1.1024,rap,54
1.4592,-0.4234,0.9632,r&b,54
-2.5988,-0.9398,-0.3327,r&b,54
-0.5259,-0.5886,-0.1748,rock,54
-0.4805,-2.6551,-1.1437,rock,54
0.3907,-1.1236,-0.7556,edm,54
1.103,0.7875,0.922,latin,54
0.3401,-0.8517,-2.7199,latin,54
-6.257,-0.7165,0.4395,rap,54
1.3717,0.5981,0.5687,edm,54
1.074,1.0508,-0.1371,latin,54
-2.1467,-1.5253,0.9579,r&b,54
1.8435,0.1879,-0.7879,rock,54
0.2309,-1.3022,0.7128,rock,54
0.22,1.6734,-0.9752,r&b,54
-4.3258,-0.1176,-0.3583,r&b,54
0.0037,-1.6414,-1.4514,pop,54
-1.3369,1.3572,1.4825,r&b,54
0.0589,0.9244,-0.4381,rap,54
-0.472,0.3506,-0.6512,rap,54
0.8885,-0.9576,1.1614,edm,54
0.7742,-2.6106,0.1518,rock,54
0.7225,1.4622,0.3707,rap,54
0.9326,-0.1845,0.8477,rap,54
-3.2984,0.5292,0.5503,rock,54
0.6182,0.2697,1.2991,rock,54
0.554,-0.7438,-0.884,r&b,54
0.6652,1.1445,-2.4915,latin,54
-3.9631,1.0844,-1.4016,rap,54
-0.0212,0.9703,0.3546,rock,54
0.1366,-0.0781,0.4171,pop,54
1.0284,1.6953,0.6253,rap,54
0.5176,1.1381,0.2301,latin,54
-2.0399,0.5323,-2.2152,pop,54
-1.7397,0.4831,-0.4078,r&b,54
0.1163,-2.4498,-0.4273,latin,54
0.38,0.0271,0.3242,latin,54
1.8548,-1.6419,-1.0604,rock,54
-2.8566,-0.4822,-2.2362,rap,54
-2.8923,-0.216,0.5512,rap,54
1.8623,-1.9103,1.1782,rap,54
2.4523,-1.3706,-1.2137,rock,54
1.482,-1.4243,2.2887,edm,54
-1.3024,2.6652,-3.4157,rap,54
-0.5618,1.5272,-0.1661,rap,54
1.5517,-1.0494,0.0889,rock,54
-0.2008,-0.8932,-0.2629,edm,54
0.7733,0.4657,-0.0404,edm,54
1.579,-1.3882,0.9593,rap,54
-0.1223,-0.4021,-0.2732,rap,54
-1.0761,-0.2557,1.2214,pop,54
-0.2643,-0.704,-0.5153,pop,54
0.8996,0.3261,0.2294,r&b,54
-0.6074,1.4567,-0.5033,r&b,54
-0.4986,-1.0872,1.4851,r&b,54
-1.8977,2.2294,-1.5528,pop,54
0.9949,1.6671,1.7163,latin,54
-0.2771,1.0879,1.0305,latin,54
1.7086,-1.4217,0.1349,rock,54
-1.5175,-0.5808,1.3697,rock,54
-3.0671,1.2691,-1.1307,rap,54
-1.1785,-0.4658,-2.2305,rap,54
1.4855,0.7018,0.3177,pop,54
0.779,1.1044,0.5425,edm,54
-3.2073,-1.3052,-0.2378,rap,54
0.0578,-0.7469,0.6349,latin,54
-1.5692,0.5921,-0.9987,rap,54
-0.853,2.1383,-1.2234,rap,54
-0.1342,-0.2334,1.1519,rock,54
-0.2009,-0.0316,-0.0108,pop,54
-0.4445,1.4858,0.6835,r&b,54
1.5434,-0.2286,-0.7284,rock,54
0.1213,-4.376,-0.1641,rock,54
-2.9925,-1.0504,0.7367,rap,54
0.5894,-0.0605,0.1506,latin,54
-1.4427,-0.9785,0.3511,r&b,54
0.1266,2.4736,0.1447,rap,54
1.3181,-1.6795,-0.7839,rap,54
0.5159,0.7316,0.7349,r&b,54
0.2126,0.251,-0.108,rap,54
0.9501,0.4775,-0.0024,latin,54
0.8829,0.1345,-1.0706,rap,54
-0.1189,0.7561,0.9105,rap,54
-0.2736,0.4996,-0.1378,rap,54
0.2464,-0.0523,0.512,rap,54
-0.6019,2.3742,0.575,latin,54
-2.9108,-0.6122,0.3942,pop,54
0.4838,-1.1144,-0.1744,rap,54
-2.8005,0.1593,1.4005,rap,54
-0.2051,1.3216,-1.2787,rap,54
0.6686,0.3319,0.1462,latin,54
-1.2865,-0.5288,-0.3577,pop,54
-0.1378,-0.3291,0.148,rap,54
-0.227,0.6359,-0.6424,edm,54
0.093,1.6055,0.2658,pop,54
1.2331,0.3441,0.5065,edm,54
-0.226,1.5012,0.2557,rap,54
-1.6651,-0.8378,-0.1775,rap,54
-1.8235,-0.4939,0.6034,rap,54
1.9305,0.5526,-0.3205,pop,54
0.9641,0.4029,0.5851,pop,54
0.3143,0.7132,0.502,latin,54
0.8109,0.1145,-0.1158,rock,54
0.7671,1.7368,-0.522,edm,54
-2.2159,-0.8714,0.5439,r&b,54
0.4419,0.411,-0.3956,edm,54
-2.3192,2.8817,-1.5633,rap,54
-1.4787,-0.014,-0.6933,rap,54
-0.2,0.9265,1.2124,r&b,54
0.5914,0.7467,-1.8314,rap,54
0.3103,0.7301,0.2396,pop,54
-1.2629,-1.325,-0.0631,rap,54
1.4409,-1.845,0.7389,rap,54
0.5094,-3.7283,-1.969,rap,54
0.841,0.575,-1.1376,latin,54
0.9017,-0.2814,-0.3412,pop,54
0.3793,0.7076,0.9641,rock,54
-1.3694,0.9386,0.6186,rock,54
1.3631,-0.0789,0.3766,pop,54
-0.8977,0.0902,0.7877,r&b,54
-2.2469,0.689,-0.8506,pop,54
-3.269,-0.8182,1.0206,pop,54
0.6069,0.7919,1.1126,latin,54
-0.4565,0.0425,-0.8585,rap,54
0.9058,1.1602,0.1559,rap,54
0.2745,1.2295,1.3047,rap,54
-0.4525,-0.2309,0.9959,latin,54
-0.1288,-0.3663,-0.8193,pop,54
1.4897,-1.4794,-2.7166,r&b,54
-0.4411,0.2299,-1.1217,rock,54
-0.7125,0.9728,-0.6254,rap,54
1.2622,0.15,-0.9132,rap,54
-0.0924,-1.2864,2.8588,latin,54
1.2842,0.7738,-0.4707,latin,54
1.5753,-1.5259,-0.7435,rock,54
0.8098,0.7501,0.2092,pop,54
0.964,0.9981,-0.7725,latin,54
1.8639,0.7101,-0.085,pop,54
-0.8349,-1.8288,0.2782,rap,54
0.7223,-1.3369,-0.6339,edm,54
1.3352,0.2267,-0.1893,latin,54
1.2874,0.7399,-0.4051,rap,54
1.108,0.8576,-0.1213,rock,54
0.3016,2.2704,0.0116,rap,54
0.6708,-0.7291,0.1076,pop,54
0.8416,0.6599,0.0385,rap,54
0.0529,0.8108,0.7032,latin,54
0.194,2.2257,0.2851,latin,54
-0.7136,1.2755,1.2529,rock,54
-1.2952,-0.8928,1.6532,rap,54
-1.188,0.0991,0.005,r&b,54
0.1908,0.6359,-1.5843,r&b,54
-2.5384,0.5951,0.2749,r&b,54
-1.1382,0.8539,0.2453,r&b,54
-4.1579,0.0255,-0.8706,r&b,54
-2.1242,2.0008,-0.2781,r&b,54
-0.5363,-0.1443,-0.0621,rock,54
1.6505,-2.1604,-0.9948,rock,54
1.6898,-0.7635,-0.0109,edm,54
0.4929,1.4441,1.5048,latin,54
1.8523,1.2768,0.3001,pop,54
0.2157,1.4996,-0.5738,rap,54
0.7439,-1.3107,1.2389,pop,54
-3.6651,0.2159,-0.6738,pop,54
-3.2052,-2.2639,-1.3869,rap,54
1.2016,-1.4717,-0.0632,rock,54
-1.6273,-1.534,1.5295,latin,54
0.3614,0.1787,1.2019,latin,54
0.1827,-3.438,-0.547,rock,54
1.8223,0.6483,-1.0033,edm,54
-1.4599,-0.3278,2.3741,r&b,54
-3.0119,-2.3223,-0.3761,r&b,54
1.3786,0.1361,-0.0583,pop,54
-0.2205,0.853,0.4694,latin,54
0.565,-2.7083,2.7521,pop,54
-1.4512,0.1304,0.0521,rap,54
1.9457,0.0969,-0.0706,rock,54
-1.5375,1.1462,0.0575,rap,54
0.5708,-2.5984,1.4236,edm,54
-3.0359,0.7249,-0.0111,r&b,54
-1.7196,0.1864,0.3024,r&b,54
1.0721,-1.5494,-0.1558,edm,54
0.7324,1.1377,1.069,latin,54
0.801,-0.3939,0.385,latin,54
1.4834,0.5498,-0.1561,latin,54
-1.6596,0.2791,-0.0155,r&b,54
1.6257,-1.3085,0.2492,rock,54
0.6253,-0.9114,0.0927,edm,54
2.7483,-1.6255,-1.8883,rock,54
-1.3082,1.0115,0.363,rap,54
1.4659,1.6305,0.5034,edm,54
-0.5484,1.9283,-0.6089,rap,54
-1.2382,-0.1847,1.9001,rap,54
-5.0619,-1.2468,-0.5945,r&b,54
-3.1195,-1.1475,0.0089,rock,54
-0.5217,0.3206,2.4166,edm,54
1.2954,1.2924,-0.9036,latin,54
-1.8516,1.6362,-0.3761,latin,54
0.8532,1.5488,1.1536,edm,54
-0.2744,0.1224,2.4222,edm,54
-2.231,-1.5038,1.1766,latin,54
-1.6791,0.4603,-0.2284,latin,54
1.6807,1.6611,-2.7791,rap,54
1.5435,0.0503,0.4107,rap,54
0.4061,2.1642,-0.3617,rap,54
-0.1189,0.8688,0.0964,rap,54
1.6824,-0.1701,-0.177,pop,54
2.1617,0.5632,-0.3612,latin,54
1.4612,-1.0628,-0.2816,rock,54
1.4125,-1.254,-0.2132,rock,54
-0.0706,0.3688,0.5822,pop,54
-0.1135,0.2251,0.028,rap,54
-0.9024,0.2522,-0.6703,rap,54
0.3962,0.876,-0.383,rap,54
-0.7134,0.8003,-0.1418,edm,54
2.104,1.4807,-0.7357,pop,54
-0.5146,-0.1952,0.2533,pop,54
-0.0517,2.3114,-0.7463,rap,54
-1.3215,0.8184,0.0276,latin,54
-0.2654,1.1082,0.435,rap,54
0.2522,1.1597,-3.012,rap,54
-0.3528,1.9168,-1.1367,rap,54
0.5862,2.4207,0.6637,latin,54
1.4168,-0.7941,-0.2825,rap,54
-0.491,0.8314,0.7925,latin,54
-2.2443,-0.3377,-1.2763,latin,54
-0.71,-0.1059,-0.5932,rap,54
1.0816,-1.7709,-0.3935,rock,54
1.3018,-0.3016,1.1178,edm,54
1.6003,-0.3684,0.3657,r&b,54
-0.011,1.2193,1.2296,latin,54
1.0001,-1.0519,-0.0669,rock,54
0.0994,-0.0448,-1.5192,rap,54
0.7632,0.8331,0.5983,rap,54
0.5623,-0.8308,0.3593,edm,54
-2.7731,-1.2765,-0.5784,pop,54
-2.6883,-2.4683,-0.2811,pop,54
0.6173,-0.401,-0.5521,rap,54
0.2916,1.4811,-1.3291,rap,54
0.6188,0.9801,1.2785,latin,54
-1.2783,1.7886,-0.714,latin,54
-3.3363,-0.7004,-0.3582,r&b,54
-0.0392,-1.648,-0.279,pop,54
0.5141,-0.1273,3.2775,rock,54
0.8713,-2.1624,-2.1689,pop,54
0.2824,1.0675,0.8421,rap,54
1.0022,0.8946,-0.5319,latin,54
1.3076,-1.0579,-0.7462,latin,54
0.0292,-1.1661,0.1675,rap,54
0.4147,2.1926,0.6694,rap,54
-4.9143,-1.0469,-0.5787,rock,54
0.2788,0.6391,-0.1325,rap,54
-0.4412,0.9963,1.3019,rock,54
-0.2756,0.803,-1.3871,rap,54
-0.5837,-0.338,0.8547,rock,54
0.6146,-1.5324,-0.9681,rock,54
0.1368,0.9418,0.8413,r&b,54
1.9087,0.233,-0.6461,edm,54
-3.7025,-1.5375,-0.7965,r&b,54
1.3748,-1.5342,-1.3033,rap,54
-0.3354,0.5131,-0.5585,latin,54
0.0006,1.4076,-0.4706,latin,54
-1.1702,-0.5055,2.9758,latin,54
-0.1454,1.195,0.0608,r&b,54
2.0071,-0.8605,-0.1566,rock,54
-1.2132,-0.2873,-0.1951,rock,54
1.0552,-1.2555,-0.222,rock,54
-2.3563,-1.3116,-1.4907,edm,54
-0.0051,-1.0446,-0.047,r&b,54
1.149,-0.1838,-0.2526,latin,54
-0.2036,0.4659,0.5535,pop,54
0.939,-1.7844,0.1026,rock,54
-1.1585,0.4553,0.4455,r&b,54
0.6746,2.0605,0.9418,latin,54
0.1453,1.3056,1.2815,latin,54
1.3187,0.1141,0.47,latin,54
-0.166,-0.8421,4.1519,pop,54
-2.7934,1.2996,0.0249,pop,54
0.5077,0.332,0.9797,pop,54
-1.8301,1.3826,1.097,latin,54
-0.4455,0.7062,1.8462,latin,54
-4.0514,-0.1545,0.7765,r&b,53
-3.1214,-1.1688,-0.1439,r&b,53
0.2207,-0.7641,-0.5054,edm,53
0.9132,0.1289,0.0255,edm,53
-0.3451,0.0732,0.0226,rock,53
0.4028,0.7826,0.9515,latin,53
-0.924,1.5478,-0.5852,pop,53
-0.623,1.33,1.3692,latin,53
-1.5854,1.7134,0.9123,r&b,53
2.3936,-1.3672,-1.1902,rock,53
1.8702,0.3917,0.4629,rock,53
0.9449,-0.8743,-0.1904,edm,53
0.4289,-0.6364,-0.7758,edm,53
-0.2375,-0.8602,-0.5598,edm,53
0.4754,0.4148,0.4031,latin,53
-2.0262,2.4891,-0.69,r&b,53
0.6181,0.0858,-0.1887,pop,53
1.2512,0.0482,-0.7335,edm,53
-1.0622,-0.9013,1.303,r&b,53
1.3203,-0.2918,-0.1625,pop,53
-3.8747,-3.5364,-1.8737,rap,53
-0.9588,0.7874,-0.8653,rap,53
1.659,1.3033,-0.9807,rap,53
-1.0739,-0.4914,0.1113,latin,53
0.7505,-2.4525,-1.4416,rap,53
-2.1096,-1.5591,1.0685,rock,53
-0.335,1.3034,1.188,r&b,53
-2.9708,-0.993,0.179,rock,53
-0.617,-0.5817,2.5314,r&b,53
1.2666,-0.5909,0.3394,rock,53
-4.0147,-1.0132,-0.4965,rock,53
-1.5438,-0.2402,-0.5029,latin,53
0.82,0.283,0.426,rock,53
0.9569,1.7389,-2.1527,rap,53
-0.1819,0.5704,1.1918,rock,53
0.2776,-2.2438,0.3319,rock,53
-1.9694,1.0061,-0.4468,latin,53
0.7167,-2.8855,0.3444,rock,53
-0.2916,0.2698,1.9054,r&b,53
-1.1154,0.0924,1.4303,rock,53
-6.2116,-1.5417,-1.2043,rock,53
1.096,1.1757,0.7763,r&b,53
-1.4925,2.8714,-0.3139,r&b,53
-0.74,-0.5795,-0.7029,rap,53
-1.6313,2.631,-0.2632,rap,53
1.7274,-0.2609,-0.9541,edm,53
1.8099,2.1334,0.1674,latin,53
0.175,0.7084,0.036,edm,53
1.7584,0.217,0.6723,edm,53
1.0468,0.4407,0.8378,pop,53
-2.886,-0.962,-0.9113,pop,53
-1.7843,1.0936,-0.3783,r&b,53
0.4717,-0.1685,0.5293,latin,53
-0.3976,0.1243,-0.0538,edm,53
-0.0568,1.2191,-0.657,rap,53
0.0369,0.773,-1.0771,pop,53
-1.567,1.8696,0.4935,rap,53
1.0719,-1.8027,-1.2233,latin,53
-1.4939,0.5816,1.3041,rock,53
0.3488,0.1033,0.6879,pop,53
-2.0122,1.787,1.1133,rap,53
0.2193,2.0392,0.6828,r&b,53
-1.1779,0.8252,1.2545,latin,53
0.1128,0.6086,0.6647,pop,53
1.689,-1.2424,0.1126,edm,53
-0.6733,1.5261,0.3875,rap,53
-0.8428,-2.6162,1.6832,rock,53
1.013,0.1854,0.6779,pop,53
-0.6334,0.0325,1.8052,pop,53
0.7362,-1.224,2.9626,edm,53
-0.266,-2.8281,-2.2883,r&b,53
1.4407,0.7349,-1.6271,rap,53
0.7842,0.5919,-1.4775,rap,53
0.668,1.2574,1.1005,rap,53
0.1209,0.8411,1.3035,rap,53
-0.6709,1.5609,0.6877,rap,53
-1.3454,-1.4275,-0.0547,rap,53
0.447,-1.2872,-2.4929,latin,53
-0.1759,-0.3436,0.5064,pop,53
0.844,2.1286,-0.0088,pop,53
1.4034,1.6117,1.0019,latin,53
-0.1363,1.6252,-0.112,r&b,53
-2.2042,-1.0284,-0.6545,rap,53
-2.0497,0.1977,-0.0114,edm,53
1.4079,1.045,0.8826,latin,53
1.2801,0.8948,0.8983,latin,53
1.4178,-1.4097,-0.7748,edm,53
1.0926,0.1671,0.4741,rock,53
0.6166,1.617,1.3063,latin,53
-2.0465,0.5701,-0.039,r&b,53
0.2879,0.9587,0.6102,r&b,53
1.6886,1.4958,0.8019,latin,53
-1.166,0.2527,1.1118,rap,53
0.5774,0.2099,-0.3173,rap,53
0.2379,1.0066,-0.3229,rap,53
0.2799,0.5395,-1.3391,latin,53
0.5688,-0.8443,0.0282,latin,53
-0.0016,1.1075,0.29,edm,53
-0.4792,-1.5278,3.0873,latin,53
-1.5318,0.8286,-1.5149,rap,53
-1.3236,-0.8025,2.2187,latin,53
-1.1212,0.4583,0.1622,pop,53
-0.8277,-0.6368,-0.428,pop,53
-2.4635,0.2996,0.1056,rap,53
-1.6394,1.3582,-0.7918,rap,53
1.3091,0.2624,0.2384,edm,53
0.0298,0.3698,-1.3614,rap,53
-0.9199,0.9643,-0.4505,rap,53
0.3552,1.6728,0.2608,rap,53
-0.845,1.7756,-0.3006,rap,53
-1.5599,1.6838,0.634,rap,53
1.4509,-1.2198,-0.0018,rap,53
1.4647,-1.7044,-1.0315,rock,53
-1.0401,-3.1073,1.3702,r&b,53
-0.2028,-3.6789,0.8326,r&b,53
0.6868,1.36,0.1813,edm,53
0.1689,1.0575,0.1021,latin,53
-0.7371,0.4264,1.0459,rap,53
1.1372,0.9291,1.5112,rap,53
0.263,2.1386,0.342,rap,53
-0.2971,0.8515,-1.0672,rap,53
0.4482,0.9723,-1.1265,rap,53
1.3694,-1.2963,-0.6019,edm,53
0.8324,-0.2823,-1.0601,pop,53
2.2977,0.2591,-1.1706,latin,53
-0.3928,-0.0012,0.265,rap,53
0.6724,-0.0138,-0.9781,rap,53
-0.1046,1.949,0.084,latin,53
0.2735,-0.013,0.9499,pop,53
0.1693,0.3405,-0.4689,rap,53
0.857,0.6086,0.1965,r&b,53
0.601,0.1167,-0.482,edm,53
0.5243,0.1005,0.3627,pop,53
-1.1323,-0.1764,0.0789,rap,53
-1.8119,1.5004,0.5256,rap,53
-4.1235,0.2872,0.4266,rock,53
1.4762,-0.5761,0.8611,edm,53
2.3601,-1.6924,-0.8904,rock,53
-0.2122,0.8973,0.2413,rap,53
-2.8167,-0.5819,-0.8374,pop,53
0.2745,0.7565,-1.7768,rap,53
0.4987,1.2611,0.9894,rap,53
0.2802,-1.43,-1.0456,pop,53
-1.15,-0.2983,0.5032,r&b,53
0.7373,-1.0055,0.8495,rock,53
1.6159,-0.0673,-0.4279,pop,53
0.4696,1.0223,-1.1045,latin,53
1.1872,0.6589,0.2164,pop,53
2.6565,-1.1656,-2.6513,rap,53
-0.5109,-0.6332,1.1956,r&b,53
0.2028,-0.423,0.5886,pop,53
1.6195,-0.569,-0.1417,edm,53
-3.0209,-0.0895,1.1472,pop,53
-2.2422,-0.2591,0.5241,pop,53
0.4363,0.5415,-0.3083,pop,53
0.7679,-0.676,0.16,pop,53
-1.2943,2.0941,0.4748,latin,53
0.3462,1.1359,-1.0075,latin,53
0.9759,-1.9645,-1.5905,edm,53
-2.1601,-2.9691,1.6622,pop,53
1.154,0.1659,-1.4144,rap,53
1.1302,-0.0408,-0.9229,rock,53
-0.634,1.5933,0.8368,latin,53
-3.9155,0.0237,-0.615,pop,53
1.667,-1.9884,-0.1805,rock,53
0.5604,-0.1003,-0.2557,pop,53
1.3102,0.057,0.1873,rap,53
1.4164,-1.8425,0.6785,edm,53
-0.128,-0.4681,0.1834,rock,53
1.2225,-1.7606,0.9486,rock,53
1.3279,3.2099,-0.857,rap,53
-0.9377,2.1653,-0.0399,rap,53
-0.5387,1.5037,-1.1637,rap,53
-0.6786,1.5236,-0.0459,pop,53
-1.7093,-0.7084,0.8479,rap,53
-3.1028,-0.5466,-0.7907,rap,53
-3.9478,-2.0247,-0.2676,rap,53
-2.3164,1.6835,0.5276,latin,53
-0.0962,0.1672,0.7878,rock,53
1.3538,0.5928,-0.2849,edm,53
-2.5155,-1.126,0.3722,rock,53
-1.7542,-1.1676,-0.7046,rock,53
1.1587,1.1358,1.3208,r&b,53
0.1707,0.1879,0.3773,pop,53
1.5594,-0.5568,-0.1233,rock,53
0.7908,0.5276,-0.7492,pop,53
-1.6559,-0.1954,1.0421,r&b,53
0.0007,1.9746,0.8439,latin,53
-2.0943,1.5288,0.8142,latin,53
-1.7985,2.3529,-0.595,rap,53
0.6526,-0.1486,0.4299,edm,53
0.3884,1.8364,0.9596,latin,53
0.4245,-1.1177,0.1187,edm,53
-0.386,0.7367,1.7244,latin,53
0.4235,-1.0044,0.7116,edm,53
-1.3773,1.7584,-3.2661,r&b,53
1.0556,0.0239,-0.347,pop,53
1.4249,1.1003,0.1472,pop,53
-2.2669,-0.9893,-1.7413,r&b,53
0.6572,0.4265,0.5963,r&b,53
1.3282,0.0559,-0.434,latin,53
-0.395,1.4552,1.1964,r&b,53
1.9407,0.0394,-0.8743,rock,53
0.7729,0.3747,-1.269,r&b,53
0.7147,1.0888,-1.0138,r&b,53
1.0565,1.0736,-0.6212,r&b,53
2.2239,-1.8688,1.2095,rap,53
0.3723,0.5017,-0.6833,rap,53
1.4758,0.3125,-0.4023,pop,53
1.6154,-0.0734,0.057,rock,53
0.5508,-0.6691,0.2664,latin,53
0.2445,1.6616,0.3019,latin,53
0.592,0.4639,0.6957,edm,53
0.4888,-0.1398,-1.7149,r&b,53
-0.1718,1.4105,-1.3863,rap,53
2.713,-1.8049,-1.6888,rock,53
0.5738,-1.0448,-0.8049,rap,53
0.5136,1.34,0.4399,latin,53
1.5613,-0.5824,-1.2367,rap,53
-1.3865,-0.3529,1.599,rap,53
0.4516,0.247,1.4582,pop,53
-2.439,0.1193,0.5694,r&b,53
0.2834,0.2528,0.9868,r&b,53
0.1897,1.0589,0.6713,latin,53
1.4111,-1.0898,0.2119,pop,53
0.2746,0.441,0.2898,edm,53
0.1944,0.4327,0.5084,edm,53
-1.5549,-0.0086,-2.0524,r&b,53
0.0068,1.9276,0.6663,r&b,53
1.5997,-1.2398,0.3116,rap,53
1.611,-1.3178,0.5469,rock,53
-0.734,-0.2306,-0.3232,r&b,53
0.7163,0.0381,0.0239,pop,53
0.8811,-1.0669,0.4852,edm,53
-1.5657,-0.1559,0.6644,r&b,53
-0.2499,0.934,-0.4663,latin,53
-0.1993,1.4125,1.2877,pop,53
-0.4367,-0.9704,-0.1918,pop,53
0.9812,1.1102,0.07,rap,53
-4.0153,-0.7213,-1.3493,r&b,53
2.4116,-0.1893,-1.1749,edm,53
-0.3374,2.2816,-0.8805,rap,53
-2.1113,1.6257,-0.9194,rap,53
-2.5524,-2.1679,-2.2079,r&b,53
-3.4135,-1.4679,-1.5056,r&b,53
0.648,-4.1312,-0.1579,rock,53
-1.859,-0.5267,1.243,r&b,53
1.915,-0.3444,-1.001,rap,53
-0.6341,-0.5421,-1.1999,rap,53
-3.5122,-1.9892,-0.9899,pop,53
2.0879,-0.7184,-2.6544,rock,53
1.116,-0.2733,0.2864,pop,53
1.048,-3.4903,2.8572,edm,53
0.6423,1.8331,2.3255,r&b,53
1.1375,0.332,-0.4773,r&b,53
0.6907,1.9899,1.0705,rap,53
0.1988,0.6111,0.0123,edm,53
0.2602,1.2729,0.8524,latin,53
-0.4806,-1.5959,2.8153,pop,53
0.0033,-1.1389,0.34,rap,53
0.7588,-1.6935,-0.4064,rap,53
0.5988,-1.0761,-1.0198,latin,53
0.0287,-0.3942,0.469,rock,53
0.92,0.5221,-0.8267,pop,53
1.4675,0.9593,-1.094,edm,53
-0.637,1.2199,-0.5316,r&b,53
-0.789,-1.031,-0.1758,pop,53
0.7898,0.5605,0.3926,rap,53
-0.5657,-0.277,1.1158,r&b,53
1.2505,-0.356,-0.182,rock,53
-0.0346,1.7566,0.4298,latin,53
1.209,1.1636,1.0909,pop,53
-1.6568,0.4561,-0.0459,edm,53
-0.3211,1.4474,0.422,rap,53
-0.7229,-0.7399,0.4958,rap,53
-2.1571,-1.1716,-0.1398,rock,53
-1.5629,-0.6436,-1.1082,rock,53
-2.1138,2.1381,-0.9284,rap,53
-1.9899,0.5452,-0.8299,rap,53
-2.8265,0.5775,-0.7324,r&b,53
0.2951,-1.1912,0.8992,edm,53
-2.2879,-0.0425,-0.6122,edm,53
1.1921,0.4994,-1.3357,rap,53
-4.048,0.229,-1.6579,r&b,53
-0.1545,1.8408,-1.1366,rap,53
-0.1688,0.0866,-0.2649,latin,53
1.8671,0.8152,-0.1751,pop,53
0.7171,0.6879,-0.2232,latin,53
0.8513,1.1035,-0.5399,latin,53
-1.0182,1.0555,0.5915,latin,53
1.3364,0.7001,0.4902,edm,53
0.3524,0.7193,1.2179,pop,53
-0.0997,-0.3672,0.215,pop,53
1.037,0.8198,1.2307,latin,53
0.1003,0.1938,0.2305,rap,53
0.8148,-1.257,-0.6354,rock,53
-0.0413,1.2176,0.7177,rap,53
-0.2482,-0.1252,0.0336,rock,53
1.246,-2.7127,-1.7613,rock,53
0.1854,-1.3941,-0.6763,rock,53
1.4218,-1.2375,-0.4966,pop,53
1.7055,0.4255,-1.0899,latin,53
1.9662,0.1918,-0.2191,rock,53
1.6644,-1.384,0.2897,rock,53
1.1625,0.3892,-0.4863,rock,53
-4.5908,-0.72,0.4174,rap,53
-0.1887,-0.1055,0.1587,r&b,53
-0.7598,0.9981,0.657,r&b,53
-1.4387,0.6334,2.6648,edm,53
0.1676,-0.1805,3.4101,edm,53
0.289,-1.0012,2.9692,edm,53
0.0362,-1.0114,-0.122,pop,53
-0.9564,0.9993,-0.4195,rap,53
-0.108,-1.3501,-0.1502,edm,53
1.8193,-0.0077,0.4609,rock,53
0.1117,0.1264,-1.5562,r&b,53
1.5036,-0.1175,0.1403,rock,53
1.1368,1.0324,1.2002,latin,53
-1.0483,0.4077,1.0656,r&b,53
-0.644,-0.0386,-0.4727,rap,53
0.0099,0.5129,-0.0286,pop,53
-3.4463,-0.7387,0.2993,rap,53
0.3099,-0.5863,0.7057,rock,53
0.7438,0.6754,-0.0831,edm,53
1.1303,-1.2958,-1.2297,edm,53
-1.8689,-1.4157,-0.3299,r&b,53
-1.9873,-2.7506,0.1105,pop,53
-1.5156,-2.4476,-0.6951,rock,53
-0.6887,-1.9636,0.4811,rock,53
-0.5736,1.5002,0.5012,latin,53
-0.3385,-0.5924,0.6209,rock,53
0.8994,-2.8796,0.2632,edm,53
-1.3217,-0.3777,0.1516,rap,53
0.8566,1.5361,-2.6588,rap,53
1.4865,0.501,-0.7542,edm,53
0.7992,-0.5325,-0.6539,latin,53
-4.0803,-2.0496,-2.0214,rock,53
0.9948,1.423,-0.9704,rap,53
-2.9842,-1.0543,-0.8678,r&b,53
-0.2034,0.5944,0.4387,r&b,53
-1.265,0.5786,-0.184,latin,53
-0.3565,0.3185,-1.6128,rap,53
0.3563,-0.3312,-0.7881,edm,53
-0.0513,-0.0846,-0.8709,rap,53
-1.9727,-1.2882,2.4371,rock,53
-3.0614,-1.0466,-1.0894,r&b,53
1.3451,0.6661,-0.496,rap,53
-0.4497,-0.0978,-1.1231,r&b,53
0.7193,0.6664,-1.1596,rap,53
2.1444,1.0288,-0.5714,edm,53
1.2652,-0.3859,-0.1567,pop,53
1.9238,0.0309,1.1455,edm,53
-0.0659,1.3233,0.1115,pop,53
0.922,0.7678,0.9313,r&b,53
-0.6262,0.3277,1.0776,r&b,53
-2.4708,0.4502,0.7954,r&b,53
1.8436,-2.2499,-1.4454,edm,53
0.0856,0.063,-0.507,r&b,53
2.5204,0.0233,-1.1777,edm,53
0.1941,1.4534,0.1131,rap,53
-1.8335,0.8975,1.0963,rock,53
-0.3267,-0.4745,1.8177,pop,53
0.4916,0.8838,-0.2723,rap,53
2.4038,-0.685,-2.0281,rock,53
1.9536,-0.7717,-0.7791,rock,53
-0.3914,-1.7879,-1.371,r&b,53
-1.772,0.5585,-0.0239,edm,53
0.4804,1.055,0.1733,edm,53
0.0869,-0.341,-0.0425,pop,53
-2.3247,-0.6962,-0.7692,pop,53
0.7897,-0.0708,0.1222,r&b,53
1.2457,-1.3897,1.1935,pop,53
-1.803,0.6196,0.3882,latin,53
-5.5999,-0.5899,-0.6228,rap,53
-2.6486,-0.2058,-1.17,rap,53
-3.7082,0.6987,0.1862,r&b,53
2.0481,-2.4606,-2.2682,edm,53
-4.5043,-0.2962,-0.2459,rap,53
-0.5231,0.1651,-0.2643,r&b,53
0.8263,1.2193,1.7645,r&b,53
0.0735,1.8139,-1.0124,rap,53
0.0571,2.0288,-2.2265,r&b,53
-1.1031,0.0598,-0.2468,r&b,53
-0.5676,-0.9564,0.8848,r&b,53
-2.4599,-0.6027,1.5189,r&b,53
-0.3358,0.6216,0.4965,rock,53
1.1834,-0.8035,-0.6275,edm,53
0.535,0.1958,-0.0734,rap,53
1.1731,-0.1564,-3.205,latin,53
1.7865,0.1194,-0.0819,pop,53
-0.2938,0.145,-0.6291,rap,53
-4.5786,-3.2767,0.105,rap,53
1.1075,-0.4221,1.6782,edm,53
-0.1754,-1.3804,-0.6588,pop,53
-0.1854,-0.4579,0.7572,pop,53
1.0183,-2.7876,0.2519,rock,53
-1.3483,-1.202,-0.7145,rap,53
0.9091,1.7792,1.0369,rap,53
-2.3766,0.7105,0.5781,r&b,53
-2.21,-0.5041,0.51,r&b,53
0.428,-0.9986,-1.4617,pop,53
1.4193,-0.7463,2.2253,edm,53
-0.5193,0.0398,1.4045,latin,53
0.6872,-0.5565,1.2645,rock,53
0.9616,0.2542,-1.6989,latin,53
0.515,-2.1694,-0.4607,rock,53
-1.8553,-0.4436,0.1724,latin,53
1.6074,-0.8631,-0.1649,latin,53
-0.9811,-0.5681,-0.9019,rap,53
-1.4663,1.9273,-0.2653,rock,53
0.356,0.477,-1.105,rap,52
1.7478,-1.2946,-0.4686,rock,52
0.465,1.0299,0.7811,pop,52
-0.3221,0.3834,-0.25,latin,52
1.2073,-0.4375,-0.4672,pop,52
1.0533,-1.161,-1.1774,edm,52
0.2661,-0.129,0.4582,r&b,52
0.8717,-2.9166,2.0877,edm,52
-0.8432,-1.1838,0.408,rock,52
-7.3117,-1.5778,0.1787,rap,52
-0.689,-0.0179,-0.3906,rap,52
-0.381,-1.9958,2.3276,latin,52
1.1354,-0.1014,-1.0261,edm,52
1.628,-0.201,-1.1568,latin,52
1.4356,-1.522,-1.2618,edm,52
-2.4478,1.9852,-0.8597,r&b,52
1.5976,-1.0364,-1.1276,rock,52
1.0632,2.7477,0.6654,rap,52
1.8704,0.1058,-0.3487,edm,52
1.2587,0.1081,0.1789,rap,52
0.6571,2.2652,0.0507,latin,52
1.0139,0.5904,1.1255,pop,52
0.5596,1.1728,0.3258,r&b,52
1.3276,-1.0518,-0.683,edm,52
1.0333,0.7067,0.3967,r&b,52
-6.5951,0.1202,0.5824,rap,52
-0.5952,-1.0137,2.0122,rock,52
2.013,-0.2011,0.6942,rock,52
1.7491,0.7207,0.8011,pop,52
0.3767,-0.7643,-1.1054,edm,52
0.3364,1.6966,-0.3302,rap,52
1.8933,-1.0119,-0.4055,pop,52
-3.8401,-2.1405,0.2139,rap,52
-4.1009,-2.023,0.1234,rap,52
0.8967,1.1396,0.0768,latin,52
0.8031,-0.552,-0.2247,pop,52
0.1539,0.2778,1.3823,edm,52
0.7235,-1.3571,-0.7557,edm,52
0.6411,0.0926,-0.9658,latin,52
-1.1046,0.6237,-0.2306,latin,52
0.5979,-0.5505,-0.4874,edm,52
0.2599,1.5171,0.6101,pop,52
-1.1919,-0.7402,1.3802,rock,52
1.0767,-1.0288,1.2685,rock,52
-0.6096,1.5712,-0.0394,latin,52
0.0158,-0.3957,2.6691,edm,52
0.0747,0.0414,-1.8996,rap,52
-0.0025,1.4148,-1.2849,rap,52
1.5858,-0.4029,3.0151,edm,52
-1.5357,-1.7424,-0.3718,edm,52
0.579,-0.1173,-0.2951,rock,52
2.7124,-0.1676,-0.3885,edm,52
1.2172,-0.7373,1.3835,rock,52
1.9592,0.2941,0.3744,edm,52
-2.3825,1.2986,-0.5079,rap,52
0.3471,-0.0935,-1.6413,pop,52
0.551,1.0773,0.5873,pop,52
-2.3599,-0.1158,-1.6872,rap,52
-0.2302,1.0218,1.131,r&b,52
1.283,-3.3445,1.3352,rock,52
-0.2447,2.0542,-0.472,r&b,52
-3.1649,-0.102,-0.2043,r&b,52
1.361,-1.1646,0.1053,rock,52
1.0657,0.2559,0.3791,edm,52
1.0911,0.7418,-0.8627,r&b,52
1.5939,0.9523,0.1451,pop,52
0.179,0.1149,-0.3178,latin,52
0.4668,1.2327,0.5686,latin,52
-2.8754,0.859,0.7809,rap,52
-3.9654,1.0796,1.6658,rap,52
0.8644,-1.2431,-0.0097,rock,52
0.3503,-2.2019,1.1426,rock,52
1.2407,0.3188,0.5898,pop,52
1.9607,-1.3004,0.8122,rap,52
2.1558,0.2575,0.0669,rock,52
0.1642,-0.0819,0.075,rock,52
1.285,-1.7623,-1.2443,rock,52
0.7363,0.0521,2.1422,rock,52
-3.6216,0.7474,-0.3497,rap,52
0.261,0.43,-2.0015,pop,52
1.6162,0.3133,-1.3307,rap,52
1.1425,-2.9943,0.0644,rap,52
0.7465,1.4791,1.2479,latin,52
0.2523,1.0274,-0.4155,latin,52
-4.0301,-0.0016,0.932,rap,52
-0.1646,1.1314,0.6204,rock,52
-0.5027,-1.7435,1.0152,rock,52
1.7943,0.8104,-3.1056,r&b,52
-1.0635,1.262,-1.3374,rap,52
-2.1222,-1.9747,-1.8164,latin,52
1.0685,-0.0768,0.0321,rap,52
0.6807,-0.8373,0.3497,rap,52
-1.274,-0.2039,-1.2371,r&b,52
0.9459,1.9797,-1.2724,r&b,52
0.9603,0.9826,0.6003,latin,52
1.6494,0.9868,0.2828,rap,52
-1.1135,0.5454,-0.7034,rap,52
-2.0035,-0.1597,-1.0308,rap,52
-3.016,-1.6141,-0.3461,rap,52
-2.1825,0.0919,0.9485,rock,52
-1.7263,1.3242,0.6937,rap,52
-3.0504,-2.0069,0.3472,rock,52
0.8328,0.4895,0.7889,edm,52
1.0284,0.9556,0.0952,r&b,52
-1.0537,0.1087,0.9693,rock,52
-0.4446,0.3533,0.0071,r&b,52
-1.1838,0.6772,0.7123,rock,52
1.5558,-1.3036,0.9271,rap,52
-0.4304,-2.4321,-1.1381,rap,52
-0.6548,-0.846,-0.1444,pop,52
-0.9234,-0.6731,1.4927,pop,52
-2.1877,-1.3121,2.0631,pop,52
0.9458,-1.3677,-0.4464,rock,52
1.7679,-1.3942,-1.1375,pop,52
-5.2423,0.1386,0.8389,rap,52
-3.9801,2.1609,-2.1223,rap,52
-0.178,-0.5533,0.1908,pop,52
-0.3999,1.5336,0.4887,r&b,52
0.2807,1.4895,0.2091,r&b,52
0.0605,-0.3355,1.0673,rap,52
1.1664,-1.4804,-1.6815,pop,52
-0.418,-0.9495,-0.1459,rock,52
0.0498,2.0095,0.7188,rap,52
0.9025,-1.7745,-0.1929,rock,52
1.789,0.2362,0.8276,rock,52
0.8048,-0.4106,2.3703,edm,52
-2.3905,-2.0525,-0.0843,rap,52
-2.1483,0.0887,-2.2164,rap,52
-3.9994,-1.3599,-0.4369,rap,52
-3.577,0.7533,-1.0859,rap,52
-2.4036,0.5896,1.1685,rap,52
0.6895,0.1947,-0.4819,rap,52
-0.7475,0.3772,-0.9837,rap,52
-3.2763,-1.2928,1.1767,pop,52
1.5726,-1.1657,1.6934,edm,52
0.4014,1.3294,-0.3619,pop,52
0.0783,-0.0115,-0.2483,rap,52
-4.9793,0.9995,-1.0467,rap,52
0.1338,-0.2166,0.976,r&b,52
-0.9983,-0.6772,-0.8377,r&b,52
0.5483,1.2873,-1.237,rap,52
-2.9006,-1.1479,-0.0252,rap,52
1.9551,-1.4556,-1.1131,edm,52
0.2182,-2.461,2.0263,r&b,52
-1.9362,-2.0664,-0.9472,rock,52
-0.5897,-0.9919,0.2765,rock,52
-2.2192,-1.4668,-0.9785,r&b,52
-1.8468,-0.7387,-0.6955,r&b,52
1.2113,0.5193,-0.2256,rap,52
1.8572,0.2005,0.1975,latin,52
-2.4121,1.9748,0.228,rap,52
0.2752,0.8251,-0.2498,r&b,52
0.8709,1.2862,1.4272,latin,52
1.2468,0.6455,0.374,pop,52
-0.031,1.123,-0.0039,rap,52
0.6928,-0.2984,0.0275,edm,52
-1.4716,-1.4898,0.7564,rap,52
2.2164,1.108,0.5714,edm,52
-0.4968,1.5842,0.793,latin,52
-0.2314,-0.1843,-2.3026,rap,52
-1.5395,1.2581,0.2561,r&b,52
-0.8864,1.7506,0.6424,rap,52
0.779,1.1411,-1.0911,rap,52
-0.375,0.3583,0.0274,rap,52
1.0883,0.3397,-0.0794,rap,52
-3.3976,-2.426,-0.0993,r&b,52
-0.5603,0.0969,0.1603,rap,52
-2.2585,-1.2454,-0.5678,pop,52
1.8664,0.7378,-0.0727,pop,52
1.1641,-0.9519,0.6785,r&b,52
-0.1815,1.1117,0.1925,rap,52
-3.2401,-0.4928,0.3749,latin,52
0.2286,0.0648,1.415,rap,52
-2.5317,-0.5115,-0.6613,r&b,52
2.1273,-0.3997,-1.2188,r&b,52
0.0828,-1.3352,-0.8173,edm,52
1.6502,-1.1147,-0.5685,edm,52
-2.0723,2.5842,-2.9502,rap,52
0.1401,-2.6169,-1.139,rock,52
-0.478,0.8654,0.5525,latin,52
-2.1447,0.3507,-1.3543,pop,52
1.8669,1.2749,0.0745,pop,52
-0.047,1.6676,0.0059,rap,52
-1.7761,-0.3522,1.0142,r&b,52
-3.5749,1.151,-0.2742,latin,52
2.0096,-2.3354,-0.687,rock,52
-2.2518,-1.3426,-1.1791,r&b,52
1.4102,1.4963,0.7646,pop,52
-0.0274,0.5775,0.6997,rap,52
1.6879,-1.4311,-0.0498,rock,52
-0.214,0.7232,0.2794,rap,52
0.5296,1.7205,0.8359,rap,52
-1.9659,1.5518,1.1538,rap,52
-1.7029,2.2673,0.9386,rap,52
1.5134,1.2013,-0.5992,rap,52
-0.3,1.4503,0.0504,rap,52
-2.2782,-2.2504,-1.6703,r&b,52
-0.4269,-0.7149,-0.9158,rap,52
0.4287,2.708,0.1932,rap,52
-0.1577,1.5931,-0.7144,rap,52
0.8284,-0.2508,-0.2541,pop,52
0.5347,-0.4159,0.0385,edm,52
0.0966,0.7659,0.7692,r&b,52
1.0167,-0.9136,0.2145,edm,52
0.4132,0.0725,0.2253,latin,52
0.5238,-0.6828,-0.0539,edm,52
1.204,0.6195,0.2058,edm,52
-0.6904,0.7158,1.5323,latin,52
1.22,-1.5315,0.3066,rock,52
-0.2473,-0.3696,-0.023,rock,52
2.5118,0.2438,-1.1528,pop,52
-2.2585,-0.1789,0.5275,latin,52
0.7042,0.4094,-1.3508,rap,52
1.6111,0.8593,-0.625,edm,52
0.9391,0.969,0.1854,rap,52
-1.7253,-2.4164,-2.0496,latin,52
0.6263,0.1364,-1.2808,rap,52
-0.6139,1.2355,-1.0966,rap,52
0.7461,0.5748,-0.2543,rap,52
0.3891,-0.022,0.325,pop,52
-2.9002,-1.4191,1.4727,rock,52
-2.2742,0.8222,0.1614,latin,52
1.0835,-0.8462,0.5302,rap,52
-0.1304,-0.8212,-0.3414,rap,52
-1.23,-0.3271,0.006,latin,52
-0.699,0.6389,0.3304,latin,52
-2.1191,-2.9845,-2.1989,pop,52
-3.4517,-0.8092,-1.3608,pop,52
1.1922,-0.1583,0.309,latin,52
0.3597,2.6306,-0.1011,r&b,52
2.1059,-1.12,-1.8033,r&b,52
-0.6698,1.1195,1.0274,rock,52
-0.2582,0.9854,-1.6539,rap,52
-0.0066,0.61,0.528,latin,52
2.3771,-1.7745,-1.5543,rock,52
0.7799,0.1487,2.0526,latin,52
0.1644,0.3329,0.6923,pop,52
0.1086,1.7523,-0.2766,latin,52
-0.2125,0.08,-0.0847,r&b,52
0.7247,-0.8083,-0.154,rap,52
0.6472,1.033,0.9362,pop,52
-3.0767,0.8676,-1.4507,r&b,52
-0.7247,-1.7703,-2.4727,latin,52
0.1257,-0.3252,0.0359,latin,52
1.2502,-0.609,-1.1999,pop,52
-1.41,-0.3334,0.9641,r&b,52
-1.0097,0.8392,-0.0436,pop,52
0.0121,0.0841,0.8501,r&b,52
-1.6055,-0.9,-0.9625,r&b,52
0.9544,0.2081,0.3741,pop,52
-0.5388,-1.3834,0.1135,pop,52
1.8368,0.1474,-0.2871,r&b,52
-0.9702,-1.8352,-0.943,rock,52
0.5715,1.7309,-0.3068,latin,52
0.9381,-0.3765,-0.3427,latin,52
-0.9866,2.2387,0.7887,rap,52
-0.3491,1.1974,0.7174,r&b,52
-1.586,0.168,0.6106,r&b,52
0.2055,2.0351,-1.3626,rap,52
1.0598,-1.0711,-0.7283,edm,52
-0.1723,1.2829,0.2452,rock,52
-1.39,0.9913,1.9023,r&b,52
0.8886,0.0614,-0.734,edm,52
1.5242,-2.1437,-1.1837,rock,52
1.5154,-2.5292,-0.1823,edm,52
-2.445,-0.7172,1.334,latin,52
1.0498,0.7106,0.5075,latin,52
0.8891,1.4867,0.2176,edm,52
1.0097,0.2017,-0.2565,rock,52
-1.5113,-0.3059,0.12,rock,52
0.8785,0.4651,-0.2193,r&b,52
1.5799,0.8577,0.4576,latin,52
1.0536,0.7347,2.0478,pop,52
0.1044,-0.1192,0.756,r&b,52
1.0099,-0.2512,-0.1211,rock,52
1.8188,-0.1936,0.5795,pop,52
-3.9778,-0.6347,0.217,r&b,52
0.1798,-2.3307,2.6867,edm,52
-1.712,0.4555,-2.2903,rap,52
1.4975,2.2965,-0.3777,rap,52
-1.0391,-0.8321,2.0113,latin,52
0.8659,-1.5171,-0.2056,rock,52
2.0305,0.5794,-0.6698,latin,52
-3.2059,1.2017,0.9003,rap,52
-1.8564,-0.811,-1.6006,r&b,52
-0.7288,1.7328,1.1077,latin,52
1.381,0.0407,-0.8542,pop,52
-0.357,1.0329,0.6018,latin,52
0.757,1.3251,0.413,latin,52
0.0155,-0.7044,0.0126,latin,52
-1.46,-1.4924,2.1861,edm,52
-1.5308,-0.8837,0.2033,edm,52
1.9964,-0.7523,-1.2549,rock,52
-1.1114,1.8496,1.2918,rap,52
0.3878,0.491,0.0097,rap,52
0.0664,0.0005,0.045,pop,52
-0.6547,-0.1765,1.7041,r&b,52
0.6588,1.3556,0.1809,latin,52
-0.5312,-0.2712,-0.1832,r&b,52
2.2988,-0.5264,-1.49,pop,52
0.2903,-0.6275,-0.1293,rock,52
1.0072,-0.8998,1.167,edm,52
0.0535,-0.043,0.633,rock,52
-0.6794,0.6178,-0.2171,latin,52
-0.9953,3.8626,-3.5778,rap,52
-1.8553,0.9625,-1.3855,rap,52
0.7497,-0.2658,0.7947,rock,52
1.041,-0.5788,0.2218,rock,52
-0.9648,1.2382,1.138,r&b,52
0.4029,0.0383,-0.2984,rock,52
1.2484,-1.8027,-0.4025,rock,52
1.6788,-0.6996,-0.7611,edm,52
-2.1177,-1.509,-1.468,rap,52
-1.187,-0.3484,0.8435,rock,52
-1.0732,-1.7253,1.0508,rock,52
-1.9069,0.1074,1.1775,r&b,52
-1.3797,0.3548,0.4824,r&b,52
1.8329,-0.5343,-0.2289,r&b,52
0.8865,-0.4573,-0.0211,edm,52
-0.5093,0.9562,-0.9626,rap,52
-0.0355,2.8538,0.5608,rap,52
-3.377,-4.4871,-2.8242,pop,52
-2.1214,-0.2395,-0.4952,edm,52
0.0801,1.2191,-0.2559,rap,52
0.3822,-0.5719,2.3436,latin,52
1.0844,-2.2242,-0.5784,rock,52
1.2792,1.3167,0.2816,latin,52
-1.9807,1.3617,0.4387,r&b,52
-0.181,1.6245,0.6731,rap,52
1.0069,2.5566,0.4981,rap,52
-1.1885,-0.7683,-0.3793,r&b,52
-2.7284,1.3645,-0.1346,pop,52
0.0271,0.1192,-1.0416,rap,52
2.1953,0.4214,-0.3057,edm,52
2.21,0.39,0.024,edm,52
-0.2058,0.4046,1.6784,rap,52
0.7377,-0.0558,0.3495,latin,52
-0.7718,0.4401,1.0789,r&b,52
-0.2061,-1.6715,-0.8234,edm,52
1.2108,0.3434,0.0737,rap,52
0.779,1.9782,0.5861,rap,52
-0.2068,1.7671,-2.0686,rap,52
0.4011,0.9744,-0.3414,rap,52
-0.03,0.0331,-0.0514,edm,52
-0.7364,1.7409,-0.4151,pop,52
-0.6578,1.4888,0.0991,rap,52
1.3147,0.9822,-0.814,rap,52
1.3626,-0.4128,-0.6412,latin,52
-1.3977,-0.5156,-0.3387,edm,52
-3.5277,-0.8303,-0.8873,r&b,52
0.1176,0.7104,0.2904,pop,52
-0.1583,0.9102,0.2356,edm,52
0.8468,0.5682,0.4271,edm,52
-2.0373,0.8366,-0.4639,edm,52
-0.4598,0.6003,0.7855,edm,52
-1.1415,0.5423,-1.1164,pop,52
-0.0686,1.763,0.5448,pop,52
-0.0348,-0.1934,-0.0936,rap,52
-0.7536,0.5739,-0.1848,r&b,52
-0.0905,-1.6088,-0.8255,r&b,52
-0.5527,-0.8941,-0.8105,latin,52
-0.7574,1.2828,0.6044,latin,52
1.2541,2.4883,1.6073,rap,52
-0.8302,0.7691,0.2559,pop,52
0.0396,0.5338,0.4921,rock,52
-0.5127,0.6715,0.1566,pop,52
1.7548,-1.2262,1.1847,edm,52
2.6205,-1.974,-1.4727,pop,52
1.0824,-0.0329,-1.2917,rap,52
1.9398,-0.0825,-0.3526,pop,52
1.2139,-2.4975,0.5598,edm,52
-1.16,-0.188,0.3289,r&b,52
0.8105,-0.0998,-0.3898,edm,52
0.3636,1.6411,-0.2405,latin,52
-1.396,-1.949,1.2908,edm,52
-3.7186,-0.0474,-0.0766,pop,52
-1.5363,-1.1913,-0.3827,pop,52
-1.1919,0.1498,-0.4236,r&b,52
-0.554,-0.2594,2.7888,pop,52
1.8583,-2.6015,-1.1331,edm,52
-0.9349,1.8018,-1.1019,rap,52
0.826,1.1306,1.0552,rock,52
-0.1764,0.5731,0.232,rock,52
-1.4543,1.0636,0.9124,r&b,52
-1.9078,1.4693,-1.4115,r&b,52
-7.6694,-5.8191,0.3038,latin,52
-1.6534,-1.9415,1.687,edm,52
2.2524,0.8361,-0.4166,edm,52
-2.433,-0.3994,-0.5554,latin,52
-4.2343,0.651,0.4806,latin,52
-2.0231,-1.1171,0.8013,r&b,52
0.3841,1.7329,0.1356,rap,52
1.598,-0.4686,0.8107,edm,52
0.3828,1.0584,1.0428,latin,52
-1.417,-0.765,1.2808,pop,52
-2.5554,-2.3338,-1.7186,r&b,52
1.3387,-2.6445,-2.2176,rock,52
1.0651,-1.0077,-0.0262,rock,52
1.2381,-2.0915,-0.1378,edm,52
2.2236,-2.0188,-1.2164,rock,52
0.7799,1.5188,2.0191,r&b,52
1.5253,-1.0388,-0.6022,r&b,52
-1.7474,-5.3765,-2.064,latin,52
-3.8099,2.9128,-3.3851,latin,52
-1.2694,-1.9746,-1.0675,r&b,52
-2.3163,1.3774,-2.4703,rap,52
1.2394,0.7157,1.4013,r&b,52
0.5702,0.6814,0.2919,edm,52
-3.2099,0.7272,1.9249,r&b,52
0.5817,-1.1686,-0.6519,pop,52
0.8604,1.6701,0.6379,latin,52
-0.2389,0.8792,-1.5131,latin,52
0.5475,-0.0697,0.237,pop,52
1.7372,-0.6131,-1.4905,edm,52
1.0064,-0.1446,0.2253,latin,52
0.3544,2.2974,0.8582,rap,52
0.7856,-1.4663,0.2506,rap,52
-2.4692,-0.2145,-0.3377,latin,52
-0.8437,1.6664,0.4283,r&b,52
-0.1311,0.3268,-0.4875,r&b,52
-1.2621,0.4509,1.5772,pop,52
-0.9124,-2.2174,0.1489,latin,52
-5.2295,-0.8914,0.7659,rap,52
-1.9287,-0.1179,1.3083,rap,52
-5.708,-2.456,-0.379,rap,52
1.2742,0.5114,0.7962,latin,52
0.5569,0.9269,0.4178,pop,52
0.0134,0.4576,0.5793,pop,52
-1.3247,1.0204,-0.4501,pop,52
0.0372,-2.3552,1.6065,edm,52
-0.3619,3.0468,-2.2462,rap,52
0.2238,0.1016,1.2321,r&b,52
-0.4703,1.3237,-0.6848,rap,52
-1.5121,0.2637,-0.5502,r&b,52
0.8455,0.1657,-0.0546,latin,51
1.2033,-0.9249,0.0106,edm,51
0.5006,0.2445,-0.4582,pop,51
-3.9627,0.5631,0.0502,latin,51
-2.4621,-0.5527,0.3763,r&b,51
0.1009,-0.1945,0.4072,r&b,51
-1.93,-1.3244,-0.4109,r&b,51
0.5701,0.7946,-0.1316,latin,51
1.2654,-0.2563,0.3005,edm,51
-0.5748,1.994,-0.4934,latin,51
-0.2308,0.384,-1.5083,latin,51
1.8579,-1.6843,-0.9748,rock,51
2.1354,0.4396,-0.8298,edm,51
-2.5609,-1.7861,-1.6359,rap,51
0.1016,-0.0255,0.8803,rap,51
-2.9254,-1.9922,0.4618,latin,51
-4.188,0.6808,-2.1427,latin,51
-1.4057,-0.4167,0.1344,latin,51
0.5754,1.3548,0.0147,latin,51
0.0126,0.2907,0.3695,latin,51
-0.2318,-1.3342,1.2626,edm,51
0.8901,0.0517,-0.194,latin,51
0.3029,0.4825,-0.0882,rap,51
0.1111,0.7431,-0.8108,r&b,51
0.6889,0.3661,0.0917,latin,51
-0.1084,1.7964,-0.9188,rap,51
-1.9913,1.0159,-1.8846,latin,51
-9.9586,-4.2871,-0.6718,latin,51
0.6486,0.2177,-0.0818,pop,51
-2.2805,0.06,-1.8714,r&b,51
-3.5725,0.6214,-0.7122,r&b,51
-0.3135,0.8073,0.1249,rap,51
-3.0075,-0.2851,-0.3883,r&b,51
-1.3313,2.0908,0.1683,latin,51
0.3463,1.2054,-0.1179,pop,51
-0.0579,0.9445,-0.2996,rap,51
0.497,1.2542,0.111,rap,51
0.9351,1.1102,0.6297,latin,51
-0.1901,0.3554,0.4362,rap,51
1.5151,1.3485,-1.9172,rap,51
-0.2759,-0.5042,-0.2999,rap,51
1.5371,-1.3154,-1.1188,pop,51
-1.3482,1.8902,-2.0627,rap,51
0.5428,0.7756,-0.0361,rap,51
0.8749,0.1039,0.1338,latin,51
1.1511,-1.2075,-0.8356,latin,51
-0.8913,2.0316,-0.4276,rap,51
-0.6151,-1.5658,0.2025,latin,51
-2.8701,-1.519,0.9239,latin,51
-0.4304,0.2068,0.1176,latin,51
1.6675,0.0698,0.5555,edm,51
1.1536,0.9655,0.3473,latin,51
-0.8363,0.712,1.0642,latin,51
0.2077,-0.8908,-1.7394,r&b,51
-1.2986,1.7961,-0.0609,rap,51
2.3634,0.1234,-1.3281,rap,51
-0.8285,-0.4961,-0.6332,pop,51
-1.0999,-0.2019,1.9354,latin,51
-0.0178,-0.0849,-0.0797,r&b,51
0.3468,0.4149,-0.1731,latin,51
1.183,-1.2527,0.1068,edm,51
0.135,-1.3073,-1.1421,rap,51
0.3202,-0.2119,-0.4158,latin,51
-0.4919,-0.4357,0.2458,rap,51
1.4029,-1.9461,-1.3608,rap,51
0.2869,0.8937,-0.0073,latin,51
-0.3888,1.2226,-0.3399,latin,51
0.55,-1.9682,-0.6441,pop,51
-3.1006,-2.1416,1.7753,edm,51
2.122,-1.6431,-0.9834,edm,51
1.049,0.6849,-0.3201,edm,51
-0.0607,-0.1527,0.0573,rap,51
0.543,-2.2299,-2.5019,rap,51
-0.7572,-0.2879,-0.7302,edm,51
-2.6817,0.2029,0.288,latin,51
0.6563,-0.534,-0.7832,latin,51
-0.352,1.208,1.21,latin,51
0.6535,1.1123,0.5152,latin,51
0.7766,2.0263,0.5995,latin,51
0.0573,0.3822,0.6586,edm,51
0.0145,0.9412,0.142,rap,51
-1.3536,-1.5437,1.7591,edm,51
0.2633,-0.7161,0.1362,latin,51
0.8537,0.3768,0.3672,rap,51
0.5947,-1.5496,0.9346,rap,51
1.2665,-1.4856,-0.5961,edm,51
0.2635,-0.3939,0.703,r&b,51
-0.8925,1.3994,-1.8183,r&b,51
1.0782,0.0323,0.0677,latin,51
-1.6718,0.1711,0.7043,rap,51
0.4788,-2.7251,0.6482,rock,51
1.365,-0.3708,-0.6693,rock,51
-1.0292,0.2353,-0.7273,rap,51
-0.9298,2.2563,-1.835,rap,51
-3.4055,0.742,-0.1389,r&b,51
1.4866,-1.1019,0.9901,edm,51
0.1658,1.3761,0.7228,rap,51
-0.8112,0.5435,-1.044,rap,51
-0.2117,0.7043,-0.3832,latin,51
1.527,0.6981,0.3591,pop,51
-1.2588,0.1775,0.5254,r&b,51
-3.1581,1.0066,-0.0692,rap,51
0.7392,0.298,2.7332,pop,51
2.1898,-2.6465,-2.8914,edm,51
1.6175,-0.8135,-1.6441,edm,51
0.5646,0.8548,0.3302,edm,51
0.6276,-3.0982,1.4112,edm,51
0.5296,0.5764,0.7026,latin,51
1.6321,1.508,1.3198,r&b,51
-0.2848,-1.9141,-0.1761,r&b,51
-0.3833,-0.5799,0.549,r&b,51
-1.5992,-1.2176,0.3814,edm,51
-1.2933,-0.0345,-0.4336,edm,51
-1.9973,1.4878,-1.9626,r&b,51
-0.0362,-0.7607,1.0525,pop,51
-1.1383,-0.4647,-0.2597,latin,51
-3.6412,-1.527,-1.3792,r&b,51
0.0406,0.04,1.0985,rap,51
-0.6458,1.9186,-1.5437,rap,51
0.8133,1.795,1.0751,rap,51
1.5335,-1.0695,-0.428,edm,51
-1.0933,1.9682,0.1393,r&b,51
-1.8041,1.2296,0.904,rap,51
0.4579,-1.4423,0.7772,edm,51
1.4752,0.0807,-0.6197,edm,51
-3.9812,-0.1034,0.5776,edm,51
0.8921,0.6677,0.8847,pop,51
0.8548,1.2408,0.0043,r&b,51
-1.6105,1.3333,0.142,r&b,51
-1.512,1.3062,-0.7525,r&b,51
0.6419,1.7021,0.7034,edm,51
-0.1469,0.4425,-1.375,rap,51
-0.2634,0.1567,-0.397,rap,51
-0.4145,-0.0444,-0.1713,pop,51
0.3395,1.3931,0.3023,rap,51
-1.8406,2.5927,-0.5741,rap,51
1.3721,-0.7316,-0.2053,edm,51
1.8335,-0.9723,-0.4071,edm,51
0.9845,1.2212,0.3081,rap,51
-2.0491,-1.4443,-1.3223,rap,51
-0.5569,1.7963,-0.5808,rap,51
-1.2754,0.3222,0.2563,rap,51
-0.2949,-2.3189,4.4122,edm,51
1.0478,-0.2543,0.3619,rock,51
0.4192,-0.6066,0.5404,edm,51
0.1848,0.0876,0.0179,rap,51
-0.7267,1.6662,0.3787,latin,51
-0.6135,-0.0014,-1.6477,r&b,51
1.6349,-1.159,0.5738,rap,51
0.6611,-1.2561,-0.5405,r&b,51
-0.0415,0.2927,0.851,latin,51
-1.4205,0.6876,-1.7619,latin,51
1.4713,1.8128,-1.6437,rap,51
-1.4062,0.2624,-1.4406,r&b,51
1.3528,1.2643,0.7335,r&b,51
1.517,-0.7945,0.1735,rock,51
-2.3218,0.5799,-0.2806,r&b,51
2.4211,0.3805,-0.2272,rock,51
-0.2153,-3.7058,1.7901,edm,51
1.0138,-2.366,0.4405,edm,51
-0.6719,-1.8717,3.3566,edm,51
0.9658,-1.9133,-0.1237,edm,51
-0.7253,-3.4815,2.8129,edm,51
0.4504,-0.9433,2.0685,edm,51
1.8571,-0.266,-0.604,rock,51
0.3145,0.44,0.4715,rap,51
0.2707,-0.153,0.1679,rap,51
-2.3039,1.7372,0.9686,rock,51
-0.4446,1.4426,0.5073,r&b,51
-3.2403,0.2192,0.4477,r&b,51
0.0793,2.2409,0.4676,r&b,51
1.3788,1.5441,-0.5462,edm,51
-0.3939,1.6325,0.7643,edm,51
0.3273,0.5114,-0.2471,pop,51
1.659,1.1965,0.5622,pop,51
0.3206,-0.9363,-0.6245,r&b,51
0.0464,0.6295,1.9963,rap,51
0.9313,0.4709,-0.9656,rap,51
-0.0592,2.4572,0.6145,rap,51
-1.8446,1.3433,-0.1747,rap,51
-1.5043,1.4753,1.419,r&b,51
1.7991,1.6496,0.8733,pop,51
1.184,0.6637,0.5789,rap,51
0.1446,0.7547,0.3185,latin,51
1.4304,0.6709,0.3516,edm,51
1.3392,-0.705,-0.4965,edm,51
-0.1278,-0.4162,1.2951,r&b,51
-0.8313,0.4873,0.152,latin,51
0.745,1.5356,-0.2126,latin,51
1.0336,1.3989,-0.0802,rap,51
0.2935,2.1541,0.7287,rap,51
-1.8348,0.9926,0.9422,rap,51
-0.6109,-1.788,-0.1715,r&b,51
0.2851,-0.6109,0.3884,r&b,51
0.4532,-2.5522,-1.2797,r&b,51
0.0985,-1.4676,-0.2054,r&b,51
1.3131,-0.8501,0.0391,rock,51
-1.3641,-0.5856,-0.775,edm,51
0.4354,0.7591,1.2793,pop,51
1.9661,-1.1383,-0.6979,pop,51
-1.7565,0.2704,1.477,rap,51
0.6787,1.068,0.871,r&b,51
1.1453,0.7919,1.4437,rap,51
2.2709,-3.3736,0.1514,rock,51
0.4311,0.092,1.0165,latin,51
-0.6745,0.3918,-0.3878,rap,51
-0.8685,0.2562,0.5971,latin,51
1.829,1.1637,0.9539,pop,51
1.2561,-2.8657,0.1802,rock,51
-1.6769,-1.218,-0.2923,r&b,51
1.6518,0.5219,0.4584,rock,51
0.9529,-0.4707,-0.3891,rock,51
0.122,0.0912,-0.0126,r&b,51
-1.1094,2.0335,-0.4368,r&b,51
1.5546,0.0417,0.0553,pop,51
-1.6906,0.6122,-0.2972,r&b,51
1.7419,-1.1261,-1.1149,pop,51
1.6594,-1.2952,-0.7653,pop,51
-0.9249,-0.6548,0.3831,r&b,51
-2.6602,0.2374,1.8356,rock,51
0.4678,1.2929,1.629,r&b,51
0.2231,1.2725,1.1081,r&b,51
-0.6085,-0.695,-0.4125,pop,51
1.1725,-1.0009,-0.7101,r&b,51
-0.6933,-1.4056,-1.7854,rap,51
0.9625,-0.7356,-0.0997,pop,51
0.5041,0.3873,0.8953,latin,51
-0.3917,0.5033,-0.5041,latin,51
1.003,0.0868,-0.5288,edm,51
-2.5977,-1.072,-1.2633,pop,51
-0.4328,0.6598,0.1091,pop,51
1.0822,1.0274,0.2833,edm,51
0.7692,0.8574,0.5151,pop,51
-0.7814,0.6384,0.477,latin,51
1.3412,0.2896,-0.3496,latin,51
0.5575,-0.2181,-0.5202,edm,51
-1.0388,-2.3197,-0.9075,latin,51
0.8915,0.3901,1.0779,latin,51
-0.374,0.9111,0.2323,latin,51
-1.1445,0.4298,1.0714,r&b,51
-0.687,-2.1978,-0.8276,rock,51
-0.9055,2.4691,0.1276,rap,51
-0.9425,1.0336,0.3919,rap,51
-0.7804,2.4031,0.3947,latin,51
-0.1135,-0.479,-0.1609,rock,51
1.9736,-0.5492,-1.1844,pop,51
0.054,1.1155,-0.5012,latin,51
0.9004,1.3078,-0.7587,latin,51
-0.6123,1.2211,1.0481,rock,51
0.4822,-2.3888,-0.7858,rock,51
0.5843,-0.5923,-1.2416,latin,51
-0.1323,0.9326,-0.1483,pop,51
-0.0361,0.4813,-0.2563,pop,51
-1.0344,1.6337,-2.1581,latin,51
-1.0029,1.4536,0.0203,latin,51
-1.0363,0.9101,1.0328,rock,51
0.1434,1.4155,0.6516,latin,51
1.2479,-0.7211,-0.2161,pop,51
-0.5641,1.3475,1.2035,r&b,51
2.3577,-0.4476,-2.1621,pop,51
-0.2074,0.5984,0.0311,edm,51
1.1975,2.0551,1.3243,edm,51
1.45,-0.8986,-0.0821,rock,51
1.463,-1.8299,-0.5206,rock,51
-0.265,-1.6947,-0.2633,rap,51
-0.8888,-0.8747,0.7091,edm,51
-1.7598,-0.4503,0.3299,r&b,51
-1.2155,-0.1572,0.7658,r&b,51
0.6902,1.2474,0.2489,edm,51
1.5146,-0.6739,-0.3832,rock,51
0.811,-1.5154,0.521,rock,51
1.2352,2.3312,-0.5785,rap,51
-1.1152,1.3898,1.8034,r&b,51
-3.3926,-1.4621,-0.3715,rock,51
-0.3746,-0.0625,-0.2546,r&b,51
0.4346,2.5178,-0.3755,r&b,51
1.7155,0.0974,0.0655,latin,51
-1.5397,0.454,-0.5271,pop,51
1.9769,0.2745,-0.7984,pop,51
-0.2778,0.7887,0.0755,pop,51
-0.4482,0.0964,2.4141,latin,51
-0.3083,-0.6406,0.2573,rock,51
0.3947,-1.972,2.0848,pop,51
-0.3012,-0.5156,0.7509,rock,51
2.2165,-1.2339,-0.47,rock,51
0.2597,-1.0097,2.6829,pop,51
1.3935,-0.5874,0.3906,latin,51
0.7924,2.332,-0.0143,latin,51
-0.7113,0.4668,-0.5067,edm,51
1.2757,-0.7503,-0.4735,pop,51
-0.0512,1.0476,1.7624,pop,51
-0.1439,0.4339,1.2368,rock,51
1.0208,1.7342,0.6397,latin,51
-1.3236,-0.882,0.5462,rock,51
-1.5694,-0.618,-0.4962,latin,51
1.128,1.0184,1.1289,r&b,51
-1.8422,0.4248,-1.5249,r&b,51
1.0205,1.4638,1.1812,pop,51
1.8926,0.1965,-0.3791,latin,51
-2.1603,0.1141,0.2907,r&b,51
-0.4653,-0.3043,0.275,r&b,51
1.3022,0.7052,-0.7066,edm,51
-0.2698,1.4295,-0.7288,latin,51
0.6719,0.4332,-0.1538,pop,51
1.4823,1.4177,-0.8756,rap,51
-0.2813,-1.8304,1.2197,pop,51
1.0769,-0.6038,0.404,rock,51
-0.7902,1.2398,-0.8598,latin,51
-0.3508,-0.0914,0.1612,latin,51
1.3145,1.1741,-4.0319,r&b,51
-2.6927,-1.4033,-2.0087,r&b,51
-0.2374,0.1524,0.3692,r&b,51
-4.0657,-2.7007,-2.1279,pop,51
1.7144,-1.8515,-0.9893,rock,51
2.3504,-0.0819,-1.8563,rock,51
-0.7247,1.1179,0.4438,rap,51
1.1121,-1.1241,0.3366,edm,51
1.9686,-1.3188,-1.1711,edm,51
1.3755,-0.3456,0.7074,rock,51
0.5664,0.8259,0.0958,rock,51
1.9064,-2.0708,-1.2372,rock,51
0.7589,0.2401,-0.7676,pop,51
-1.1481,-0.5482,-0.4225,pop,51
-1.0281,-0.1246,-0.268,pop,51
2.6123,-0.6492,-3.0168,rock,51
1.746,-0.201,-0.9485,edm,51
0.353,0.3638,0.886,latin,51
0.9868,2.4818,0.7044,rap,51
-0.25,-1.2391,-0.2164,r&b,51
-1.8938,0.9498,0.968,r&b,51
1.0601,-2.1427,0.2491,rock,51
0.1486,-0.5874,-0.0088,edm,51
0.0222,0.6504,-1.8107,pop,51
-0.7598,1.1495,0.284,rock,51
0.8733,1.9811,1.1892,latin,51
-1.7088,0.7149,-0.8106,rap,51
-0.2698,0.3077,0.4129,r&b,51
-1.0703,1.3823,0.9198,rap,51
1.631,-0.0373,0.1313,edm,51
1.2648,-0.7299,0.3478,pop,51
1.6213,0.4677,-1.16,rap,51
1.6331,2.2538,-1.6941,rap,51
1.5683,0.8899,-1.3845,rap,51
1.2464,1.076,-0.2758,rock,51
1.0974,-0.0813,0.0843,pop,51
0.8545,0.2151,-0.0869,pop,51
1.0938,-1.9663,-1.2119,rock,51
1.2201,0.7278,-0.2597,rap,51
-3.0604,0.5138,0.7811,pop,51
0.2131,0.4458,0.6483,pop,51
-2.9652,-1.3963,-0.2836,rap,51
-2.9785,0.1069,-0.4602,rap,51
-1.1494,1.631,-1.3156,rap,51
-2.5402,2.4218,-1.844,rap,51
1.0072,-1.333,0.4294,rock,51
-3.5507,0.6442,0.758,rap,51
-2.2521,-0.0766,1.1225,r&b,51
0.9125,0.5415,0.8608,pop,51
-0.2522,0.9683,0.6966,rock,51
0.0363,0.8756,-0.1322,r&b,51
0.3798,2.3604,0.2143,latin,51
-1.1389,0.6577,1.9261,rap,51
-1.5229,-0.5915,1.0038,rap,51
1.5707,-0.3743,-0.4862,edm,51
1.6695,-0.8701,0.473,edm,51
1.991,-0.0408,-0.8655,edm,51
0.0204,-0.4718,-2.1571,r&b,51
0.4527,-0.4693,0.5302,rock,51
-2.4001,0.3077,0.0425,r&b,51
1.9349,-1.2049,0.0611,edm,51
-0.3683,0.4395,-1.8204,latin,51
-0.8405,-0.0394,-1.4287,r&b,51
-1.0,-0.9171,0.5069,pop,51
-1.4666,-0.4819,0.3724,r&b,51
-1.7345,-2.5,0.5932,rap,51
-1.9284,1.031,0.3153,rap,51
-1.2562,0.754,-0.5568,rap,51
-1.7293,-0.4452,1.271,rap,51
0.574,-0.5234,0.2706,rock,51
1.5577,0.0637,-0.0467,edm,51
-0.2633,1.0012,0.2285,pop,51
-0.4552,-0.5988,-0.613,r&b,51
1.4913,-1.3267,-1.0093,edm,51
1.441,-0.6787,-0.7787,edm,51
-0.2888,-1.036,-1.1126,latin,51
0.1464,1.0835,0.5357,rap,51
-0.9986,-0.2806,-0.1899,rap,51
-1.6305,1.7919,-0.2463,pop,51
1.7566,-0.0029,0.1014,edm,51
0.144,-0.0246,0.2798,pop,51
0.8514,-1.0577,-0.979,pop,51
-1.2602,-0.5423,-0.4177,rap,51
-0.2901,1.406,-1.225,rap,51
-0.0896,0.3263,-1.1186,r&b,51
1.8032,-1.724,-1.2055,pop,51
-2.1551,-1.8318,-1.2398,pop,51
0.9526,-1.7831,0.9088,pop,51
1.5884,-0.9964,-0.3567,rock,51
-4.6867,-0.115,-0.4978,pop,51
1.6587,-0.7812,-1.5016,pop,51
0.7683,0.047,0.4749,pop,51
-2.339,-2.2645,0.5395,rock,51
-0.244,-2.3785,0.2444,rock,51
0.4001,-1.0732,0.2671,pop,51
0.0313,0.244,-0.7029,pop,51
2.0885,0.3489,0.3369,rock,51
-0.4302,0.3937,1.055,pop,51
-2.4715,-1.5471,-1.0386,rock,51
1.2787,-2.152,0.9494,rock,51
1.6228,-1.3407,-1.4309,edm,51
1.2246,-0.7759,0.3312,rock,51
0.5552,0.4883,0.4065,rock,51
-3.1494,-0.6763,0.9225,pop,51
0.8323,2.2098,0.9027,latin,51
1.7187,0.4845,-0.8366,latin,51
-3.3157,-2.018,0.436,rock,51
-0.9872,2.0015,-0.1099,pop,51
0.6223,1.5246,1.0205,latin,51
0.5852,-0.1978,0.2095,latin,51
-4.3367,-1.1861,0.4378,rock,51
0.6115,0.3951,0.2095,rock,51
-0.3298,-1.3906,-0.6254,rock,51
-2.4358,-0.5324,-0.1404,rock,51
-1.488,-0.2848,-0.0296,rock,51
0.4644,2.5328,0.1903,latin,51
0.3269,-0.9447,1.1003,rock,51
-0.5463,0.277,1.9628,rock,51
-4.1941,-0.8182,0.0335,rap,51
-5.7922,-2.3787,-0.9714,rap,51
1.2846,-1.6473,-0.8954,pop,51
0.3181,0.1287,-0.0048,rap,51
1.638,1.2027,-0.0174,rap,51
0.1455,1.5393,-2.24,rap,51
0.0706,1.0425,0.1048,edm,51
0.8299,-1.1392,-1.5182,rock,51
0.7351,-0.7797,1.7619,rock,51
-0.0011,1.1957,0.5337,rock,51
0.4647,-0.4492,2.2004,edm,51
-1.146,1.0402,0.635,rock,51
-0.1485,1.265,0.269,edm,51
-3.356,-2.1432,-1.0977,rap,51
-1.053,-0.0516,0.3146,rap,51
0.6571,-2.0138,2.4303,edm,51
-2.1899,1.9808,-0.5489,r&b,51
-4.8323,0.7768,-0.7317,rap,51
0.2052,0.9352,-0.2811,pop,51
0.7795,-0.2728,-0.9684,rap,51
-0.3095,0.5072,-0.6349,rap,51
1.287,1.1886,-0.3915,edm,51
0.0748,1.0352,0.821,edm,51
-0.78,-0.9844,0.2858,r&b,51
0.9098,1.9201,0.4442,latin,50
-0.132,1.5819,1.5461,latin,50
1.2504,0.9855,0.5208,edm,50
1.3111,0.004,0.8031,latin,50
-3.162,-0.8158,-0.1014,rock,50
1.2569,-0.301,0.6759,r&b,50
0.3736,0.4688,-0.1278,pop,50
0.9165,-2.5778,-1.9203,pop,50
0.7293,0.1795,0.1744,latin,50
1.0322,2.088,-0.4315,rap,50
-2.6182,-1.4853,-1.8848,rap,50
-1.7416,0.9767,-1.8164,rap,50
-3.4941,0.1206,-2.2629,rap,50
-0.0899,-2.6728,-0.0167,pop,50
0.2211,-1.0284,-0.0442,rock,50
0.6547,2.409,-1.6174,rap,50
-0.1476,0.3737,-3.8188,rap,50
1.4201,-0.6305,-0.6037,rap,50
1.3891,0.0064,-1.6156,r&b,50
0.1147,1.3016,-0.1042,latin,50
1.417,-1.6996,-1.3575,pop,50
1.7255,-1.5179,-0.4146,edm,50
1.0006,-0.612,-0.0463,edm,50
0.3406,-0.3828,0.6961,rock,50
1.2568,0.3885,0.6343,rock,50
0.3908,1.1389,-0.0913,r&b,50
-0.3741,0.7435,-0.7759,r&b,50
0.7813,-0.1246,-1.2671,latin,50
1.0956,2.4071,-0.0697,latin,50
1.252,1.558,0.8972,latin,50
-2.7282,-1.1943,0.0326,r&b,50
-3.7901,-0.198,0.5288,r&b,50
-1.2527,-0.6026,-0.1379,r&b,50
-1.2927,1.3552,-1.1932,r&b,50
-1.1219,-4.5582,-1.5631,latin,50
-0.8323,0.813,-1.2971,latin,50
-2.816,-1.517,-1.3707,latin,50
0.623,0.904,-0.1877,rap,50
-0.7442,0.5059,-0.1761,rap,50
-3.6695,4.08,-2.4845,rap,50
0.3337,-0.7286,-2.5782,latin,50
0.7269,0.4273,-0.4523,latin,50
0.2001,0.2492,-0.3861,r&b,50
-0.6382,-0.3621,-0.9446,rap,50
-0.1948,-0.6718,2.54,pop,50
1.2568,-0.4004,0.8097,rock,50
0.5932,1.1508,0.0429,rap,50
0.0467,-0.1657,-0.2426,latin,50
-0.1412,1.5918,0.3021,rap,50
-2.0451,-0.8752,1.324,r&b,50
-0.9968,0.1288,-0.9424,latin,50
0.449,-2.697,3.9069,edm,50
-6.1602,-0.2676,0.3891,rap,50
-3.0965,-1.2309,-0.9193,rap,50
-0.0231,0.0452,2.0401,rap,50
-3.8632,1.7679,-1.1122,rap,50
-2.7379,-0.7106,1.0167,rap,50
-3.9956,0.3474,1.1524,rap,50
1.2584,0.0776,-0.3145,pop,50
0.3063,-1.3868,1.8067,edm,50
-8.4483,0.3523,-4.0947,latin,50
-1.1134,-0.2508,-0.6677,latin,50
0.0205,-0.6966,-0.0191,rock,50
1.1097,0.8024,0.2975,pop,50
1.1304,0.1212,-1.188,edm,50
-0.0367,-1.5911,-0.1019,pop,50
0.8481,0.8661,0.9482,latin,50
0.5734,0.9952,-0.9094,latin,50
0.8991,-2.4016,0.8456,edm,50
1.2561,0.3093,-0.6486,pop,50
-2.0051,0.1874,-1.1942,r&b,50
1.4187,-1.5766,0.2823,edm,50
-1.4203,1.4168,0.3689,latin,50
-1.2627,2.1706,0.6875,rap,50
-0.6447,-1.5854,0.0545,pop,50
1.2245,1.2578,1.067,latin,50
1.3179,-0.948,-0.2917,edm,50
-2.0477,-1.4324,-0.9133,rock,50
-0.2131,-0.3226,0.6939,edm,50
0.9624,0.2171,-0.0744,latin,50
0.2391,1.7268,1.5095,r&b,50
1.3208,-0.4637,-2.2001,edm,50
0.9853,-2.3477,-0.8469,rock,50
-0.1667,1.0515,0.7638,latin,50
-0.8036,-2.9452,3.6093,edm,50
0.4516,0.2934,0.1295,r&b,50
1.6438,-2.1413,-1.4332,rock,50
1.2422,-3.0507,0.6109,rock,50
0.1178,-0.0678,-0.2568,edm,50
1.775,-0.4036,-0.5008,edm,50
0.4953,-0.7829,-1.028,rap,50
0.7666,0.6521,-0.7604,latin,50
-0.5364,0.6982,0.2595,rap,50
1.005,1.966,-1.2642,rap,50
0.667,0.3945,0.4444,latin,50
-2.2822,-1.2024,1.1733,rock,50
1.159,-1.191,-0.198,rock,50
1.083,-0.4476,0.9933,r&b,50
-0.6934,1.0296,0.1894,r&b,50
-0.0376,0.6506,0.5436,edm,50
1.6796,0.0547,-1.1295,latin,50
0.4072,-1.1592,-1.0082,edm,50
0.1406,-0.2106,-0.2289,r&b,50
1.1911,2.2769,0.4034,rap,50
0.4387,1.0751,0.9497,pop,50
0.9321,-0.2507,0.1803,latin,50
-0.2692,2.0611,0.2539,latin,50
2.0513,-1.5194,1.1229,edm,50
1.1767,-0.8301,-0.2541,edm,50
1.3995,0.0975,0.4101,edm,50
-3.5028,-1.5144,0.6854,edm,50
0.1809,1.518,1.004,rock,50
0.4804,1.3708,0.672,latin,50
0.5929,0.4164,0.1034,edm,50
0.4492,0.0799,-0.1672,edm,50
1.5499,1.1694,0.8095,pop,50
2.1075,-0.5242,-0.4869,rock,50
1.6008,0.0409,0.5575,pop,50
-3.5695,-0.4286,-0.2073,pop,50
-0.5907,1.121,-0.7034,pop,50
-1.6275,0.3368,-0.8746,latin,50
2.2308,0.9361,0.0694,edm,50
1.9144,-1.1395,0.9088,edm,50
0.6677,-0.137,-0.8051,edm,50
-2.0141,1.739,1.1045,rap,50
-6.4054,-2.1362,-0.5527,rap,50
1.5155,1.2717,-0.4039,edm,50
-0.5431,-0.1151,0.4569,latin,50
-0.0708,-0.1707,0.1194,r&b,50
0.4239,1.6481,-2.4024,latin,50
0.6282,1.8011,0.4244,pop,50
0.7313,0.8607,-0.9219,latin,50
1.9459,-2.1074,-1.8157,rap,50
0.7449,0.3418,-0.2968,rock,50
0.3817,0.4523,-0.6807,edm,50
2.0729,-1.2898,-1.4009,rock,50
0.6951,0.8775,0.3213,pop,50
-0.0804,-2.0471,-1.9993,rap,50
-0.6849,-0.4959,0.5148,rock,50
0.938,-0.8877,-0.1074,pop,50
-0.9481,2.0549,1.26,r&b,50
0.3562,2.0169,0.1245,r&b,50
-0.2408,-1.8076,1.0225,rock,50
-0.5013,0.0418,-0.5426,latin,50
-0.8227,1.3981,0.7778,latin,50
-1.8184,-2.491,0.5022,rock,50
0.0324,-0.7513,2.4044,rock,50
-1.1101,-1.8031,0.4131,rock,50
2.1221,-0.5224,-0.5611,pop,50
1.467,-2.5125,1.0145,pop,50
2.0916,0.7597,0.2977,pop,50
-3.2658,-1.6808,-0.5009,rock,50
2.4659,-0.6455,-1.6936,rock,50
-1.0438,-1.3657,-0.5486,pop,50
0.7159,-1.4048,-1.3242,rap,50
-0.8628,0.4711,-0.1155,rock,50
-3.1046,-1.0414,0.9008,pop,50
-0.3227,0.3052,-0.0479,pop,50
1.0313,1.1549,-0.0083,edm,50
2.2518,0.1323,-1.6028,edm,50
-0.562,0.1364,0.9256,rock,50
1.9354,0.8808,0.7811,latin,50
0.7978,-1.6772,-1.518,latin,50
0.2577,-1.5744,0.7224,edm,50
1.0797,-0.533,-1.1527,rap,50
-0.223,1.3326,-0.2343,rap,50
-1.9737,0.1749,0.0675,rock,50
-2.5545,1.2843,-0.2123,latin,50
1.5538,-0.2115,-0.209,edm,50
1.123,1.2007,0.7806,pop,50
0.8397,-1.3459,-1.5628,edm,50
0.8356,0.5044,-0.7522,pop,50
1.3159,0.2553,-0.169,latin,50
-1.6684,0.8901,-0.2785,r&b,50
0.3652,0.8884,0.829,pop,50
1.7016,0.7721,-0.941,r&b,50
1.487,1.1509,0.6965,latin,50
-0.5689,-0.1906,-0.3103,rap,50
-0.878,0.9411,-0.5508,latin,50
-6.8303,0.9633,-0.6438,rap,50
1.1347,1.5164,1.1198,latin,50
-0.6278,-2.0483,-0.0976,pop,50
-1.2351,-0.1624,1.1204,r&b,50
-1.9676,-0.7423,-1.1399,r&b,50
0.7255,0.6267,0.3851,latin,50
0.0211,1.8185,0.2878,latin,50
1.5527,0.7932,-0.3282,rap,50
2.465,-1.09,-1.5807,rap,50
-1.1215,-2.6522,-0.6419,pop,50
-0.981,-2.9156,0.219,r&b,50
2.6791,-2.2074,-1.5181,r&b,50
0.8206,1.0489,-1.6882,rap,50
-2.7571,-1.594,-1.1785,rap,50
-4.1832,1.2524,-0.1959,rap,50
-0.5716,1.427,0.2317,pop,50
-0.4411,-2.0894,0.7332,latin,50
-4.4654,0.9198,-1.3169,pop,50
-0.4356,-0.7183,1.1675,rock,50
-0.1761,-0.0347,1.9517,rock,50
0.9075,0.0222,-0.598,edm,50
0.909,1.9992,0.2156,latin,50
-0.7433,2.6333,0.3945,latin,50
-1.4001,0.0805,-0.3753,latin,50
-1.0588,-1.0037,-0.2245,pop,50
-3.8264,-0.5577,-1.3481,r&b,50
-0.0378,1.7373,-0.1432,latin,50
2.1223,-0.6995,-1.8815,pop,50
0.3912,-0.7739,-0.1597,rock,50
-6.7937,-0.6399,-0.3918,rock,50
-2.6094,-2.1208,-2.4762,r&b,50
1.1098,-0.4427,0.6052,edm,50
0.6304,0.1974,0.7338,pop,50
0.0319,1.2779,1.1189,latin,50
0.7251,-0.7218,-0.7125,edm,50
0.0364,-1.7542,1.782,edm,50
-3.3989,1.5702,-0.0769,rap,50
-1.2399,2.4121,-0.9599,rap,50
-1.7802,2.3538,-0.1389,rap,50
1.9318,-1.3569,-1.085,rock,50
0.8167,-0.9013,-0.8903,edm,50
-1.3448,-3.0017,-2.6697,rock,50
-1.8153,-0.9229,-1.2351,edm,50
2.1339,-1.3226,-1.0096,edm,50
1.1414,-0.243,1.5087,rock,50
-0.5353,0.145,0.4587,rock,50
-0.2278,0.1163,-0.0921,latin,50
-0.1533,1.3183,-0.1282,rap,50
0.8974,0.2608,1.9029,pop,50
-0.1353,-0.5403,1.718,latin,50
2.0623,0.4666,-0.0871,edm,50
-1.0279,-1.8125,-1.3631,r&b,50
-1.1818,-1.8829,-0.4948,rap,50
1.557,0.3469,-1.5712,rap,50
2.0247,-0.3248,-1.4911,latin,50
1.1108,0.2833,-0.2319,latin,50
-0.1341,0.6272,1.9772,latin,50
0.8904,-0.3717,-0.0678,latin,50
2.0078,0.956,-0.1417,rap,50
0.9973,-2.577,0.7561,rock,50
0.7413,-1.675,-0.1707,rock,50
-0.7308,-0.3401,-0.5888,latin,50
1.6178,-0.8691,-0.3965,edm,50
-0.0264,-0.8484,0.0867,rock,50
0.6048,1.5781,0.6205,edm,50
1.2731,-1.759,0.7422,edm,50
0.9406,-1.4499,1.2811,edm,50
1.5421,0.5917,0.5201,edm,50
0.7795,0.8411,0.2007,pop,50
1.168,2.26,-1.2106,r&b,50
-0.6404,0.3314,-0.0792,r&b,50
1.9922,-2.1425,-0.5065,edm,50
0.9994,2.1034,0.2689,latin,50
-1.9694,0.2601,-0.8599,r&b,50
-3.966,-0.8614,0.4295,pop,50
-3.5504,0.3465,-1.6298,pop,50
-3.0504,0.498,-1.8087,latin,50
-0.7314,-0.418,0.3666,edm,50
-0.7994,1.4134,-0.7503,rap,50
1.0122,1.7639,1.0145,latin,50
1.8869,-1.9048,1.3436,rock,50
-0.5895,0.0291,-0.0363,edm,50
-1.9691,1.0857,-1.5709,rap,50
2.3609,-2.3471,-1.0253,rock,50
-0.4804,1.8321,-0.2835,rap,50
0.1635,1.027,0.9846,rap,50
1.0849,-3.0743,-0.1077,rock,50
1.6818,-1.0641,-0.099,pop,50
-1.0278,0.5607,0.0629,edm,50
-1.0391,-0.6883,0.5379,latin,50
-1.6037,0.7495,0.427,latin,50
1.6604,-0.8721,-0.2926,edm,50
-0.9608,-1.391,-0.6387,pop,50
-0.2865,-2.0091,-0.1269,edm,50
-1.8302,2.1478,0.3098,rap,50
-1.073,2.6456,-1.0495,rap,50
-1.0641,-0.9541,-0.4189,pop,50
0.879,-0.7856,-0.7106,edm,50
-2.9249,0.0695,-0.15,rap,50
-0.2318,1.117,1.2496,rap,50
1.2799,2.5335,0.8041,edm,50
1.4989,-0.7395,1.0903,edm,50
-0.6969,-0.1523,0.4198,r&b,50
-0.2662,-0.7775,0.8907,pop,50
-6.3178,-2.971,-2.8028,rock,50
-0.4901,0.2681,-0.377,pop,50
0.0754,0.1409,0.2993,pop,50
2.085,-0.8143,-0.3527,edm,50
0.4177,2.153,0.3068,latin,50
0.035,1.5178,0.6127,latin,50
-1.5654,1.869,0.8897,rap,50
-1.8041,1.9531,0.3052,rap,50
-2.6897,0.688,0.0101,rap,50
1.5055,-0.1079,-0.604,rock,50
1.5646,-1.2566,-0.1547,rock,50
-2.8893,0.0475,0.4611,r&b,50
-0.2942,0.3268,-0.088,rap,50
2.0695,-0.379,-0.9374,rock,50
-0.3012,-1.9287,-0.4648,r&b,50
1.0802,-0.3356,0.7443,edm,50
1.1276,-0.8332,-0.6012,pop,50
-2.2229,2.0489,0.1521,rap,50
-0.1755,-0.532,-0.1511,r&b,50
1.4363,1.6148,0.8562,latin,50
1.1369,-0.0037,0.1264,edm,50
-2.1862,1.5622,0.3702,rap,50
-0.5972,1.2689,0.9187,rap,50
1.7721,-1.7276,-0.8735,rock,50
-0.5503,-0.1434,1.9885,pop,50
0.2467,0.0251,0.4301,edm,50
1.0575,0.784,1.4105,pop,50
-1.3961,0.1179,-0.5279,r&b,50
-0.2007,0.9141,-2.4862,r&b,50
-2.7346,1.3074,0.7226,r&b,50
1.7423,0.6078,-1.2858,edm,50
-3.8926,-0.7731,-1.1871,pop,50
0.1727,0.3179,-0.1401,rock,50
0.5696,1.9554,-0.2144,rap,50
1.9719,-0.5395,1.6967,edm,50
1.3088,-0.0846,0.2628,pop,50
0.2313,1.721,1.06,rap,50
1.6321,-0.594,-0.7161,edm,50
0.2973,0.8235,-1.1009,rap,50
-1.0395,0.4773,-1.5458,rap,50
-0.0572,0.3184,-2.0296,rap,50
-1.1475,-0.5494,0.7131,rap,50
0.3727,-0.9675,-0.4498,rock,50
0.1574,1.117,1.0801,rap,50
-0.5577,0.3992,-0.0938,rap,50
-4.0253,-2.4169,0.8056,r&b,50
-0.7087,-0.0451,-0.1109,pop,50
0.569,0.9197,-0.6072,rap,50
1.1645,-1.388,0.2414,edm,50
1.1281,1.7504,0.6208,pop,50
1.7544,1.417,0.8929,pop,50
1.8599,0.7426,-0.9734,latin,50
-0.0445,1.9168,1.3807,latin,50
0.2479,1.7464,-1.3404,rap,50
1.2,1.6037,0.4983,rap,50
0.0213,2.3086,0.5596,rap,50
1.1641,0.8512,0.5051,rap,50
1.1377,0.9626,0.1726,rap,50
-1.6958,-0.2894,-2.2082,r&b,50
0.1592,-2.1586,-1.0154,r&b,50
-0.273,1.587,-0.8773,rap,50
-3.7406,0.2542,-0.288,pop,50
1.3547,-0.1263,0.7253,rock,50
1.5381,0.9529,1.5715,pop,50
-0.1002,0.7226,1.2201,pop,50
-0.2858,0.4965,-0.9076,r&b,50
-1.8879,-0.0745,0.0609,rap,50
0.2408,1.1409,0.2678,rap,50
1.1898,0.0974,-0.1329,pop,50
-0.2957,1.913,-0.1221,rap,50
0.6116,-1.4168,-0.3318,edm,50
-1.7417,0.6541,1.0524,r&b,50
-0.0515,0.0659,2.2906,r&b,50
1.5504,0.3543,0.1035,pop,50
-3.2246,2.4545,-1.9669,rap,50
-4.364,0.2141,0.4772,rap,50
-4.9055,-0.8438,-1.3249,rap,50
0.483,-0.9602,-0.3916,latin,50
1.4118,-1.5655,-0.5866,pop,50
1.1014,-0.9165,-0.0737,edm,50
0.123,1.7079,-0.5909,pop,50
0.2951,-3.275,2.2298,edm,50
0.7961,-0.7378,-0.3357,edm,50
-0.9123,-1.6111,0.0116,edm,50
0.741,-0.0895,0.4157,latin,50
0.2961,0.9032,0.5282,r&b,50
-3.1316,-0.734,-0.5142,rap,50
0.4114,-2.2132,1.4911,edm,50
-0.184,1.7291,-0.4245,rap,50
-1.0125,0.0074,0.9607,latin,50
0.9182,-0.9828,-0.1301,edm,50
-1.0697,-1.0918,-0.0542,r&b,50
-1.6414,-1.3197,-0.9008,r&b,50
-0.8112,0.1287,0.8764,rock,50
-1.9658,2.2422,-1.4463,rap,50
-0.3811,-1.7232,-0.8859,r&b,50
1.4932,-0.8789,-0.6727,rock,50
0.6199,0.7464,0.9499,r&b,50
0.4914,1.0345,-0.3449,rap,50
0.0564,1.4548,-0.1504,r&b,50
1.1038,-1.3336,-1.4737,edm,50
-0.8088,-3.8542,0.5305,pop,50
0.551,-2.0888,-2.3131,rap,50
-1.2931,0.6921,-0.0286,r&b,50
-1.3455,-0.506,0.3688,r&b,50
1.7685,-0.0442,-0.8277,edm,50
0.3779,-1.4369,-1.1025,edm,50
-1.2729,-1.2663,1.435,rap,50
-2.5113,-0.6746,0.1767,rap,50
1.3561,0.4859,0.2848,pop,50
-4.7517,-1.4741,-0.8893,rap,50
-1.7043,0.4608,0.5313,r&b,50
-0.41,0.2867,0.3132,pop,50
0.3615,0.1444,0.4754,rock,50
1.5071,1.3512,0.1602,rap,50
0.2708,0.4497,-1.3056,rap,50
0.0645,-0.1412,0.0762,r&b,50
-1.7547,-1.056,3.8585,edm,50
1.6377,-1.3423,1.0951,edm,50
-3.3471,-1.6381,-0.9416,r&b,50
-0.3327,1.125,1.2491,r&b,50
-3.0783,-0.0198,-0.3102,rock,50
-0.9241,-1.3612,0.5423,r&b,50
-0.0336,0.9883,-1.5266,edm,50
-3.9117,0.9414,0.5036,rap,50
-0.8403,0.6322,0.6826,rap,50
-2.451,0.661,-0.4771,rap,50
1.8545,-0.7857,-0.5133,edm,50
1.5254,1.8193,-0.9895,rap,50
1.2632,-0.0983,-0.2438,edm,50
-1.3019,0.9103,0.0866,rap,50
-3.484,0.6674,-0.0562,rap,50
-0.0127,1.6293,-2.3121,rap,50
0.6492,-0.0693,0.1562,latin,50
1.3045,-0.087,-1.2793,latin,50
-1.0181,1.1365,0.2235,rap,50
-0.5166,1.5649,-0.0457,r&b,50
0.1159,3.4706,0.4353,latin,50
-1.1437,0.2493,-0.1285,rock,50
-0.2083,-0.1,0.3025,rock,50
-2.6983,-1.1446,0.9853,rock,50
-1.1735,-0.5923,-1.3162,r&b,50
1.6585,-1.7085,-0.3888,rock,50
1.6457,0.4079,-0.0374,latin,50
1.557,-0.4732,-0.2532,pop,50
1.8148,0.0671,-0.0506,edm,50
-4.9505,-1.9297,-0.7039,rap,50
0.7419,1.021,-0.5287,rap,50
-0.494,0.5025,0.3813,r&b,50
0.7066,1.422,0.654,latin,50
1.2671,-2.9187,0.0403,edm,50
2.654,-1.3844,-2.8187,edm,50
0.7376,-0.9983,-0.6335,edm,50
1.5029,-0.0452,0.2695,edm,50
2.1893,-0.3731,0.9278,edm,50
-0.3892,-0.3466,-0.7646,r&b,50
-1.0629,-0.1645,1.5979,latin,50
-0.9609,-1.1063,-0.5758,r&b,50
1.1207,1.7401,-0.9746,rap,50
-5.1212,0.3945,-0.3231,rap,50
-3.7683,0.0225,0.7147,rap,50
-0.0374,0.1642,-0.102,latin,50
-0.8789,0.964,-0.2129,latin,50
2.203,0.7179,-1.3136,edm,50
2.0903,-0.6883,-0.9473,edm,50
1.0697,1.1245,-0.0422,latin,49
-6.016,-1.2457,1.4359,latin,49
0.708,-0.4438,1.0848,edm,49
0.8904,-0.7443,-0.9142,rock,49
-0.075,-0.5375,-0.0596,pop,49
-3.7678,0.7869,-0.2589,rap,49
0.2431,-0.3354,-0.2391,latin,49
-0.1681,0.2282,-0.3642,rap,49
-0.5685,-1.0942,0.6444,r&b,49
-2.6278,2.0744,1.9666,r&b,49
0.9272,0.3187,0.2172,edm,49
-1.4664,0.995,-0.0288,rap,49
-2.2865,-0.6292,0.9978,r&b,49
-0.8953,0.7197,1.197,r&b,49
0.0024,0.8543,0.5272,latin,49
0.1359,1.1725,2.057,r&b,49
-1.9872,-0.3813,1.0581,r&b,49
0.1123,2.0109,0.3107,r&b,49
0.2894,0.4957,0.6462,edm,49
0.9305,0.9121,0.2311,pop,49
-0.7108,-2.3622,2.0883,pop,49
-0.6857,0.3733,-0.3244,rap,49
2.1172,-0.6377,-0.808,rock,49
1.3583,-0.0308,0.5958,edm,49
1.0527,0.6916,0.6563,pop,49
1.9093,-1.6118,0.6929,edm,49
-0.9659,0.6705,0.3075,r&b,49
-2.3816,-0.0734,-1.3765,rap,49
1.4606,-2.0538,0.4789,rock,49
2.1276,-1.6961,-1.6008,rock,49
1.5111,-1.1129,-0.1885,rap,49
-0.2511,1.326,0.6161,latin,49
1.5178,-1.9776,-0.0934,edm,49
-0.7797,-0.2457,2.9908,edm,49
0.9893,0.4491,-1.6882,latin,49
0.1428,-2.4959,-0.4254,edm,49
1.3544,1.1846,-0.333,latin,49
-0.5437,0.337,0.0045,edm,49
0.7169,-0.5128,0.8952,rock,49
-1.6715,-0.0361,0.284,r&b,49
-0.1592,-0.8496,1.8185,r&b,49
0.6215,-1.1311,-0.0188,latin,49
0.1857,0.8171,-0.3222,latin,49
-2.1598,-0.3648,2.1724,rap,49
-1.7961,1.4524,-1.1154,rap,49
0.1013,2.5621,-0.4507,rap,49
-1.7408,1.6507,0.2068,r&b,49
2.2381,-1.0388,-3.58,edm,49
1.0324,-0.37,1.5132,edm,49
0.4258,0.5991,-0.0793,r&b,49
1.0442,0.1654,0.0682,edm,49
-4.3358,0.7696,0.7712,rap,49
-2.0971,0.4159,0.5954,rap,49
-0.1051,2.122,-0.2172,r&b,49
0.2186,1.1864,-0.0743,latin,49
0.6428,0.5076,-0.2206,rap,49
0.4446,-1.0551,3.9269,edm,49
1.4193,1.0205,-2.8352,rap,49
-0.1079,1.3132,-1.3074,rap,49
-1.5223,1.7488,-0.0414,rap,49
1.6501,0.0797,-1.4202,edm,49
0.7078,0.5375,-0.0858,latin,49
1.7881,0.0374,0.2602,rap,49
-1.9412,-0.8235,-0.465,rap,49
-2.7757,2.9273,-1.615,rap,49
1.7245,-0.806,0.2438,rock,49
1.6637,-3.2657,-1.3482,rock,49
0.6276,0.282,-1.2179,r&b,49
0.6824,1.1836,-0.2394,edm,49
1.7141,-0.3626,-0.1547,edm,49
0.4408,0.6481,-0.7183,edm,49
-0.0486,0.5223,1.5103,rock,49
2.9013,-0.8611,-1.6334,edm,49
-0.4397,1.0023,0.2283,rap,49
0.1664,0.9171,0.0906,pop,49
-0.2195,-0.7529,-0.2444,pop,49
-0.8125,-1.7769,0.672,pop,49
1.3077,-2.1863,-0.4874,edm,49
1.9146,1.4588,-0.7437,rap,49
0.9016,-1.4093,-2.0601,rock,49
0.5582,0.5793,-0.5172,rap,49
0.4118,0.3191,1.2004,r&b,49
0.8485,0.796,-2.076,edm,49
1.1117,-0.2048,0.1671,edm,49
0.0296,0.7306,0.5284,rap,49
1.2707,0.5092,-0.0165,edm,49
-1.7439,1.5707,0.5748,r&b,49
0.7001,1.2142,0.4981,latin,49
2.5995,-0.1598,-2.2677,latin,49
0.2172,-1.2289,-0.137,edm,49
-0.0483,-0.0866,-0.2873,edm,49
-1.4496,-2.8625,0.2852,edm,49
-1.4861,-0.3076,-1.4006,pop,49
0.9911,-1.1848,0.3167,rock,49
2.0482,-1.022,-0.5913,rap,49
-0.0762,1.838,0.0682,r&b,49
0.5739,1.4328,-0.095,rap,49
-0.0278,-0.3145,-1.4031,rap,49
-1.927,2.0046,0.6033,r&b,49
1.1079,-1.2833,-0.6444,edm,49
1.1791,-1.27,-1.3372,edm,49
0.6939,1.5258,-0.0933,rap,49
1.6697,0.2978,0.0451,pop,49
0.0725,-0.2108,0.3963,rock,49
-0.8353,0.6675,1.0,edm,49
1.0093,2.4229,0.1744,edm,49
-0.0551,1.8767,0.3186,edm,49
-0.5862,2.883,-1.9888,rap,49
-1.9471,0.4944,0.0248,rap,49
0.0436,2.1188,0.2941,latin,49
0.2427,-0.5074,-0.3402,rap,49
0.3429,-0.1319,3.5273,edm,49
0.1114,0.7391,1.2825,r&b,49
-0.2217,1.4718,0.4439,rap,49
-1.4085,1.3005,1.2709,rock,49
-2.3961,2.7252,-0.45,rap,49
0.096,2.7132,-0.3726,rap,49
0.9324,0.3889,1.0567,pop,49
0.4558,-0.9374,1.9371,pop,49
-0.0226,1.545,0.7173,r&b,49
1.6051,-0.093,-0.4975,edm,49
0.0818,0.8911,-0.2497,rap,49
1.3713,1.4009,0.0239,rap,49
0.7133,0.397,0.7404,pop,49
-1.9693,0.782,-1.906,rap,49
-0.3663,0.8941,-0.8335,rap,49
1.3803,0.4827,-1.0783,rap,49
1.3197,-1.7462,0.0307,rock,49
-0.092,2.9667,0.1236,rap,49
-0.9485,-0.1242,-0.405,r&b,49
-3.0565,0.8504,0.1706,r&b,49
1.3005,0.159,-0.265,pop,49
1.4974,-0.5703,-0.2934,edm,49
-0.1561,1.1819,0.7944,pop,49
1.1987,1.307,1.1033,latin,49
1.2174,1.6365,0.0746,latin,49
1.1747,1.5677,-0.4255,rap,49
1.0082,2.574,-1.6627,rap,49
0.2593,0.708,-0.7029,rap,49
-1.225,0.1922,-0.5018,pop,49
0.2003,-0.9125,0.2227,rap,49
1.5269,0.904,0.459,pop,49
0.3527,-0.8259,-1.7659,edm,49
-1.2143,-0.1976,0.5869,rap,49
0.5352,0.9699,1.2737,rap,49
0.71,1.2239,0.9463,latin,49
0.6157,0.1374,0.1399,latin,49
2.176,-1.3967,-1.334,pop,49
1.4925,0.0246,-1.0799,rap,49
0.275,-1.1631,1.9909,pop,49
0.2585,-0.1577,0.2956,edm,49
-0.7506,1.2836,1.0828,edm,49
0.3829,0.7167,0.2895,r&b,49
0.237,-0.5771,-0.0742,edm,49
-0.2386,0.3001,-0.2298,latin,49
-4.4619,0.6302,-0.1499,rap,49
-0.1812,-0.2208,-0.0062,r&b,49
1.0311,0.5596,0.6681,latin,49
1.9784,0.6809,-0.5527,pop,49
0.2434,-1.0425,-0.5279,edm,49
0.9587,-0.4472,0.0606,edm,49
-1.3115,1.2015,0.1281,rap,49
1.3474,0.2605,0.9383,rock,49
0.7165,-2.0978,-0.7677,pop,49
-2.0795,-0.2196,-1.7557,r&b,49
-0.7147,1.5972,-0.0298,rap,49
1.9496,1.0555,0.2042,rap,49
-3.7674,-1.7807,0.7282,pop,49
-0.5757,-2.263,-0.1262,pop,49
-1.7025,1.0674,-0.4264,rap,49
-2.0684,-0.3375,0.2293,rap,49
0.5124,1.8462,-0.0509,latin,49
0.905,1.5096,1.4193,latin,49
-0.845,0.3731,1.3336,r&b,49
-0.8409,0.1218,0.0299,rap,49
2.1609,-0.5981,-2.0295,rap,49
-1.4709,0.4999,0.3971,r&b,49
2.1462,-0.7446,0.4456,rock,49
2.3895,-0.4201,-0.3436,pop,49
-0.2915,-1.9024,1.1647,edm,49
-0.2234,1.3391,1.735,edm,49
-3.2217,0.8553,-1.1032,r&b,49
-3.4999,1.3725,0.599,rock,49
0.9882,1.7454,0.4027,edm,49
-5.2081,-0.7381,-0.5554,rock,49
0.8408,-0.3116,0.0229,pop,49
-1.7278,1.7924,0.4735,r&b,49
1.1793,-1.6484,-0.8999,rap,49
-0.7396,0.6161,-0.9903,rap,49
1.7789,1.5294,-1.85,rap,49
-0.2867,-1.6672,-1.0545,rap,49
-1.1452,-2.5167,-2.6753,latin,49
1.3496,-0.9493,-2.4706,rock,49
1.5356,0.5608,-1.0097,latin,49
2.0469,-0.4512,0.6464,edm,49
-1.1384,-1.1453,-0.7831,r&b,49
-0.9938,0.4338,-0.8424,rap,49
-0.6257,0.8136,-0.7575,rap,49
0.4781,-0.6914,-0.813,edm,49
0.3013,-0.0085,-0.5114,latin,49
0.8854,1.3049,0.5091,pop,49
-2.3215,-3.7028,1.1241,rock,49
-2.5482,-2.0278,-0.3476,rock,49
1.6112,1.3161,-1.6563,latin,49
-2.1151,0.3906,-0.4725,pop,49
0.5147,-3.4872,0.5191,rock,49
0.4081,-1.2025,0.3522,r&b,49
0.1771,-2.0792,1.1466,rock,49
2.5204,-1.7081,-2.3459,rock,49
2.866,-1.013,-2.6072,rock,49
1.0106,1.0768,0.9175,pop,49
-5.3084,-1.9875,-1.193,rock,49
0.7865,0.3758,-0.2902,rock,49
2.5925,0.6972,-1.6841,edm,49
-1.0068,1.9215,-0.2532,rap,49
-0.131,-0.0608,-0.1209,rap,49
-0.8823,0.6887,-0.4844,r&b,49
2.0371,-0.3817,0.233,rock,49
-1.0126,-0.3165,0.7136,rock,49
0.1644,0.2499,-1.6461,r&b,49
1.79,-0.6444,-0.7557,rock,49
-0.299,0.3793,-0.6937,rap,49
-0.943,-2.7044,0.3909,rock,49
1.5515,1.195,-1.61,rap,49
0.7879,-0.6685,0.6729,rap,49
1.537,0.3695,0.2253,edm,49
0.9435,1.2037,-2.0422,rap,49
1.6119,-1.5205,-1.3099,rock,49
1.3758,1.0063,0.1849,latin,49
0.0147,0.6861,-0.1116,pop,49
0.7154,-1.8549,0.4769,rock,49
-0.1772,0.6254,1.567,latin,49
-1.0523,1.8823,-0.9517,rap,49
1.5307,-0.6637,-0.9306,edm,49
-1.4352,2.0606,-0.0035,latin,49
-3.3859,3.2966,-0.8958,r&b,49
-1.3105,1.2055,-0.5981,rap,49
0.6455,0.9033,-0.3755,pop,49
2.9325,1.2119,-3.0492,edm,49
-1.7589,-1.2341,1.795,edm,49
-0.3803,-2.1382,1.5853,edm,49
0.7284,1.2886,0.255,latin,49
-1.3503,-1.9052,-1.3339,rock,49
0.2677,0.7178,0.959,latin,49
-2.1212,-0.9281,-0.8074,r&b,49
0.7342,1.4415,0.3482,latin,49
0.7403,-0.0123,-0.1052,latin,49
1.228,1.0719,-0.5475,rap,49
-2.4601,0.4369,-0.0439,r&b,49
-4.9618,-0.179,-1.3727,r&b,49
0.2476,0.0337,1.6367,rock,49
1.648,0.8315,-1.0674,edm,49
2.1977,0.3788,-1.0522,edm,49
2.0678,0.2252,-1.1065,edm,49
0.706,2.3196,1.2081,latin,49
1.2105,0.5228,-3.9431,latin,49
1.1073,0.2996,-0.5283,rap,49
0.9905,0.8282,-0.8458,latin,49
0.6736,-1.6033,-1.328,rap,49
0.6094,-0.7533,-0.3339,rap,49
0.8658,-0.6479,-0.4125,edm,49
-2.3088,-0.5634,1.0655,rock,49
-1.6443,0.469,-0.3774,rock,49
-0.4625,1.0202,-0.4039,latin,49
1.6346,-0.4399,-0.9472,edm,49
0.7485,0.203,0.5905,pop,49
-2.5527,-0.6069,-3.2219,rap,49
0.6359,1.2073,0.334,latin,49
0.9111,0.8957,0.1536,latin,49
0.8635,-0.1376,-1.1235,rap,49
-0.9417,-0.3423,-0.2212,r&b,49
0.3556,0.5801,1.2036,pop,49
0.7143,-0.3429,-0.4092,rock,49
0.6437,0.4637,-2.7686,latin,49
-1.0931,0.3695,-0.2196,latin,49
1.2564,0.2613,-0.8187,edm,49
0.6889,0.3453,-0.0021,latin,49
2.0274,-1.1553,-0.7017,rock,49
1.1271,1.371,-0.787,rap,49
1.6259,-0.2242,-0.7406,edm,49
1.5238,0.0413,0.0963,edm,49
0.9028,-0.6155,-0.048,rock,49
0.6608,1.9686,0.1375,edm,49
1.1733,0.502,-1.0539,latin,49
0.5207,1.1281,1.3818,latin,49
-0.316,-1.8694,-1.3525,rap,49
0.5567,-0.8541,0.1584,pop,49
0.5068,1.3843,0.3289,latin,49
-0.8152,1.0012,0.4418,latin,49
1.3608,-0.9186,-0.7937,latin,49
1.3397,-2.081,-2.0695,rap,49
0.3204,0.3966,0.3767,rap,49
1.2617,-0.8589,-1.1279,rap,49
-1.7036,-1.3662,0.4535,rock,49
0.2419,-0.7763,2.4042,edm,49
-0.8966,0.9128,0.2856,latin,49
1.2502,-0.3143,-0.4865,latin,49
-2.6084,-2.0783,0.6967,rock,49
-0.5008,0.7512,-1.4846,latin,49
-3.189,-2.2661,-1.0544,rock,49
1.1971,0.8924,0.3709,rap,49
0.532,-1.0396,-0.2667,rock,49
-1.1592,-0.9816,-0.1199,pop,49
-1.5933,1.0078,-0.5868,rap,49
1.5824,-0.0121,0.4549,rap,49
-1.267,-1.0134,-0.7,rock,49
1.0705,1.4678,0.2906,latin,49
1.6386,-1.0675,0.2234,rock,49
0.3551,-1.563,-1.3899,rock,49
1.1449,1.0645,0.5356,pop,49
0.6002,0.8068,-2.2317,rap,49
-3.4584,0.6195,-0.7231,rock,49
0.9807,-0.1679,0.0627,edm,49
-3.2839,-2.2431,1.0245,pop,49
-1.6502,1.0293,-0.7231,rock,49
-0.3959,-0.7179,-0.393,latin,49
0.8138,-1.4916,0.513,rap,49
1.9172,0.6962,-2.3159,rap,49
-0.1081,-2.3916,0.5475,rock,49
0.962,-0.3077,0.2279,edm,49
0.9814,1.597,-1.1459,rap,49
-0.5729,0.1383,-0.2641,rock,49
-0.3221,0.4481,1.1928,pop,49
1.1986,0.7679,0.1343,edm,49
-0.9484,1.7573,-2.4501,pop,49
-1.0552,1.5214,1.1069,r&b,49
-1.2391,-0.2769,-0.5142,r&b,49
1.2892,1.1855,0.6335,rap,49
0.3977,-0.0756,0.1597,pop,49
-0.2353,0.4913,-0.7604,latin,49
-0.4078,0.7693,0.0229,latin,49
-1.2481,1.5554,0.1332,r&b,49
-0.3876,0.4668,-0.1139,latin,49
-0.1292,2.3674,1.0605,pop,49
-2.2472,0.0915,-0.6525,pop,49
0.2301,0.3178,0.0268,latin,49
0.507,0.9294,0.3973,latin,49
-0.0522,0.2947,0.1777,edm,49
1.0117,-1.4472,-0.4543,rap,49
0.9932,-0.1095,0.0465,edm,49
1.0084,-0.1574,-0.6071,edm,49
-1.5185,-0.4055,0.3774,rock,49
-4.0472,-0.297,0.5873,rap,49
0.7609,-0.1148,-0.1382,pop,49
1.213,0.1783,-0.3647,edm,49
1.1025,1.6113,-1.4836,rap,49
1.2432,1.7788,1.5686,rap,49
-0.2005,-1.7417,1.0574,edm,49
1.606,-0.2816,-0.324,rock,49
1.5263,0.9455,0.6055,pop,49
0.2374,1.0061,0.336,pop,49
0.6892,-4.4194,0.7863,rock,49
-0.0889,-0.0513,0.3227,rap,49
0.6219,-0.0913,-1.3481,pop,49
1.5886,-1.631,-0.3705,rock,49
0.3646,-0.4706,-0.5339,latin,49
1.8549,1.2874,0.2859,latin,49
-0.0078,1.3055,0.062,latin,49
-3.6731,1.8487,0.9408,rap,49
-1.875,0.3203,-1.8968,rap,49
0.2172,0.1587,0.0121,pop,49
-0.5256,0.0935,2.3249,r&b,49
-0.165,0.8771,-0.9452,edm,49
1.3586,-0.5988,-0.5282,edm,49
1.2804,0.9054,-0.8155,edm,49
1.6204,0.7926,-0.197,edm,49
-1.6093,-1.6511,1.3486,latin,49
-1.4675,-0.9531,1.0599,pop,49
0.1242,-0.7601,1.7964,pop,49
-3.8244,-0.3442,0.2605,r&b,49
0.593,0.079,0.947,pop,49
1.701,1.4251,-0.839,latin,49
-0.1353,1.3151,-1.2565,rap,49
1.0955,-0.8258,0.5232,latin,49
-4.1076,1.219,0.2143,rap,49
1.0611,0.2367,0.9847,r&b,49
-0.3544,0.0473,-0.8379,rap,49
0.7237,0.6193,1.2151,pop,49
1.5284,-1.7068,-1.6632,edm,49
-0.1574,-0.777,0.0761,rap,49
-0.5538,0.7757,1.3703,r&b,49
0.6257,1.3659,0.1133,latin,49
0.8325,-0.0027,1.132,latin,49
0.0532,0.8202,-0.247,latin,49
0.12,-2.2907,3.4456,edm,49
0.7121,-0.08,3.5186,edm,49
-4.3621,-1.8946,0.0015,rap,49
-5.9084,-0.9542,-0.0832,rap,49
1.5928,-3.191,-0.5616,pop,49
-0.2467,-0.6483,2.0121,pop,49
0.5811,1.4248,-0.0329,pop,49
0.6234,-0.3029,2.825,pop,49
-1.9833,1.4455,-0.1947,pop,49
-3.8237,-1.354,-0.8397,pop,49
0.6492,1.1296,-0.161,pop,49
1.0667,-0.1472,0.6705,pop,49
-1.0383,-1.4451,-0.2305,r&b,49
-2.4396,-2.1626,-1.5057,r&b,49
-2.7191,1.7404,-2.1246,rap,49
-0.9822,1.4095,0.3316,latin,49
-0.2095,1.524,-0.075,rap,49
0.6009,0.3415,0.5895,latin,49
-1.2141,-0.1738,0.7736,r&b,49
-2.7552,1.153,-0.5537,r&b,49
-4.8947,3.0315,-0.0904,rap,49
-4.6361,-1.6445,0.4032,rap,49
-2.6993,1.9916,-0.5836,r&b,49
-1.2348,1.1522,0.7303,r&b,49
0.2585,-1.0505,-0.5891,r&b,49
-1.7198,-0.4938,0.4284,r&b,49
0.2601,0.2237,-0.478,edm,49
-2.3344,-1.5017,0.0209,rock,49
-2.4794,-1.0791,-1.1197,r&b,49
-1.5375,0.5963,1.2583,latin,49
0.0247,-0.168,-0.1695,latin,49
0.2844,0.5047,-0.0354,edm,49
-2.2849,1.2521,1.0473,r&b,49
-2.263,0.6678,0.1401,rock,49
-0.1878,2.138,0.9903,pop,49
-1.4086,-0.2272,-0.2579,r&b,49
-0.3054,0.3952,0.3533,pop,49
0.0542,0.2791,0.6207,r&b,49
0.5521,-0.6043,1.9161,r&b,49
-1.212,2.6168,-1.5527,rap,49
-2.2228,-0.8424,1.5838,latin,49
0.9163,0.8039,-0.6191,rap,49
-3.1944,-1.0025,0.1632,rap,49
-4.5811,-1.2942,-0.535,rap,49
-5.0616,-1.943,0.0044,rap,49
1.2605,-1.2396,1.2582,edm,49
0.1737,0.2905,0.1152,latin,49
-0.4558,1.565,-2.3771,rap,49
-0.0839,-0.663,-1.9442,rap,49
1.7014,-1.2053,-0.2046,rock,49
-3.7363,1.4744,-0.622,latin,49
-0.0673,-1.1133,0.0019,r&b,49
2.4283,-0.0825,-1.9456,rap,49
-1.3748,0.7603,0.0141,latin,49
0.5757,-0.1112,1.3695,pop,49
0.3889,1.7732,-1.3439,rap,49
0.6257,-0.6761,-0.5397,rap,49
1.5601,1.613,-1.6931,rap,49
-4.6209,0.9731,-0.1919,rap,49
-5.4025,3.0264,-1.0868,rap,49
0.8866,-1.0182,-1.5213,rap,48
0.2695,1.0597,-0.1511,latin,48
1.5523,-1.3879,-0.0042,rock,48
0.0871,1.5645,-0.6296,latin,48
-1.0464,0.3955,0.9536,rock,48
-4.0601,-1.0648,-0.3811,r&b,48
-0.8492,0.9784,-0.6789,r&b,48
-1.8703,-0.2963,-0.2684,pop,48
-0.4233,-0.7263,-0.2908,pop,48
0.7033,-3.1327,-0.7109,rock,48
1.1752,-0.4574,0.4623,latin,48
-0.1819,-0.6193,-0.2067,rock,48
-1.704,0.7138,0.1054,rock,48
-1.5116,0.4114,0.1256,pop,48
-1.0081,1.9709,-0.0086,pop,48
1.0771,-0.4333,2.1006,pop,48
-4.0703,1.4666,1.555,r&b,48
-0.1465,0.5066,0.1107,r&b,48
0.5212,0.4414,-1.3344,r&b,48
-3.1057,0.9924,-1.1504,rap,48
-1.8377,1.7016,0.4878,latin,48
-2.4131,0.94,-4.5154,rap,48
-2.5985,-0.7419,0.6942,rap,48
-0.3045,0.9454,-2.4706,rap,48
1.2502,-0.217,-0.7299,latin,48
-2.4824,-1.5212,0.6147,latin,48
0.4707,-0.0519,-2.1401,latin,48
-3.2649,-0.5766,-2.2708,r&b,48
0.748,2.5311,-5.0329,rap,48
1.8666,-1.3246,0.614,pop,48
0.8095,-1.9689,-1.364,edm,48
-4.7506,-1.9039,-0.3254,r&b,48
1.8541,1.309,0.7487,pop,48
0.3264,-0.2273,0.0926,r&b,48
0.6699,-0.1896,1.3011,r&b,48
0.7587,-1.9296,-0.5172,pop,48
-0.8258,0.4361,0.4985,pop,48
-2.6291,1.6164,-0.1065,rap,48
0.6406,-1.4743,-1.2952,rap,48
0.493,0.5715,-2.1861,rap,48
-2.7826,-0.1322,0.083,latin,48
-1.2048,-0.1964,-0.184,pop,48
0.1352,0.8376,-0.3913,r&b,48
0.4536,-1.3524,0.2863,r&b,48
-2.3184,1.3707,-0.4017,r&b,48
-0.5295,-0.3037,0.9583,pop,48
2.1392,-1.896,-0.4899,edm,48
-0.5617,1.5491,1.6707,latin,48
1.3147,-0.1299,-0.2518,pop,48
0.9976,0.0594,0.4404,rock,48
-0.5673,0.793,0.9791,latin,48
0.9295,-0.4781,-0.2305,edm,48
1.9862,0.0695,-1.5238,rap,48
0.5225,-1.1336,0.4776,pop,48
-1.2053,-0.2778,0.7532,pop,48
-0.4319,-2.7801,3.1779,pop,48
0.6227,-0.7799,1.5471,pop,48
1.3129,2.3058,0.1288,latin,48
0.9678,1.2111,0.0139,edm,48
-0.3316,0.8019,0.1984,r&b,48
0.5089,-2.0839,0.996,edm,48
-1.476,0.4144,2.4391,edm,48
0.7905,-0.44,1.4914,edm,48
-0.9185,-1.0591,2.1315,edm,48
-0.4269,1.3592,1.0742,latin,48
0.372,0.5668,0.7647,latin,48
-2.8737,1.0328,-0.1578,pop,48
0.9871,-0.5903,-1.6989,pop,48
0.1888,0.7697,-1.2708,latin,48
-3.0306,-0.1477,0.6138,rock,48
0.474,-0.1702,0.7602,rock,48
-1.7706,-1.0966,0.3152,r&b,48
0.6076,-0.4033,-0.2454,r&b,48
-3.966,-0.2725,-0.5685,latin,48
-1.1192,-0.4825,0.8293,r&b,48
-0.1419,-0.3753,0.241,rap,48
1.8117,-1.643,-0.4942,rock,48
0.6057,-2.5146,1.7178,rock,48
0.1222,2.5794,0.2234,latin,48
1.2964,1.3979,-0.6649,edm,48
-0.5752,0.7256,0.0277,pop,48
1.62,-0.0006,-0.1812,latin,48
-1.6816,-4.081,-1.2139,latin,48
0.2883,0.72,0.3207,latin,48
-1.5465,-0.5111,1.3112,r&b,48
-0.3708,0.8002,-0.2509,edm,48
-1.9246,-0.675,1.7003,pop,48
1.9724,0.6321,-1.1547,edm,48
-0.5413,1.2915,-0.2653,rap,48
-0.4103,-0.6307,1.1115,rock,48
1.0402,1.5131,-0.8703,rap,48
-0.9263,-0.048,1.8531,latin,48
-1.145,0.531,0.9604,r&b,48
-0.25,-0.5491,0.6211,r&b,48
-2.2037,-0.9138,0.1994,rock,48
-2.5629,-1.4201,-0.8308,r&b,48
-3.2843,-0.9874,-0.7919,latin,48
1.3661,-2.3137,1.2926,pop,48
-2.8031,-0.3911,-0.143,latin,48
-2.9254,-0.1124,0.6047,latin,48
-1.2719,-0.0083,-0.0039,latin,48
-0.6159,0.0762,0.3363,r&b,48
-0.9724,-1.404,-1.5307,rap,48
-1.4173,-1.1771,0.0609,r&b,48
1.9572,-0.9405,-2.6159,edm,48
-0.2473,0.6159,0.9439,rock,48
0.1977,1.8786,-1.0001,rap,48
1.1521,0.2404,-0.1057,edm,48
-0.3065,1.0193,2.0044,r&b,48
1.5255,-1.5006,-0.402,rock,48
0.8734,-0.9493,0.5774,rock,48
-4.8453,0.0478,0.3665,rap,48
-4.6241,-1.0431,0.7093,rap,48
-2.8964,0.5308,1.668,rap,48
-0.0969,0.1912,-0.221,rock,48
-0.8314,0.1556,2.6023,rock,48
-0.8297,0.2147,-0.1878,latin,48
1.1203,0.1157,0.5277,pop,48
0.3556,1.0227,-0.2197,rap,48
0.0823,0.6569,-2.0714,rap,48
-0.0278,-0.1031,0.2898,edm,48
-0.2033,-1.6667,0.7002,pop,48
-2.6808,-1.4679,-0.8833,r&b,48
1.4236,0.9719,-0.1986,rock,48
-0.52,-1.1965,0.9817,r&b,48
-3.0362,0.3494,-0.0533,r&b,48
1.0503,0.4117,-2.455,rap,48
1.5171,-0.0793,-0.4596,edm,48
-1.6807,1.7406,0.3241,latin,48
1.1353,-3.1771,1.7242,edm,48
1.0356,0.0126,2.4169,edm,48
1.319,-0.4458,4.3764,edm,48
-0.5392,-0.2438,-1.0427,latin,48
-0.3813,0.0481,0.0036,latin,48
-0.526,1.5676,0.7035,rap,48
1.9384,-0.6507,-0.7412,edm,48
-0.3362,2.5741,-0.0535,rap,48
1.6849,0.9878,-0.8243,rap,48
-0.9539,-0.1084,-0.241,r&b,48
-1.522,0.2631,-1.1184,edm,48
0.7445,1.3368,0.8573,r&b,48
-0.589,0.3152,-0.9634,edm,48
2.164,0.2368,-0.823,rap,48
-2.52,0.698,-0.8168,rap,48
-1.2127,-1.4848,-1.0194,latin,48
1.4629,0.1189,0.6074,edm,48
0.7038,0.8172,0.8198,pop,48
2.8814,-1.6829,0.4597,edm,48
0.7477,-0.3914,-0.5395,rap,48
1.9801,-0.998,-0.0088,rap,48
0.8626,0.9083,-0.0867,pop,48
-3.1889,-2.7933,2.9784,edm,48
-0.5613,1.6815,-0.477,edm,48
2.4106,-0.9977,-0.8736,rock,48
-0.3614,1.3101,0.0758,r&b,48
2.116,-1.3145,-1.1039,edm,48
0.5785,0.9328,0.7527,r&b,48
-0.9797,1.3766,-0.575,rap,48
-2.0153,-0.9565,0.104,r&b,48
-1.0381,0.6625,0.8638,rock,48
0.3637,0.2493,0.2324,pop,48
1.3791,1.7233,0.8259,edm,48
-1.3236,-0.0429,-0.0333,pop,48
0.1647,1.6607,0.629,latin,48
-0.8212,0.6786,0.5764,r&b,48
-1.3065,-3.0358,1.7037,rock,48
0.134,-0.4353,1.2954,pop,48
0.6618,-1.2287,-0.0957,edm,48
1.9808,-0.165,-0.0264,pop,48
1.401,1.0451,0.9063,latin,48
1.0925,-1.3141,1.373,edm,48
0.6052,1.3184,0.608,latin,48
0.1651,0.3181,2.185,edm,48
0.1497,-0.3092,-0.3656,rap,48
0.3346,1.5626,-0.6455,rap,48
-0.9134,1.2971,0.8032,rock,48
-0.9132,0.2719,0.3419,edm,48
-1.1161,0.8248,0.3444,latin,48
-0.7634,0.4224,2.0729,edm,48
-0.8908,-0.2968,1.5644,pop,48
0.5699,-1.1367,0.6684,rock,48
-0.6932,-0.0131,0.8967,rock,48
0.1673,-3.2135,3.5053,edm,48
-0.8889,-1.5368,-0.777,pop,48
0.5295,0.2565,0.5843,r&b,48
-1.1224,0.5126,-1.6454,rap,48
1.2961,-0.0675,0.3275,latin,48
-0.4398,1.3608,-0.3922,latin,48
0.6391,-0.3185,1.2209,edm,48
1.7939,-1.4961,-0.2588,rock,48
0.1026,-0.1647,0.9427,pop,48
0.6824,-0.7323,1.0785,pop,48
-1.8222,2.2913,-1.3878,r&b,48
0.2738,1.2779,-0.2431,rap,48
-0.0422,1.6985,-0.7098,rap,48
0.9907,0.7392,1.5322,pop,48
1.4304,0.5608,0.0544,latin,48
2.0928,-2.2734,-1.4559,rock,48
-0.1377,-0.0464,-0.2438,pop,48
1.3776,-0.4363,0.7681,pop,48
0.0053,0.9085,-1.0042,edm,48
0.584,-0.1375,-2.2709,rap,48
0.1676,-1.3479,2.1719,r&b,48
-1.1419,0.5017,0.1445,r&b,48
-0.8131,0.6872,-0.626,rap,48
0.3687,0.1205,0.1053,rock,48
-0.5,-2.1713,1.9528,latin,48
1.3712,0.4095,-0.1393,edm,48
-0.6986,-0.0642,0.0083,r&b,48
-0.3511,1.3287,1.5341,r&b,48
0.1511,-0.0642,0.4475,rock,48
0.2937,-0.2444,-0.7229,rap,48
1.2794,1.0198,0.619,pop,48
-2.1317,1.0786,0.0066,rap,48
1.5327,-0.4304,-0.4292,edm,48
1.4431,-1.4416,-0.0092,pop,48
-0.202,0.5756,-0.0379,rap,48
1.3958,0.7204,0.6046,pop,48
-2.3838,0.3026,-1.6471,rap,48
-0.8567,-0.3983,-0.5318,latin,48
-0.0063,1.0245,0.4468,latin,48
1.7373,-0.8082,-0.0918,rock,48
0.0313,-0.5405,-1.5842,edm,48
-2.1889,1.1655,0.041,r&b,48
-1.9476,1.5875,-1.8424,rap,48
0.5432,-1.3836,0.7457,pop,48
-3.6323,-0.7438,0.2046,pop,48
0.8527,0.6098,0.9576,rap,48
-0.5074,1.3893,1.7171,rock,48
-0.0796,1.6867,-1.1288,r&b,48
0.2979,1.3678,1.047,r&b,48
-4.7203,0.7415,-0.7565,pop,48
-0.9726,0.1251,-0.9909,r&b,48
0.046,0.4542,-0.3825,r&b,48
0.583,-0.1121,-0.03,edm,48
1.3724,-0.1096,-1.103,edm,48
1.275,-0.5162,-1.1487,edm,48
0.9015,-1.2354,-1.7158,pop,48
0.6579,0.2564,0.5163,latin,48
0.8074,-0.3179,-1.569,r&b,48
-0.4273,-1.0614,-0.8025,pop,48
1.002,0.2263,-1.1892,latin,48
1.1113,1.3154,0.9516,latin,48
0.7585,1.3808,0.5867,latin,48
0.149,0.925,0.6672,latin,48
-1.7043,0.9909,-1.2624,rap,48
-5.6518,-0.5957,-0.621,r&b,48
-4.1278,-1.4811,-1.5493,r&b,48
1.5331,-0.1787,-1.3784,pop,48
1.1981,1.1592,0.2912,edm,48
1.596,-1.9379,-0.3402,rap,48
0.1116,-1.0711,1.8949,latin,48
-0.9374,0.9711,-0.2792,rap,48
0.1444,1.5327,-1.5314,rap,48
-0.2914,1.2209,0.3365,rap,48
-0.389,0.2527,-0.4913,rap,48
0.439,0.088,0.3534,pop,48
1.5281,-1.7776,-1.0098,pop,48
1.1241,0.3812,-0.2536,rap,48
1.3672,-0.9831,-0.9948,edm,48
-1.8973,0.1132,-0.8202,rap,48
-1.8188,-0.2229,-0.7498,latin,48
-0.2718,-0.9798,-1.0006,rap,48
-0.2259,1.5754,-1.1824,r&b,48
1.5706,0.8245,-1.2707,rap,48
-0.6783,-2.3381,1.3665,latin,48
-0.6651,-2.1834,0.2583,rap,48
0.3384,1.2969,0.3964,rap,48
-0.3205,-0.3479,0.565,latin,48
-0.7124,0.1838,-0.6792,latin,48
1.873,-0.5018,-1.219,rap,48
0.3318,0.4196,0.8991,rock,48
1.6791,0.5381,0.9978,edm,48
1.2658,-1.0216,-0.5284,pop,48
0.1953,0.3676,0.4712,edm,48
0.7333,0.4222,-0.0391,rap,48
1.8438,-1.4359,-1.0485,rock,48
0.6093,-0.717,-0.4051,rap,48
-0.2332,1.827,1.0218,latin,48
-0.4866,1.5715,0.242,latin,48
-0.1564,-2.6601,-1.5634,rock,48
1.5448,0.2372,-2.2756,rap,48
0.5674,0.6614,0.4287,rock,48
2.3563,-1.6742,-1.8741,rap,48
1.2987,-0.2828,1.4356,rock,48
1.7607,-0.8687,-0.301,edm,48
-0.5691,1.7801,0.9775,latin,48
-1.7824,0.0356,1.3789,r&b,48
-0.6761,-0.558,1.5605,edm,48
1.4046,-1.2447,-0.3946,edm,48
0.0341,-1.7028,0.9831,latin,48
0.0223,1.1873,0.0827,pop,48
-0.5045,2.3805,0.1302,rap,48
0.2985,0.9255,-0.6262,rap,48
-6.0112,-3.4206,-3.1635,rock,48
-2.5894,1.5114,-1.7308,edm,48
-4.5498,0.0515,-0.7787,latin,48
0.1205,0.7502,0.3281,latin,48
1.2078,1.4834,0.4043,latin,48
-0.1937,-1.1743,-0.4108,edm,48
-0.1754,-0.126,0.5365,latin,48
0.7234,1.4114,1.2633,latin,48
0.3977,-0.1417,1.5947,r&b,48
0.339,0.3728,-1.1952,pop,48
-0.4603,1.4835,0.887,rap,48
-0.5019,-0.2013,0.5577,rap,48
2.2464,0.4179,-0.9823,r&b,48
0.178,0.8201,-0.05,latin,48
-0.0702,2.7373,0.0635,latin,48
0.4471,2.3231,-0.0101,rap,48
1.5846,-0.6163,-0.8177,latin,48
1.4792,-2.0907,-1.3389,rap,48
0.8808,-0.801,-0.9431,rap,48
1.3725,-1.207,-1.4856,pop,48
-1.4925,1.0136,0.0105,rock,48
2.0216,-2.2156,-1.6895,edm,48
-0.8094,1.4148,2.5224,rap,48
-0.206,1.3534,-0.1044,rap,48
-0.6549,0.0096,0.082,latin,48
-0.6117,-2.3276,2.1727,rock,48
0.456,-1.2975,0.9935,latin,48
-0.953,-1.4961,-0.3884,latin,48
1.4151,-2.0119,-0.5974,rap,48
0.9979,1.318,-0.5458,rap,48
-1.7819,0.6635,-0.4607,pop,48
-3.2877,-1.2453,0.0624,latin,48
-1.6885,1.2395,0.6981,latin,48
0.5533,2.5976,-1.1701,latin,48
1.3618,-3.0149,-1.9031,rock,48
1.5233,-0.2188,-0.381,latin,48
-0.3989,-1.7997,0.3946,rock,48
1.8067,-0.9104,-1.6141,rock,48
-0.3049,0.9892,-1.1814,edm,48
1.9873,-1.5323,-0.5914,rock,48
2.1445,0.0143,0.384,rock,48
1.4567,-0.2024,-0.0146,edm,48
2.2119,-1.845,0.9726,edm,48
-0.0528,0.7264,-1.0152,rap,48
1.0048,0.9887,-0.0962,latin,48
-1.0435,-0.2596,0.199,latin,48
-2.2888,-0.7418,-0.87,r&b,48
-1.454,-0.6732,0.2226,rock,48
0.8535,2.0947,0.6419,rap,48
0.9388,-0.7332,-0.7119,edm,48
-1.4623,-1.5364,-0.5592,r&b,48
2.3802,-1.7994,-0.8845,rock,48
2.1956,0.6461,-2.0956,rock,48
0.0767,-0.9471,-2.0256,r&b,48
0.1938,0.8102,-0.751,r&b,48
-0.2379,0.6444,-0.1663,rock,48
0.8699,0.182,0.3128,edm,48
0.6503,1.2246,-0.5175,rap,48
-1.0348,-0.7929,0.1374,rock,48
0.1888,2.1839,1.0606,rap,48
1.5222,0.4337,-1.0336,latin,48
0.9128,-0.2321,-1.2821,edm,48
-0.585,-1.193,-0.7315,edm,48
1.1959,0.3535,-3.1437,rap,48
-1.146,0.4574,0.8169,rock,48
-2.6365,-0.5662,-1.3777,rap,48
-3.6524,-1.0024,1.2117,pop,48
-2.1588,1.2558,0.192,latin,48
0.5052,0.666,0.5709,edm,48
-0.9619,-0.2674,0.1739,edm,48
1.0686,0.3091,0.359,pop,48
1.019,-0.944,-0.2879,pop,48
-0.2616,-0.4467,0.1001,rock,48
1.3448,1.1435,0.2613,latin,48
1.7508,0.9254,-1.9684,r&b,48
1.2939,0.6216,1.2618,latin,48
1.5988,0.793,-0.1789,latin,48
0.4255,-0.4397,1.056,latin,48
-0.4189,1.6783,-1.1455,latin,48
1.1576,-0.0468,-0.0902,pop,48
1.4862,0.4759,0.5583,edm,48
0.8992,0.4237,-0.302,edm,48
0.577,0.1852,-0.3108,edm,48
0.9947,1.7463,-0.664,rap,48
-0.8198,0.5351,0.0119,rap,48
0.3844,-1.3635,-0.1895,edm,48
1.2935,1.1062,-0.4065,latin,48
-1.6005,1.7306,-0.3852,latin,48
-0.6338,0.3487,0.8183,r&b,48
0.5502,0.1756,-0.7615,r&b,48
0.1835,0.2295,0.8981,latin,48
-2.5912,-1.3437,-0.8689,r&b,48
-4.1297,-0.2082,-1.4817,r&b,48
2.3931,-1.4168,-2.2406,edm,48
-0.8921,-0.6823,0.2138,edm,48
2.5934,-1.7527,-2.4127,rock,48
0.7384,0.0838,0.5202,rap,48
-1.548,1.7034,-0.2556,latin,48
0.4117,0.7065,0.2113,latin,48
-1.1196,1.524,0.4162,latin,48
1.7037,-1.054,0.8263,edm,48
1.9587,-2.2638,0.0836,edm,48
1.3032,-0.1081,-0.9303,edm,48
-2.3872,0.4621,0.2789,latin,48
-2.1844,0.4003,0.9293,r&b,48
-0.297,-0.8961,1.7824,rock,48
-0.7525,1.339,0.4394,latin,48
-3.3968,-0.8946,-1.5115,latin,48
0.7856,2.2782,0.7239,latin,48
-1.0685,1.9309,-0.8396,latin,48
-0.2211,-0.56,-1.5568,rap,48
0.9338,1.0245,0.5796,pop,48
-0.5843,0.9636,0.1581,pop,48
1.116,1.6334,1.6051,pop,48
-0.1094,1.303,0.1095,latin,48
1.1289,0.0155,-0.5058,rap,48
-0.6541,0.942,0.2001,rap,48
-1.1323,-0.3165,-0.5393,latin,48
1.4705,-0.639,0.4232,latin,48
1.9461,-0.4854,0.1068,edm,48
-0.8746,-0.8302,-0.8231,rap,48
-4.4918,0.6196,0.9291,rap,48
-6.3594,1.4248,-0.858,rap,48
-3.16,0.0923,-0.4813,pop,48
-4.6016,-1.9484,-0.3509,rap,48
-5.0203,-0.4261,0.1217,rap,48
-0.9181,0.0437,0.1473,latin,48
-0.4589,0.513,0.3852,latin,48
1.6785,0.6211,-1.5877,latin,47
1.5902,0.8574,1.0219,rap,47
0.0407,0.7759,-0.5171,latin,47
-1.0314,-0.4192,-0.35,latin,47
0.6502,-0.1037,-0.0271,latin,47
0.8006,0.3817,0.0447,latin,47
0.9154,-0.857,0.35,rock,47
1.3059,-0.7775,-1.2353,rock,47
1.5247,0.7987,-0.7557,r&b,47
1.2161,0.441,0.0578,edm,47
-0.2814,-0.4231,0.4246,edm,47
0.9986,0.0533,1.7516,rock,47
-0.988,-0.4728,0.8211,r&b,47
-1.0057,-1.1042,-0.7151,r&b,47
0.8421,1.7831,1.3173,rap,47
-0.0682,-0.1256,0.5762,r&b,47
1.9609,0.013,-0.6531,edm,47
-2.4522,-0.8481,0.5701,r&b,47
1.1359,0.1772,-0.1676,edm,47
1.2174,-1.0469,0.3258,rock,47
1.1726,0.6527,-0.2722,r&b,47
0.1953,0.9461,-1.4055,latin,47
0.6709,1.6344,1.8364,latin,47
1.6242,1.7266,2.0073,rap,47
1.4526,0.5762,0.4567,rap,47
-1.7683,-0.4309,0.0346,pop,47
-1.4018,0.4293,-0.0856,rock,47
-0.0129,0.1257,0.1303,latin,47
1.4636,1.0187,0.8334,pop,47
-1.0708,-0.04,-0.1154,pop,47
0.2765,1.5736,0.023,r&b,47
2.137,-0.7889,-1.0008,rap,47
0.6068,-1.9034,0.0387,rap,47
-2.6072,-1.7638,-1.5433,rap,47
0.4922,0.0392,-2.0888,rock,47
0.1217,1.9361,-0.3839,rap,47
0.0443,1.5979,-0.8242,rap,47
-3.7262,-0.5336,-1.1858,r&b,47
0.614,1.7142,-1.0559,rap,47
-0.7825,1.3542,1.0952,latin,47
1.1318,-1.6615,0.608,edm,47
-0.5981,1.5376,-0.9363,latin,47
1.6676,-0.9811,-0.4405,rap,47
0.7182,-1.6414,-1.0076,rap,47
-0.12,-2.5698,-0.7804,rap,47
-3.3837,-0.0871,-0.8261,r&b,47
1.52,-2.0425,-0.9929,rock,47
1.8603,1.968,-1.0011,latin,47
-0.435,-4.157,-0.9339,rock,47
-2.288,-1.952,2.8037,latin,47
-0.6037,-0.549,-0.2626,latin,47
0.9355,-1.0479,-1.4385,edm,47
0.7637,-1.9407,-1.5187,rock,47
0.8307,1.3012,-0.2739,r&b,47
-1.1987,-0.6998,1.1956,r&b,47
-0.4961,-0.5954,-0.0446,rock,47
0.7035,1.3285,0.3977,latin,47
-0.5331,0.9566,-1.1448,rap,47
-1.9342,0.1554,0.145,latin,47
-2.7781,1.7554,0.2179,latin,47
-0.1534,0.2678,0.3358,latin,47
-3.5973,-0.5962,-1.0892,rock,47
-2.126,-0.6664,2.1289,pop,47
2.3258,-0.6186,-2.327,edm,47
0.6533,-0.1006,-1.3638,latin,47
-4.2154,0.4803,-0.3179,latin,47
0.567,0.0103,0.4464,pop,47
-1.3697,-1.0943,0.8335,r&b,47
-0.6238,0.6439,-0.672,latin,47
-7.7625,-0.9162,-0.967,pop,47
0.2999,0.6188,1.5089,latin,47
1.3316,-1.7264,-0.893,rock,47
-0.0308,-2.3915,0.5339,edm,47
0.2961,0.5116,0.2057,rap,47
0.0218,0.1891,-1.2279,rap,47
0.7865,-0.0487,0.0374,edm,47
-2.8789,-0.1804,1.7767,rap,47
0.451,0.056,0.8907,rock,47
-1.5278,1.4211,-1.2146,r&b,47
-0.136,0.4638,0.5043,edm,47
-1.6547,0.4418,1.3279,r&b,47
1.0974,0.0512,-0.1329,latin,47
0.263,1.4549,0.7935,rap,47
2.2976,1.5298,-1.4188,rap,47
-2.0017,-3.0432,2.2285,pop,47
2.1637,-1.8104,-0.8206,rock,47
-0.8135,-1.4427,-1.2984,latin,47
1.0662,1.7672,1.1319,rap,47
0.4069,-0.0581,0.5726,latin,47
-0.8348,1.9334,0.1957,r&b,47
-1.4156,-0.9257,0.7201,edm,47
-0.4536,-0.1092,0.1258,edm,47
0.6915,-1.6382,0.18,rock,47
0.4767,0.2102,-1.1767,edm,47
1.1064,-1.9882,-0.8794,rock,47
1.486,-0.8389,0.5781,rock,47
2.1412,-0.8458,-0.4444,pop,47
1.3017,1.4985,0.8822,latin,47
-2.0718,0.7201,0.5441,rock,47
-0.1404,1.6987,0.6829,latin,47
1.2095,-0.6752,1.6109,edm,47
0.8761,-0.151,-0.1538,rap,47
1.4987,-0.8334,-1.8508,edm,47
0.8259,0.0881,-0.0312,rock,47
-0.8189,0.7323,-1.0544,latin,47
0.4959,-2.2538,-0.8046,rap,47
-1.4005,-1.5925,-1.0977,rap,47
-0.006,-0.2194,-0.0022,rock,47
0.6323,1.3451,1.1211,rap,47
1.2794,-0.5422,0.3485,rock,47
1.038,-1.0801,0.9192,rock,47
0.5798,-1.1542,-0.493,rap,47
0.436,1.3654,-0.2941,edm,47
0.2887,0.2388,2.1114,edm,47
-1.5648,-0.1139,0.5205,r&b,47
1.0893,-0.5689,0.2723,rock,47
0.8779,1.0368,-0.2891,latin,47
0.5399,-0.4863,-0.5727,rap,47
0.2108,-1.3204,-0.303,rap,47
0.4679,-0.6387,-0.7899,r&b,47
-0.165,-0.1536,1.1978,rock,47
-3.0557,1.9035,-1.6392,r&b,47
-1.9905,2.0384,-1.0352,r&b,47
1.2315,-0.1581,-0.4365,latin,47
0.1233,0.4338,0.5712,latin,47
1.409,0.1332,-0.0724,pop,47
0.1211,1.7499,-2.0938,r&b,47
0.3035,-2.4151,0.6181,rap,47
1.3334,1.7966,-0.4311,rap,47
2.0955,-1.8637,-0.7384,rock,47
-2.3904,0.6626,0.2623,rap,47
-0.4403,0.1226,-0.0161,latin,47
-0.2503,1.6373,-1.1931,latin,47
1.0894,-0.1371,-0.7065,latin,47
-0.6382,-0.0507,-1.0035,latin,47
-0.4264,-2.2134,-0.7168,rap,47
1.9841,-0.343,-0.1801,rock,47
0.8835,-0.2847,0.5175,rap,47
-0.2248,1.4319,0.5604,latin,47
2.0402,0.5253,-0.3793,edm,47
0.3498,-0.1219,-0.826,r&b,47
1.1209,-0.6206,-0.2947,edm,47
-1.2768,-0.0785,-1.1522,rap,47
1.0269,-0.4148,0.6867,rap,47
0.2032,1.6322,0.2814,latin,47
-1.1744,-1.9487,-1.5843,rap,47
-0.4125,-0.7666,-0.706,rap,47
1.3522,-1.0988,-1.1165,pop,47
-3.0609,-1.2005,0.4393,r&b,47
1.3781,2.1505,0.0059,rap,47
1.2191,-1.6591,-1.1524,r&b,47
-0.308,0.3902,0.2857,r&b,47
1.3108,-1.268,-0.5572,edm,47
0.4329,0.0006,-0.932,pop,47
-1.2203,1.7756,0.6406,latin,47
-0.1286,-0.3364,1.248,latin,47
0.0274,-0.4205,-0.0547,edm,47
0.5158,1.4774,-0.0253,pop,47
1.8406,-0.1368,-0.3927,edm,47
-0.4106,1.6274,-0.3835,r&b,47
-1.06,1.444,1.5401,r&b,47
-0.8989,0.5723,0.7171,rock,47
-0.2453,1.6584,1.6461,pop,47
-0.067,0.34,-1.4632,edm,47
0.9031,-0.8238,-0.6362,edm,47
-1.5985,0.4915,-0.7664,edm,47
1.0401,-0.3896,0.8372,edm,47
-1.3597,0.1182,0.5554,rap,47
1.2271,-0.4652,0.045,latin,47
1.1532,0.2939,-0.2892,latin,47
-1.2722,0.6881,0.4806,pop,47
-1.0033,-1.348,1.3058,edm,47
0.4062,-2.3825,-0.7764,rock,47
-0.2267,1.3292,0.6601,latin,47
-1.224,0.899,0.4597,latin,47
1.0395,-2.1909,1.5007,edm,47
0.1681,0.2288,-0.5756,r&b,47
0.6885,0.1198,-0.7002,pop,47
1.5602,-0.2594,0.7668,rap,47
-0.4596,1.6327,-0.2453,rap,47
0.4563,1.4616,-0.591,rap,47
-0.7698,0.5848,-0.0126,latin,47
1.4189,1.1052,0.3371,rap,47
1.4603,-0.2947,1.3321,edm,47
-3.5516,-0.4957,-0.4663,latin,47
-3.7646,-1.4772,-0.4017,r&b,47
-0.2502,1.8903,0.0481,rap,47
1.0806,0.8941,-0.1414,rap,47
1.522,1.3447,-0.0199,latin,47
-1.3747,2.4346,-0.2007,rap,47
0.9049,0.2402,-0.3651,edm,47
1.2225,-0.7937,0.3382,rock,47
1.7736,-0.3736,0.2694,rock,47
0.1056,-1.0056,0.6892,rock,47
2.1506,1.7803,1.4741,latin,47
-1.2465,0.7759,-0.0938,r&b,47
-0.9738,-0.697,-0.6525,r&b,47
0.9683,1.3602,-0.142,pop,47
-0.1901,0.9991,-0.6444,rap,47
0.2916,-0.9956,-0.0403,r&b,47
0.172,0.1604,0.7165,r&b,47
1.1069,0.9451,-1.7878,edm,47
0.5815,0.9226,0.7318,latin,47
-0.8457,0.7364,0.1375,latin,47
-0.0234,2.6003,-0.2729,rap,47
-3.3827,-0.4674,0.4187,rap,47
1.8846,0.7008,-0.4428,rap,47
-0.1285,0.8133,-0.6036,rap,47
0.4133,0.4381,-1.4165,edm,47
0.2173,3.1945,-0.1109,rap,47
-0.2262,1.8674,0.8746,edm,47
1.1451,-0.2722,0.2916,pop,47
0.8949,0.1138,1.0104,rock,47
0.3924,2.1499,1.3705,rap,47
-0.9089,0.7008,-0.5425,rap,47
2.0883,-0.157,-0.373,edm,47
-2.0109,-3.7262,-0.105,pop,47
0.7522,1.1784,-0.1847,pop,47
1.2283,0.6365,-0.8047,pop,47
0.8787,0.8881,0.4364,r&b,47
2.0684,0.6508,0.2164,rock,47
-2.4297,-0.5939,0.5787,rock,47
0.0175,1.041,0.1678,r&b,47
0.7348,0.4598,-0.3362,edm,47
-1.445,0.5598,-0.0402,pop,47
-2.2103,-2.1712,-1.4271,rap,47
-0.4315,0.6162,0.0777,rap,47
-0.1826,0.3802,0.5228,latin,47
-0.6174,0.6237,-0.2576,edm,47
1.4449,-0.854,-1.0391,rock,47
-0.2723,0.4312,1.5018,rap,47
1.4225,-0.8452,-1.7733,r&b,47
0.5253,0.7727,0.1269,r&b,47
1.2728,1.0366,0.3653,r&b,47
-0.0521,1.203,1.0677,r&b,47
0.6812,-0.3367,-1.2715,rap,47
2.1134,-0.8775,-0.6277,pop,47
-1.3843,-1.3168,-2.1879,rock,47
-0.1419,1.6504,0.6692,latin,47
0.4231,0.8182,-0.083,edm,47
-2.2484,0.6053,-0.4495,edm,47
0.1434,-1.1245,-0.1619,edm,47
0.958,-0.64,-2.1514,edm,47
-0.1191,-0.1984,1.2162,r&b,47
0.5902,-0.311,-0.6577,latin,47
-0.9863,0.943,-0.7638,latin,47
0.413,0.1932,0.438,latin,47
1.1815,1.0147,0.0273,latin,47
-7.1365,-1.7558,-1.9251,r&b,47
-4.8737,-0.4908,-1.3095,r&b,47
0.0799,0.9638,-1.6452,rap,47
-1.2274,-0.9098,0.7492,r&b,47
-2.2752,1.5955,1.4925,r&b,47
1.6637,-1.8962,-0.7463,rap,47
-3.4159,-0.1431,-0.8097,pop,47
1.1528,0.426,-0.4012,pop,47
1.7945,-0.281,-0.313,pop,47
-1.5614,-1.2374,-1.2487,r&b,47
1.4904,-0.6999,-1.209,pop,47
0.1823,-0.3866,0.2614,edm,47
1.6815,0.2246,-0.1978,edm,47
1.0398,-0.1871,0.2969,pop,47
-0.3693,1.5981,-0.7445,rap,47
0.958,1.7315,0.8767,r&b,47
-0.9142,-0.9462,2.2216,pop,47
1.1112,-2.0063,-0.4596,pop,47
0.701,1.2078,1.028,latin,47
2.4526,0.0449,-1.2651,rock,47
1.08,-1.8925,1.8023,edm,47
1.1604,0.8971,-1.0912,edm,47
0.8785,-0.7147,0.3259,edm,47
1.6134,0.5758,-0.2767,rock,47
-0.7289,1.6945,0.5259,latin,47
1.2323,0.4105,0.0987,latin,47
1.2772,0.695,-0.4922,edm,47
1.3774,-0.338,-0.9605,pop,47
-1.237,-1.3186,-0.4273,r&b,47
-0.0997,-0.9905,0.1607,rock,47
1.5299,1.2105,0.5661,latin,47
-1.3934,2.1732,0.054,r&b,47
-2.4938,0.313,-0.2341,r&b,47
0.4613,-0.7488,-0.5735,rap,47
-1.5651,2.3677,-2.0512,rap,47
0.6031,-1.2558,-0.4138,edm,47
0.1435,1.1263,1.8502,r&b,47
1.1294,1.2595,-0.0015,latin,47
0.3253,1.3827,-0.1378,rap,47
0.3311,0.7556,0.3572,rap,47
-3.5515,-0.828,0.0475,rock,47
0.2412,-1.6028,-0.1025,pop,47
1.1348,-0.1434,-0.2063,pop,47
-2.4357,-1.282,-2.021,rock,47
0.6366,0.5509,-0.9881,edm,47
-2.2568,0.5208,1.0473,pop,47
1.0553,-0.3878,-0.2641,latin,47
0.2642,1.945,-0.3528,rap,47
1.0604,1.0776,0.0729,edm,47
1.6666,-0.7296,-0.3896,edm,47
0.6092,0.7255,-1.3915,rap,47
0.8472,0.4281,2.1723,edm,47
0.2417,1.589,2.3927,edm,47
0.5281,-0.7398,-0.2286,edm,47
0.038,1.9034,-1.8471,rap,47
-5.1984,0.0757,-0.7548,rap,47
-5.2196,-0.5756,0.4771,rap,47
-3.8808,-0.3452,-3.4363,rap,47
-3.9829,0.0971,-1.4718,rap,47
-4.7197,-0.2087,-1.1614,rap,47
-5.8434,1.8305,-0.3346,rap,47
-0.3308,2.1455,-0.221,rap,47
0.6463,0.3631,-0.9609,r&b,47
1.1016,-0.8082,-0.8764,edm,47
-1.8265,-2.5216,3.5235,edm,47
1.6643,0.4775,-0.0968,edm,47
-1.3862,1.0015,2.6579,r&b,47
-0.2372,-0.979,0.5427,rap,47
1.0625,-0.4051,0.0338,edm,47
-1.8813,-0.5906,0.1941,r&b,47
0.8063,0.9454,0.7882,latin,47
1.0493,1.0252,0.1417,rap,47
0.4476,-0.859,-0.1575,pop,47
-1.9014,0.8793,1.0063,r&b,47
-0.905,0.9431,0.7073,edm,47
-0.927,1.6823,-0.7061,rap,47
0.3344,-0.6876,-1.2923,r&b,47
-3.3369,0.7841,0.2326,r&b,47
0.5771,1.6496,0.1013,r&b,47
0.8926,-0.738,-1.2727,pop,47
-0.559,-0.2981,0.1974,edm,47
-1.0733,0.695,-0.1029,r&b,47
-0.4688,-0.3636,1.4343,r&b,47
0.5623,-0.6759,-0.0027,pop,47
-0.0256,-0.5256,-2.2207,r&b,47
-2.7428,-0.2306,0.6724,edm,47
1.5842,0.4481,0.429,latin,47
-1.4241,0.7396,0.0454,rap,47
1.2455,-2.4792,-1.714,rock,47
-1.2182,0.2644,-0.0054,latin,47
-4.1113,-0.3038,-1.0211,pop,47
-1.5376,0.304,1.3852,latin,47
0.7905,0.5456,1.0873,rap,47
0.4739,1.4013,1.5724,r&b,47
0.7699,2.1754,0.0183,rap,47
0.1331,2.1157,-0.0736,rap,47
-0.3914,0.519,-0.2757,edm,47
-2.4481,1.3597,-1.2855,r&b,47
-3.7477,-0.0427,0.1979,r&b,47
0.0077,-0.2091,-0.2217,rap,47
-0.4964,0.1247,0.6215,rock,47
-2.5123,-1.3846,-0.8824,latin,47
-4.8259,0.2195,0.8491,rap,47
-4.4791,-1.4726,0.4532,rap,47
-2.644,2.8159,-0.404,rap,47
-5.9221,-1.5151,0.2133,rap,47
-3.5414,0.0614,-0.2548,rap,47
-3.5287,4.643,-2.3526,rap,47
-1.1715,-0.7794,0.7888,edm,47
0.5446,-0.9655,-0.1369,latin,47
1.551,-1.5212,1.3244,edm,47
-0.3677,1.056,0.2223,rap,47
0.6819,-2.0785,0.9114,r&b,47
1.1162,-0.8741,0.1653,rock,47
1.4392,1.472,-1.3165,rap,47
1.0625,-1.473,0.2961,pop,47
1.4388,-0.8615,-0.6101,rock,47
-1.5433,2.6257,0.0291,latin,47
0.3498,0.0734,0.9914,pop,47
1.7081,-0.7477,0.2293,edm,47
-0.1531,-0.1109,1.202,r&b,47
-0.0067,1.5325,-0.9607,rap,47
1.3898,-0.2308,0.3064,latin,47
0.981,-1.5125,-0.2684,edm,47
-0.0413,-3.0236,-0.2939,rock,47
0.4054,0.9797,-0.1487,edm,47
-0.9406,1.6703,-2.6149,rap,47
-0.2613,-0.0088,-0.1988,latin,47
-1.029,1.6589,-0.2569,r&b,47
-2.689,0.6267,-0.1355,pop,47
-0.8832,0.4549,-1.0624,pop,47
0.6083,-0.4784,-0.738,pop,47
2.1472,-0.7458,-1.247,pop,47
0.0029,-0.048,0.3975,latin,47
1.3803,-1.1227,-0.3875,edm,47
1.1542,0.5105,0.7204,edm,47
-0.6611,0.6122,0.224,r&b,47
0.4645,0.7148,0.327,rap,47
1.3988,-0.8725,0.0277,latin,47
-1.0263,0.0585,-1.5848,rap,47
-1.3096,-0.2427,-1.632,r&b,47
0.4995,-1.5134,-0.2106,edm,47
0.4247,-0.3604,1.499,edm,47
0.4756,-0.1344,0.0215,latin,47
-0.3685,-0.2532,0.8273,pop,47
-0.4561,-3.3536,-0.269,rock,47
-4.6465,-0.8828,-0.963,rap,47
1.2558,-0.2569,3.1574,edm,47
-1.2058,-0.4267,0.1251,latin,47
1.7266,0.2239,-0.5557,edm,47
1.276,-0.0815,-0.2548,edm,47
-0.2617,-1.2979,-0.9168,r&b,47
2.4955,-1.0483,-2.25,rock,47
1.7483,-1.244,-0.6115,rock,47
0.5382,0.2795,0.2802,rap,47
1.3912,-0.8944,-0.2133,edm,47
-0.9804,0.4785,1.0898,rock,47
2.4547,-0.0897,-0.4729,edm,47
2.0724,-1.498,-1.8152,edm,47
1.6861,-1.4853,0.5251,edm,47
0.6308,0.0114,0.5622,r&b,47
-1.6231,-3.2021,2.6416,pop,47
0.6953,0.6214,0.1241,rap,47
-4.8237,0.1415,0.4177,rap,47
1.1859,-0.6584,0.0958,edm,47
-3.4843,-0.3549,0.593,r&b,47
0.3838,-0.0572,-0.6303,r&b,47
-1.1581,2.1512,-1.1244,r&b,47
0.861,-0.4578,0.2592,pop,47
-4.5395,-1.2109,-0.8207,r&b,47
1.577,-0.2024,-0.804,latin,47
1.047,-2.4241,0.4139,edm,47
-1.3923,1.3393,-0.4316,latin,47
-3.4097,0.486,0.169,rap,47
-4.1149,0.0656,0.2207,rap,47
-4.6881,-0.9044,0.0313,rap,47
-4.7279,-0.8593,-0.0684,rap,47
1.5953,-0.7861,0.7758,edm,47
1.7035,-1.1597,-0.494,edm,47
0.2828,-0.5293,0.1577,latin,47
0.9889,-0.3104,0.0842,edm,47
0.0458,1.1975,1.1139,latin,46
0.5041,-1.0427,-0.4934,latin,46
1.1085,0.7527,0.2854,edm,46
0.7245,1.5184,-0.2135,rock,46
1.2981,0.0313,-1.5839,edm,46
1.6662,-2.5078,1.5519,edm,46
0.7281,1.5233,1.3625,r&b,46
0.8224,-0.5209,0.0066,latin,46
0.4213,1.8377,-0.8724,rap,46
-2.8988,1.1055,-0.2751,rap,46
1.4329,-2.0333,2.0571,edm,46
2.3363,-1.9475,-2.7186,pop,46
0.5329,-1.2948,-0.3005,edm,46
-1.06,1.6258,0.764,r&b,46
1.1103,0.3158,0.5298,edm,46
1.5262,0.571,0.2386,edm,46
0.5469,-1.9291,2.7738,edm,46
-2.0401,-0.9406,-0.6633,pop,46
-2.001,0.4161,0.7739,r&b,46
-1.6139,0.1091,0.6789,rock,46
1.0023,-1.0988,0.2294,edm,46
1.698,1.7963,1.2809,edm,46
-3.0212,1.2582,-0.1131,latin,46
-0.8592,-0.715,0.1458,r&b,46
0.9868,-0.194,-0.8072,edm,46
0.2877,1.4028,-1.1442,latin,46
-1.7998,0.8419,-0.8776,rap,46
0.5211,-0.7876,0.3654,rock,46
-2.2467,1.7672,-0.6295,latin,46
-6.4713,-0.5515,-1.1369,r&b,46
1.2135,-1.6386,-0.1729,r&b,46
-0.0504,1.5166,-0.5786,r&b,46
0.3183,-0.0053,0.297,edm,46
-0.2126,2.5271,0.7587,r&b,46
-2.6707,0.8368,1.5671,rap,46
-0.538,0.2575,0.7116,r&b,46
0.9577,1.1213,-1.1526,rap,46
-1.8081,0.8473,0.1712,pop,46
0.1515,-2.1917,4.3654,edm,46
-0.304,0.826,1.6013,edm,46
1.7175,-0.6254,0.7755,rock,46
-0.5593,-0.2851,-1.3076,rap,46
1.6476,0.9803,-0.2704,latin,46
-3.4485,1.8206,-0.8919,rap,46
0.6177,1.08,-0.3939,rap,46
2.006,0.9039,-1.77,r&b,46
0.4209,0.9795,-0.1321,r&b,46
0.0403,-0.3941,-0.0807,pop,46
0.0621,0.9321,1.5694,latin,46
0.0755,1.233,-0.385,rap,46
-1.8191,-0.8357,-0.9038,latin,46
1.0522,0.9433,-2.1713,pop,46
1.1199,0.8865,0.0525,rap,46
0.3277,-0.8396,-0.1072,pop,46
-0.6313,0.9663,-0.0053,rap,46
0.9532,1.6518,0.2351,edm,46
-1.0625,-0.6064,1.6163,pop,46
2.0339,-1.2434,-0.3208,edm,46
1.9393,-0.4376,0.5887,edm,46
-0.1351,2.248,-0.7503,latin,46
0.838,1.5214,1.3546,edm,46
0.6535,1.2581,0.9964,rock,46
-0.5603,0.8034,0.0208,rock,46
1.8241,0.3974,0.8536,edm,46
-0.5201,-3.0232,3.4577,edm,46
0.2405,1.3337,-0.3888,rap,46
0.2422,2.1577,0.8513,rap,46
-2.5753,0.1519,0.6308,r&b,46
-0.6502,-2.9623,-1.6391,rock,46
-0.4841,-0.6108,1.7014,edm,46
0.906,0.1729,0.4524,latin,46
-0.3755,0.7177,1.831,latin,46
0.8495,1.1324,-2.1288,rap,46
-0.0055,0.2176,1.2265,rap,46
0.4185,1.7257,0.3425,latin,46
-1.628,-0.6412,0.5722,r&b,46
-4.1121,-0.0161,-0.5451,latin,46
1.3002,1.0937,1.5427,edm,46
-0.8524,0.742,-0.0473,rap,46
-2.857,-1.4666,-1.4038,edm,46
0.4512,3.4186,-0.8087,edm,46
0.9624,-0.0621,1.4686,r&b,46
1.4475,-0.5139,-0.135,edm,46
1.861,-0.21,1.5789,edm,46
-1.2402,1.2467,0.7632,r&b,46
-3.9463,-1.167,-1.4744,pop,46
-4.6048,-1.2714,-1.2626,pop,46
1.2301,-0.5884,-2.0729,rock,46
-0.4939,0.9189,0.4782,latin,46
0.2692,0.3339,0.8062,r&b,46
-0.4192,-0.347,-0.4809,latin,46
1.1231,-1.5129,-1.2782,rock,46
0.226,0.3283,-0.3607,edm,46
0.9883,1.5629,-0.3634,rap,46
-5.5224,1.1522,0.0724,rap,46
1.3596,1.2208,-0.7277,rap,46
1.565,-0.8139,-0.0404,edm,46
-0.7329,0.2966,-0.4049,pop,46
-1.2092,1.4549,0.492,r&b,46
0.9228,1.2953,0.9872,r&b,46
1.2465,-0.2749,-0.5212,rap,46
0.3678,-0.9238,-0.1058,edm,46
-0.9,1.7133,1.5551,r&b,46
-0.1908,1.3802,1.0713,r&b,46
-0.0411,-0.2963,-0.1582,pop,46
-2.4454,0.8784,-0.2957,r&b,46
0.1408,0.9916,0.4768,latin,46
-0.0639,1.621,-1.1183,r&b,46
-0.4729,0.7672,-0.4981,r&b,46
0.5369,0.3444,1.5388,edm,46
0.7353,0.2272,-0.4493,rap,46
1.697,1.5405,0.2889,edm,46
1.6641,-1.6888,0.2079,rock,46
0.2649,1.7532,0.6348,latin,46
-1.3989,1.4503,1.131,latin,46
-0.2134,-2.3897,2.7279,edm,46
1.2097,-0.4087,-0.4643,pop,46
1.1991,0.178,1.1886,r&b,46
-0.4738,-1.8522,0.5327,edm,46
-2.522,1.6357,-0.5399,r&b,46
0.6354,-0.0534,0.3617,pop,46
1.5631,0.9462,-1.2273,edm,46
0.5902,0.7453,0.1285,rap,46
-0.1748,0.2049,-0.204,latin,46
0.8152,-0.038,0.2099,latin,46
0.7898,0.6613,0.4504,rap,46
-0.7844,0.3344,1.1305,rock,46
2.0096,-0.2308,-0.2436,rock,46
-0.1991,2.5012,-0.5655,rap,46
1.792,-0.6745,-0.6564,rock,46
-1.0816,0.4647,1.383,r&b,46
-1.3522,2.4923,0.59,rap,46
-0.082,1.2139,-1.3452,rap,46
-1.0619,0.9967,0.2891,r&b,46
0.5418,0.0685,0.3389,pop,46
-0.2842,0.0137,0.3635,pop,46
1.1855,-0.2665,-1.2615,pop,46
-0.5871,0.8235,1.8914,r&b,46
1.0354,-3.2491,0.8275,rap,46
-0.1215,1.4848,-0.0656,rap,46
0.8548,2.2131,0.2525,r&b,46
-0.7862,0.2091,-0.2754,edm,46
-0.2925,0.3141,1.3432,edm,46
-2.1374,1.1465,-0.2245,r&b,46
1.4037,0.3988,0.2434,edm,46
1.8248,-2.3338,-0.5603,edm,46
1.1558,-1.6868,1.1008,edm,46
0.0578,1.3864,-1.0946,rap,46
1.7443,-0.8612,-1.1189,edm,46
0.5112,-0.5498,0.0374,rap,46
1.0204,-1.165,0.9745,edm,46
1.1438,-1.7211,-0.453,rock,46
1.2258,-1.2779,0.2717,rap,46
-0.1514,1.5807,-0.8142,rap,46
-1.5313,1.2364,-0.4973,rap,46
-2.838,-0.6742,-0.3333,rap,46
0.6211,0.784,0.4751,latin,46
1.4741,-0.4024,-0.7622,pop,46
-2.0537,2.8567,-1.048,r&b,46
1.5619,-0.5099,0.2352,rock,46
-3.3073,-0.7445,-0.8838,r&b,46
2.0158,-0.4308,-0.5304,pop,46
-1.7662,0.7306,-0.0372,rap,46
0.8377,1.1587,0.6494,pop,46
-0.6873,0.9594,1.4233,rap,46
0.7348,-2.1307,2.1746,edm,46
1.1203,0.1406,0.3989,rap,46
-0.08,1.8584,-0.0924,latin,46
1.3217,0.8375,0.4147,edm,46
-0.8649,1.9565,-0.2152,rap,46
1.6079,-2.0193,-0.8445,rock,46
-1.2323,-1.4194,1.2845,pop,46
0.5627,-1.3224,-0.5194,rock,46
1.3848,-1.3026,-1.2718,rap,46
1.6065,2.2486,0.6922,latin,46
0.3613,-0.2199,0.5676,edm,46
1.6946,0.0343,0.6205,pop,46
0.5018,-3.1603,1.2787,edm,46
1.9558,1.1324,0.8789,edm,46
-1.0764,0.5025,-0.0878,latin,46
0.7425,1.4968,0.6691,latin,46
0.1616,1.3215,-0.7594,rap,46
1.2745,-0.2505,-0.1607,latin,46
1.1859,0.4771,0.1196,latin,46
-0.9629,2.2311,-0.1903,r&b,46
1.3522,1.1833,2.1694,rap,46
1.5001,-1.8758,-0.4905,edm,46
-1.8455,0.0652,-0.1774,r&b,46
0.4927,-0.5545,-0.0493,r&b,46
0.3077,-0.5792,-0.2307,rap,46
-0.3557,-0.0854,-0.4599,rock,46
0.4054,-0.3195,0.4785,pop,46
-0.1097,-0.2161,1.3143,r&b,46
0.6624,0.1979,-0.2301,pop,46
0.5514,0.9066,1.0581,pop,46
0.3976,-0.2592,-0.2548,r&b,46
1.0485,1.175,0.1363,pop,46
-2.3562,1.3439,-0.2173,r&b,46
-0.8274,-0.6972,-1.2705,rap,46
1.0117,-0.6197,-0.091,rock,46
0.2858,1.4289,1.1898,pop,46
0.6723,-0.0332,-0.7059,rap,46
-0.0311,1.1427,0.9725,r&b,46
1.4663,1.0394,0.3907,edm,46
-0.7981,0.4782,-0.879,latin,46
-0.0955,0.6665,1.782,r&b,46
0.686,-1.3302,-0.5982,rock,46
1.0866,1.4003,-0.36,pop,46
1.3874,0.6348,-0.5242,rap,46
-0.5988,2.0312,-0.9219,rap,46
-0.431,1.2876,-1.1532,rap,46
0.2927,0.9237,0.111,latin,46
-0.8517,-0.3501,0.4754,r&b,46
1.7559,-0.1234,-0.1186,pop,46
-1.384,1.099,1.6871,r&b,46
0.8095,0.7244,0.5921,rock,46
0.498,-2.7372,0.3248,rock,46
-0.6626,0.5825,-0.492,edm,46
1.1723,0.752,0.0129,edm,46
2.1073,-2.1982,-0.5543,rock,46
1.5615,-2.6533,-0.5405,rock,46
0.3493,1.6398,-0.6182,rap,46
-1.8443,0.1478,-0.3062,r&b,46
1.1762,-1.2352,-1.2698,edm,46
-0.9975,0.0018,0.9957,r&b,46
0.218,0.1481,-1.9475,edm,46
-1.5332,-2.2301,1.3164,rock,46
-1.0864,-0.5265,0.2229,r&b,46
1.1808,0.3379,1.0345,pop,46
-0.8367,0.4975,0.1751,latin,46
-0.7944,0.7132,-0.1997,rock,46
-0.0337,-0.5298,1.01,pop,46
0.0388,1.1857,0.3485,pop,46
0.0605,0.5723,-1.849,rap,46
-0.3705,1.0083,0.1593,latin,46
0.7715,1.7962,-2.0774,rap,46
0.3586,-0.3441,0.4836,pop,46
-0.0315,-1.2794,0.2537,pop,46
-0.4586,0.5835,-0.3227,latin,46
-0.6002,-1.0245,-0.4396,rap,46
0.3059,0.0693,0.1737,latin,46
0.3145,1.3893,-0.2066,latin,46
-2.7103,-3.4192,0.7146,edm,46
-2.2664,-1.4644,-1.0259,rock,46
0.7778,-0.4099,1.7989,r&b,46
-1.5462,-2.0377,-0.3034,rock,46
1.1843,-1.7375,1.029,edm,46
-0.9789,-1.7999,-1.0855,latin,46
0.741,-0.8898,-0.4664,latin,46
0.0519,1.8391,0.5306,latin,46
1.6305,0.4034,0.1438,latin,46
1.5432,1.2559,0.877,edm,46
-1.5184,-2.1898,-0.5167,rock,46
-1.3613,-4.3574,-0.3077,rock,46
-2.1205,-1.6967,-0.7537,rock,46
-2.0757,-0.4923,-0.2616,rock,46
-0.5353,-0.5112,1.5678,rock,46
-1.0447,-0.6698,-1.0704,rap,46
1.6568,0.3747,-0.5879,rock,46
0.091,2.1793,-2.3791,pop,46
0.6134,-0.5442,0.7777,edm,46
-0.2778,-1.8777,-2.1161,r&b,46
-0.9148,0.0604,-0.4872,edm,46
1.2587,-0.4814,-0.2657,pop,46
-1.1178,-1.5586,0.66,edm,46
1.3115,-1.5293,0.9907,pop,46
0.5441,0.0266,-1.1604,rap,46
1.185,1.4475,-1.3493,rap,46
1.8673,-1.5119,-1.1561,rock,46
0.1865,1.5338,-2.193,rap,46
2.1092,-0.9356,-2.0567,edm,46
1.2402,-0.0645,0.8395,rap,46
0.8285,-0.4971,0.6892,rock,46
0.9777,1.3045,-1.2597,rap,46
0.7915,0.5895,0.0431,latin,46
-1.5425,-1.8032,1.2562,rap,46
1.5234,0.8348,-1.5105,pop,46
1.1835,0.3314,0.1605,latin,46
-1.2696,0.1119,-1.2318,pop,46
1.1426,1.5665,0.1028,latin,46
1.9938,-1.8732,-1.8662,rock,46
-0.6825,-1.0115,0.0916,pop,46
1.1961,-1.3099,-0.1286,edm,46
-2.1987,-0.1683,0.0334,r&b,46
0.8105,1.2163,0.2354,latin,46
-0.5925,1.3475,0.0923,latin,46
-0.7241,-0.2217,-0.3435,pop,46
-0.2905,0.4232,-1.0083,pop,46
-0.7084,-0.3277,1.7825,rock,46
-0.8713,-0.7783,-0.5513,rock,46
0.6556,0.1923,-0.1849,r&b,46
0.2907,2.2192,-0.0505,rap,46
0.8856,0.0803,0.9603,pop,46
-2.0391,2.1708,-0.4379,rap,46
-0.7639,-0.3239,0.7795,rock,46
0.3083,-0.7693,-1.74,edm,46
-2.2306,1.0619,-0.0306,r&b,46
1.2033,1.6617,-0.3018,r&b,46
0.6444,-0.5554,-1.037,edm,46
1.143,-1.2468,-0.5179,pop,46
0.1589,1.3072,0.5728,edm,46
1.5637,0.2447,-0.3517,rap,46
0.8588,-0.1823,-0.3671,latin,46
-1.0157,-1.6885,0.7451,rap,46
-0.512,-0.0386,-0.0376,pop,46
0.3712,-0.5646,1.2308,pop,46
-3.0845,-2.4787,-1.5869,r&b,46
-3.5632,-1.5955,-2.841,r&b,46
-0.0953,-0.106,0.7406,pop,46
1.3634,1.3556,0.6672,pop,46
0.8084,-2.3213,-0.8517,latin,46
-0.1474,1.8446,-0.4547,pop,46
0.5928,0.5984,0.9872,edm,46
-0.3938,0.4118,1.3185,edm,46
2.4553,-2.8372,-1.8765,rock,46
-1.8962,0.4085,-0.3609,r&b,46
0.1605,1.9263,-0.1972,latin,46
1.9918,0.8873,0.6674,pop,46
-0.573,-0.9591,-0.0648,latin,46
0.3135,2.1116,-0.0013,latin,46
0.895,-2.534,1.2609,edm,46
1.4864,1.3132,1.0135,latin,46
-0.1649,0.8212,0.8171,rap,46
0.3461,2.4804,-0.5421,rap,46
0.3292,-0.197,0.2648,edm,46
-2.8869,0.2593,-1.1155,r&b,46
-1.4376,-3.3434,0.4355,rock,46
1.2104,-1.7695,-0.8451,latin,46
1.7667,-0.2445,-0.2049,edm,46
1.468,-1.4109,-0.3985,rap,46
0.7525,-1.5774,2.4555,edm,46
0.8881,0.4844,-0.6302,edm,46
1.5989,-0.2104,-0.3318,edm,46
1.3596,0.2421,0.3781,pop,46
1.4281,-1.1988,-0.4673,edm,46
-0.245,-1.1374,-0.7432,rock,46
1.7395,-0.0731,-3.3635,edm,46
0.899,0.9988,0.3146,edm,46
1.3735,1.8502,0.9339,edm,46
-1.4374,-0.7752,2.0896,r&b,46
1.8057,0.3416,-0.6277,r&b,46
-0.8927,0.4825,1.5293,latin,46
0.9147,0.0635,-0.0068,latin,46
-1.498,-0.9607,2.4682,pop,46
0.8755,0.0689,-1.9403,rock,46
-0.1529,2.1185,-1.1396,rap,46
-2.2317,-1.3305,-0.658,r&b,46
1.4051,-1.4677,-0.875,edm,46
-0.0809,0.6546,0.2819,edm,46
-0.7194,0.905,-1.6413,rap,46
0.5104,-2.1204,-0.5148,rock,46
-1.7163,2.1172,-0.4794,rap,46
0.5537,1.5519,0.3361,edm,46
-1.6577,0.3137,1.277,rock,46
0.1417,-1.5846,-2.183,rock,46
1.2771,-0.1878,0.7815,edm,46
1.1274,-0.6741,-2.7495,rap,46
0.6815,0.2624,0.7026,r&b,46
-1.0031,-0.8485,0.007,r&b,46
-3.6434,-1.8286,-1.9454,rock,46
0.427,-0.8399,0.3516,rap,46
-1.7308,-0.7435,1.3684,rock,46
-1.4507,0.129,-0.1706,pop,46
-5.5135,-1.5491,-1.0456,r&b,46
1.9172,-2.3909,1.0334,edm,46
-1.3848,-1.4663,-0.1134,r&b,46
-1.6267,-0.7582,-0.2686,rock,46
-2.3488,2.0889,-1.2044,rap,46
2.6271,-2.1662,-2.0191,rock,46
-0.2305,1.6455,1.1027,rap,46
-1.0311,-2.2326,-0.3476,r&b,46
0.3476,0.088,0.6184,latin,46
0.7449,0.0342,-0.387,edm,46
1.4053,-0.8223,0.6315,edm,46
-2.2148,2.2574,0.2738,rock,46
1.6955,0.0775,-0.7177,latin,46
2.4178,-2.0117,-2.235,latin,46
1.0569,-0.8105,-1.6944,rock,46
1.278,1.5965,0.959,latin,46
0.9713,0.8224,-0.141,edm,46
-1.0476,1.2986,1.61,r&b,46
0.5897,0.6961,0.8077,r&b,46
1.0609,-1.2628,1.0792,edm,46
0.9945,-0.2351,0.2855,pop,46
0.1258,-0.3529,-0.0988,pop,46
-0.4702,0.8248,1.0869,latin,45
-3.7886,-1.7275,-1.754,r&b,45
0.9863,0.0895,-1.4295,rap,45
0.4316,1.0031,0.4411,latin,45
0.0121,-1.2108,0.0187,pop,45
1.7084,-0.2339,0.4726,pop,45
-3.3554,1.0197,-1.913,latin,45
1.0485,1.379,0.7649,latin,45
-2.6833,0.8225,-1.7216,r&b,45
0.1035,-1.1632,2.4861,pop,45
-2.4627,0.3418,-1.6957,r&b,45
0.3661,0.2477,1.1001,rock,45
0.8397,-0.7381,-0.7939,rock,45
1.082,-0.3899,-0.2505,rock,45
-0.3003,-0.4419,0.3424,r&b,45
-1.7094,-1.3758,-0.3387,rap,45
1.9549,-0.1412,-1.026,pop,45
1.5957,-0.7054,-0.0906,rock,45
0.6122,-0.9257,0.2836,r&b,45
-1.2303,-0.0533,-0.1637,r&b,45
-1.674,0.4761,-0.9603,rap,45
0.1854,-0.3332,2.2269,edm,45
2.0175,-1.314,-0.7271,rock,45
1.3096,0.601,-0.3862,rap,45
-1.131,-1.5749,-0.1539,r&b,45
0.9089,0.9281,0.3846,edm,45
0.519,-2.4586,1.1112,rock,45
0.52,0.9648,0.2959,latin,45
1.6219,-2.219,0.3593,rap,45
-2.0117,-1.177,-0.6278,r&b,45
0.1595,1.4831,-1.5125,rap,45
-0.5558,1.5243,-0.5482,rap,45
0.7509,1.5874,-1.968,rap,45
-4.4452,-0.8804,-0.5752,rock,45
-0.1221,0.1561,0.3244,edm,45
-2.3847,1.223,-0.8628,r&b,45
0.8501,0.1364,1.1242,r&b,45
-4.2405,-1.6485,-1.2278,rock,45
1.4805,1.2457,-0.1259,rap,45
0.3162,1.6937,-0.5484,rap,45
1.5802,0.3592,-0.9311,rap,45
0.0206,0.7508,-0.4314,latin,45
0.965,1.4632,1.2461,edm,45
-2.8537,-2.0859,0.4278,pop,45
-1.5264,0.1609,-0.1592,r&b,45
-0.0475,1.3391,-0.5844,rap,45
1.7894,0.1276,-0.5216,latin,45
-1.0507,-0.9775,0.373,latin,45
0.0709,2.2359,0.2773,rap,45
1.2351,-1.2342,1.1478,edm,45
-2.8145,1.4682,-1.1142,rap,45
-4.3161,-3.1878,-1.6758,rock,45
1.3943,-0.0465,1.5475,rock,45
-4.1235,-2.4666,-2.2994,edm,45
-0.9666,0.0133,0.1142,rap,45
2.0033,0.8451,0.2157,r&b,45
0.9011,0.6372,0.9966,latin,45
0.6801,-0.2724,-0.7487,edm,45
1.87,-1.8256,-0.5679,rock,45
-0.7523,-1.6265,-1.5508,r&b,45
1.8009,-0.2696,-1.3601,edm,45
0.9579,0.0399,-0.3891,edm,45
1.0818,-0.8996,-0.4438,rock,45
-0.6921,-1.1275,-0.139,latin,45
-1.2584,1.0389,-1.0845,rock,45
1.8447,-1.0175,0.8864,edm,45
2.0965,-1.4866,-0.7756,pop,45
-2.06,1.2373,0.2634,rap,45
-3.2749,-0.5979,-0.2311,rock,45
1.0762,0.4046,0.3168,pop,45
1.3771,0.3337,-0.1944,latin,45
1.0105,-1.124,-1.3437,edm,45
0.1927,1.2194,1.7767,rap,45
2.396,-0.3016,-0.3968,pop,45
0.3581,0.2693,-0.721,rap,45
-2.5969,-1.1616,0.0094,r&b,45
-0.8908,1.4995,-0.2887,rap,45
-0.1021,-0.9387,2.0792,edm,45
-0.2081,0.4919,-2.0647,rock,45
-1.1867,-1.6108,-1.0992,latin,45
-2.3975,0.7711,0.0006,latin,45
1.8215,0.3316,-0.6967,edm,45
-0.8926,0.9633,-0.2556,rap,45
0.9675,2.1768,0.7945,rap,45
-0.555,1.1236,-0.3265,rap,45
-1.9816,0.7088,0.0722,latin,45
-0.7496,0.4856,0.2918,rock,45
1.424,0.2568,0.1614,edm,45
-0.3719,-0.1314,-0.6575,pop,45
-0.274,2.3016,0.1904,latin,45
1.1196,-0.7959,-0.2123,rock,45
1.2792,0.9524,0.9819,rock,45
-0.551,-1.1893,0.584,rock,45
-1.092,0.3146,0.9459,rock,45
-0.9012,1.5829,0.4409,latin,45
1.3312,-0.0804,-1.4571,rap,45
0.7968,-0.6738,0.2622,rock,45
1.6819,-2.4794,-0.6199,rock,45
1.4502,1.1901,0.7037,latin,45
-2.5059,-0.8562,-0.4011,r&b,45
0.338,1.6185,0.0517,edm,45
1.0885,-0.3859,-0.3133,pop,45
-1.0258,0.3929,0.3161,pop,45
1.205,0.555,-0.3235,edm,45
0.0838,1.048,0.0599,pop,45
0.5748,-1.2551,-0.6002,latin,45
-0.9746,1.7249,0.2603,rap,45
0.4008,0.8889,0.4722,latin,45
0.9776,-0.4423,-1.1439,rap,45
0.3641,-1.7697,-0.7352,rap,45
0.6567,1.476,0.0774,latin,45
1.3474,0.7037,0.7466,pop,45
1.0906,0.2738,0.4089,edm,45
1.5064,0.3715,0.4701,pop,45
1.0128,-1.7704,-0.5978,rock,45
-1.0812,1.703,0.8075,rap,45
1.0477,-0.1366,-0.8605,rap,45
1.4594,-0.2018,-0.35,edm,45
-0.6242,0.702,-0.5547,r&b,45
1.9556,-0.1883,0.2421,r&b,45
-0.7153,1.0178,-0.1956,edm,45
0.0575,1.3662,0.2817,latin,45
-0.6921,1.2589,-0.5695,latin,45
1.4914,1.2082,1.0714,edm,45
-1.8138,-0.4228,-0.836,rock,45
-2.3606,-1.089,1.1205,rock,45
0.3316,-0.5298,0.0761,rap,45
-0.7675,1.9896,1.0125,latin,45
0.3857,-0.297,0.227,latin,45
0.7194,0.4543,0.4861,latin,45
-1.4339,-1.1275,0.7197,rock,45
-0.5465,-0.708,-1.6202,r&b,45
-2.5809,0.5239,0.9504,r&b,45
2.0493,0.3853,-1.702,rap,45
0.942,-0.3369,0.2728,pop,45
1.6337,3.178,0.0665,latin,45
0.4162,2.0896,0.9574,latin,45
-2.9134,-1.5378,-0.1763,pop,45
-3.4839,-0.366,0.5573,rock,45
2.1671,0.9825,-0.1196,latin,45
-0.3197,2.5001,-0.3285,rap,45
2.002,0.6544,-0.2659,rock,45
-2.2297,0.4692,0.1307,r&b,45
-0.271,0.68,0.4724,pop,45
-0.5274,1.9749,-0.5892,rap,45
-1.6513,1.742,0.6566,rap,45
-0.9005,1.7708,-0.0012,rap,45
-1.218,0.5486,-0.106,rap,45
1.4095,-0.1588,-0.0645,rock,45
1.7259,0.2332,0.3827,latin,45
-1.083,-0.0575,-0.2458,latin,45
-1.0727,0.3405,1.2041,latin,45
0.7094,1.1252,-1.0984,rap,45
0.7446,0.2271,-0.0009,pop,45
-2.3535,-0.6782,-1.6125,r&b,45
0.0567,-0.9441,0.3142,pop,45
0.4746,-0.9481,1.5002,edm,45
-1.0369,-0.3756,1.0231,edm,45
0.148,-0.1136,-0.4501,rap,45
-0.3666,-0.373,0.1867,edm,45
0.3635,-0.673,0.5915,pop,45
1.7115,1.132,0.933,edm,45
-0.6064,-1.9401,-0.8138,rock,45
-3.5005,0.7461,-0.1994,rock,45
-1.3096,0.9395,-1.6106,edm,45
-4.8988,0.0072,-0.9736,latin,45
-1.7509,-1.1565,1.4886,latin,45
0.1953,0.3611,0.5692,latin,45
-0.121,1.5805,-0.3345,rap,45
1.4798,0.9449,0.6624,rap,45
-1.9784,0.7428,-0.8437,rap,45
0.8071,0.9019,1.2234,latin,45
-1.5912,1.192,1.3286,latin,45
0.7194,-0.874,-0.6834,edm,45
0.4672,0.542,-0.4486,edm,45
1.8586,2.3434,-1.7695,rap,45
-2.5621,-0.1987,-0.8884,rap,45
0.5288,1.4756,0.3784,rap,45
2.0045,-0.3186,0.0539,rock,45
0.5077,0.9288,1.1262,rap,45
-0.7235,0.0507,-0.5724,rap,45
-0.3556,1.8771,0.4365,latin,45
-0.5262,0.0223,0.908,rock,45
0.3283,0.9469,-1.0326,latin,45
1.6804,-1.1488,-0.4679,pop,45
-0.7386,1.7396,-1.1544,latin,45
-1.1821,-0.4408,-1.1512,r&b,45
0.3226,0.0315,-0.1513,pop,45
0.4888,0.8166,0.9355,latin,45
0.9003,-0.0509,0.3692,pop,45
0.1509,-0.6966,-0.4894,pop,45
-1.3076,-3.7498,2.1546,pop,45
-0.7432,-0.6013,0.0033,pop,45
1.2811,0.9471,-1.5768,rap,45
-0.6467,-1.3515,-0.6518,rap,45
1.3804,-0.7944,-1.0157,rock,45
1.3981,1.9397,0.9551,rap,45
0.8385,1.4449,-0.3175,edm,45
0.1973,0.0696,0.7981,rock,45
1.7043,-2.1062,-1.5494,rock,45
0.494,-1.8919,0.9844,pop,45
0.6075,0.89,-1.0138,rap,45
1.416,-0.4091,0.075,rock,45
0.5146,-0.2059,0.6716,pop,45
-0.7381,-0.5875,-0.1024,rock,45
1.5918,1.186,0.6274,latin,45
0.7078,-1.012,-0.7852,edm,45
-0.9825,-0.9729,-0.7741,edm,45
1.3311,2.4411,-0.0139,rap,45
1.2951,-1.6143,0.8433,edm,45
-2.3692,0.2953,1.4909,rock,45
1.1638,-1.3705,0.8071,pop,45
1.3141,-2.0992,0.2283,pop,45
0.2506,-1.4383,-0.5364,rap,45
0.9782,1.19,-1.129,r&b,45
1.6864,0.1194,-1.033,r&b,45
1.5242,-0.8833,-0.8734,edm,45
-0.4072,1.4249,0.4398,latin,45
-0.3105,0.8808,0.2004,latin,45
0.8165,1.1123,0.14,r&b,45
0.1389,-0.8789,-0.3472,r&b,45
-4.9654,-1.1709,-0.7322,pop,45
0.1973,0.3864,0.1796,r&b,45
0.1664,2.2057,-0.7554,edm,45
1.9035,0.9717,0.4005,pop,45
1.3423,-0.366,-1.732,pop,45
0.477,1.2491,-2.2706,latin,45
-1.0616,-0.0491,0.6757,r&b,45
0.0743,0.9779,0.7663,rap,45
-2.0185,1.4499,-0.3184,rap,45
0.9686,-0.805,-0.9426,pop,45
0.0429,3.11,-0.9225,rap,45
0.5155,-0.5619,0.1542,latin,45
0.8429,1.3683,0.5729,latin,45
-0.2904,-0.8598,0.2538,rock,45
1.6835,0.3606,0.1547,edm,45
0.4865,0.8254,-0.2935,rap,45
0.7038,1.6515,0.2984,rap,45
-0.7429,0.5331,0.533,pop,45
-0.1292,-0.2741,-0.0354,pop,45
1.5921,-0.6562,-0.9754,latin,45
-0.5682,-0.3225,0.5787,latin,45
0.4815,-0.1882,2.0327,latin,45
-0.7067,1.6314,-0.4316,rap,45
-0.2598,-0.0179,1.4209,latin,45
0.581,-0.5697,0.5845,rock,45
0.6725,-0.5328,-0.2561,pop,45
0.1547,1.2916,0.1959,rap,45
-0.8545,2.3504,0.0766,rap,45
0.3422,-0.1526,-0.5014,rap,45
1.3664,-0.6691,-0.8193,edm,45
-1.5496,-1.1803,-0.3586,pop,45
-2.1069,-1.2347,3.5713,pop,45
-0.5865,0.1593,-0.263,rap,45
-0.8766,0.4178,-0.4155,rap,45
-1.4217,2.0915,0.983,rap,45
0.3904,-0.4652,-0.3039,rap,45
-0.6393,1.1502,-0.9286,edm,45
0.3286,0.3398,-0.2761,r&b,45
0.4052,-0.8197,0.2362,pop,45
-2.9377,-0.7731,-0.8357,r&b,45
1.2884,0.1834,-0.1722,pop,45
1.1246,1.0563,-0.2375,r&b,45
0.1592,0.6151,0.4489,latin,45
-1.358,0.1422,-0.5704,rap,45
1.1956,0.5175,-1.211,rap,45
-0.2206,1.3232,-0.2969,latin,45
1.2655,-0.7094,-1.255,rap,45
0.9725,1.1995,0.0053,rap,45
-0.3337,0.8804,-1.3794,r&b,45
-2.7482,0.3946,0.1452,r&b,45
0.1218,0.5012,0.8941,r&b,45
0.356,1.1015,0.0102,rap,45
1.3851,0.6977,0.0629,edm,45
1.1465,0.3264,0.3225,edm,45
0.9804,-0.2041,-0.1016,edm,45
0.3923,-1.2976,1.0276,edm,45
0.9299,-0.9667,0.3105,edm,45
-0.2927,0.049,1.2515,rap,45
0.3617,0.9399,0.9601,pop,45
-0.0271,-1.8218,-0.1718,pop,45
0.9427,0.2754,-0.7632,r&b,45
-2.4849,1.1828,-0.7292,pop,45
1.446,-2.087,2.7063,pop,45
0.2522,0.848,-0.1432,rap,45
-0.8591,0.5717,0.0915,r&b,45
-2.5999,1.0603,-2.4884,edm,45
-0.4003,-0.892,-0.4923,pop,45
1.3472,0.6472,-0.0714,latin,45
-2.4866,0.0306,0.1782,rock,45
1.6865,-0.9598,-0.3262,edm,45
-3.2981,-1.7445,-0.7522,r&b,45
0.4149,0.3482,0.3437,pop,45
0.7818,0.9433,0.6009,latin,45
1.2445,1.1968,-0.1256,latin,45
-1.4395,-3.0698,2.0152,r&b,45
-0.3755,0.8224,-0.3186,latin,45
-0.15,0.8409,0.4643,latin,45
0.7131,-0.3667,-0.0127,r&b,45
-1.3055,1.215,1.1896,rap,45
0.6893,-0.4597,-0.7073,edm,45
0.808,-1.5418,0.8552,edm,45
1.7966,1.8164,-0.334,r&b,45
0.1321,1.5531,-0.9587,rap,45
0.6025,-2.0862,-0.3532,edm,45
-0.4361,-0.4106,2.3639,edm,45
-0.518,-0.9681,-0.1686,r&b,45
0.0178,-0.1596,-0.922,rap,45
0.7794,-1.239,-0.4149,edm,45
1.6788,-0.1958,-0.3099,edm,45
0.3232,1.0231,0.6525,latin,45
-2.2756,1.1372,-0.8102,rap,45
0.3231,-0.1488,0.6804,latin,45
0.3685,-0.6588,-0.1714,r&b,45
-0.3014,1.1635,-1.2174,rap,45
1.2121,-0.599,1.7099,edm,45
0.8281,-0.8251,-0.4754,pop,45
1.6312,-1.0711,-0.8037,edm,45
0.879,-1.3299,-0.6199,edm,45
1.7689,-1.6723,0.2919,rock,45
0.8656,-0.2352,0.1737,rock,45
1.1021,2.3736,-0.8135,edm,45
0.1683,0.876,-0.8039,pop,45
0.6723,-0.0225,-1.9565,pop,45
-5.446,-0.2612,-0.4709,r&b,45
2.3532,-0.3261,-0.2996,edm,45
-0.6079,-1.0248,-0.0734,r&b,45
0.4333,0.8074,-2.9229,rap,45
1.4029,-0.8163,-0.808,rock,45
1.2594,1.3342,0.0952,r&b,45
0.7952,1.3091,-1.2231,r&b,45
-1.6501,0.4496,0.5497,r&b,45
-0.5549,0.8999,-0.0073,r&b,45
1.2751,-0.1565,-0.9807,edm,45
-0.0044,1.3155,0.6244,latin,45
0.1525,2.1828,0.625,rap,45
1.6616,-1.3584,-1.1811,rock,45
-0.1112,0.3148,0.6419,r&b,45
1.7771,0.7796,-1.7224,rap,45
0.7083,-2.0746,3.5247,edm,45
0.891,0.957,-1.2898,latin,45
1.5166,-0.887,1.4926,latin,45
0.9776,-3.271,2.3835,rock,45
0.5468,0.283,0.7211,r&b,45
-1.165,-0.4086,-0.5552,r&b,45
-0.8904,-0.7415,0.5128,r&b,45
0.6266,0.2819,1.1673,pop,45
0.0343,0.1904,1.094,r&b,45
1.2827,0.4758,2.3393,pop,45
1.6053,-1.6436,-0.1429,edm,45
1.2858,-2.4153,0.2614,edm,45
0.3195,1.9428,0.7962,latin,45
-3.8626,2.229,-0.3461,r&b,45
1.0137,-0.2364,-0.7736,edm,45
1.1918,-1.6075,-0.5542,rock,45
-3.8988,0.1326,-0.4626,edm,45
-1.7758,1.2442,-0.2847,rap,45
1.6038,-1.1544,-1.3066,rock,45
-1.5523,0.633,1.3459,r&b,45
0.7364,1.5427,-0.1755,rap,45
1.7733,-1.164,-0.4914,rap,45
-0.7896,1.1356,-0.6457,r&b,45
-1.5516,0.1615,0.5441,r&b,45
-1.1358,-0.5788,0.1492,rap,45
-3.0558,0.5366,-0.7228,r&b,45
-1.9533,0.4516,-0.2514,r&b,45
0.2193,-0.0221,-0.4242,edm,45
-0.3502,-0.2292,0.0905,rap,45
-1.2329,2.5257,-0.4187,rap,45
1.0805,0.0982,0.4769,pop,45
-0.3598,0.4642,0.2326,edm,45
1.4979,0.4235,0.3833,edm,45
-1.2447,1.0684,-0.0111,latin,45
0.7773,-2.0576,2.024,edm,45
-1.1671,0.0816,-0.4532,pop,45
2.0132,-0.6037,-0.3224,rock,45
1.6579,-0.2441,-1.0305,edm,45
1.2796,-0.8458,-0.0046,edm,45
-0.6592,-0.2734,-0.423,rap,45
-5.7998,-2.4108,-1.869,r&b,45
-3.9111,0.2454,-1.3392,r&b,45
-0.9627,-2.7745,0.9602,rock,45
0.0942,-0.8962,0.323,rock,45
0.8324,-3.3618,-1.7591,r&b,45
1.2176,0.1663,-0.377,r&b,45
-1.5639,-0.7244,0.2943,rap,45
-1.0536,0.0558,0.625,rap,45
0.1973,0.914,1.3798,latin,45
0.4128,1.208,0.6997,latin,45
0.7594,1.5862,-0.928,rap,45
-0.5576,0.2951,0.6344,latin,45
-5.0026,-4.1855,-0.8488,latin,45
-0.3808,-0.9025,-0.673,rap,45
1.2113,-0.6613,-0.8879,rap,45
-0.0113,0.7088,-2.4201,pop,45
-1.7063,-0.0028,-0.0108,r&b,45
1.1306,-0.6721,-0.6616,edm,45
-3.5296,-0.4506,-0.6347,pop,45
-2.4757,0.5874,-0.0697,rap,45
0.3807,0.5068,1.4816,pop,45
-6.0171,-2.4951,-2.3966,r&b,45
0.1509,1.0696,1.0298,r&b,45
-3.0369,1.3769,-0.7838,r&b,45
-0.9932,0.0372,0.6029,r&b,45
1.6366,-0.8663,-0.4269,edm,45
0.4794,-0.9728,-1.4311,latin,45
-0.3257,-1.3764,1.5631,edm,45
0.6042,-0.8471,3.6447,edm,45
-1.7502,2.4482,-0.5802,r&b,45
-3.1088,0.9452,-0.1863,pop,45
1.4404,-1.0267,0.3212,edm,45
-2.3347,-0.6886,1.6537,r&b,45
1.7069,-2.1596,-0.861,pop,45
0.905,0.7054,-0.5828,pop,45
0.5218,-0.0106,-0.3451,edm,45
0.8278,-1.1385,-0.7965,edm,45
1.8087,-0.6807,-0.9897,pop,45
-2.6183,0.5066,1.0102,latin,45
-4.1437,-0.4287,-0.8185,edm,45
1.5965,1.7528,-1.194,edm,45
1.6312,-1.6432,1.0399,edm,45
-0.1685,1.4601,0.0665,r&b,45
0.8822,0.5241,0.0173,latin,45
2.3272,-1.1014,-0.7611,rock,45
1.367,1.0552,1.0015,latin,45
-1.02,1.7242,0.3828,latin,45
0.785,1.1523,2.0315,r&b,45
2.0059,-1.0636,-0.3731,rock,45
1.5657,-0.9208,-0.586,edm,45
-0.4015,0.1057,0.0174,latin,45
1.3702,0.2139,-0.5908,edm,45
-2.4742,0.7706,0.3716,rap,45
-0.996,-2.0502,3.685,pop,45
-0.3269,-1.3442,0.5294,pop,45
-2.9891,0.3055,1.8725,r&b,45
1.5114,-2.7444,0.8641,edm,45
-2.6276,-0.2169,0.4712,rap,45
-4.9247,-1.5826,-0.9501,r&b,45
-0.2298,1.179,-1.0817,rap,45
-1.6432,-0.0624,0.9915,rap,45
0.9194,0.0469,-1.095,r&b,45
0.3961,0.655,0.3422,latin,45
1.0596,-0.6252,1.2529,edm,45
2.1883,-1.1542,-1.0855,rock,45
-4.1027,0.3628,-0.2725,rap,45
-6.3425,-1.4413,-0.4664,rock,45
-2.7368,-1.9251,0.4682,r&b,45
0.6128,-0.7283,0.3251,latin,45
0.6452,-0.2838,-0.4594,edm,45
1.2861,-2.4206,1.7782,edm,45
0.5395,1.1384,-0.026,rap,44
0.0587,0.8147,0.3947,rap,44
0.8058,-0.8577,-1.3811,edm,44
-1.3252,0.0424,0.2085,rock,44
0.2724,-1.6712,-1.8923,rock,44
-1.1308,0.8461,-0.7167,pop,44
1.5619,-1.5418,-0.5732,rock,44
-0.4343,-0.506,-0.0962,pop,44
-1.0285,2.7379,-0.2134,latin,44
1.8975,0.5085,0.6177,edm,44
1.6103,1.1555,-0.7373,latin,44
-0.0802,-0.1837,0.2313,rap,44
0.2141,0.0228,0.4936,rock,44
0.5062,-0.6044,0.4465,latin,44
1.6073,1.3834,0.9634,latin,44
0.5665,-0.9224,0.1774,pop,44
1.273,-0.1591,-0.5448,edm,44
-1.5179,-1.1629,-2.1684,r&b,44
-4.7016,-0.0323,1.2444,pop,44
1.1737,1.4703,-0.2437,latin,44
2.1718,-1.136,-0.5,rock,44
1.3737,0.1451,0.9646,rock,44
-1.4141,-0.0505,-0.0216,latin,44
0.1719,0.7438,-0.806,rap,44
-0.1334,1.516,-1.566,rap,44
0.2718,1.0812,-0.8099,latin,44
1.0495,0.5991,0.6463,pop,44
-0.0647,-0.1053,1.2293,pop,44
1.8192,1.1828,0.0845,edm,44
1.3704,0.1356,-1.2535,edm,44
0.7616,0.5949,-0.1331,latin,44
-1.4623,0.2885,0.7073,r&b,44
0.7078,0.4266,-0.9164,latin,44
0.4969,1.1057,0.3905,latin,44
1.013,-0.9197,-0.6113,pop,44
-0.9022,1.3899,-0.2186,edm,44
-0.2052,0.1536,0.3871,pop,44
-0.6797,1.9595,0.712,latin,44
1.2542,0.8389,0.7672,rap,44
-4.8554,-0.1995,-0.7812,r&b,44
-2.5099,-1.7097,2.4093,edm,44
0.8252,-0.6645,-0.9558,edm,44
1.3314,-1.6785,-1.3606,edm,44
-3.3243,1.306,0.4728,rap,44
0.3148,-0.3316,-0.6536,r&b,44
1.2006,0.1121,-0.2732,edm,44
-1.0032,-0.1874,1.9647,rock,44
0.9579,0.5769,-0.9106,latin,44
0.8284,1.054,0.4938,latin,44
0.8,0.8327,0.6364,latin,44
0.9513,-0.8875,-0.4003,edm,44
0.0724,-0.6051,-0.2028,pop,44
1.2826,0.7886,0.2857,latin,44
0.581,0.0675,0.4259,latin,44
-1.4795,0.0598,0.219,edm,44
0.7127,0.4239,0.8164,r&b,44
-1.9976,-0.6134,0.5899,rap,44
-0.401,1.2243,-0.4093,rap,44
-0.0527,1.5384,-0.339,r&b,44
-0.9194,-0.3988,-0.2093,edm,44
0.9519,-0.1864,-0.782,edm,44
2.2487,-1.7304,-1.4967,rock,44
1.9093,-0.7208,-0.2775,edm,44
1.9237,-0.8658,-0.5756,rock,44
1.7041,-0.3305,0.4588,edm,44
-1.9623,0.4133,0.0622,latin,44
1.0338,-0.1571,-0.1357,latin,44
-0.0418,-0.5107,-0.7797,rock,44
1.3118,1.4371,0.2679,r&b,44
-1.5981,-0.7086,-0.414,latin,44
-0.2394,2.4894,-0.5797,latin,44
1.7551,-1.1813,-1.102,rock,44
0.0851,0.3266,0.8648,pop,44
-0.8667,1.387,-0.2575,pop,44
-1.2516,0.6197,-0.8504,rap,44
0.6913,1.9106,-0.9565,rap,44
0.0471,-0.5878,1.1467,pop,44
-0.485,2.3052,0.8476,latin,44
-1.9618,1.0176,-0.8353,latin,44
-0.5235,1.9543,-1.5106,latin,44
-0.9317,-0.9493,-0.6491,rock,44
0.2003,0.2735,-0.0782,rock,44
1.2206,-0.0685,-0.3861,rap,44
2.6873,0.7216,-2.1584,rap,44
-0.0975,0.5347,0.1137,rap,44
-0.6061,1.8952,-1.1052,r&b,44
-0.4573,1.3811,-0.0019,r&b,44
-0.9625,1.2919,-1.3856,rap,44
-0.8872,0.8749,0.03,latin,44
0.314,-0.5405,0.0251,latin,44
-1.6419,2.3195,0.6291,rock,44
0.5232,-1.2473,-0.5224,rap,44
1.0418,-2.5023,0.7521,rock,44
0.2287,2.8813,-1.1801,rap,44
-3.6098,-1.8,-1.3413,rock,44
1.309,-1.1888,0.5155,rock,44
1.2015,-0.2045,1.1815,edm,44
-2.1486,-0.0198,-0.1955,rap,44
-6.5192,-2.7952,-0.7151,latin,44
-0.6776,-1.5098,-1.5768,latin,44
1.6345,0.075,-0.725,edm,44
-3.4738,-0.8354,0.8459,rap,44
0.174,0.5607,0.6903,r&b,44
2.9561,-0.8959,-3.0747,pop,44
-3.4248,-1.1901,-0.741,r&b,44
-3.7472,0.6384,0.1966,rap,44
-2.5734,0.1724,-0.5461,rap,44
-0.38,0.7521,2.0368,rap,44
2.358,-0.4486,-0.6085,edm,44
-3.6516,-0.6414,1.0811,rap,44
-2.1379,0.4827,-0.3439,rap,44
1.3509,-1.0871,-0.2525,edm,44
0.6392,-0.1156,0.4044,rock,44
1.2001,-2.0118,-0.5529,rock,44
-0.1491,1.9624,1.0552,pop,44
-3.6625,0.6992,-1.7221,rap,44
-1.8613,-0.1394,0.758,rock,44
-1.0905,-0.8251,-0.5197,rock,44
0.0199,-2.2251,0.5325,rock,44
-1.0755,-2.6515,0.1006,rock,44
0.181,-0.6995,0.412,pop,44
-0.8247,-1.9091,-1.5294,rap,44
1.7993,1.6839,0.2794,edm,44
1.8361,-1.9558,-0.1422,rock,44
-0.3114,0.0717,0.1126,edm,44
0.1127,-0.1361,-0.2312,edm,44
1.2125,0.0494,-0.7544,rap,44
-1.1739,1.4363,0.6447,latin,44
2.0729,1.1059,-1.2037,edm,44
-0.8207,0.4605,0.3046,rock,44
1.6144,-1.2567,-0.6551,pop,44
0.2769,-1.4893,1.7138,rap,44
0.4927,0.8187,-1.137,rap,44
-0.1355,0.0239,0.786,rock,44
0.8746,-1.4144,0.5728,pop,44
-2.221,0.9908,0.5492,pop,44
0.0557,-3.3341,-0.2641,rock,44
0.5903,-0.7768,-0.3386,rock,44
-1.0162,1.8899,0.5913,rap,44
-0.3732,-0.5495,-0.9076,rap,44
0.7224,0.6472,0.2529,rap,44
1.1086,0.8684,0.6416,pop,44
-2.4598,1.1869,-0.9845,edm,44
-0.1647,-0.8966,1.2978,rap,44
0.0536,-0.8717,-0.6124,pop,44
-0.9588,0.749,-0.1232,pop,44
0.4165,1.6839,-0.6359,r&b,44
-0.7019,0.8268,0.6425,latin,44
-2.2982,-1.8987,-1.8574,pop,44
1.6089,1.177,1.0517,rock,44
0.9256,1.5915,0.7485,latin,44
-0.5435,0.7803,-0.255,rap,44
0.5021,1.2808,-0.1654,rap,44
-0.6378,-2.4183,-0.1451,r&b,44
0.6964,-0.5217,-0.2875,r&b,44
-1.4667,0.6107,-0.3333,latin,44
-4.3288,-0.8937,-1.3087,latin,44
0.9692,-2.012,1.7084,r&b,44
-0.3687,0.2137,-0.2473,r&b,44
-4.5541,-2.5943,-0.8234,rap,44
0.7669,-0.0893,-0.3799,edm,44
-0.4765,-0.181,0.0507,edm,44
-0.1493,-1.3224,-1.4677,latin,44
-2.447,-1.6978,-1.2633,latin,44
0.212,1.3723,1.3328,latin,44
-3.0576,-1.9549,1.278,edm,44
1.0746,-1.8808,0.5205,rock,44
-1.6894,-0.8946,-0.5234,rock,44
-1.2157,-0.8136,1.1505,edm,44
1.3812,0.0463,0.3353,latin,44
-0.5906,-0.6955,0.5022,rock,44
2.2914,-0.4258,-1.7521,edm,44
1.1895,-1.7495,-0.2591,edm,44
1.8089,-0.5097,-0.1745,pop,44
0.7315,-1.5737,-0.866,edm,44
-1.4774,1.5433,-2.0096,rap,44
1.1542,1.5822,-0.5465,rap,44
0.6818,-0.3643,-1.3701,latin,44
-0.0512,-0.298,-1.4114,rap,44
0.1919,-1.6,1.5033,rap,44
0.9345,1.0992,1.1804,edm,44
0.4519,0.6439,-0.4345,edm,44
-0.5929,1.8131,-0.1073,rap,44
-1.6729,0.466,1.7617,latin,44
-0.679,1.576,0.2944,rap,44
0.1611,1.2319,0.098,latin,44
0.3923,1.1426,-0.5698,rap,44
1.3313,-2.6297,-1.3092,pop,44
-1.3858,-0.5955,-1.3167,r&b,44
0.8752,0.696,-1.3988,rap,44
0.9797,-0.0197,0.192,latin,44
1.5157,-1.7144,-0.798,edm,44
1.2194,-1.9441,-0.9682,rock,44
1.7413,-0.9017,-0.3762,rock,44
-0.7079,-0.674,-0.4555,pop,44
1.0957,-1.2506,-0.8096,edm,44
1.6393,-2.0046,-1.4895,rock,44
0.2344,0.0657,0.4461,r&b,44
0.9662,0.0619,0.024,pop,44
-1.7615,0.4212,-0.4478,rap,44
0.9031,0.3518,0.2493,edm,44
0.8219,0.1841,2.3933,rock,44
-0.7038,-2.0098,0.1452,rap,44
1.0998,1.0618,0.5937,latin,44
0.2486,-1.3858,-0.8411,pop,44
-0.1812,0.5632,-0.7447,pop,44
1.4234,-0.3966,-0.417,edm,44
-0.2062,-0.7279,1.9093,edm,44
-0.7972,0.1856,1.5608,pop,44
-1.2844,1.3268,-1.4057,rap,44
-2.9521,-0.9243,-0.0496,pop,44
-3.2936,-1.107,-1.213,pop,44
-0.4147,1.2696,-1.7953,latin,44
-2.6337,3.7698,-1.1406,rap,44
-0.2784,1.7093,-0.8448,rap,44
1.3794,-0.3993,1.004,edm,44
1.4141,1.5595,1.1848,latin,44
0.5316,-0.7109,-0.9347,edm,44
1.1113,-0.2135,-0.6804,edm,44
-0.3277,-1.2993,0.6356,rap,44
-2.4812,-0.5856,-0.8417,pop,44
0.533,-0.5945,-0.4105,rap,44
2.0148,-0.9921,-0.8524,rap,44
0.0116,-0.997,-0.9185,latin,44
-0.2444,-2.262,-1.8673,pop,44
1.3349,-0.4,0.2901,pop,44
-1.2459,1.5206,0.8451,pop,44
-2.1199,-0.7295,0.2838,latin,44
-0.1785,-2.5063,1.3968,rap,44
0.0659,1.8301,0.7279,latin,44
0.5446,-0.1367,0.3474,r&b,44
-0.2059,-0.7931,1.2651,edm,44
0.0267,1.0744,0.8736,latin,44
1.7953,0.103,-0.0711,edm,44
0.1968,1.8645,-0.3814,rock,44
1.1017,-0.2187,2.2703,rock,44
-0.3575,0.2201,0.6059,r&b,44
0.4395,-0.1701,0.0302,r&b,44
-1.0417,-1.2512,2.3348,latin,44
-1.5691,-0.3883,1.0114,r&b,44
0.9397,-1.2075,-0.2809,rap,44
-0.514,0.3754,0.1372,pop,44
0.3651,2.089,0.2737,latin,44
0.6846,-0.5057,-0.0409,edm,44
0.7063,-2.0491,-0.8607,rap,44
0.9124,1.0948,0.2915,rap,44
-0.3709,0.2455,2.1043,edm,44
1.1539,0.0374,0.8633,edm,44
1.2165,1.0936,0.9907,edm,44
0.3075,2.6257,-0.8609,rap,44
0.968,0.6501,-0.3176,rap,44
-1.0473,0.0567,-0.1216,rock,44
-3.1323,0.4069,0.1257,rock,44
1.5716,-0.1957,0.2876,rock,44
1.7523,-0.2759,-1.8144,rap,44
-0.394,-1.0907,0.2409,rap,44
-0.2735,-1.3415,2.1125,edm,44
0.9772,1.479,1.3729,latin,44
-1.9726,-0.424,1.4933,r&b,44
1.1014,-1.5304,-0.2364,edm,44
-2.5952,-1.2174,1.9682,edm,44
0.6395,1.8667,0.358,latin,44
0.5092,-1.2484,-0.5026,rap,44
0.1705,-0.4968,0.5122,rock,44
0.9718,-2.6348,-0.8139,rock,44
1.1361,-1.8362,-0.2254,rock,44
-0.35,-0.1949,-0.5015,rap,44
-1.1001,2.3641,-1.1535,r&b,44
-1.6812,1.1438,-0.1121,latin,44
-0.8408,2.7547,-0.7283,latin,44
1.0342,-1.9248,0.1486,rap,44
-0.714,0.4752,0.8215,edm,44
-2.1068,1.0842,-0.5496,latin,44
0.7886,0.9175,-1.9086,r&b,44
0.3343,1.4464,1.2716,rap,44
1.1053,-1.7377,-1.3754,rock,44
0.4702,1.4908,-0.7931,latin,44
-0.207,1.1014,-0.1134,rap,44
0.0407,1.8513,-1.0158,rap,44
-1.2577,1.4369,0.9049,r&b,44
0.6099,-1.0225,1.2299,rock,44
-1.6222,0.079,0.3711,rock,44
-2.2933,-0.3685,0.2878,rock,44
0.7108,1.3326,1.5351,rap,44
0.4775,1.274,1.0456,rap,44
-2.3056,2.6959,-1.3068,rap,44
1.5586,-2.8846,0.2808,edm,44
-1.7883,1.4872,0.1652,rap,44
-0.7271,-1.0507,2.1741,edm,44
0.2891,0.2807,-0.1434,pop,44
-2.4584,-1.1069,-2.1584,rock,44
-0.444,1.7433,0.8034,edm,44
-2.1831,-1.0022,-0.7145,pop,44
0.8147,0.6157,0.353,rock,44
-1.1648,1.3853,-0.0607,rock,44
-0.3689,1.9476,0.2036,latin,44
0.114,0.4792,0.3817,latin,44
-0.1486,1.6088,-0.1705,r&b,44
-2.3411,0.0896,0.5015,latin,44
-1.3459,2.7282,-0.3365,rap,44
1.0058,-2.6173,0.5813,edm,44
1.095,-0.664,0.5866,edm,44
-0.825,1.4499,0.522,latin,44
1.0964,-0.26,-0.1635,edm,44
-0.8068,0.0589,0.8926,rock,44
0.4991,1.6719,0.5993,edm,44
1.2207,1.3366,-0.3012,edm,44
0.2412,-1.307,-0.6903,pop,44
0.3218,-0.322,0.4611,rock,44
1.7067,-0.7394,0.5932,edm,44
0.6802,0.5601,0.6413,pop,44
-1.439,0.7907,0.3008,latin,44
0.4783,-0.5493,0.905,latin,44
-1.4332,0.2253,1.0377,r&b,44
0.8682,0.2889,-0.4371,latin,44
0.8121,-1.3485,-1.6325,edm,44
-0.3143,0.9803,1.4868,edm,44
-0.3785,1.0329,1.6872,r&b,44
-0.6226,-0.4533,0.2878,rap,44
1.1622,1.6582,0.1425,rap,44
2.426,-0.6808,-1.3545,rock,44
1.5729,-0.6279,1.3325,edm,44
0.9127,-0.9861,-0.0516,pop,44
1.4613,1.1153,-0.8146,edm,44
0.7336,-0.0335,0.6412,edm,44
1.9092,-0.7906,-0.1205,rock,44
1.2925,-0.8518,0.369,r&b,44
-1.3657,1.6302,-1.2287,rap,44
0.2247,-0.6332,0.2113,pop,44
1.9835,-1.6584,-1.2502,rock,44
1.1135,2.0478,0.1639,rap,44
0.329,1.821,0.6946,rap,44
0.3725,-0.2191,-0.284,pop,44
2.3153,-0.3243,-0.6822,edm,44
0.8812,-1.9393,-1.0208,rap,44
1.5736,-1.3824,2.0621,edm,44
0.0376,0.4434,0.8168,r&b,44
0.247,0.9406,0.2436,latin,44
-1.1522,0.4018,0.1599,pop,44
0.5284,1.6827,0.7132,r&b,44
0.2125,0.5995,-0.3584,rap,44
-1.9246,-0.6107,0.8328,rap,44
0.3798,0.4739,-1.0705,r&b,44
0.9367,-0.7904,-0.7597,pop,44
2.4728,-0.7833,-1.631,edm,44
-0.5897,0.9576,0.928,rap,44
0.3168,0.4398,-0.0345,rap,44
-0.3142,0.8984,1.2165,r&b,44
-1.6874,1.2347,1.7988,r&b,44
0.7242,-0.7785,0.549,edm,44
-0.2531,1.7105,-0.0603,r&b,44
0.0996,1.6335,-1.4749,rap,44
1.5814,1.3475,0.4238,r&b,44
-2.2101,2.182,0.1805,latin,44
0.7087,0.6178,1.1668,rock,44
-1.0537,-0.857,0.3375,r&b,44
1.7048,0.7545,-0.2663,latin,44
0.9314,1.7092,1.7812,r&b,44
-0.5011,-1.4959,0.3161,rap,44
0.9847,-0.4212,0.176,pop,44
-3.2628,-0.4992,0.1756,pop,44
0.6393,1.0627,-0.1787,r&b,44
-2.0258,-0.7201,0.8111,rock,44
1.3423,-0.4624,-0.195,rap,44
0.5647,1.6224,0.7025,rap,44
-0.7543,2.2962,0.5386,pop,44
-1.9055,-1.6041,0.0734,pop,44
0.6364,-0.3382,2.6311,edm,44
-1.199,0.7321,0.7779,edm,44
-0.6592,-3.2042,3.0113,edm,44
1.1657,0.9585,1.5133,edm,44
1.3768,-1.4812,-0.0753,edm,44
-1.5127,0.4534,0.0149,r&b,44
0.5069,0.5463,1.6261,rap,44
-0.8164,1.7699,-0.1473,rap,44
0.6747,1.0205,1.4272,edm,44
-0.2596,1.6006,-1.5889,rap,44
0.7693,1.5237,-0.0997,rap,44
1.0758,0.2872,-0.7864,rock,44
0.9544,1.3176,-0.2964,rap,44
0.0814,0.5713,0.5219,latin,44
0.4891,1.4469,0.8013,latin,44
1.3246,0.3046,0.2296,r&b,44
0.142,-0.6887,-1.0196,r&b,44
-2.5215,0.4479,0.2742,latin,44
1.2488,-0.4599,0.4762,pop,44
1.5481,-2.8234,-0.8527,edm,44
-1.5744,1.1269,-1.482,rap,44
1.3889,0.0671,-0.5895,pop,44
-2.0234,1.2316,0.7358,r&b,44
0.608,-0.8073,-0.9111,edm,44
-0.3523,-0.1885,0.0637,r&b,44
1.0067,0.2241,0.0488,latin,44
-1.4379,-0.8747,0.5621,r&b,44
0.8096,-1.3729,-0.3052,rap,44
2.2354,-0.9108,-0.4247,rap,44
0.2764,0.3707,0.3326,latin,44
0.385,2.0642,0.8782,pop,44
0.568,1.5238,0.6809,latin,44
0.8441,0.9457,0.0736,pop,44
-0.3613,0.08,0.3101,latin,44
0.5023,-0.9233,-2.0194,latin,44
0.8559,-1.6473,1.0954,edm,44
0.4293,0.0776,-0.3621,pop,44
-1.7259,-0.0925,0.713,r&b,44
1.2436,-1.4036,-0.0787,rock,44
-2.0035,0.2218,-0.9103,edm,44
0.8279,0.4372,-0.3367,pop,44
1.3867,-2.029,-0.1582,pop,44
0.2874,0.4648,-0.8843,rap,44
-0.655,0.5621,-0.6267,latin,44
1.238,1.3071,-0.3043,latin,44
0.7717,-1.535,-0.0545,edm,44
1.7627,-2.1218,1.6077,edm,44
1.4282,-1.1339,-0.0022,edm,44
2.5878,0.1221,-1.546,edm,44
-0.4476,-0.7444,0.4404,pop,44
-1.0599,-0.7994,0.2496,pop,44
0.2439,-0.6776,0.0613,rap,43
0.2799,1.3836,1.1067,rap,43
0.271,-0.886,-1.2987,rap,43
1.1266,-0.837,0.7175,rock,43
1.6615,-2.0026,0.983,edm,43
-0.0156,0.9884,0.9673,latin,43
-0.2075,-0.5145,0.7039,r&b,43
-0.4222,1.3478,-1.1064,latin,43
0.3142,-1.4319,-0.2031,pop,43
1.5192,-0.8746,0.2723,edm,43
1.6889,-0.0991,-0.3049,rock,43
0.724,-0.555,1.3202,latin,43
0.0123,-2.5986,-1.689,rock,43
-4.327,-1.764,1.1364,pop,43
0.1472,-0.9621,-0.6974,r&b,43
0.5006,0.5231,1.2474,latin,43
-0.0694,-2.9887,1.8695,pop,43
1.5653,-0.7878,-0.7068,edm,43
-0.2345,-0.8659,-0.0672,latin,43
2.1809,-0.9892,-0.6096,rock,43
1.1571,0.1579,-0.0766,pop,43
-4.2074,-2.5607,-0.5075,rock,43
-0.6491,2.1428,-1.2491,rap,43
-1.9074,-0.9799,-0.9635,pop,43
0.7061,-1.4174,-1.0281,edm,43
-2.6846,-1.5218,-1.9066,pop,43
-0.4132,0.3245,-0.0194,latin,43
-1.4038,0.3034,1.4497,rock,43
0.8817,2.307,0.0966,latin,43
-3.2404,-0.2172,-0.1958,rock,43
0.5823,-0.0024,-2.5707,edm,43
2.2722,-2.2268,-1.6083,latin,43
-1.1595,0.2918,1.3562,pop,43
0.3371,1.2678,1.7528,r&b,43
0.2152,0.8,0.3359,latin,43
1.4889,0.9687,0.4153,latin,43
0.1343,1.6554,0.9468,rap,43
-3.5024,0.9145,-0.4972,latin,43
-0.0422,0.0362,0.062,edm,43
1.7282,0.7974,-0.6625,edm,43
1.8913,-1.5872,0.4248,edm,43
-0.5746,-0.795,0.6011,pop,43
-2.7416,2.6098,-0.7701,latin,43
-1.5219,0.7518,1.3365,latin,43
-0.1179,2.6515,-0.3388,rap,43
-1.7064,-1.625,-0.9265,r&b,43
1.3572,0.8692,0.5208,edm,43
1.001,0.0437,-2.2579,latin,43
-2.2488,-0.0499,-1.1191,r&b,43
0.9536,1.1281,-0.9806,latin,43
-0.3986,-1.9954,0.7784,edm,43
0.0954,1.1389,1.8874,rock,43
-3.5033,-0.4822,-0.5314,pop,43
1.8286,1.7193,1.3525,edm,43
1.2991,-1.4489,-1.4701,rap,43
0.6187,-0.3557,0.8192,rap,43
0.9886,0.5036,0.1347,edm,43
1.6552,-1.2515,0.3101,pop,43
-0.0155,0.0089,0.1654,pop,43
-3.604,1.3851,-1.8013,rap,43
1.0,-1.2108,1.343,edm,43
1.068,-0.9338,-0.9667,pop,43
-0.1243,0.3603,0.1273,r&b,43
0.2091,1.3794,1.0621,pop,43
-0.7292,-0.8431,-0.2478,pop,43
-1.3584,1.9025,0.026,rap,43
-0.5053,1.2363,-1.5382,rap,43
-1.0679,0.5122,-2.7231,rap,43
-0.8603,-0.5094,-1.15,edm,43
2.0031,-1.9234,-1.0338,rock,43
1.185,-1.248,1.7461,edm,43
2.0936,-0.5399,-0.4805,edm,43
1.6788,-1.6808,-0.9367,rock,43
0.5902,-0.9441,-0.2823,rap,43
-0.2986,0.4334,0.0572,latin,43
0.654,-0.059,0.7605,latin,43
-0.0377,2.1501,-0.1735,latin,43
-2.4204,0.8374,-0.1706,latin,43
0.0877,-1.3569,-0.7845,edm,43
1.0303,-0.1446,-0.092,edm,43
-3.5978,0.3579,-0.0824,rap,43
1.3103,0.2912,-0.4843,r&b,43
-0.04,0.7993,0.8235,latin,43
1.3223,-1.1987,-0.3437,pop,43
-3.3286,-0.6766,-0.7062,rock,43
-1.4329,1.0423,0.0708,latin,43
1.4699,-0.4964,-0.1353,pop,43
1.147,0.8936,-0.2963,edm,43
1.2511,-0.098,-0.1095,rock,43
-0.3045,-0.1984,-0.8347,latin,43
1.1039,0.4519,-0.6375,latin,43
0.2599,0.1032,-0.1277,latin,43
0.781,-0.624,0.0123,pop,43
1.3534,0.1547,-2.0909,rock,43
-0.4119,0.6252,-0.9309,latin,43
-1.5793,0.6682,-2.0481,latin,43
0.8703,0.6064,-0.1871,rap,43
-0.0673,0.451,-0.4401,rap,43
0.4197,0.2793,-0.4419,latin,43
0.3097,0.9318,0.7139,latin,43
0.8393,0.932,0.3137,rap,43
1.8088,-0.1209,-0.1015,rock,43
0.4182,1.4112,1.0108,latin,43
-0.5296,0.4568,0.1058,pop,43
-0.7821,-1.5838,-0.2019,pop,43
0.2666,1.1817,0.8432,pop,43
1.9222,-1.7866,-1.2345,rock,43
1.0792,-0.218,0.4113,rock,43
0.0811,0.2354,-0.1786,pop,43
1.1622,0.156,0.3154,edm,43
-3.4111,-0.6235,0.4338,pop,43
-1.3708,-0.4861,-0.4513,rock,43
-0.5943,1.665,0.3128,latin,43
-1.6172,-0.5956,-0.0003,pop,43
1.2133,-0.4541,-0.3358,pop,43
0.8388,-0.6567,-1.4566,edm,43
1.1462,0.3111,0.5329,pop,43
-0.1997,-0.2274,0.4812,pop,43
1.0265,-0.2338,-1.2387,edm,43
0.0996,-0.6655,0.3266,edm,43
1.8867,-1.4095,-1.4015,edm,43
0.7117,-0.1708,-0.2953,latin,43
-3.1635,1.1273,0.0244,r&b,43
-0.6707,1.0889,-0.6265,rap,43
-0.5642,0.9985,-0.9479,r&b,43
-4.1558,-2.5791,0.3523,rap,43
-0.851,-2.3365,-1.8528,rock,43
-4.633,-2.0227,-1.6745,rock,43
-2.1678,-2.0139,-0.0004,r&b,43
-0.5221,1.6733,0.6956,edm,43
-0.4316,1.2692,-0.1949,rap,43
0.9968,0.1107,-1.7346,r&b,43
0.9634,-1.1142,-0.4701,rock,43
2.1049,0.3828,0.4887,edm,43
1.6521,-0.2922,-0.2821,edm,43
-4.0019,0.9545,1.3946,latin,43
0.1247,-0.8006,-0.8127,rock,43
0.9721,0.3653,-1.0336,rock,43
-0.4281,-0.4061,0.3534,latin,43
0.9628,1.137,0.8241,pop,43
-0.6636,-1.0099,1.7146,pop,43
-0.6047,-2.0933,1.3369,rock,43
0.8706,-0.0775,2.2107,edm,43
0.8052,-1.9632,-0.3549,rock,43
0.5959,-0.1689,-0.3071,rap,43
-1.8112,2.0094,-0.4202,rap,43
-0.6689,1.8675,-0.1462,rap,43
1.3745,0.9404,1.0507,rap,43
-2.642,-0.9754,-0.6017,r&b,43
-5.6326,-0.692,0.8652,rap,43
0.0292,-0.4143,2.2019,rap,43
-1.1191,-0.5012,-0.9306,r&b,43
0.3783,1.2337,0.5528,pop,43
0.1705,-1.1325,-0.2012,pop,43
2.0652,0.3809,-0.7921,edm,43
1.3948,-0.4337,-1.309,edm,43
-0.0413,-0.6172,0.4737,rock,43
1.205,-0.1096,0.244,rock,43
0.89,-0.7244,-1.2396,edm,43
-1.0318,1.6945,-1.9429,rap,43
-1.7998,1.2213,-2.1861,r&b,43
0.6851,0.577,0.123,rap,43
0.9719,2.1349,-0.2234,latin,43
0.4177,0.9754,0.4614,edm,43
-0.2041,-0.5829,0.2152,r&b,43
1.5252,-0.6651,-0.0863,edm,43
1.1041,0.1517,0.0082,rap,43
0.04,-0.6388,-0.901,rap,43
-1.4473,0.5941,1.9361,rap,43
-2.0478,-0.1691,1.2248,rap,43
1.4637,-1.8687,0.8865,edm,43
-0.1884,0.7136,-0.7922,r&b,43
-1.8008,0.1963,-1.2326,rap,43
-1.385,0.2779,1.1497,rap,43
0.3657,-2.2684,-0.758,rock,43
1.0499,0.7847,0.5274,edm,43
1.0574,1.4841,0.9823,latin,43
1.6719,0.8002,-0.5873,pop,43
1.5479,-0.0839,0.2182,pop,43
-0.3661,-0.3123,-0.1715,pop,43
-0.6793,0.2583,0.9633,latin,43
-1.6915,-1.5644,-0.5395,latin,43
-0.6486,1.2993,-0.6134,rap,43
1.4138,-1.3423,-0.2643,rock,43
1.5489,-1.9645,0.9359,rock,43
-3.8403,-1.0128,-0.819,r&b,43
0.5212,-0.5385,1.0167,r&b,43
-2.4704,0.4065,-1.0123,rap,43
-5.0304,-0.7207,-0.3148,rap,43
-4.6418,0.1337,0.8017,rap,43
-3.2258,1.3683,0.6743,rap,43
-4.5215,-1.2079,-2.2051,r&b,43
-2.2015,-0.618,0.1057,edm,43
-0.053,-0.5236,-0.8594,r&b,43
-0.1572,1.0876,-0.266,rock,43
0.7085,1.2714,0.9847,rock,43
0.7814,1.0206,-0.4881,latin,43
0.1328,0.2021,0.7035,r&b,43
-0.9864,0.4484,0.1573,rap,43
-4.3857,0.0447,-0.0965,rap,43
0.7489,0.6016,2.8482,latin,43
-0.3107,-0.1884,1.4533,pop,43
1.7616,1.4114,0.2844,latin,43
1.0533,0.6165,-0.07,edm,43
-1.7176,-0.9512,0.88,pop,43
0.2832,0.9022,-0.3856,rap,43
1.1908,-2.8252,-2.2696,rap,43
-0.7967,1.1693,1.1558,r&b,43
0.3412,0.4892,-1.0762,rap,43
-0.4566,-1.3513,0.481,pop,43
0.9676,0.422,0.3773,latin,43
-0.6815,1.4965,0.4791,rap,43
0.2993,-0.0828,-0.7988,rap,43
-0.4314,2.5676,-0.0431,latin,43
-0.8666,-1.1425,1.7812,edm,43
-1.491,1.1563,-0.5954,latin,43
-0.6061,0.0253,1.1728,edm,43
0.2983,1.367,-0.8694,latin,43
-2.1466,0.0734,-0.4251,pop,43
0.7181,-3.0953,-0.7277,rock,43
1.2236,-0.7383,-0.0693,edm,43
0.7441,0.482,-0.0474,r&b,43
0.114,0.6033,0.2723,edm,43
-1.4785,0.1518,0.3515,r&b,43
-1.4977,-0.974,-0.1331,rap,43
-0.1632,2.1836,-0.1712,rap,43
-0.1123,-0.921,0.0676,rap,43
1.3152,-2.1316,-0.7436,pop,43
-0.0818,-1.0538,0.0988,edm,43
-3.2207,-0.929,-1.1036,latin,43
-1.1989,1.9564,-2.1972,rap,43
-2.8191,0.7462,-1.4478,rap,43
-2.4585,2.4136,-1.6146,rap,43
0.0497,0.0135,0.9341,latin,43
1.2918,0.7947,-1.7316,rap,43
0.1412,2.1697,-0.1082,rap,43
0.1544,0.4014,1.2186,r&b,43
0.8881,0.1676,1.0064,r&b,43
-3.818,1.2624,-0.6115,edm,43
1.1382,0.4027,0.8483,pop,43
1.9019,0.6551,-0.1771,latin,43
0.2714,0.8215,0.65,rap,43
-1.1998,-0.4442,0.4655,r&b,43
-1.3849,0.6094,0.3619,r&b,43
-5.3499,0.2628,-0.587,pop,43
-0.5691,0.0602,-0.4491,pop,43
0.5272,1.0544,-0.9019,latin,43
0.9356,-2.0565,-0.0222,edm,43
0.4538,-0.9075,1.3287,pop,43
-1.5354,0.8459,-1.4242,rap,43
-1.0121,0.6972,-1.3209,rap,43
-1.6864,-1.4203,-0.2893,latin,43
0.4303,1.2966,0.386,rap,43
0.5827,1.5025,0.0265,rap,43
0.6289,-2.2418,1.7449,edm,43
-1.6232,0.4898,1.3481,r&b,43
-0.4858,0.6216,-0.3864,pop,43
1.2065,-0.3703,-0.3563,edm,43
0.8568,-0.9349,1.2135,rap,43
-1.6498,-1.5038,0.7465,edm,43
0.6302,0.1676,-0.9231,edm,43
-1.082,0.6998,0.1921,latin,43
-0.0687,1.0553,0.4213,rap,43
-3.3859,-2.1499,0.182,r&b,43
-0.7368,-0.4265,0.499,r&b,43
-0.4173,-1.187,0.3094,rap,43
1.3112,0.5124,-1.1004,edm,43
1.3183,-2.8817,-1.3197,edm,43
0.8864,1.4622,-0.6771,rap,43
-1.7551,-0.5766,-0.0019,latin,43
-0.0155,1.9694,0.0995,latin,43
-0.7916,-1.4322,1.6631,latin,43
-0.6233,-0.2599,-0.1246,rap,43
-0.7176,0.0543,0.313,r&b,43
-0.7413,1.5431,-0.3499,rap,43
-1.2544,2.4865,-0.6911,rap,43
1.0654,0.0661,0.6714,rock,43
-1.3129,-3.8866,1.7573,pop,43
0.5582,-1.8296,0.4406,edm,43
-0.0359,1.0695,1.6821,latin,43
1.1988,-0.554,-1.3931,r&b,43
-1.2349,0.1188,1.49,r&b,43
-2.0753,-2.7083,3.7644,r&b,43
2.1489,-3.4938,-2.8789,rock,43
-3.9905,-1.0842,-1.1818,pop,43
-2.8382,2.1605,-1.342,r&b,43
-0.408,-0.5465,-0.3864,r&b,43
0.3093,-1.2284,2.4288,latin,43
1.432,2.2005,0.8531,rap,43
0.0685,0.5877,0.1103,r&b,43
1.2522,0.5724,1.2254,rock,43
1.3155,-0.9162,-1.3294,edm,43
0.837,1.4197,-0.268,r&b,43
-0.7414,1.1755,0.2067,rap,43
-0.5827,0.6622,0.3029,rap,43
1.1891,0.6249,-2.3712,rap,43
-0.0676,1.6972,-0.8166,rap,43
1.256,-1.1809,-1.1839,edm,43
-0.3769,-1.1146,-2.0193,rap,43
1.1335,0.5522,0.1341,pop,43
1.311,0.0805,0.2629,pop,43
1.5184,0.0723,0.2852,edm,43
2.1418,-1.2988,-0.7197,rock,43
1.304,-0.4317,-0.1069,edm,43
-2.4137,-1.6554,1.3439,latin,43
1.244,0.1872,-2.3775,pop,43
0.3264,1.3899,0.0037,latin,43
0.4569,1.4772,1.251,r&b,43
0.2776,-0.0645,1.2024,r&b,43
1.3007,-1.2621,-0.3689,r&b,43
-0.2564,-0.0448,2.9242,edm,43
-1.8879,-0.9365,-0.3538,r&b,43
0.072,0.4326,-1.8873,rap,43
-1.1192,2.407,-1.1317,latin,43
-0.312,-1.5225,-0.5441,pop,43
-2.4319,-0.0635,-0.4835,rock,43
0.6477,-1.4356,3.6383,edm,43
0.1833,1.6492,-1.1787,pop,43
1.1192,-0.6003,-0.3159,edm,43
-0.179,-2.3448,1.0089,pop,43
0.7917,0.0968,0.4162,latin,43
-3.0287,-0.0712,0.3677,latin,43
-2.3195,-0.964,-2.0503,latin,43
0.0617,0.9526,0.2382,rap,43
-1.6595,1.5731,0.1927,edm,43
1.4883,1.8384,0.428,edm,43
-2.7444,-1.1046,-0.2695,r&b,43
0.9388,1.239,0.493,edm,43
0.253,1.1836,1.2177,rock,43
0.9367,-0.5996,0.5184,rap,43
-0.4059,-2.033,0.7765,rap,43
-1.1213,-1.4679,-0.2648,latin,43
1.9282,2.1803,0.8378,latin,43
-0.2534,2.255,0.4084,latin,43
-2.2371,-1.9529,-0.6478,latin,43
0.3404,-2.6097,1.2707,rap,43
-0.4169,0.8297,-0.7991,rap,43
-0.2849,-2.3185,1.7646,r&b,43
-2.3896,0.5131,-0.2676,r&b,43
1.8809,0.548,0.5388,edm,43
2.1583,1.1667,0.451,rap,43
-0.0329,-2.4689,-0.238,edm,43
-0.7137,-0.1601,2.2276,latin,43
0.7652,-0.3649,-0.0465,latin,43
-1.1716,1.2403,-0.7484,r&b,43
-0.6207,1.5573,-0.1383,r&b,43
-1.3405,-1.6455,-1.1391,pop,43
-0.8528,-1.8062,1.7287,edm,43
0.4276,0.5432,-0.584,pop,43
-0.2931,0.413,-0.4652,rap,43
-0.2466,0.907,0.8994,edm,43
0.3477,1.3365,0.8606,rock,43
1.3199,2.4854,-0.1533,edm,43
-0.8134,1.8152,1.3428,edm,43
-1.0342,-0.057,1.2683,rock,43
-1.0007,0.4044,0.3583,edm,43
1.0604,2.0205,0.3816,edm,43
-0.1445,-0.5689,0.0472,pop,43
0.7294,-1.28,1.5495,r&b,43
-0.1984,0.0661,0.2528,pop,43
0.0018,-1.303,0.8471,pop,43
0.821,-1.3318,-0.565,edm,43
0.3391,1.5242,0.0472,rap,43
-0.9774,-0.6251,0.7457,r&b,43
0.2964,2.3687,0.4264,latin,43
-0.9496,-1.7646,-1.0466,latin,43
1.7992,-0.408,-2.9053,edm,43
0.7918,-0.2365,-0.335,rap,43
-0.5245,-1.5749,1.0984,edm,43
-3.22,-1.3956,1.144,rap,43
-1.7178,-1.7371,-0.1909,pop,43
-0.1757,-0.7416,0.1327,rock,43
1.7291,0.0207,1.4307,pop,43
-0.0165,1.7582,2.2307,rock,43
1.8033,-0.3041,-0.5131,pop,43
-0.4313,1.0441,0.6209,latin,43
0.8095,0.6041,2.265,edm,43
-0.2769,-0.3936,-1.2059,rap,43
-1.5555,0.7969,0.1071,latin,43
-0.6474,-0.5702,-0.232,latin,43
-1.1112,0.7964,0.9377,latin,43
-0.905,-1.8685,0.3586,rock,43
0.0703,1.6182,-0.8002,rap,43
-2.1474,0.5935,-0.8008,r&b,43
-0.0218,0.4212,-0.8811,rap,43
-1.1335,0.5286,-0.1086,rap,43
0.0642,-1.8707,-1.4334,rap,43
-5.3752,-0.5414,1.6841,r&b,43
1.2126,2.2181,-1.5185,rap,43
0.0095,-0.2299,0.5847,edm,43
2.0559,-0.8917,-1.3523,edm,43
0.5666,-0.2284,-0.5606,rap,43
0.6887,2.0244,0.6864,latin,43
-0.8092,0.4641,1.701,r&b,43
1.761,0.2627,0.8566,edm,43
0.6357,2.6143,0.5708,edm,43
1.3434,0.2454,0.0136,edm,43
-0.4309,-3.5937,-1.5144,rock,43
2.162,-2.4641,0.0566,edm,43
-0.226,0.1764,-0.4553,edm,43
-3.0737,0.1764,0.3749,rock,43
-1.4826,-1.6219,0.2394,rock,43
-1.3087,-0.0705,-1.05,rock,43
-0.2278,-0.5472,-1.3978,rap,43
0.3601,-0.6809,-0.6549,rap,43
1.3946,-2.6535,-0.529,rock,43
1.7691,-0.7436,-0.7897,rock,43
-0.2542,1.6713,-1.2414,rap,43
0.583,1.3175,-0.0852,r&b,43
1.8148,-0.037,-0.1565,edm,43
-0.9203,-0.4658,0.6415,pop,43
-0.7138,1.6192,1.0215,latin,43
1.2998,-0.1789,-0.3254,latin,43
-0.0922,0.3641,-0.0584,rap,43
-0.5077,-2.8139,1.0749,rock,43
1.7069,-0.3533,-0.0461,rap,43
-0.1935,-0.2075,-0.1975,latin,43
1.6581,0.1737,0.213,edm,42
0.769,1.1052,0.3208,r&b,42
1.6062,-2.1946,-1.467,edm,42
1.5822,-1.6143,0.4141,edm,42
0.1829,-0.0658,-0.0211,pop,42
1.1339,-1.0618,-0.3637,latin,42
-2.9959,-1.4588,-1.9687,pop,42
0.8423,-0.9297,-0.4333,edm,42
0.5936,-0.9534,0.3467,rock,42
-1.0159,-0.7438,-0.1003,r&b,42
-0.0768,-1.7028,0.0599,rock,42
0.3002,0.6756,0.4473,edm,42
-2.6358,0.9323,1.4582,rock,42
0.9903,-0.1443,-0.1137,pop,42
-0.5155,0.2792,-0.4286,rock,42
0.0298,1.1442,0.6464,pop,42
0.3671,-0.6993,-1.7694,rap,42
1.4825,0.4456,-1.2208,edm,42
0.5807,0.1893,1.4251,rock,42
-1.1461,-0.8503,-0.3281,pop,42
-1.6815,-2.6804,-0.1175,r&b,42
-6.3713,-1.5634,-1.0055,pop,42
-5.4508,-2.2195,-0.365,pop,42
-1.0845,-1.7077,-0.2854,rock,42
-0.0317,-2.4537,-0.6207,rock,42
-0.3562,-0.7908,-0.5151,rock,42
-3.935,-1.8439,-0.8213,rock,42
-0.2555,0.9807,1.3057,rap,42
-0.3417,0.804,-0.0514,rap,42
-2.1247,-0.9098,-0.5828,rock,42
-4.0329,0.533,-0.3333,rock,42
1.2479,0.509,0.6108,pop,42
-0.6277,1.1108,2.5379,rock,42
1.8218,0.3221,-0.9238,rock,42
1.6857,-1.4812,-0.6014,edm,42
-1.0698,0.8278,-0.3683,rap,42
1.7572,-1.3851,-0.0262,rap,42
2.1294,-0.8989,-0.4998,rock,42
0.1504,0.1618,3.0723,pop,42
0.2833,-0.6201,0.1695,rap,42
0.0817,1.351,-0.1087,pop,42
1.0313,1.3138,0.9136,latin,42
-0.5489,0.3095,0.243,latin,42
-0.3334,-0.721,0.2641,r&b,42
-0.0957,-0.2304,-0.3482,latin,42
1.1637,0.5019,-0.6236,rock,42
-2.5212,-0.7898,-0.5977,rock,42
0.4279,1.0749,-0.686,rap,42
-1.7886,1.8286,-0.5934,rap,42
0.636,-0.2105,0.7886,rock,42
-4.8601,1.0491,-0.2565,latin,42
0.4432,-0.161,-0.9112,latin,42
0.7714,2.068,-1.191,rap,42
0.0508,0.3,-0.0903,rap,42
-0.1446,-2.0805,-0.5823,rap,42
0.3706,-0.9892,0.095,rap,42
-2.6861,0.2948,-0.4481,r&b,42
-1.744,-2.6016,-1.3819,rap,42
0.4065,0.4856,-0.4778,edm,42
0.1781,1.2386,-1.5898,rap,42
1.0053,0.5981,-0.5952,rap,42
-2.7642,-0.6439,0.1707,rock,42
0.0186,0.5135,-1.1683,r&b,42
-0.7982,-0.6226,0.8669,rock,42
-2.9332,1.8141,-0.1463,latin,42
-0.7787,0.0652,0.3384,latin,42
1.0101,0.5523,0.7483,latin,42
-2.0061,2.4614,0.5358,r&b,42
-1.3914,1.7998,-0.7802,edm,42
-1.5954,-0.1477,-0.8045,edm,42
0.499,1.6411,1.1456,pop,42
1.1667,1.0893,0.2267,edm,42
-0.3793,0.7725,-2.2479,rap,42
0.7016,-0.6667,-0.499,latin,42
-0.8168,-0.3706,-0.561,latin,42
-2.0614,0.2552,0.9648,latin,42
-2.3843,-0.5214,-0.0674,latin,42
1.5438,-0.9932,-0.9641,edm,42
0.9792,0.7584,0.6615,r&b,42
1.3834,0.8096,0.3687,latin,42
1.7056,-0.7111,-1.3358,pop,42
1.5386,-0.7222,-0.3748,pop,42
1.0417,1.2686,1.2184,rap,42
-2.4846,-2.9382,-2.1945,r&b,42
0.673,-0.0713,0.58,latin,42
-0.4667,-0.1668,0.2506,pop,42
1.3391,-0.7828,-0.2052,edm,42
1.255,0.4927,-1.524,latin,42
-1.1096,0.9633,1.4424,latin,42
1.5156,-0.0656,-1.6945,rap,42
1.16,-2.7542,-1.3291,rap,42
1.3357,-2.8275,1.461,rap,42
0.3095,-1.4303,-1.3516,rap,42
-1.6109,-0.6594,-2.8315,rap,42
0.6987,-0.3216,0.1946,rap,42
-0.0394,-0.681,0.3512,rap,42
0.4414,-1.5185,-0.0854,rap,42
1.6523,-2.4674,0.2662,rap,42
0.511,0.0191,-0.0174,pop,42
-1.8092,-0.2534,-0.758,pop,42
0.7424,-0.4728,0.4088,rock,42
0.5465,1.4132,1.1407,rock,42
-1.211,0.2726,1.6024,rock,42
1.7098,-1.7452,-0.9836,edm,42
-0.9441,0.0805,1.0143,r&b,42
-0.1035,1.6271,0.915,rap,42
1.0216,1.4769,-0.3504,rap,42
1.5506,-0.6531,-2.7701,rap,42
-0.2625,0.0966,0.9201,rap,42
0.8316,-1.7096,-1.0325,rap,42
0.855,0.2636,0.6699,rap,42
0.1436,-0.5654,0.2946,rock,42
-0.6184,0.8457,1.0302,r&b,42
1.7583,-0.5849,0.327,edm,42
-3.1503,-1.5739,1.5586,rock,42
0.4829,0.4786,-0.1196,edm,42
-1.2214,0.6325,-1.4967,r&b,42
1.2445,1.8581,0.9451,r&b,42
0.0342,-0.2117,-0.7074,latin,42
-1.7879,0.0293,0.2284,rock,42
0.6932,-1.0795,-0.5279,edm,42
-4.2787,0.3608,-0.6755,r&b,42
0.6009,0.6133,-1.1652,rap,42
1.6601,-1.2131,-0.9657,edm,42
0.3863,-0.0115,1.6239,edm,42
0.9065,-3.867,1.3185,rock,42
-0.1371,1.6086,1.0044,latin,42
0.7509,0.7671,-1.1528,rap,42
-1.7691,0.5021,-0.476,r&b,42
-1.0826,-0.2979,-0.1267,rap,42
-0.9903,1.1895,0.0164,pop,42
0.0299,-0.8298,-0.0587,edm,42
0.0376,-0.3227,0.2374,pop,42
0.9058,0.8566,0.384,edm,42
1.1019,1.8415,0.5182,edm,42
0.8569,0.1809,-0.4103,latin,42
0.8423,-0.0611,0.0333,latin,42
1.8364,-0.1867,-0.6533,edm,42
-1.7568,1.863,1.3081,latin,42
-0.8901,0.259,-0.069,edm,42
-1.4197,-0.7831,-0.1929,pop,42
1.2495,-0.396,0.3041,edm,42
-1.0264,1.4953,-0.5064,rap,42
-0.0537,-1.3982,-0.8845,edm,42
-0.0656,0.0657,-1.4846,pop,42
-3.123,-1.0981,1.3508,pop,42
-2.9883,0.895,-1.199,pop,42
0.0412,0.3327,1.196,latin,42
1.4935,0.9388,0.3138,rap,42
0.0021,1.0737,0.3979,rap,42
-1.2538,0.4053,-3.8615,rap,42
0.8109,2.7236,-0.5917,edm,42
-0.9954,-0.6419,1.7148,pop,42
1.1161,-0.4592,-1.0925,edm,42
1.5365,-0.1705,0.0161,edm,42
0.7345,0.144,-0.7785,rap,42
-0.2731,0.5384,-0.2886,edm,42
1.0366,-0.0735,-0.1196,edm,42
0.7746,0.8101,-1.3666,rap,42
2.1372,0.4489,-1.2507,edm,42
-0.3473,1.3201,0.4337,r&b,42
1.1347,1.0548,-0.0847,rap,42
-4.1548,-2.0857,-0.7462,r&b,42
0.0823,0.8232,1.5625,edm,42
0.9765,-1.3066,-0.2546,rock,42
1.8996,0.3601,-1.1963,rock,42
1.4926,-1.8762,-0.2547,edm,42
-0.4151,-1.1289,3.9692,edm,42
-1.7395,-2.8892,3.7262,edm,42
-0.2343,-0.7401,0.1671,latin,42
0.9054,-1.9915,-1.0836,edm,42
-0.7377,-0.0318,0.0287,latin,42
-1.4039,0.635,-0.0646,pop,42
1.4402,0.4282,0.4685,rock,42
-4.4561,1.4835,0.4616,rap,42
0.3974,0.5007,-1.6114,r&b,42
-0.2017,1.4645,0.7247,latin,42
1.23,2.1747,0.1488,edm,42
-3.2842,0.3745,-0.752,r&b,42
-0.8957,-0.3657,-0.2953,r&b,42
0.0739,2.2531,-0.2401,rap,42
-0.0132,-1.3082,0.194,edm,42
0.5831,0.299,2.6811,pop,42
0.748,1.4408,-0.4073,edm,42
-1.5345,1.1186,-1.3382,r&b,42
-1.6938,-1.1482,-1.41,r&b,42
1.7642,-0.5523,-1.1544,rap,42
-0.5429,1.0183,1.9624,rap,42
0.7898,-2.7446,-1.1137,r&b,42
-2.1872,-0.8967,0.5485,rap,42
-0.6973,-0.3609,-0.9135,latin,42
2.2912,0.722,-2.1466,rap,42
-0.0682,-0.4004,-0.1853,rap,42
-3.004,1.2589,-2.236,r&b,42
1.421,0.6884,-0.8399,rap,42
-0.5204,0.1428,0.1969,pop,42
1.7344,-1.721,-0.9062,rock,42
-0.5522,-0.1337,-0.505,pop,42
0.6643,1.7107,0.9201,pop,42
0.7458,0.209,0.8293,latin,42
0.5458,1.2977,-0.5465,rap,42
-1.3443,2.4449,-0.6086,latin,42
1.3845,0.2252,-0.6347,edm,42
0.6182,-2.2578,0.8145,pop,42
0.8003,-0.5387,-0.3464,edm,42
-4.2971,1.4429,-1.6466,latin,42
0.2583,0.8642,0.1045,latin,42
-0.7338,0.6405,0.4812,pop,42
1.3528,-0.8015,-0.946,pop,42
1.1838,-1.8919,-1.4216,edm,42
1.4292,1.4834,-0.3233,rap,42
1.8176,-0.5821,0.1161,edm,42
1.4914,-0.9685,0.7225,edm,42
0.6873,1.4295,0.5266,latin,42
0.2968,0.8732,0.9238,rap,42
1.63,-0.4031,-0.5658,edm,42
0.275,0.6531,0.2025,rock,42
0.2831,1.3453,0.4683,latin,42
-0.264,-2.1821,-0.5233,pop,42
0.1332,0.619,-0.0853,latin,42
-0.5399,-0.8521,0.0144,rock,42
0.8244,1.4855,0.7016,pop,42
1.9379,1.5278,-0.9506,edm,42
1.9404,0.4847,-0.7068,edm,42
-1.6848,0.1194,0.0405,r&b,42
0.5581,1.2556,1.0749,latin,42
1.9504,0.8111,1.0141,edm,42
0.3042,0.7105,0.7286,rock,42
0.3185,-0.3965,0.2921,rock,42
1.3978,0.3426,-0.6758,edm,42
-0.3577,0.2197,-0.3672,rap,42
-1.0205,1.7198,-1.0409,rap,42
0.976,-1.3416,-1.0063,edm,42
-0.4207,1.2997,0.4557,latin,42
-0.6737,-0.1449,0.6431,rock,42
-2.7926,-1.3087,-1.4014,rap,42
1.5655,0.6638,-2.2497,edm,42
-0.6395,-1.8318,0.6085,latin,42
-0.4789,-0.3967,2.1736,latin,42
-0.1462,0.818,0.9725,pop,42
1.2666,0.5919,-0.5923,pop,42
2.0083,-0.2996,-0.4063,rap,42
1.2852,0.8356,0.645,pop,42
-0.72,-0.1755,0.3384,r&b,42
1.9054,-1.3382,-0.6064,rock,42
1.6571,-0.1126,-0.2015,rock,42
1.3276,-2.0942,-1.8716,rock,42
1.3584,0.2372,-1.3699,pop,42
1.1488,-1.73,-0.7636,rock,42
-3.9121,1.2008,0.4655,latin,42
0.9125,-0.0768,-0.8301,pop,42
-0.6944,2.9041,-1.3014,rap,42
0.6154,-0.6299,-0.7159,pop,42
-0.3933,-1.2258,0.4723,pop,42
2.6697,-2.0101,-2.9255,pop,42
0.6153,0.9951,-0.2957,latin,42
-1.3812,2.1136,-0.2702,r&b,42
2.1887,-0.3789,-0.9546,pop,42
0.4011,0.3542,-0.2407,edm,42
1.4373,-2.028,0.0379,edm,42
-0.4568,0.3581,0.6834,latin,42
-2.7895,1.7829,-0.2312,latin,42
-0.1305,1.9196,1.8424,edm,42
0.875,-0.1494,-1.0289,edm,42
-2.2015,1.5319,0.6864,rap,42
-0.9856,2.2201,-0.8785,rap,42
-0.4785,-0.4513,-0.192,edm,42
-0.9619,-0.483,1.0081,r&b,42
0.6268,1.87,-1.2613,rap,42
-1.1723,0.7197,0.1509,latin,42
0.7319,0.4309,-0.3107,pop,42
0.4519,1.0955,0.2757,latin,42
0.9585,1.5183,0.5062,r&b,42
0.5907,1.1073,1.3593,r&b,42
-1.0762,-0.5442,0.3917,rock,42
0.359,-2.6841,2.5202,edm,42
-1.8411,-0.1357,0.2481,pop,42
2.5957,-1.6074,-1.6084,rock,42
1.241,-0.8488,-0.7063,pop,42
-0.1196,1.0744,1.8704,r&b,42
0.1772,-1.9372,-1.8998,rap,42
-0.3907,1.1866,-1.5777,rap,42
-0.9655,1.5539,1.1985,rap,42
1.6286,2.2363,-0.3211,rap,42
-0.0706,2.2558,0.9386,r&b,42
0.0242,-1.2459,-0.0086,r&b,42
0.8257,2.1963,0.9891,rap,42
-0.1906,-1.9388,0.8628,r&b,42
-0.3162,1.2055,0.9205,latin,42
0.9381,1.3339,-0.0051,edm,42
-1.451,0.7177,0.2235,rap,42
-0.538,-0.2596,1.0889,rap,42
-0.3907,-1.0788,-0.77,r&b,42
-2.064,0.8782,-0.0515,rap,42
1.3856,-0.7299,-0.6075,edm,42
-0.2919,-0.5953,-0.2791,rock,42
-1.2879,0.477,1.353,latin,42
-1.5885,1.0315,-0.0885,r&b,42
-1.8825,0.1079,0.4991,rap,42
1.0291,1.8473,0.0324,edm,42
1.4605,1.299,0.6685,edm,42
-0.7999,-0.329,2.2516,latin,42
1.3838,-0.0044,1.026,edm,42
-1.7516,-3.1924,0.008,pop,42
0.1982,0.2034,-0.1252,latin,42
0.1682,-1.6335,0.0679,pop,42
1.1928,-1.7674,0.9474,edm,42
0.2108,2.0635,0.7795,rap,42
-1.0115,-1.8196,-2.7042,rap,42
-1.2475,1.5422,0.2683,latin,42
-1.7523,0.6171,0.3202,pop,42
-0.3453,-0.0708,0.8509,pop,42
1.4212,-1.965,-1.4554,edm,42
-0.0265,1.2067,0.8187,r&b,42
-7.1315,-0.4459,-0.3296,rap,42
-3.6675,-1.0768,0.2704,rap,42
0.3042,-1.5917,-3.146,rap,42
1.4664,1.6822,1.323,edm,42
-0.3442,-2.9919,-2.1502,pop,42
1.103,2.1586,1.604,rap,42
0.4064,-0.6068,0.6558,rap,42
-0.1267,1.5769,-0.3859,rap,42
-3.0709,0.4978,0.2186,rap,42
-1.0527,0.81,-0.4914,r&b,42
-0.6417,-1.8949,1.754,edm,42
2.13,-1.4652,-0.8315,pop,42
-0.0,1.2144,-1.0584,r&b,42
-1.7995,0.1363,0.5462,rock,42
0.1174,-1.2428,1.4987,edm,42
-1.2114,0.3932,-0.7215,edm,42
-0.3938,0.5829,0.152,rap,42
-0.0077,1.4535,0.438,latin,42
-2.9722,0.4218,0.6839,rap,42
-1.5051,0.278,0.1504,rap,42
0.2888,0.0365,-0.1933,rap,42
1.047,-0.0617,0.3449,pop,42
1.2404,-2.1423,1.4921,edm,42
1.0929,0.0521,-0.4688,rap,42
-2.6774,-0.0298,1.0054,r&b,42
-0.7568,-0.0622,0.725,rap,42
-0.4582,0.0467,-1.1678,rap,42
0.3166,0.3757,0.3818,rap,42
-2.4811,-1.0062,-0.0277,pop,42
-1.4141,1.3455,0.1146,pop,42
1.3477,1.0746,0.4465,r&b,42
-0.2465,-1.9343,0.5303,edm,42
-0.24,-1.9057,2.5342,edm,42
1.501,-1.2614,-0.135,pop,42
0.7624,0.5998,-0.1603,pop,42
0.6722,1.4318,-1.7641,rap,42
1.0121,-0.2794,3.3571,latin,42
-1.4912,1.4825,0.5598,edm,42
-2.5798,-3.2936,0.1678,edm,42
0.7854,-0.7572,-0.1656,latin,42
-0.1479,0.892,0.712,pop,42
-0.4227,-0.3063,0.1952,latin,42
1.5645,2.2633,0.0871,edm,42
-0.1672,-1.3412,2.5048,rock,42
1.5545,-0.0945,1.5723,edm,42
1.7325,1.2634,0.7301,edm,42
-1.8783,2.5107,-0.9021,rap,42
1.6862,-0.3246,-0.6025,edm,42
1.2054,-1.2726,-0.0558,edm,42
-2.2578,0.1579,0.6409,rap,42
0.4362,-2.0342,-1.1084,pop,42
-1.6918,-0.2896,0.1186,pop,42
0.4829,-0.6258,0.7223,rock,42
1.2179,1.3821,0.2236,rap,42
0.4728,0.5449,-1.4294,rap,42
1.419,1.5653,0.3229,rap,42
0.8666,0.8012,0.7784,rap,42
0.1258,-0.9915,-0.1672,rap,42
0.403,1.5176,0.5702,latin,42
-0.5355,-0.6519,-0.5251,rap,42
-0.6853,0.2102,-0.9982,rap,42
-1.5038,-0.6184,0.1075,rap,42
-1.5102,1.2883,0.564,r&b,42
1.3397,-0.2074,0.2387,rap,42
0.7136,-0.3335,-0.6405,rap,42
-1.6325,-1.5519,1.4826,pop,42
-0.409,-0.5322,-0.5078,rap,42
1.7505,-1.3428,-0.6681,edm,42
-0.2159,0.6176,0.001,rock,42
0.2952,1.4339,-0.4386,latin,42
0.8787,1.9978,-1.5219,latin,42
0.2038,1.4515,-1.3662,pop,42
0.9397,1.5498,0.3053,latin,42
0.2641,-1.9746,1.9521,edm,42
-0.4211,-0.2349,-0.2669,rap,42
-0.1084,-0.8424,-0.9924,rap,42
-1.7691,-1.8226,-0.0173,rock,42
-0.2186,-0.0831,-0.4473,edm,41
0.1368,2.0423,-1.3907,latin,41
1.0347,1.672,-0.6214,pop,41
-0.9529,1.4668,-0.2942,pop,41
-0.1996,0.6813,0.6657,pop,41
0.4102,0.6339,-0.35,latin,41
1.4229,-1.2004,-0.231,edm,41
-0.353,-2.0226,-1.9959,edm,41
0.9369,0.1769,-0.6823,rap,41
1.0561,-0.1339,-0.5176,rap,41
0.5898,0.3388,-1.4679,r&b,41
-0.0854,-0.8733,-3.2136,r&b,41
0.363,-1.2263,0.5521,rap,41
1.3296,-0.7925,-0.4423,rap,41
1.3992,-2.0285,-0.309,rock,41
0.4134,-2.4836,-0.1603,latin,41
1.044,0.4398,0.4035,edm,41
-0.0543,-0.3961,-1.5612,latin,41
-0.0763,0.8342,0.1267,edm,41
1.4996,1.5514,-1.6513,pop,41
1.8302,-1.2225,-0.798,rock,41
0.626,-0.021,0.5122,latin,41
0.7276,-1.8743,0.1638,latin,41
-0.2536,1.002,0.6888,edm,41
-2.0095,0.1541,-1.4662,rap,41
0.5091,-1.8662,1.6878,rock,41
-0.7621,1.0497,-0.7899,rap,41
-1.2495,0.1132,-1.1354,rap,41
-0.9899,0.2195,0.7258,latin,41
0.4714,0.8091,-0.1279,rock,41
-4.2,-1.5444,0.8446,pop,41
-0.4261,0.9558,1.6647,rap,41
0.1848,-0.7897,2.9174,edm,41
0.2693,-0.5958,2.2948,rock,41
0.5542,0.343,-0.0135,edm,41
1.686,-0.7713,0.196,edm,41
1.4835,0.7765,0.8739,latin,41
0.3151,0.9981,0.4679,latin,41
1.8094,1.4556,-1.6803,rap,41
0.182,3.3046,-0.9744,r&b,41
0.8375,-0.8242,1.6943,edm,41
2.2848,1.4994,-1.6919,edm,41
0.205,0.7522,0.3073,rap,41
-0.6992,-0.8931,0.0034,r&b,41
-5.6805,-1.1546,-1.6862,rap,41
-1.7361,1.1806,-1.4402,rap,41
1.6752,0.2856,1.123,rap,41
0.6226,-1.0229,-0.2006,edm,41
-1.1563,-1.0181,3.9957,latin,41
-0.4094,2.3521,0.7761,rap,41
0.7753,0.2281,0.6524,rap,41
0.2335,-0.773,2.2545,pop,41
-0.5185,-1.2305,1.6658,pop,41
1.0762,-2.4223,-0.1454,edm,41
-0.9281,1.8057,-1.248,r&b,41
1.2999,-0.5196,-0.4884,rap,41
-0.319,1.2065,-1.068,r&b,41
1.1603,0.5192,1.9189,edm,41
-3.6359,0.2294,0.3427,rap,41
-2.081,-1.0444,-0.7508,r&b,41
2.1183,-1.8115,-0.6272,edm,41
-2.4722,-1.5203,-1.1994,pop,41
-1.5423,-1.7746,-1.2666,pop,41
0.1755,-2.0288,1.7532,edm,41
1.4774,0.5245,-0.2307,rock,41
1.1449,-1.1121,-1.3781,edm,41
1.3183,-0.4199,0.2433,edm,41
1.1438,-0.9935,0.3789,edm,41
1.2835,1.1362,0.0974,edm,41
0.8962,2.3918,1.0663,r&b,41
1.0034,0.0359,1.0504,edm,41
2.4417,-0.3134,-1.1093,edm,41
0.9327,-0.6345,-0.7353,edm,41
1.0581,-1.4026,1.7069,edm,41
1.0688,-0.1114,-2.1468,rap,41
-1.6811,0.2551,0.4649,rap,41
1.4985,-2.6486,-0.1679,rap,41
-0.8704,-0.9939,0.2187,edm,41
0.226,-2.0585,0.5117,edm,41
0.8846,1.7565,1.1746,latin,41
-3.7147,-0.9754,0.787,rap,41
-4.1,-0.8085,-1.1588,rap,41
-2.6704,1.7946,-0.8996,rap,41
-2.8072,-1.1225,0.5991,rap,41
-2.7923,-0.3998,0.8425,rap,41
-4.0505,0.3749,-1.1581,rap,41
-1.7289,-3.3799,-0.3642,rock,41
1.1109,-0.2511,0.4308,edm,41
0.2856,-0.3884,-0.4611,pop,41
-1.6085,0.2491,-0.2158,latin,41
0.9681,0.4899,-1.8402,latin,41
-0.1296,0.1815,-1.8823,rap,41
-1.1937,-2.978,2.8457,edm,41
0.0642,0.7414,-0.7445,latin,41
-0.1036,-0.2759,0.6716,r&b,41
-1.6421,0.6125,0.6732,r&b,41
-1.8431,0.3773,1.4975,rap,41
-5.8066,1.7091,0.7137,rap,41
-4.2192,0.0352,-0.6018,rap,41
-1.9638,-0.0765,0.7144,rap,41
-2.2145,1.7661,-0.742,pop,41
1.6215,1.001,-0.3188,pop,41
1.3598,0.7876,-0.0994,latin,41
0.6005,-1.2326,1.386,pop,41
2.4802,-1.3973,-1.1501,pop,41
1.9825,-2.0924,0.6668,pop,41
1.9102,0.2283,1.0345,edm,41
0.6906,0.0701,0.5459,edm,41
1.2353,0.1793,0.107,pop,41
-1.3097,-0.3766,-1.7507,rap,41
0.4278,0.3135,1.4365,r&b,41
0.3505,-0.2249,-0.7376,latin,41
0.006,2.3071,-0.0727,r&b,41
-1.7599,0.0573,2.0248,r&b,41
-0.4093,1.9394,1.5987,r&b,41
1.3345,-0.1425,-0.7153,rap,41
1.3026,-0.8552,0.0291,edm,41
0.0654,0.0715,0.2342,edm,41
-0.2501,0.1967,-1.087,rap,41
-0.9953,0.7117,0.0116,rap,41
0.2395,0.8914,-0.5804,rap,41
0.4378,0.8861,-1.5814,latin,41
0.8603,-0.7839,0.2091,rock,41
1.3051,0.0151,0.05,rock,41
0.4436,-1.1026,-0.3561,edm,41
-2.1249,-0.6856,-0.589,edm,41
1.3949,1.369,-0.1948,edm,41
-0.8571,0.1909,0.8472,r&b,41
1.1631,0.3691,-0.0918,pop,41
-1.1593,-1.4711,0.2976,r&b,41
1.3183,-0.1385,0.9734,rock,41
1.9139,0.5454,-0.1723,rock,41
0.4034,-1.8491,0.0875,rock,41
-3.647,-0.4349,0.2385,rap,41
0.5841,-1.8904,-2.0126,rap,41
0.2517,0.9787,0.8179,rap,41
0.3348,0.7448,0.1863,rap,41
0.5098,-1.3358,-0.9835,edm,41
-0.7943,-1.6031,0.7563,pop,41
0.8168,-1.088,0.5571,pop,41
-4.3901,-1.0265,-0.9542,pop,41
-0.113,1.7319,0.2304,rap,41
0.0264,1.6578,0.6694,r&b,41
1.9006,-0.8697,-0.1498,edm,41
-2.7559,-1.141,2.2603,edm,41
0.309,0.3283,0.4613,edm,41
-0.8094,1.8782,0.1089,rap,41
1.2681,-1.432,-0.3042,edm,41
0.065,1.1722,0.7157,rap,41
0.3089,1.1275,-0.2703,rap,41
0.5925,-1.6846,-0.1445,pop,41
1.5601,-1.7098,-0.5587,rock,41
1.4461,1.3884,0.5551,latin,41
1.3139,-0.6003,0.0584,edm,41
-1.5894,0.1994,-0.7488,r&b,41
1.9709,-1.3119,-1.8241,edm,41
-1.3135,0.1366,0.0497,edm,41
0.9147,-0.5421,-0.9279,rock,41
1.5071,1.2288,-1.0518,rap,41
0.2652,0.615,-1.8587,rap,41
-0.8274,-0.8439,-0.8528,edm,41
-4.1162,-2.0298,-0.2442,rap,41
1.4925,0.3659,-0.2022,rock,41
1.1041,-0.7033,0.5054,edm,41
0.4654,-3.6433,3.7386,edm,41
0.0151,-1.2978,3.3318,edm,41
-1.174,1.5936,1.0976,latin,41
-0.2938,0.1693,0.3253,pop,41
-0.4604,1.2463,1.3643,r&b,41
-2.3415,1.7443,-1.6886,rap,41
-4.3535,-0.9005,-1.0423,r&b,41
-0.1715,-0.7436,-0.4543,rap,41
1.4763,0.4346,-2.9138,edm,41
-0.696,1.404,1.4393,r&b,41
0.229,-2.4616,-0.5877,pop,41
1.8246,-0.5924,-0.4788,rock,41
1.6487,-1.1102,-0.1019,rock,41
1.2874,2.019,0.8428,latin,41
0.6983,0.5515,1.1167,r&b,41
1.8032,-0.7295,-1.6358,pop,41
1.37,0.0832,1.8055,edm,41
0.2563,-0.1532,0.3422,pop,41
-0.5136,-0.3956,0.7031,pop,41
0.7907,-0.8349,0.295,pop,41
-0.5334,-3.187,1.368,rock,41
1.5736,0.3106,-1.221,rap,41
0.1399,1.1745,0.8,pop,41
-2.3629,0.5862,0.4455,pop,41
0.732,-0.0823,-1.5597,rap,41
1.8855,-1.4786,-0.6194,rap,41
-4.904,-1.8376,-1.1915,pop,41
-3.6223,-0.3288,-0.9932,r&b,41
-1.8891,0.6954,0.8417,edm,41
-0.5641,0.1555,4.0415,edm,41
-2.8429,-0.0723,3.5485,edm,41
0.1132,1.4411,-0.9577,edm,41
1.2813,-0.0226,-0.3379,edm,41
-2.2351,0.1488,-0.9297,rock,41
-0.0834,0.539,-0.1784,pop,41
-0.8029,0.8402,-0.0008,rap,41
2.2911,-1.1196,0.0877,edm,41
1.9886,0.9184,0.2069,edm,41
0.624,-0.7963,-2.3756,edm,41
-1.9261,1.0812,1.1745,rock,41
-0.1037,1.5853,0.1733,rap,41
0.0933,-1.9149,-1.3726,edm,41
-0.2468,-0.5358,0.8116,rap,41
1.284,0.9327,-0.0708,edm,41
1.8926,-1.1757,-1.2638,edm,41
1.9119,1.0301,-0.3421,edm,41
0.778,0.4874,0.7424,edm,41
2.6357,-0.5564,-1.4438,pop,41
2.0573,-1.528,-1.1611,edm,41
0.7739,0.9294,-1.2315,rap,41
1.0656,-0.6859,-0.0284,rock,41
-1.4853,-3.286,-1.1196,latin,41
0.7857,0.42,0.3205,latin,41
0.9602,0.8637,0.4218,pop,41
0.3752,0.2436,0.8664,pop,41
0.4427,1.3064,-0.3904,rap,41
-0.5735,1.3922,-0.0565,rap,41
0.4933,1.2317,3.1903,edm,41
1.3351,0.3028,0.1483,latin,41
-1.4864,0.1736,-0.3416,edm,41
1.0513,-1.9365,0.5445,edm,41
0.0891,-1.0962,0.4378,pop,41
1.8829,-0.3851,-1.6122,rock,41
1.1732,1.5544,0.0302,edm,41
0.8338,-0.7637,0.1024,rock,41
-2.3494,2.531,0.8078,latin,41
1.4026,1.1392,0.3951,edm,41
-1.1768,1.0366,0.3249,latin,41
1.4262,1.0819,0.7829,latin,41
0.375,1.5529,1.5535,latin,41
-2.2108,-0.8665,-0.7021,rock,41
0.1698,1.8033,-1.4143,r&b,41
-3.7153,-1.154,-0.7848,latin,41
-0.1042,-0.2556,0.4785,edm,41
0.2994,-0.9009,0.7211,edm,41
-2.957,1.8064,-1.2669,latin,41
1.9855,1.9577,-0.6512,rap,41
0.1217,-1.1253,0.1908,edm,41
-0.0114,1.5187,1.1151,latin,41
-0.7359,-0.2017,-2.6854,r&b,41
0.081,-0.4448,2.2597,edm,41
-0.5752,0.2833,0.6604,latin,41
0.2313,-3.547,0.2247,edm,41
-1.452,1.6318,0.123,latin,41
-0.8998,0.0696,-1.4403,r&b,41
1.3279,1.3595,0.2731,edm,41
-1.8684,0.7937,-0.8804,pop,41
1.2377,0.5809,0.4174,pop,41
1.6731,-1.9124,-0.3348,rock,41
-4.4023,0.9511,0.5875,latin,41
-0.7683,1.3312,0.5217,latin,41
1.1574,0.3982,-1.8642,rap,41
1.8494,-0.8661,-2.335,rap,41
0.8071,-1.5459,-0.276,rock,41
-0.8812,2.421,-1.4351,latin,41
-1.9414,2.073,0.0375,latin,41
-0.205,0.3651,0.7714,r&b,41
0.0847,-0.0375,-0.6525,r&b,41
1.3326,0.1473,-0.9635,rock,41
0.4326,-0.6961,1.9777,edm,41
-0.8704,1.6139,-1.4937,r&b,41
1.1732,0.8468,0.2891,pop,41
0.555,0.7309,0.5306,r&b,41
-1.1855,0.546,0.9496,r&b,41
-0.2243,1.3822,-0.8536,rap,41
1.03,1.3103,0.3826,pop,41
0.2203,0.8022,1.5827,r&b,41
0.4602,-0.8926,-0.8574,rap,41
-0.2191,1.4728,0.5195,latin,41
1.4107,-1.4072,-0.1531,edm,41
0.8246,0.1245,0.3787,edm,41
1.281,-1.2071,-1.7376,rap,41
-0.0411,1.4669,0.642,r&b,41
-0.8676,-0.2153,-0.3058,r&b,41
-0.7768,-1.5211,-0.4446,r&b,41
-1.3782,1.4147,-0.77,pop,41
-1.2646,-0.1783,-0.8,rap,41
1.2337,-0.541,-0.4421,rap,41
1.5689,1.4007,0.4249,rap,41
1.7458,-1.362,-0.2752,rock,41
0.5121,0.7056,-0.6536,latin,41
-0.2598,1.1934,0.0882,latin,41
-3.5367,-0.9322,1.6855,rap,41
-1.2715,-1.1688,1.5664,rap,41
1.7796,0.1071,-1.9667,r&b,41
0.795,-0.0969,0.6525,r&b,41
1.923,-0.8497,0.4304,edm,41
1.1801,0.0318,-0.1238,pop,41
0.0323,2.1902,-2.6276,rap,41
1.958,-0.1926,-0.3211,rap,41
0.4063,0.7813,-0.9046,latin,41
-0.1498,0.8857,-1.0809,latin,41
-0.3474,0.2277,2.5073,pop,41
-3.1954,-0.6621,-0.7391,pop,41
1.5625,-1.2683,2.0852,pop,41
-0.0097,-0.9855,-0.5627,edm,41
1.0615,1.0774,0.7823,edm,41
0.1216,-2.1196,-1.7692,r&b,41
0.816,0.4327,-2.6509,rap,41
1.478,-0.3712,-1.2107,edm,41
1.5205,-0.2864,0.2288,rock,41
2.0645,-0.4514,-1.2866,rock,41
0.8077,0.651,-0.0453,latin,41
-0.5382,0.7135,0.5323,rap,41
-0.5788,-1.182,2.035,rock,41
-0.4482,1.6487,-0.7479,pop,41
0.7262,0.3469,1.1308,latin,41
-0.8496,1.2606,0.9466,latin,41
0.7106,0.7655,0.5408,latin,41
0.6664,-0.7365,-0.4491,rap,41
1.0673,-0.7173,-0.2391,pop,41
-0.6055,-1.6307,-0.5548,rock,41
0.7414,-0.6204,0.1971,r&b,41
-1.3944,1.5848,1.1976,rock,41
-1.2311,-0.0453,0.097,pop,41
0.8964,-0.0198,1.8991,edm,41
1.5237,-1.4719,-0.2961,rap,41
-0.3013,-2.4257,1.3355,rap,41
-1.3046,-0.3026,-0.7721,r&b,41
1.2477,-2.0046,-1.3228,rock,41
1.648,0.1262,-1.084,rock,41
0.2139,1.3141,1.5816,edm,41
0.5174,1.3827,0.5431,latin,41
-1.9949,0.1856,0.2486,latin,41
-0.2952,1.0902,-0.1839,latin,41
-0.1548,0.1917,-0.3753,latin,41
1.1797,1.7055,0.7351,latin,41
-0.3426,1.8456,0.703,latin,41
-0.054,-1.2231,-1.0044,edm,41
0.0378,1.9924,1.4826,rock,41
1.7221,-1.0234,-1.0926,pop,41
1.5846,-1.2671,0.2161,rock,41
0.1046,-0.6951,0.4983,edm,41
-2.3351,-1.3506,-1.3515,rock,41
-2.5856,-0.2322,-1.2501,rock,41
0.8213,0.2697,-2.3066,rap,41
-2.1102,-0.8016,0.3237,pop,41
1.6373,0.6062,-0.7526,edm,41
0.4566,2.1444,-0.2393,r&b,41
-0.6973,0.9498,-0.1144,latin,41
-2.204,1.4577,0.4189,latin,41
0.4669,1.9407,1.0904,latin,41
0.2167,1.0724,-1.7095,rap,41
0.1169,-2.0032,1.1865,rap,41
0.7846,-2.4805,-0.3547,rock,41
-1.5119,0.3964,0.4411,r&b,41
-1.1696,1.2528,0.4267,latin,41
1.5662,0.0638,-0.2575,latin,41
-0.529,-0.857,0.3575,r&b,41
0.1309,0.702,-2.8551,rap,41
0.8928,0.7809,0.7861,latin,41
1.634,-0.7208,-0.0572,edm,41
1.0536,-0.8121,-1.3586,edm,41
-2.1627,0.6896,1.2355,rock,41
0.2994,-1.5271,-0.3505,pop,41
0.3783,1.7418,-0.8452,r&b,41
-2.594,1.6579,-0.084,r&b,41
1.7191,-0.5598,0.6108,pop,41
-0.3516,2.0672,-0.4337,latin,41
-1.8187,1.2743,-0.1347,r&b,41
1.2377,-0.4087,0.7968,rap,41
1.5246,-0.3093,-0.564,edm,41
0.2863,1.2921,-0.3701,rap,41
-1.9923,0.2946,0.7097,rock,41
-0.466,-0.1022,-1.7231,latin,41
1.5532,-1.0593,-0.5501,rap,41
-0.2278,-0.3175,-0.5851,rap,41
0.3225,1.8571,0.9911,r&b,41
-1.2824,1.2612,0.2501,rap,41
1.9793,-0.0668,-2.0073,rock,41
-0.3618,0.2254,2.7529,edm,41
0.8748,-0.8872,-0.1511,rock,41
-0.0492,0.6397,-0.8904,rap,41
-1.8249,0.2106,-0.3044,rap,41
-2.3172,-0.4249,-0.072,pop,41
-0.122,-0.0598,0.2089,latin,41
-0.8343,-0.7516,-0.0562,latin,41
0.0164,0.3509,-0.0491,latin,41
1.3266,-1.3173,0.8066,edm,41
0.8664,0.9831,0.3449,latin,41
1.4548,-1.6949,0.3681,edm,41
0.8474,0.4876,1.029,latin,41
1.9369,-1.599,-1.1631,rock,41
-1.054,1.3461,-1.2501,rap,41
0.6296,0.4961,0.139,pop,41
0.3401,1.3609,2.3851,rap,41
2.1449,-1.9505,-1.0291,edm,41
-0.0509,1.4678,-1.6147,rap,41
1.337,-1.8013,-0.4564,r&b,41
2.1922,-0.6655,0.572,edm,41
0.7622,-1.4185,-0.844,pop,41
-0.4283,1.5462,0.2207,pop,41
-1.295,-1.2898,0.0909,rap,41
-0.4672,2.2617,-1.8775,rap,41
0.7795,2.1636,-1.9534,rap,41
-4.2198,0.5437,-1.4178,edm,41
-1.3058,-0.0674,-1.1932,rap,41
0.0357,-0.4728,-0.7748,latin,41
1.2789,-0.1405,-0.0018,pop,41
-0.5524,-0.0216,-0.06,rap,41
-1.5813,-0.4617,0.2407,rap,41
0.6594,0.7283,0.1478,latin,40
0.7363,-0.7045,-0.455,r&b,40
0.7729,-0.1836,0.1766,rap,40
0.1784,-0.0387,-0.2544,rap,40
-0.1955,0.4641,-0.2418,latin,40
1.6754,-0.3726,-1.3149,r&b,40
0.5921,0.9036,0.2042,rap,40
0.6737,0.2777,0.128,rap,40
-2.1859,-1.8893,-0.8407,pop,40
-0.2058,-0.3921,-0.1719,latin,40
2.2554,-1.8594,-0.8727,rock,40
-4.9207,-0.91,-0.8947,r&b,40
0.0226,-1.9069,0.3878,rock,40
1.4371,-0.2952,-0.7115,rock,40
0.5152,1.1674,1.1206,pop,40
-0.5243,0.1054,-0.4834,edm,40
1.0511,-1.7258,0.1571,edm,40
-0.1095,-1.8829,-3.4195,pop,40
-1.9009,-1.3574,-0.125,r&b,40
-1.7504,1.9153,0.5239,r&b,40
2.174,-0.2032,-0.7934,pop,40
-0.5949,0.0703,0.0492,latin,40
-1.9119,-1.8474,-0.3243,pop,40
1.1787,-0.6196,0.2583,rock,40
-1.7626,-1.5584,-1.3155,latin,40
-1.402,-0.4027,-1.1441,r&b,40
0.976,-0.9915,0.9261,rock,40
1.6502,-0.2864,-0.2196,pop,40
0.7656,-1.6453,0.2578,pop,40
0.7578,1.7914,0.5803,r&b,40
-1.1913,0.3761,-2.0612,rap,40
2.1633,0.0037,-0.6025,edm,40
-0.7506,1.4317,0.5296,r&b,40
0.2695,1.4788,-0.2795,r&b,40
0.1904,0.1197,-0.2759,edm,40
1.2231,0.9514,0.5797,latin,40
1.0392,0.5209,1.3934,rock,40
-1.7284,0.2008,0.4397,r&b,40
-0.3753,2.3796,0.4881,latin,40
0.977,0.1252,-0.6358,pop,40
1.6132,-0.0605,0.5329,rock,40
0.829,1.3347,-0.042,pop,40
-0.4471,0.4582,-2.1839,edm,40
0.3042,1.0617,1.4201,latin,40
-1.2631,0.73,0.8023,pop,40
1.5111,-0.3379,-0.3228,edm,40
0.802,-0.9873,-0.1256,latin,40
-1.0098,1.3935,-0.0047,latin,40
-0.8125,1.4239,-0.2638,rap,40
-5.1638,-0.4186,-0.2437,latin,40
-1.9051,2.0313,0.7415,latin,40
-3.8679,0.7363,-0.4753,latin,40
0.3482,-0.495,0.7943,rock,40
1.4877,0.4237,0.0565,pop,40
-0.4009,2.3429,-0.6792,pop,40
1.2188,0.279,0.6258,r&b,40
0.3157,0.3843,0.929,r&b,40
-0.3432,0.4092,-0.0878,latin,40
1.1327,-1.6951,-0.7242,edm,40
-2.822,0.3152,1.1176,latin,40
-2.1187,0.2444,0.0657,latin,40
-0.0542,-0.5082,0.6401,latin,40
-1.8212,-0.1809,-0.8378,latin,40
-1.4011,4.696,-2.1824,latin,40
-4.2004,-0.3544,-2.0174,latin,40
-1.177,1.9925,-0.8404,latin,40
0.9292,1.7996,-0.1723,r&b,40
0.7119,-0.2066,0.5738,r&b,40
1.5745,1.6097,0.2522,r&b,40
1.7743,0.6098,0.101,latin,40
-3.0002,0.8797,0.2309,rap,40
1.3259,-0.8956,-0.4248,edm,40
0.6407,-0.295,-0.0262,latin,40
1.1945,-1.3798,1.0108,rock,40
-0.5714,-1.4423,-0.2313,pop,40
-4.1556,-0.8377,-1.1203,latin,40
1.7704,0.3429,-1.6732,rap,40
-2.2442,-0.2,-0.3391,r&b,40
1.9797,-2.5612,-1.1735,r&b,40
0.3587,-0.3708,0.0744,rap,40
-0.3899,2.3674,0.2792,rap,40
-3.401,0.7787,-0.4076,r&b,40
-2.8323,0.9316,0.0736,r&b,40
-0.7148,0.6235,0.1866,pop,40
1.0976,0.6283,-1.0177,latin,40
1.443,1.0203,-0.8498,latin,40
0.7616,1.6948,0.9235,r&b,40
0.0186,1.7968,-2.6027,rap,40
1.1549,0.3404,0.443,pop,40
1.8631,-0.3042,-0.2575,rock,40
1.5582,-1.3457,0.3792,rock,40
1.6119,-0.9834,-0.3395,rock,40
2.0728,0.0579,-0.1926,latin,40
1.9711,-1.3094,-0.7146,rock,40
-1.3322,1.3741,1.3571,rock,40
-2.1298,0.2671,1.3071,rock,40
-2.2665,-0.4577,-0.4015,r&b,40
-0.5882,-0.8048,-1.9685,r&b,40
0.8886,2.2285,0.2038,latin,40
1.4794,-0.8068,0.4495,rock,40
0.7137,0.3549,0.2938,pop,40
0.1653,-0.1691,-0.2655,rock,40
-0.714,1.5563,0.6875,rap,40
0.5548,-3.1948,3.7544,edm,40
0.0676,-0.1952,0.0719,latin,40
-3.1999,-0.7109,-0.6016,latin,40
-0.8335,-0.3754,0.0309,pop,40
-0.3518,-0.134,-1.4661,latin,40
-0.8862,-0.6347,0.999,latin,40
-1.337,-1.1521,-0.4846,r&b,40
0.8543,0.7723,0.1883,pop,40
-1.1469,-0.5586,0.5494,r&b,40
-0.7783,-4.3017,-0.8428,rock,40
0.8804,0.2887,0.7675,pop,40
1.0045,1.0944,0.3513,edm,40
1.0878,-0.8569,-0.2129,rock,40
1.0834,0.7766,0.6821,pop,40
-0.2536,0.7772,0.4293,latin,40
1.3243,1.1315,0.3385,r&b,40
-0.8337,1.6094,0.8412,rap,40
-0.1807,1.3253,0.1569,r&b,40
0.7392,1.4793,-0.9491,rap,40
2.0931,-1.6422,-1.5517,rock,40
1.7024,0.8631,-0.3424,edm,40
-2.0068,1.2864,0.7439,rap,40
1.4638,-2.3807,1.0189,edm,40
1.1825,-1.9103,2.8895,edm,40
-0.2242,0.6337,-1.9105,pop,40
0.7787,1.1711,-0.5986,rap,40
0.2137,1.6907,-0.5647,rap,40
1.372,1.6389,0.6601,latin,40
-0.4493,1.517,0.3645,pop,40
0.9486,-1.3733,1.344,latin,40
1.8987,0.0039,-0.5235,edm,40
-4.373,-1.9195,0.174,pop,40
0.7186,-1.6787,0.3836,rock,40
-2.1177,-0.0246,-1.0307,edm,40
2.492,1.4153,-2.2684,edm,40
0.6214,-0.1974,-0.47,edm,40
0.9792,-1.1899,1.6965,edm,40
0.8489,-1.9528,-1.3516,edm,40
-0.8847,-0.1556,-1.5545,rap,40
0.4485,0.2001,0.3021,edm,40
1.5422,0.1816,-0.9968,edm,40
-0.3562,0.2419,-1.6464,r&b,40
0.0109,-0.2724,2.1242,latin,40
0.2229,1.3603,0.3491,latin,40
0.4753,0.1921,-1.4777,rap,40
1.5349,-2.1956,0.6624,edm,40
0.1857,0.684,-0.1676,rap,40
-1.8664,0.3081,0.5145,pop,40
-3.2723,-0.9067,-1.7686,pop,40
-1.771,-0.8964,-1.7243,pop,40
-3.7902,0.3297,-1.1902,pop,40
-3.2847,0.4432,0.9769,rap,40
-3.591,0.1586,-1.5154,rap,40
-2.4199,1.6958,1.8917,rap,40
0.638,-0.1368,-0.721,latin,40
-4.9161,-0.6796,1.0451,rap,40
-0.852,0.3229,0.2352,r&b,40
1.2416,-0.2416,-0.6624,edm,40
0.0416,1.3174,-0.342,r&b,40
-0.2268,-0.6376,1.3823,pop,40
0.4844,1.1143,1.1689,pop,40
-3.2646,0.7104,0.2889,latin,40
0.0412,2.0188,0.2705,r&b,40
-1.6988,1.0154,0.0744,latin,40
-1.9078,-0.1893,-0.4772,rock,40
0.1345,0.4389,0.263,latin,40
1.8302,-0.8106,-0.8651,edm,40
-0.5641,1.5718,0.1654,edm,40
-1.202,2.2343,-0.7715,rap,40
-6.2299,0.7751,1.491,rap,40
-2.3422,2.3484,-0.6405,pop,40
-1.4201,0.0894,-0.511,pop,40
-0.6807,0.8604,-0.571,r&b,40
-0.3286,0.5628,-0.1399,rap,40
0.9238,0.7244,-1.7276,r&b,40
0.7035,1.8463,-0.8573,rap,40
-1.2267,0.0794,-0.9818,r&b,40
-3.155,1.4727,-0.4072,latin,40
-1.4878,0.4709,0.0154,latin,40
0.1084,1.2457,-1.5777,r&b,40
1.6694,-0.4181,-0.4801,edm,40
-0.257,-0.6599,4.28,edm,40
-0.0815,1.653,-0.401,pop,40
0.9866,0.6147,-0.2376,latin,40
1.4966,0.7939,0.2502,latin,40
1.4835,0.7911,1.2305,rock,40
0.8812,-1.4165,0.7277,rock,40
1.5611,1.7997,0.7105,latin,40
-0.0118,1.2146,0.8006,latin,40
1.5543,-0.6515,-0.1988,rock,40
-0.2221,1.4388,-0.6132,latin,40
-0.3475,0.4505,-0.0045,rap,40
-2.9802,-1.3145,-0.7718,latin,40
-1.2397,-1.45,0.0229,rap,40
-1.389,0.5599,-1.7473,rap,40
-0.1441,0.046,0.7001,rap,40
-1.5737,-2.3805,-1.4188,latin,40
-2.6102,1.0277,-0.6945,edm,40
-0.6331,-1.9153,0.801,edm,40
-3.0691,1.5469,-0.6782,rap,40
-1.7926,-0.5039,-1.6982,r&b,40
1.057,0.2816,-0.8192,edm,40
1.414,-0.5581,-1.116,edm,40
0.3048,1.5796,0.9644,pop,40
-0.782,-0.0305,0.4264,rap,40
0.1311,0.1004,0.2744,latin,40
1.0532,0.5743,0.3184,edm,40
-0.7011,0.2682,0.0002,pop,40
-2.6109,1.2386,-0.1975,latin,40
0.175,2.0216,-1.3096,rap,40
-1.5674,0.3948,-1.2203,rap,40
0.3915,-1.4001,-0.018,rap,40
1.5834,0.0468,-0.7594,edm,40
0.1497,-3.8096,1.5453,pop,40
-0.1176,-1.9167,0.6515,pop,40
1.4861,0.8206,1.5271,latin,40
1.7437,-0.0824,-0.0648,edm,40
-2.5425,0.0409,-0.1661,latin,40
0.5605,-1.3247,-0.2055,edm,40
2.0443,-0.7695,0.8826,edm,40
1.5579,0.0061,0.9431,rock,40
1.4547,-0.6903,-1.1474,rock,40
0.692,-0.9252,-0.6531,edm,40
1.4322,0.7557,-0.6319,edm,40
-0.2074,0.3566,0.4684,rap,40
1.4999,0.8254,0.0308,pop,40
1.5592,-2.007,0.6085,rap,40
1.6559,-1.2341,-0.2312,rock,40
0.8947,0.7107,0.3517,latin,40
1.8605,-0.7488,-0.9052,pop,40
0.1672,0.8696,0.2111,r&b,40
-2.0905,1.6815,-0.3603,rock,40
-1.7689,-0.1427,-0.3774,pop,40
-3.1705,-0.2867,-1.1235,rap,40
-1.5969,1.5369,0.8187,latin,40
-0.8908,1.7746,0.576,latin,40
-2.6047,0.5605,-1.4029,latin,40
0.3148,-0.9084,-0.106,latin,40
0.8136,-0.5708,0.5263,edm,40
1.322,-0.3896,1.7453,edm,40
1.5023,0.579,1.0448,latin,40
-4.8234,-0.4026,-0.944,latin,40
1.0531,0.2242,0.5184,edm,40
1.3156,-1.9833,-0.5306,rock,40
-2.624,0.5447,-0.5678,pop,40
2.0179,-0.1866,-0.0654,rap,40
1.1505,-1.2388,-0.3232,rap,40
-0.5198,1.2267,0.3637,r&b,40
1.0028,-0.4522,0.2504,pop,40
-0.4051,2.5936,-2.2084,r&b,40
-3.131,0.5165,0.2156,r&b,40
1.2402,1.2865,0.9713,latin,40
-0.4685,1.0828,-0.3889,r&b,40
-0.1317,2.4025,-0.4954,r&b,40
0.3243,2.0146,-0.1484,rap,40
0.2586,-0.8399,-0.7611,r&b,40
-0.3222,1.0141,-0.0688,r&b,40
-0.1496,-1.0602,-0.1331,r&b,40
0.85,1.7697,1.3788,latin,40
0.6757,-0.0277,0.2985,pop,40
1.4804,-2.5636,0.6376,edm,40
0.4374,-0.7184,-0.8993,edm,40
0.6227,0.556,0.3529,pop,40
-0.8028,-0.1512,1.2272,latin,40
0.8077,-0.8957,1.0328,r&b,40
1.0496,-0.6641,-0.167,pop,40
1.5213,-1.8789,0.5561,edm,40
0.4815,-0.7848,-1.187,edm,40
-0.2352,-3.1919,-0.3813,rap,40
2.2515,-1.8004,0.3439,rap,40
1.0687,-0.7806,-0.2688,rap,40
2.0403,0.5679,-1.1837,rap,40
-0.5093,1.0251,-0.4765,latin,40
1.6268,-0.1682,0.2864,rap,40
0.7975,0.0463,-2.0439,edm,40
0.825,-2.6722,0.5829,r&b,40
1.0621,2.0508,-2.5736,latin,40
2.0965,-0.7581,-1.1106,edm,40
0.9908,-1.3685,0.9006,edm,40
0.5757,-1.5608,0.5575,pop,40
2.1802,-0.9796,-0.6095,rock,40
-1.0473,1.1167,-0.3301,rap,40
0.703,1.8363,-0.289,rap,40
0.36,-0.3171,0.841,r&b,40
-0.8911,0.682,0.946,latin,40
-1.9912,-1.3679,-0.5557,latin,40
-3.3833,-0.3515,0.35,latin,40
0.605,0.3414,0.1195,pop,40
0.5211,0.6214,0.6259,rock,40
-0.0898,1.8916,1.1724,edm,40
0.7336,-1.2432,0.0775,edm,40
0.9014,1.1566,1.0323,latin,40
1.3066,1.2196,-0.9234,latin,40
-1.8504,-0.0674,-0.1972,r&b,40
0.1295,0.6278,0.2807,edm,40
0.837,-0.7396,-0.8606,rock,40
0.5668,1.0964,1.261,r&b,40
1.5631,1.0173,1.3408,edm,40
-0.8708,0.805,1.1942,r&b,40
-0.3859,0.2753,1.0782,latin,40
-0.1679,-1.4282,0.8972,edm,40
2.3042,-0.9976,-0.5036,edm,40
0.9406,-1.3057,0.2718,edm,40
-0.2494,-0.452,2.3339,r&b,40
0.1756,-1.2177,-1.3723,rap,40
1.0726,-0.0268,0.5247,pop,40
0.1795,-0.4769,0.8057,latin,40
0.7298,0.0379,0.456,rock,40
1.1576,1.2039,0.893,pop,40
-1.4534,-2.4743,3.4961,edm,40
0.3133,-3.3265,0.7337,edm,40
-2.3727,-0.7288,0.2405,rap,40
0.7266,-0.8528,1.6069,edm,40
1.2499,-1.3151,-1.1549,rap,40
-2.2846,0.3855,0.8482,r&b,40
-0.4597,1.2391,-1.164,r&b,40
1.4898,0.0645,-0.8063,edm,40
-0.0278,1.217,-0.8029,pop,40
0.2684,1.3056,-0.1103,rap,40
-2.3987,1.4646,-1.2645,rap,40
-0.1083,1.0162,1.2433,pop,40
-1.5655,-1.0548,-1.7145,rock,40
1.3174,0.6514,0.3729,edm,40
-0.8655,-1.6191,1.9347,edm,40
0.5603,1.8522,0.2794,rock,40
1.7844,-1.5949,-1.228,rock,40
0.9038,-1.3798,-1.0737,rock,40
0.6067,0.3237,-0.5451,rap,40
1.1795,-0.687,-0.0488,edm,40
0.4692,2.559,0.656,edm,40
1.4498,-1.5921,0.3695,edm,40
0.8486,-2.4214,0.8545,edm,40
-0.2043,1.3577,1.626,r&b,40
-1.2461,0.3885,0.7639,r&b,40
0.9048,-0.4162,0.8231,pop,40
0.6831,-0.7716,-0.4352,rock,40
0.4358,-1.213,-0.3471,edm,40
-2.709,-0.2101,-0.3119,rock,40
0.1243,-0.6948,1.5806,pop,40
-1.5338,-2.1357,-0.3134,rock,40
0.7168,-1.3256,0.9956,pop,40
-0.5381,2.3065,0.3253,edm,40
0.549,2.0393,-0.4775,rap,40
1.0867,0.8261,-0.6127,rap,40
0.3025,0.4328,0.3345,edm,40
-2.1693,-0.4551,1.2747,r&b,40
-0.407,-3.1308,2.1588,rock,40
0.6903,0.7984,0.1381,edm,40
-0.0187,1.0206,0.2492,rap,40
0.6889,-0.6639,-0.6578,pop,40
1.5162,0.3022,0.2352,edm,40
-0.2553,-0.5738,2.0013,pop,40
-2.0343,0.39,-0.1081,edm,40
1.1235,1.4789,0.0907,edm,40
0.9206,0.8203,1.1842,edm,40
-0.5669,-1.4192,-0.3181,r&b,40
0.4883,1.2343,-1.4269,r&b,40
0.2188,1.3556,-0.4422,rock,40
1.9902,-1.3855,-1.6334,rock,40
0.3607,0.1157,-0.2875,rap,40
-0.4728,2.7701,0.8034,rap,40
0.5563,0.0576,-0.074,pop,40
-0.7268,-0.3088,-1.6184,rock,40
-1.4265,-0.4113,-0.9593,rock,40
1.8838,-0.329,-1.0541,edm,40
-4.9213,-0.8843,-1.2349,rock,40
0.5857,-0.1344,1.1388,rock,40
1.3532,-1.0256,-0.6114,rock,40
1.3705,1.4138,-2.014,rap,40
-1.9368,-0.448,-0.3468,rap,40
0.5831,1.5234,-0.6441,rap,40
0.9614,-0.8093,-1.4449,rap,40
-2.0404,1.0997,1.0843,r&b,40
-0.3078,-0.9991,0.7852,edm,40
-0.9037,0.5027,0.717,r&b,40
-0.1176,1.5175,-1.2646,pop,40
-0.5568,0.8791,-2.0575,rap,40
0.5574,0.852,0.9732,rock,40
-3.0849,-0.0308,-0.7688,latin,40
-0.9348,1.0469,1.9136,edm,40
0.4518,0.0736,-1.5462,rap,40
1.1284,-0.3446,1.7046,pop,40
1.8195,-1.7978,-1.1292,rock,40
-4.7719,0.1129,-1.1044,latin,40
-1.1069,0.3744,0.3773,r&b,40
1.6078,-0.4065,0.7568,edm,40
0.2182,-0.1294,-0.264,pop,40
-1.1241,1.698,-0.3124,rap,40
1.6609,0.3196,2.0545,edm,40
1.5506,-2.2843,-1.4695,rock,40
1.7495,0.3938,0.3116,edm,40
0.6726,1.0526,0.9088,r&b,40
1.7557,-0.358,1.0526,edm,40
-0.8307,1.1506,1.937,r&b,40
0.1921,0.9737,1.0211,r&b,40
-2.2933,-0.0085,0.823,r&b,40
1.2911,-1.1918,1.7017,pop,40
2.5608,-0.0934,-2.1049,edm,40
1.7942,0.4535,-0.3269,edm,40
1.1797,1.7472,0.1811,edm,40
-1.7454,-0.056,2.0227,r&b,40
-1.5764,-0.1346,-0.2936,pop,40
0.7357,0.9869,0.5781,pop,40
-1.5124,1.6193,0.9465,r&b,40
-0.0631,0.8114,1.4977,edm,40
0.9659,0.6056,0.561,rock,40
1.4945,-1.4903,-0.28,edm,40
-2.1862,-1.0216,1.2171,r&b,40
-0.9254,1.8338,1.5823,latin,40
0.2254,0.1632,2.3105,edm,40
-0.0733,0.669,-0.1755,latin,40
0.0331,-1.3393,-1.4667,pop,40
0.5911,-0.7884,2.0995,edm,40
1.785,0.1367,0.2326,rock,40
-0.474,-1.4367,-0.9395,r&b,40
-4.1157,-0.5389,-1.7514,r&b,40
-0.0105,1.9706,0.6821,rap,40
0.7839,-2.4482,0.1806,edm,40
-0.9034,0.4397,0.4953,rap,40
-1.085,1.225,-1.1906,rap,40
0.8878,-0.647,3.3715,edm,40
-2.8434,0.4727,0.0992,r&b,40
-0.9237,1.5923,0.0648,r&b,40
-2.1166,1.3195,-0.4114,r&b,40
-0.3312,-1.0856,-0.2235,pop,40
-0.6901,0.1279,0.9657,edm,40
-0.4841,-0.7514,-0.3061,rap,40
0.9677,0.9822,-0.5208,latin,40
0.4149,0.5154,1.3121,latin,40
-0.5502,-0.378,-1.5457,rap,40
0.2308,-0.998,-0.3476,pop,40
1.0961,-1.7474,0.7409,edm,40
-0.2051,1.3239,-1.9826,latin,40
-0.5588,-0.5378,0.764,rock,40
-0.1915,-0.3263,0.1195,latin,40
-2.7537,-0.5289,-0.3747,pop,40
-2.6668,-2.0281,-1.8099,pop,40
1.5432,-2.1631,0.6428,edm,40
0.4397,0.1744,-0.3119,latin,40
1.4135,-1.3323,-1.4338,rap,40
0.3545,0.4178,0.5629,r&b,39
0.5947,0.9204,1.1289,rap,39
1.8036,-0.7759,0.0023,edm,39
2.4962,0.7953,-0.2107,edm,39
1.3981,1.785,0.2403,pop,39
1.5111,-1.1261,-0.1129,rock,39
-0.2169,-0.3362,-0.4897,latin,39
-0.5362,1.543,0.1657,latin,39
0.4822,-0.6151,0.0516,pop,39
-0.6522,-0.3621,0.3426,pop,39
-1.0953,1.6254,0.1546,r&b,39
1.9446,1.0128,0.5218,pop,39
-0.3305,-0.6245,0.3179,pop,39
-2.6844,-1.155,-1.5151,pop,39
1.6388,-2.5659,-0.5545,edm,39
-4.1232,-0.8005,-0.1956,pop,39
-3.1028,0.1924,-0.0542,pop,39
-1.762,0.6209,-0.4282,latin,39
1.3017,-0.3509,-1.3204,pop,39
0.6939,-1.3313,-1.3509,rap,39
0.0718,0.7041,-0.7405,latin,39
1.2171,-0.6593,-0.1951,edm,39
-3.8646,0.3823,-1.0536,r&b,39
0.0458,-1.7458,-2.4702,r&b,39
-1.4579,0.1134,0.4321,pop,39
-1.4153,0.2416,0.8686,r&b,39
-0.1164,1.7689,-1.6467,rap,39
0.1607,-1.6311,-0.6725,r&b,39
-0.3689,0.8361,1.1398,edm,39
1.2088,1.291,0.5628,latin,39
-0.3554,1.9055,0.7248,latin,39
-0.5865,0.4887,1.0235,edm,39
1.416,1.714,-0.4367,edm,39
0.2459,0.0948,0.4577,latin,39
1.3768,0.7471,-0.2075,latin,39
-0.3529,0.6631,1.7496,r&b,39
-0.8975,0.5487,1.6352,r&b,39
0.1483,0.7577,1.8353,r&b,39
1.4193,-1.3613,-0.6,rock,39
-2.0117,0.653,-0.3002,rap,39
1.2138,-0.6928,-0.3914,edm,39
1.4517,-0.2446,-0.1941,edm,39
1.4507,-2.8113,-0.6806,edm,39
-0.0082,2.1533,-0.8031,rap,39
-0.5045,-0.5992,0.3262,r&b,39
1.9316,0.861,-0.6649,edm,39
-4.2444,-1.2465,0.2014,r&b,39
0.4919,-2.1635,0.8442,edm,39
0.6081,0.8835,1.6909,edm,39
-0.2728,0.4567,0.1601,rock,39
0.4755,0.6286,-1.1092,r&b,39
-0.106,0.675,-0.5915,r&b,39
0.7694,1.8828,1.1172,edm,39
1.1321,2.2258,-0.4765,edm,39
-2.3184,0.2331,-0.3369,rock,39
1.9023,-0.4746,-0.5814,edm,39
0.5444,-0.6008,0.284,rock,39
1.0835,0.1379,-0.5834,latin,39
-0.0518,0.5516,1.5517,r&b,39
-2.1171,-0.4184,0.226,r&b,39
0.0225,-0.9972,0.5011,pop,39
-0.5977,-1.0764,-0.6122,latin,39
-0.5095,1.8269,0.8552,rap,39
0.9016,-0.0797,-0.3661,pop,39
1.5577,0.5909,-1.2869,r&b,39
0.529,-1.3997,-1.1418,rap,39
-0.8399,0.1407,0.9841,r&b,39
0.1169,-0.5068,-1.5411,pop,39
0.5356,1.9692,0.2067,rap,39
0.4317,0.6947,1.2994,r&b,39
-1.974,0.2601,-0.0262,rap,39
0.0256,0.1332,0.3857,rock,39
-0.2699,-1.0649,-0.131,rock,39
1.7287,0.3872,0.1523,edm,39
2.2592,-2.734,-2.4838,rock,39
-0.8252,2.4417,0.4542,edm,39
0.064,-0.606,2.31,edm,39
-2.0012,-0.8482,-0.1944,rap,39
-0.013,0.6039,0.1618,rap,39
-0.1915,-0.4991,-2.1829,rap,39
0.4041,0.5681,-0.2281,edm,39
0.7854,-1.2855,2.1283,edm,39
-0.8981,0.4906,0.3071,r&b,39
-1.6041,0.798,0.0238,r&b,39
1.0634,-1.4484,-1.4141,pop,39
-2.8951,-1.0863,-1.3982,r&b,39
0.7463,0.2284,-0.7045,rap,39
1.1059,-0.5921,-0.2016,edm,39
-0.0226,-0.406,0.3154,rock,39
0.8161,0.1191,-0.0924,edm,39
2.9327,-2.5459,-2.4952,rock,39
1.2091,1.9612,-1.3763,rap,39
-1.2065,0.9829,-1.4352,rap,39
-0.7533,0.9972,-0.4806,r&b,39
2.1586,-0.0252,-1.186,rap,39
-0.1062,0.886,-0.0434,pop,39
-2.1225,1.7871,0.4342,rock,39
-1.9133,-0.2102,-0.5361,rock,39
-2.4208,-1.7681,-0.2939,r&b,39
-1.3886,-1.8399,-0.3327,r&b,39
0.6967,0.3634,0.1255,rap,39
0.5332,-0.6404,-0.1176,pop,39
0.3954,0.1909,0.7419,pop,39
0.7184,-0.19,1.5938,edm,39
1.6009,-2.4137,-1.0814,edm,39
-0.0457,0.3167,-1.369,edm,39
-1.1934,1.3608,-0.2177,edm,39
1.6136,1.1419,-1.9491,rap,39
1.8389,-1.7224,-1.5693,edm,39
0.5351,-0.8735,0.8092,edm,39
0.7563,-0.8603,-0.3373,edm,39
0.9806,-0.0426,1.1859,edm,39
-1.4414,0.4247,-0.221,r&b,39
0.5232,0.0009,0.0565,edm,39
-1.7342,-0.2038,0.0881,rap,39
-3.5249,-0.7556,0.4418,rock,39
1.3007,-0.9547,-0.9615,edm,39
1.6992,-0.5715,-0.9927,edm,39
2.0469,-0.7337,-0.7075,edm,39
-1.8383,-0.3769,-1.675,r&b,39
-0.2943,1.4542,0.0845,rap,39
1.952,0.5087,-0.3282,edm,39
1.2385,-0.6389,1.552,edm,39
0.2369,0.9452,-0.7859,rap,39
0.0913,0.2354,2.3664,r&b,39
-1.6964,0.8475,-0.092,rap,39
-1.7044,-0.7181,-0.1383,rock,39
0.1532,0.1611,0.0381,edm,39
-0.9231,3.2048,-2.0626,rap,39
-0.3454,-1.9527,1.2809,rock,39
1.0017,1.2488,-1.4652,latin,39
0.6118,0.4282,0.7258,pop,39
-2.131,-0.9932,-0.1111,r&b,39
-0.8262,-0.3654,1.3343,r&b,39
0.9697,-1.4346,-0.5866,edm,39
1.2329,-1.1034,0.5928,edm,39
-1.6205,0.4632,0.3401,pop,39
0.1,-0.1891,0.7763,rock,39
-0.0303,0.8276,-0.417,pop,39
-0.7251,0.1433,-0.0486,pop,39
-0.6357,-1.6058,1.9014,edm,39
-0.8835,-0.2674,0.2037,rap,39
1.6894,1.2657,0.304,latin,39
-0.1838,2.2503,-0.8398,rap,39
0.1099,-2.7313,3.9468,edm,39
-3.1771,0.5456,-0.1704,r&b,39
0.3552,0.4545,0.3237,edm,39
-0.0302,1.528,0.1059,edm,39
0.3757,-0.7977,-1.9327,latin,39
1.0411,0.7395,-0.1208,edm,39
-0.8233,-1.688,3.6639,edm,39
0.2066,0.5341,1.296,r&b,39
1.6749,0.9077,0.4763,rap,39
1.8676,-1.0481,-0.2621,rock,39
0.153,-0.239,-2.067,rap,39
0.0659,-3.7076,-0.4774,r&b,39
1.2423,-1.4154,-1.637,latin,39
1.0676,1.6886,0.0048,pop,39
1.2175,-0.5558,-1.4761,edm,39
1.0418,0.4177,0.8632,edm,39
0.4428,-0.6231,1.3275,edm,39
1.2357,1.1185,-0.0037,edm,39
-2.4097,-1.6422,-0.6079,r&b,39
-3.088,-0.5242,-0.5482,r&b,39
0.1241,-2.6407,0.5334,rap,39
-2.6239,0.1797,1.5739,r&b,39
1.4365,0.1207,0.6564,edm,39
1.593,0.5556,0.4904,pop,39
1.5826,-1.1923,0.374,rock,39
1.4318,0.3617,0.0597,edm,39
-2.8147,-1.0083,-0.4358,latin,39
0.654,-1.817,1.2634,rap,39
1.2596,-3.2941,-0.3898,rap,39
2.4182,-0.2871,-0.9677,edm,39
-1.9189,0.6516,-0.7928,rap,39
-0.8332,-0.111,2.5241,r&b,39
0.9574,-0.1748,-0.699,latin,39
1.1659,1.1173,0.0021,rap,39
1.7436,-1.7226,0.2096,rap,39
2.5385,-0.1134,-0.597,edm,39
0.9289,-1.0299,1.1701,edm,39
1.1717,-3.6549,0.7046,edm,39
1.4829,-0.9239,-0.2785,edm,39
0.9837,1.393,1.4369,latin,39
1.7612,-2.5052,1.4644,edm,39
1.8978,-1.5268,0.4385,edm,39
1.466,0.905,-1.2145,rap,39
0.6999,-0.3657,-0.9018,rap,39
0.1756,2.2548,-1.0573,rap,39
-1.4358,0.8046,-0.2131,rap,39
2.2113,-0.6054,-0.3901,rap,39
0.7784,-0.4454,0.2425,edm,39
0.6057,0.1391,-0.4692,latin,39
-0.8992,0.5975,-0.6769,rap,39
0.655,-0.5937,0.5312,r&b,39
-0.6447,-0.4705,1.7052,rap,39
0.2009,0.7621,-0.2128,latin,39
1.7301,-2.2119,-0.8043,edm,39
0.178,-0.3151,2.3112,rap,39
-1.0933,1.1956,0.4931,latin,39
1.3321,-1.2049,-0.5252,edm,39
-2.1656,0.4863,-0.5915,rap,39
1.5594,-0.9755,0.2061,pop,39
-0.4942,1.6227,-0.3592,latin,39
-1.6059,-0.2676,0.6468,rock,39
0.7257,0.8076,-0.9068,latin,39
-0.6686,-0.097,-1.2394,rap,39
-0.4183,0.308,-0.0004,latin,39
1.0694,-0.1057,-0.0786,edm,39
1.3952,-0.6065,-0.1403,latin,39
-0.8403,-0.545,3.4281,edm,39
-1.5301,-1.1783,0.5033,rock,39
1.7148,-1.7912,-0.4568,edm,39
-2.1257,1.6652,-0.0103,r&b,39
1.2445,-0.6793,0.3615,rock,39
-0.1397,-0.585,0.876,rock,39
1.0471,0.3535,0.4379,rock,39
0.0169,1.0665,0.0222,edm,39
-2.3819,-1.1834,-0.6126,pop,39
-0.4557,1.5915,-0.8571,rap,39
0.1916,2.4493,-0.4567,rap,39
0.9333,-1.3401,0.821,pop,39
-0.5178,0.8192,0.7142,pop,39
1.7891,-0.1323,-0.8568,edm,39
1.6142,-0.1,1.7122,edm,39
-0.6755,1.3408,-0.6663,pop,39
1.2171,1.2149,1.0348,pop,39
1.0003,-0.9035,-0.0597,pop,39
-1.2679,-0.985,1.5368,pop,39
1.3094,-0.1778,-0.1006,edm,39
0.2161,-0.1709,-1.2729,pop,39
1.0202,1.1201,-0.0092,rap,39
-1.5664,1.6821,-0.4907,rap,39
-0.1793,-2.8279,3.5747,edm,39
0.5865,-1.3577,-1.0788,pop,39
1.1541,-0.9958,0.9716,rap,39
-0.787,-2.1353,1.4021,edm,39
-1.545,0.3808,-0.0596,latin,39
-0.8758,0.4369,0.9311,r&b,39
-2.6619,1.1178,1.0288,rap,39
-0.0041,-0.2455,-0.0892,edm,39
-0.2911,-1.3383,2.7671,pop,39
0.5538,1.0214,0.6099,r&b,39
0.5233,0.0884,-0.1071,r&b,39
1.9129,0.1655,-1.9247,rock,39
-1.1812,-1.2716,-0.7935,r&b,39
-0.3296,-0.8032,-1.0323,edm,39
1.7596,1.3842,1.3877,edm,39
0.5435,0.2677,-0.0055,rap,39
-1.6371,0.8627,0.5305,rap,39
-2.5852,1.0399,-0.9184,rap,39
1.2735,-0.8156,-1.676,latin,39
-1.7078,-0.1902,-1.0521,pop,39
-1.3395,-1.2668,3.1054,edm,39
0.3485,1.9162,0.6191,latin,39
1.2506,0.0904,-1.5909,latin,39
-1.4076,0.4098,0.2769,latin,39
-0.8974,0.7626,0.8395,pop,39
-0.6469,-0.1337,-0.542,pop,39
1.9014,-0.8251,-0.1745,edm,39
0.0201,-0.7084,2.29,edm,39
1.8248,-0.7342,-0.5196,rap,39
-0.8274,-0.2572,0.6455,pop,39
1.6333,-0.0366,-0.996,rock,39
-1.4455,1.0135,0.5485,pop,39
-2.0848,-1.3502,-1.5118,r&b,39
-0.2477,0.7583,0.955,r&b,39
-2.7107,1.1024,2.077,rap,39
-4.4831,-0.7374,-2.1827,latin,39
0.5272,-0.1993,-0.5823,latin,39
-1.2109,1.2465,-0.8072,latin,39
-3.8365,2.6199,-0.7784,latin,39
-1.0717,1.2657,0.24,r&b,39
-1.6758,-0.6661,0.1265,rap,39
1.5386,1.5,0.2174,rap,39
-0.2993,-1.2486,-0.9797,edm,39
0.8933,1.337,0.1492,r&b,39
0.2773,-0.5754,2.0627,latin,39
-2.8723,0.8088,-0.3678,latin,39
-1.9585,-0.6786,1.8646,latin,39
-0.7163,0.0162,-1.8417,latin,39
-4.5446,0.5846,-0.9554,latin,39
-1.3074,-0.395,2.5197,latin,39
0.4506,1.6941,-0.9777,rap,39
-0.1428,0.7676,0.4421,edm,39
1.0171,-1.1507,0.0908,rock,39
1.2957,-0.1808,-0.9767,edm,39
-0.3219,0.3987,-0.7376,r&b,39
-1.7325,0.2626,-0.3709,rap,39
-0.5688,0.9891,-0.8211,rap,39
-4.6352,-1.754,0.8522,pop,39
-0.3848,-0.7577,-1.1139,pop,39
0.2959,0.777,-0.2362,edm,39
0.5939,2.7803,0.1233,edm,39
0.84,-2.4038,0.7734,rock,39
0.9971,-0.207,1.6814,latin,39
-0.4122,0.0742,-0.0688,r&b,39
-0.1473,0.0257,-0.8151,latin,39
0.8546,1.4889,-1.1909,r&b,39
-0.5216,-0.0566,-0.2102,edm,39
1.1577,2.1254,-0.6371,rap,39
-1.9021,-0.4678,-0.8866,pop,39
-0.2069,0.3358,0.4593,pop,39
-2.0616,-0.967,0.5445,latin,39
0.8609,-0.59,0.7954,r&b,39
0.0424,-0.7771,-0.8631,pop,39
0.8584,0.5566,-0.1812,latin,39
-0.8482,-1.7267,0.616,rock,39
1.5256,0.9235,0.5568,edm,39
-3.5609,-0.6038,-0.6445,rap,39
0.7623,-0.0314,-0.1797,latin,39
1.8845,-0.2899,-0.6179,edm,39
1.3656,-2.3035,1.4762,pop,39
1.9633,1.7291,-2.6391,edm,39
1.6086,1.1065,0.7483,edm,39
1.871,-0.0848,0.7112,edm,39
-0.9162,1.1631,-0.7822,edm,39
1.8845,-1.8312,-1.0874,edm,39
1.3482,-1.2894,-1.217,pop,39
0.8919,1.0127,0.8242,latin,39
2.2968,-1.0076,-1.7719,pop,39
1.502,-0.6555,0.1938,pop,39
0.6633,-2.032,-1.0277,rock,39
0.9116,-0.2978,0.2645,edm,39
1.7185,-0.1324,-0.0785,rock,39
1.1958,-0.4981,0.2297,edm,39
1.9239,0.078,-0.1221,pop,39
-0.6327,1.5095,-0.6463,rap,39
1.4924,-0.5163,-1.4157,rap,39
0.7874,-0.5579,-0.1588,latin,39
-0.3492,1.2261,0.7647,latin,39
1.0849,0.7111,0.6571,latin,39
0.0581,0.8253,0.5237,latin,39
-0.1819,0.9129,-1.7641,rap,39
-0.2429,0.0468,-0.0705,rap,39
1.6595,-1.9072,-0.9793,rock,39
-1.7465,2.0042,-0.2303,rap,39
-1.2687,1.967,-0.484,r&b,39
0.421,0.0556,0.8494,pop,39
1.5846,-2.0166,-0.3719,rock,39
-0.3463,-1.8745,1.0297,edm,39
2.3368,-3.1522,-2.3422,edm,39
-1.2087,1.6289,-0.6176,r&b,39
0.9538,-1.7941,2.1122,edm,39
-0.2616,0.1943,1.8452,rap,39
-0.4346,1.6754,0.6879,rap,39
2.0293,-2.2833,-1.1194,rock,39
1.3723,-1.7568,-1.0367,pop,39
-1.9261,-0.2428,1.141,r&b,39
-0.78,-0.2441,0.1841,pop,39
-1.2138,-2.1465,0.1221,r&b,39
1.3663,0.4927,-2.1767,latin,39
1.2645,-1.923,0.6928,rock,39
1.6321,-0.9211,-0.6857,rock,39
0.157,0.7379,-0.307,pop,39
-2.7436,0.7595,0.9281,r&b,39
0.2212,0.951,0.6739,rap,39
0.7935,-0.7213,0.4429,rap,39
-2.4172,1.4039,0.197,r&b,39
-1.5618,0.581,0.5207,r&b,39
1.336,0.7965,0.0598,latin,39
0.2699,0.7022,0.0845,edm,39
1.3891,-1.3019,-0.0671,rock,39
0.1159,-2.5017,1.4036,pop,39
-0.9668,1.0136,0.4797,r&b,39
0.1614,0.6787,1.404,pop,39
0.5379,-0.9725,0.0195,latin,39
-1.4846,1.7102,1.0969,pop,39
0.2973,0.3764,0.4312,pop,39
0.8966,-0.9308,-0.2544,edm,39
2.119,-2.4373,-1.5792,edm,39
1.2298,-1.31,1.0933,edm,39
-0.3912,-1.3446,0.0692,edm,39
0.478,0.0865,-0.2435,edm,39
0.776,-1.1267,1.1668,r&b,39
0.7794,-0.7995,0.6983,r&b,39
1.0307,-0.1728,0.8514,edm,39
-1.7803,0.3703,0.0263,r&b,39
0.7806,1.5699,0.353,latin,39
-1.0415,-0.1687,-0.6949,rock,39
2.1093,0.2418,-1.3306,pop,39
0.3676,1.5099,0.8656,latin,39
0.6252,0.6794,-0.3662,latin,39
0.4105,-0.322,-0.6062,rap,39
0.2656,0.4883,-0.0439,latin,39
1.308,-2.4891,-0.6331,rock,39
0.4008,0.1424,-0.7749,latin,39
-0.1923,0.9712,0.7092,edm,39
-2.988,0.0836,1.8842,r&b,39
-1.7236,0.0459,0.5739,pop,39
0.1735,-0.4903,0.537,pop,39
-0.0381,2.1655,0.6682,rap,39
-1.0806,0.4796,0.3938,latin,39
1.0026,1.449,1.0814,latin,39
1.0898,1.2138,0.3722,latin,39
-0.7036,0.6414,-2.1783,edm,39
0.9005,1.2635,0.5753,latin,39
-0.6415,-2.2336,0.3622,r&b,39
-0.1548,2.2924,0.5405,latin,39
1.4231,-1.3266,0.2877,rock,39
1.3975,0.6081,-0.5851,latin,39
-1.0312,0.3604,-1.3602,pop,39
-1.3129,0.5775,0.2487,r&b,39
1.6531,0.3557,-0.0171,edm,39
1.829,0.8041,-1.1416,edm,39
0.3517,-0.0255,1.8401,edm,39
-0.5725,-1.2969,2.116,r&b,39
1.2368,0.4733,0.1883,rap,39
1.2407,-0.6171,2.5133,edm,39
0.7523,1.7706,0.1778,rap,39
-0.883,1.5386,-0.4984,r&b,39
0.0193,1.5396,0.5222,edm,39
0.9937,1.196,0.6161,edm,39
-1.3859,0.496,0.7608,latin,39
0.8743,0.9253,0.8368,latin,39
0.1535,-0.6037,-0.4066,rap,39
1.3484,-0.543,0.3344,edm,39
1.4242,-1.4362,2.2344,edm,39
0.7132,1.5669,-0.0027,latin,38
1.3958,-0.3358,-0.7251,r&b,38
-0.896,-0.477,0.191,rap,38
0.1207,-0.0801,-0.7593,r&b,38
-1.1397,-1.0422,-1.4673,r&b,38
1.0864,1.3615,0.2485,rap,38
-1.8879,1.0783,1.1518,r&b,38
1.1893,-0.6752,-0.4065,latin,38
1.5774,0.7161,-0.8676,edm,38
0.1502,0.1131,1.9011,rock,38
2.4055,-2.2189,-0.3432,rock,38
2.12,-1.0965,-0.6297,rock,38
-0.0962,0.0435,2.8624,edm,38
0.031,1.448,0.3218,pop,38
0.0283,-0.3311,-2.0508,edm,38
-0.1552,0.3583,0.4204,edm,38
-1.1436,0.2585,-1.4095,r&b,38
1.7534,-0.4847,-0.1942,edm,38
2.4301,-0.9927,-1.821,edm,38
-2.1902,-0.0373,-0.0454,rap,38
0.7638,-1.4126,-2.3914,r&b,38
-0.3407,-0.2688,-0.598,pop,38
1.2925,1.447,1.264,latin,38
0.803,0.9693,0.2078,latin,38
1.7414,0.3226,-0.0938,pop,38
1.1482,1.0419,-1.1344,rap,38
-1.9493,0.1597,0.0165,latin,38
0.4933,-0.9963,-0.2136,pop,38
0.6871,0.6416,0.6647,r&b,38
-0.7345,3.3298,-0.7588,r&b,38
1.0842,-0.7036,-0.6857,pop,38
0.3794,0.6948,0.327,edm,38
0.8911,0.5187,0.5369,edm,38
1.2121,0.4531,0.1426,edm,38
1.6617,0.9301,-0.0443,edm,38
-2.3744,-0.4117,-0.5666,rap,38
-0.064,-1.4816,0.2779,pop,38
-0.2366,-0.8597,0.2517,pop,38
1.0091,-1.8565,-1.6912,rap,38
-0.9144,0.1035,1.1724,latin,38
-0.2472,-0.9788,-0.8226,latin,38
1.0901,-1.3457,-0.4872,edm,38
1.6024,-2.8319,-0.8283,edm,38
0.2651,-0.5976,-0.0259,rap,38
0.2311,-1.343,0.2113,rap,38
1.5898,-2.1645,-0.6449,rap,38
-2.3811,1.0648,-2.0238,r&b,38
-2.5287,2.4065,-0.24,r&b,38
1.1803,1.3069,0.8698,edm,38
-1.898,-1.9513,-1.4034,r&b,38
0.1323,1.1652,0.9026,rap,38
0.5387,0.0959,0.9854,rap,38
-0.2434,1.4631,0.6371,rap,38
1.2487,0.6586,0.7126,edm,38
-0.3779,-0.1398,-0.3327,rock,38
0.3214,-0.4509,0.1522,latin,38
-3.5795,-1.3773,1.0978,latin,38
-0.3755,0.2188,-0.6696,latin,38
-0.5973,-0.0311,-0.5582,latin,38
-2.1954,1.6649,0.2037,rap,38
-0.0634,0.0604,-0.2245,r&b,38
2.1357,-2.0986,-0.9184,rock,38
1.1804,-1.2166,-0.0419,edm,38
0.2676,0.385,0.8213,edm,38
-2.8378,-2.2695,-0.8415,edm,38
0.5753,-0.1916,-1.0947,edm,38
0.6286,0.6703,0.4487,edm,38
1.1961,-2.1937,2.6675,edm,38
-0.4988,-0.0919,2.4108,latin,38
0.9197,0.1145,-0.3568,rap,38
1.6642,-0.2674,-2.5005,rap,38
0.9192,-1.2066,1.3021,edm,38
1.0894,-1.2438,-0.619,edm,38
0.8427,-2.017,-1.799,edm,38
-1.0608,-0.1321,-0.9116,latin,38
1.3426,-0.8095,-1.3568,pop,38
0.4113,0.2723,-0.1715,rap,38
0.6997,0.5253,1.0287,r&b,38
-0.7408,-0.7395,0.4372,pop,38
-1.3748,1.6253,-0.359,rap,38
0.9298,0.8123,-0.8994,pop,38
1.2379,-1.2323,-0.1433,edm,38
-0.5109,1.3058,-0.1825,r&b,38
2.0993,-0.9346,-0.984,pop,38
-1.1444,-0.3793,-1.2917,pop,38
-0.6944,1.9888,0.8204,latin,38
-3.5557,1.2176,0.2743,latin,38
-1.5275,-1.267,1.8536,rap,38
-0.2248,0.8465,-0.1925,latin,38
0.9524,-0.2624,-1.0058,edm,38
-0.4376,1.182,-0.4713,latin,38
1.4072,-1.1854,-0.1902,rock,38
-1.1351,1.8345,0.6189,r&b,38
-0.0338,-0.7022,-1.2952,rap,38
0.0791,-3.2303,-0.5076,rock,38
-6.4697,-0.49,0.6954,rap,38
0.2087,0.7798,1.2341,r&b,38
0.0415,0.2333,-0.1798,latin,38
0.3758,0.0158,-0.2064,latin,38
1.4865,0.6031,0.486,rock,38
1.1683,-1.9067,-1.3063,edm,38
-2.2851,0.6162,0.6354,rap,38
0.1746,1.2543,1.7657,rap,38
0.1799,0.2782,0.8346,r&b,38
0.4289,-0.9247,0.3541,latin,38
2.2573,-2.0611,-2.2346,pop,38
-0.5551,-1.2138,2.5423,pop,38
1.3927,-0.8786,-0.1293,edm,38
-0.7381,0.0693,1.615,latin,38
-1.7005,-2.3465,3.8172,edm,38
-0.4791,1.7964,-0.0944,rap,38
1.7063,-2.0174,-2.5705,rock,38
1.7136,-1.6669,0.0357,rock,38
1.3276,1.5903,-0.2153,edm,38
0.1621,-0.6448,0.1835,edm,38
-2.6603,-0.3071,1.2096,pop,38
0.5125,0.8128,-2.8512,rap,38
-1.4309,1.1057,-1.3013,rap,38
-1.8179,0.4413,-0.5864,rap,38
1.6995,-1.4869,-0.8085,rock,38
-0.0835,-1.3156,1.6489,edm,38
-1.5056,0.3829,2.52,edm,38
-2.3712,0.1676,0.4092,pop,38
1.6905,-1.6801,1.9083,edm,38
0.0815,0.0196,0.2007,latin,38
0.9474,-0.0416,-1.3849,latin,38
-0.0463,-1.7712,-1.1819,latin,38
1.0594,-0.5624,0.1013,edm,38
-0.7867,0.4461,-0.3286,edm,38
-0.1037,0.236,0.3321,pop,38
0.4116,-1.7517,-0.5652,pop,38
0.754,1.0418,0.4755,latin,38
1.0249,0.5709,0.8325,latin,38
0.9242,-0.9234,-0.716,edm,38
2.4538,-1.6734,-1.9903,rock,38
0.0846,0.5551,1.601,latin,38
-2.5276,-1.7773,1.3514,edm,38
1.4538,-1.1461,-1.7692,rap,38
0.777,1.1612,-0.5137,edm,38
0.4474,-2.111,1.01,rap,38
0.4311,-0.6744,-0.5392,pop,38
-1.8853,-0.8316,0.7384,rap,38
0.492,1.337,0.4874,rap,38
-1.2013,0.8071,0.1162,r&b,38
-0.2811,0.4258,0.5955,rap,38
1.4255,1.4801,0.1446,pop,38
1.7377,-2.8209,-1.3989,edm,38
-0.693,0.762,-2.5775,pop,38
-2.2341,-1.8469,1.6982,edm,38
1.2448,-0.9066,-1.2203,edm,38
-0.458,-0.3172,-0.8961,r&b,38
0.104,-0.3054,-1.0332,rock,38
-0.8106,0.883,2.4656,edm,38
1.1905,0.3126,0.5263,rock,38
-2.0407,-0.3702,1.0115,pop,38
1.0914,-1.3716,-1.4633,rock,38
-2.0027,-1.8247,-0.6815,rock,38
-0.1752,-2.7652,3.8693,edm,38
1.2866,0.1955,-0.5434,pop,38
1.4836,-0.2077,-1.3112,pop,38
-0.8715,0.595,2.0881,r&b,38
1.6707,-1.2808,-0.9982,pop,38
2.0141,-2.6731,-2.0214,pop,38
2.3984,-0.4041,-0.7649,rock,38
0.4923,-0.4709,0.9495,r&b,38
0.0181,2.5029,-0.3835,rap,38
2.0213,-1.5247,-0.176,edm,38
0.9226,-1.3081,0.3765,pop,38
1.6529,0.6995,-0.7715,pop,38
-4.2973,-1.256,-0.3353,pop,38
1.9448,-1.3312,-1.6444,pop,38
-0.581,0.9409,-0.7731,rap,38
1.1233,1.3027,-0.0838,latin,38
1.444,-0.8013,-1.0108,pop,38
1.7383,-0.3596,-0.1271,pop,38
-0.2019,-0.9381,-0.4541,pop,38
-0.2497,0.3495,0.4388,pop,38
-0.6958,1.787,-0.0277,rap,38
1.2427,-1.723,1.5391,edm,38
0.6872,-0.1368,0.4531,pop,38
2.05,-0.1274,-0.5377,rock,38
0.9048,-1.7069,-0.6862,rock,38
-4.0513,-3.038,0.242,rock,38
1.0213,-0.9719,-0.2189,edm,38
1.2358,-1.4342,-0.515,edm,38
-0.8413,-0.15,-1.0316,r&b,38
0.3666,0.8924,-0.7869,rap,38
-1.0698,-0.3219,-0.2697,pop,38
0.559,0.149,0.6892,latin,38
1.7496,0.1303,0.5289,edm,38
1.4389,-2.6156,0.7746,edm,38
0.8426,-0.1246,0.4063,latin,38
1.027,2.0112,0.3406,pop,38
1.2748,0.8554,0.6517,pop,38
0.9793,1.2361,0.4645,pop,38
-0.3956,0.7066,0.3926,pop,38
0.1144,0.0972,-2.4564,rap,38
1.3643,1.7601,-0.4535,r&b,38
0.6952,-0.6829,0.8406,rock,38
0.1711,0.8172,-0.8816,latin,38
1.1311,-1.1566,-0.9553,pop,38
0.5815,-0.7678,-1.4273,rap,38
-0.6729,0.0242,-0.4791,pop,38
1.5079,1.5334,-0.6776,rap,38
1.6485,-0.1002,0.5218,rock,38
2.0451,-1.3487,-0.9981,rock,38
1.3162,-3.9364,-0.6916,edm,38
0.6527,-2.5577,-0.1033,rock,38
1.1221,-1.4962,1.1117,edm,38
-0.3708,-2.0454,-0.7737,rock,38
-2.2784,-0.0943,-0.0661,latin,38
0.4241,0.749,0.4831,latin,38
-1.0814,1.1117,0.7061,latin,38
-5.6502,1.4435,0.4646,latin,38
-0.1906,0.2914,-0.7227,pop,38
2.0884,1.7055,-2.3561,r&b,38
1.6715,0.7124,0.7355,pop,38
1.0661,-0.7553,-0.1224,pop,38
-2.7029,0.6752,-2.2363,rap,38
-1.0563,1.303,0.033,rap,38
-0.0016,0.1132,-0.2528,rap,38
1.2248,1.9691,0.7818,edm,38
1.5863,-0.4312,0.4351,edm,38
0.5026,-1.3918,0.2629,edm,38
1.5261,0.8484,0.3247,rock,38
0.51,1.4289,1.4319,r&b,38
0.9218,-1.7239,-0.666,rock,38
-0.7504,-2.4458,0.8188,rock,38
0.2828,-1.7503,-0.3714,rap,38
0.0159,1.8975,0.2193,rap,38
1.069,-0.3177,-0.4111,rock,38
-2.3529,-1.8934,-0.3125,pop,38
-2.1022,-1.1166,-0.3646,rap,38
0.286,0.6036,1.1476,r&b,38
-0.272,1.9169,1.9979,rap,38
1.1174,-0.0547,-0.7139,latin,38
0.9425,0.6438,0.6161,rap,38
-0.4114,-0.7218,-0.6401,rap,38
1.0161,-0.2634,0.1643,rock,38
1.2139,1.7751,0.3815,edm,38
1.1391,0.2061,2.1379,pop,38
-0.8518,1.7944,0.5541,rap,38
0.9847,2.4751,0.8093,rap,38
2.1536,-0.4181,-1.1587,edm,38
2.1421,1.5825,-1.6939,edm,38
0.3941,1.9071,0.3969,rap,38
-0.3712,-0.0046,-1.9855,edm,38
1.3501,0.4456,0.3588,edm,38
1.7634,1.9919,0.0072,latin,38
0.2143,-0.5859,-1.0448,rock,38
-0.6473,0.9021,-0.6734,edm,38
1.9178,-1.0106,-2.0194,rock,38
-0.832,-2.2271,-0.7437,rock,38
1.3791,-0.4389,0.7733,edm,38
1.0044,-0.8539,-0.0042,rock,38
0.3108,1.3444,-0.8444,latin,38
0.8664,-0.8276,2.5959,pop,38
0.6723,0.5092,0.9907,r&b,38
-2.105,1.2034,-0.6205,latin,38
1.6265,-1.1036,-0.8182,edm,38
0.0418,1.0515,-2.2858,latin,38
-0.7178,0.8171,0.574,pop,38
-1.9366,0.7071,-0.4695,latin,38
1.5548,0.0404,-1.0409,rap,38
1.01,-0.2,-0.9548,r&b,38
1.3555,0.065,0.2035,edm,38
0.9327,1.1173,0.2579,edm,38
-0.0001,1.0718,1.6545,edm,38
-5.746,-0.075,0.2584,edm,38
0.5985,0.7753,0.8726,rock,38
-0.0693,1.1006,1.1457,edm,38
-0.986,-1.4813,0.0612,r&b,38
1.8362,-1.7271,0.5887,edm,38
1.3968,-0.718,-0.1609,pop,38
-2.5672,0.0945,1.8759,r&b,38
-0.3199,-0.2038,0.7643,r&b,38
1.3464,-0.3055,1.7366,edm,38
1.9087,-1.8102,-1.4951,rap,38
1.1313,-0.9399,-1.125,latin,38
1.5752,-0.8331,-0.1628,pop,38
-0.5126,-1.7534,1.9538,rock,38
0.4423,1.3491,1.1591,edm,38
-0.5132,3.0123,-1.7132,rap,38
0.7502,1.979,0.5495,pop,38
-1.6134,-0.4179,0.0235,pop,38
1.2451,-1.3758,-0.6967,edm,38
-0.7187,-0.4147,1.3448,r&b,38
0.5389,1.5477,0.1504,latin,38
0.2264,0.0554,1.4498,latin,38
0.0699,2.4044,-0.8036,rap,38
2.0632,0.8403,0.0019,pop,38
2.0213,0.8765,0.3069,rock,38
-1.4012,-0.13,-0.3124,latin,38
-3.8192,0.2912,1.9519,latin,38
0.3917,-0.8339,0.8447,latin,38
-0.9519,1.0517,0.8196,pop,38
1.276,0.4766,0.0647,pop,38
0.7756,-0.2318,0.2579,pop,38
0.613,1.4414,-0.9349,rap,38
0.0882,-2.4395,2.0066,pop,38
-0.4147,0.7336,-0.1194,edm,38
2.1811,-1.4699,-1.0374,rock,38
0.7034,-1.2527,-0.868,edm,38
1.5458,-1.91,0.7005,edm,38
-0.3152,-0.6359,-0.569,latin,38
0.8937,-0.5118,-0.2484,latin,38
1.3377,0.6489,0.279,edm,38
1.3544,1.0244,0.9741,edm,38
-1.4565,0.8117,0.5133,r&b,38
-1.9064,-1.5171,-0.4104,r&b,38
1.4249,-1.7859,-0.9321,pop,38
0.4515,0.5972,1.8874,latin,38
1.0642,-2.2653,-2.5206,edm,38
-3.6154,-0.9402,-0.4901,r&b,38
2.4222,0.458,-2.3045,rap,38
-0.7137,-2.2918,0.0356,r&b,38
1.4573,-0.5807,0.3514,edm,38
0.495,-1.6696,0.9475,edm,38
1.7246,-0.6273,-0.4594,edm,38
1.7637,0.4268,-0.7965,rap,38
-0.3967,0.549,-0.7059,rap,38
-0.1894,2.2984,-0.7136,rap,38
1.1347,-2.1455,1.0694,edm,38
0.9451,-1.2994,-0.5362,edm,38
0.8888,1.4847,0.9955,latin,38
1.1044,1.2686,0.2266,latin,38
0.5454,-2.4934,-0.4366,rap,38
-1.0887,0.674,1.8015,r&b,38
-0.8398,0.4176,-1.0681,rap,38
-1.356,1.4885,1.5297,r&b,38
1.289,1.6839,-0.0185,edm,38
0.5746,1.2677,0.8804,latin,38
0.0265,-1.9255,0.8069,edm,38
0.0394,-1.2411,0.8045,rap,38
-2.1154,-2.4689,1.2509,pop,38
-0.1751,0.1468,-1.0523,edm,38
-0.0784,0.2867,0.4686,edm,38
0.0376,0.7781,-2.0603,edm,38
-1.2947,-0.8618,0.7278,rock,38
-2.4666,1.0699,1.3766,latin,38
1.8181,-1.0133,-0.5718,rock,38
0.6614,-0.6857,1.1034,edm,38
-0.596,0.5511,-0.8503,rap,38
-2.2284,0.665,0.352,pop,38
1.283,-0.5931,0.2854,pop,38
-4.4925,-1.1853,-1.0076,r&b,38
-1.3345,-0.3412,2.0977,rock,38
0.3521,-3.0979,0.4822,rap,38
-0.4236,-1.7063,2.4329,edm,38
-0.9509,0.7569,-0.3004,rap,38
-0.5728,0.3858,0.1743,r&b,38
0.1068,0.5762,1.6509,r&b,38
0.6206,-0.9841,-0.1169,rap,38
0.9263,0.8482,-0.5409,latin,38
-1.3036,0.9861,2.7579,r&b,38
1.1299,-0.7364,2.12,r&b,38
1.1679,-0.6699,0.3802,rap,38
1.3917,1.4038,0.324,latin,38
1.7764,1.3397,-0.1877,edm,38
-0.4768,-1.3456,1.5998,rap,38
1.1808,-1.761,-1.193,rock,38
-2.9623,-0.379,-0.4479,pop,38
1.6256,-1.5421,-0.0069,rock,38
0.1084,2.4772,-2.6086,rap,38
-3.8057,-0.3521,-0.4695,pop,38
0.706,-0.5056,-0.7452,edm,38
0.6455,1.1327,-3.2977,edm,38
1.3879,-0.3544,0.4096,pop,38
0.3368,0.522,0.2949,pop,38
0.406,0.2612,0.9994,pop,38
-0.9918,-0.4983,-0.1084,latin,38
-1.5432,-0.1715,-0.3251,r&b,38
-0.2115,-0.2383,0.0517,pop,38
0.3301,-1.3336,-0.6138,rock,38
-0.715,1.6539,-0.6957,latin,38
-3.2261,-1.1789,-0.6226,pop,38
-0.4638,-1.3901,-0.876,pop,38
-5.1701,-0.9549,-1.1703,r&b,38
1.2924,-2.2225,-0.7674,rock,38
0.9352,-2.2599,0.8375,rock,38
0.3136,-0.9243,0.8516,rap,38
0.5207,1.2121,1.0746,pop,38
-0.7822,-1.9258,0.0165,rock,38
1.1019,-1.0172,0.1917,edm,38
1.1267,-1.8172,-1.1687,rap,38
0.6797,1.0972,1.0405,latin,38
-0.4458,2.2167,1.3869,r&b,38
-3.1983,0.2543,-0.5068,pop,38
0.2311,-2.1966,-0.9169,pop,38
0.1125,-0.1521,0.7908,pop,38
-1.0129,-0.3843,-0.1687,latin,38
0.4819,1.0405,0.8487,edm,38
1.4724,2.1612,-2.9447,pop,38
-2.1614,-0.6989,-1.1483,pop,38
0.7533,-0.9034,0.3193,rock,38
-0.1798,1.3172,0.5306,latin,38
0.8595,2.381,-0.322,latin,38
-2.4965,-1.3454,0.7216,r&b,38
0.9311,-0.6284,-0.5322,edm,38
0.6943,0.6802,0.111,pop,38
1.9454,1.5248,-0.427,pop,38
0.9077,-1.063,0.3932,edm,38
0.3213,-2.2389,0.2587,edm,38
1.6195,-0.154,0.0044,rock,38
1.9785,-1.3335,-0.8254,edm,38
-2.1335,0.1569,-0.4226,pop,38
-1.784,-2.116,-0.082,rock,38
0.4081,1.6768,-0.6737,pop,38
1.1236,1.5184,0.7461,latin,38
1.1903,-0.52,0.4094,rock,38
0.9306,-1.4181,0.9975,edm,38
1.3817,2.1604,0.0899,latin,38
1.5267,-0.4121,1.4793,edm,38
0.9609,-0.981,-1.4327,edm,38
0.3349,0.6341,-0.3872,rap,38
0.5069,1.1223,0.1121,pop,38
0.3837,1.105,-0.2921,latin,38
0.6493,-2.4081,1.9464,edm,38
1.5236,-1.1904,2.0663,edm,38
0.1705,-0.2877,0.3462,rap,38
0.0402,1.456,0.7382,latin,38
-0.5091,0.7774,0.5086,rap,38
-2.637,0.3236,-1.4777,r&b,38
-0.3065,0.8473,0.1429,rap,38
-2.8859,-0.0502,0.5463,rap,38
1.2211,-0.7856,0.8811,latin,38
1.2661,-1.724,1.0099,rap,38
-0.2154,-0.2927,0.905,r&b,38
0.4273,-0.8601,-1.4446,rap,37
-0.198,0.121,0.4377,r&b,37
0.1143,1.6045,0.2,edm,37
0.6671,1.0567,0.7061,rap,37
-1.2222,-0.5309,-1.2145,latin,37
-1.9392,-0.1394,-0.4646,pop,37
-0.6523,-0.1673,-2.0445,edm,37
-1.2152,1.1799,-0.3626,rap,37
0.4506,-0.7587,-1.1681,latin,37
-0.424,0.9392,-0.1485,rap,37
1.3907,0.5925,1.6656,r&b,37
0.3658,1.976,0.0864,pop,37
-0.3029,-1.1942,0.5649,edm,37
1.3878,0.2086,0.2113,edm,37
0.1639,-1.1235,1.743,edm,37
-0.3035,-0.4624,0.6101,rock,37
-0.7267,1.6756,-1.0125,rap,37
-1.5029,-2.0942,3.4985,edm,37
1.7744,-0.9805,-0.3788,edm,37
1.4407,-0.7242,-0.6467,edm,37
-1.796,-0.2097,0.5533,r&b,37
0.8675,-0.5945,1.0913,rock,37
1.2552,-0.5247,0.2806,rock,37
1.1614,0.4966,-2.161,pop,37
2.2438,-0.175,-0.2749,edm,37
-1.4408,1.2587,-0.2838,r&b,37
2.3299,0.1072,-1.9228,edm,37
2.5773,-0.1183,-2.5448,edm,37
1.2754,1.8012,1.0083,rock,37
1.7346,0.4857,0.8526,pop,37
0.9446,0.0629,1.3018,rock,37
0.4556,-1.6735,1.4564,edm,37
0.9869,1.8451,0.5388,latin,37
1.2839,1.3092,0.0092,latin,37
1.8043,-1.7938,-0.9278,rock,37
1.6262,0.9174,-0.5819,edm,37
1.6014,-0.9724,-0.9594,pop,37
-2.381,1.7705,-1.0966,r&b,37
1.41,1.1962,0.7222,pop,37
-1.8941,0.3349,0.5828,edm,37
-2.932,-1.4397,-0.2861,r&b,37
-0.2683,-0.0052,-1.6982,rap,37
0.5082,-1.8524,-0.1088,edm,37
-1.8274,-0.7848,2.2811,rock,37
0.0163,0.9773,0.5131,latin,37
-3.2078,-0.4237,-0.2788,r&b,37
0.4076,-0.7083,0.4892,rock,37
-4.1592,-1.8512,-0.9466,r&b,37
-4.5104,-2.5181,0.8131,pop,37
0.6856,1.728,0.1456,edm,37
1.4152,0.3523,0.7386,edm,37
2.0423,0.2755,-0.1505,edm,37
0.8587,-1.6197,3.2454,edm,37
-2.4349,-0.7547,-1.0737,pop,37
1.4967,0.0916,0.4409,rap,37
0.7323,-2.0459,1.225,edm,37
-2.2584,0.5063,-0.2458,pop,37
1.5654,-1.3617,-1.1567,edm,37
2.2242,0.3784,-0.4424,edm,37
0.9995,2.362,-0.8028,latin,37
0.258,1.9696,0.5998,latin,37
0.04,1.5131,1.281,r&b,37
-0.5161,1.2241,1.266,edm,37
1.6026,0.4539,0.4299,latin,37
2.4738,-1.1355,-1.1423,rap,37
-0.4325,0.7059,-2.6271,rap,37
0.7878,-0.5726,0.0051,edm,37
0.6472,-0.0169,-0.6167,latin,37
0.3291,-0.0953,0.4995,rap,37
-0.1347,0.3113,-0.3184,rap,37
0.679,-1.3452,1.0775,edm,37
-1.1288,-0.2663,-0.2685,rock,37
1.7935,-1.0219,-0.5368,edm,37
1.6378,-1.2532,0.1978,edm,37
1.6625,-2.3029,0.842,rap,37
-0.9834,-2.4244,-0.6228,rock,37
1.1288,-1.9844,1.273,rock,37
0.9637,-1.8234,-0.1791,rock,37
0.1204,1.868,0.9873,latin,37
0.9038,-0.2489,-0.1877,edm,37
2.0655,0.9853,-0.0143,edm,37
0.5088,-0.1553,-0.5491,r&b,37
1.7399,0.1733,-0.3263,rap,37
0.4687,2.3436,-0.1317,rap,37
-0.2284,1.4177,1.4226,latin,37
0.6753,0.9317,0.8432,latin,37
1.1744,0.8061,0.4407,pop,37
-0.3382,2.4082,-1.0038,rap,37
-1.6455,-0.6185,-1.2783,rap,37
-2.7979,0.1263,0.6881,r&b,37
1.3656,0.1326,0.2526,edm,37
1.554,0.811,1.0037,edm,37
1.0907,1.408,0.229,latin,37
-3.8825,-1.4673,-1.5955,r&b,37
-0.6627,-0.7948,-0.0922,r&b,37
1.5644,0.7961,0.2954,latin,37
-1.2391,0.009,0.3749,rap,37
1.9567,-0.5392,-0.5254,rap,37
1.7241,-1.4872,-0.301,rock,37
0.7154,1.8852,-0.8699,edm,37
-1.076,1.4041,-1.7347,pop,37
-0.043,-0.0143,-0.6367,rap,37
-2.8769,-1.9409,-1.2526,r&b,37
0.9593,0.91,-0.0545,edm,37
0.1982,1.0038,0.2754,edm,37
-1.7684,0.5764,0.334,rap,37
0.6747,0.6259,0.7504,rap,37
-0.6979,-0.7378,-0.3285,latin,37
-1.8882,0.1389,0.4694,r&b,37
0.2845,0.0478,-0.0813,edm,37
0.4912,-1.6299,1.2073,edm,37
-1.9437,0.3029,-0.6323,r&b,37
-0.1721,-0.7462,-0.7985,pop,37
-1.8694,-0.3937,1.9259,r&b,37
-0.131,2.2973,-4.1907,rap,37
-2.9105,-0.3853,1.9363,latin,37
-0.076,-1.7827,1.7935,latin,37
0.4493,2.2121,0.0424,edm,37
-0.042,0.8037,0.1277,pop,37
0.9615,-0.7218,1.7984,edm,37
1.8438,-0.3535,-0.9428,edm,37
1.6237,2.1127,-1.0069,edm,37
-1.2395,2.1226,1.1028,rap,37
1.0507,-0.2992,-0.6214,pop,37
1.0446,0.5726,0.3757,pop,37
-3.0471,-1.3171,-0.3696,pop,37
-0.9034,-1.0567,0.0703,r&b,37
-0.6481,-0.0792,-0.6109,r&b,37
0.9484,1.1391,1.0988,r&b,37
-0.8479,1.7708,-0.2511,rap,37
1.73,1.7046,-0.7436,rap,37
-1.1606,0.5696,-1.1391,rap,37
-0.1063,1.5047,-0.4418,rap,37
0.2879,-0.1132,-0.1052,latin,37
0.0267,-0.0506,1.0182,rock,37
0.9243,0.2352,0.7479,latin,37
0.9339,-2.4244,1.5137,edm,37
1.5092,-0.7536,-0.6255,edm,37
0.6472,-1.4332,-0.4039,edm,37
-0.9095,1.3391,0.4824,rap,37
0.7012,-0.0849,-1.1044,rap,37
-0.3306,1.0228,1.4894,r&b,37
0.948,0.024,-0.7197,edm,37
1.3334,-1.5436,-0.0234,edm,37
0.5571,0.2901,0.4575,r&b,37
-1.7823,-2.5388,-2.5245,pop,37
-0.301,1.3213,0.1475,latin,37
-0.5514,-1.5823,-1.4505,pop,37
1.11,1.7348,1.0623,edm,37
0.1434,0.2593,0.3736,r&b,37
1.0438,-0.6532,0.0565,rap,37
0.3977,0.7245,-0.9294,rap,37
-0.5579,0.4314,0.2543,pop,37
-2.5061,1.3853,-1.7605,rap,37
0.0167,2.3758,-0.1042,latin,37
-0.6442,0.3415,0.379,latin,37
1.5667,0.0059,0.4377,rock,37
0.4012,-1.7008,1.5478,rap,37
-2.0018,1.2727,-0.9101,latin,37
-3.0651,-1.9489,-0.7144,rock,37
0.3648,0.106,-1.4098,rap,37
0.0504,-0.921,0.2393,edm,37
-2.1584,-1.1011,-0.4997,pop,37
0.4302,0.4105,-0.4342,r&b,37
0.1483,2.3913,1.8742,edm,37
-1.4729,0.4451,-0.0795,r&b,37
0.6578,0.5129,-1.3906,rap,37
-2.6756,1.4819,-0.7053,pop,37
0.484,0.9069,1.4729,r&b,37
-0.8767,1.0822,-0.4088,rap,37
-2.7788,1.6389,-0.1827,edm,37
-0.9899,1.7911,0.6053,rap,37
1.4369,-0.97,-0.1374,rap,37
0.7483,1.3245,1.5842,edm,37
1.8218,-1.146,-0.6816,rock,37
0.0255,0.388,1.9742,edm,37
-0.4808,1.523,-0.0031,edm,37
0.2693,-0.4547,-0.5046,pop,37
1.3286,-3.5398,0.2549,edm,37
1.2686,-2.0806,-0.7187,edm,37
-0.1527,2.4533,0.0248,rock,37
-0.3942,0.8846,-3.2269,latin,37
-1.073,-1.1691,3.4024,r&b,37
-1.6289,2.5106,-1.2554,r&b,37
0.4051,0.8406,0.5636,r&b,37
-3.4928,0.3637,-0.2495,pop,37
1.9903,-0.2973,-0.5653,edm,37
-0.6394,-1.3562,-0.4251,rap,37
-0.1211,-1.0443,-3.2751,rap,37
-2.0212,2.336,1.2129,rap,37
2.5808,-2.1446,-1.4363,rock,37
1.8669,-2.0219,1.8817,edm,37
0.5966,1.437,-1.0869,r&b,37
0.6909,-0.0073,-0.2698,rap,37
-2.4419,-0.2783,-0.0686,rock,37
1.0467,-0.6334,-1.2499,rock,37
1.7757,-1.645,-0.9542,edm,37
1.1184,-0.4253,-0.8683,pop,37
1.2376,-2.5924,-0.9804,rock,37
2.1034,-1.195,-1.4272,edm,37
0.4942,0.5221,0.3505,rock,37
-2.8875,-0.22,-1.3113,pop,37
0.8175,-0.7501,0.3123,pop,37
1.6395,-1.1376,-0.5291,pop,37
-0.6001,1.7213,0.1825,rap,37
1.1618,-1.1496,1.1428,edm,37
1.8787,-1.8113,-0.5483,rock,37
-0.2101,0.0824,0.4757,r&b,37
0.9238,-0.5416,0.7771,edm,37
-1.197,-1.1239,-0.2012,rock,37
0.6098,-0.5111,2.9855,edm,37
-1.9202,0.4625,0.6145,r&b,37
0.6477,0.6705,0.3897,rock,37
2.049,1.3802,-2.1158,edm,37
0.9164,-0.5592,-3.1084,rock,37
0.2187,1.7062,-1.2747,rap,37
1.3134,0.8627,-1.0266,rap,37
0.6565,1.1672,-0.5103,rap,37
-2.766,-0.6525,-0.4915,r&b,37
0.2839,1.8781,-0.6879,r&b,37
1.0792,-0.9929,1.7779,edm,37
-4.413,-2.5587,-1.0254,rock,37
1.6898,-1.6616,1.8584,edm,37
-2.1175,-3.6116,0.3032,rock,37
1.0662,-0.6658,-1.1938,pop,37
0.9734,-1.1861,0.1265,edm,37
-0.5281,0.0391,-0.2574,rap,37
1.2857,1.0435,0.4171,pop,37
-1.1152,0.2459,-0.2957,r&b,37
0.4474,1.4194,0.8559,r&b,37
-1.1871,0.2046,1.3549,rock,37
1.188,-0.0184,-0.0756,pop,37
-0.2899,-0.7883,0.0087,r&b,37
-1.882,0.0366,-0.0736,rap,37
-6.361,-2.1435,-1.969,pop,37
-6.8066,-0.2271,-2.1551,pop,37
1.2208,-0.8179,1.6039,edm,37
1.4168,-0.0453,-0.2053,edm,37
0.0225,-3.1569,2.9556,edm,37
1.7404,0.3397,0.435,edm,37
1.7742,0.3347,2.175,edm,37
-0.1417,-1.737,-0.0833,rock,37
0.4538,-1.5499,-3.154,rock,37
-1.8391,0.2699,-0.6867,edm,37
-0.2166,-3.1866,0.873,rap,37
-1.8567,-0.4202,0.734,rock,37
-2.8818,-1.0019,-0.6102,pop,37
-0.2315,2.3593,-0.42,latin,37
-1.0842,-0.2378,-0.4374,rap,37
-0.6387,1.8717,0.7756,rap,37
-0.043,-2.256,0.927,pop,37
0.1045,-1.5504,-0.6144,pop,37
-1.3565,1.2152,1.3575,rap,37
0.6173,1.5814,0.2471,edm,37
-2.2407,0.5954,-0.1344,r&b,37
1.6874,-0.7945,2.0264,edm,37
-0.951,0.6102,0.0081,pop,37
-0.7171,-0.5401,-0.9122,r&b,37
0.1402,1.3827,-0.7804,r&b,37
0.7005,1.4842,0.9537,pop,37
1.3671,-0.7118,-0.5558,edm,37
1.1414,-0.6829,-1.0531,pop,37
-0.7053,0.0718,1.5408,r&b,37
0.606,-0.9345,-0.175,edm,37
-2.6754,-2.2502,1.4248,rap,37
-0.9066,-0.5345,-1.7582,rap,37
0.9512,2.309,0.2042,rap,37
-0.0077,0.2829,-0.3258,pop,37
-1.0257,2.6687,-1.5834,rap,37
0.9056,1.8322,1.8353,rap,37
-0.9196,0.9547,1.3631,rap,37
-0.384,1.4102,0.926,pop,37
0.4992,0.502,-0.3426,edm,37
0.6464,-0.9968,-0.1912,edm,37
1.5536,-0.0035,0.0189,pop,37
2.3666,-0.8908,-2.1872,pop,37
-0.4085,-0.7336,-1.8185,rap,37
-1.9051,-1.4384,-0.1084,rap,37
0.8089,2.202,0.4915,r&b,37
-0.758,-2.1306,-1.589,latin,37
-1.0137,2.3662,0.4652,rap,37
-0.4521,1.5655,-0.6658,rap,37
0.3797,0.2959,-0.8954,pop,37
-4.5757,-1.3428,0.698,pop,37
-0.9742,-1.9389,-0.9146,latin,37
-0.8304,-1.0738,0.9859,latin,37
0.7045,-1.3442,3.0099,latin,37
-3.1325,0.629,-0.4917,latin,37
-0.6431,-0.5176,0.7741,rap,37
0.4064,-0.1671,0.2093,rap,37
-0.1836,1.6877,0.3506,edm,37
1.4302,0.0234,0.1261,edm,37
-1.0072,0.9573,0.1117,rap,37
1.3887,0.2618,-0.8261,latin,37
1.5325,-1.0137,1.5342,edm,37
1.961,-0.7339,-1.093,edm,37
-1.2541,-0.9482,3.5766,edm,37
1.0262,-2.2355,-1.1503,rock,37
0.0214,0.8403,0.5095,pop,37
-1.4662,-0.3834,0.4284,rock,37
-0.5711,1.5601,-1.5641,latin,37
-1.9659,-0.6337,-1.7756,latin,37
0.2139,-1.0581,-0.084,latin,37
1.0203,0.2615,-0.2102,r&b,37
-1.3652,1.2731,-2.1549,latin,37
-3.2753,-1.294,-0.8836,latin,37
-1.775,0.1468,-0.4345,edm,37
-1.6597,-2.4549,2.9266,edm,37
0.9796,-3.1378,1.661,edm,37
0.4478,1.869,0.145,edm,37
-1.9846,-1.177,-0.6263,edm,37
1.8379,0.0163,0.0251,rock,37
-0.478,-1.227,-0.1597,rock,37
1.8225,0.0984,0.4711,latin,37
1.2419,0.4598,-0.1118,edm,37
1.1218,-0.1996,1.4075,edm,37
-0.4505,2.1084,-0.1528,latin,37
-0.4809,1.2505,-0.2555,edm,37
-0.0552,-0.2046,-0.9705,rap,37
-1.9921,0.4702,1.6289,rap,37
1.6613,-2.4009,-0.6164,r&b,37
1.2147,1.5696,-0.1015,rap,37
0.06,0.6627,1.7549,latin,37
0.1627,0.9114,-0.1196,latin,37
1.3325,0.3822,-1.7928,rock,37
0.1047,0.9161,1.7788,r&b,37
1.0403,2.1759,-0.7826,edm,37
-1.0189,1.8037,1.356,latin,37
-0.4324,1.5981,1.237,rap,37
-0.6422,1.6217,-0.6149,rap,37
-0.672,0.3301,0.6775,r&b,37
-0.6279,0.8591,2.0838,r&b,37
-0.5212,-0.6088,1.6451,edm,37
0.5716,0.0866,0.279,edm,37
-1.0172,0.4885,-0.3671,rock,37
-0.9272,0.4673,1.4817,r&b,37
-1.0371,0.9472,0.7071,r&b,37
2.0461,-1.636,-1.4121,rock,37
0.1155,0.7939,-0.3754,rock,37
0.8663,-0.3048,0.2545,edm,37
1.1306,-0.9017,-0.9154,edm,37
0.2618,-2.8066,-1.3207,latin,37
-1.6033,0.615,0.3439,r&b,37
-0.1102,0.1626,0.3856,latin,37
-0.8173,1.272,-0.7633,rap,37
-2.3879,-0.3384,0.0122,r&b,37
-0.2127,-2.3066,1.031,pop,37
0.6842,-1.6036,0.8384,edm,37
-1.6006,0.0314,2.5253,edm,37
0.1688,-0.8301,2.3608,edm,37
0.5165,-0.1612,-1.3123,latin,37
0.8386,0.0201,-1.4879,rap,37
-0.403,-0.0337,-0.208,edm,37
-0.4179,-2.0452,0.4125,r&b,37
-0.2153,-0.4721,-0.0634,latin,37
1.3902,1.3573,-0.2615,pop,37
2.1611,-0.4152,-0.469,edm,37
-1.0816,0.834,-0.583,rap,37
0.9167,-0.4193,0.3624,edm,37
-1.8254,-0.6246,-0.8271,r&b,37
0.7259,1.5127,0.2708,pop,37
-1.5139,0.7841,-0.2459,edm,37
0.0725,-1.0035,-0.5084,edm,37
-2.0193,0.5426,1.0023,r&b,37
-0.6684,1.592,0.5292,latin,37
-0.0112,-0.5541,0.3984,pop,37
1.1659,0.56,0.0336,latin,37
-1.1017,0.001,0.5008,latin,37
1.4268,-0.4443,-1.6488,latin,37
0.7229,-1.9427,0.4409,pop,37
-1.0491,-2.7787,3.1845,edm,37
-1.1569,-1.4066,-0.6611,r&b,37
0.1896,1.2092,0.2427,rap,37
-1.5563,1.2604,-0.016,pop,37
-1.3209,-0.2483,-0.1614,r&b,37
-0.4675,0.8581,0.2156,r&b,37
1.731,-0.6574,1.1462,edm,37
-0.2021,1.6591,-1.4903,rock,37
1.3717,1.0794,-0.6728,latin,37
1.115,-0.5829,-0.7924,edm,37
0.4844,0.5326,0.2676,rap,37
1.9499,-1.4357,1.218,edm,37
-1.5545,0.5793,1.4188,rock,37
1.7727,-0.7434,-0.7348,edm,37
-0.277,1.1355,-0.2839,latin,37
1.901,1.3605,0.0742,pop,37
0.2803,0.9195,-1.2916,pop,37
1.1691,-0.5405,-0.8344,pop,37
0.2399,1.156,0.3107,latin,37
1.9885,0.2941,-0.4369,edm,37
-0.7231,-2.2978,3.0011,edm,37
-0.3313,-1.9661,-0.3346,r&b,37
1.3743,0.564,-0.3021,latin,37
0.4247,0.7643,0.5723,latin,37
-0.8888,0.5604,0.1459,latin,36
0.1065,-0.1476,0.2793,latin,36
2.2653,1.1611,0.8749,pop,36
1.2531,-1.3857,-0.5492,edm,36
1.0495,1.0291,0.446,latin,36
-0.226,0.6678,0.6072,latin,36
0.7508,0.3,-0.026,latin,36
0.9476,0.8754,-0.0131,r&b,36
1.3846,0.3214,-0.2092,latin,36
-1.3059,-0.5268,3.2584,edm,36
-5.4543,0.2394,-0.4899,r&b,36
0.4087,1.4796,1.369,edm,36
0.9179,-0.0862,-1.1504,edm,36
-0.5429,-0.8279,1.7385,edm,36
0.4743,-0.4645,0.817,pop,36
-0.3018,-0.4486,1.8654,edm,36
0.4488,1.6058,1.1142,r&b,36
-1.2566,-0.4694,2.3204,r&b,36
-2.8137,0.7051,0.644,r&b,36
-2.733,-1.1837,0.3071,rock,36
2.7072,-0.094,-1.3341,latin,36
2.0575,0.161,0.5679,edm,36
0.1641,2.2263,1.0809,r&b,36
0.9618,0.5626,-0.5757,rap,36
1.8774,-0.0681,-0.2488,edm,36
0.931,1.2041,-0.6568,edm,36
0.4609,0.2149,0.3455,pop,36
-5.1423,-2.3308,-2.2221,pop,36
1.374,-2.4231,2.1242,edm,36
1.4987,-1.4161,0.6984,edm,36
-0.1728,0.4994,0.2348,latin,36
1.5894,0.7177,-1.0985,edm,36
-2.354,-2.0812,-0.0506,r&b,36
0.9643,-0.2901,-0.0652,edm,36
-0.7543,1.5237,1.1219,rap,36
-0.7458,1.7872,-1.0659,r&b,36
1.5301,-0.0347,-1.2336,pop,36
-3.2456,-2.1344,-1.4944,rock,36
-1.8881,-0.0943,-1.087,rock,36
0.6871,2.7203,-0.2654,rap,36
0.7316,0.212,-0.1342,r&b,36
0.1495,-0.2991,0.3126,rap,36
1.3138,-2.0162,1.2665,edm,36
-0.797,0.4885,0.5302,r&b,36
0.2155,1.3698,1.0327,pop,36
-2.4827,0.1624,-1.5703,pop,36
0.6537,-0.2974,0.1219,rap,36
-2.2685,0.1277,-0.1699,rap,36
0.1547,-1.1085,-1.1034,latin,36
-0.0705,0.3497,1.4834,latin,36
1.4018,-0.1142,-0.3197,edm,36
-1.5753,0.5115,-0.7849,latin,36
0.6937,0.0652,0.2887,edm,36
1.438,0.9157,-1.9054,rap,36
-0.6657,0.8707,1.2325,r&b,36
-0.6396,0.1797,0.0154,latin,36
1.5126,-1.1076,-1.2228,edm,36
-1.8391,-0.3455,0.3376,rock,36
0.2202,1.293,0.8803,latin,36
-0.5792,2.8769,-0.7742,r&b,36
-0.6307,-0.1288,-1.169,r&b,36
0.5323,0.4347,-0.8136,rap,36
-0.2957,0.2311,-1.6524,rap,36
-1.5565,1.9418,-0.1279,rap,36
-1.2107,3.1007,-2.1158,rap,36
0.3198,1.1167,0.4906,edm,36
-1.9159,0.1682,0.8608,r&b,36
-0.4432,-0.3028,-1.0216,pop,36
0.1978,-0.1882,-0.3008,edm,36
0.7292,0.7856,-0.7968,edm,36
-0.0935,0.4942,-0.3511,rock,36
-0.0459,-0.8632,0.2879,rock,36
0.554,-2.2407,1.9848,edm,36
0.924,1.0576,-0.2433,edm,36
-1.9704,-0.2737,0.57,pop,36
-2.0298,-0.3492,0.6282,rock,36
-0.8273,-1.273,0.0397,rock,36
1.8979,-0.6626,0.0137,latin,36
-0.5752,1.2636,-0.2784,pop,36
-1.8201,0.0769,-0.2305,pop,36
0.8528,1.7007,1.2481,latin,36
1.517,0.6467,0.0932,latin,36
-1.186,1.4899,0.3894,r&b,36
-1.0128,1.1764,0.1093,rock,36
1.5733,0.9323,0.9129,latin,36
-0.1227,-0.5611,0.8621,pop,36
-5.5323,-1.1849,-0.289,edm,36
-0.7754,-0.0148,3.3825,latin,36
0.1833,-0.0329,1.2116,r&b,36
1.1019,1.2117,1.2232,latin,36
-1.2218,0.3902,0.3883,r&b,36
-0.8871,0.7494,0.4045,latin,36
-2.0563,-0.0437,-0.6471,rap,36
-1.306,0.9058,0.6035,rap,36
-0.0427,-0.1171,0.1168,rap,36
0.7675,1.9059,0.6818,r&b,36
0.9703,1.4825,-1.8657,r&b,36
-1.8516,0.4026,-0.1636,r&b,36
0.6439,1.707,-0.4249,r&b,36
-0.6339,-0.3123,0.0397,edm,36
-0.0253,0.095,2.7631,edm,36
1.9718,-1.1319,-1.0931,rock,36
-0.0541,1.8831,0.4129,r&b,36
0.6934,2.2502,0.0864,r&b,36
-0.8773,-3.4436,2.2917,edm,36
-1.7787,0.3446,1.2857,latin,36
-0.0193,-2.2137,2.6702,pop,36
1.543,-1.2935,-1.5667,r&b,36
-0.9267,-0.9474,0.4673,pop,36
-1.3933,1.4348,-0.0045,r&b,36
-0.0914,-0.7504,-0.227,edm,36
0.6332,0.1171,0.0699,latin,36
0.6984,0.1164,0.094,latin,36
-0.0124,2.1434,-0.1292,r&b,36
0.348,-2.2935,3.241,edm,36
-2.8875,-0.9596,0.3711,edm,36
-3.7804,0.1389,-1.0891,edm,36
2.6632,-1.7545,-1.8354,rock,36
-0.0588,0.4724,0.7491,rap,36
-3.7093,0.2072,0.0764,r&b,36
1.3335,-1.562,2.1267,r&b,36
0.8982,-1.0838,-0.058,rap,36
-2.1734,1.9609,0.2241,rap,36
0.3594,0.7872,1.2633,r&b,36
0.8462,-0.2599,-0.1279,edm,36
1.7456,0.296,-0.3966,latin,36
0.1754,0.7911,0.0066,r&b,36
0.1679,-1.2776,-0.4614,r&b,36
1.24,-1.2062,1.445,edm,36
1.1128,-0.7867,-0.5309,edm,36
2.525,-3.6007,-1.8703,edm,36
0.6405,0.1277,1.3466,r&b,36
-1.791,1.1928,0.2366,rap,36
0.5239,-0.6665,0.3607,r&b,36
-0.3708,1.9866,-0.2761,rap,36
-0.6004,1.2045,0.2929,rap,36
0.1255,0.3997,-0.8179,rap,36
0.1215,-0.4489,-0.6395,r&b,36
-1.675,0.0099,0.4833,r&b,36
-0.5508,0.1275,-2.811,rap,36
-1.7912,-1.0987,-0.7772,rap,36
-1.4928,-0.4633,0.7088,r&b,36
0.216,-3.2008,-0.7451,rock,36
-1.2245,-0.0618,1.224,r&b,36
-1.2211,-0.6559,-0.1832,r&b,36
0.8882,-2.0255,2.2406,edm,36
-1.8304,1.3424,-1.1381,edm,36
-1.8789,-1.7531,0.4696,edm,36
0.0985,-1.339,-1.2959,pop,36
-0.8775,1.2302,0.0004,latin,36
0.6082,-0.217,0.1592,rock,36
1.1131,0.6358,0.7461,rock,36
-0.1702,0.3864,-0.0818,r&b,36
0.3177,-0.8275,0.2476,pop,36
0.785,-0.1292,-0.4007,pop,36
-0.7189,1.5169,-0.5429,r&b,36
0.282,2.1455,-1.2849,r&b,36
1.0264,-0.5853,0.7272,pop,36
-0.2687,1.1927,2.0324,r&b,36
1.4702,-1.2298,-0.655,rock,36
2.0675,-0.7226,-1.174,edm,36
1.2809,0.0475,-2.2791,edm,36
-2.3497,-0.1725,1.1908,r&b,36
-1.1771,2.8401,-1.5361,r&b,36
0.2419,-0.3939,0.2722,rap,36
-3.3591,-2.6157,1.7391,rap,36
-1.4375,2.1007,-0.0893,rap,36
-0.8532,1.0232,1.0608,rock,36
-0.8499,-3.1911,2.7681,rock,36
-1.0685,0.3885,0.7699,r&b,36
-1.3497,0.7306,-2.8456,rap,36
-0.1091,-0.2564,-1.4835,r&b,36
-2.5168,0.9399,-1.0167,rap,36
0.936,0.192,-1.051,r&b,36
-0.5473,-0.287,2.8202,r&b,36
0.6494,-0.1678,0.2343,pop,36
-1.1816,0.1255,0.4954,edm,36
-1.9289,-0.6772,2.0917,rock,36
0.5775,0.8706,1.3218,r&b,36
-1.4291,2.0458,-0.8849,r&b,36
0.4966,0.9186,1.7333,r&b,36
1.61,-1.6238,-0.7951,edm,36
-1.3547,1.0055,-2.2754,r&b,36
-1.6201,-0.0767,1.5786,r&b,36
1.0707,-0.6111,-0.8314,rock,36
-0.4613,-1.044,-0.6715,edm,36
0.9984,0.1603,-0.102,edm,36
2.2731,-0.0276,-0.5556,edm,36
-0.0776,2.0115,0.2642,pop,36
1.2095,1.067,1.0066,pop,36
0.7613,-1.3383,-0.6438,edm,36
0.5553,-1.2693,0.9645,rap,36
0.6822,-1.1903,0.4757,pop,36
0.4126,-0.9924,-0.7405,pop,36
-1.4935,2.0416,0.573,latin,36
0.0674,1.7939,0.6523,latin,36
1.3575,-0.7551,1.1982,edm,36
-5.6107,-1.2787,0.6737,rock,36
1.7872,-0.5176,0.001,edm,36
0.7248,0.0773,0.554,pop,36
0.5618,-0.8895,0.1931,rock,36
0.8858,1.4789,0.5089,pop,36
0.8252,-0.7431,-0.3003,edm,36
1.67,-1.6722,-1.1389,rock,36
-0.807,0.4847,-0.729,edm,36
0.1689,-1.719,-0.3188,edm,36
0.0586,1.0551,0.7665,latin,36
-1.2347,0.4068,-0.7461,latin,36
-0.826,-0.5919,0.6547,pop,36
0.3848,1.3527,-1.2809,pop,36
2.4871,-1.6213,-0.8514,rock,36
-1.7212,-0.1279,0.492,rock,36
0.5792,-0.1713,0.5618,pop,36
1.5434,-1.094,-1.8497,edm,36
-0.5224,1.0559,0.697,rap,36
0.5821,0.6792,-0.9635,rap,36
-1.5683,-0.2652,-0.9959,r&b,36
-2.2059,-0.6991,0.5878,r&b,36
0.117,-0.5953,-1.9412,rock,36
0.5635,-0.6162,-0.6908,rock,36
-2.9424,-0.1736,-1.5891,rap,36
1.5912,0.6675,-0.7192,rap,36
-2.4083,0.8251,0.401,rap,36
-2.5271,0.8648,-0.5641,pop,36
-0.4087,-0.3363,0.3957,rap,36
-0.8815,0.3824,-1.1265,rap,36
1.0313,0.111,0.1535,edm,36
0.2342,-1.0147,0.4178,r&b,36
-0.3441,2.2295,0.78,latin,36
0.2459,1.7353,-1.2504,rap,36
1.4293,-0.9261,-0.2324,rock,36
-2.9998,1.5704,-1.0153,latin,36
-1.2133,1.9957,0.7607,latin,36
-0.5719,0.5096,0.9773,rock,36
2.8377,-1.4547,-1.3949,rock,36
1.5649,-0.0818,-2.5539,r&b,36
1.3229,0.2325,0.163,edm,36
2.0466,0.5427,-1.3398,latin,36
1.1155,-0.4379,1.2297,edm,36
0.1854,0.1903,0.6948,rock,36
0.9921,-0.4514,0.7555,pop,36
1.2679,-0.2349,0.2578,rap,36
-0.7434,-0.2154,-0.9433,rap,36
0.573,-0.8457,-3.1666,rap,36
0.23,1.7255,0.4114,edm,36
0.1428,0.1561,0.2561,pop,36
-0.5498,1.9103,-0.7351,rap,36
1.356,-3.0745,-0.5257,rock,36
-0.3735,-1.902,1.1685,latin,36
0.6082,-0.3632,2.836,edm,36
-0.1423,1.6111,-1.1961,r&b,36
0.6203,0.7223,1.8899,r&b,36
-0.6462,0.6531,-0.8122,r&b,36
0.1533,-0.2387,-0.314,pop,36
1.3452,0.8911,-0.1853,edm,36
-2.7562,-2.0941,-0.8284,pop,36
1.0598,1.154,-1.298,r&b,36
1.2388,-0.4363,0.1424,rap,36
-0.8788,0.3497,-0.6324,rap,36
-1.4611,0.4815,0.2157,latin,36
-0.3328,1.7694,1.2504,rock,36
-0.7428,-1.6788,-0.1391,rock,36
1.977,-0.0651,0.4613,rock,36
-0.3517,0.7591,0.8508,latin,36
-0.0233,0.3945,-3.2899,rap,36
0.0073,0.4802,1.9064,edm,36
-0.4434,1.855,0.5686,edm,36
2.306,-1.4541,-1.0971,rock,36
0.3747,-0.4861,0.0742,pop,36
-0.8146,-2.1115,2.8538,edm,36
0.9373,0.2566,0.4351,edm,36
1.9605,-0.6254,0.6327,edm,36
0.4932,0.6208,-0.6351,latin,36
0.7854,1.6432,-0.6353,edm,36
1.7024,-0.4954,-0.419,edm,36
0.9828,1.8689,0.9796,rap,36
1.3018,-0.9183,-0.9673,edm,36
1.5005,0.29,0.8079,rap,36
0.6131,-1.9297,-0.9061,rock,36
0.5693,-0.3635,0.4692,latin,36
0.1224,-0.966,1.8509,latin,36
-0.4769,0.9919,1.6115,r&b,36
-0.0399,0.0109,0.3258,edm,36
0.6199,0.5427,1.1987,edm,36
1.6061,-0.2077,-2.4628,rap,36
1.3142,-1.3667,-1.0297,edm,36
0.9322,1.2954,-1.098,latin,36
-2.5396,-0.7009,-2.7122,latin,36
0.8877,-2.6906,0.3648,rap,36
1.6111,-0.2955,0.143,edm,36
0.1382,0.3096,-0.7392,edm,36
0.6375,0.0701,1.1738,edm,36
0.2456,1.6726,-1.3871,edm,36
0.2804,0.7506,-0.0012,r&b,36
-2.3883,0.3366,-0.3796,edm,36
1.3621,-1.9931,-0.5815,edm,36
-0.6756,-0.55,-0.0498,pop,36
-1.1531,1.2572,0.9852,latin,36
-0.2762,-0.1368,0.5886,r&b,36
1.8956,0.5666,-2.8008,edm,36
1.6527,-1.8438,0.6098,rap,36
2.0961,-0.6932,-1.2364,rap,36
-0.2046,-0.1838,-0.4865,rap,36
-2.1379,2.5441,0.175,rap,36
-1.3075,0.897,0.9639,r&b,36
0.2655,1.6228,1.0684,r&b,36
1.4126,0.5798,-0.2338,edm,36
-1.2851,0.82,-0.8743,latin,36
0.9471,1.2573,1.318,latin,36
0.3479,-0.7576,-2.0146,rap,36
-2.2019,1.3953,-0.2966,r&b,36
1.2329,-2.4799,-0.1,rap,36
-0.2385,0.0627,-1.0939,rap,36
0.694,-1.1698,-0.4817,edm,36
1.3741,-0.4337,0.5666,edm,36
-0.2058,2.2548,0.3312,latin,36
-0.0464,-0.2754,-0.5668,r&b,36
-3.614,0.6102,-0.4994,r&b,36
0.2967,0.5635,0.3961,r&b,36
-1.2664,2.1744,0.383,pop,36
-3.7957,-0.5454,-1.9493,r&b,36
0.1151,1.1501,-1.0102,rap,36
-2.5463,1.6011,-1.2735,r&b,36
0.8057,-0.4641,1.1102,edm,36
0.9498,0.5018,0.3455,pop,36
0.4165,0.6541,-0.2153,pop,36
-0.1634,-1.2967,2.9537,edm,36
-0.3351,0.5824,1.4643,pop,36
1.8455,0.1324,-0.0971,edm,36
1.2262,-0.7329,-0.1072,edm,36
-2.8552,0.0517,-0.2661,r&b,36
-0.8542,0.2801,-0.1024,latin,36
-0.5156,-0.1476,0.3652,pop,36
-3.2719,0.7019,0.2713,r&b,36
0.406,-0.0067,-0.3255,edm,36
0.0834,-1.0507,-1.4746,rap,36
0.6621,-0.2806,0.6345,edm,36
1.5485,-0.609,-0.8808,edm,36
2.0251,-0.7925,-0.8676,edm,36
1.0002,1.5798,0.8792,latin,36
-2.6666,-0.9609,0.4307,edm,36
-0.1237,-0.5066,-1.6199,pop,36
2.0023,0.48,0.1657,edm,36
1.4262,0.2212,-1.3179,edm,36
0.1747,-0.2744,0.6604,latin,36
-0.4068,1.2155,0.7337,r&b,36
0.9942,0.6085,0.8561,pop,36
0.5915,-1.4298,-0.5228,edm,36
1.9746,-0.4377,-1.48,edm,36
-0.2344,0.8937,-1.034,rap,36
-1.3442,0.7959,1.3255,pop,36
1.3181,0.7384,-0.1001,rap,36
-0.2129,-0.6451,-0.8229,r&b,36
1.5917,1.395,0.4546,edm,36
1.55,-1.056,-0.9133,edm,36
0.6873,-0.0659,0.413,latin,36
1.7423,-0.9034,-1.0604,edm,36
1.6967,-1.3199,-0.4028,rock,36
1.6514,-0.1658,-0.5096,rock,36
1.2832,0.7833,0.8153,edm,36
-0.7099,-0.8803,-0.8492,latin,36
0.5239,-1.551,-0.7776,r&b,36
0.1175,0.501,0.0,r&b,36
-0.4033,-0.919,-0.8253,r&b,36
-0.2487,1.5731,-0.0317,latin,36
-4.9532,0.7161,0.981,r&b,36
-0.7265,0.5795,1.5061,edm,36
-0.4024,2.3323,0.2813,latin,36
-0.505,-0.4936,0.834,pop,36
-0.6405,0.9032,0.8642,rap,36
0.8833,1.2555,-0.3429,latin,36
1.791,-1.646,-0.1971,rap,36
-0.8936,-1.7042,0.723,r&b,36
1.8643,-0.866,-0.0562,edm,36
1.2468,0.387,2.4704,edm,36
0.5951,-0.7109,0.934,edm,36
2.4558,-1.5329,-1.2775,edm,36
0.7928,-0.839,0.9485,rock,36
0.7151,-1.3827,3.0677,edm,36
0.626,0.8061,0.8182,latin,36
0.7597,-0.6111,0.7259,edm,36
0.9927,-0.2641,0.0253,r&b,36
0.1076,0.9725,-0.963,latin,36
1.3447,-0.0367,1.0557,rock,36
1.5969,-1.3759,1.512,edm,36
-0.6337,0.8222,0.4057,latin,36
-1.3523,0.5687,-1.1355,pop,36
-0.3316,-1.1209,-1.3971,edm,36
1.19,-0.1849,-0.6348,rap,36
-0.3881,1.6592,0.5053,r&b,36
0.4697,-0.323,-0.3402,edm,36
0.6532,-0.3246,0.4564,edm,36
-0.7273,0.3079,-0.2327,latin,36
0.8716,-2.5346,1.2289,edm,36
1.1681,-1.7925,0.2356,edm,36
-0.387,1.1148,-1.4149,pop,36
1.5206,-1.9939,1.946,edm,36
-0.7389,1.0527,0.7498,r&b,36
-3.2573,1.4215,-0.2849,latin,35
-0.3614,2.0143,0.6453,edm,35
0.687,-0.0641,0.5938,pop,35
1.0745,1.2607,0.7569,r&b,35
-1.0644,-0.2603,-1.3994,rap,35
1.4471,-0.3179,-0.4154,rap,35
0.6349,-1.0819,-0.6072,rap,35
1.1058,-0.7929,0.4557,edm,35
1.0592,0.7557,-0.669,latin,35
1.8121,0.9335,1.0032,pop,35
-2.6981,-0.8347,-3.6835,pop,35
-2.8061,-0.9684,1.4958,r&b,35
-0.1719,0.5343,0.995,rock,35
1.1615,-0.3156,-0.6341,edm,35
0.0925,-0.1558,2.0324,edm,35
-1.2479,1.346,-0.3359,r&b,35
-2.3044,2.4778,0.4247,rap,35
-6.3794,-1.3987,0.617,pop,35
-3.299,0.2929,-0.7897,r&b,35
-2.4533,-0.8289,-1.0509,r&b,35
1.3947,-1.1702,-0.9341,edm,35
-0.7901,0.7863,0.9874,r&b,35
0.8222,1.1616,-2.7502,latin,35
0.6759,0.8086,1.2869,latin,35
-3.0764,-1.211,-0.3791,rock,35
-1.0761,-0.1786,-0.1558,pop,35
0.4545,0.5516,-0.9686,r&b,35
0.1214,-0.2269,-0.3592,latin,35
-0.0764,-0.3855,0.5902,latin,35
1.3759,-1.7027,0.3628,rock,35
1.3706,-0.1904,0.1173,pop,35
-0.6911,0.5371,0.3982,latin,35
-1.7728,-0.6195,-0.8739,r&b,35
-3.5439,-1.2126,-1.0264,r&b,35
-0.4508,-0.9091,-0.3906,r&b,35
-0.0077,0.4164,-0.6887,r&b,35
-2.5938,-0.4873,-0.793,r&b,35
-0.8796,1.6051,1.5049,latin,35
0.2735,1.3036,-1.5571,r&b,35
0.8196,0.6187,-0.7254,pop,35
-3.9919,-0.1475,0.5991,r&b,35
-1.3185,-0.5596,1.1714,rap,35
1.663,0.3387,-0.2145,edm,35
1.3724,-0.6233,-0.1609,pop,35
0.2702,1.0429,0.8261,latin,35
0.5324,-0.2438,-0.1176,edm,35
0.4203,-0.3003,-1.6662,latin,35
-3.3265,-0.4037,1.875,r&b,35
0.2914,-1.9875,2.8588,edm,35
-4.2324,-1.8071,-0.4528,r&b,35
-2.6767,-0.4753,-0.4214,r&b,35
-1.3548,-0.381,-1.4314,r&b,35
0.3846,0.8067,0.5535,latin,35
0.9605,0.1531,-0.0483,pop,35
1.0849,-0.3624,-0.5065,pop,35
1.046,1.496,0.9016,latin,35
1.2269,-1.2074,0.4956,rap,35
0.5377,-1.6168,-0.7261,latin,35
1.2359,1.1502,0.1653,edm,35
0.3309,0.411,1.1335,pop,35
-0.7104,0.0032,0.6652,edm,35
1.7313,-0.7283,-0.432,rock,35
-0.4235,0.4429,1.0059,r&b,35
1.4429,-0.6918,-0.6846,edm,35
0.5485,0.2643,-1.3322,pop,35
1.5721,-1.056,0.4706,rock,35
-0.327,0.7712,0.4858,rap,35
-0.3649,-1.6703,1.3422,rock,35
-0.6046,-0.9179,-0.8496,edm,35
1.1031,-0.2638,0.1529,edm,35
1.6545,-1.4012,-0.4546,r&b,35
0.772,-0.0778,0.7834,pop,35
1.2576,2.2113,0.9533,latin,35
0.698,0.2925,0.6372,pop,35
-1.146,1.6122,0.7289,rap,35
0.98,-1.0707,-0.7209,edm,35
0.9132,1.6187,0.2893,rap,35
1.1645,1.7545,-0.0203,edm,35
-1.1113,-1.5662,-1.6357,pop,35
0.3266,-2.0352,4.1978,edm,35
1.3146,-0.8988,-0.0101,edm,35
-0.3838,0.9533,-0.4802,latin,35
-0.4246,-1.7675,2.0196,edm,35
0.9418,-0.3635,0.1889,edm,35
0.5385,0.2317,-0.9311,edm,35
0.8961,1.0038,0.5182,pop,35
1.3234,-1.5681,2.1748,edm,35
0.0643,-1.9744,3.5911,edm,35
-6.4914,-2.5092,-0.1601,r&b,35
0.6877,0.4371,-0.0882,pop,35
-1.2214,-0.3424,0.9394,r&b,35
-0.7352,-2.3336,-1.6508,rap,35
-0.0978,-0.6398,-0.3185,edm,35
-0.9731,0.4896,-1.6165,rap,35
-2.2049,-2.0488,-1.8432,edm,35
0.9234,0.2204,0.1465,edm,35
1.4807,-0.9753,1.2357,edm,35
1.5757,1.2229,-0.8899,edm,35
-2.4614,1.1498,-0.1798,pop,35
1.7357,-1.1724,-0.9577,edm,35
0.4499,1.3325,0.2029,latin,35
-1.6485,-1.3693,-0.3281,r&b,35
1.58,-1.8455,-1.0937,pop,35
0.3921,1.3867,0.2362,pop,35
1.2492,1.453,0.8393,pop,35
-0.5572,0.7895,-0.4308,r&b,35
-0.219,0.0154,-0.1046,latin,35
1.5786,0.5096,0.0931,rap,35
1.2049,-0.2226,2.7812,edm,35
1.2638,0.3472,1.038,edm,35
-1.637,1.7034,0.6848,latin,35
1.5098,-0.4956,0.2834,pop,35
1.3821,-0.0264,-0.2012,edm,35
0.831,-0.0473,-0.1114,r&b,35
1.6517,-0.8104,-0.8631,rap,35
1.1108,-0.129,1.2149,rap,35
0.0482,2.19,-0.891,r&b,35
0.9815,-0.2434,0.1903,latin,35
-0.0931,0.1356,-0.9839,latin,35
1.3617,-1.4062,-0.6213,r&b,35
0.2392,-0.3986,0.4602,pop,35
0.5854,-0.5684,-0.2486,pop,35
1.9442,1.0957,1.2141,edm,35
1.3461,-2.1817,-0.0521,rock,35
1.2405,1.3792,-0.547,latin,35
1.9318,-2.0248,-1.3436,r&b,35
-0.7201,0.2462,0.1835,r&b,35
0.5284,-0.2137,-0.3522,edm,35
-2.2042,-1.5513,-1.2613,r&b,35
-3.5075,1.7471,-0.6085,rap,35
-0.2741,1.1587,0.9456,r&b,35
-0.8717,-0.492,1.5104,rap,35
-1.6437,-0.9069,0.9939,r&b,35
0.6931,1.2003,0.7648,rap,35
1.6264,-2.0057,-1.2581,rap,35
0.236,0.1408,1.5009,r&b,35
0.7047,2.7442,-0.2643,rap,35
-0.6743,-2.0935,0.4541,edm,35
1.4659,2.0943,-1.808,latin,35
1.345,-0.0025,0.3229,r&b,35
-1.9133,-0.8372,-1.5352,pop,35
0.7569,-1.2413,-0.043,edm,35
1.1205,-1.4309,-0.0125,edm,35
1.0714,-0.7232,0.8998,rock,35
1.2251,0.406,-1.1369,edm,35
0.8367,-0.2933,3.139,edm,35
-3.527,-0.2442,-0.4787,rap,35
-2.1014,0.9676,-0.3673,latin,35
1.4466,1.1714,0.5185,latin,35
-3.0473,-0.5412,-0.2059,pop,35
-2.3749,-1.4481,0.5524,edm,35
0.929,-1.4881,1.8081,latin,35
0.3336,-0.1953,0.0634,latin,35
-2.3683,1.0228,0.1897,rock,35
1.0561,-1.7692,-0.6897,edm,35
0.7068,0.7351,-2.2175,rap,35
1.6464,1.5664,0.5249,rap,35
-1.9858,-1.2671,-0.1558,pop,35
0.3704,0.8787,0.4778,pop,35
-0.0807,0.6573,-0.2166,rap,35
1.4684,0.043,-0.1401,edm,35
2.4558,-0.8831,-0.9558,rap,35
2.044,0.8386,-0.1117,rap,35
-0.8501,1.1065,0.2418,rap,35
1.1388,-1.0699,-0.5143,pop,35
0.8142,-0.0939,-0.5211,edm,35
0.1397,1.2584,0.847,rap,35
0.5901,0.4222,-0.8268,rap,35
2.325,0.6462,-0.9289,edm,35
0.8904,-0.7768,0.8735,edm,35
-2.6818,-2.7887,-0.5006,pop,35
0.9093,2.9482,-0.1302,latin,35
0.398,-1.8587,1.9024,rap,35
0.8021,-0.8062,0.4232,rock,35
-0.3906,3.2395,-1.7371,rap,35
-1.3117,-2.92,2.879,r&b,35
-0.5302,2.8909,-0.8147,rap,35
0.9526,0.6295,-1.5121,rap,35
1.8712,-0.2398,-0.1049,edm,35
0.8676,1.028,0.4226,edm,35
-0.0014,0.819,0.8211,r&b,35
-1.051,1.1762,1.0088,rock,35
0.0467,-0.2335,-0.0714,rap,35
-1.9689,-1.3001,-0.8475,rap,35
0.8084,0.4187,-0.1669,pop,35
-4.1096,-1.566,-0.1536,pop,35
1.4541,-0.6475,-0.2412,rock,35
0.0725,-0.102,1.2246,rap,35
0.9981,-0.7286,-0.9269,rap,35
0.7716,-0.15,0.2893,pop,35
1.0228,0.9186,0.4155,pop,35
1.1987,-0.7587,-0.475,rap,35
-1.4814,0.2685,0.2788,r&b,35
-1.707,-0.0368,-0.6244,r&b,35
1.5548,-0.0667,-1.9772,r&b,35
2.0205,0.7596,0.256,r&b,35
2.2806,-0.1616,-0.0867,edm,35
1.6109,-0.9384,-1.3421,edm,35
1.2827,-0.2991,-0.5658,pop,35
2.0742,-1.3618,-1.4736,rock,35
0.0551,0.1466,1.7263,rock,35
-1.1657,0.6683,0.0666,latin,35
2.272,-2.5147,-1.5307,rock,35
1.171,-1.8506,-0.3012,edm,35
-0.1914,-0.0115,-0.9317,rock,35
0.0602,0.9032,0.2984,rock,35
0.4526,-0.2201,-0.1007,rock,35
0.4494,-0.1442,0.437,rock,35
0.3949,-0.1757,0.0828,pop,35
1.2945,1.2554,1.6796,edm,35
0.551,-0.7881,0.1269,r&b,35
-4.35,-3.6315,-2.4558,rock,35
-2.4835,-1.6689,-0.4135,rock,35
-3.632,-2.8861,-1.7536,rock,35
0.5884,-0.4871,-0.7119,edm,35
1.6112,-0.3745,-0.5747,edm,35
-0.5318,-2.5648,0.6289,rap,35
-1.7596,-1.3708,0.3196,pop,35
-1.3692,0.113,0.3993,rock,35
-3.54,1.0025,0.8998,rock,35
0.5416,0.3375,0.4096,pop,35
-5.2546,-0.9986,-0.1331,r&b,35
-0.4988,1.65,1.0839,rap,35
1.2293,-1.2942,-1.1912,rock,35
0.8145,0.9379,0.6893,pop,35
1.2166,0.5062,0.346,r&b,35
-0.0996,-2.2922,-1.194,edm,35
0.6544,-1.0543,1.2997,edm,35
-0.2954,0.159,-0.0327,rap,35
0.5233,2.5653,0.1164,edm,35
1.2155,0.0614,-0.2671,rap,35
0.0722,0.3201,-1.4151,rap,35
-2.2631,-0.0783,0.4289,r&b,35
-0.1076,-0.1736,1.4931,r&b,35
-0.1583,1.4281,0.3365,rap,35
-0.1524,0.221,-0.7515,rap,35
0.1104,-0.1227,0.9475,rock,35
-0.199,1.838,0.0526,rap,35
1.0418,-2.6007,2.1231,edm,35
1.5681,-1.1938,0.2059,edm,35
1.1906,-1.481,-1.9147,edm,35
1.6744,-0.9323,0.4754,edm,35
2.1077,-0.8622,-0.3275,rock,35
-0.374,0.0757,2.4348,rock,35
1.4964,-1.0167,1.662,edm,35
-0.0162,1.8422,-0.1007,rap,35
-1.0291,1.0875,0.1368,rap,35
-2.8088,2.0408,-0.5931,rap,35
0.343,-0.9242,0.3322,rap,35
1.6083,-1.7279,-0.7066,rap,35
1.4046,-0.7015,-1.3771,rap,35
-1.7542,-3.0785,-0.5319,rap,35
0.4494,-2.4358,-0.0975,rap,35
0.917,0.8396,0.0314,rap,35
1.1123,-0.8177,-0.9253,rap,35
1.1783,-0.2804,0.0366,rock,35
-1.4438,-0.939,0.057,latin,35
1.4151,-0.8508,-1.0454,edm,35
2.2516,-0.5888,-0.5597,pop,35
-1.1584,1.6987,-3.1256,rap,35
1.8047,-0.4247,-0.3378,edm,35
-0.4724,1.9764,0.22,latin,35
-0.5702,-0.435,-0.0041,rock,35
1.9622,-1.0445,-0.7045,rock,35
0.5332,-0.4222,-1.0894,rock,35
-1.8271,-2.0254,-0.558,rock,35
1.1289,-0.9087,1.6038,edm,35
-0.6454,1.6885,1.7239,rap,35
1.69,1.2161,1.4422,rap,35
-0.7221,-0.8225,0.2755,rock,35
1.3115,-1.7302,2.283,edm,35
0.5011,-1.9373,1.2619,latin,35
0.5624,0.6282,0.1566,latin,35
1.1195,-0.3781,-2.7903,rap,35
-1.6859,-0.1143,-0.2139,latin,35
0.328,-2.5539,0.4261,rock,35
0.7192,-1.1276,0.9733,rock,35
-0.9556,0.5114,1.3894,r&b,35
0.0992,-0.2405,0.4769,rap,35
-2.1087,0.7329,-0.2647,rock,35
1.297,-0.4585,-0.1865,pop,35
-3.4738,-1.2305,-2.4947,rock,35
-0.5755,1.8113,-0.6233,edm,35
1.114,0.0141,1.4166,edm,35
-2.5857,-2.3018,0.1149,rock,35
0.3065,0.043,-0.0677,rap,35
-0.9308,0.9565,0.9339,rock,35
1.3126,0.8542,-0.1882,latin,35
0.342,-1.8458,1.5735,edm,35
2.1544,-0.1898,0.7097,rock,35
-0.2446,1.2186,1.8021,rap,35
0.514,1.4891,1.4971,rap,35
0.8142,-1.4601,-1.4264,r&b,35
-1.0732,0.4009,0.0681,latin,35
1.7036,-1.1217,-0.8059,rap,35
-1.6334,-0.0703,-0.7954,rap,35
0.5307,2.9756,-0.0151,r&b,35
1.0841,-1.748,-0.9571,rock,35
-1.7131,1.7309,-0.5697,latin,35
0.664,1.4745,1.3681,r&b,35
-3.1194,0.7738,0.9512,rap,35
1.2298,-0.0141,1.5398,edm,35
0.2851,1.0394,0.4784,latin,35
-0.8852,-0.6355,-0.1513,rap,35
-0.8114,-0.3618,-0.2381,edm,35
0.3993,-1.3308,-1.3812,rock,35
-0.4473,1.7366,-0.4213,rap,35
0.7632,0.5339,1.9333,edm,35
-4.3046,-0.8957,-1.0783,rap,35
-0.6558,1.1175,0.3548,edm,35
0.0692,0.4389,1.2728,r&b,35
-1.7389,0.0477,0.325,rap,35
-0.2412,0.5422,0.9762,r&b,35
-0.8621,0.9065,1.574,r&b,35
1.194,-0.904,-1.4088,pop,35
0.3884,1.1253,0.6122,pop,35
-1.522,-0.5106,1.2993,latin,35
-2.2927,-0.709,0.1679,rock,35
0.9384,0.5166,0.8054,r&b,35
-1.5427,-0.8449,-1.0171,pop,35
0.6139,-1.4713,0.1576,latin,35
0.0867,1.0569,-1.2852,rap,35
-1.902,-0.3781,0.4447,r&b,35
-1.9387,0.9829,0.0506,r&b,35
1.543,-0.2169,-0.0473,rock,35
0.2328,0.56,-0.0098,latin,35
-1.6024,1.3979,0.8563,r&b,35
-0.5732,-0.6157,0.4598,edm,35
0.38,0.2096,-0.1468,edm,35
2.8708,-4.1006,-1.1663,rock,35
-1.0835,-1.9763,-0.296,rock,35
-0.4845,1.5738,0.7796,r&b,35
-1.2212,2.2744,-0.5535,r&b,35
-0.4872,0.4622,-0.0509,latin,35
-0.9953,1.7625,-0.8997,latin,35
0.2106,0.3213,0.5068,latin,35
1.066,1.7608,0.2828,edm,35
2.2048,-1.2726,-1.3695,edm,35
1.5434,0.158,-0.0754,edm,35
-0.2998,0.5301,0.8154,rap,35
-1.3297,0.7876,1.7079,edm,35
0.8549,-1.8598,0.3111,pop,35
-0.75,-0.0845,2.0313,latin,35
0.541,0.6842,1.1149,rap,35
1.902,-0.7234,-0.1997,rock,35
-0.8558,-0.9906,1.278,latin,35
0.8354,0.9516,0.0829,latin,35
0.4812,1.5946,-0.9406,r&b,35
-0.9019,0.6701,-0.0251,rap,35
0.251,0.4493,1.4139,r&b,35
1.1304,1.4192,-0.8994,rap,35
-0.8569,0.9278,0.864,edm,35
0.2102,3.204,-1.3058,rap,35
-0.0865,1.2216,-0.9069,rap,35
0.4692,-2.8841,1.7767,pop,35
-1.2517,0.3881,0.6733,r&b,35
1.8896,-0.7464,-2.7472,edm,35
-0.1883,-1.0233,-0.7159,pop,35
0.0678,-0.6235,0.5787,rock,35
0.079,1.6703,-0.3838,rap,35
0.2856,0.7652,-0.6751,latin,35
1.2877,0.1981,0.1472,latin,35
0.6185,0.6856,0.4447,rap,35
0.2096,0.7122,-1.2225,latin,35
-0.1855,-0.2942,0.9569,latin,35
-0.7424,2.399,-0.6356,edm,35
-0.3222,0.8065,-1.0454,rap,35
-0.3834,0.7012,0.1577,latin,35
-1.1128,0.2414,0.0174,latin,35
0.7517,0.7869,-2.2586,edm,35
2.1914,-0.109,0.238,rap,35
0.6794,0.9227,-1.9095,latin,35
-0.4504,1.5672,0.1449,latin,35
1.1299,-1.1164,1.826,pop,35
0.4771,-0.003,1.1424,edm,35
1.3066,-0.3689,0.3544,edm,35
-0.5607,-1.2359,3.3192,rock,35
0.2696,0.4534,-0.2695,latin,35
-0.8656,1.4811,1.1233,rap,35
0.9348,-1.1493,-0.6967,pop,35
0.3231,0.5812,0.0507,rock,35
-0.4455,2.0142,-1.3144,latin,35
0.2636,0.0762,0.1089,latin,35
-0.7085,-1.076,-1.2981,edm,35
-4.3478,-0.8961,-0.7857,r&b,35
-0.5779,0.1372,0.2051,rap,35
1.8429,-1.1488,0.3603,edm,35
-1.689,0.4216,0.4171,latin,35
1.4193,1.8477,0.9562,latin,35
-0.9579,0.419,0.0397,r&b,35
-0.7587,0.1354,-1.4829,rap,35
-0.9111,0.5756,-1.802,latin,35
1.4207,-0.3503,0.3332,edm,35
0.9387,-1.3791,-0.9017,edm,35
2.2016,-1.0621,-0.6593,edm,35
1.4234,-0.3249,-1.7718,rap,35
1.8557,-0.4238,0.0013,edm,34
0.9922,-0.4511,0.1472,latin,34
1.6157,-0.7862,-0.1712,edm,34
1.945,-1.8063,-0.1228,pop,34
1.4319,1.9889,0.4252,latin,34
-1.1022,1.9158,0.179,r&b,34
0.1632,0.1393,-0.6936,edm,34
0.3437,-0.4769,-1.347,edm,34
-1.5056,-2.7144,1.4936,pop,34
-0.1796,-1.4951,0.4839,pop,34
0.4404,0.5994,2.4813,edm,34
0.6706,-0.1852,0.8977,pop,34
-0.1597,-1.6689,0.4107,pop,34
-0.2706,1.1437,0.2257,rap,34
-0.117,0.1866,-1.6356,latin,34
-3.6238,-0.5869,-0.2757,rap,34
-1.7137,1.4206,1.1531,rap,34
-0.7424,0.7157,0.6521,latin,34
0.2919,-0.9792,-0.2127,edm,34
0.7468,-1.0431,0.2729,rock,34
-0.232,0.4964,-0.1759,rock,34
-0.3446,1.4145,-0.1647,latin,34
1.4058,-0.7317,0.1908,edm,34
0.1442,-0.0335,0.7115,r&b,34
-2.6225,2.5073,-1.6047,r&b,34
0.0665,-0.2741,0.3934,r&b,34
1.8834,0.1985,-0.6442,rap,34
1.4771,2.112,1.6838,edm,34
-2.575,1.9329,0.381,rap,34
0.0484,-0.1209,2.191,rap,34
0.748,-0.8711,-0.5113,edm,34
-0.7485,0.9511,-0.3382,latin,34
-2.6141,0.5133,0.7142,r&b,34
-0.4297,-1.0362,-0.1657,r&b,34
-1.7774,0.4848,-0.4774,r&b,34
0.8176,1.3657,-1.9555,rap,34
0.9968,-0.8762,0.997,rock,34
-2.0278,-1.2133,-1.4337,rock,34
0.543,-1.2471,-1.1445,rock,34
-1.0294,-0.3551,-0.4286,pop,34
-1.7902,0.9101,0.6519,rap,34
-1.9589,-0.3036,0.5344,r&b,34
0.7294,-1.9526,1.5241,edm,34
-3.6962,-0.1255,0.0467,rock,34
0.0021,-0.5177,0.3818,pop,34
-0.505,0.2797,0.0075,rock,34
1.3206,-0.6364,-0.783,edm,34
1.5169,-0.7789,-0.7687,edm,34
2.3868,-1.0178,-2.6935,latin,34
-1.6919,0.6396,-2.2944,latin,34
-0.575,0.3735,-0.1464,rap,34
-1.2183,-0.4816,1.0339,r&b,34
0.056,0.469,0.1562,rap,34
0.8576,-0.8814,-0.1324,latin,34
-2.0273,-1.6006,0.0931,rap,34
0.3811,2.4228,1.4769,rap,34
-0.7795,1.2864,1.9476,rap,34
0.7599,1.0867,0.239,r&b,34
1.787,-0.5321,-2.1629,pop,34
1.7768,-2.379,-1.2352,rock,34
-0.1187,1.6051,0.009,rap,34
-1.6418,0.3779,-0.5599,pop,34
1.0478,0.1067,-0.304,edm,34
-2.2752,-0.9976,-1.2989,rock,34
0.1529,-3.1049,3.9567,edm,34
1.8308,1.42,0.8792,latin,34
1.2201,0.9571,-0.025,rap,34
0.72,0.4326,-0.2253,rap,34
-0.7968,0.8573,0.3202,latin,34
-0.2984,2.3173,0.7908,r&b,34
-0.3235,0.9589,0.6672,rap,34
-0.9582,2.3917,-0.3911,rap,34
0.2336,-1.0266,0.1565,pop,34
-0.1178,1.4748,-0.6537,r&b,34
0.7679,-1.1288,-1.4459,r&b,34
1.0462,0.6989,1.0481,r&b,34
0.6032,-2.0123,0.9754,edm,34
1.6128,-0.7254,0.6847,edm,34
-0.3161,0.1408,0.6787,rock,34
1.684,0.8014,1.3786,edm,34
0.8773,0.99,-0.7812,pop,34
-0.1981,1.922,0.4476,edm,34
1.3401,0.5465,-0.0832,pop,34
1.0888,0.6496,3.0235,pop,34
-0.9553,-1.2641,-1.084,rock,34
-5.4118,-0.7067,-0.5213,rock,34
1.832,-2.3273,-0.4806,edm,34
2.3745,-0.1985,-0.9148,rock,34
1.8069,-0.2176,1.2369,edm,34
0.5176,-0.3995,-0.7231,latin,34
-2.6092,-0.1615,-0.9743,rap,34
-1.7793,1.6941,-1.6469,rap,34
-1.4226,0.2511,-0.2867,latin,34
-1.7772,0.8563,1.165,r&b,34
0.7574,0.3194,0.2934,pop,34
1.1788,-0.1262,-0.7323,latin,34
-5.8964,-4.2954,-0.0932,pop,34
-0.3933,0.6584,0.7627,rap,34
0.8436,-2.2997,-1.5664,edm,34
-0.9016,0.597,0.55,rock,34
-2.3758,0.2047,0.4436,edm,34
1.9269,-0.6022,1.1728,rock,34
-0.5811,0.7813,0.0042,pop,34
-3.2812,0.6215,1.7326,pop,34
2.1085,-0.341,-0.8363,edm,34
0.5307,-0.1209,-2.7434,latin,34
-0.1998,-2.4562,0.6711,rap,34
-1.6313,-0.0194,0.4005,rap,34
0.5865,1.9066,-0.1565,rap,34
0.613,1.3529,-1.0009,rap,34
0.3976,-0.4582,-0.3786,rap,34
-2.5595,-2.337,1.3224,r&b,34
-1.349,2.3346,0.3262,r&b,34
-1.8905,-0.5005,2.2959,edm,34
2.2608,-1.0065,-0.1616,edm,34
1.1652,-0.3089,-0.4808,rock,34
-1.7416,1.111,-0.3325,rock,34
-0.411,-1.9859,0.9227,rap,34
-1.2946,2.8144,-0.2967,r&b,34
-1.6018,-1.4908,0.136,rock,34
-1.006,-1.5586,1.2818,latin,34
0.639,-0.8419,-0.4354,r&b,34
0.898,0.5678,-0.5011,edm,34
1.3959,-0.7516,-0.9448,rock,34
-0.3635,1.6708,-1.1323,rap,34
0.294,-1.7664,-0.3015,pop,34
-0.6968,0.2585,-0.0007,pop,34
-3.8604,-0.1737,-0.4194,rock,34
1.1975,-0.122,1.7394,rap,34
-1.0234,-2.3326,1.6269,rap,34
-1.6827,0.2328,0.0868,pop,34
-2.116,-0.5982,-0.8634,r&b,34
0.5297,-3.8512,1.7667,edm,34
-0.4822,0.4385,1.7414,latin,34
0.4683,0.3795,2.0291,latin,34
0.2218,-0.3003,-0.3847,latin,34
-0.6116,0.6724,1.8169,r&b,34
1.772,1.4074,1.3853,latin,34
-0.7791,-3.7584,-0.607,rock,34
2.3981,0.0928,-1.315,edm,34
2.2371,0.0455,0.0523,edm,34
-2.817,-1.3164,-1.1943,rock,34
-3.2351,-0.6488,-1.6061,rock,34
0.539,-0.2715,0.237,edm,34
-1.4309,-0.4666,0.9099,edm,34
1.9039,-1.2039,-0.2951,rock,34
0.8135,-1.633,2.9013,edm,34
0.806,-3.2214,2.3966,edm,34
1.2233,-2.3815,-1.3984,rap,34
1.3486,1.097,-0.1509,edm,34
-1.15,-0.363,-0.2262,pop,34
0.9782,-1.9254,1.1234,pop,34
0.2001,-1.3313,-0.5292,pop,34
-1.0343,-0.795,-0.8682,latin,34
0.7523,0.2513,0.0671,edm,34
-1.9562,-1.0953,-1.3763,pop,34
0.7097,0.6759,0.0331,rap,34
-0.5514,-1.6073,-0.5751,latin,34
0.9551,1.4053,-1.093,edm,34
1.9842,-0.5996,0.8729,rap,34
-0.8347,0.8457,0.6927,r&b,34
-1.184,0.1371,-0.1793,rap,34
1.159,-0.454,0.641,rock,34
-0.5951,-1.4862,1.9419,edm,34
1.4807,-0.1038,0.0019,edm,34
0.346,1.5047,0.4289,latin,34
1.3452,0.3257,0.0437,edm,34
1.0018,0.2173,0.6588,r&b,34
1.191,-1.2219,0.4322,rock,34
-0.025,0.1209,2.1339,rap,34
1.182,1.0803,-1.0309,rap,34
1.4289,-0.6765,1.2461,edm,34
0.6126,-0.8227,0.9357,edm,34
1.314,-0.2955,-0.5571,edm,34
0.6699,0.6097,0.1631,rock,34
0.2012,-1.3526,-0.1343,rock,34
-1.0605,-0.3525,0.4231,r&b,34
-1.3332,-2.4508,-0.6503,rap,34
0.0957,0.0242,0.3473,latin,34
0.2396,1.2095,-0.0692,latin,34
0.2678,0.5338,-1.9403,r&b,34
-0.056,1.7665,1.6772,latin,34
-1.9307,0.4726,-0.2041,latin,34
-1.3057,-0.4888,-0.6611,edm,34
0.3179,1.2441,0.2823,rap,34
0.5462,1.5728,1.2884,latin,34
1.7004,0.7453,2.1917,edm,34
2.0913,0.1215,1.0065,edm,34
-0.2618,1.1944,0.3028,rock,34
0.3832,-0.9675,-0.0506,rock,34
-2.8468,-2.4913,-0.8847,rock,34
-1.3731,1.3927,0.64,pop,34
-1.1543,-1.2481,1.4201,pop,34
1.5659,-0.3613,-0.2674,pop,34
-3.0257,-2.4558,-1.531,pop,34
0.7432,0.349,-1.2402,rap,34
1.6095,1.3826,0.0527,edm,34
0.0206,1.6872,1.0381,latin,34
-0.5409,0.5115,-0.2383,latin,34
1.6131,-0.9142,2.3013,edm,34
-0.4848,-2.949,0.1784,r&b,34
-0.509,1.106,-0.8588,latin,34
0.1266,0.89,0.0182,latin,34
-0.9721,-0.2727,-0.6973,rap,34
0.4766,1.0437,0.7381,r&b,34
-0.2824,1.9616,-0.2572,pop,34
0.1756,0.4739,-0.2901,edm,34
1.2527,0.0272,0.0031,edm,34
0.3564,0.8664,0.5733,pop,34
-0.3495,0.1308,-0.0669,pop,34
-1.4944,1.1558,-1.6589,rap,34
-0.2486,-0.5419,-2.0638,r&b,34
-0.2609,1.8562,1.0365,rap,34
0.246,-0.152,-0.7094,rap,34
1.145,1.6337,0.683,rap,34
0.8753,0.6651,0.7509,edm,34
0.9664,-1.6513,-0.1619,edm,34
1.7521,-1.5842,0.5849,edm,34
-0.6672,-3.432,3.3194,pop,34
2.0642,0.0537,-0.3176,rock,34
0.0254,0.3782,-0.0503,edm,34
1.7719,-0.1501,0.3865,pop,34
-0.4318,-0.1754,0.3734,r&b,34
1.1992,0.3967,0.0861,edm,34
-0.6816,-0.9912,1.6824,pop,34
-0.7242,0.154,0.1033,r&b,34
-0.6378,-0.2909,0.8136,latin,34
-0.356,1.148,0.2303,latin,34
-0.1454,1.5505,-0.7715,rap,34
1.6831,-0.9988,-0.4033,pop,34
0.9564,-2.542,-0.4874,r&b,34
1.2057,1.6725,0.3532,edm,34
0.6403,-0.4545,-1.0554,pop,34
-0.0392,-2.7456,2.6831,edm,34
-0.5989,-0.101,1.2063,r&b,34
-0.3096,0.2173,-0.2337,edm,34
0.8997,0.7122,0.8322,pop,34
1.4351,0.0989,3.0825,pop,34
0.9195,0.6756,-1.8116,edm,34
2.2314,0.4345,-0.0861,pop,34
1.1957,0.5061,0.7532,latin,34
1.4722,-0.0074,0.9165,edm,34
-1.1839,-0.9501,1.1603,pop,34
-1.5153,-1.0349,-0.8352,latin,34
-1.9154,1.9072,-0.8367,edm,34
1.9193,-1.2398,-1.4355,rock,34
0.9538,-0.6987,-0.3755,edm,34
1.2776,0.5462,0.3686,edm,34
-0.5572,0.9583,0.1405,r&b,34
1.3593,2.3238,-0.6317,r&b,34
2.3084,-1.13,-1.5806,pop,34
-1.0081,1.6336,-1.9867,r&b,34
1.4178,-0.5734,-2.4255,rap,34
-1.1604,-2.3507,4.1521,edm,34
-0.0266,-1.0779,2.7205,edm,34
1.2682,-0.4181,0.0588,edm,34
-0.5742,-0.4232,-1.8829,pop,34
2.3089,-0.8019,-1.3953,rock,34
0.9632,2.7965,-0.3823,rap,34
-1.44,0.6608,1.2017,rap,34
1.2798,0.3293,-1.915,rap,34
-0.3544,0.7986,1.2191,r&b,34
1.6099,-0.0949,-0.1303,edm,34
0.63,1.4422,1.2093,r&b,34
-0.0253,-1.564,-0.253,rap,34
0.8109,0.8745,0.4686,pop,34
0.0612,0.6177,-0.8125,edm,34
-0.2481,-0.7577,2.1391,pop,34
1.4162,0.8541,0.7616,pop,34
-3.3302,0.0404,-0.7873,r&b,34
-0.4104,1.4725,1.1021,pop,34
0.0685,0.0537,1.19,rock,34
-0.3083,0.5429,-0.8822,latin,34
1.3009,-0.9878,-1.3085,rap,34
0.5503,0.4889,-0.8609,pop,34
0.4273,1.4,1.298,edm,34
0.1496,-0.2968,-0.7859,rap,34
-0.3401,0.8641,0.0027,latin,34
-2.7594,-0.8777,-0.241,r&b,34
-2.1946,0.5893,0.4272,r&b,34
-0.8524,1.0664,-1.4106,latin,34
0.4311,-1.2629,-0.3595,edm,34
1.4468,-1.3135,-1.0533,edm,34
1.4559,-1.2774,-0.1078,edm,34
0.4379,0.376,0.6584,pop,34
1.4869,0.1361,1.1751,edm,34
1.2312,0.7261,0.1948,edm,34
-1.919,2.1103,-0.9387,r&b,34
-1.4957,-0.4737,-0.7521,latin,34
-1.1741,1.2193,1.2356,latin,34
2.0639,-1.3943,-1.3741,rock,34
1.5265,-3.1943,1.0057,rap,34
0.4752,-2.855,0.6399,rap,34
-2.3963,0.7612,-0.2651,pop,34
1.9771,1.5423,-0.5272,edm,34
1.2387,0.5929,-1.9179,edm,34
0.3942,1.0983,0.09,latin,34
-3.4898,-1.5171,-0.9219,rock,34
1.5593,-1.2355,-1.2892,edm,34
-1.627,-1.675,0.0514,latin,34
-3.7616,-3.3663,-1.805,r&b,34
1.6605,-0.6633,0.2312,rock,34
1.3935,0.6426,0.0228,pop,34
2.333,-1.1276,-1.2683,rock,34
-1.7143,0.7978,0.8741,r&b,34
1.896,-0.8105,-1.0741,edm,34
-5.3762,0.5459,-0.887,pop,34
2.0399,-0.5752,-0.9152,edm,34
-2.6589,1.1904,-0.7181,pop,34
0.3898,1.0632,-0.8112,latin,34
0.8386,-1.6283,0.0907,edm,34
0.4049,0.2072,0.7101,rock,34
-0.8528,-1.8676,-1.1548,pop,34
1.2815,-1.1524,-1.0316,pop,34
2.4517,0.1793,-0.5799,edm,34
1.3919,1.7273,-1.7496,rap,34
1.4364,-0.5362,-0.8184,edm,34
0.8951,-1.5281,0.009,pop,34
-0.0643,-0.1817,0.705,r&b,34
0.7697,0.9745,0.976,edm,34
1.2727,0.7836,0.6091,latin,34
1.1958,-0.5651,0.1175,edm,34
1.7251,1.1763,-0.6669,edm,34
-0.6158,0.0433,0.4917,pop,34
0.23,-0.78,1.0479,rock,34
-1.6945,-0.1614,0.0655,r&b,34
-0.323,0.0131,-0.3243,latin,34
0.8188,0.3456,-0.5611,pop,34
0.7871,1.0236,0.3774,r&b,34
-2.1899,-0.211,-0.236,r&b,34
0.5661,0.1702,-0.7117,rap,34
2.0332,0.4502,0.8204,pop,34
0.9755,0.3377,0.2626,edm,34
1.2245,-1.4459,-1.1837,edm,34
1.0765,-0.4536,0.9663,edm,34
0.5355,1.6409,0.9552,latin,34
-2.0287,0.6988,1.505,rap,34
1.6415,0.5622,0.3353,edm,34
1.4648,-0.3915,-0.6701,latin,34
1.4899,0.0787,0.1706,edm,34
-0.1969,1.0336,1.2621,r&b,34
0.5121,1.0331,-0.8594,r&b,34
0.2316,1.2098,0.8585,edm,34
0.2419,-0.3099,0.0172,edm,34
0.0675,-1.4735,-0.7311,edm,34
1.742,0.4005,0.7872,pop,34
0.7066,1.4278,0.8306,latin,34
-0.7471,-1.6151,-1.9873,rap,34
1.1915,1.003,-0.224,edm,34
0.1958,0.8633,-0.3553,latin,34
1.2818,-1.6336,-1.6533,edm,34
0.9506,-1.7538,-0.0658,edm,33
-0.3946,-1.7254,0.5452,latin,33
-1.2492,-0.7368,0.1611,rap,33
0.3961,1.3985,-0.125,latin,33
1.7339,-1.112,-0.2867,edm,33
0.1167,1.6306,0.6675,rock,33
0.9731,1.0599,0.95,edm,33
-1.3812,0.5812,-1.5327,r&b,33
-0.3088,1.0423,-1.3143,r&b,33
-0.9754,1.0489,-0.9084,r&b,33
-0.0354,1.1849,1.029,rap,33
0.5202,-0.3159,0.8566,rock,33
0.3954,-0.753,-2.3026,rap,33
0.8418,0.8655,-0.965,edm,33
-0.4545,-1.2966,0.6303,pop,33
-0.2323,0.6141,0.0994,edm,33
1.4004,1.3051,0.9457,rap,33
0.5286,0.6102,0.4883,r&b,33
0.6813,-1.6549,-1.4268,edm,33
-3.8778,-2.7118,0.2172,edm,33
1.5526,-1.9707,-0.4511,rock,33
-0.5485,-0.5436,0.5645,rock,33
-0.9324,0.6261,-0.1337,latin,33
-2.443,-1.4249,-0.4764,pop,33
0.5158,-0.0415,0.5382,pop,33
1.7886,-0.6422,0.6557,edm,33
0.4028,-0.6749,0.4263,edm,33
1.109,-1.8333,0.9157,edm,33
-0.0633,0.4128,-0.0505,latin,33
-2.7558,-0.3304,-0.4164,latin,33
0.5326,1.4343,0.5507,r&b,33
1.1835,0.8559,1.8199,edm,33
1.889,-1.0266,-0.2351,rock,33
1.4092,0.4161,-0.1943,edm,33
2.5425,-0.101,-1.4656,edm,33
-1.5118,-0.8438,0.983,rock,33
0.1016,1.1717,0.4339,pop,33
1.8596,-0.4903,-1.1986,edm,33
-2.3999,0.3422,0.8812,r&b,33
-0.7629,-0.1733,-1.0556,rap,33
-2.7647,-4.9292,-0.5122,pop,33
1.4624,-0.5864,0.1378,edm,33
-2.8293,-0.4634,-0.2349,edm,33
1.1042,1.0841,0.2982,latin,33
-4.1809,-2.3979,-1.1687,latin,33
1.0496,1.543,-0.8955,rap,33
-0.0659,1.5452,0.9202,latin,33
-6.271,-3.2067,0.9422,pop,33
2.2357,-0.2285,0.0791,rock,33
1.022,-0.407,-0.9285,pop,33
1.1691,-0.3238,-0.6096,r&b,33
0.6735,1.5811,-0.256,rap,33
0.3422,0.9469,0.4399,edm,33
1.912,-0.8266,0.084,rock,33
-0.5765,-2.6938,1.7419,edm,33
0.0112,-1.6006,-0.5326,r&b,33
-0.8416,-0.1594,-0.2363,rap,33
1.6927,0.1992,-1.3175,edm,33
0.4657,0.5001,0.3878,pop,33
0.7427,-0.1933,1.206,edm,33
0.0712,2.1548,-0.9113,r&b,33
-0.8524,-0.0452,0.0569,latin,33
0.5863,-1.4458,-0.7426,latin,33
1.2795,2.5511,0.1522,pop,33
2.2806,-0.9017,-1.4316,rock,33
-0.3844,-0.4439,0.1179,pop,33
1.7757,0.2761,-0.6859,edm,33
0.9716,0.7984,0.2668,edm,33
0.3964,0.0946,0.1892,edm,33
0.5651,1.0951,1.1801,rock,33
-3.4095,-1.1152,-1.1838,latin,33
-2.2376,1.0711,0.0976,pop,33
1.9496,-2.1095,-1.4719,rock,33
-1.4865,1.1299,-0.2037,pop,33
-0.4788,0.0953,0.569,r&b,33
-3.109,-0.3207,0.3759,r&b,33
-0.4461,0.9641,0.4198,r&b,33
0.8241,-0.3554,-0.0109,edm,33
0.3391,-0.3597,0.0252,pop,33
1.2584,1.2939,0.556,latin,33
-0.8348,0.4732,1.5541,rap,33
0.1982,0.4334,1.0201,pop,33
2.0542,0.3337,-1.442,pop,33
-0.6565,1.5188,0.8837,pop,33
1.12,1.6976,-0.0962,r&b,33
0.6569,-0.4369,-1.2949,r&b,33
1.328,-1.6953,-0.5808,edm,33
1.5359,1.7134,0.9398,latin,33
-0.4293,-1.2179,3.1296,edm,33
1.3985,-2.1366,1.5862,edm,33
-0.3981,0.4903,0.0435,edm,33
-1.1922,0.8744,-2.2902,latin,33
0.0441,0.9275,-0.525,edm,33
0.0922,0.4647,2.0394,pop,33
1.2803,0.9894,-0.0388,edm,33
1.9349,-0.5982,-0.5999,edm,33
1.6792,-0.6162,0.7069,edm,33
0.7516,1.1638,1.1037,r&b,33
0.4031,-0.1383,-0.0415,edm,33
0.8046,-0.8248,-0.2757,rock,33
-0.9321,1.1192,1.9782,r&b,33
1.068,-0.5225,-0.3984,pop,33
-1.7067,0.6122,1.0201,r&b,33
-2.0552,0.2916,1.1201,r&b,33
0.9295,0.0148,-0.0378,latin,33
0.6732,-2.2448,-0.0617,pop,33
0.8165,-1.4962,0.3618,r&b,33
0.7651,-0.5117,-1.3175,edm,33
-0.7937,1.1942,0.0787,pop,33
2.1758,-1.6372,-0.9686,rock,33
-2.8827,0.075,-1.4692,rap,33
-0.1716,-0.4101,0.5646,rap,33
-1.1597,-0.9275,-1.1507,edm,33
1.0365,-2.8858,0.8234,pop,33
0.9581,0.0525,0.4113,rock,33
-0.6601,0.2493,-3.0213,latin,33
2.2867,1.5338,-0.5742,edm,33
2.2277,-0.5825,-0.6936,rock,33
-0.4629,1.4674,0.3834,pop,33
-0.401,-1.2039,-0.3534,edm,33
-3.9602,-1.3432,-1.4882,pop,33
1.4123,1.7227,-0.8774,rap,33
-0.5996,0.9769,0.413,r&b,33
0.7875,0.0793,-0.0567,rap,33
0.1444,0.9095,-0.0802,rap,33
0.0334,-0.212,-2.7622,rap,33
0.9591,-0.4235,-0.0629,edm,33
-0.334,-0.4432,-0.1159,r&b,33
0.0666,-1.4366,2.4024,edm,33
0.1313,-2.2718,2.7879,pop,33
-0.2733,1.5193,-1.5626,latin,33
0.559,1.5059,-0.1799,rap,33
-0.7937,0.7615,-0.6265,rap,33
-0.3199,0.243,1.1289,r&b,33
-1.2289,-0.756,-0.6594,edm,33
0.7683,1.0636,0.5639,latin,33
-0.1984,1.9097,1.3218,latin,33
-4.6238,-3.2754,-0.597,rap,33
0.1367,0.5552,0.4687,pop,33
0.3991,0.3089,-1.1032,r&b,33
2.1488,-1.4841,-0.8235,rock,33
-0.0356,0.2306,-0.0674,pop,33
1.1672,0.0428,0.1591,edm,33
1.0928,-0.7792,-0.2565,edm,33
1.007,-0.7012,0.5362,pop,33
-2.13,1.6352,-0.3088,rap,33
1.0379,-0.5624,-0.0435,edm,33
0.2933,-0.3268,0.1725,pop,33
1.4764,-0.0937,-0.6514,rock,33
-2.8077,-0.6825,1.536,pop,33
0.1942,-0.7047,0.1019,pop,33
1.9413,-2.0236,-0.3333,rock,33
1.2505,-1.7761,-1.5839,rock,33
1.0022,1.2628,0.6172,latin,33
-0.9757,2.1579,-0.6868,latin,33
1.0799,-0.4619,-0.6297,rock,33
1.3323,0.179,-2.2709,edm,33
1.3973,-0.8157,-0.2834,pop,33
0.5539,-0.2245,0.133,pop,33
1.2091,-1.9756,-1.1436,edm,33
0.3929,2.1265,0.3125,rap,33
-1.3265,-2.4677,1.3763,rock,33
0.7852,-0.0043,0.3329,edm,33
-2.8629,-0.7584,-0.8515,pop,33
1.2321,0.5036,-0.5854,latin,33
-3.2585,-1.6945,-1.738,pop,33
-1.8103,0.2628,0.7686,edm,33
0.2468,-2.4396,1.6148,rock,33
-1.515,0.9839,0.2031,pop,33
-0.2731,2.2418,0.4452,pop,33
1.004,0.1301,0.113,pop,33
1.534,-0.5269,-0.4486,edm,33
-0.4264,0.4799,1.569,r&b,33
1.3843,-2.018,-0.9645,edm,33
1.1942,1.4537,0.538,edm,33
2.0222,-0.6844,0.458,edm,33
0.4765,-0.057,1.9605,edm,33
2.2138,-0.9314,-1.0388,rock,33
1.5834,-0.4013,-1.3518,edm,33
1.3482,-1.9613,1.1949,edm,33
0.2134,-1.3987,1.8483,rap,33
-1.09,-1.2191,-0.8852,rap,33
-0.8922,1.4786,-0.0367,pop,33
1.9057,-1.0561,-0.8403,rock,33
-0.3226,-0.0295,-0.0796,rock,33
-1.3712,0.1313,0.5626,rock,33
0.6248,1.2029,0.8291,latin,33
1.0782,0.2273,-2.5278,rap,33
0.3543,0.3753,-0.7667,rap,33
1.7944,-1.5336,1.0321,edm,33
-2.5526,-0.3868,-0.1157,rap,33
0.7295,-1.7621,-1.6329,r&b,33
-0.7495,1.0606,0.756,edm,33
2.4181,-0.919,-0.745,rock,33
2.0956,0.0921,-0.062,rap,33
-0.7494,-1.6563,-0.511,rap,33
-0.5779,0.8279,0.4525,r&b,33
-0.9439,-1.441,0.1213,latin,33
-0.718,-0.9104,-0.5834,pop,33
1.4685,-1.1644,0.3363,rock,33
-0.1424,0.8449,-0.45,rock,33
-1.3317,-1.686,-1.433,rock,33
-4.3021,-1.5961,-1.6498,rock,33
-1.831,-1.1612,0.1146,rock,33
-0.7319,0.0004,1.4599,r&b,33
-1.4127,-0.4077,-0.7156,rap,33
0.1228,-0.8918,-0.5538,edm,33
-1.4684,0.7369,-2.2187,r&b,33
-1.2338,-2.411,0.429,rap,33
-1.0411,-2.4829,1.33,rap,33
-4.9847,-1.1161,-0.3735,rap,33
-0.5303,0.1718,-2.4705,latin,33
1.6984,0.5485,0.5622,latin,33
-1.3959,-1.2981,1.7663,edm,33
0.7991,1.013,-0.4783,r&b,33
2.1344,-0.7189,-0.4702,rock,33
0.0968,-1.2224,0.0527,pop,33
-0.9303,-0.2675,-0.0499,pop,33
-0.8279,2.2436,-0.2802,rap,33
-0.2807,1.8584,0.3324,rap,33
-1.0985,0.9368,-1.3898,edm,33
0.5899,-2.0405,1.4579,rock,33
-3.2164,-0.6668,0.1055,pop,33
0.1769,1.2922,0.7123,latin,33
-1.0001,-0.5068,2.7759,latin,33
-2.2292,0.3014,1.2724,latin,33
-0.5635,0.326,0.0869,rock,33
0.1082,-0.328,-0.283,edm,33
-0.0879,-0.447,0.5977,edm,33
-2.1296,0.6385,-0.5015,latin,33
1.346,0.0198,0.2995,pop,33
0.134,1.2176,0.8381,r&b,33
-2.2071,0.1201,0.7397,r&b,33
0.8769,1.385,0.3777,edm,33
-5.1688,-2.6191,0.1489,rock,33
0.7722,-0.7238,-0.6789,rock,33
-0.2803,-2.3952,-1.8863,rock,33
-3.1607,-3.1085,-0.7584,rock,33
0.1678,-0.6808,-0.6774,rock,33
0.984,0.2132,-0.5708,pop,33
-3.0763,-2.5662,0.5278,edm,33
0.8638,-0.8861,0.3479,rock,33
-1.0284,0.6897,0.5026,r&b,33
-2.5912,-0.6028,-0.6848,latin,33
-0.2215,-0.7202,0.7824,latin,33
-0.4569,0.8432,-0.8434,edm,33
-0.2437,1.6777,0.572,latin,33
-0.3663,1.3487,0.6083,latin,33
-0.1873,-0.2333,-0.8884,latin,33
-0.0704,-0.0295,-0.8157,rap,33
-0.3323,1.8592,-1.0818,r&b,33
1.253,-0.7872,0.971,rock,33
-0.9107,0.0153,-0.3654,edm,33
-4.6829,-1.9474,0.7709,edm,33
1.1714,0.949,1.0149,pop,33
-4.5181,-1.3519,0.6367,edm,33
-0.8259,-1.1516,2.9923,edm,33
0.5288,2.3799,0.9389,rap,33
-1.6349,-0.374,0.4315,latin,33
-0.1103,1.3726,1.1164,pop,33
-0.2298,1.2686,0.5428,latin,33
-2.1726,0.2751,-1.1364,r&b,33
-1.2065,-1.2953,-1.1599,latin,33
-0.064,-1.0672,-1.4988,rock,33
0.5837,0.4412,-3.2949,rap,33
0.6917,-0.7381,0.3666,pop,33
-6.6341,-0.3116,-1.2329,rock,33
0.8051,-1.6375,-0.2101,rock,33
1.622,0.2815,-0.1733,edm,33
-0.8173,1.7374,0.2989,rap,33
-0.7539,-1.1582,-1.3889,rock,33
1.4732,-0.7351,-0.1936,edm,33
-1.6484,1.495,1.3637,rap,33
-0.575,-1.795,0.6569,rock,33
1.2773,-1.3004,-1.3474,rock,33
0.305,-0.6144,-0.8841,rock,33
-1.7085,-0.3524,-0.2547,rock,33
1.5992,-1.5453,-0.8962,edm,33
-0.979,-0.8805,-0.481,pop,33
0.9507,-2.3131,1.818,pop,33
0.0503,0.0705,0.2673,rap,33
0.5695,2.04,-0.6725,rap,33
-2.2131,-0.9104,-0.235,rock,33
0.9486,2.1235,0.1532,latin,33
0.8869,2.378,0.9945,rap,33
0.9422,-0.878,-0.116,pop,33
0.5083,0.0609,2.0138,edm,33
0.51,-0.3142,0.1663,edm,33
0.7093,0.6495,-0.6759,pop,33
-1.5568,0.6882,-0.4253,pop,33
-1.1496,-0.9765,1.034,r&b,33
-0.0672,0.9297,0.2366,rock,33
0.6036,-0.3835,0.601,r&b,33
0.9114,-0.0736,-0.4617,edm,33
0.95,0.6699,0.8448,edm,33
0.6539,-1.2392,1.9374,edm,33
1.0958,1.0501,-0.0081,latin,33
0.0537,2.3483,0.6553,latin,33
-4.065,-1.1364,-0.5269,rock,33
-2.5299,1.6013,0.2763,r&b,33
0.3569,-1.2253,0.4295,r&b,33
-1.0138,0.1091,-0.1757,rap,33
0.8085,-0.0634,-0.6779,rock,33
-0.0655,0.992,1.1136,r&b,33
0.3082,0.7682,0.1715,edm,33
1.0898,0.6128,0.0689,pop,33
-1.532,-1.0465,0.0658,rock,33
0.0653,1.2187,0.7951,rap,33
-1.0541,0.2298,-0.8102,latin,33
-0.5007,0.5457,-0.4911,r&b,33
-0.8965,-0.2995,0.1123,r&b,33
-2.7534,0.233,-1.8989,rock,33
1.3222,-0.3913,-0.5745,latin,33
1.0998,0.3012,-0.9192,latin,33
1.8579,0.133,-0.8037,edm,33
1.3991,-0.6397,-2.4602,rock,33
0.6489,-0.1739,-1.1206,rock,33
-2.5051,-0.0408,-1.5104,pop,33
-2.0266,-2.7133,1.1847,r&b,33
-2.9023,-1.5032,-2.2726,r&b,33
0.6556,-0.4161,-0.1117,edm,33
-4.9838,0.0903,0.1249,rock,33
0.9397,0.5011,0.0976,latin,33
2.0199,-1.1356,-0.8996,rock,33
-0.6548,0.5344,-1.3323,rap,33
-1.5109,0.4221,-2.2446,rap,33
-0.8263,-0.6454,0.8276,r&b,33
0.9435,-1.137,-0.4976,edm,33
0.7224,2.2266,-0.5349,edm,33
-1.1304,0.6278,1.1982,rap,33
-0.9049,-2.7143,3.5349,edm,33
-2.7065,1.5123,2.065,edm,33
0.5261,-0.3409,0.5461,latin,33
-1.6968,-0.1939,-0.407,pop,33
1.4738,-0.0243,0.3654,edm,33
0.8095,-0.3338,-0.7315,pop,33
-0.6722,1.2049,1.8252,r&b,33
1.6435,-1.717,-0.509,rock,33
1.4918,-0.9051,-0.958,edm,33
1.1076,0.5453,0.8228,latin,33
1.6646,-1.2301,0.2597,rock,33
0.1085,-1.5734,2.0548,pop,33
-0.094,0.4237,1.5416,edm,33
-2.4695,-0.7296,0.0075,r&b,33
0.6241,-2.8007,-2.5248,r&b,33
0.2269,-1.4392,2.7371,rock,33
-0.1684,1.5952,-0.3668,pop,33
1.3525,-1.1155,-0.406,rock,33
0.1273,-0.4565,0.1958,pop,33
1.9035,-1.6515,-1.2822,latin,33
0.2379,0.612,-0.049,pop,33
-1.5638,1.523,-0.4541,rap,33
0.974,0.5446,0.2122,latin,33
-1.8433,1.657,-0.7781,rap,33
-2.5912,0.2084,-1.5252,rap,33
1.4081,-1.588,-1.3381,rock,32
2.3017,0.5878,-1.4219,edm,32
0.5286,0.1116,0.1535,latin,32
-1.3154,0.7008,-0.2662,edm,32
1.5023,0.4604,-0.7902,edm,32
0.0056,-0.1927,-1.1378,edm,32
-0.3144,0.8616,0.6517,r&b,32
0.6251,-1.0436,-1.7626,edm,32
0.7422,1.7398,-1.5125,rap,32
0.8691,-0.419,0.1965,rock,32
-0.1451,2.8698,0.0032,edm,32
0.6876,1.4725,1.7464,edm,32
0.9676,-1.0795,3.3455,edm,32
-1.4716,-0.5289,2.1613,edm,32
0.3118,0.7488,1.5692,r&b,32
-0.601,-0.4833,-0.0097,pop,32
0.0862,-1.3686,0.954,pop,32
-3.1928,0.2904,-1.3214,rap,32
-0.6505,-0.3889,0.4152,rock,32
0.6285,0.3883,0.4855,rap,32
0.0654,-1.0789,1.3106,edm,32
0.2011,-1.0812,0.5433,edm,32
-0.6198,-1.0151,-1.5303,edm,32
0.5061,-0.6967,1.7075,pop,32
-1.0905,0.9678,0.9119,r&b,32
-0.9096,0.9779,0.9715,pop,32
0.312,0.4836,-0.323,rock,32
0.5366,0.4998,-2.6484,r&b,32
-0.7192,0.3434,0.4544,edm,32
-2.1636,-2.8491,0.6622,r&b,32
-0.5347,0.5408,0.2832,rap,32
0.0048,0.4997,1.25,r&b,32
0.288,0.7978,0.5224,rap,32
0.3749,-0.2973,0.2287,latin,32
-0.3312,1.3378,1.0406,latin,32
0.8835,1.175,-1.4773,edm,32
-0.355,-1.9264,0.69,pop,32
-0.2124,-2.7636,3.2967,edm,32
-4.1557,-3.1871,-1.1975,rock,32
-0.5233,0.6264,1.0289,r&b,32
0.5135,-0.1432,0.0311,pop,32
-2.9339,2.9945,-2.2685,rap,32
-0.1767,-2.5006,3.404,edm,32
0.2277,0.9342,0.9385,edm,32
1.387,-0.5085,-0.0551,edm,32
1.3644,-1.0528,-0.3665,rock,32
1.3075,-1.4447,0.3227,edm,32
1.4566,-2.0953,0.1602,edm,32
-0.4527,0.3881,0.2374,latin,32
-0.1222,0.833,0.5022,latin,32
-2.0155,0.2612,0.4701,r&b,32
0.2241,1.5928,-1.9585,r&b,32
-1.0244,1.1474,1.7712,rap,32
0.4392,1.3326,1.8747,rap,32
-0.3256,0.3291,0.9434,rap,32
1.9243,-1.3995,-0.5719,rock,32
-1.4163,-2.1182,3.4724,edm,32
-0.6026,-2.2354,3.8656,edm,32
-2.5285,-2.5671,3.7069,edm,32
-5.4054,-2.1654,-1.6024,rock,32
-0.8847,-0.4231,0.4808,rap,32
0.3219,-0.4947,-1.2241,r&b,32
-1.3759,0.123,-1.8381,rap,32
0.864,1.2595,-1.9476,rap,32
-2.7402,1.431,0.7896,r&b,32
0.908,0.6088,-0.5979,rap,32
-1.0294,-0.337,0.063,rock,32
2.0111,-1.0561,-0.027,rock,32
-0.0777,-1.0313,2.5627,rock,32
-0.1536,-2.3942,0.7116,rock,32
0.9029,2.3664,0.0825,edm,32
1.255,-0.5765,2.4672,pop,32
-3.6789,-3.0696,2.7151,edm,32
-1.9611,2.3069,0.3423,rap,32
-2.6182,-0.0888,-0.5214,r&b,32
1.0246,-0.7599,-0.274,edm,32
0.8297,-2.067,-2.5958,rock,32
1.3802,0.9989,-0.5281,pop,32
0.992,0.6236,0.8792,r&b,32
-1.8963,-0.1916,-0.4852,r&b,32
-2.071,-1.6352,1.2887,edm,32
0.9643,-0.4889,-0.9235,rock,32
0.122,0.3394,0.6306,pop,32
0.4477,1.1646,0.0219,edm,32
0.2297,-1.7501,-2.9152,r&b,32
-0.986,3.2937,-0.5423,r&b,32
-0.7715,-0.5728,-0.7292,latin,32
-0.1315,-0.1112,1.5931,rap,32
-1.6712,-1.736,0.1713,rap,32
1.0572,-1.2513,0.0928,rock,32
0.0173,1.1847,0.4393,rap,32
1.2872,1.9301,1.5077,pop,32
-0.8094,-0.2077,0.2654,rock,32
0.2833,-1.1711,0.2052,rock,32
-1.4096,1.5568,-0.073,rap,32
0.9694,-1.2112,-0.4913,pop,32
0.6873,-0.8436,-0.1381,edm,32
1.6777,-0.9064,-2.0522,rap,32
0.0894,0.0552,-0.209,rock,32
-0.5021,-0.9088,-1.4618,edm,32
1.3422,0.189,1.2078,latin,32
-0.3953,-1.1554,3.0177,latin,32
1.2967,-0.2426,2.123,latin,32
-1.3723,-0.1844,0.0305,rap,32
-5.3186,-0.4953,-2.4735,rock,32
1.1914,0.893,-0.8552,rock,32
0.6588,-1.1188,0.7439,pop,32
0.2331,-1.1704,-0.6209,rock,32
-3.8666,1.0757,-0.0461,edm,32
1.1697,-0.6938,0.3391,edm,32
-1.7942,0.6161,1.3096,r&b,32
-1.8195,0.5031,-0.416,r&b,32
1.8954,-1.0262,1.1612,edm,32
0.949,-0.2797,0.433,rock,32
-1.3684,1.2322,0.0524,edm,32
0.5827,-1.461,1.2673,latin,32
-0.0234,0.0948,2.222,rap,32
-1.011,0.8629,-0.0556,pop,32
-0.4041,-1.4882,-1.456,r&b,32
-1.2009,2.0494,-1.6965,rap,32
1.2296,-2.5696,-2.0758,edm,32
1.0638,-1.8224,1.0076,edm,32
2.0022,-2.6575,-0.2563,rock,32
1.146,0.4948,-0.5697,rap,32
-0.8228,-0.6042,-2.0962,rap,32
1.8065,0.6134,0.294,rap,32
-0.3931,-0.1186,1.7415,rock,32
-1.5205,-1.4672,0.1175,rock,32
-0.375,1.6548,-0.3315,rock,32
1.0684,0.1703,-0.7743,edm,32
0.1676,-0.089,-0.1719,r&b,32
2.3248,-1.6359,-1.9998,edm,32
1.7242,-0.2638,0.0961,pop,32
-0.3473,0.5188,1.9059,r&b,32
-0.7824,-2.1415,0.9413,pop,32
2.3642,-0.4693,-1.5186,edm,32
0.4625,0.2429,0.7803,r&b,32
0.7726,-0.8867,-0.4397,edm,32
-2.2831,0.3331,0.969,r&b,32
0.562,1.2149,0.7737,rap,32
1.5305,0.3817,-0.7662,rock,32
0.6784,2.0322,0.3916,rap,32
-1.4576,0.768,0.5936,r&b,32
-0.3736,-1.0963,-0.1853,r&b,32
0.5762,0.5544,0.4806,r&b,32
0.429,0.8039,0.0823,latin,32
-1.298,-0.1923,0.4682,edm,32
1.442,-2.0399,1.8449,edm,32
-0.1241,1.4933,1.1906,r&b,32
1.6072,-0.8292,-0.9161,edm,32
-0.6897,0.1701,-0.0914,rap,32
1.1102,0.3985,0.686,edm,32
-0.417,0.1524,0.0877,rock,32
1.109,-1.1987,1.4858,edm,32
0.7807,-4.442,0.5319,rock,32
0.8273,0.3616,1.1481,rock,32
1.9424,0.1561,-0.2116,rock,32
-1.7179,0.3221,-0.0095,pop,32
1.4038,0.6196,-0.9939,rap,32
1.2352,0.7758,0.2966,pop,32
0.8374,0.815,0.7027,rock,32
-0.1854,0.0443,-0.2823,rock,32
0.4342,0.4674,-0.3581,latin,32
-1.6417,0.3912,1.8277,r&b,32
-0.1508,-0.2952,-0.3689,latin,32
1.0997,0.8827,0.4848,r&b,32
1.921,-0.3312,-2.0553,edm,32
0.4796,0.8173,0.716,pop,32
-0.5799,0.4709,0.2259,rap,32
-1.3304,0.2938,-0.094,r&b,32
1.1671,-1.6649,0.4445,rock,32
1.2042,-0.724,-0.2392,edm,32
0.112,2.1046,0.1126,r&b,32
0.9455,-0.3126,-0.3407,pop,32
-0.4111,-1.0722,2.6708,edm,32
-0.2896,-0.1053,-1.0607,rap,32
1.4401,1.3694,-0.3008,rap,32
-2.4554,0.4791,-2.3232,r&b,32
0.8186,1.866,-0.3745,r&b,32
-6.3597,-0.3815,0.7019,rap,32
-0.9806,1.9038,0.373,edm,32
-1.5579,1.2123,-0.2979,r&b,32
1.721,-1.6525,1.0526,edm,32
-2.001,0.4917,0.9161,rap,32
1.4437,-0.722,-1.8396,rap,32
0.9159,-0.363,-0.9923,latin,32
1.1374,0.9013,0.5922,latin,32
-0.1298,-0.7293,0.1949,pop,32
1.831,0.0794,0.656,pop,32
1.3859,-0.4256,0.0157,edm,32
1.5081,-0.7585,0.2253,rock,32
-0.0349,-1.8068,0.2144,edm,32
-0.2197,0.2981,0.1918,edm,32
0.1046,1.0233,0.248,latin,32
2.0743,-0.4755,-1.2115,edm,32
2.0469,-1.1209,0.339,edm,32
1.4871,-1.9699,0.0487,rap,32
-2.1022,-2.2707,1.0975,pop,32
-2.2379,-2.161,-0.0091,pop,32
-0.3925,-3.0155,0.3339,latin,32
1.5844,0.7407,1.0808,rock,32
-1.6698,1.1929,1.0497,r&b,32
0.9496,0.6476,-0.7457,latin,32
0.3943,1.8369,-0.1968,rap,32
0.3185,2.0505,-0.5688,rap,32
-0.1628,-0.9264,-1.1064,pop,32
0.5524,1.241,-0.0218,rap,32
0.1646,-0.0905,0.1195,edm,32
0.1623,-0.556,-0.2195,r&b,32
0.4745,-1.1567,1.0358,edm,32
-0.2421,-1.0474,1.843,edm,32
1.1329,0.5723,2.1262,latin,32
-1.8493,-0.652,-0.168,rock,32
1.402,-0.1664,-2.923,rap,32
0.1436,0.6929,0.8924,rock,32
-4.202,0.0888,-0.3377,latin,32
-3.045,-1.5527,-1.5066,pop,32
0.0887,1.3621,-0.1084,r&b,32
0.9224,0.2066,-0.7788,rap,32
0.5986,1.9326,-0.1479,rap,32
1.3512,0.3435,-0.1907,rap,32
0.4585,1.2018,1.2331,rap,32
-0.0199,1.3854,0.6016,pop,32
0.469,-2.7245,1.3804,pop,32
1.2339,-0.0217,0.2957,edm,32
0.8334,-0.4596,-1.7694,latin,32
0.4044,0.1775,0.9397,edm,32
1.5562,0.0226,-0.431,pop,32
-0.2074,-0.8254,-0.3412,pop,32
0.441,0.1548,0.5438,edm,32
0.6636,1.3826,1.6952,rap,32
2.3352,1.3753,0.0618,edm,32
1.7153,-1.709,-0.6953,edm,32
-1.794,0.2833,-1.1251,r&b,32
-2.0202,-0.3574,0.2513,r&b,32
1.7913,1.0716,-0.1185,rap,32
-1.9359,-0.7325,-0.932,pop,32
-1.7941,1.3574,-0.2866,pop,32
0.7998,0.4289,0.3066,pop,32
0.0005,-0.5155,-0.861,pop,32
0.3747,0.0661,-0.2569,r&b,32
1.8283,0.2499,-0.32,rap,32
1.4408,1.1462,1.1275,latin,32
0.5904,-1.9643,-0.2167,edm,32
-0.0849,1.5169,0.4196,pop,32
0.3233,0.2844,0.7401,r&b,32
0.363,-0.162,0.7388,rock,32
1.5378,-0.8158,-0.5075,edm,32
0.3975,3.032,0.466,rap,32
0.3214,-0.2811,0.6754,r&b,32
1.3211,-0.8192,0.3445,pop,32
0.2006,-0.0958,0.1636,edm,32
-1.4427,1.1932,-1.5069,pop,32
0.528,2.0339,-1.0654,rap,32
0.6415,1.5345,-0.3998,rap,32
1.1898,-1.1808,2.39,edm,32
0.0275,1.6039,0.9164,latin,32
0.0503,1.3388,0.1674,latin,32
0.7396,-0.0293,2.3445,edm,32
-1.1909,-0.7357,-1.343,pop,32
-1.183,0.8163,-0.0299,r&b,32
2.083,1.2574,0.3043,latin,32
1.5902,-0.8759,-0.4521,pop,32
-1.0401,1.2309,-0.9604,rap,32
-0.9474,-0.704,0.4602,r&b,32
1.1808,0.5634,2.4971,edm,32
1.1982,1.0721,0.0694,edm,32
-0.4348,-0.2385,1.1741,r&b,32
0.3923,2.0508,0.9332,latin,32
1.7839,-0.8663,-0.4181,rock,32
-0.8678,-0.044,0.0607,latin,32
1.0232,1.8201,-0.479,latin,32
1.3259,0.384,0.5173,pop,32
0.0882,-1.1562,0.5877,edm,32
0.6432,-0.3618,2.6487,edm,32
1.8128,1.0959,-0.5685,pop,32
-1.3495,1.7045,0.66,r&b,32
-0.8027,-1.0331,2.3192,edm,32
1.2985,-1.7481,-0.1527,edm,32
-2.9716,-1.4481,-1.6638,pop,32
-3.7936,-0.9798,-0.7789,pop,32
-1.0793,0.2729,-0.3969,pop,32
1.3144,0.32,-0.0733,r&b,32
-2.3883,1.2693,1.2248,r&b,32
0.0028,-2.5684,1.409,edm,32
2.0143,0.123,-0.3377,rock,32
-0.8001,-1.9211,3.9318,edm,32
-0.2378,0.3645,1.4874,r&b,32
2.0868,-1.1177,-2.0415,rap,32
-1.9553,-2.1919,1.323,r&b,32
0.946,-0.0049,0.5354,edm,32
1.3385,-1.356,-0.6385,rock,32
1.8309,1.1833,-0.492,latin,32
-1.1942,0.0216,-0.5523,r&b,32
1.3501,1.5863,1.3428,latin,32
1.8114,-0.5468,-0.6083,edm,32
0.0073,-0.7605,0.3862,latin,32
0.8418,0.3205,0.447,pop,32
1.1369,-1.7628,1.9146,edm,32
1.6959,0.141,-0.4535,edm,32
1.8343,1.1558,-0.6411,edm,32
1.0607,1.5059,1.3923,latin,32
0.0408,1.8377,0.4425,pop,32
0.6322,-1.4376,-0.5201,r&b,32
1.7466,-1.9824,0.3473,edm,32
1.3164,1.5343,-0.2502,edm,32
0.7732,0.8546,-1.5428,latin,32
0.5962,1.6286,1.1987,rap,32
-0.6133,0.0723,-0.3442,latin,32
-0.6762,-0.2193,-0.8598,rap,32
-0.3601,-0.3093,-0.025,rap,32
0.3218,-0.42,-0.206,rap,32
-3.5043,0.1489,-0.6309,pop,32
-2.0975,1.186,-1.0114,r&b,32
-0.7023,0.2174,-0.6069,rap,32
0.3565,1.3847,1.7141,rap,32
-0.6801,1.5462,0.2896,latin,32
-1.6283,-1.9899,-1.0546,pop,32
0.9686,0.9205,0.6091,pop,32
0.0368,1.563,1.1037,rap,32
0.6042,-1.184,-0.6269,edm,31
0.2501,-0.4456,-0.1959,pop,31
1.2346,-0.2704,-0.264,edm,31
0.9489,1.3084,0.1347,edm,31
0.6611,-0.581,-1.6586,rap,31
-0.5642,-0.4268,1.8251,edm,31
-0.3959,0.1932,2.4681,edm,31
0.9392,-2.1272,-1.2718,pop,31
0.1426,1.1392,-0.4369,rap,31
-1.8962,2.1043,0.703,rap,31
0.8632,-1.3778,-1.3971,edm,31
-2.2562,-0.8659,-0.7843,rock,31
1.2678,1.0718,-1.6547,edm,31
0.3201,1.2612,0.7225,pop,31
1.2635,0.0864,-0.169,edm,31
1.1632,-0.3094,0.9233,edm,31
1.9324,0.4336,0.2395,edm,31
0.2042,-0.8763,-0.7688,pop,31
-1.5622,-1.0396,-0.1165,rock,31
1.8949,-1.6149,0.4563,edm,31
1.0506,1.9585,1.0002,latin,31
0.3133,-2.6124,-2.6895,r&b,31
-2.3458,0.2829,0.8003,latin,31
0.9421,1.8041,-1.2301,latin,31
-0.0079,0.294,2.4264,r&b,31
0.2235,0.423,0.6378,r&b,31
1.8986,-0.3778,-0.9087,latin,31
0.6726,0.129,0.0813,edm,31
1.6514,0.6193,0.185,edm,31
1.4566,-0.0097,-0.69,edm,31
-1.2237,-0.9411,-0.3856,latin,31
1.5351,-0.7865,-0.3192,rock,31
-2.0318,-1.9662,-1.6765,pop,31
-0.3705,0.6359,0.4902,pop,31
0.0703,2.1925,0.2388,latin,31
-3.2721,0.3714,-0.6075,r&b,31
-1.6912,-1.4173,3.7699,edm,31
-1.1221,0.584,0.2032,edm,31
0.9471,-0.7435,-0.6824,edm,31
1.8397,-1.9189,0.8047,rock,31
-1.4579,0.8523,-0.2268,pop,31
-0.1109,-0.1201,-0.3394,r&b,31
-3.863,0.9302,-2.4371,r&b,31
1.3193,-0.8891,-0.4071,r&b,31
-0.0701,-0.3771,1.9833,edm,31
1.8451,-0.2655,-0.2121,rock,31
0.2797,0.3975,1.104,edm,31
1.1317,-0.2138,-0.0847,r&b,31
-1.496,1.3771,0.7027,rap,31
-0.7711,-1.1509,-0.6453,r&b,31
1.6621,-2.4913,-0.4503,edm,31
1.3657,-0.066,-0.4154,edm,31
1.8576,-1.1708,-0.0472,edm,31
1.3455,0.4599,-1.3664,latin,31
1.3906,0.6234,-0.9614,edm,31
-1.1326,-1.1362,1.0267,r&b,31
0.4773,1.2495,0.3208,edm,31
-0.6136,1.5112,0.0397,latin,31
-0.3768,-0.4172,-0.4809,latin,31
0.3086,-0.9191,-1.5834,pop,31
0.3169,1.9212,-0.4733,edm,31
0.8743,-0.7935,0.0477,rock,31
0.5312,0.9887,0.1731,pop,31
1.0703,-1.0815,-0.1189,latin,31
1.8602,-1.3121,-1.2608,rock,31
-0.7522,-2.9763,3.8395,edm,31
-2.6655,-0.1004,0.7807,r&b,31
1.4151,0.213,0.3661,rock,31
0.8136,-0.9824,0.0168,latin,31
0.3056,-1.2644,-0.9337,r&b,31
0.6882,-0.5837,0.5156,pop,31
-0.7539,-0.0305,2.2486,rock,31
1.5226,2.0535,0.4272,edm,31
0.7175,-1.2268,2.5882,edm,31
-0.8793,-0.4968,1.6579,r&b,31
-1.7397,1.2628,1.4336,r&b,31
0.3574,0.9494,-0.4369,pop,31
-0.1871,1.9188,0.1602,r&b,31
-1.5721,-0.0009,0.2741,r&b,31
-2.3148,-1.1123,0.5188,r&b,31
1.2547,-1.1923,-0.5626,edm,31
0.1315,-1.6016,-0.7386,edm,31
1.1877,0.4986,0.3161,rap,31
1.853,-3.0052,-1.0788,rock,31
0.2351,-2.7098,1.9621,edm,31
-2.5561,0.5792,0.2625,pop,31
-0.128,-0.9682,0.1972,pop,31
0.3157,-2.2811,1.1021,edm,31
2.0017,-0.2173,-0.5993,edm,31
-0.6807,0.3798,-3.0636,latin,31
-3.2217,-0.5691,1.2741,rap,31
-2.94,-0.46,0.8607,rap,31
1.5917,-1.0807,0.0535,rock,31
-2.2157,1.0675,0.0792,rock,31
-0.3282,1.396,-0.1779,latin,31
-2.7145,-1.4725,-0.4815,rock,31
-1.8708,0.0388,-0.6129,latin,31
-3.3214,-0.832,-1.0919,latin,31
-0.0012,1.7901,0.5805,rap,31
-2.5925,-1.5688,-0.979,pop,31
-0.1874,-0.8241,0.0333,pop,31
-0.794,0.9888,0.4629,pop,31
-0.2465,0.6979,1.9734,r&b,31
1.5754,-0.8907,-0.6669,edm,31
1.3732,1.6882,-1.3185,rap,31
-0.024,0.1876,-0.604,r&b,31
0.2261,-0.5648,-0.7467,edm,31
-0.5206,0.6513,0.9439,r&b,31
-1.1811,-0.0907,-0.3,pop,31
-0.362,1.9396,0.134,edm,31
0.8135,-0.7653,-0.4947,edm,31
1.1915,-0.9597,-0.7727,edm,31
0.5304,1.6824,0.48,latin,31
-1.947,-2.0923,-0.6818,pop,31
-0.2003,-0.8902,0.23,pop,31
0.4825,0.1923,0.098,latin,31
-0.2457,-1.004,-0.2145,rock,31
-0.0967,-0.2315,-0.4391,edm,31
-3.253,-0.8786,0.0852,edm,31
-0.5356,1.891,1.615,r&b,31
0.9277,-1.4374,-0.461,rock,31
0.5721,-0.304,-0.4192,pop,31
0.5351,-1.2238,-0.0513,pop,31
1.0385,-0.2345,1.0749,rock,31
0.1065,-0.1751,0.6447,r&b,31
-0.7061,0.3471,0.1875,latin,31
0.3382,0.895,-0.2283,edm,31
1.5457,-0.0495,0.4887,edm,31
0.8687,0.2927,1.5806,edm,31
-0.5213,0.7548,1.0431,pop,31
0.3306,-1.1104,-1.975,rap,31
0.7874,-0.9509,-0.7339,rap,31
0.3544,2.8301,-1.7298,rap,31
1.2152,-1.5952,1.8382,pop,31
0.6915,-0.6173,-1.11,pop,31
1.5165,1.8352,-1.6173,rap,31
0.2747,-1.3263,-0.147,edm,31
0.5983,-1.3096,-0.3432,edm,31
1.4968,-1.1708,-0.5571,edm,31
0.9075,1.2188,-0.27,rap,31
-2.3358,-3.1786,0.4369,rock,31
0.645,-0.0979,-0.5164,rock,31
1.5378,2.1554,0.449,rap,31
-0.2358,0.1976,0.5166,edm,31
-3.0402,0.8487,1.4281,rap,31
-2.2298,2.1876,-0.3067,r&b,31
-0.4091,0.2527,0.9647,r&b,31
0.8097,-2.5676,-1.0647,pop,31
-2.7923,0.7532,-0.9446,r&b,31
-1.3456,0.2222,-0.1119,rock,31
-3.8627,-1.9906,-1.4141,pop,31
-0.3435,1.6968,-0.7555,rap,31
0.1823,0.5821,-0.3136,rap,31
-0.232,-1.7807,0.5378,pop,31
0.9924,0.8883,1.3602,latin,31
-0.3501,0.1449,0.2878,edm,31
0.9564,-1.3639,0.4569,edm,31
0.8392,-0.188,0.3765,edm,31
1.8883,-0.474,-1.4338,rock,31
0.4931,0.5852,0.4832,r&b,31
-0.1226,0.152,1.344,rock,31
1.5153,-0.5536,-0.3484,pop,31
-2.2278,3.0563,-0.2711,rap,31
0.8846,2.9304,0.0585,rap,31
1.3496,0.5782,-0.419,rap,31
-0.3686,0.5153,-4.067,rap,31
0.7664,1.0136,-0.0355,rap,31
1.0059,2.0466,1.2905,rap,31
-0.0693,0.3448,-1.6798,rap,31
0.8099,-0.7817,-0.2258,rap,31
1.8847,-2.3189,-0.6966,edm,31
0.3819,-0.6486,-0.8448,pop,31
0.8228,-0.0718,-0.0072,pop,31
1.1434,-1.1033,2.9324,edm,31
1.1029,1.4707,0.167,edm,31
0.8838,-0.204,-0.7105,rap,31
-3.5495,-2.5899,0.7679,rock,31
-0.9423,0.1411,0.7221,r&b,31
0.6145,-2.01,1.0186,latin,31
2.0523,-0.5465,-0.8887,pop,31
-1.7259,0.7596,-0.4869,latin,31
0.0318,0.2763,-0.2804,latin,31
1.3483,-1.782,-0.0773,edm,31
-1.9485,1.4392,0.2801,rock,31
-0.7488,-1.1967,0.3045,rock,31
-0.3384,-3.0362,0.5143,rock,31
1.0013,1.0626,0.0874,edm,31
-0.286,0.4226,0.517,rap,31
-1.7101,1.5762,1.0391,rap,31
-1.1229,0.3064,1.0695,rock,31
1.2344,-0.6615,0.0592,rock,31
-0.6133,1.6414,0.367,r&b,31
1.9407,-2.6106,0.4481,edm,31
1.2853,-0.5256,0.9325,edm,31
1.0933,0.2597,-0.2214,pop,31
-3.463,0.1653,-0.4898,r&b,31
-0.3259,-2.6961,3.3858,edm,31
2.3065,0.1655,-0.0213,latin,31
1.1502,-0.6391,-0.365,edm,31
0.8986,0.4089,-1.3082,edm,31
1.645,-0.5491,2.0622,edm,31
-0.649,-1.6346,-0.497,pop,31
-0.4097,2.4725,-0.5804,rap,31
-0.1627,1.7278,0.133,rap,31
0.3334,0.9139,0.5891,rap,31
0.3552,1.5827,-0.4491,rap,31
0.7775,-1.0078,1.0031,edm,31
1.7481,-1.1794,0.5062,edm,31
0.2713,-1.2711,-0.1301,r&b,31
0.6526,0.0314,-0.4905,r&b,31
0.6779,0.117,-1.3981,pop,31
0.6682,0.3609,0.1574,pop,31
1.4447,-1.9048,2.1802,edm,31
1.4614,-0.4166,-1.2515,r&b,31
-1.7715,0.6408,-0.3281,rap,31
0.8805,-1.9886,-1.5375,rap,31
1.1085,0.5735,-0.2863,rap,31
1.7449,-0.4984,-0.5867,r&b,31
0.1406,0.2,0.1591,latin,31
-1.4583,-0.4261,-0.1196,rock,31
0.4664,1.7836,0.5667,latin,31
0.402,-1.2206,-0.0926,r&b,31
-0.9121,-0.7456,-0.0367,r&b,31
0.1176,-2.5522,2.7127,edm,31
-0.2977,-0.0136,3.4676,latin,31
-3.6172,-1.7524,0.595,edm,31
-1.3363,-0.9756,0.9864,pop,31
-1.0676,1.2442,0.7205,r&b,31
0.5942,1.6749,0.1296,rap,31
-0.3685,0.0487,0.2255,edm,31
-3.3743,-0.2858,-0.4679,edm,31
-1.9662,-0.3342,0.7528,edm,31
-0.6527,-2.18,1.8697,edm,31
-0.9303,-1.3566,-0.5037,rock,31
0.1308,0.3456,1.3875,r&b,31
0.5215,-0.7034,-1.2741,pop,31
1.9261,1.4053,0.5654,edm,31
0.269,1.5877,1.182,pop,31
0.6225,-0.4668,-0.9058,edm,31
-1.0178,-1.0892,0.1574,rock,31
-2.2553,-0.3311,-1.0368,r&b,31
-2.1471,-3.3385,-2.1465,r&b,31
0.655,-1.8021,0.2077,rap,31
-0.3731,1.0385,-0.1502,rap,31
0.6568,-0.4354,-0.1809,edm,31
-3.3072,-0.4897,1.1012,r&b,31
-3.0951,-1.5061,1.2711,r&b,31
-1.5921,-0.5503,-0.3362,rap,31
0.3963,-1.7278,-1.4519,rock,31
0.7398,0.5395,0.5778,rock,31
0.4117,1.5635,-1.8089,rap,31
0.7363,1.2117,0.7393,edm,31
0.1907,0.6186,0.4521,r&b,31
1.2732,0.7667,-4.7935,rap,31
0.7712,0.2338,0.351,rock,31
0.6258,0.7084,-0.4257,rap,31
1.2331,-0.6275,-0.5814,rap,31
-0.6295,0.1643,2.3934,edm,31
-1.9804,0.6911,1.7347,edm,31
0.0603,-0.5537,0.4047,latin,31
0.6074,0.8784,1.3311,rap,31
-0.0674,2.0541,-2.0008,rap,31
-1.6086,0.204,0.5094,rap,31
0.2631,1.3412,-0.0452,r&b,31
1.5257,-0.7741,0.2987,pop,31
-4.3664,-0.0954,-1.0125,rock,31
-1.2333,-3.6745,0.5859,rock,31
1.3131,-0.4499,-0.2091,edm,31
-0.2783,1.3063,-1.1216,latin,31
-3.6489,2.4811,-1.4722,r&b,31
-0.5669,-0.176,2.8473,edm,31
-0.675,0.6594,1.3035,edm,31
-1.9762,-2.1568,-0.2618,rock,31
-0.0639,0.7183,-0.4948,latin,31
1.3695,-0.1901,1.4319,edm,31
0.62,0.0711,0.7211,pop,31
-0.0201,-0.2742,-1.744,edm,31
-0.401,0.6691,1.2084,r&b,31
-1.1619,-0.7587,0.0905,rap,31
2.4446,-0.0942,-0.7333,pop,31
0.2249,0.2522,0.3132,latin,31
-1.0001,1.5723,-0.3211,rap,31
0.5942,0.1979,-1.2026,rock,31
1.1916,1.7216,0.0641,edm,31
-0.173,1.4561,0.5865,edm,31
-0.9336,-1.3029,0.1733,latin,31
0.8167,-1.1395,2.7491,pop,31
-0.069,0.4292,0.6566,rap,31
0.9892,0.8591,1.8279,pop,31
1.6454,0.7975,-0.2648,pop,31
1.3043,0.7945,-0.3395,latin,31
1.1978,-1.6688,1.2162,rock,31
1.0063,0.3294,-0.2346,edm,31
1.7651,-1.1652,-1.3548,edm,31
0.292,-0.4383,0.0674,pop,31
0.764,1.1867,-0.8972,rap,31
0.5756,1.9136,0.371,latin,31
1.1438,0.4866,-0.9675,rap,31
-0.1444,-0.6964,2.0316,pop,31
-0.0802,0.0664,-0.1248,edm,31
0.9584,-1.4569,-1.6942,edm,31
-0.1514,1.2131,0.1876,rap,31
0.9966,0.444,-0.6454,latin,30
-0.0524,0.0123,0.5651,rap,30
0.1695,-0.1781,2.8494,pop,30
0.9596,-1.195,-0.5155,latin,30
1.0652,0.5829,-0.1281,r&b,30
1.9848,1.1937,-0.3573,pop,30
-0.4001,0.2848,0.7018,rap,30
-1.0073,1.8035,1.8719,rap,30
1.4892,-0.8778,0.3469,edm,30
0.6855,0.1316,-1.1609,rock,30
0.5966,0.0912,-0.807,latin,30
0.1606,-0.5327,0.544,latin,30
-0.5684,0.1095,-0.1208,pop,30
-1.1408,0.7947,-1.2841,latin,30
0.8911,-2.9666,-0.2384,edm,30
-3.2859,-1.2412,0.0759,pop,30
1.5792,-1.3236,0.2142,rock,30
0.9936,-0.1325,0.2275,pop,30
1.9509,-1.5182,-1.619,rock,30
-0.7906,-0.3595,-1.3925,rock,30
1.4878,-0.5912,0.911,rock,30
1.5709,-2.0434,1.5519,edm,30
0.5246,-0.8555,1.112,edm,30
-0.4958,-3.2565,0.2032,rap,30
-1.9749,1.114,1.2441,r&b,30
-0.0203,0.3248,0.4981,latin,30
-2.1775,1.9671,-0.6022,rap,30
0.234,1.4086,-0.3346,r&b,30
-1.1275,0.8245,1.341,r&b,30
0.5332,1.4891,-0.9839,r&b,30
1.3384,0.4448,-1.0283,r&b,30
0.6793,-0.6893,0.0714,edm,30
1.4805,-0.307,-1.0585,rap,30
-0.3853,-2.1862,1.1737,edm,30
-0.7859,2.5557,0.2941,rap,30
1.4685,-2.6332,-2.0558,edm,30
1.3562,1.2026,1.4359,pop,30
0.8961,0.8479,1.7707,rap,30
-0.3929,1.83,0.1392,r&b,30
0.6446,0.2053,0.6924,pop,30
-0.5229,-0.2925,-0.9824,r&b,30
0.8913,-0.1793,0.1251,pop,30
1.526,-0.551,-2.086,edm,30
0.998,-0.4242,-0.6566,rap,30
0.146,-0.202,0.7304,pop,30
0.6335,1.036,1.2808,r&b,30
0.1436,-0.7637,-0.1204,pop,30
-0.1131,-0.1381,-0.35,rap,30
1.8101,-1.2901,-0.7796,edm,30
-0.4546,0.3905,0.9546,r&b,30
1.3227,-1.2898,-0.7332,edm,30
0.9183,-2.8103,0.6403,rap,30
-0.4397,-0.1958,1.071,r&b,30
1.0701,-1.2533,-0.0126,pop,30
-0.5182,-1.3421,-0.1269,rock,30
-0.804,1.0405,-0.4267,rock,30
-0.5207,0.3506,1.0244,rap,30
0.8611,2.2923,0.9563,rap,30
0.8398,0.9447,0.9614,rap,30
-0.1368,0.9714,-0.0363,rap,30
0.9758,2.0058,-1.4335,rap,30
1.1718,-0.7698,-0.5371,edm,30
1.7246,1.7032,1.8607,r&b,30
0.4026,0.7087,0.9217,r&b,30
1.4616,-0.766,1.2371,edm,30
-0.5313,-0.4286,0.5098,r&b,30
-0.4084,0.3625,-1.0559,r&b,30
0.5924,1.6852,1.6351,r&b,30
1.0386,0.6577,2.6542,r&b,30
-0.7796,-1.0484,-0.0738,r&b,30
-0.412,-1.2478,-0.1023,pop,30
-0.5262,0.9644,0.718,r&b,30
0.3304,0.9592,-0.4122,r&b,30
-0.7378,2.0773,-0.0785,rap,30
-1.1891,-0.826,0.2003,rap,30
0.135,0.8388,1.0794,r&b,30
1.1871,-0.1007,0.0182,rap,30
-4.2695,-0.7194,-0.7838,r&b,30
0.9477,1.6682,1.1975,latin,30
-1.4947,1.0487,0.7595,rap,30
-3.1978,1.3167,-0.2014,rap,30
-1.2801,1.3492,1.4843,r&b,30
1.3747,-2.201,-0.9794,rock,30
-1.6485,0.4772,-0.0052,r&b,30
0.1054,-0.9609,-0.3098,rock,30
-1.1154,-0.762,-1.724,rock,30
-2.1095,-0.1155,-0.0255,r&b,30
-0.394,0.9142,-0.8024,r&b,30
0.9813,0.9506,0.5818,rock,30
2.1753,-0.1267,-0.3746,rock,30
1.2542,0.826,0.5563,rock,30
1.9562,-2.0983,-0.5924,rock,30
0.8151,0.7274,0.4691,latin,30
0.5493,-0.3291,-0.1469,r&b,30
-0.4366,0.4771,-0.431,rap,30
-0.9031,-0.0678,3.1764,edm,30
0.3818,0.3233,0.4649,pop,30
1.6275,0.2005,-0.4954,pop,30
0.3751,0.4546,-0.0199,edm,30
1.2871,-0.372,0.0847,edm,30
0.6326,-0.8499,0.565,edm,30
-2.6568,-1.2796,-0.4825,r&b,30
-0.724,0.6686,-0.6073,rap,30
-1.6233,-1.2749,-0.343,edm,30
2.3148,-0.6773,-1.4867,edm,30
1.3139,-1.0942,-0.6539,edm,30
1.3162,0.7375,-1.587,rap,30
0.8284,1.8562,1.7731,rap,30
1.7748,-1.4596,-1.7853,rock,30
1.0065,0.8556,-0.2764,pop,30
0.9353,0.521,0.5669,pop,30
-1.0936,1.2705,-1.018,r&b,30
-1.9441,-0.058,-0.7114,r&b,30
-1.5299,2.3832,-1.2801,r&b,30
-1.5101,0.551,0.0198,r&b,30
-0.6051,1.7307,-0.1195,r&b,30
-0.751,0.7671,0.1617,r&b,30
1.7957,-0.4963,-1.2801,rock,30
1.2325,-2.2293,1.4252,edm,30
-1.9404,0.5254,1.5762,r&b,30
1.5044,-1.6896,-0.5791,rock,30
-0.1748,-0.2563,-1.3856,r&b,30
-0.5388,-1.8873,1.8703,edm,30
-1.2393,0.8208,-1.2368,r&b,30
1.6107,-1.0961,-0.6179,edm,30
1.7583,-0.1369,-2.1462,rap,30
-0.2451,1.539,-0.7779,r&b,30
-2.5032,0.9977,-0.5842,latin,30
-0.1735,0.9534,-0.7681,pop,30
-0.5536,1.7284,0.8392,pop,30
0.9498,0.0322,0.2887,rap,30
1.4345,0.1683,-1.5749,r&b,30
-0.2867,1.211,-0.7451,r&b,30
-0.2165,1.2491,-0.3913,r&b,30
-2.1674,0.8731,-1.6827,rap,30
-0.8342,2.0726,-1.0792,r&b,30
0.5046,-2.6957,0.904,rap,30
1.9248,1.0904,0.492,edm,30
-0.7565,-2.3889,2.3483,edm,30
1.0904,-0.9891,0.1088,edm,30
0.9612,-0.5482,-0.1259,rock,30
2.7762,-2.0269,-2.4576,rock,30
-1.9306,-2.1241,-0.8944,r&b,30
0.9836,-0.0991,-0.0358,r&b,30
0.0508,0.97,0.4129,latin,30
-1.3685,-0.4081,-0.23,r&b,30
0.9461,0.8984,-0.0055,pop,30
0.2255,1.3551,0.619,edm,30
-1.2064,-0.795,-1.8378,edm,30
-1.0958,0.0851,-2.0649,edm,30
0.2808,-0.507,0.3438,rock,30
0.7338,-1.1927,-1.2698,edm,30
-1.229,-0.139,-0.9632,edm,30
-1.0513,-0.6621,-0.3489,r&b,30
-0.7241,-3.2521,-0.441,r&b,30
0.5292,-0.2092,-1.3441,edm,30
0.2971,1.9101,-0.1068,r&b,30
0.2207,-1.4216,-1.095,edm,30
-0.7161,0.0476,1.0783,r&b,30
0.3364,0.3333,-0.5272,r&b,30
0.4299,0.5965,-0.759,rap,30
0.0767,1.23,-0.9244,rap,30
0.9509,-0.2288,0.4508,rap,30
1.2049,0.3335,0.1271,rock,30
2.1211,-1.4051,-1.5388,rock,30
1.6776,-2.1329,-1.14,rock,30
-1.534,1.4734,-0.9758,r&b,30
0.4992,1.1045,-1.7026,rap,30
0.9087,0.9912,-0.3098,rap,30
-0.4737,0.2873,-1.2478,rap,30
-5.1755,-3.2025,-2.7708,pop,30
-0.1061,0.2125,0.5204,latin,30
0.2694,0.8188,1.048,rock,30
0.5671,-0.5544,1.3437,rock,30
-0.5127,0.3006,0.073,pop,30
-2.1963,0.926,-1.0454,r&b,30
1.9706,-1.4838,-0.2359,edm,30
2.1822,-0.1723,-0.3847,rock,30
0.1007,-0.2111,2.1368,r&b,30
-1.1913,1.5089,1.0214,r&b,30
0.274,0.2758,-0.0721,edm,30
-1.0659,0.0894,0.598,edm,30
-2.0773,0.4623,-0.8016,r&b,30
1.0715,0.9792,0.1857,r&b,30
0.6616,2.6164,-0.0545,latin,30
1.1209,-2.1903,2.0251,edm,30
1.3553,-0.7709,-0.0564,edm,30
-0.5707,-1.6072,0.8086,rock,30
0.982,0.5208,-0.9287,rap,30
1.8658,-1.9233,-1.1803,rock,30
1.6779,0.6548,0.4377,pop,30
1.6204,2.0141,0.3625,edm,30
1.2978,-2.4817,0.7162,edm,30
1.8211,-0.7758,-0.4093,rock,30
0.3447,0.2267,0.4248,pop,30
0.1494,-1.1361,-1.7879,latin,30
-1.0975,-1.4955,-0.5255,pop,30
-0.747,1.7242,0.822,r&b,30
-1.0361,0.3029,0.6102,r&b,30
-7.4231,-2.7365,-1.4956,pop,30
-0.5795,-0.6537,-0.1067,rock,30
-0.5002,1.9096,-2.0364,latin,30
-2.8803,0.4639,-1.7339,edm,30
0.7837,-2.0165,1.126,edm,30
0.7419,-2.8297,1.527,edm,30
1.1282,0.6103,1.0212,rap,30
1.5767,0.2434,1.0001,edm,30
-0.144,-1.5356,1.7894,edm,30
-4.269,-3.6037,0.0728,rock,30
0.3008,0.1806,0.0169,edm,30
0.3044,-0.7726,2.2518,edm,30
-0.636,-3.1659,1.4888,rock,30
-2.5328,-2.1862,0.3996,rock,30
0.3951,-0.2084,-0.4659,pop,30
0.0363,1.6812,0.4781,latin,30
0.9434,-0.6377,-0.1081,edm,30
0.0243,-1.7601,2.0426,edm,30
0.1098,0.7687,1.1993,pop,30
-0.0712,-2.2924,2.8312,edm,30
-0.2626,0.5633,-0.1917,rap,30
-0.4399,1.0111,-0.2015,rap,30
0.8136,-1.1499,-1.3538,rap,30
-2.9208,-0.3025,0.9735,pop,30
-0.9292,0.3452,1.8862,latin,30
0.4133,0.6991,2.0378,latin,30
-1.027,-0.7754,0.7078,rock,30
-0.3125,-0.8857,2.3706,latin,30
-1.7326,1.4959,0.9659,latin,30
-0.89,0.3695,1.0113,latin,30
-0.0004,-0.2698,1.1269,latin,30
-3.6863,-0.4725,-0.0445,edm,30
1.6305,-2.7684,-0.5019,rock,30
-2.4636,0.7192,1.3003,pop,30
1.0114,-0.4539,1.3266,rock,30
0.0876,-0.0433,0.6082,rock,30
0.759,0.97,0.8634,rock,30
1.2578,-1.4624,-0.7518,pop,30
1.8411,0.3057,-1.2976,edm,30
2.2544,-0.1618,-2.8484,edm,30
0.6209,-0.694,1.6273,pop,30
0.694,0.9839,1.5709,edm,30
0.7314,-1.0076,3.0844,edm,30
0.607,0.0584,2.6481,edm,30
1.1144,-0.1728,0.4243,pop,30
-4.3879,0.1357,-0.4058,rock,30
0.1139,-3.2833,0.3283,edm,30
-2.0509,-1.3638,2.7353,edm,30
1.4585,-0.0963,0.8979,edm,30
0.8552,-0.0313,1.4807,edm,30
0.7777,2.2865,-0.061,latin,30
1.4525,-0.8938,-0.4916,pop,30
0.5747,-1.5361,0.6934,rap,30
0.0326,1.1798,0.0801,rap,30
1.1976,-0.1057,-2.2619,latin,30
0.0628,-1.5026,-0.6465,edm,30
-0.216,-0.8282,0.1289,rock,30
1.1256,-2.1781,-0.0501,edm,30
1.1622,-0.6677,-0.4281,rock,30
0.8712,-0.7285,-0.2662,edm,30
1.4433,0.6417,0.4861,pop,30
-2.5413,-1.0014,1.6385,pop,30
0.1763,-2.6452,-0.794,rock,30
-1.024,-0.9466,0.3894,rock,30
-0.5307,1.2767,-0.1217,latin,30
1.9918,-0.0934,-0.1924,edm,30
1.1064,-0.0997,0.4419,pop,30
0.3587,0.9161,0.048,latin,30
-0.266,1.4882,1.0063,rap,30
-0.0027,0.3055,-2.1203,latin,30
1.6507,-1.4302,-1.1669,edm,30
-0.5025,-1.5631,2.6643,edm,30
-1.0533,0.6875,-0.6421,latin,30
1.4321,-0.3619,0.2998,pop,30
0.9599,-1.2383,0.3966,pop,30
1.704,-1.0763,1.2003,edm,30
1.0551,-0.3113,0.0276,edm,30
-0.6389,-1.9056,0.133,pop,30
1.5918,0.7989,0.514,edm,30
1.2401,0.1548,1.0268,rock,30
-1.1987,2.6819,-1.1682,rap,30
-0.3985,1.7323,-0.109,latin,30
1.1533,0.8113,0.9321,edm,30
-0.307,-1.5037,-0.0745,rock,30
-1.1015,-0.8836,-0.2157,rock,30
0.9018,0.4722,0.1273,edm,30
-3.638,-1.5235,0.9684,pop,30
-0.9086,1.3958,1.6298,rock,30
1.2456,-1.501,1.0276,edm,30
0.2002,0.1814,0.4692,pop,30
0.2719,0.8536,0.6228,edm,30
-0.2801,-0.1157,-0.4761,rap,30
0.8323,0.2411,-0.6685,latin,30
1.0058,-0.3629,1.545,edm,30
0.799,-0.5311,-0.1637,rap,30
-0.4083,1.5565,1.1531,latin,30
1.4304,-0.1809,-0.5554,edm,30
0.4984,0.4897,0.3195,pop,30
1.8701,0.1613,-0.8013,pop,30
-0.856,-0.7764,-2.0264,latin,30
1.2665,-1.4215,2.1538,edm,30
0.0575,-0.1972,0.362,latin,30
1.7872,-1.3043,-0.6901,edm,30
1.3383,-1.5037,-0.844,edm,30
1.2679,0.0737,-0.6085,edm,30
2.0471,-0.6273,-1.2575,edm,30
1.2647,1.6329,1.1473,rap,30
-1.3864,1.049,-0.663,r&b,30
-1.6295,-1.4118,1.686,r&b,30
1.1149,0.5944,0.2239,r&b,30
-1.0216,1.7112,0.6283,pop,30
0.2643,-0.6772,0.1954,pop,30
0.501,0.782,1.2598,r&b,30
1.1594,1.8753,0.8247,pop,30
0.6115,0.2842,0.3861,r&b,30
0.0514,0.2732,-0.8286,rap,30
-0.0989,0.9706,-0.3574,rap,30
-0.2745,1.1179,-0.6766,rap,30
0.2399,0.4963,-1.4835,pop,30
-1.6768,0.2635,0.4917,rap,30
-0.3013,1.2903,2.1263,rap,30
-1.505,0.5655,0.307,rap,29
-0.3661,0.8534,1.0152,r&b,29
1.1863,-2.1963,-1.6233,edm,29
-0.3134,-0.0698,-1.1407,rap,29
1.8511,-0.1112,-1.3564,edm,29
2.0694,-0.6834,-0.6536,rock,29
-0.3806,-0.8843,0.3281,rock,29
-4.1497,-0.334,-0.6638,rock,29
-1.5726,-1.2229,-0.4657,rock,29
0.2902,2.0616,-2.1904,r&b,29
1.571,-0.1004,0.2801,edm,29
-1.2487,-1.9456,-0.0837,r&b,29
-0.5132,-0.3949,0.0433,rock,29
0.8059,-0.9733,2.0225,pop,29
-0.0721,1.8018,-1.324,r&b,29
-0.5468,0.1692,-0.1896,r&b,29
1.7964,1.0616,0.4139,latin,29
-1.2251,-0.0402,-0.1187,pop,29
-0.2718,-0.7519,-0.0853,rock,29
-4.5029,2.973,-0.1468,rap,29
0.1952,-0.2569,-0.1861,pop,29
-1.7391,1.078,0.4193,r&b,29
-0.0781,-0.7061,0.4243,rock,29
-1.3907,2.0901,-1.7206,rap,29
0.2457,0.1013,0.407,pop,29
1.251,-0.2401,-0.1477,rock,29
-0.701,0.3295,-0.5444,latin,29
-3.6767,-2.6902,2.1813,r&b,29
-2.0012,0.6894,-0.2381,r&b,29
-0.2754,0.2665,0.0145,edm,29
0.4121,-0.3151,-0.0015,edm,29
0.3703,0.2454,-0.3547,edm,29
0.4274,1.166,0.0203,edm,29
0.5432,1.2201,0.4714,rap,29
0.8331,1.758,0.5333,edm,29
2.4559,-0.4686,-2.0489,rock,29
1.1155,-0.7975,-0.9233,edm,29
-1.0411,-1.5144,0.4871,rock,29
-3.333,-0.4673,-0.7665,latin,29
0.4069,-1.8132,3.0557,pop,29
-0.3141,-1.8902,1.3445,pop,29
-1.9035,0.5558,1.1806,r&b,29
-0.3283,-0.6903,-1.0365,pop,29
0.9698,-0.6259,1.3098,edm,29
0.2304,0.4654,0.3,edm,29
0.2779,0.4155,0.7394,rock,29
0.565,1.6971,-1.5121,rap,29
-0.9555,-2.0049,-1.0729,pop,29
0.9549,0.7375,-1.8061,rap,29
1.2855,-1.2939,0.5873,edm,29
1.0944,-2.1709,1.1381,edm,29
1.9587,-0.2946,-0.1775,edm,29
1.7388,-1.4687,-1.4116,edm,29
-2.6696,0.1138,-0.5233,pop,29
-0.3368,3.1089,0.732,latin,29
-1.2075,1.5901,0.0647,rap,29
1.2181,-1.753,-0.6787,rock,29
1.5971,-0.4959,-1.3007,edm,29
0.7569,-1.2684,-0.5566,edm,29
-0.6307,-2.5182,3.6461,edm,29
1.4882,0.1395,0.4025,rock,29
1.8612,-2.9919,-0.8424,rock,29
-0.9557,3.0691,0.1868,rap,29
0.1874,-1.0278,-0.5047,edm,29
0.3808,-0.396,-0.3764,edm,29
-0.5367,-0.1768,0.4515,pop,29
-3.1025,-1.7084,-2.1751,r&b,29
-1.3036,-0.7453,-0.9408,edm,29
-2.2706,-2.61,2.8219,edm,29
-2.1069,1.907,-1.3558,latin,29
-1.6155,-2.0244,-0.6411,latin,29
-2.4457,-1.7315,-0.8069,latin,29
-0.7552,1.2507,1.7309,r&b,29
-2.4346,1.2115,0.7944,latin,29
-0.3076,0.6842,-0.0054,latin,29
0.5526,0.8085,-1.5639,latin,29
-2.0718,1.1751,-0.9089,pop,29
0.7338,-0.5147,-0.8551,pop,29
1.4517,1.6118,0.7816,rap,29
0.8822,1.6942,-1.3003,rap,29
2.2687,-0.1523,0.5715,edm,29
-3.0852,-0.7163,-0.5002,r&b,29
0.9849,1.477,0.4203,r&b,29
0.8613,0.9552,0.7152,edm,29
-1.2445,0.5319,-1.3762,pop,29
-0.9186,-1.5164,0.7909,pop,29
-1.0096,-0.4878,0.6043,rap,29
0.1947,2.5519,-0.8538,rap,29
0.501,-2.5889,3.3345,edm,29
-0.6821,1.9918,-1.543,rap,29
0.1571,1.1027,-0.0989,edm,29
1.0238,-1.2671,-0.4258,edm,29
0.9418,-3.1669,-0.9725,edm,29
-0.5705,1.2343,-0.0576,r&b,29
-0.5829,0.48,0.742,r&b,29
-0.9718,-1.8367,-0.4363,r&b,29
1.3554,0.2544,1.1423,edm,29
1.7096,-0.9548,1.0599,edm,29
1.2981,-3.2835,1.2154,edm,29
-1.8935,-0.0967,-0.0493,edm,29
0.7071,0.7094,-0.0094,pop,29
1.206,-0.5823,4.0357,edm,29
1.3512,0.3361,0.935,latin,29
-0.0675,-2.4574,3.2473,edm,29
-1.0136,-0.378,-0.3032,rock,29
1.8125,1.9297,-1.3096,r&b,29
-1.2907,0.5439,0.168,r&b,29
-0.723,0.3502,-1.2118,latin,29
1.672,0.1207,0.3794,rock,29
1.0898,-0.0656,-0.3561,edm,29
0.0683,-0.149,-0.0333,rock,29
-3.6553,-0.6518,-0.1096,rock,29
0.0456,1.0675,0.6696,r&b,29
-1.7103,0.8785,0.93,rap,29
0.7448,-1.0191,-1.0537,rap,29
1.0687,-1.0158,-0.2039,edm,29
1.374,1.2019,0.1278,pop,29
1.4175,-0.6871,0.1132,pop,29
0.3059,-1.483,-1.6168,edm,29
-0.8892,-0.1416,-0.5989,rap,29
0.224,-0.4708,-1.4203,rap,29
-0.3709,0.5717,0.2115,latin,29
0.6502,-0.2319,1.4236,edm,29
0.4505,0.3394,0.1528,pop,29
-2.4191,2.5944,0.6476,latin,29
-1.129,1.19,-0.4812,r&b,29
-0.9089,0.228,0.5388,pop,29
-1.2403,-0.7973,-0.6685,r&b,29
1.276,0.7435,-0.4379,r&b,29
-1.6601,0.521,0.8055,r&b,29
1.2843,0.149,-0.8651,rap,29
1.0073,-2.264,-0.9933,edm,29
1.3459,-2.1935,-1.1602,edm,29
0.9722,0.5666,-1.1142,r&b,29
0.8261,0.3438,0.7139,edm,29
-0.9336,0.7787,-1.6153,rap,29
-0.173,-1.3658,2.8249,edm,29
-1.23,-0.2744,-0.8483,edm,29
-0.7611,-0.1361,0.8664,edm,29
1.035,-0.883,0.1251,edm,29
0.4639,0.5444,0.1299,edm,29
-1.1738,0.1192,1.2412,rock,29
1.7209,-0.1139,-0.5225,pop,29
-2.2431,0.7928,-0.2382,r&b,29
1.1481,1.7197,0.5661,latin,29
-1.4759,0.8229,-0.5568,r&b,29
-1.1788,-2.3435,-1.145,edm,29
0.4237,-0.0621,0.2607,latin,29
0.6816,1.7147,1.3654,rap,29
1.052,-2.1482,0.3516,edm,29
0.5318,0.3153,1.8884,r&b,29
2.0093,-1.3999,-1.0628,pop,29
0.7368,1.1975,0.2631,r&b,29
-0.5514,-0.7586,0.3659,r&b,29
0.5246,0.0446,-1.6823,rap,29
0.8965,0.668,-1.7088,edm,29
-0.057,0.0181,0.2925,pop,29
1.2603,-1.2385,1.6911,edm,29
2.0821,0.6123,-0.8007,pop,29
0.0554,-0.6385,0.6909,r&b,29
-0.8047,-0.8901,0.9609,r&b,29
-1.2222,-0.6606,0.5905,edm,29
-1.9288,-0.502,2.5719,edm,29
-1.4599,1.6568,0.4938,latin,29
-1.1494,-2.3642,-0.1608,pop,29
1.3842,0.0723,0.51,pop,29
1.5526,-0.6607,0.0937,edm,29
1.1781,-0.6989,-0.9734,pop,29
-0.0575,1.2482,-0.117,r&b,29
-0.4585,1.2403,-0.7925,pop,29
-0.2052,0.1337,0.1527,pop,29
-0.8463,0.4705,-0.2038,pop,29
0.0191,0.1872,-0.6415,r&b,29
0.8212,1.0164,-0.6602,rap,29
-2.1361,-0.1105,-0.6259,rock,29
0.6845,1.2932,-2.244,rap,29
1.5437,-1.3134,-0.8294,rock,29
-0.8913,0.3951,-0.1981,rap,29
0.4993,-0.9091,-0.7414,pop,29
-1.9706,1.1819,0.0185,r&b,29
0.9928,-0.4718,-0.103,edm,29
0.5472,-0.4724,-0.6012,rap,29
-2.4128,0.809,0.0603,r&b,29
0.919,-1.5838,0.4054,pop,29
0.5739,2.0926,0.3318,latin,29
2.1975,-0.5678,-0.645,edm,29
1.3331,-1.5862,-0.2915,edm,29
-1.5844,0.6273,0.2263,r&b,29
-0.552,0.0508,0.5323,latin,29
2.0582,-0.3459,-1.0345,latin,29
1.0386,0.5405,0.4969,latin,29
0.8191,-1.526,2.0198,edm,29
-1.7265,1.5024,0.6056,rap,29
1.581,-1.5459,-0.8359,edm,29
-1.2987,-0.5361,-0.5186,edm,29
1.9305,-0.2591,-0.3563,pop,29
-0.7898,0.3841,-0.0551,r&b,29
-1.4321,1.7005,-2.108,r&b,29
2.166,-1.671,-0.7188,pop,29
-2.0314,-1.0895,0.789,r&b,29
-4.5304,-0.5869,-0.3059,pop,29
-0.2502,0.7266,-1.9601,pop,29
1.5836,0.6776,-0.2963,edm,29
0.732,1.4944,0.3901,edm,29
1.2636,-0.2309,0.4502,latin,29
-0.8094,0.3462,0.0935,latin,29
-0.4956,0.4175,0.9938,r&b,29
-4.9897,-1.3324,-0.3807,r&b,29
2.0677,-0.3547,-0.9955,edm,29
1.43,-0.5083,0.6695,edm,29
-0.6441,-0.2116,-1.0942,r&b,29
1.4632,0.346,-0.2842,edm,29
1.3024,-0.4176,1.6466,edm,29
1.3974,0.5668,-0.3464,latin,29
-2.217,0.6599,-0.1825,rock,29
1.3536,0.8522,0.9733,r&b,29
0.4816,-0.6056,2.4675,rock,29
0.0858,0.54,0.4413,pop,29
1.3762,-0.1236,1.3042,edm,29
-2.545,-0.4708,-0.8347,r&b,29
1.7367,0.2409,0.6186,edm,29
-1.9871,-1.9396,0.3304,rock,29
-1.4383,-1.5837,1.8945,edm,29
0.9429,-2.0388,0.2985,edm,29
-0.3765,0.4562,0.2533,r&b,29
1.8306,0.24,0.5854,edm,29
0.3679,1.6781,0.5802,latin,29
-0.8538,-0.2673,0.5273,edm,29
0.7934,-1.5484,-0.0681,r&b,29
1.3239,1.1313,0.7717,edm,29
1.1173,0.0119,-0.0243,edm,29
-0.5206,-0.9565,1.4577,rock,29
1.5267,0.963,-0.2829,rap,29
0.6346,1.342,0.3319,rap,29
0.1148,-0.7997,-0.1104,edm,29
2.669,-0.0428,-0.8991,edm,29
-1.3206,0.8483,-0.5385,rap,29
1.3628,-0.955,1.2636,rock,29
-1.1132,-0.5437,-0.2293,pop,29
-0.8541,1.1722,0.3439,r&b,29
0.8078,-0.2068,0.8237,latin,29
0.1743,1.7143,0.9935,pop,29
-0.5505,1.3591,0.0512,rap,29
-0.2792,-0.2202,-0.7426,edm,29
-0.0849,-0.8059,-0.8641,rock,29
0.4778,-1.0866,0.5793,pop,29
0.5248,-0.3133,0.3216,pop,29
1.9131,-1.5059,0.0448,edm,29
-1.371,0.2493,-1.3318,rap,29
0.4777,1.138,0.5223,latin,29
1.1064,1.2783,1.069,edm,29
0.5597,0.4416,0.7845,r&b,29
-0.0202,1.7221,1.6432,r&b,29
1.6562,-1.2604,-0.0854,edm,28
2.0672,0.6337,-2.0713,rap,28
0.4668,-0.9579,-0.635,rap,28
-0.8961,-1.4981,1.1015,pop,28
-0.2964,0.9754,1.2592,rap,28
2.317,-1.5762,-1.4067,rock,28
-0.8963,0.3706,0.2752,rap,28
0.5689,1.2469,0.0862,rap,28
1.7621,1.4675,-1.8382,rap,28
-0.971,-0.3753,2.1055,edm,28
1.1506,0.5228,0.2881,pop,28
1.008,0.2447,0.5482,edm,28
1.2705,-0.6042,0.0466,edm,28
-0.8599,1.1754,-0.5896,latin,28
0.8851,-0.1837,0.1637,pop,28
2.3854,1.4091,0.5753,edm,28
2.1321,-0.5948,-0.363,edm,28
-0.0973,-0.4388,0.6997,pop,28
-0.1133,-0.693,0.9405,r&b,28
-0.4947,-0.6778,1.1011,r&b,28
-1.0983,1.2805,-0.8508,rap,28
-1.2398,1.2531,-0.7325,edm,28
0.983,0.4682,-0.0933,pop,28
0.7623,1.2529,-1.1162,rap,28
2.0401,1.6696,0.7077,rap,28
1.999,1.0335,-0.5387,edm,28
0.9812,2.1731,0.8345,rap,28
1.5749,0.7195,-0.4014,rock,28
0.6935,0.3196,-0.3449,rap,28
1.4407,-1.6347,1.0608,edm,28
1.6868,-1.0455,2.4687,edm,28
0.7339,1.1919,0.2009,r&b,28
-5.1244,-0.9781,0.3741,rock,28
1.8211,0.4585,1.088,edm,28
1.1786,0.9159,0.4652,pop,28
-0.1515,-0.31,0.7926,pop,28
-0.183,1.292,-0.2309,r&b,28
-0.0358,2.5637,-0.333,r&b,28
0.8329,1.575,-2.072,edm,28
1.2195,-0.5133,0.3669,rap,28
0.9502,-1.5271,0.2482,edm,28
1.904,-1.0345,-1.1571,r&b,28
-1.0571,-0.0583,-0.5016,latin,28
1.3,1.3842,1.0473,edm,28
0.9765,-2.3415,1.2859,edm,28
0.3895,-0.466,-0.4053,r&b,28
0.6434,-1.8549,0.6005,edm,28
-1.4044,1.2568,1.1989,latin,28
-1.1412,0.267,-1.6159,r&b,28
-0.4213,-0.5665,2.0782,rock,28
-2.1855,-0.3003,0.4162,rock,28
0.5858,-0.0812,2.3928,edm,28
0.9667,-0.9033,0.2021,edm,28
1.0799,0.778,2.2845,latin,28
1.2764,0.5473,-1.016,rap,28
1.0885,1.091,0.5353,pop,28
0.9764,-1.4223,-1.1012,pop,28
1.4712,-1.8169,0.0519,edm,28
-0.0953,-0.2016,0.686,latin,28
0.1314,-1.026,-1.7416,pop,28
0.9267,0.8436,-0.5386,rap,28
1.9279,-1.1704,-1.9294,edm,28
-1.1662,-1.335,-0.156,edm,28
-0.0321,0.5407,0.2404,pop,28
2.2812,-1.0416,-1.4767,edm,28
0.0068,0.7881,-0.5732,r&b,28
1.1344,-0.061,-0.8019,rap,28
1.0337,-0.1388,-0.1217,latin,28
-1.0656,0.6454,-0.1379,r&b,28
1.4554,0.5079,-1.352,r&b,28
1.5005,-0.4499,0.058,rap,28
0.0473,1.0093,0.4328,rap,28
-1.2394,0.2941,-0.3836,r&b,28
0.8327,1.1805,0.0094,pop,28
1.2589,-0.7,-0.7274,edm,28
1.9964,-0.0124,-0.3167,edm,28
1.7524,-0.246,-0.9843,edm,28
1.7126,-0.7416,-0.5836,rap,28
1.4621,0.2709,3.127,edm,28
0.8274,-0.0726,0.3673,pop,28
1.3127,-1.1986,-0.1711,edm,28
-2.7484,-0.599,-0.2966,rock,28
1.0102,-0.3792,2.2888,edm,28
1.7283,-0.0625,-0.7794,pop,28
1.3332,-1.7246,0.1076,edm,28
-2.5437,-2.0317,-1.6422,latin,28
0.684,0.5471,0.3982,latin,28
1.1162,-0.1387,-1.7145,r&b,28
0.0541,0.6536,0.8398,rock,28
0.4851,1.3514,1.3213,r&b,28
-1.4257,0.9436,-0.0215,rap,28
1.1622,0.8467,-1.7642,rap,28
0.2084,0.7201,0.1829,pop,28
1.7182,-0.4362,0.4206,latin,28
-0.2065,1.4182,1.437,rap,28
1.9193,-0.328,-0.072,edm,28
-0.4186,0.815,-0.8612,r&b,28
-2.2143,-1.1883,0.7219,latin,28
-0.0891,1.2962,0.626,pop,28
0.5236,-1.2811,-0.6499,r&b,28
1.6212,-1.1584,-0.6802,rock,28
-0.6871,-0.3515,-2.4667,latin,28
1.6044,0.082,-0.5176,rap,28
-0.3876,0.8602,1.4868,r&b,28
0.906,2.7325,-1.0574,rap,28
-0.8599,1.3089,0.765,rock,28
-2.4101,-1.9537,-0.2499,r&b,28
-0.1007,1.2871,0.4656,pop,28
-0.0345,2.0969,-1.5307,rap,28
1.123,0.0421,-0.3532,latin,28
-2.0888,0.5377,-1.0989,r&b,28
1.3194,-0.6248,-0.5362,edm,28
1.6931,-2.1936,-0.4178,rock,28
1.0311,-1.5465,-0.0655,rock,28
2.0771,-1.3246,-0.5637,rock,28
-0.3689,2.8677,-1.7074,r&b,28
0.5838,0.503,0.6755,pop,28
-0.3609,-0.7451,0.9743,rock,28
-0.1762,1.6254,-1.5396,rap,28
1.2402,-0.5698,-1.4357,rock,28
-1.2475,-0.7492,0.373,latin,28
-1.6644,1.7954,-0.2838,latin,28
2.3512,-0.7715,-0.5619,r&b,28
-3.7183,-0.1818,-1.4374,r&b,28
0.0179,1.1439,-0.282,r&b,28
1.4928,0.6619,0.4395,rock,28
1.4028,0.449,-0.0703,pop,28
0.8674,0.7471,-1.2447,r&b,28
-0.8573,1.4622,0.6206,edm,28
-1.0629,0.9707,-1.6855,r&b,28
-1.599,-0.6204,0.4808,r&b,28
2.0183,-1.5755,-2.1452,edm,28
-1.7635,-2.9747,2.3264,edm,28
0.9637,-1.5817,1.9222,edm,28
0.0553,-2.1469,3.1113,edm,28
-0.4871,1.1514,-0.052,pop,28
-2.076,-1.1421,0.4843,r&b,28
-0.5473,0.3199,1.3005,r&b,28
-1.4412,0.554,-0.2871,latin,28
0.2773,-0.4162,0.2176,edm,28
-2.0278,0.0589,0.2508,r&b,28
-2.006,0.5432,0.2637,edm,28
0.5674,1.1146,1.0093,r&b,28
-0.0041,1.144,0.3955,rap,28
1.0796,-0.0738,1.1115,r&b,28
1.4539,1.5428,-0.1746,edm,28
-0.6191,0.1203,1.1026,latin,28
1.8673,-1.1619,-0.1927,edm,28
-0.2759,2.4909,-0.566,edm,28
1.2525,-0.3403,-0.4617,edm,28
-0.0026,0.0194,1.698,latin,28
0.0591,-1.4807,0.27,r&b,28
0.072,-2.0751,2.2741,edm,28
-0.9299,1.6198,-0.5456,rap,28
-1.8017,-2.2331,0.2959,rock,28
0.8241,-0.2,1.7402,edm,28
0.9562,1.5536,-0.8583,rap,28
-0.2761,-0.3822,0.6286,rock,28
2.2287,-1.2043,-1.3809,edm,28
-0.6589,-0.6446,-0.2624,pop,28
1.868,-0.9511,-0.1795,pop,28
0.8795,-0.6203,1.2866,edm,28
-1.1364,2.6901,-0.0635,rap,28
0.0985,1.5584,0.2856,latin,28
1.0401,0.333,0.3868,pop,28
1.4464,0.5011,0.4662,edm,28
-0.9479,1.8313,0.6068,latin,28
0.5575,1.6962,-0.2872,latin,28
0.7122,-2.0013,0.0741,edm,28
-1.4178,0.3492,-0.0637,latin,28
0.0245,-0.5984,-0.5602,rap,28
-1.4391,0.3086,2.0028,latin,28
1.1493,-1.1694,-0.9681,edm,28
-0.3427,-0.724,-0.309,pop,28
-0.4604,0.4224,0.3262,edm,28
0.8228,-0.247,0.8199,edm,28
0.5621,-0.8506,3.1319,latin,28
0.2351,0.3167,-0.006,latin,28
-0.1373,1.5506,0.9432,r&b,28
-0.1685,1.3357,0.3979,r&b,28
-1.7054,-1.3685,-0.4342,rock,28
-0.1799,0.0747,1.4479,rap,28
1.2115,-1.7084,1.0888,rock,28
0.02,0.9741,0.2937,rap,28
0.776,-0.9774,-0.3406,edm,28
0.3802,-0.2102,-0.0084,edm,28
2.2737,0.5916,-0.6159,latin,28
-5.143,-2.662,-0.59,rock,28
-0.896,1.8951,0.2761,rock,28
-1.1294,-1.1372,-0.8096,rap,28
0.8639,-1.0128,-0.6122,edm,28
0.1151,-1.2774,0.8371,latin,28
-2.649,-0.3509,-0.4474,latin,28
0.4769,0.8605,-2.4855,rap,28
1.5097,0.6691,-0.5185,rap,28
1.4235,-1.5711,0.5254,rock,28
-0.5964,-0.5188,0.2085,edm,28
2.1291,-0.0909,-0.6482,edm,28
0.2605,-1.0918,0.3344,edm,28
-1.3931,0.7991,0.2832,edm,28
0.2609,-0.3037,1.7071,edm,28
2.0176,0.032,0.0243,edm,28
-3.1127,-1.4246,-0.0925,pop,28
0.482,1.1398,-0.5775,rap,28
1.9156,-2.7838,-0.805,edm,28
-3.1314,-0.0964,-1.1112,pop,28
0.5861,-1.9759,-1.0156,rock,28
-2.5336,-1.1848,0.8002,edm,28
0.9682,0.2938,-0.7782,latin,28
0.2722,0.2612,-0.9078,edm,28
0.9453,-0.4323,-1.0775,edm,28
-1.1956,2.4046,-0.6251,rap,28
1.6633,-2.6683,-0.0232,rock,28
-0.3988,1.74,1.6203,r&b,28
0.4674,1.2755,0.2576,r&b,28
0.0343,0.1757,1.1156,pop,28
0.6296,-0.1663,-0.0036,pop,28
1.4226,-1.268,-0.0901,rock,28
1.6161,-0.2145,1.0461,edm,28
0.9467,1.3028,0.6199,edm,28
1.2031,-2.1705,0.2188,edm,28
-1.4959,1.1216,-1.355,rap,28
-0.5085,-0.9453,0.5993,pop,28
0.5516,-1.6707,-0.1025,edm,28
0.698,1.9112,0.6769,latin,28
0.8774,-0.3867,-0.398,rap,28
-0.284,-1.0212,-1.0159,rap,28
-0.5977,0.6124,0.1422,rap,28
0.3186,0.9843,0.3396,rap,28
-0.3794,-0.7986,3.64,r&b,28
1.3426,-0.7512,2.0982,edm,28
0.2919,-0.1922,0.3552,edm,28
-0.5502,1.0755,-0.0621,rap,28
0.5835,1.5807,-0.7031,rap,28
1.0016,-0.1392,-0.1621,edm,28
-2.6924,-0.4209,0.4439,latin,28
-0.6019,1.0073,-0.9466,latin,28
1.4175,-0.3359,0.8545,edm,28
1.3595,-1.3745,0.8481,edm,28
-0.117,0.35,-0.0323,rap,28
-0.7116,-3.3661,1.3777,edm,28
-2.3763,1.4644,0.3717,rock,28
1.4329,-2.0333,2.0571,edm,28
-2.8117,-0.2229,-0.5342,r&b,28
1.3337,0.6563,0.8624,r&b,28
-0.0257,0.6983,0.1445,r&b,28
-0.637,-0.8056,0.7704,r&b,27
0.4438,0.0701,-0.7646,rap,27
-0.8209,-1.5267,-0.316,latin,27
0.0711,1.1014,-0.0056,pop,27
0.9424,-0.5913,0.5391,rock,27
1.7346,0.0987,-0.273,r&b,27
-0.2583,1.8079,1.0249,rap,27
2.0612,0.3137,-1.8712,edm,27
-0.0442,0.1172,0.4549,pop,27
-0.8085,1.9324,0.8029,r&b,27
-0.3884,1.6702,1.2398,r&b,27
-0.5507,1.1181,1.8432,r&b,27
0.4495,-0.8949,1.5053,pop,27
-0.5995,-0.0159,0.0618,pop,27
2.0551,-0.5141,-0.0009,edm,27
1.5819,-0.5345,-0.0096,edm,27
1.4535,-0.1585,1.0121,rock,27
0.8925,0.9932,0.696,rap,27
0.9183,0.8547,-0.817,rap,27
1.9275,-0.4925,-0.7927,edm,27
2.3448,-0.6963,-1.0289,edm,27
0.4697,0.9915,0.4318,latin,27
1.5539,-2.3647,-1.3249,pop,27
0.5763,-0.6293,1.0264,rock,27
-1.7713,1.8948,0.2666,pop,27
0.5157,0.4855,1.359,r&b,27
1.1714,-0.794,-0.4266,rock,27
1.6308,-0.9775,-0.7072,rock,27
-0.6915,-1.6113,-0.9199,pop,27
-0.1994,-1.9856,0.6307,pop,27
-0.6853,0.2158,-0.2197,edm,27
1.6187,-1.9378,-1.2734,edm,27
-0.7181,-0.5036,1.3733,latin,27
1.2091,1.1593,-0.6702,rap,27
0.2864,0.2035,0.7171,edm,27
-0.5356,-0.3038,0.4406,pop,27
0.42,0.0331,-1.1109,rap,27
-0.174,-0.2966,-0.8001,pop,27
-0.7641,2.308,-0.4439,rap,27
0.804,1.4553,0.3305,rap,27
0.3798,-2.852,2.2054,rock,27
-0.4608,0.8593,-0.3216,edm,27
1.2063,0.1054,0.3212,rap,27
-0.0028,-2.7488,0.3435,rock,27
1.0501,1.3923,1.3835,latin,27
-0.1283,0.2356,-0.7519,pop,27
2.5071,-0.9462,-2.1959,edm,27
-2.1055,1.0408,-1.7496,rap,27
0.343,0.5754,-1.0937,rap,27
0.4577,0.2276,0.6345,pop,27
-1.298,1.2849,-1.1502,rap,27
1.3298,-0.5742,-0.6653,edm,27
0.7253,-1.1563,0.9557,pop,27
-0.8725,-0.3812,0.824,r&b,27
-0.3554,0.4211,0.2854,edm,27
-0.3076,1.7833,0.1115,pop,27
-0.7227,-2.4058,-0.3437,r&b,27
-1.271,-0.9836,0.0939,r&b,27
0.7979,-0.5068,-0.848,edm,27
-3.4206,-1.1913,-0.5163,edm,27
0.1886,-1.3669,-0.5046,edm,27
-0.42,1.4885,0.3335,rap,27
-0.991,-0.872,-0.0364,latin,27
-3.2881,1.4008,-0.3852,pop,27
1.0358,1.7261,0.2585,rap,27
0.8058,2.4042,-0.0516,rap,27
0.6597,1.4344,0.5083,rap,27
1.7676,-1.2712,-1.0094,rock,27
-1.3549,-0.2036,0.0646,edm,27
-2.4983,-2.2628,0.6997,latin,27
0.5327,0.374,1.6979,latin,27
1.1587,-0.2178,0.2101,edm,27
-0.6347,-0.1225,2.8227,edm,27
1.2961,-1.0861,-0.9707,rap,27
0.9385,-0.3867,-2.701,rap,27
1.5531,-0.65,-1.9078,latin,27
-1.7102,0.8681,0.9432,r&b,27
1.8222,-1.0422,0.936,edm,27
-0.7168,2.869,-3.0585,rap,27
-1.3845,0.1089,-0.9654,rap,27
-1.247,0.6556,0.6294,rock,27
-0.5123,-0.5391,-0.4597,edm,27
-0.0269,-3.0476,2.5216,edm,27
-0.4032,1.288,0.2823,edm,27
0.454,0.6499,2.1038,edm,27
-0.162,1.3175,-0.391,latin,27
-2.9092,-0.7358,-0.9043,r&b,27
-0.8389,1.7134,-2.1714,rap,27
1.0059,-0.7612,0.7946,edm,27
1.2587,2.0147,-0.9393,latin,27
1.9538,-1.6187,-1.0899,edm,27
0.1706,1.1943,1.1452,rock,27
1.5352,-1.4351,-1.5321,edm,27
0.333,-0.5587,-0.4305,rock,27
-2.3251,-0.1779,-0.2014,rock,27
-1.4052,-2.3454,2.1654,edm,27
1.202,1.1435,-0.8935,edm,27
-0.8259,-0.5167,0.1765,rap,27
1.9897,-0.8841,-2.0948,edm,27
1.6734,-0.1238,-0.612,edm,27
1.3529,-0.2059,0.28,rock,27
-0.365,1.6739,1.9787,latin,27
0.9092,0.0719,-0.1535,latin,27
-2.1027,-1.4703,1.9689,latin,27
0.1338,-0.7263,0.7918,edm,27
-1.7114,0.0598,-1.2641,r&b,27
1.6812,-1.8392,0.2279,edm,27
-0.4702,0.2278,-0.8095,r&b,27
-2.8127,-1.3077,-2.7144,latin,27
-0.4364,-1.3905,1.9055,edm,27
-0.8888,-0.4115,1.3366,edm,27
-0.8816,-3.1529,2.3306,edm,27
-0.7319,0.7722,-0.4102,rock,27
-0.3243,-0.1471,-0.7415,pop,27
-1.325,-0.7575,-2.3542,r&b,27
0.6512,0.3444,-1.4285,rap,27
0.3161,0.9517,-0.5173,rap,27
-1.0741,-3.29,2.8181,edm,27
-0.7187,-0.2834,-1.4071,r&b,27
-4.9999,-1.4127,-1.4399,r&b,27
1.9201,-0.398,-0.1269,rock,27
-0.9758,1.7054,0.5301,r&b,27
-2.1676,-0.0829,-0.1984,edm,27
1.4719,1.1926,-0.9485,rap,27
1.0919,1.8763,0.6328,pop,27
0.9719,0.2868,-0.1034,pop,27
1.9433,-1.0245,-0.2954,rock,27
1.8302,-1.0207,-0.6627,edm,27
-0.4236,1.5238,-0.4748,rap,27
0.197,1.1594,-0.956,rap,27
0.1963,-0.3771,0.372,pop,27
-4.4121,-1.0496,-0.1206,r&b,27
-0.3513,-0.2904,0.2886,pop,27
0.7098,-1.433,-0.9666,edm,27
0.8047,-0.2182,-1.7108,rap,27
-0.6906,-0.9773,-3.2786,pop,27
-2.2379,-0.7106,-0.7255,latin,27
0.2131,1.2946,0.7288,pop,27
-3.349,1.598,-0.8601,latin,27
-0.0336,1.5582,0.6971,pop,27
2.0628,1.3953,-0.985,edm,27
1.2579,-3.0634,0.9722,edm,27
0.9138,-1.9678,2.0743,edm,27
-1.4126,0.8005,1.7071,r&b,27
0.2521,0.8216,2.0815,latin,27
0.9825,0.1546,0.6491,latin,27
0.9691,0.1661,0.8964,pop,27
0.104,0.8989,0.4773,pop,27
-0.0332,-0.3052,0.1784,rap,27
-1.9518,-0.3871,-0.1117,r&b,27
-0.7121,-0.6526,0.0572,rock,27
0.2475,1.8965,1.4356,edm,27
1.4074,-1.3538,-0.7642,latin,27
-0.035,-1.2482,0.1451,edm,27
1.0792,1.8158,0.8283,latin,27
-2.1341,-0.1474,0.1002,r&b,27
0.5612,-1.0758,-0.4115,pop,27
-0.1863,1.3175,-0.1182,rap,27
-1.1846,0.8096,0.5428,pop,27
2.2038,0.7024,-1.7779,edm,27
-3.81,0.3278,0.3159,rock,27
0.1536,0.801,0.8819,r&b,27
2.4294,-0.845,-1.0124,rock,27
-0.8873,-1.4169,3.8533,edm,27
0.6221,0.2318,0.6187,r&b,27
0.7097,0.2484,1.7116,edm,27
0.3696,-1.7181,2.0073,edm,27
-1.2372,-0.5455,-0.6928,r&b,27
0.5791,0.2684,0.8387,r&b,27
0.5617,-0.7705,0.1482,edm,27
0.9594,1.3778,-1.2796,rap,27
-1.1739,1.3034,0.7309,rock,27
1.7319,-2.4369,-1.7145,edm,27
2.1557,-2.4286,0.0934,edm,27
-0.0502,2.0604,0.8503,latin,27
-3.8469,-0.866,0.4652,rock,27
-0.3092,1.3969,1.041,rap,27
-0.4961,0.6525,0.4291,rap,27
1.0805,-0.1061,0.5096,rock,27
-0.8629,-0.4372,0.8534,r&b,27
-0.2285,0.8858,1.159,r&b,27
1.4725,-0.7852,0.3522,latin,27
1.6487,-0.2354,-0.329,rock,27
1.1966,-0.4534,0.7943,edm,27
0.9998,1.5788,0.2849,edm,27
0.0885,-1.0415,-0.6008,latin,27
0.2869,-0.6947,-0.108,rock,27
-0.2731,-0.8665,1.7342,pop,27
0.5488,0.8724,0.3034,edm,27
1.162,-0.3693,0.0152,edm,27
1.3874,1.1174,-0.7073,edm,27
0.5933,0.4176,0.41,latin,27
1.3927,-0.3604,0.9812,pop,27
0.2041,0.6585,-0.5825,r&b,27
0.2677,-0.3191,-2.3232,pop,27
-0.8131,0.5227,0.3632,rock,27
-0.5583,0.0626,0.9429,r&b,27
-1.1641,0.2607,2.1657,rock,27
1.2091,0.4392,0.3432,latin,27
-0.4271,-2.0022,1.5616,pop,27
-0.671,0.0822,-0.0099,latin,27
-0.4717,1.1771,-0.8773,rap,27
0.4222,-0.7775,0.238,pop,27
-0.1942,-0.2083,0.1317,pop,27
-1.0282,-0.015,0.3344,rock,27
1.3261,-1.533,-0.4177,pop,27
-0.0871,2.4277,-0.6562,rap,27
1.4734,1.0743,1.2749,latin,27
-0.826,0.7584,0.5589,rock,27
-0.9579,1.0648,0.4,r&b,27
-2.2684,0.7742,-0.722,rap,27
0.7224,1.1474,-0.635,pop,27
1.4852,0.3212,-0.0423,pop,27
0.6844,0.9861,1.105,latin,27
2.3557,-0.4994,-0.3628,edm,27
1.2792,-1.9477,0.8836,edm,27
2.1044,-0.507,-1.7344,edm,27
1.2434,-0.1172,-0.7318,edm,27
-0.9909,-0.7235,0.2698,latin,27
-0.5534,-0.1754,-0.502,pop,27
-1.6389,2.1081,-0.4654,latin,27
0.1399,1.0358,0.9983,r&b,27
0.2817,1.1664,-0.1397,r&b,27
0.5736,1.7031,-0.2,pop,27
0.2686,0.5943,1.6642,edm,27
-0.9014,1.936,0.3876,latin,27
0.1981,1.3166,0.6853,latin,27
1.232,-1.8234,1.0043,edm,27
0.267,-1.2305,-1.2632,edm,27
-0.6923,1.3801,-0.0556,rap,27
-2.4592,2.0966,-0.9532,rap,27
1.6205,-0.0271,0.7037,rock,27
-1.9208,0.306,0.6122,r&b,27
2.134,-0.539,-1.3954,latin,27
1.7861,-2.7135,-0.0953,edm,27
1.8518,-0.666,-0.6002,edm,27
0.5348,-1.1712,-0.7528,r&b,26
-1.8024,-0.2104,2.2519,rap,26
0.8751,-0.2652,0.9506,rap,26
-0.9999,1.0725,0.5856,r&b,26
1.0441,0.9184,0.7809,rock,26
0.8785,-0.8638,0.5889,pop,26
0.2446,0.8641,0.1526,rap,26
-2.0019,1.0273,-0.2549,rap,26
-0.4815,0.5885,-0.2687,rap,26
-0.4809,0.259,0.3007,latin,26
-0.2481,-0.17,1.2402,r&b,26
1.2188,0.5266,1.0023,pop,26
1.385,1.9957,-0.7519,latin,26
-0.5498,-0.5108,-0.4856,rap,26
0.9809,0.4836,-1.0411,r&b,26
-0.1638,-1.0126,0.5995,r&b,26
-1.475,-0.0039,1.4063,pop,26
0.7781,-2.0546,-0.1961,pop,26
0.6505,0.4597,0.8462,pop,26
-1.7498,-0.3328,-0.7342,pop,26
-0.0924,0.1107,0.4354,pop,26
0.4812,0.8115,0.6971,pop,26
1.2143,1.8687,-0.8257,rap,26
-0.0876,0.7512,0.7832,rap,26
1.9718,-0.7463,-1.2103,edm,26
1.3592,0.1053,-0.2527,edm,26
2.0487,-0.7633,0.2089,edm,26
0.8145,1.1598,-0.2263,pop,26
0.1805,0.14,0.1531,rock,26
1.6977,-0.9893,-0.4154,rock,26
0.0855,0.655,0.6441,r&b,26
-1.2956,-0.4632,0.7037,pop,26
-2.9589,2.5467,-1.5929,rap,26
0.9099,0.6208,0.006,edm,26
0.6276,0.8164,0.6158,rock,26
0.0878,-1.1418,-0.6214,edm,26
1.1822,-1.0562,1.0993,edm,26
-2.9811,-1.9799,2.2833,rap,26
1.7562,-1.2789,-0.6377,rock,26
1.485,-0.7383,-3.1951,edm,26
0.6785,0.9559,-0.1168,latin,26
-0.016,-2.1988,-1.9852,r&b,26
1.2702,1.1064,-0.1908,latin,26
-0.6951,1.1179,-1.4096,r&b,26
0.8658,0.166,0.1306,latin,26
1.8486,-0.6986,-0.7657,rock,26
-0.0412,-1.5179,-0.4915,r&b,26
0.334,-0.9533,-1.7962,edm,26
-2.6643,0.4746,-0.4898,latin,26
0.8191,-0.2176,-0.2079,r&b,26
0.46,0.617,0.5585,latin,26
0.1727,-3.0791,-2.6334,r&b,26
-2.3647,-1.3293,-0.2895,rock,26
-1.8777,0.3155,1.4928,r&b,26
2.5937,-1.893,-2.2656,rock,26
-0.6391,-1.7633,0.0801,r&b,26
2.066,-0.5544,-0.1558,rock,26
0.7432,-1.1869,-0.9465,edm,26
0.4889,-0.7796,-0.109,edm,26
0.7876,0.1743,-0.252,edm,26
-0.8433,0.4602,-1.2217,rap,26
2.1189,0.0611,-0.3793,pop,26
2.5155,-1.7762,-1.2019,rock,26
0.6531,0.2946,-0.2485,r&b,26
-0.6565,-0.182,0.4879,edm,26
-1.4368,-1.2415,-0.4869,r&b,26
-1.349,0.475,0.7962,r&b,26
0.2561,0.9132,0.7587,latin,26
-0.6672,0.491,-1.174,rap,26
-0.3276,0.4969,0.2722,latin,26
0.9713,1.2214,-0.4331,edm,26
1.8025,-0.3633,2.1179,latin,26
-0.5532,3.5407,-2.2664,rap,26
-2.0257,-0.3145,-2.54,r&b,26
0.1933,1.3294,-0.8341,edm,26
-5.1617,-1.0642,-1.5566,r&b,26
-1.6119,-0.2611,-0.4352,r&b,26
-0.6373,0.1445,-0.1611,edm,26
0.0543,-0.0604,-1.1747,r&b,26
1.82,1.8186,0.5329,pop,26
-0.0458,1.7323,-0.5041,rap,26
-0.8386,-1.8612,0.9666,edm,26
-0.3603,-1.5834,-0.3029,edm,26
-0.5617,-1.7718,-0.6073,pop,26
0.4622,-1.7173,0.2779,rock,26
0.1255,0.4917,-0.0573,pop,26
-0.9929,-1.7641,-1.3895,r&b,26
1.6531,0.1761,-0.1569,rock,26
0.6076,1.6412,1.1598,rap,26
-0.6662,-1.0585,0.4684,pop,26
1.9646,-1.9091,-1.2203,pop,26
0.4466,0.3029,0.9988,pop,26
0.2862,0.2764,0.8397,r&b,26
0.7799,0.6578,0.8778,r&b,26
-2.7889,-0.3568,-0.5201,latin,26
-0.0794,-0.0914,-0.9066,r&b,26
1.0359,-0.9879,-0.0014,edm,26
-1.4683,0.5195,0.091,r&b,26
-2.9477,1.8786,-0.0365,r&b,26
0.074,1.2238,-0.6734,r&b,26
1.3405,0.3256,0.5015,rock,26
1.0161,0.9962,0.8242,rock,26
-0.3461,-2.4289,3.8238,edm,26
0.1631,0.5202,0.9779,rock,26
-0.4614,0.8116,2.0597,r&b,26
-0.0911,-0.9791,0.5962,edm,26
0.591,-0.1774,-0.5527,pop,26
0.5637,-0.0957,-1.3255,r&b,26
0.0134,1.886,-0.4633,r&b,26
0.8925,-1.3588,1.1209,edm,26
0.3977,-0.4473,-0.0237,r&b,26
-0.3881,0.9731,1.0557,rap,26
-1.3217,1.258,-0.0099,rap,26
0.7349,0.3822,1.6124,pop,26
-3.0017,0.0258,0.5373,r&b,26
-2.075,0.0549,0.0004,r&b,26
-2.5915,-0.0477,-0.2476,edm,26
0.1131,-2.0579,2.8339,edm,26
1.4883,-1.2618,0.189,edm,26
1.9745,-0.2097,-0.9316,edm,26
0.7038,-0.926,-0.5197,r&b,26
1.155,0.3453,-1.002,rap,26
0.5384,0.8491,-1.4267,rap,26
0.8595,0.0287,0.4143,pop,26
-0.5962,0.743,2.1135,rap,26
-0.3098,1.8028,-0.5682,rap,26
1.2057,1.2596,-1.3049,edm,26
-0.0325,0.2647,-0.1636,latin,26
-1.1757,1.3764,0.6354,rock,26
0.0768,0.5384,1.4521,edm,26
1.2946,0.9855,0.7547,edm,26
0.3525,0.7114,1.1775,edm,26
-0.7553,-1.3192,-1.2599,pop,26
-0.7275,1.2344,-0.9009,r&b,26
-0.4213,0.4523,0.4515,r&b,26
-2.0595,1.4427,0.889,r&b,26
-0.35,2.0503,-0.4529,latin,26
1.2925,-2.9445,2.4697,edm,26
-3.7436,-0.4973,-0.6139,r&b,26
0.4298,0.6383,0.4018,r&b,26
1.2704,0.1245,1.0335,r&b,26
-2.6606,-1.0151,-0.7068,r&b,26
-3.9921,-0.8393,0.4107,r&b,26
-1.0724,-1.2407,-0.1521,rap,26
-1.0271,-0.2295,-0.1474,r&b,26
0.1251,0.427,1.7044,r&b,26
0.9434,-0.3998,-1.3262,edm,26
0.5218,-0.5242,-0.0005,rock,26
1.161,-0.3823,1.8594,edm,26
1.7363,-1.3835,0.1606,rock,26
0.839,0.6129,-0.5371,rap,26
-1.0655,-0.0744,-2.1503,r&b,26
-1.4846,0.722,1.9682,r&b,26
1.7558,-0.687,-0.5212,rock,26
-1.0442,2.0496,-0.6332,rap,26
0.9912,1.3828,0.8255,latin,26
-1.3468,-1.1756,0.0832,r&b,26
-0.9894,-3.3635,1.6905,edm,26
-2.2766,1.4841,-2.1544,rap,26
-0.5749,1.3625,-0.0549,pop,26
-3.1168,-0.9617,-1.6474,rap,26
-1.0041,-0.002,0.4562,edm,26
-4.3887,-0.3452,-0.9663,pop,26
0.4457,-1.4638,-0.3686,edm,26
0.1308,-2.8493,3.7099,edm,26
-2.182,-0.7822,-0.2711,r&b,26
-0.142,1.5298,0.4129,r&b,26
-0.368,1.6894,-0.1604,latin,26
-1.961,0.8608,0.3144,pop,26
1.8379,0.2681,0.6512,rock,26
-0.4316,-0.7582,0.5321,r&b,26
-0.742,0.9034,-0.2948,r&b,26
-4.3527,-0.8787,0.2638,pop,26
-1.3391,-2.5618,0.9662,rock,26
1.7931,-0.6159,-0.6088,edm,26
-0.437,-2.0228,-0.7204,rap,26
0.0805,-0.8457,-0.0573,pop,26
-1.7182,0.5104,-0.7507,pop,26
-3.617,-1.3181,0.385,r&b,26
0.6872,-0.6122,0.3759,r&b,26
0.5738,0.0834,-0.3171,r&b,26
0.0165,1.0446,-0.1028,r&b,26
-1.0937,0.1823,0.5252,rock,26
-2.9326,-0.5998,-0.4977,pop,26
1.1619,1.1795,0.5109,pop,26
-4.9952,-1.7869,-0.3217,latin,26
-0.2765,1.6533,2.4247,rap,26
1.6505,-1.3337,-0.8359,edm,26
1.6815,-1.3139,-1.7596,edm,26
1.8114,-0.3639,0.3446,edm,26
-2.9244,0.1707,0.5754,rock,26
1.2608,0.5412,0.5857,pop,26
1.3865,1.3045,1.1216,r&b,26
-1.0065,-0.5815,-0.5423,rap,26
1.3112,-0.2311,0.4032,r&b,26
-0.5071,1.9536,1.6011,rap,26
0.2255,1.4133,-1.3186,rap,26
1.1715,1.0563,-0.5855,rap,26
1.6057,-0.6493,-0.1105,pop,26
0.6495,0.581,0.1366,rap,26
1.8841,-1.8734,0.9352,edm,26
0.9863,-1.6864,-0.3689,pop,26
2.2161,-1.1889,-2.4538,edm,26
-0.8065,0.7885,-0.24,r&b,26
1.295,-2.2742,1.3433,pop,26
-0.1177,-2.0659,0.1312,rock,26
2.4932,-0.7161,-2.2978,rock,26
1.5897,1.6733,-1.5718,rap,26
1.0586,2.1482,-0.4768,rock,26
0.9066,-1.0446,0.181,rock,26
1.7759,-1.1928,-1.0689,rock,26
-0.1918,-0.9059,2.2332,edm,26
-0.7268,0.4378,-0.5926,rock,26
1.7343,1.3502,-1.3107,latin,26
1.1765,-0.2168,-0.4061,pop,26
0.6142,-0.4868,0.8814,pop,26
0.1769,1.3952,0.7773,r&b,26
1.6888,-1.0892,-1.0942,edm,26
-0.1918,1.0499,1.5271,edm,26
2.0752,0.5502,0.7657,edm,26
1.1465,0.4987,-1.0678,rap,26
1.1315,1.3342,-1.0923,latin,26
0.7321,-0.7515,-1.4176,latin,26
-2.1084,0.4818,0.843,rock,26
-2.1809,0.858,-1.5235,r&b,26
0.0794,2.2385,0.5841,latin,26
2.0055,-0.7396,-1.9448,edm,26
-0.9501,1.7853,1.4103,r&b,26
0.5264,0.6843,0.7394,pop,26
0.53,-0.0269,-1.5727,rap,26
-1.0656,-0.6621,-0.1759,edm,26
1.2068,0.8933,-0.1252,r&b,26
1.2938,0.7922,-0.7092,r&b,26
1.0041,0.716,0.8813,rap,26
1.4145,0.9022,-0.2887,edm,26
1.5455,-0.1092,-0.1051,edm,26
1.9553,-3.6419,1.4238,edm,26
-0.6732,0.0371,0.8586,rock,26
-1.4102,1.2335,0.245,pop,26
1.202,-3.1729,0.8507,edm,26
-2.7888,1.2428,1.611,pop,26
-0.7702,1.5763,1.1722,r&b,26
-0.9704,-0.9985,-0.06,rock,26
0.5578,-0.0864,0.871,edm,26
0.8539,1.1557,1.1856,r&b,25
1.5786,-0.9754,1.5251,edm,25
-4.204,-1.0823,-0.6655,r&b,25
0.0949,-0.1171,-0.2568,pop,25
-0.253,-1.3214,0.0002,r&b,25
0.9265,0.7674,0.2454,latin,25
0.8424,0.8006,0.038,rap,25
-1.4542,-0.4665,-0.2,r&b,25
1.1553,-2.1858,-0.5234,rock,25
-1.1256,-1.3918,-0.5959,rock,25
0.2693,0.1325,-0.1166,pop,25
0.4272,-1.5025,0.4928,pop,25
1.887,0.4274,0.2972,edm,25
0.7723,-3.4148,0.987,edm,25
-2.3456,0.7883,0.9558,r&b,25
1.0904,0.7399,0.3575,pop,25
0.1472,1.2803,0.1162,latin,25
-0.6119,-1.1096,-0.4337,pop,25
0.0273,-0.3809,0.6765,pop,25
2.3636,-1.5313,-1.3782,edm,25
-1.8591,0.2242,1.0106,r&b,25
-0.6253,0.4594,0.2059,rock,25
0.6074,0.2448,0.2277,rap,25
-0.1866,-2.0226,2.7342,edm,25
-1.2457,-0.1048,0.4634,edm,25
1.5499,0.2399,0.6355,edm,25
-1.3627,-0.4242,0.8644,r&b,25
-0.7771,0.2271,0.6353,r&b,25
0.6008,-0.3316,-0.4039,pop,25
-0.3137,1.0849,-0.8437,rap,25
0.2244,0.5024,0.0264,rock,25
-0.681,0.6167,0.545,r&b,25
0.5918,0.5269,2.2104,edm,25
0.4784,-1.5646,0.7553,edm,25
1.1015,-1.4684,0.8786,latin,25
1.4707,1.0042,0.0505,latin,25
0.5747,0.5675,-0.6863,rap,25
0.7802,1.8532,-0.4462,rap,25
1.6521,-0.6155,0.9602,edm,25
1.4287,-1.0711,0.0551,rock,25
1.9145,0.0583,-0.9717,pop,25
0.3501,-1.4538,-1.1682,rap,25
0.5914,-0.2047,1.9748,rock,25
-0.1229,0.715,0.6351,edm,25
1.7609,0.6712,0.5858,pop,25
1.29,-0.827,0.0274,edm,25
-0.9558,-2.9674,2.9976,edm,25
-0.6222,1.698,-1.4678,rap,25
1.7251,0.5809,-3.8067,rap,25
1.5038,-1.4072,1.7034,edm,25
0.7207,-0.9163,1.2496,r&b,25
1.07,-0.6152,0.6808,rap,25
0.562,0.4664,0.656,edm,25
0.831,-0.4414,0.0542,rock,25
0.2386,2.0783,1.3197,rap,25
1.1273,0.7468,0.5465,latin,25
-1.654,-2.8266,0.0644,rock,25
-1.5533,-0.2369,-1.4214,pop,25
-0.8558,1.1507,-0.1596,latin,25
-0.6411,1.3626,0.7935,r&b,25
-2.896,2.1774,-0.3435,rap,25
0.4209,-0.1779,-0.3389,rock,25
1.0851,0.566,-0.539,edm,25
0.6404,-0.7678,0.2147,rock,25
0.2846,0.116,-0.2676,edm,25
-0.6603,0.0566,0.9477,r&b,25
-0.2211,0.693,1.8694,r&b,25
-1.037,0.0047,-1.6099,r&b,25
1.2669,-0.7774,-1.096,latin,25
-0.0889,-1.5895,0.2214,rock,25
0.9351,-1.3401,0.7353,edm,25
1.6482,-1.6768,0.3515,edm,25
1.4468,0.4179,0.5123,edm,25
1.2901,-0.129,-0.9601,edm,25
1.6979,-1.6185,0.426,edm,25
0.4809,-0.237,0.4769,r&b,25
-2.2293,-1.7399,-0.2823,pop,25
-2.3543,1.4011,1.0227,rock,25
-0.3974,0.0834,-0.8107,r&b,25
-4.445,-1.3182,-0.6689,r&b,25
0.5534,-0.2694,0.421,pop,25
-5.1301,-1.4729,-0.5546,r&b,25
-0.0267,-1.0834,-0.6058,r&b,25
0.3386,-0.1642,1.1789,r&b,25
0.2655,1.6228,1.0684,r&b,25
0.7242,-0.5387,1.4117,edm,25
0.1696,-0.5755,1.2202,edm,25
0.9029,-0.1626,-0.0963,latin,25
0.74,-0.2847,-0.6668,r&b,25
0.3215,2.0807,0.7093,latin,25
0.0833,-0.3333,0.9433,r&b,25
-0.9071,-0.3903,2.076,r&b,25
-1.3146,-1.3404,0.7747,rock,25
-2.2262,1.2566,0.0926,r&b,25
-0.9129,-0.0047,-0.2434,pop,25
-0.9641,-0.1585,-0.2415,edm,25
-0.1806,0.5478,0.9787,r&b,25
-1.5318,2.2779,0.0557,rap,25
1.1504,0.3354,-1.136,edm,25
0.1109,1.1148,-0.7344,r&b,25
1.9776,-0.2229,-2.5101,r&b,25
0.5585,1.8914,1.1727,edm,25
-0.379,-0.2353,0.0534,latin,25
-0.1854,-0.1199,0.6576,r&b,25
1.5726,-1.8376,-0.5326,rock,25
-2.1123,-0.5423,0.1577,rock,25
1.3912,0.1582,0.4003,rock,25
-0.4803,0.1486,0.3114,rock,25
-1.375,0.1611,0.4872,r&b,25
0.8439,-1.5458,1.7115,edm,25
1.0561,0.3038,-0.4274,rock,25
-1.8062,1.1939,-0.0204,rap,25
1.2057,-2.3246,1.044,rock,25
-1.6987,0.6878,-0.0933,rap,25
-2.1383,1.2536,0.1013,r&b,25
0.4069,1.1617,0.7086,r&b,25
-0.3155,1.7095,0.6981,edm,25
2.3644,-1.326,-0.877,rock,25
-1.1883,0.3155,1.0075,r&b,25
-0.7365,0.1442,0.1314,rock,25
0.7179,-1.4412,-1.5277,r&b,25
0.4852,0.2832,0.9477,edm,25
-1.1297,2.0042,-2.979,rap,25
0.8164,1.0007,0.5645,pop,25
-0.2745,0.5894,-0.5718,r&b,25
-2.402,-1.1387,0.8962,r&b,25
-4.4223,0.0943,0.0203,r&b,25
1.4359,-0.3003,-0.4188,pop,25
-0.822,0.839,0.7923,r&b,25
-2.8813,0.5958,-1.3414,latin,25
-3.8815,1.0773,-1.974,r&b,25
1.8652,-2.9954,0.3438,edm,25
-0.2046,-0.2006,-0.823,edm,25
1.996,1.9048,0.0117,latin,25
0.5044,-0.9373,2.1414,latin,25
-0.8747,1.372,0.0579,r&b,25
-0.1718,0.8361,-2.1825,latin,25
0.7838,-0.8107,-0.2301,pop,25
2.2424,1.023,-0.2091,edm,25
-0.9603,2.3323,-0.0359,rap,25
-1.2625,-1.0695,-0.3184,rap,25
-2.1848,1.1178,-0.1091,rap,25
1.6105,-0.6359,-0.1643,rock,25
-0.5505,-1.3206,0.2013,latin,25
0.1849,-0.6965,-0.8765,edm,25
-0.8642,1.5605,0.1397,rap,25
1.5574,-0.8747,0.4669,edm,25
1.3081,-1.9984,0.4131,edm,25
1.9655,-0.8044,-1.1248,edm,25
0.5037,-0.1183,0.6912,r&b,25
-0.9988,-1.1225,0.1392,r&b,25
0.7779,-1.3427,-0.8632,rock,25
-0.6994,0.4269,0.5868,r&b,25
1.2358,-0.5088,-0.1076,rock,25
0.8097,0.4034,1.4876,rock,25
-3.4954,-1.8511,-1.1991,pop,25
2.6919,-3.9688,-2.3066,rock,25
0.5897,-1.3396,-0.6692,rock,25
-0.4405,-0.1721,1.0188,rap,25
1.2324,-0.5553,-0.2129,edm,25
0.2831,-0.872,-1.0911,edm,25
0.6265,0.1543,0.3612,pop,25
1.4103,-0.2143,1.5611,edm,25
-0.1641,0.9425,0.3139,rap,25
-0.323,2.1047,0.8321,r&b,25
-0.0691,1.4398,-1.6021,rap,25
0.7219,1.2516,-0.366,r&b,25
0.5076,0.2406,0.5558,edm,25
1.7809,0.8105,0.2364,edm,25
-2.4302,-2.7618,-3.0692,r&b,25
0.7701,0.3226,-0.8583,latin,25
-0.1011,-1.7141,-0.4296,rap,25
0.2302,0.8325,-0.8994,rap,25
-1.3535,-0.9499,-0.9027,rap,25
0.9767,-1.0192,-0.4906,edm,25
1.4929,-0.4166,1.0637,pop,25
-0.6298,0.4491,-1.4643,latin,25
0.1484,0.7501,0.5023,latin,25
0.5596,-0.956,-1.9067,edm,25
-0.2045,0.8027,-1.3638,rap,25
1.4096,0.3252,0.8011,pop,25
0.1443,0.634,1.1285,r&b,25
1.6741,-0.7546,0.0161,edm,25
1.4518,-0.565,0.3459,edm,25
1.4073,-1.5827,0.5298,edm,25
2.1811,-1.7035,-1.2567,edm,25
-1.1166,-0.248,-2.9125,r&b,25
-1.7272,0.2804,-0.7283,rap,25
-0.2608,-0.8518,-0.6061,r&b,25
-3.0115,-0.0324,-0.315,r&b,25
-1.1104,0.7897,0.7852,r&b,25
-1.4428,0.2123,-0.7552,pop,25
-4.132,0.6773,-1.1993,latin,25
0.9325,0.4441,0.3463,pop,25
1.967,0.0609,-2.2911,edm,25
-0.1122,2.0278,1.1215,latin,25
1.3776,1.4602,-0.5855,edm,25
0.5424,-0.2237,2.5345,edm,25
1.7381,-1.3003,0.9992,edm,25
1.4141,-0.2413,0.2045,edm,25
0.5912,-1.4442,1.9886,edm,25
-0.3879,-0.4942,2.2595,edm,25
-0.1451,0.0244,0.2766,edm,25
-0.9835,1.7162,0.6172,r&b,25
-4.629,-0.7388,-0.511,rock,25
-0.574,-0.0809,1.7071,rock,25
-1.5534,-0.7467,-0.9776,r&b,25
0.9049,-2.2916,2.2865,edm,25
1.0204,-0.8532,-0.8989,edm,24
1.4436,-0.696,2.8666,edm,24
0.7776,-0.0623,1.2499,rock,24
1.4832,1.4528,-0.7208,rap,24
0.5754,1.1033,0.4378,edm,24
-0.1977,-1.3499,-0.9644,edm,24
0.3928,-0.8607,-0.5916,pop,24
1.2923,1.2689,0.1557,rap,24
-0.5439,1.7422,-0.5715,rap,24
-1.7187,-2.4186,0.1452,pop,24
1.3271,0.5431,0.496,pop,24
0.7811,-1.6412,-0.833,pop,24
0.3985,-2.4007,2.0774,rock,24
1.1196,0.8542,-1.2346,rap,24
0.0949,0.5779,1.1532,r&b,24
1.4465,-1.1212,-0.2828,edm,24
-0.0009,-0.2515,2.296,pop,24
0.345,-0.372,0.0913,edm,24
-2.5469,0.2706,1.1773,pop,24
-0.1354,0.403,0.9515,edm,24
0.6493,0.8639,1.05,edm,24
-3.1613,-0.5677,-0.1244,rock,24
-0.3807,0.4445,1.1514,edm,24
0.3094,-0.2322,-0.0084,edm,24
-3.1682,-2.1988,-0.2621,rock,24
-0.61,1.0302,0.3585,rap,24
-0.8149,1.5899,0.7343,latin,24
-0.3235,1.2397,0.7287,r&b,24
-0.2473,0.415,0.0515,edm,24
1.4318,-1.3982,0.6495,edm,24
-0.8708,0.9382,-0.1162,rap,24
-1.4374,1.6241,0.0632,pop,24
-1.5577,0.9385,0.1711,latin,24
1.5342,-1.7974,-1.2939,edm,24
0.7823,-1.7594,0.4291,edm,24
-0.1739,-1.4865,-1.2761,pop,24
-0.8861,-0.4848,-1.1036,pop,24
2.0138,-0.2419,1.3342,edm,24
1.6631,-0.5575,-1.3646,edm,24
-0.1599,1.4336,1.1139,r&b,24
0.9352,0.9589,-1.4595,edm,24
0.5838,0.2379,0.8362,r&b,24
-0.5319,0.7865,1.9655,r&b,24
-0.13,-2.2024,-0.4711,pop,24
1.6354,0.8752,0.3906,pop,24
-1.8944,-0.2931,1.9166,rap,24
0.2197,2.6415,0.405,rap,24
0.9444,-0.1445,1.1522,rock,24
1.4162,-1.9194,1.2309,edm,24
0.873,0.9523,-1.3387,pop,24
0.7513,1.2003,-2.0197,latin,24
1.9063,-0.77,-0.4577,rock,24
-0.9694,-1.8499,0.9367,pop,24
1.0614,-0.3574,-0.0822,edm,24
1.3774,-0.3619,-1.5543,edm,24
2.2644,-2.1848,0.2573,edm,24
-2.2597,1.4342,-0.3674,r&b,24
-4.2904,-2.1355,0.2008,r&b,24
1.5072,-0.9656,-1.1176,edm,24
1.1204,-1.6263,0.0255,edm,24
-1.5997,0.7165,0.7941,r&b,24
0.1167,-1.8967,-1.1981,r&b,24
1.6809,-1.1798,1.1436,edm,24
-4.0097,-3.5002,2.1909,pop,24
0.308,2.2836,0.1519,rap,24
2.3294,-2.5121,-0.4707,edm,24
-1.6155,0.7372,1.3021,r&b,24
1.0604,-0.008,0.5791,rock,24
1.413,-1.3122,1.0607,edm,24
1.3246,1.8566,-0.2429,r&b,24
1.1078,-0.6241,-0.3794,edm,24
0.8204,-1.6064,1.505,edm,24
0.3371,2.1902,-2.1182,r&b,24
0.9562,-2.2096,1.059,edm,24
-0.909,-0.2922,4.1083,pop,24
-0.9536,0.2009,1.9006,r&b,24
1.4248,0.2451,-0.7161,edm,24
0.7326,0.0835,2.228,edm,24
0.8592,-1.856,-1.3626,rock,24
0.1712,0.4147,-0.2077,rap,24
1.3313,0.7403,-1.5453,rap,24
-0.5704,-0.0866,-0.1223,pop,24
-0.3691,2.2395,0.0064,rap,24
-2.1292,-2.022,1.041,edm,24
0.8201,-1.1472,2.1664,edm,24
0.1883,-1.7867,-1.3337,edm,24
-0.9967,-0.6627,0.1287,r&b,24
0.8757,1.1613,0.4551,pop,24
0.4395,0.3642,-0.4457,pop,24
-0.4893,1.2707,0.0866,rap,24
1.1175,1.2173,0.2376,pop,24
2.4646,-0.8664,-1.8196,edm,24
1.6223,-0.8851,0.8029,rock,24
-3.1911,1.6793,-1.9899,r&b,24
-0.271,0.353,-0.3646,rap,24
-1.9498,-1.1545,-1.1304,pop,24
1.14,-0.2995,1.1079,rock,24
1.5113,-1.6289,-0.7252,pop,24
-0.4616,2.7571,-1.4414,r&b,24
1.3008,-2.4735,0.6629,rock,24
-3.0547,-2.5481,1.4891,rock,24
-3.8249,-1.7788,-0.9883,r&b,24
1.8059,-1.6219,-0.3209,edm,24
1.3669,-0.6614,-0.0466,edm,24
1.2966,1.8059,-0.1402,r&b,24
1.8817,-0.8009,-0.9417,edm,24
0.5834,1.7161,-0.5385,edm,24
0.2168,0.2945,0.6135,rock,24
-0.59,1.711,-0.1242,rap,24
0.4575,1.2827,0.9541,r&b,24
-1.2336,1.3843,0.3584,r&b,24
1.4369,-1.113,-0.1262,rock,24
-1.3882,-0.6923,-0.1088,edm,24
1.2838,-1.2287,-0.2699,edm,24
-1.5024,-0.1292,0.5027,r&b,24
0.9882,0.7704,-0.4193,latin,24
-1.4858,0.1635,-0.1045,pop,24
0.9948,0.5332,-0.1088,pop,24
-1.6612,0.1631,-0.2849,pop,24
1.8679,-1.5162,-1.0836,rock,24
0.2463,1.3967,0.6794,latin,24
-0.5557,-0.2161,0.2398,pop,24
0.552,0.4412,0.508,edm,24
0.0811,0.229,2.2735,edm,24
1.8493,-2.0346,0.0674,edm,24
1.4391,-0.3216,2.4375,r&b,24
-0.274,-1.6394,2.2778,edm,24
0.0128,-0.0694,0.5083,latin,24
-0.7678,0.3951,-0.3272,rap,24
1.6345,-1.7886,0.3261,edm,24
0.5448,-1.301,1.2588,edm,24
-0.58,-1.4385,1.1497,edm,24
-1.5788,-1.2703,2.7614,latin,24
-2.6335,-2.8361,-0.8505,rap,24
0.4089,-1.0014,1.6236,edm,24
1.4648,1.2321,0.3814,edm,24
-1.0636,0.6613,-0.0712,rap,24
0.6864,-2.2365,-0.1382,rock,24
-0.9397,1.4372,-1.5326,edm,24
0.2778,0.6098,-0.4421,rock,24
1.7537,-0.1878,0.9559,edm,24
0.9738,-0.7725,0.1051,rock,24
0.0105,-1.7073,3.1587,edm,24
-0.4639,-0.8488,-0.2322,edm,24
0.9593,0.4655,-0.9012,edm,24
-0.9771,0.8556,1.0663,rock,24
-0.0329,-0.4182,-0.0721,rock,24
-0.4277,0.3206,0.2339,r&b,24
-1.7228,0.0995,1.1937,r&b,24
0.8489,-0.671,0.5321,rock,24
1.4849,-0.0524,0.3768,latin,24
-1.1237,1.4781,1.1408,rap,24
0.0258,-0.7497,-0.1055,latin,24
1.2562,-0.5644,-1.3082,edm,24
2.2165,-0.1373,-2.0047,edm,24
1.2518,1.039,0.2647,edm,24
1.9299,-0.1854,1.1378,edm,24
-1.291,0.8638,1.8229,r&b,24
0.6063,-0.692,0.1542,pop,24
-0.496,0.9012,0.4254,rap,24
0.6594,-1.347,-0.2998,edm,24
0.4439,0.2116,-0.1026,edm,24
-1.025,-0.2303,0.3497,rap,24
0.4081,0.0461,-0.1604,pop,24
-0.2788,-0.7474,1.6792,latin,24
-0.037,-0.3476,-0.9824,rap,24
-2.3502,0.9024,0.2816,r&b,24
0.276,0.5174,1.5347,latin,24
1.4057,0.4069,0.8778,latin,24
-0.2127,1.362,0.1351,latin,24
0.8562,-0.8016,0.3234,pop,24
-0.9304,1.5557,0.192,r&b,24
2.0695,0.1442,-1.2648,rap,24
1.1963,0.1896,0.1371,rap,24
0.7798,0.4639,1.3224,edm,24
0.6687,-0.3229,-0.7138,edm,24
0.3401,-0.3356,0.3449,pop,24
1.6222,-0.3042,0.3203,edm,24
-1.5733,-1.2272,-0.5353,pop,24
0.667,-2.4233,0.3835,pop,24
-1.4656,-0.0829,-0.2872,pop,24
0.7621,1.7273,0.6713,latin,24
0.7344,-0.0815,-0.29,latin,24
-0.7439,-2.0739,1.4773,edm,24
-3.1355,0.1683,-0.5061,pop,24
-2.8783,0.4488,0.8891,r&b,24
0.538,0.727,-1.4835,rap,24
-1.5027,-1.1339,2.6151,edm,24
-0.9106,-3.0347,2.3392,edm,24
-0.1854,0.6842,0.9562,edm,24
0.5797,-2.8867,3.4498,edm,24
-1.9886,-0.0223,-0.173,r&b,24
-1.6228,-1.8113,-2.5854,r&b,24
0.7289,-0.1041,2.3199,latin,24
-0.3496,2.0224,-0.4858,rap,24
-4.1254,2.738,-2.4943,edm,24
0.9083,-1.263,-0.8357,edm,24
1.6966,1.4661,1.0061,latin,24
2.021,-0.04,0.7026,edm,24
1.7852,-0.7742,1.2571,edm,24
2.4707,-1.4544,-0.0564,edm,24
1.2835,-0.6391,0.0342,rock,24
-1.4511,-0.6162,1.0218,rock,24
0.8783,0.0869,0.3225,rap,24
0.6026,1.2809,0.8247,r&b,24
-0.0409,0.5772,2.2025,r&b,24
1.26,0.3706,0.4024,pop,24
1.6768,-0.1435,0.0784,edm,24
-0.9597,-1.5151,1.4232,pop,23
0.0537,-1.5739,0.4757,edm,23
-0.4822,1.2416,0.9279,r&b,23
1.6584,2.0088,-1.264,latin,23
-0.625,-0.7781,-0.7349,pop,23
0.539,0.3724,0.4674,pop,23
-0.5068,-1.938,-0.1257,r&b,23
-2.16,-0.7997,-0.6818,latin,23
-1.6546,-2.2716,-0.1849,edm,23
-3.4016,-0.2901,-0.0954,edm,23
-3.8646,-0.6492,-1.6925,latin,23
0.0989,-1.9812,3.8944,edm,23
-0.8225,0.4376,1.0833,r&b,23
-0.1457,1.9353,-0.1794,rap,23
0.3973,0.3475,-1.2635,rap,23
0.8537,0.7087,0.5135,rap,23
-0.8525,1.6849,0.6879,pop,23
0.9926,-1.1706,0.4653,edm,23
-3.5502,-1.1543,-1.5922,pop,23
0.8682,1.328,-0.3242,edm,23
2.1958,-0.7067,-2.6532,edm,23
0.8507,0.3888,0.1463,edm,23
-0.9035,1.3853,-0.9567,edm,23
1.2868,0.9036,1.0253,edm,23
-0.8172,1.7499,0.8972,edm,23
-0.412,0.7958,-1.5564,r&b,23
-1.505,0.7358,-0.9106,latin,23
0.5673,0.695,0.095,r&b,23
0.7181,1.2173,1.0547,edm,23
1.7238,-0.2582,0.9139,edm,23
1.4118,-1.0448,-0.3581,pop,23
-1.1456,0.1123,-1.3522,rap,23
1.6278,-0.6636,-0.2895,edm,23
1.3547,-0.5188,0.3654,edm,23
-1.4056,0.681,0.0525,r&b,23
1.6019,-0.6994,-1.726,edm,23
0.2443,-0.7219,-0.6717,r&b,23
-1.3249,0.7047,-0.7329,r&b,23
-2.0186,0.1462,0.2576,r&b,23
0.7159,1.4698,0.8589,r&b,23
-0.1332,0.9782,1.1046,r&b,23
-0.7496,0.2231,0.3441,rock,23
0.2291,1.197,0.9421,latin,23
1.3123,0.4518,0.2503,edm,23
0.6459,-1.2355,0.0984,edm,23
0.3881,-2.7081,2.1718,rock,23
1.1006,0.2603,0.2668,edm,23
0.7607,-0.8662,1.2667,rock,23
1.6917,0.1606,-0.9537,rock,23
1.8732,1.2081,1.0934,edm,23
1.2964,0.5093,-0.3606,edm,23
0.338,-0.2613,1.2874,edm,23
-0.1067,-0.1202,-0.0569,r&b,23
2.5805,-1.3504,-1.3077,rock,23
-0.9509,1.0598,0.5464,rap,23
-2.3527,1.2195,1.0545,rap,23
1.2866,-3.8574,-0.6869,rock,23
0.6999,-1.0142,2.8643,edm,23
1.9457,-0.9737,-0.6296,rock,23
-1.8378,-0.1985,-0.0958,rock,23
-3.7734,-0.4872,-0.3561,rock,23
0.1885,-0.7614,-0.3036,edm,23
-0.8137,-0.0357,3.4665,edm,23
-0.2753,-0.6429,1.6121,edm,23
-0.4228,-0.2392,0.0948,r&b,23
1.8464,-1.8973,-0.7877,rock,23
-0.8144,1.2101,2.0175,rap,23
0.6101,0.9467,-2.4888,rap,23
-0.1676,-1.7682,-1.2061,pop,23
1.869,-0.1972,-1.1676,edm,23
1.3112,-1.4757,-1.307,edm,23
1.3974,1.0649,-0.6752,pop,23
2.1915,-2.9342,-1.1076,rock,23
1.6221,-1.8791,-1.0706,edm,23
1.7713,0.3613,-0.4357,edm,23
1.2545,0.8814,-0.5528,latin,23
1.9213,-2.0749,0.0679,edm,23
2.0677,-0.408,0.5493,edm,23
1.2352,-2.0034,0.6597,edm,23
0.8499,-1.4665,0.4399,edm,23
-0.3131,-0.5808,-0.4245,latin,23
0.5875,-0.3693,-0.2971,edm,23
0.6901,0.6036,1.0439,r&b,23
0.8562,-1.0494,-0.2777,pop,23
-0.5396,0.1491,0.963,pop,23
-1.7243,0.1127,0.8706,latin,23
0.5428,-1.0299,-0.1606,latin,23
0.402,-0.8719,-0.323,rock,23
-6.6419,-0.5201,-1.1255,r&b,23
-1.7226,0.0469,-1.1132,r&b,23
-1.5813,-1.6885,0.6386,pop,23
2.0442,-1.9077,-0.9333,rock,23
-2.2018,-0.4687,1.2718,r&b,23
1.2989,-0.7579,0.8461,pop,23
1.7489,0.3693,-2.2035,edm,23
1.4598,-1.0933,0.4202,rock,23
-0.8058,-0.5337,-1.6391,edm,23
0.1681,2.4544,0.0064,r&b,23
-1.3455,0.1437,0.9841,r&b,23
2.8361,-1.7883,-2.4907,edm,23
1.4891,-0.8939,-0.5258,rock,23
1.8541,0.344,-0.622,rap,23
1.7498,-1.1422,-1.6055,edm,23
-0.0531,-0.8915,-0.102,edm,23
0.3923,0.0151,-0.0325,pop,23
-0.7103,-0.9652,-0.8354,edm,23
-0.3949,-0.2176,-0.0989,rap,23
-0.2719,-0.8944,-2.3636,r&b,23
0.4718,-0.2379,0.9699,edm,23
0.5908,1.7255,0.3396,rap,23
-0.1176,-0.005,-2.1958,pop,23
-1.3117,0.7463,1.0597,r&b,23
0.4044,-0.5758,-0.5507,edm,23
-1.9431,0.3656,0.697,r&b,23
1.1629,0.2773,0.1599,r&b,23
-1.9396,-0.3435,-0.1821,r&b,23
0.24,-1.0393,3.0008,edm,23
1.6563,-0.1348,-0.1778,edm,23
1.2711,-2.2388,0.571,edm,23
-4.0845,-1.7738,-0.7675,r&b,23
0.464,-2.1141,-0.895,edm,23
-1.7602,1.5459,-1.3019,rap,23
0.5833,2.1075,-2.5745,rap,23
1.2009,-1.5047,1.2968,pop,23
0.8501,-1.2257,0.0244,edm,23
0.3331,2.6709,-1.4283,r&b,23
0.8535,-3.1469,2.0957,edm,23
-1.5007,-1.2013,2.3793,r&b,23
-0.5436,-0.4049,-0.158,rap,23
-0.0738,0.8891,1.5299,rap,23
1.629,-1.1095,-2.9935,r&b,23
1.3003,0.5091,-1.2448,rap,23
1.4185,-0.4546,-0.5753,r&b,23
-1.2782,0.2304,0.4312,latin,23
1.7605,-0.3158,0.5018,pop,23
-0.2541,-1.3629,0.0086,edm,23
-1.3673,-1.3302,3.4368,edm,23
0.0849,-2.2472,-1.0162,latin,23
1.8177,2.4892,0.5443,rap,23
1.8389,1.1877,0.0597,rap,23
0.3426,1.7877,-0.2981,rap,23
1.1124,0.2857,-2.0196,rap,23
0.9952,0.4195,0.341,rock,23
0.9742,1.3051,1.1894,r&b,23
-0.2711,1.3801,1.7282,r&b,23
-1.3764,0.975,-1.4387,rap,23
-0.8021,0.4726,0.1693,pop,23
-0.3227,1.1844,1.0759,r&b,23
-1.337,0.2325,-0.9779,rap,23
1.6554,-0.1309,-1.7941,r&b,23
1.188,0.5935,0.7827,rock,23
-1.996,1.11,1.6996,r&b,23
-0.9561,1.5738,0.2158,r&b,23
0.7006,-0.5382,-0.5045,rap,23
-1.2471,-0.6406,-0.1013,r&b,23
-1.6991,1.73,-1.9381,r&b,23
1.3559,-0.1366,-0.2217,edm,23
1.3721,-0.4555,1.698,rock,23
1.2024,-0.4503,0.9008,edm,23
-0.1328,-0.8939,-3.2399,edm,23
0.9492,0.6795,-0.0105,edm,23
0.9564,0.433,0.3678,r&b,23
-0.0383,0.0058,-0.0373,pop,23
-3.887,-0.575,0.1727,r&b,23
-5.1063,-1.3005,0.6168,r&b,23
-3.393,-0.5181,0.3877,pop,23
1.6951,0.8058,0.8792,pop,23
2.0155,-0.4123,-0.7193,rock,23
-0.2719,-1.2411,-0.0947,rock,23
-0.8161,-2.1828,2.5494,pop,23
-0.1255,-1.4147,-0.0109,pop,23
0.7573,-0.2383,-0.7892,r&b,23
-2.6846,0.3062,-0.0605,edm,23
1.7422,0.9007,0.2117,edm,23
-0.4536,0.6606,0.5882,latin,23
0.1366,0.0714,-0.5345,latin,23
-0.9521,0.9338,1.2331,rap,23
1.0104,-2.7819,1.0074,pop,23
-0.484,-0.768,0.08,pop,23
-0.6195,0.5473,-0.4324,rock,23
0.3098,-1.6313,1.8682,edm,23
-0.5957,1.1358,0.7984,pop,23
-0.0764,-1.4634,0.0536,pop,23
-0.1414,-2.786,-0.1758,edm,23
-1.4529,1.0271,0.9086,edm,23
1.2517,-0.2429,0.3654,edm,23
0.9749,-0.6587,-0.2077,edm,23
-0.9169,1.3212,0.6231,latin,23
0.3846,0.9523,-0.0998,latin,23
0.5605,-0.1478,0.406,pop,22
0.9935,-0.4105,0.2897,pop,22
-0.6102,0.456,-1.0247,r&b,22
-3.0143,1.1134,-0.9579,r&b,22
-0.2304,0.5717,-3.0042,r&b,22
1.2895,-0.2638,-0.5435,edm,22
1.2853,0.4488,1.6917,edm,22
1.0636,0.0741,0.3046,edm,22
0.1317,-0.8549,0.8193,r&b,22
1.1189,-1.3198,-0.5979,latin,22
1.8939,-1.306,1.1533,edm,22
0.6194,1.8711,1.1565,rap,22
-0.3727,-0.1322,2.249,latin,22
-0.0206,0.4196,0.288,latin,22
2.0122,-0.5305,-1.4417,edm,22
1.8514,-1.08,-0.8033,edm,22
1.457,1.0826,-0.0936,latin,22
0.6144,-0.6106,1.9159,edm,22
1.1903,1.1444,0.7243,r&b,22
-0.303,0.6861,1.8588,r&b,22
-0.8893,-0.8741,-0.2026,pop,22
1.1944,-0.8966,-0.996,edm,22
0.3126,0.3786,0.3954,rock,22
-0.8203,-0.9067,0.1237,edm,22
1.2397,1.6478,0.8632,edm,22
0.5796,1.1665,-0.1156,rap,22
-0.4214,0.4327,2.725,edm,22
1.4467,2.187,-1.1829,r&b,22
1.2418,2.1564,-1.982,r&b,22
0.704,-0.1673,-1.7089,r&b,22
0.298,0.5922,-0.01,rap,22
-0.7363,-0.2123,0.5465,rock,22
-0.238,0.9054,0.1013,rock,22
-0.6285,1.1651,0.582,rap,22
1.0422,0.6845,-1.239,rap,22
-3.2646,0.3012,-2.3201,rap,22
1.3336,1.2817,0.7713,r&b,22
0.0546,0.5384,-0.2118,rap,22
0.7944,0.8352,1.284,r&b,22
-0.6761,0.7392,0.2729,rap,22
0.5701,1.1074,0.8343,edm,22
-0.9797,-0.1548,-0.2368,r&b,22
-0.1858,0.1757,-2.8947,r&b,22
-0.0875,0.5836,-1.7645,r&b,22
-0.5642,1.5202,1.4731,r&b,22
0.7287,-2.1959,3.7737,edm,22
0.2897,0.5659,0.8032,latin,22
0.8917,-0.2013,0.2382,rock,22
2.1437,-0.2796,0.6252,edm,22
-0.9211,0.9677,0.7923,rap,22
-0.3969,-1.239,-0.8423,r&b,22
-0.1542,0.1705,-1.8706,rap,22
0.6422,0.5932,-2.2562,rap,22
1.4761,-0.6159,1.3263,edm,22
2.0253,-1.8451,-2.7393,rap,22
-1.849,-0.7393,1.4047,pop,22
-1.0916,-0.1443,-0.3878,pop,22
0.0592,-0.1809,0.5636,latin,22
-2.2464,0.975,1.1472,rock,22
-0.3044,0.117,-0.3034,latin,22
-0.1081,-0.9205,0.2921,rock,22
-5.4497,0.1956,-0.3972,r&b,22
0.3268,0.7053,1.6763,rap,22
0.9928,0.1266,-0.1141,rap,22
-2.0347,1.3681,-1.4972,latin,22
0.2615,-0.997,-0.61,edm,22
2.6926,-1.3546,-1.9295,edm,22
-1.8872,1.5123,0.5388,r&b,22
0.126,1.0178,-0.3692,r&b,22
1.0286,-2.1448,1.0306,edm,22
1.563,-1.7647,0.3056,edm,22
1.2249,0.5017,-0.0406,pop,22
0.3889,-1.2151,-0.351,edm,22
1.9742,0.8262,-1.3444,r&b,22
0.7111,0.983,0.7677,r&b,22
0.1877,-0.2928,0.162,pop,22
0.271,0.7287,0.7453,r&b,22
-1.456,-0.9408,1.0664,r&b,22
1.7267,0.957,0.7146,latin,22
2.398,-0.435,-2.6045,r&b,22
-1.3892,-0.6825,1.8969,edm,22
0.5287,0.7648,0.3656,latin,22
-0.176,1.1177,0.9404,r&b,22
1.3098,2.5723,-2.566,rap,22
0.7565,-1.1022,-0.0465,rock,22
0.4463,-1.2356,-0.1026,edm,22
0.7768,0.3933,1.5789,edm,22
1.3096,0.1456,1.801,edm,22
0.1068,0.2167,0.3122,edm,22
1.052,-1.7621,-0.7305,rap,22
-0.1422,0.6485,-0.2175,pop,22
2.3758,-0.8883,-1.05,edm,22
0.8604,1.7988,1.1842,r&b,22
0.4971,0.494,-0.8063,rap,22
-1.3425,-1.3002,1.4177,edm,22
0.7464,1.962,1.0525,r&b,22
-2.4341,-0.3938,-1.4392,r&b,22
-1.5927,2.1335,-1.4672,r&b,22
1.4726,-1.5776,0.4642,edm,22
0.2658,1.2791,0.9837,latin,22
1.5519,-1.5348,-0.7875,edm,22
1.2857,-0.4805,-1.0439,edm,22
-0.7627,2.426,0.9676,rap,22
1.3492,-1.6208,-0.7368,rock,22
-1.4664,1.0548,-0.1574,latin,22
-1.5005,1.3258,1.0436,r&b,22
-1.1068,0.1456,-0.4177,edm,22
1.1095,2.2776,0.2418,pop,22
1.2512,0.1019,0.2711,pop,22
1.2198,-0.1803,-0.2893,r&b,22
0.0051,0.8044,-0.8528,latin,22
-1.2124,-0.1095,-0.2804,rap,22
-1.1524,-0.1319,-0.5371,edm,22
-1.3634,-1.0506,-1.3535,edm,22
0.6041,-1.4979,-1.2977,edm,22
0.7373,1.6874,0.2792,rap,22
-0.7307,2.0622,0.9503,rap,22
-0.9125,-3.7199,-0.2864,rock,22
1.6942,0.4262,-0.2862,pop,22
0.0639,1.189,0.7107,rap,22
0.212,-1.5418,-1.0007,r&b,22
0.2512,0.7895,-0.193,r&b,22
-1.3929,1.838,-0.4043,r&b,22
0.9589,-4.0497,0.4833,edm,22
-0.9564,-0.2148,0.9007,rock,22
1.482,0.3544,-0.0861,edm,22
2.5274,0.5186,-1.0316,edm,22
0.9679,-1.3725,-0.6287,edm,22
1.9421,-0.4059,-0.8196,edm,22
1.2962,-2.0084,1.3489,edm,22
0.9793,0.9398,1.2636,edm,22
-0.1026,1.2721,-2.047,rap,22
-0.051,0.6102,-0.4814,rap,22
-0.6847,1.2113,0.1361,r&b,22
0.042,1.1631,1.3494,rap,22
0.4328,0.474,0.1551,edm,22
0.5964,-0.3889,-0.4881,edm,22
1.4591,-3.1585,1.6284,edm,22
-0.159,-0.3057,1.427,rock,22
1.4179,1.6188,0.3247,rap,22
1.2292,1.9323,1.0263,edm,22
-0.1835,1.2021,0.3011,edm,22
1.4669,-2.0951,0.3822,pop,22
1.5286,-1.5973,0.3066,rock,22
0.9523,-1.0217,-0.5387,pop,22
-0.0187,-1.4708,-0.7764,rock,22
2.5776,-1.0923,-1.8384,rock,22
1.9433,-0.8675,-0.5678,edm,22
1.1001,-0.1309,0.6926,rock,22
1.3734,1.5766,0.2949,pop,22
-1.8994,1.2399,1.8958,r&b,22
-0.4584,1.2305,1.2846,r&b,22
-0.7564,0.469,2.4816,edm,22
-2.4093,-2.122,0.6701,edm,22
-0.4181,2.4311,0.6801,edm,22
1.2487,-0.9867,-0.61,edm,22
1.0853,-0.1371,0.0442,rock,22
-2.1518,-2.4824,-0.2542,r&b,22
2.2567,0.7771,-0.4318,rap,22
0.7869,-0.5177,0.5698,rock,22
0.788,1.8057,1.61,rap,22
0.6392,-1.279,1.3803,edm,22
-1.2678,0.3356,2.1542,edm,22
-0.8405,2.1737,-0.7407,r&b,22
-0.1701,1.8874,0.8919,r&b,22
-0.6041,-1.178,-0.879,edm,22
0.2252,1.0348,0.8461,pop,22
-2.6647,-1.0558,0.8396,rock,22
1.1249,0.6765,0.183,r&b,22
-1.66,-1.264,0.3128,latin,22
1.1751,-0.2407,-0.5575,edm,22
0.0061,-2.042,1.8763,edm,22
0.3581,0.4887,1.2054,r&b,22
-0.117,-0.0236,0.29,rap,21
-1.2145,1.9138,-1.2628,r&b,21
0.3086,-0.932,-0.5535,r&b,21
2.3031,-2.4906,-2.1941,rock,21
1.6478,-2.7311,-1.1492,rock,21
0.1187,-0.6298,0.0561,edm,21
1.0562,-1.0958,0.8295,edm,21
1.2067,-0.5385,1.7681,edm,21
-5.3075,-0.1515,-0.3001,pop,21
-1.002,2.943,-0.0523,rap,21
1.6285,-0.4076,-0.2283,edm,21
-1.0084,1.9514,0.6811,rap,21
-1.4811,1.7995,-0.7097,rap,21
0.7594,0.251,-1.0691,pop,21
2.0879,-2.3294,-1.5519,edm,21
0.1454,-0.3226,-1.4441,r&b,21
-1.0784,0.2448,-0.9223,r&b,21
-0.9475,0.8264,0.1179,r&b,21
-0.8562,-0.4684,-1.0214,rap,21
1.2677,-1.0024,2.8721,edm,21
0.6249,0.9083,0.5301,edm,21
0.6697,-0.0628,-2.1196,edm,21
1.7249,-0.3448,-0.4592,rock,21
0.544,-1.1138,1.4243,pop,21
-0.3828,0.5336,0.2219,r&b,21
1.9578,-1.3241,-0.9036,rock,21
-1.2642,1.0782,-1.6667,rap,21
1.0201,0.3981,0.7261,rock,21
1.3431,-2.6334,0.4459,edm,21
-4.838,-1.7852,-0.4531,rock,21
-0.6347,-0.2489,1.4007,rock,21
1.8745,-0.8344,-0.2979,edm,21
0.1356,-0.7748,1.0908,edm,21
0.0779,-1.22,0.6155,edm,21
0.9093,-1.1803,1.0783,edm,21
-0.9616,1.0012,0.6463,rap,21
-1.404,-0.8677,0.4434,rock,21
0.8749,-1.8696,3.6213,latin,21
-3.3893,1.6674,-1.0969,r&b,21
1.6813,-2.5529,-0.1817,edm,21
1.4851,-0.9631,-0.2909,edm,21
0.5385,-0.043,1.573,edm,21
1.2358,0.1747,-1.3561,rap,21
-2.2619,-0.8017,0.7732,pop,21
0.6182,0.1427,-0.6806,pop,21
1.9149,-0.1548,1.8367,edm,21
-0.0654,2.8917,-0.7834,r&b,21
-0.3488,-0.4898,0.7506,r&b,21
1.4831,-0.9565,-0.3428,edm,21
-1.2226,-1.9171,-0.7963,pop,21
-0.8629,-0.9614,0.6496,r&b,21
-0.7114,-0.3732,-0.0026,rock,21
1.9853,-1.2465,-0.3647,edm,21
1.4451,-0.0899,2.0866,edm,21
0.8152,1.2676,-0.196,rap,21
-1.0955,-0.1524,0.7504,rock,21
-0.2672,-0.0746,0.1896,pop,21
0.5332,1.9991,-0.5338,rap,21
0.7174,0.1719,-1.2456,pop,21
1.8697,-1.0558,-2.184,edm,21
-0.9725,-0.528,0.2768,pop,21
1.6703,-1.0054,-1.6374,rap,21
-2.2395,-1.013,-2.2316,pop,21
0.1939,0.1523,2.0116,latin,21
1.2405,1.7155,0.5036,rap,21
-0.6634,-0.1805,-0.1678,edm,21
-0.9837,0.0106,0.6171,r&b,21
1.3655,0.2878,0.1948,latin,21
-2.5272,1.2948,-1.6098,rock,21
0.428,0.4457,-1.8103,rock,21
-0.1367,0.1451,-0.2514,r&b,21
0.378,-0.9025,-1.6447,rap,21
0.789,-0.0972,-0.5775,edm,21
1.3213,-0.2871,0.5043,pop,21
-3.0029,2.1659,-0.7852,r&b,21
-1.1046,-0.4827,-0.7193,r&b,21
-0.6982,1.2524,0.4857,latin,21
0.1618,-1.5203,3.3929,edm,21
1.0952,0.7682,0.0379,edm,21
0.7065,2.3959,0.4741,rap,21
1.0277,0.9222,1.0866,pop,21
-2.3313,0.1495,0.0532,pop,21
-0.0497,0.5268,0.1741,edm,21
-1.3293,-0.4111,0.094,edm,21
0.2567,1.8606,0.2868,latin,21
0.1486,-1.1656,-1.8593,rock,21
1.3713,0.8354,1.8776,edm,21
1.7502,-0.9148,-2.4363,edm,21
1.7129,-1.7346,0.4299,edm,21
-2.2107,-1.8369,-2.1454,rap,21
-0.4478,-0.8168,0.7345,pop,21
1.5934,-0.0853,0.5095,edm,21
-0.4618,0.0855,0.6132,r&b,21
1.3748,-0.188,0.0489,pop,21
0.7627,1.6999,-0.1469,rap,21
0.0041,2.3141,-1.2795,rap,21
1.3303,-1.1444,-0.6048,edm,21
1.8844,0.953,-0.7211,pop,21
0.2348,-0.3329,1.3567,pop,21
-0.0825,0.782,1.7006,edm,21
0.9042,0.2431,1.8439,edm,21
-0.5496,1.1187,-0.6627,rap,21
0.8318,0.2796,0.4945,rap,21
-0.1564,-0.5364,-0.3194,rap,21
-1.4338,0.2963,-0.0886,r&b,21
-1.7542,1.4136,1.5641,r&b,21
1.8205,-1.045,-0.4523,edm,21
0.3846,1.3892,0.0099,edm,21
0.2107,2.334,-0.2498,latin,21
1.1303,0.9073,0.1761,r&b,21
0.3555,0.7081,-3.2338,r&b,21
-1.6274,0.5116,1.2521,rock,21
0.1094,0.8351,0.4602,rock,21
0.7546,0.039,-0.534,pop,21
-1.1263,-0.0757,0.9454,r&b,21
-0.1898,0.2728,2.2732,edm,21
1.183,-2.2307,1.9323,edm,21
-1.2398,1.119,-0.3499,rap,21
0.7445,-1.9849,0.7054,edm,21
-2.3327,-0.2603,0.4676,pop,21
-1.1203,2.955,-0.2441,rap,21
0.702,-1.3077,-1.761,rap,21
-0.6529,-0.0728,0.9214,rap,21
1.4288,-1.0242,-0.12,edm,21
1.0878,-1.9376,1.5312,edm,21
0.7742,0.8979,0.7408,rock,21
-0.8573,0.2419,1.0033,rock,21
0.8891,1.1485,1.2197,pop,21
-1.2531,-0.0391,-1.2304,rap,21
0.6928,-1.3392,2.6035,edm,21
-0.688,0.0648,0.0485,r&b,21
2.1128,-3.3317,-1.342,edm,21
0.4438,0.6154,3.2247,r&b,21
0.8498,-0.4049,0.1377,rock,21
0.8014,-0.023,0.5089,r&b,21
1.1141,0.3624,1.072,latin,21
1.3693,-0.0708,-0.1316,rock,21
0.8186,-1.0068,0.071,rock,21
-3.9574,-0.41,0.0155,pop,21
1.6373,-0.4367,-0.4765,edm,21
0.0093,0.9351,1.0878,edm,21
-0.8371,-0.4621,0.1496,r&b,21
0.3329,1.6266,0.2637,latin,21
-0.4738,1.2155,-2.2249,r&b,21
1.2605,1.1416,-1.5033,rap,21
-0.0534,-2.5677,2.5619,edm,21
0.0814,0.9007,1.2195,latin,21
-0.4894,0.0383,-0.5581,rock,21
-2.1411,0.2273,-1.271,r&b,21
-0.5435,1.4669,-0.6501,rap,21
-1.9872,-2.6497,3.0342,edm,21
1.5648,-2.7976,-1.3878,rock,21
-0.7863,-0.7274,-0.3646,rap,21
0.5985,0.8819,0.8206,r&b,21
-0.4412,0.1629,0.1904,r&b,21
0.6614,0.2972,0.314,latin,21
0.6853,1.6421,0.6867,r&b,21
1.4305,0.603,-1.4163,r&b,21
0.5091,1.4548,1.0844,r&b,21
0.5394,1.0908,-0.421,rap,21
0.8001,-0.8603,0.1269,rock,21
0.2107,-0.2479,0.3536,rock,21
0.2076,1.6981,1.0623,rap,21
0.1502,-0.0053,1.6176,edm,21
-2.5313,-0.2351,-1.0925,pop,21
0.571,1.1853,0.3464,pop,21
1.0035,0.0204,1.2762,rock,21
-3.2692,-0.2365,0.2137,rock,21
0.0845,2.2717,0.4287,rap,21
0.9384,-1.0529,-0.4783,edm,21
-1.3148,-2.3596,-2.4598,r&b,21
1.0031,0.1188,0.2884,pop,21
1.2807,-0.2959,0.0852,pop,21
1.403,-1.1576,-2.4423,rock,21
-0.5805,-1.9246,1.4307,edm,21
-1.4849,-2.5176,-0.7928,r&b,21
0.4616,-1.639,1.8356,edm,21
-0.1031,0.3311,-0.4694,pop,21
-3.5097,-1.1929,-2.5048,rock,21
-2.157,0.4146,-0.1674,latin,21
0.4118,0.6276,0.4799,pop,21
-1.0681,-0.2338,0.6029,edm,21
-1.4015,-2.6726,-0.1493,rock,21
2.6266,-0.7106,-0.7693,pop,21
-0.3562,-0.4486,0.6704,rap,21
1.0191,-0.04,0.1356,rap,21
-1.1824,0.7974,0.0213,rock,21
1.6137,-1.2685,-0.1761,rock,21
-1.8547,-0.1668,1.4244,edm,21
1.3624,-1.6437,0.3137,edm,20
-2.5966,-1.3196,-1.0306,r&b,20
0.4515,-0.5687,0.0569,r&b,20
0.061,-2.0482,1.7888,pop,20
0.4162,1.278,0.4836,latin,20
-1.9341,0.8992,-2.4976,r&b,20
-1.1095,-0.2521,1.3365,rock,20
-0.6001,2.7196,-0.7641,latin,20
0.0111,-2.0472,1.2366,pop,20
-1.1625,-0.6829,0.3316,pop,20
-1.2436,-1.9454,3.5312,pop,20
1.6927,-2.1582,0.2951,edm,20
-0.6755,0.7043,-0.0081,rock,20
0.4593,-2.6679,1.3572,edm,20
1.0977,-1.5576,3.5304,edm,20
-0.6712,-0.4218,0.8,r&b,20
1.4956,-0.6396,1.2208,edm,20
2.0894,0.0873,-1.1484,edm,20
1.4664,0.0302,-0.2727,pop,20
-5.201,0.7747,-1.6808,pop,20
1.1941,-1.404,-0.2423,rap,20
1.3079,0.0343,-1.3891,rap,20
1.4178,-3.3187,-0.7477,edm,20
-0.2261,-0.8734,0.9521,edm,20
0.2335,1.378,0.9845,r&b,20
1.3535,-0.2336,0.0189,r&b,20
-0.8054,0.3866,-0.6713,latin,20
-1.5913,2.3582,-0.1495,rap,20
0.7153,1.9921,1.0044,pop,20
-0.1953,0.4433,1.3261,latin,20
-0.4898,2.4412,0.0777,latin,20
-0.7583,-0.5392,-0.8487,r&b,20
-1.8799,-0.6567,-0.332,r&b,20
-1.0519,1.9847,0.7445,latin,20
1.4102,1.4195,-0.825,r&b,20
-0.5113,1.2963,-0.6992,rap,20
1.9678,-1.3904,-0.6485,rock,20
-0.0026,2.0197,-0.2843,rap,20
0.01,-0.1293,0.6097,rap,20
1.0693,-1.3108,-0.7446,edm,20
0.1301,-0.2308,0.8983,rock,20
-0.1372,0.4792,0.6648,r&b,20
0.8373,2.2013,0.9004,latin,20
0.0372,-0.684,-0.0501,latin,20
0.4724,-0.8625,-0.7752,latin,20
1.2879,1.6936,0.8293,rap,20
1.5114,-1.2994,0.3328,edm,20
-4.3922,-1.6748,1.1609,r&b,20
-2.6306,-1.4687,0.2788,rock,20
0.516,-1.6569,2.0877,pop,20
1.7808,-0.7937,0.5968,edm,20
1.5067,-1.5423,-0.6336,rap,20
-3.1316,-1.1274,2.6702,r&b,20
-3.5357,0.8751,-0.6659,r&b,20
2.2218,-0.3641,-0.8581,edm,20
2.1682,-1.7697,-0.2578,edm,20
1.6176,0.8136,-0.5343,latin,20
0.9935,-0.6503,0.3499,rap,20
1.0034,-0.3956,-0.6703,latin,20
-1.5105,1.0299,0.2763,latin,20
-0.3471,0.5649,0.4957,r&b,20
2.4062,-0.4327,-1.7173,edm,20
1.7345,-1.8527,-1.1383,edm,20
-0.1477,-0.0906,-1.0317,pop,20
-0.2572,0.6028,-1.3292,latin,20
1.2942,0.0577,0.1762,latin,20
-1.0291,-1.3608,0.669,r&b,20
0.1566,-1.5574,0.641,r&b,20
1.7183,-0.479,-2.1791,edm,20
-4.7093,-0.0768,-0.2761,latin,20
0.9303,-1.7719,-2.1671,rap,20
0.4121,1.3788,0.2741,r&b,20
1.6041,0.4716,-0.3868,pop,20
1.7801,-0.6395,-0.7238,edm,20
1.2669,-1.2968,1.3694,edm,20
1.7746,1.3549,-1.8006,edm,20
1.4932,-0.407,1.7904,latin,20
-0.0535,-1.2011,-0.8628,rock,20
0.8762,-1.7205,0.3672,edm,20
-3.1578,0.7777,-0.1226,r&b,20
0.7926,-0.2271,2.2898,edm,20
1.2301,-1.6652,1.8022,edm,20
-1.2704,1.1539,0.0865,rap,20
-0.5502,-1.0048,0.7389,rock,20
1.6799,0.1323,-1.1991,r&b,20
0.2084,-1.0401,0.1198,edm,20
1.5022,-0.3548,-0.1844,edm,20
0.8392,0.4439,-0.0216,pop,20
-0.7681,0.5974,1.3174,edm,20
0.0686,-0.0371,1.2322,rock,20
-0.2252,0.4985,0.2519,latin,20
0.7251,1.3251,0.9383,latin,20
-0.2463,2.9241,0.3957,edm,20
-2.3618,0.0691,-1.1407,edm,20
2.0171,-2.1709,-0.5649,edm,20
2.6218,-0.4091,-2.6601,edm,20
-0.0784,-0.1076,0.4135,pop,20
0.2548,2.3121,-1.4627,rap,20
1.4362,-1.3122,1.3118,edm,20
-0.8996,-1.3233,-0.8558,r&b,20
-1.6118,0.1517,-0.6944,rap,20
1.472,0.9472,-1.6693,edm,20
-0.6448,1.1814,0.7019,rap,20
-2.7239,-1.6337,0.0387,edm,20
0.7297,-0.4976,-0.9506,edm,20
0.5189,-0.2811,1.713,edm,20
1.2641,0.8275,0.1152,edm,20
1.402,-0.4873,-1.1923,r&b,20
-1.0103,2.3654,-1.4441,rap,20
0.4583,0.5533,0.6084,rap,20
-0.386,0.7082,0.2317,r&b,20
0.3701,-1.0299,-0.5913,edm,20
0.4657,-0.3482,2.8208,pop,20
2.0061,-1.9065,-0.0287,edm,20
1.4882,-0.3444,-0.0722,rock,20
-0.145,-2.1265,-0.908,rock,20
-2.4049,0.0147,0.9118,r&b,20
0.8221,1.6204,0.4683,r&b,20
-0.1404,0.918,0.3909,r&b,20
0.084,-0.7491,-0.1013,r&b,20
1.2713,0.9855,-1.483,edm,20
0.4866,1.9066,0.9602,edm,20
0.2744,-0.2879,1.8997,edm,20
1.7825,-0.9619,-2.1666,edm,20
0.628,-1.0763,-0.6835,rap,20
-1.7435,-1.1055,-1.674,r&b,20
-1.3079,0.872,0.9217,pop,20
-1.0447,-1.3447,1.4413,pop,20
1.3633,-0.8834,-0.9748,rock,20
0.1172,2.7117,0.7943,rap,20
-0.4869,-0.3375,-0.6031,pop,20
0.9495,-1.6037,1.047,edm,20
0.6337,-1.3308,1.1874,edm,20
0.5677,-0.0136,-0.9829,edm,20
1.0698,-0.8304,-1.6376,r&b,20
0.5402,-0.6427,-0.2341,pop,20
-1.7186,0.2334,0.1445,r&b,20
-0.8787,-1.1105,0.0163,r&b,20
1.7737,-1.4747,-0.3386,edm,20
0.0408,-0.2832,0.4197,edm,20
1.0834,1.1719,0.3548,latin,20
0.9382,-0.258,-0.75,edm,20
-0.3428,-1.6192,-0.2403,edm,20
-2.7089,-2.2802,-0.9584,r&b,20
1.5964,0.744,0.0684,latin,20
-0.199,0.3472,1.4153,r&b,20
-0.6024,2.2714,0.1916,rap,20
-0.2565,-1.0367,-1.9589,r&b,20
0.081,-1.1526,-0.6866,edm,20
1.0904,-1.9435,1.0072,pop,20
1.5492,-0.8716,-1.0536,edm,20
-1.5756,-1.8537,3.3687,edm,20
1.0117,-0.8608,1.1596,edm,20
-1.7119,0.1768,-0.4674,r&b,20
0.4531,1.7271,1.1983,latin,20
-1.6591,0.3038,0.1276,r&b,20
2.6297,-1.5755,-1.0082,rock,20
1.1693,0.6176,-0.0358,edm,20
-0.7541,1.6935,-0.8853,r&b,20
1.966,-0.6655,-0.2983,pop,20
0.4229,-0.2496,1.0179,latin,20
-0.3512,-3.05,3.094,edm,20
1.2434,0.727,0.9013,latin,20
1.7277,-1.5154,-1.0574,edm,20
-3.4605,-0.293,-0.2709,pop,20
0.3878,-0.3087,0.2305,pop,20
0.3202,-0.7113,-0.1181,edm,20
0.9178,0.5647,1.4004,r&b,20
1.0027,0.4541,0.2933,rock,20
-3.3926,1.8701,-0.5354,edm,20
-0.5945,0.4032,0.4415,edm,20
0.9292,-0.4963,0.3627,rock,20
-2.9265,-2.1802,-0.4694,pop,20
-0.3469,2.3013,-4.4912,rap,20
-0.9919,0.3398,-1.2337,rap,20
0.5511,0.755,0.3771,rap,20
-0.8088,-0.1743,-0.5047,rap,20
1.3934,-1.5265,0.5011,edm,20
-1.5736,0.3343,-2.2567,rap,20
0.3389,1.3768,1.1362,latin,19
0.5662,-0.0378,-3.4556,rap,19
-0.216,1.2568,0.2212,pop,19
0.5568,-0.062,-0.3884,rap,19
-0.0996,0.2376,-1.5408,r&b,19
1.0199,0.5086,-1.9033,rap,19
1.5073,-0.896,-0.9025,rock,19
0.3951,-1.1094,4.0303,edm,19
-0.2345,-0.0049,-0.4125,r&b,19
-4.2342,-0.4413,1.2945,r&b,19
-0.6197,-0.1013,-0.7636,r&b,19
-2.8775,-0.6137,2.576,pop,19
-1.6351,-1.7457,0.5786,edm,19
1.0228,-1.4324,-0.4492,rock,19
1.4872,-0.8187,0.9792,edm,19
-0.2059,0.4601,1.3848,edm,19
-0.9973,0.2683,2.371,latin,19
0.634,1.357,-2.145,pop,19
-0.636,-0.1485,-0.1696,r&b,19
-1.1053,1.3655,0.5433,r&b,19
1.0227,-0.9842,0.3051,rock,19
0.5831,-0.938,0.6947,pop,19
-0.4553,-0.329,1.5849,edm,19
0.3727,1.0327,-0.2767,edm,19
0.2344,-0.597,1.9423,edm,19
-1.1894,-1.2677,-0.8566,r&b,19
0.5098,-0.277,-0.167,pop,19
0.2755,0.6896,1.9645,r&b,19
0.4963,0.1742,1.6413,edm,19
-0.0557,-0.7336,-3.0408,edm,19
1.4036,-1.2291,0.0728,edm,19
-0.6505,-1.3562,1.0093,edm,19
0.8558,0.5451,1.3736,edm,19
1.1165,-1.2745,-0.9971,pop,19
0.6919,-2.025,-0.3432,pop,19
-0.9969,1.1427,-1.9985,r&b,19
-1.3269,-0.5601,0.7416,edm,19
-0.0192,-2.1282,-2.0298,r&b,19
2.1932,-1.4107,-0.8525,edm,19
0.8106,-1.1469,0.3851,pop,19
-0.9214,1.2558,-0.7165,rap,19
2.1671,0.654,-0.5219,latin,19
0.8132,0.2648,-0.2589,rap,19
1.204,-0.7723,-0.6642,pop,19
1.2332,-1.7283,-1.0999,edm,19
-0.7235,-1.2718,-1.2817,rap,19
0.7771,0.2078,3.262,edm,19
2.283,1.1056,-1.6258,r&b,19
0.356,0.6468,1.2847,r&b,19
-0.9741,-2.8558,3.6611,edm,19
-0.8139,2.8412,-0.93,rap,19
0.9337,1.5575,-0.093,latin,19
0.0857,0.4315,0.5677,rap,19
0.6468,0.555,0.2854,edm,19
1.5334,-1.4334,-1.0859,rock,19
-2.129,-0.3636,0.3512,rock,19
0.7973,-0.9383,0.0555,edm,19
1.6238,-0.6241,0.4016,edm,19
1.261,-1.5493,-1.1848,edm,19
0.7749,1.6836,-0.9771,rap,19
0.9627,3.1701,-0.5059,r&b,19
0.9383,-1.2395,-1.2233,edm,19
1.3192,0.4286,0.859,rock,19
-0.0618,-2.2257,-0.5765,rock,19
-0.5524,-1.1845,0.0672,rock,19
1.4697,0.5564,-1.4135,r&b,19
1.7547,-0.7338,-0.3959,edm,19
0.5789,1.3734,1.9267,r&b,19
-1.5086,0.9972,1.3414,r&b,19
-1.0161,1.1587,-0.0923,r&b,19
0.8941,-0.08,-0.5199,pop,19
-3.2824,-0.09,0.2304,rock,19
0.4591,-1.6555,0.3403,pop,19
-1.8673,0.9796,-0.7144,r&b,19
-0.2089,0.9856,0.5665,rap,19
-0.1441,2.5694,0.1137,rap,19
1.3345,-1.3257,0.1962,edm,19
-1.9876,1.6188,1.6904,r&b,19
1.6487,1.1122,-3.151,latin,19
-0.4242,0.1812,0.7815,r&b,19
0.8726,-0.6006,0.3484,pop,19
1.8982,0.2691,-1.3082,latin,19
1.0394,0.37,-0.564,edm,19
-0.8301,0.8777,-0.803,r&b,19
1.7231,0.0672,0.6725,edm,19
2.0359,-1.8674,-0.1772,rock,19
-0.6699,0.1681,0.5381,rap,19
2.0372,-1.0226,-0.4516,edm,19
0.7455,1.9063,0.1385,rap,19
0.6208,-0.5359,-1.1092,r&b,19
-0.0062,0.4965,0.7502,pop,19
0.9354,-0.451,0.1794,rock,19
-0.895,-0.0611,-0.1165,latin,19
1.5579,-1.6208,-2.1763,edm,19
-1.7648,-0.7974,-1.2714,r&b,19
-0.7029,0.8166,0.3042,latin,19
-1.4285,-1.4155,0.4877,rock,19
1.3038,-1.3189,0.7476,edm,19
1.4321,-1.9437,0.3022,edm,19
0.0085,1.1449,-0.204,pop,19
-2.0799,0.5007,1.0438,latin,19
0.4562,0.3609,0.89,rock,19
-0.6184,-0.0165,-0.3068,edm,19
2.2145,-0.0638,0.1496,edm,19
0.1683,-1.0375,-0.7139,rock,19
-0.0377,-1.1505,-0.281,edm,19
-0.1095,2.0892,-0.0835,rap,19
0.053,1.2499,1.4374,rap,19
0.9584,0.1244,-0.2765,latin,19
0.6541,0.852,0.4825,latin,19
1.9344,-1.043,0.6315,edm,19
0.5958,-0.8321,-0.194,edm,19
0.655,0.1478,0.1572,rap,19
-0.1811,2.0693,-2.5511,rap,19
1.0072,1.5671,-0.7553,r&b,19
1.0374,0.5023,0.2045,edm,19
-0.3758,1.0939,0.0691,rap,19
-0.6268,1.4498,1.1273,r&b,19
-1.4456,1.6697,-0.9766,rap,19
2.0311,-0.3346,0.217,rock,19
1.6512,-0.3831,-0.2162,rock,19
1.074,1.1888,-0.3149,r&b,19
1.9002,-1.4901,0.518,edm,19
2.4626,-1.4307,0.5643,edm,19
2.0356,0.0903,-1.5603,edm,19
-1.7294,-1.313,0.317,rock,19
0.4568,0.4657,-1.072,rap,19
0.6658,0.4762,0.348,rap,19
1.1028,0.6702,0.8441,r&b,19
1.5767,0.0936,-0.4181,edm,19
0.9705,1.2233,0.5787,rap,19
0.6073,-1.7944,-0.4063,pop,19
-0.6176,0.8571,-1.3021,latin,19
-0.9284,-1.2299,-0.6139,r&b,19
2.3622,-1.368,-1.3725,edm,19
1.06,-1.9443,-0.6293,edm,19
1.8375,-1.4928,-0.631,rock,19
-2.2199,0.5875,-2.3451,rap,19
-4.1591,-2.1922,-1.0068,r&b,19
1.286,-0.9246,0.0592,pop,19
0.9453,1.179,0.5931,r&b,19
0.2826,2.131,0.2091,rap,19
1.143,-1.5261,-0.9707,rock,19
-0.4451,-0.8574,0.4606,r&b,19
-0.805,2.2277,0.9505,pop,19
-0.6957,-1.2504,-0.7859,rock,19
-1.1882,-0.2622,0.1951,r&b,19
-2.2036,-2.7854,4.247,edm,19
-3.9805,-0.5308,1.5516,edm,19
-1.9802,-1.7609,-0.3742,r&b,19
0.6848,-0.3242,-0.12,rock,19
1.1345,-2.9355,-1.5644,pop,19
-0.7619,-0.4744,2.2553,latin,19
0.1408,-0.5789,0.7999,pop,19
1.1481,-0.8687,0.6253,pop,19
-4.0077,-0.05,0.8686,edm,19
0.8987,-1.8238,-0.3943,edm,19
0.8294,1.3576,-0.0127,r&b,19
2.2135,0.7077,-1.5317,rap,19
2.1745,1.0578,-1.0333,edm,18
1.7203,-1.2068,-1.0425,pop,18
2.1242,-1.2965,-0.7408,rock,18
0.9255,0.5097,0.0023,r&b,18
-0.0666,0.029,-0.0977,rock,18
1.0228,-1.9515,-0.226,edm,18
0.6529,1.2212,1.0188,pop,18
-0.6857,1.0462,0.975,r&b,18
0.188,0.1855,0.494,pop,18
-0.0798,-0.3769,-1.8048,rap,18
0.0545,-1.4529,0.8412,pop,18
-2.4576,0.3327,0.3682,pop,18
-0.513,-0.34,-0.9715,rap,18
-0.7882,0.1653,-2.1229,latin,18
-0.8706,2.6651,-2.2016,rap,18
-3.9581,1.539,0.2393,rock,18
-0.4027,1.0289,1.1594,r&b,18
1.4747,0.0929,0.5568,edm,18
0.6124,0.1024,-0.7841,edm,18
-0.3255,-0.1116,-0.8005,pop,18
0.2194,-3.4585,3.6782,edm,18
-3.251,0.5467,-0.0521,rap,18
0.0341,0.5428,-0.3791,rap,18
0.1666,-0.6512,-0.4557,rock,18
-1.2919,0.258,0.5258,r&b,18
0.0679,-1.0927,0.8316,edm,18
1.3538,1.2624,-1.7519,rap,18
1.2475,-0.1466,-0.7415,pop,18
0.4834,1.4282,1.3995,rock,18
-0.6886,0.9761,0.7831,rock,18
0.3885,2.1474,0.5657,edm,18
0.4162,1.3184,-0.2093,edm,18
-0.1458,0.6136,0.9692,r&b,18
-0.5301,-0.1495,-0.058,edm,18
0.9744,1.8795,1.3066,latin,18
0.521,-0.58,-0.5896,r&b,18
0.374,-0.3935,0.1644,pop,18
-0.8037,0.8479,1.2311,r&b,18
1.7334,-1.1752,0.4778,edm,18
1.2508,-1.591,-0.2068,edm,18
2.1618,-0.8128,-1.0247,edm,18
1.9084,-0.3369,0.2765,latin,18
1.2169,0.1876,-0.3724,latin,18
1.5188,-2.1019,0.2004,edm,18
1.153,0.9164,-0.4204,edm,18
-5.3458,-2.6309,0.3958,r&b,18
1.3283,-2.6222,0.9691,edm,18
1.4351,-0.452,-1.607,edm,18
-0.7525,0.5872,-0.5334,rap,18
-0.3586,1.1476,1.7885,r&b,18
-1.6541,0.1907,0.4729,rock,18
-0.304,-0.2199,-0.8332,latin,18
-2.8832,-1.2627,1.1589,r&b,18
0.3352,-0.4185,1.0225,edm,18
0.7774,-2.0991,0.5451,rock,18
0.2377,0.9287,0.0142,latin,18
2.3044,-2.0492,-2.6421,rock,18
1.2025,-1.5682,1.534,edm,18
-5.2486,-0.6671,-0.2883,r&b,18
-0.4238,1.3387,0.0747,rap,18
-2.1874,0.3247,-0.1174,r&b,18
-1.233,-2.653,1.1989,rock,18
-2.342,0.6012,1.213,r&b,18
1.9327,-1.5806,0.5157,edm,18
2.1112,-1.9571,-0.8976,edm,18
-2.8298,-0.0977,0.8647,rock,18
1.9555,-0.802,-0.6814,pop,18
0.9874,-0.4894,1.2884,rock,18
-0.7749,0.3762,0.1787,edm,18
1.8761,-0.9972,-1.2135,latin,18
1.1313,-0.9384,0.0402,edm,18
0.7814,1.1306,0.7317,pop,18
-0.0698,0.9676,0.3956,r&b,18
-0.4232,2.036,-0.1411,r&b,18
1.2597,-3.0256,1.5804,edm,18
0.9943,-1.5469,2.27,edm,18
0.4333,0.6177,1.7624,r&b,18
-1.1694,-0.0773,1.0438,latin,18
-1.4758,0.4376,-0.4473,r&b,18
-0.1953,-0.0399,1.2909,r&b,18
0.4649,0.0412,0.5807,latin,18
-1.5779,-1.259,-0.1524,pop,18
0.5568,0.4294,1.1476,pop,18
0.3467,-1.4933,0.8201,latin,18
-0.0551,-0.1822,-0.2729,latin,18
1.9863,-1.5613,-1.5642,edm,18
1.5362,-2.6817,0.0554,edm,18
-0.4149,0.3331,0.168,pop,18
0.8364,0.2539,0.5544,edm,18
0.4652,-0.0822,-0.3332,edm,18
-2.1564,-2.7827,-1.5503,pop,18
0.0362,-0.4608,0.056,edm,18
1.1314,-2.4223,3.3581,edm,18
-0.8868,-0.7146,3.773,edm,18
2.203,-1.2821,-3.457,rap,18
2.0219,-0.7121,0.447,edm,18
0.5767,1.2555,-0.9614,rap,18
-3.45,-0.8403,0.0642,rock,18
-0.0341,0.1248,0.2539,pop,18
-0.9048,2.1028,-0.0392,rap,18
0.4349,0.6102,0.0824,rap,18
-4.26,-2.9331,0.6478,rock,18
0.2114,0.5029,0.948,rap,18
0.161,-0.7853,0.0896,edm,18
0.5322,1.217,-0.1278,rap,18
-0.6519,0.9408,-2.4828,rap,18
0.564,0.0095,0.4425,latin,18
-0.1508,-0.2233,0.2538,edm,18
0.0312,0.7042,1.5292,edm,18
0.152,0.0557,-1.1198,rap,18
-1.9273,0.0974,1.7818,edm,18
-0.0869,0.9264,1.7567,edm,18
-1.8177,0.3471,0.1415,rap,18
1.4944,2.0378,0.4119,latin,18
-1.3455,-0.527,-0.8954,latin,18
1.0981,-1.8111,1.3544,edm,18
0.4959,1.7783,-0.0298,rap,18
0.6363,1.7206,0.1374,rap,18
-0.0906,-1.2556,0.6295,edm,18
1.135,-1.0332,0.8975,edm,18
1.8241,-1.2101,-0.4084,rock,18
0.0165,-1.6424,0.379,rock,18
1.2004,1.0657,1.178,latin,18
0.8717,-0.2025,2.187,edm,18
-0.3177,-0.0588,1.0044,edm,18
-1.4618,-2.6124,0.5284,rock,18
0.7581,-0.756,0.8818,edm,18
-1.0688,0.6003,0.9972,edm,18
1.5406,1.3284,0.4197,edm,18
-0.0594,-0.4725,2.2357,pop,18
1.5224,-1.7158,-0.8075,edm,18
-1.3971,1.1246,-0.4309,r&b,18
0.1217,-1.0604,-0.5736,r&b,18
1.6107,-1.4197,-0.5624,rock,18
2.5767,-2.1421,-1.4999,rock,18
0.893,0.5942,0.5706,rap,18
0.3854,1.2565,0.3878,pop,18
1.3549,-0.7374,-3.0347,rap,18
-1.3397,-1.702,4.3489,edm,18
0.9854,-0.249,-0.4787,rap,18
-1.1511,-0.0335,-0.0914,pop,18
1.1151,-0.9119,-0.1593,edm,18
-0.1673,-0.3133,-0.6518,edm,18
-0.5781,-0.0964,-0.3307,edm,18
2.2246,-0.9899,-0.8495,edm,18
-0.879,-0.5275,-0.3655,edm,18
1.2681,-0.9307,0.4027,pop,18
-1.848,-0.0572,0.0364,r&b,18
-4.9435,-3.6922,-0.0743,pop,18
-0.3576,-1.2884,0.0947,pop,18
1.3792,0.5045,-1.46,edm,18
1.0644,1.0946,-0.1969,rap,18
2.0215,-3.2503,-0.9608,rock,18
-0.0927,0.2472,0.4491,edm,18
-1.1158,0.3411,0.8795,pop,18
-0.8391,0.4263,0.1933,edm,18
1.5973,0.3781,-2.0895,edm,18
-0.2178,-1.8401,-0.0411,r&b,18
-0.3685,1.2954,0.7986,edm,18
0.3535,0.1772,-0.7968,latin,18
-0.4212,-2.4299,-1.6922,rock,18
1.1145,-0.0394,0.87,edm,18
0.8178,-2.5911,-1.3069,edm,18
1.308,0.5815,0.2029,pop,18
-1.1721,0.847,1.8321,r&b,18
1.3598,1.0901,-0.0191,edm,18
0.8753,-2.0162,-0.0575,edm,18
1.4404,1.8054,0.2618,latin,18
0.3478,0.5889,0.6388,edm,18
0.2056,-0.0828,2.3817,edm,18
-0.7283,2.0404,1.0721,r&b,18
1.4883,-2.2702,0.931,edm,18
1.6414,-1.2062,0.0321,rock,18
-0.3495,0.3741,-0.5015,edm,18
-1.0013,-0.6144,-0.8101,r&b,18
0.4317,-1.1152,1.1275,edm,18
-0.4072,-0.3032,-0.4018,rap,18
-1.5358,0.8298,-0.0345,r&b,18
0.0624,1.2725,1.1049,r&b,18
0.8565,0.2019,-0.9277,rap,18
-1.7504,0.5566,-0.4398,pop,18
0.1005,0.3734,0.5589,pop,18
-0.134,-1.6894,1.2477,pop,18
1.3022,-1.9173,-0.1246,pop,18
1.2434,-1.7054,-0.7152,rap,18
0.4357,-0.2771,-0.6747,pop,17
-0.7927,-1.6868,1.8014,edm,17
1.5315,-1.2235,-0.8361,rock,17
0.694,-1.7546,-0.8618,rock,17
1.9501,-0.4707,-0.3214,rock,17
0.1286,0.5696,0.9503,pop,17
-1.2864,-0.2156,0.859,r&b,17
-0.5759,0.9337,0.0551,r&b,17
0.5854,0.2505,0.3282,r&b,17
-1.1271,1.7899,-1.7914,rap,17
-1.5473,-1.0004,-2.5482,latin,17
0.7099,0.3534,0.4421,latin,17
0.8988,1.0135,-0.0371,r&b,17
0.5302,1.3489,1.103,rap,17
-2.5542,1.4622,0.1956,r&b,17
1.157,-0.0537,0.8734,edm,17
0.0819,-1.1352,-1.4821,r&b,17
-1.026,-3.8651,0.735,rock,17
-0.7594,2.1021,-0.4026,rap,17
-0.4865,2.3908,0.4604,rap,17
-3.5417,-0.9943,-1.4108,r&b,17
-2.239,0.9492,-0.2536,latin,17
0.4524,1.3491,0.6306,r&b,17
-1.6736,1.1495,-0.7354,pop,17
0.0456,0.8982,-0.7797,rap,17
0.9326,0.3816,1.2958,edm,17
2.2367,1.408,-1.627,pop,17
0.3404,-1.4111,1.4911,edm,17
0.7796,-0.0047,1.9037,edm,17
0.3391,0.0805,1.4312,edm,17
-2.7647,1.2265,-0.0282,r&b,17
-1.1069,0.555,-0.7477,latin,17
-0.4909,0.957,1.7803,r&b,17
-0.7237,-1.0859,0.2991,r&b,17
-1.308,0.8687,-0.9053,r&b,17
-0.493,0.8808,0.7212,r&b,17
1.3771,-1.4657,-1.2483,edm,17
0.921,-1.0591,1.2239,edm,17
1.2951,-1.6035,0.7728,edm,17
0.0152,-0.7631,0.6783,edm,17
-1.6589,-0.1731,-1.9666,r&b,17
-1.4451,1.7423,-1.0022,rap,17
1.2031,-0.8712,-0.5291,edm,17
-0.3304,-1.2865,-1.5393,edm,17
0.8058,1.0384,2.1822,r&b,17
0.1438,-0.3823,0.3645,pop,17
0.3766,1.5553,-0.4203,rap,17
0.9015,-0.0477,1.8769,edm,17
-0.4374,0.6413,0.6828,edm,17
-0.969,-1.0797,0.9791,rock,17
-3.3784,0.2489,-0.8797,rap,17
-1.4878,-1.8871,-0.2877,rock,17
1.7244,-2.4485,0.5135,edm,17
0.4104,-0.7373,-0.9891,latin,17
-0.9077,-1.1614,-1.1334,latin,17
0.0589,-0.7155,0.9765,latin,17
1.8747,0.3954,-1.2829,r&b,17
1.4903,0.1819,0.2957,pop,17
-0.7854,-2.31,0.1005,rock,17
-0.5505,0.8997,1.192,rap,17
-0.3317,2.0237,-0.1673,rap,17
0.4508,-0.2795,-0.6662,edm,17
-0.3135,-1.079,1.047,edm,17
-1.2173,-2.5903,0.0974,rock,17
0.129,-0.8577,-0.5049,r&b,17
-0.89,0.6567,1.4964,r&b,17
-1.5256,1.2161,-1.8091,rap,17
2.2949,-0.6964,-1.0804,edm,17
1.2167,-0.4127,0.9432,edm,17
-1.8889,0.7414,0.4199,r&b,17
-0.7011,1.0227,-0.689,latin,17
1.6088,-0.2801,1.3764,edm,17
1.3151,-0.4204,-0.3742,r&b,17
0.4083,0.7225,0.348,r&b,17
-1.6301,1.4007,-1.6377,rap,17
-0.309,-1.9111,1.7068,pop,17
0.0553,-1.3005,-0.0414,rap,17
1.2401,0.5631,1.1508,edm,17
1.9214,-0.0458,-0.7867,edm,17
-3.5979,-1.2502,-0.346,edm,17
2.0354,-0.4315,-0.9766,edm,17
-2.4458,0.5361,0.0693,rap,17
-0.1734,0.0497,0.7517,pop,17
0.7571,-0.5588,1.5482,edm,17
-0.6658,1.6128,-2.4041,r&b,17
0.6748,1.7725,-0.9607,rap,17
0.3165,-0.1406,-1.0705,latin,17
0.8836,-0.018,0.4614,rock,17
-0.0096,0.8337,0.0848,rap,17
0.6111,-2.1974,-0.6439,r&b,17
0.4782,0.3747,0.5021,r&b,17
1.0115,0.3011,0.0307,latin,17
-0.3032,0.6776,0.304,r&b,17
0.1823,0.2691,0.7502,edm,17
-1.8121,0.5051,0.579,rap,17
-0.0835,-1.403,0.1677,edm,17
-3.1997,-2.8465,-1.2754,edm,17
2.2622,-0.0597,-0.87,edm,17
-0.1683,-0.0069,-1.9783,rap,17
-2.9038,-0.6509,0.8584,r&b,17
1.0782,-0.2067,0.0316,r&b,17
0.3943,-0.1428,1.4773,edm,17
0.4034,-2.2447,0.6286,pop,17
0.1151,0.3895,-1.878,rap,17
0.7787,-1.8401,0.6879,rock,17
-0.0976,-0.0268,-0.0034,latin,17
-0.0168,0.3995,-1.1326,rap,17
0.1077,0.0572,0.2945,rap,17
0.2959,0.3947,0.9183,r&b,17
-3.6602,-0.0346,1.086,r&b,17
0.5993,0.0428,0.7587,pop,17
0.7054,1.2251,0.458,r&b,17
-1.3519,-1.4141,-1.2243,pop,17
-2.2964,-0.5147,-1.3498,r&b,17
1.7173,-0.3831,0.1963,rock,17
-2.3425,-1.1787,2.7487,r&b,17
0.7439,0.1972,-0.185,pop,17
0.5817,-0.5002,1.5146,pop,17
-0.3295,-3.3826,-1.1745,rock,17
1.914,-0.5074,-0.5252,pop,17
0.3981,0.0433,1.2884,r&b,17
-0.0921,0.8162,2.4297,r&b,17
-0.3998,-0.9591,-0.3593,pop,17
-0.1796,1.235,0.2399,r&b,17
-3.6931,-0.1435,0.4751,rap,17
0.4849,1.1619,0.997,rap,17
-1.5789,-1.3254,0.1792,rock,17
-0.5463,1.698,-2.7756,r&b,17
0.4184,2.2085,-0.8054,r&b,17
1.4729,-0.9605,-0.2854,edm,17
0.3748,0.208,-0.6145,rap,17
0.419,-1.102,0.332,edm,17
-0.1946,0.0382,1.9248,edm,17
0.8041,-1.3629,2.2733,edm,17
0.3419,0.517,0.4056,pop,17
0.8395,1.058,0.2966,edm,17
1.6993,-1.8246,-0.8042,edm,17
1.863,0.6658,0.523,edm,17
1.4625,-0.8424,0.5335,edm,17
-0.3074,2.4112,-1.6918,edm,17
-1.3143,0.6495,1.2056,rock,17
-2.354,0.3877,0.6461,rock,17
1.4612,1.0348,1.5142,r&b,17
-0.0565,1.3645,0.5424,rap,17
1.3349,0.3467,-0.5667,edm,17
-0.2756,0.1415,1.6786,latin,17
-1.238,-2.1074,-0.56,rock,17
-2.079,-0.4474,-1.2986,rap,17
2.4425,-1.3977,-1.8429,rock,17
1.8525,-1.3912,-1.9543,edm,17
2.4681,0.3098,-0.8571,edm,17
1.5942,-1.5921,-2.2025,edm,17
0.2352,2.2612,1.5654,r&b,17
1.3459,-1.5709,-2.5214,rock,17
0.8445,0.8045,-0.3498,latin,17
0.2806,-2.5828,2.8719,edm,17
0.5392,0.8856,0.9169,r&b,17
-3.9384,-0.8687,-1.1032,r&b,17
0.609,1.2205,1.4278,pop,17
1.632,-1.2223,0.0184,edm,17
2.1831,-0.3468,-0.2003,edm,17
0.7699,0.8309,0.372,latin,17
1.5321,-1.6145,-0.1623,rock,17
-0.7811,1.4482,-0.6095,rap,17
0.7948,-0.5304,-0.1396,edm,17
-2.2738,1.3008,1.0259,latin,17
0.3368,1.9507,1.2203,pop,17
-1.2498,-0.1205,0.4366,pop,16
-0.9133,1.3858,-0.6466,r&b,16
0.6669,-0.0393,-0.0119,r&b,16
0.9124,-0.038,0.5069,pop,16
-0.4104,-0.5601,-0.0203,rock,16
0.6895,0.9633,0.1278,latin,16
0.1735,0.4418,-0.7713,rock,16
1.049,-0.2014,0.6263,rock,16
0.6719,-2.6252,-0.4145,rock,16
1.411,0.9428,0.7207,rock,16
0.8085,0.3217,0.9716,pop,16
0.0331,0.0296,0.3374,edm,16
1.3692,1.0737,-2.1529,edm,16
-0.8262,-2.3519,3.6384,edm,16
1.403,-1.6327,-0.473,pop,16
0.1687,1.474,0.1436,edm,16
0.7359,1.5766,0.4399,rap,16
0.7452,1.1916,1.0251,pop,16
0.3878,1.6913,-0.425,latin,16
1.567,-0.4377,-1.1414,edm,16
-0.4494,-0.888,0.9219,latin,16
-0.5643,-2.0134,3.0934,edm,16
-0.7131,1.1579,0.9249,r&b,16
-0.3233,0.13,2.4238,rock,16
0.2037,0.0202,2.0489,edm,16
-0.5879,-0.2236,1.5946,edm,16
-0.1222,0.4758,2.8167,r&b,16
0.9651,-2.1151,2.4289,edm,16
-1.6998,0.9077,0.2542,r&b,16
-4.0942,-0.1491,1.242,r&b,16
-2.4942,-0.8712,-1.1075,r&b,16
-2.4079,-3.1347,3.7953,edm,16
0.24,-2.2694,2.3508,edm,16
-0.2491,0.2269,-1.01,r&b,16
-1.4637,0.2748,1.02,rap,16
0.579,0.5592,1.3053,r&b,16
0.6341,0.472,0.9547,r&b,16
0.4829,-0.9414,0.5847,r&b,16
-0.9184,1.6145,2.0198,r&b,16
-0.1656,-0.0194,0.4508,pop,16
0.694,-0.9234,2.8646,edm,16
0.9986,-0.0673,0.0307,edm,16
-1.2862,-1.8345,-0.9482,rock,16
0.8137,-1.5682,0.2491,pop,16
0.1821,1.3431,0.5147,rap,16
0.6795,-0.2603,0.5539,pop,16
-1.6147,1.69,-0.5491,rap,16
0.1711,0.5977,-0.0855,pop,16
1.4081,1.081,-0.498,rap,16
2.045,-1.6454,0.4873,edm,16
-0.232,-0.2477,1.1046,r&b,16
0.3593,-0.8986,2.3579,edm,16
0.577,0.4853,1.9945,edm,16
-1.5518,0.5559,-1.4107,r&b,16
0.146,-1.3791,-0.4143,rock,16
2.0651,-2.3773,-1.4162,rock,16
1.8362,0.2075,0.0189,pop,16
1.0543,1.1121,0.3309,r&b,16
1.6484,-1.4479,-0.8415,edm,16
2.7312,-0.3158,-2.2721,edm,16
-2.3733,1.8186,1.3547,r&b,16
0.8628,1.0872,0.036,rap,16
2.3453,0.033,-0.297,rock,16
1.3791,1.7849,0.1224,r&b,16
-0.1721,0.3073,-2.357,latin,16
1.2708,-0.7191,-0.5156,pop,16
0.2593,0.6219,0.6445,pop,16
1.5747,-0.0363,-1.7089,pop,16
-1.2285,0.9967,-0.2809,latin,16
-1.2435,0.4358,0.1063,edm,16
-1.2587,-0.2681,-0.8186,pop,16
0.9104,1.5786,-2.32,rap,16
-1.3077,0.4992,-0.7741,r&b,16
1.421,0.5171,-1.5346,r&b,16
-1.4811,2.0116,0.03,r&b,16
0.0034,1.9193,0.6178,latin,16
-0.2837,-0.9342,-0.2348,pop,16
-2.7777,0.1394,-1.4726,rap,16
0.2557,0.8697,0.8809,r&b,16
-1.9957,0.9509,-0.7626,edm,16
1.206,-1.1717,-0.6201,edm,16
2.0629,0.4125,-1.0346,edm,16
0.358,1.3164,0.9892,edm,16
0.9853,-1.0164,-0.5285,edm,16
-1.5748,-2.117,2.7166,rap,16
-1.6062,-1.1259,1.154,edm,16
-0.0391,-0.6222,1.9686,pop,16
-2.9363,-2.3132,0.8377,r&b,16
0.4641,0.9801,1.0985,r&b,16
0.6904,0.9129,0.4361,pop,16
0.5662,-1.1162,0.4172,pop,16
1.6376,-0.8617,1.2654,edm,16
1.5475,1.3881,1.6515,edm,16
0.1381,1.0807,-1.3988,rap,16
0.807,1.2461,1.8904,rap,16
-0.2247,1.0289,0.4447,pop,16
-0.4209,0.1689,0.7145,r&b,16
-1.0316,-2.0341,2.2095,pop,16
2.3739,-0.4821,-1.154,edm,16
-0.4224,-0.0792,-1.1704,r&b,16
1.1051,-0.9164,-0.814,pop,16
0.0149,0.0074,1.4615,edm,16
-3.9493,-3.127,-2.1815,edm,16
1.0042,-1.1175,-0.0656,edm,16
0.3041,-0.8157,0.4935,edm,16
0.4113,-0.8962,0.7064,edm,16
0.0913,-1.0225,-0.4082,pop,16
-1.4595,-0.6635,0.4234,latin,16
-0.8908,-0.1212,0.2647,r&b,16
0.9772,-2.3161,2.39,latin,16
0.3064,-1.3595,-1.0313,rock,16
1.0198,0.4089,-0.7175,rap,16
-0.9077,-1.3963,1.0205,rock,16
-0.0161,0.2869,-1.0444,rap,16
-2.1944,-0.2886,-0.6951,r&b,16
-0.2042,-0.7145,-0.7373,rap,16
-3.0662,-0.8001,-0.2059,r&b,16
-0.1403,0.2328,1.7951,edm,16
-1.6781,-0.5301,0.9806,edm,16
0.2123,-0.8927,0.6821,pop,16
1.7708,-1.985,-0.0369,edm,16
-1.4851,-0.0961,-0.2982,pop,16
-0.3852,0.3652,0.3152,rock,16
-0.8435,0.571,1.4398,r&b,16
-0.8522,2.3835,-0.4196,latin,16
1.66,-0.4908,-1.0989,edm,16
-1.0088,1.4402,1.3908,r&b,16
1.351,-1.3265,0.5555,edm,16
1.7892,-2.0809,0.1291,edm,16
0.4218,-0.517,0.1104,r&b,16
1.1195,0.4739,0.4527,r&b,16
-0.6828,1.1625,2.198,r&b,16
1.8085,-2.4405,-2.5139,rock,16
-0.2805,1.2352,-0.9145,rap,16
0.8599,-0.0035,1.635,latin,16
0.3965,0.1073,0.297,latin,16
-1.8198,1.1718,-0.4125,r&b,16
-0.3109,-0.8325,-0.2508,pop,16
0.58,0.407,1.0623,rock,16
1.3632,-0.3636,-1.4545,edm,16
0.8013,0.0278,0.6669,edm,16
-0.4138,-0.1284,0.525,edm,16
1.4296,-1.3707,-1.1803,edm,16
2.3321,-0.5053,-0.6528,edm,16
-0.0874,0.9525,1.5431,r&b,16
1.8195,-2.087,0.2074,edm,16
0.617,0.594,-0.2281,rap,16
-2.1637,-0.7952,-1.4274,r&b,16
-2.5609,-1.014,-0.4194,pop,16
0.4701,2.074,0.3647,latin,16
-2.211,0.3103,-0.5709,pop,16
-0.07,1.3411,0.9598,r&b,16
-1.127,-0.6391,1.0805,rock,16
0.3317,1.185,-0.1413,latin,16
-0.8557,1.3554,0.68,latin,16
-2.9334,-1.2527,-0.7395,r&b,16
0.1461,2.0925,0.5454,rap,16
0.1068,1.5341,0.1446,r&b,16
-2.3342,0.3067,0.0943,pop,16
1.6881,0.1611,-0.1543,edm,16
0.4378,1.5268,1.6684,r&b,16
-0.7076,0.7722,0.3748,pop,15
1.7505,-1.3798,0.6404,edm,15
1.9968,-0.5002,-1.4654,rock,15
1.6993,1.1788,1.1127,latin,15
1.6935,-1.1266,-0.5799,pop,15
-0.0457,0.6016,-0.109,r&b,15
1.8064,-1.4269,-1.2664,edm,15
-1.7528,1.1604,0.2745,latin,15
0.1388,-1.9873,3.3109,edm,15
2.1375,-2.6923,-2.2483,rock,15
-0.9205,0.6847,0.2445,r&b,15
-0.6857,1.3309,0.1916,latin,15
0.3623,-2.1474,2.5554,rock,15
-0.2791,-1.0437,0.6305,rock,15
-0.5414,-0.7007,0.5229,rock,15
1.2578,-1.493,-0.1936,edm,15
0.1321,0.8527,-0.6712,latin,15
-0.4007,0.5433,0.2529,pop,15
0.3299,-1.2547,-0.3458,edm,15
-2.3471,-1.3521,0.3066,rock,15
1.4012,2.2773,-0.4347,r&b,15
1.9888,-0.9889,0.8412,edm,15
0.4269,-2.6455,3.578,edm,15
-0.4143,-1.6457,1.3087,r&b,15
-3.5562,-1.4654,-1.3742,rock,15
1.5946,0.9651,0.0753,rock,15
0.1635,0.5062,-1.8818,rap,15
1.3247,-1.5228,-0.2631,edm,15
-1.1976,-1.0287,-0.8284,r&b,15
-0.1714,0.16,-0.841,r&b,15
-0.6376,-1.7421,1.9448,latin,15
0.1616,-1.3095,3.1894,edm,15
-0.009,-1.555,2.1669,edm,15
-0.3404,0.5999,-1.2098,rap,15
-0.9248,-0.2599,-0.5378,latin,15
0.1545,0.656,-0.3327,r&b,15
-1.8732,-1.2363,-0.4945,edm,15
-0.4628,2.1979,0.0709,rap,15
0.2346,-2.1984,2.2202,edm,15
0.2284,-1.3601,3.0657,edm,15
0.5007,0.5186,0.7883,edm,15
1.0198,-1.4682,0.4194,edm,15
0.7433,1.6971,-1.0912,rap,15
1.6614,1.1615,0.5337,latin,15
0.2056,0.0288,0.3429,rap,15
-0.2797,1.1976,-0.2883,rock,15
2.0893,-0.841,-0.9465,rock,15
0.5573,0.4118,0.3167,edm,15
0.2032,0.7981,1.1119,r&b,15
-2.1231,-2.7634,1.0179,rock,15
0.474,-0.9146,0.4068,rap,15
-1.7345,-3.1401,3.7173,edm,15
0.3714,-1.7904,-0.7443,edm,15
-0.9973,1.9583,0.4038,pop,15
0.2479,0.4032,-1.1196,rap,15
0.285,0.3562,1.3589,rap,15
0.739,-1.6526,0.1227,rock,15
0.6766,1.9213,0.1621,r&b,15
-0.013,-0.5243,0.9568,edm,15
-0.955,-1.0111,2.9761,pop,15
-1.9186,-1.6392,-0.6981,pop,15
1.836,-1.2552,-0.0247,rock,15
0.4078,-0.1729,0.5794,rap,15
1.3575,-2.7964,1.5501,edm,15
-0.1052,0.268,1.215,latin,15
0.8435,1.1669,0.9699,r&b,15
1.3518,-0.2698,0.7575,edm,15
-1.6023,-0.4384,-0.6923,edm,15
2.6405,-0.4935,-2.4414,edm,15
0.4922,-0.8669,1.2529,edm,15
-0.4333,-1.105,1.4651,edm,15
-1.6028,-0.8527,0.3192,edm,15
0.8793,0.2331,1.688,r&b,15
1.1614,0.1244,0.6776,r&b,15
1.514,0.2199,0.5678,rap,15
-1.0591,1.2712,-0.7964,r&b,15
1.9721,-0.0228,0.4738,edm,15
-1.7358,-0.1281,0.5577,latin,15
0.598,1.4211,1.6336,r&b,15
0.2534,-1.8677,-0.7521,edm,15
1.4401,-0.385,-0.8026,edm,15
-0.8687,-1.5606,1.1506,edm,15
-0.2503,-0.6503,1.4894,edm,15
1.4669,-2.5036,-0.5481,edm,15
-2.0015,-0.1425,1.2546,pop,15
1.2239,-0.0215,-0.0225,edm,15
-1.6671,0.5006,0.4699,r&b,15
-2.2829,1.0556,0.2095,r&b,15
0.004,-0.924,1.3723,edm,15
-0.1804,-0.3265,-0.1395,rap,15
0.1418,-1.1583,0.9719,edm,15
1.8974,-3.3991,-1.331,edm,15
0.4752,0.4209,1.1055,latin,15
0.1397,1.4782,0.8471,rap,15
-2.3418,-0.1941,-2.3705,r&b,15
-0.7808,0.7328,-0.0417,r&b,15
-4.1621,-0.7145,1.1936,latin,15
0.8345,0.4895,0.2951,pop,15
1.6491,-1.1012,-1.4308,rock,15
1.545,-0.3243,-0.3085,rock,15
0.962,1.1101,0.159,rock,15
-0.1751,0.5379,0.7011,edm,15
1.0723,2.2155,1.1409,rap,15
-0.4619,1.0961,-1.4719,r&b,15
-0.4225,-2.8842,4.1743,edm,15
-0.162,-2.6376,-0.6142,r&b,15
-1.9469,-1.6369,-1.0906,r&b,15
-0.5519,1.6986,0.5314,r&b,15
1.7059,-0.6575,1.1699,edm,15
-1.3289,2.1813,-1.0842,latin,15
1.5126,-1.2921,0.6964,edm,15
-0.062,-2.0967,3.7238,edm,15
-1.804,1.3861,0.2159,r&b,15
-0.7253,-1.0526,1.1856,latin,15
1.5418,0.5141,-0.101,edm,15
-1.1383,0.9529,0.593,rock,15
-1.7405,-0.6763,-0.2273,rock,15
0.4992,-0.7607,2.0584,latin,15
-1.0089,1.4899,-0.4781,rock,15
0.0035,1.1077,1.1404,r&b,15
0.3024,1.0397,0.7395,rock,15
-0.0912,-1.1501,0.9426,edm,15
1.4499,-0.9441,1.2848,rap,15
-1.3422,-0.0072,1.8452,r&b,15
1.0602,-0.8336,-0.5302,edm,15
0.3524,1.194,1.9341,r&b,15
-2.4663,-0.3221,1.4758,pop,15
0.7385,-0.1389,-0.3603,r&b,15
-0.9795,-0.2476,-0.6567,r&b,15
0.1195,0.5059,0.316,edm,15
1.1566,-1.9793,0.7112,edm,15
0.4207,0.1932,0.8484,rock,15
0.4469,-0.5939,-0.5438,latin,15
1.4706,-1.6506,-2.0712,edm,15
-1.2632,0.8971,0.8532,latin,15
-0.7211,0.3763,2.2769,edm,15
-1.4841,0.1258,-0.444,latin,15
1.3766,-1.8547,0.4704,edm,15
0.9685,0.701,1.7564,r&b,15
0.8134,-0.7769,0.2738,pop,15
0.3522,1.0965,0.0491,r&b,15
1.2193,-0.9928,-1.0384,rap,15
1.0182,0.8113,-0.1569,latin,14
-2.296,-1.4345,0.3426,rock,14
-0.1372,0.4293,0.0918,latin,14
0.9533,-0.709,-0.2562,edm,14
-1.3904,0.0335,-0.2526,r&b,14
1.2809,-0.7341,-1.9846,latin,14
-0.0899,-1.1407,1.7105,latin,14
1.7858,-0.5485,-0.2887,rock,14
-2.4351,-2.7806,-1.0082,rock,14
-0.0902,0.9018,0.6455,pop,14
-1.533,-0.1078,-0.2663,latin,14
0.1762,1.5811,0.27,pop,14
-0.1051,-1.9047,-1.1196,rock,14
0.0014,0.86,-0.4552,r&b,14
-1.4663,0.2174,0.6904,rock,14
-0.8662,0.7394,-0.7042,latin,14
1.4989,0.0726,-0.4005,edm,14
0.003,-1.0751,0.6476,pop,14
-1.6078,0.0365,-1.3614,r&b,14
1.3478,-2.0189,-0.8272,rock,14
-0.3278,0.2821,2.376,pop,14
1.2515,0.12,0.4576,r&b,14
-1.9672,-1.6015,-0.3805,rock,14
1.5791,-1.0428,0.4092,rock,14
0.8877,-1.7974,-0.1502,rock,14
-0.3842,0.5057,0.4035,rap,14
-0.0558,0.3271,0.7991,r&b,14
-0.803,-1.2227,0.5967,rock,14
0.8708,-1.3471,-0.5454,rock,14
1.1219,1.4929,1.126,pop,14
1.2812,-0.7167,0.3798,edm,14
1.3903,-1.7796,-0.7031,edm,14
-2.8863,-0.0969,-0.4549,r&b,14
-3.9958,1.6059,-0.9213,r&b,14
2.2767,-2.7394,-2.47,rock,14
2.3543,0.2714,0.6402,edm,14
0.4386,1.0953,-0.2336,latin,14
0.3866,-1.953,-0.6325,latin,14
0.8568,-0.9787,-0.4526,edm,14
-0.0968,1.2504,0.8189,pop,14
-0.4181,0.6593,-1.7605,edm,14
1.3023,-2.8689,-0.9078,rock,14
-0.7931,0.1778,-1.5751,rap,14
-1.0924,0.5095,0.7507,pop,14
0.5262,0.3292,1.3896,edm,14
0.1745,0.5857,0.6484,rock,14
0.2267,-1.8621,-0.6652,edm,14
1.8722,-0.9981,-0.6474,edm,14
-1.5743,1.7724,0.1205,latin,14
-0.6104,-2.9616,3.7093,edm,14
0.5837,0.825,0.9867,r&b,14
1.1851,-1.3477,-0.2501,edm,14
-0.1885,-0.9458,-0.0606,r&b,14
-0.8894,2.3007,-1.7393,rap,14
2.5777,-1.0112,-1.8018,edm,14
-0.2243,-2.0659,1.7747,rock,14
2.0589,0.2537,0.2052,pop,14
1.3363,0.6381,-1.0807,rap,14
1.9031,-0.2479,-0.3704,pop,14
-1.5978,0.1142,-1.0899,r&b,14
-0.2888,-0.7362,-0.7592,r&b,14
-4.4175,0.215,-0.5558,r&b,14
0.3281,1.2666,0.1219,r&b,14
-1.3273,0.7754,0.422,r&b,14
-0.8413,-0.1819,-1.1825,rap,14
-0.688,0.0214,0.1534,r&b,14
-0.9119,0.0586,0.4883,r&b,14
-0.519,0.7702,-0.957,rap,14
1.9336,-2.2067,-1.5576,rock,14
0.365,2.0596,-0.0514,edm,14
-3.9068,-0.538,0.0091,pop,14
0.19,0.7004,-0.7552,rap,14
-0.1581,-1.8766,2.7899,edm,14
0.1697,-1.8102,3.7605,edm,14
-1.8405,-2.8393,2.8077,edm,14
1.1724,1.8267,0.851,pop,14
0.9656,1.043,0.9508,edm,14
0.8306,-0.2115,0.6237,pop,14
1.4449,-0.5059,0.9419,edm,14
1.2165,1.1395,0.5305,edm,14
-0.4769,1.8852,0.5755,edm,14
-0.3243,-0.5239,2.2548,pop,14
-0.6878,-0.1516,1.701,pop,14
1.4972,-1.1643,-0.0164,rock,14
-1.901,0.5415,-2.3557,rap,14
1.1282,0.2838,0.3201,edm,14
0.8226,-0.1287,0.2791,pop,14
1.1038,-1.8921,0.4835,edm,14
-1.1677,-0.9556,0.7907,rap,14
0.7469,-0.5096,1.5934,edm,14
0.637,-0.365,1.6891,edm,14
0.046,-0.3607,-0.3861,edm,14
0.5957,-1.0967,1.0748,edm,14
-1.2021,0.1291,0.806,edm,14
1.0841,-0.7862,-0.5691,edm,14
0.5148,0.7175,1.5148,edm,14
-0.5308,0.3076,0.4372,rap,14
0.2524,0.1852,0.6551,r&b,14
0.2248,0.4476,1.1275,rock,14
-3.257,-2.9046,1.9376,pop,14
1.4848,-0.1916,0.8263,edm,14
0.8975,-2.5791,-0.5697,edm,14
0.1558,0.733,0.7404,edm,14
0.9312,-0.1455,0.6565,edm,14
0.6718,0.6262,-0.5256,edm,14
0.8207,-0.6384,0.4037,edm,14
1.7136,-2.3394,-0.1394,edm,14
1.1724,-3.0709,0.1753,edm,14
1.367,-2.5928,1.2511,edm,14
-3.7475,-0.2122,0.9035,pop,14
-0.2772,-0.1426,1.0621,latin,14
0.7936,-0.5682,1.2016,edm,14
0.9081,-1.3844,0.3454,rock,14
-1.4023,-1.5964,0.0711,rock,14
-0.4135,-0.2743,-1.8984,r&b,14
-0.7215,-1.4333,1.5636,rap,14
-3.0852,-1.5922,-0.285,r&b,14
-2.4092,0.3906,0.6193,r&b,14
-0.061,-1.63,1.1377,rock,14
1.5642,-1.9339,0.2638,rock,14
-0.9267,-2.1472,3.7639,edm,14
-2.708,-0.5519,-0.3948,r&b,14
-4.3315,-0.6025,-1.463,rock,14
-1.0028,1.391,-0.0916,latin,14
-4.2088,-2.5988,-0.2004,latin,14
0.0469,-1.3385,-1.6077,rock,14
-1.4756,1.2434,0.1069,rock,14
0.2585,-1.0363,0.0815,edm,14
1.4945,0.9485,-0.3079,rap,14
-3.8395,-0.3397,-0.953,r&b,14
1.3725,-0.9367,1.3678,edm,14
-1.4286,-1.6593,3.9461,edm,14
0.5648,-0.4084,-2.1386,rap,14
-0.527,-0.1802,0.2921,edm,14
1.7464,0.0287,1.3691,edm,14
0.1453,0.3375,-0.9423,r&b,14
1.5639,-1.1645,-0.833,edm,14
1.9419,-1.2697,0.4085,edm,14
2.2251,0.2062,0.0441,edm,14
-0.024,-1.042,0.5061,edm,14
-0.1092,-2.6618,2.2118,edm,14
-1.3739,0.855,-0.3806,r&b,14
0.8468,0.5273,0.2817,pop,14
-3.7366,0.3609,-1.7374,rap,14
0.5373,0.3074,0.6053,pop,14
0.2758,-1.7929,4.1182,pop,14
-0.8884,0.4373,1.1929,r&b,14
-0.1716,1.3087,0.2351,latin,14
-0.3788,1.1415,-1.9853,rap,13
0.6326,0.5416,-1.2703,rap,13
-1.0259,1.2694,-0.3504,rap,13
-2.0712,-2.0953,2.463,rap,13
0.7018,-2.6834,2.3674,edm,13
1.2931,-1.6431,1.437,edm,13
-0.5078,0.6189,1.3485,r&b,13
0.1527,-0.0963,2.0506,latin,13
-0.6455,-0.7348,1.0237,edm,13
1.7237,0.9785,-0.5314,edm,13
1.1343,-0.8013,-0.2264,edm,13
0.5024,1.1697,0.141,latin,13
-5.3834,-0.4832,-1.7708,pop,13
-1.5087,1.1777,-0.1915,pop,13
-4.2797,-1.2391,-0.3308,r&b,13
1.4034,-3.0126,1.2399,edm,13
-2.4941,0.999,0.9987,r&b,13
0.1725,-0.3984,3.0186,edm,13
1.1851,-1.5152,3.5685,edm,13
-2.5803,-0.2748,0.3087,rock,13
0.8204,-0.7701,0.0002,r&b,13
-0.1654,0.6706,0.0959,pop,13
0.7526,1.1857,0.9279,r&b,13
0.4756,-1.34,2.0625,latin,13
1.7905,-0.7106,-0.7604,edm,13
0.3342,0.7212,1.3508,latin,13
0.0786,-0.3934,-1.1749,pop,13
0.2708,0.9108,0.8764,rock,13
-2.7923,1.6086,-1.1539,pop,13
1.7095,-1.2204,1.509,edm,13
-0.6532,2.5376,-1.7662,edm,13
-3.4898,-0.9977,0.6031,latin,13
1.8686,-0.9529,-0.8487,edm,13
-0.1766,-0.5744,-1.3568,r&b,13
1.4803,0.4389,-0.066,rock,13
-0.0279,-0.2823,-0.4783,edm,13
-0.1718,0.5529,1.2169,rap,13
0.2813,-0.6752,1.4782,edm,13
-0.2529,-0.9473,1.2298,edm,13
-1.884,1.3904,-0.2625,r&b,13
-2.5543,0.2025,0.9928,rap,13
2.4938,-1.7231,-1.2732,edm,13
1.476,-0.069,0.194,latin,13
-0.5534,0.0766,1.3098,latin,13
0.8607,0.3403,2.6748,latin,13
0.2438,0.9087,0.761,rap,13
-2.9648,-0.7787,-0.2451,pop,13
1.1225,0.3364,0.4468,pop,13
1.5625,0.3687,0.7839,rap,13
-0.4266,0.182,1.3236,rock,13
1.5693,-0.6557,-0.1925,edm,13
0.084,0.7191,-0.2055,edm,13
1.538,-0.9035,-1.5849,edm,13
-0.5386,-0.5432,2.0787,r&b,13
0.702,-2.3281,2.865,latin,13
1.8675,0.9962,-0.5076,latin,13
-0.814,0.6889,-0.8636,rap,13
0.8629,-1.4786,-0.3569,edm,13
1.6888,-1.5113,-0.8806,rock,13
0.4657,-0.9613,0.6953,rock,13
0.3256,0.5026,2.0172,edm,13
-1.2072,-1.0011,-0.1515,r&b,13
-1.1393,0.8878,-0.6843,rock,13
-1.0336,1.5862,0.6938,rock,13
-1.892,0.6002,-1.5399,r&b,13
1.5354,-0.2722,-0.4888,edm,13
0.46,-2.1978,0.8455,edm,13
-2.4106,-0.3048,-0.7652,r&b,13
-1.6779,-1.2156,1.5932,r&b,13
-3.5804,0.4003,-0.7056,rock,13
-2.5384,0.3269,-0.8832,rap,13
1.6592,-0.985,1.3972,edm,13
-0.8436,-2.9382,0.3263,rock,13
1.3501,-0.3492,-1.2706,latin,13
2.1994,-3.3091,-1.1175,pop,13
2.0338,-0.1954,-0.9853,pop,13
0.9129,-2.3085,1.3448,edm,13
0.903,1.771,-0.6205,latin,13
1.1908,0.82,1.7911,edm,13
0.676,-0.5599,-0.2685,edm,13
-0.0254,-0.6161,2.0592,edm,13
0.0003,0.4919,0.1556,edm,13
-1.2748,-1.1416,2.5491,edm,13
-3.8588,1.398,-1.1384,r&b,13
0.6808,-0.2341,0.1173,edm,13
-1.2926,1.5874,0.2505,pop,13
0.8448,-2.543,-0.7239,pop,13
1.5137,1.0023,-2.2864,rap,13
-1.2678,-2.2629,-0.1595,rock,13
-1.8012,1.2094,-0.1047,r&b,13
0.8597,1.4983,-1.2229,edm,13
0.2921,0.4808,-0.679,edm,13
0.3278,0.7514,0.4162,edm,13
2.6908,-2.1723,-2.6655,rock,13
1.4243,-0.6901,0.783,pop,13
-0.345,-1.0552,-1.9569,rock,13
0.0293,-0.9618,0.9043,pop,13
0.9377,0.5665,0.6704,latin,13
-0.6681,2.0608,0.4909,latin,13
1.2047,-0.5089,-0.4667,edm,13
0.2165,-0.7516,-2.2082,rap,13
0.9496,-0.709,4.031,edm,13
0.3923,-0.6973,2.9534,edm,13
2.1711,0.2441,-0.576,pop,13
1.7823,-2.2504,1.3631,edm,13
2.2744,-2.5809,-2.0342,rock,13
1.0717,-1.2043,0.4121,edm,13
0.2353,0.337,-0.6623,edm,13
2.248,-1.4183,-1.5934,pop,13
2.153,-1.1805,-1.5118,pop,13
0.6644,0.3884,0.6651,pop,13
-0.2174,0.2324,-2.2262,rap,13
-0.7351,-1.2512,0.0844,edm,13
-0.6893,-1.278,-1.0501,edm,13
0.1919,1.2362,1.3495,r&b,13
-0.2841,-0.7824,2.5727,edm,13
1.8048,-0.935,-0.6807,rock,13
-0.574,-0.0222,0.2898,pop,13
0.9347,1.1084,0.9514,latin,13
1.3508,-1.1084,1.9482,edm,13
1.8339,-2.162,-0.7306,rock,13
-4.21,-2.9089,2.0178,rock,13
-1.7862,3.0511,-1.1027,r&b,13
0.3864,0.8286,1.638,r&b,13
-0.3101,-1.1349,0.2096,pop,13
1.228,1.615,-2.4991,r&b,13
0.6293,1.1907,0.5623,rap,13
-2.4585,0.6676,1.4125,r&b,13
-0.7474,0.0195,0.3646,r&b,13
0.4487,-2.1214,3.2121,edm,13
-0.4716,-2.7937,2.4562,edm,13
0.2586,0.3432,0.8601,pop,13
1.5543,-1.6497,1.4188,edm,13
0.2913,0.8776,1.3952,latin,13
-0.7717,0.8399,-2.6652,rap,13
0.2281,-0.3984,1.0238,rap,13
-3.4673,0.4323,-0.1571,r&b,13
-5.5701,-1.9745,0.1936,rap,13
-1.0549,0.8526,-0.1871,rap,13
-2.1389,-1.6839,-0.0546,r&b,13
0.007,0.2509,-0.4785,rap,13
0.4703,2.122,0.917,r&b,13
0.0806,0.5663,-0.2178,latin,13
1.0777,-1.0904,0.455,edm,13
-0.5688,0.0157,-0.1805,r&b,13
0.7536,1.0216,-1.0471,rock,13
1.4427,-0.8603,-0.6155,rock,13
-1.6569,1.1487,-0.0912,r&b,13
1.2164,-1.3351,-0.7907,edm,13
1.1247,0.1457,-0.8782,rap,13
0.2006,-1.1851,-0.4993,edm,13
-0.9721,-0.2752,-0.3337,rap,13
1.7271,-0.1946,1.2473,edm,13
0.8834,-0.7798,0.6145,rock,13
-0.2193,-1.3371,-0.421,rock,13
1.0982,-0.2453,1.5245,r&b,13
0.7487,0.0069,-0.5661,edm,13
0.8161,-1.5509,-0.8808,edm,13
2.0057,-0.0537,-0.4947,pop,12
1.2855,1.6119,-0.0172,rap,12
1.2949,-1.0834,-1.2475,edm,12
1.4556,-0.8511,0.8307,edm,12
0.3109,-2.5095,-1.3021,rock,12
0.945,-1.679,0.2622,rock,12
1.2922,-1.5862,0.1537,rock,12
-2.7681,-0.6591,0.1441,pop,12
1.8863,-0.1793,-0.1135,edm,12
2.3836,1.2071,-0.4899,latin,12
0.8953,-0.538,-0.6412,pop,12
-0.9397,-1.2096,0.613,r&b,12
-1.1046,-0.4388,-0.5704,rock,12
-0.9212,-0.6569,-0.2579,pop,12
0.709,-3.8413,2.3427,edm,12
-0.2914,-0.3484,1.3234,rock,12
-0.3713,1.4856,0.6546,latin,12
0.2654,-1.5861,0.0665,rock,12
-3.5123,-0.8311,0.7093,rap,12
0.2268,0.1715,1.1398,latin,12
0.6128,0.1336,3.6927,pop,12
-0.8816,0.4227,0.6933,r&b,12
2.3093,0.5135,0.2318,rap,12
1.6479,0.1354,-1.8229,rap,12
2.8944,-1.7484,-2.4555,rock,12
-0.2572,1.5139,-0.1055,latin,12
0.0575,0.4127,-0.3137,rock,12
1.6078,-2.3334,2.1101,edm,12
0.4692,-0.9833,0.1642,rock,12
1.0423,-0.1816,-0.0144,latin,12
1.3619,-2.4874,-1.2337,edm,12
0.3633,1.0057,1.944,r&b,12
0.2379,-0.3957,1.0221,pop,12
-3.5169,0.1563,-0.1531,r&b,12
1.28,-1.6004,1.8469,rock,12
1.16,-1.4163,1.2709,edm,12
-0.496,-0.3159,0.8933,r&b,12
0.7902,-0.3593,0.1614,rock,12
1.5617,-1.3412,-1.0164,edm,12
0.5235,0.4493,0.6308,rap,12
-0.0538,0.7054,0.092,latin,12
-1.2313,-0.3164,1.0676,pop,12
-1.2793,0.4145,-1.0427,rap,12
1.0012,-0.3625,1.3331,edm,12
1.2433,0.3987,0.3812,rock,12
-0.7254,1.2036,0.5982,r&b,12
1.2257,-0.2438,0.0206,rock,12
0.8207,1.2633,1.1127,r&b,12
-0.3951,0.2718,2.4273,edm,12
-2.7621,1.059,-2.1432,r&b,12
0.0712,-0.2955,2.8509,rock,12
1.1166,-1.1941,-0.3828,edm,12
1.2642,0.4935,-0.7062,pop,12
-0.8126,-1.9748,1.475,r&b,12
1.7453,2.0551,-0.7098,latin,12
0.6316,-0.4542,-0.5035,latin,12
-0.185,0.1273,0.2135,r&b,12
0.6859,1.1154,-1.2083,edm,12
-4.494,-0.7107,-1.3606,pop,12
-0.8577,0.277,-1.5369,r&b,12
-1.469,-0.4674,0.1669,r&b,12
0.707,-0.8674,0.2326,edm,12
0.955,1.1566,0.2755,rap,12
0.6854,0.6268,1.8274,pop,12
0.9989,-3.7341,0.3792,rap,12
-0.2481,0.1569,1.1131,pop,12
-3.4331,-0.1037,0.0654,pop,12
-3.3193,-0.2287,0.3291,r&b,12
0.6274,-0.5218,1.685,rock,12
-0.6762,1.3906,-0.6956,rap,12
0.777,0.2207,-1.1389,r&b,12
-1.6248,0.3133,0.5292,pop,12
1.7872,-0.7626,-1.9043,r&b,12
0.3732,1.144,0.0518,rap,12
-3.0268,-0.1246,-0.7308,pop,12
1.0744,-2.2946,0.9163,pop,12
1.0026,-1.6403,-0.2134,r&b,12
0.7527,0.7477,-1.136,rap,12
1.4616,1.4379,1.2153,pop,12
-1.1996,1.4692,0.1944,edm,12
2.2903,-0.5265,-0.5724,pop,12
1.2801,-0.0026,1.3077,r&b,12
1.1507,-0.2719,1.7401,edm,12
0.2479,0.5199,0.7038,rap,12
0.2993,-0.1164,0.1891,pop,12
2.7736,0.2423,-1.8835,pop,12
-0.2757,-0.9174,-0.222,pop,12
-0.1701,2.715,-0.0439,rap,12
0.209,0.3214,0.5193,r&b,12
0.7308,-1.5477,0.3342,rock,12
0.6566,0.4671,0.3484,edm,12
1.8159,-1.6907,0.4666,edm,12
1.5924,-0.5518,-0.4722,edm,12
-0.9362,0.8378,-0.4092,r&b,12
1.1865,-1.5555,-0.7457,edm,12
-0.339,1.5855,-0.608,rap,12
0.9615,0.527,0.6952,edm,12
1.3296,1.9974,0.1894,rap,12
0.5338,1.9866,-1.5453,rap,12
1.8086,-0.4485,-0.9809,edm,12
-0.4919,0.3592,-0.9805,rap,12
1.4752,-1.5837,0.4189,edm,12
1.4066,0.5699,-0.0166,latin,12
1.3039,-3.7976,-0.0883,rock,12
2.0342,-0.3508,-0.3027,edm,12
1.0001,1.065,0.0227,r&b,12
1.6693,-0.0949,-0.1174,rock,12
-1.7952,-0.4271,-0.0365,r&b,12
0.3203,0.6103,-1.4146,r&b,12
-0.8183,0.0443,0.6203,pop,12
-0.6338,1.6735,-0.1781,r&b,12
-0.5337,1.3249,1.0956,latin,12
0.8511,-0.6358,0.25,pop,12
0.6749,0.6145,0.2727,r&b,11
0.9481,0.2812,0.0821,r&b,11
1.3823,-1.3582,0.4255,rock,11
0.4328,1.1804,-1.7113,rap,11
-0.1127,-0.0295,0.1252,pop,11
-2.138,-0.0192,0.5603,r&b,11
1.7406,-2.1278,-0.9015,rap,11
1.4212,-1.6817,1.4702,edm,11
-0.5923,-2.3381,2.1884,edm,11
0.2151,1.6758,-1.4379,r&b,11
-1.8626,-0.8236,-1.5487,r&b,11
-1.6266,0.5146,-0.4391,rap,11
0.1544,-1.247,-0.3166,latin,11
-0.5671,-0.0131,2.031,latin,11
-1.6574,-1.9206,2.9621,rock,11
-1.997,-0.6184,-0.5317,r&b,11
2.1588,0.0812,-1.4476,edm,11
1.5379,-0.7681,0.0979,edm,11
2.0824,-0.5404,-0.4654,edm,11
-2.5579,-0.0296,0.6898,pop,11
0.7571,0.9402,-1.8488,rap,11
-0.5583,1.3009,-0.2171,r&b,11
0.6701,-0.517,-0.0459,latin,11
-0.0213,1.5894,-1.2739,rap,11
-2.4989,-0.9508,-0.7614,pop,11
-0.005,0.4487,-0.4222,rap,11
1.1222,-1.2689,-1.4821,edm,11
-0.3161,-2.6591,1.569,rock,11
1.7811,-1.3939,-1.6643,edm,11
0.0165,-0.6688,-1.1822,r&b,11
0.0053,0.4033,0.102,rap,11
1.186,1.2326,-0.1372,rap,11
1.1497,1.2085,0.9216,rap,11
-0.682,0.4891,-0.1962,latin,11
0.7747,1.4779,1.5899,pop,11
1.5704,-1.2527,-0.478,rock,11
-0.1355,0.5335,0.8403,pop,11
2.3226,-1.1592,-0.9227,rock,11
1.3051,0.5871,-0.0124,latin,11
-0.0338,0.172,1.4958,r&b,11
0.5579,0.4807,-1.1482,rock,11
-1.4723,-0.7971,1.0887,r&b,11
1.2813,-2.6806,-0.7242,edm,11
-0.6688,2.6212,0.1117,rap,11
0.3948,0.9132,0.5678,rap,11
-1.3512,-0.3105,-1.039,pop,11
-0.4482,-0.5156,0.513,edm,11
-0.0891,-0.7244,0.7736,r&b,11
-2.8064,1.2364,1.1482,pop,11
-1.6877,-1.8328,0.4077,rock,11
-1.149,1.737,1.3256,r&b,11
-1.0334,-0.2026,1.04,latin,11
0.9666,-0.6402,0.4025,edm,11
0.3456,1.514,-0.8862,r&b,11
0.3338,3.0049,-0.4545,rap,11
-0.3232,-2.9832,1.5198,rock,11
-0.6242,-0.5403,1.8641,pop,11
0.74,1.3223,-0.4029,latin,11
-0.5998,1.09,-0.8906,pop,11
-1.262,0.7869,2.0167,r&b,11
0.5086,-1.3078,0.0938,rock,11
-0.523,-0.6505,0.6075,edm,11
2.4425,-2.7712,-1.5167,edm,11
-2.3384,-2.7726,1.3291,rock,11
0.883,-0.3468,-0.5171,edm,11
-0.3262,1.0937,1.5125,rap,11
1.2006,-1.3596,0.5802,edm,11
2.1452,-0.9712,-0.1793,edm,11
-3.7557,-0.47,-0.3755,r&b,11
0.2833,-1.7425,3.1178,edm,11
-0.0778,0.4004,0.3694,rap,11
-0.2713,1.6324,-1.2706,r&b,11
0.2217,-2.8337,-1.5769,pop,11
0.7334,-0.8005,-1.0302,rock,11
-0.4717,1.2488,0.486,rap,11
0.8866,2.7699,0.3517,rap,11
1.521,-0.9023,1.6409,edm,11
1.1151,0.5555,1.2081,r&b,11
-1.5683,1.2832,-1.7723,latin,11
0.6672,1.0992,-0.4986,latin,11
1.2621,-0.8683,-0.1293,rock,11
-1.5864,-3.8299,-0.3665,edm,11
-4.3996,0.4268,0.2889,rap,11
-4.8767,0.0145,-1.0653,rap,11
-5.7456,-0.3648,-1.5473,rap,11
-6.5876,-0.8698,1.2437,rap,11
-1.2489,0.9959,0.4012,r&b,11
0.1208,-3.4403,-2.0731,rock,11
-0.9277,-0.0781,0.5291,latin,11
0.2174,-1.5158,1.2299,latin,11
-0.33,1.4334,-0.2089,latin,11
-3.8099,-1.8302,-2.0248,r&b,11
-2.6431,-2.6354,-3.1363,r&b,11
1.0663,0.4069,2.764,latin,11
-0.6279,0.5093,1.5916,latin,11
0.3161,0.553,0.131,rap,11
-0.9446,0.2911,-0.5482,rap,11
0.086,-3.2365,2.3878,edm,11
0.5302,0.153,1.4571,latin,11
-3.8332,0.4442,-0.4339,r&b,11
-0.1998,-3.7094,0.3529,rock,11
-0.6376,1.6706,-0.8749,r&b,11
2.4197,1.2603,0.315,r&b,11
-2.019,-0.5405,-0.047,rock,11
0.6659,-1.1196,0.3958,edm,11
-3.9651,-1.2945,-2.1908,r&b,11
1.3556,1.0389,-3.5146,rap,11
1.4607,-0.6885,1.158,edm,11
-0.3255,1.0866,-2.1691,r&b,11
1.4613,-1.4644,-0.2462,edm,11
1.1795,2.0646,-1.6719,rap,11
0.6489,0.3093,1.126,pop,11
-3.8548,-1.6889,0.2077,rap,11
-4.8359,-0.9033,-0.9391,rap,11
-1.2685,0.7182,1.163,pop,10
-0.013,-1.9383,-0.3998,edm,10
1.2946,0.7606,-1.4191,rap,10
1.4431,0.6164,-0.1999,edm,10
0.1011,1.8572,0.3615,r&b,10
0.034,1.3438,0.1054,rap,10
-1.4609,-2.9267,3.2249,edm,10
0.6525,1.2511,0.0809,rock,10
0.87,-0.5746,0.2884,pop,10
-1.1038,1.08,0.6285,latin,10
-0.9352,2.117,0.146,rap,10
2.1615,-2.7658,-1.9446,rock,10
-1.6008,0.0676,0.2445,rap,10
-0.476,1.6311,-2.2845,r&b,10
1.4149,0.7309,-0.045,pop,10
-0.2139,1.355,-0.6868,rap,10
0.44,1.4206,0.8844,r&b,10
0.1042,0.0107,0.2184,pop,10
0.5273,1.0914,0.8133,rock,10
1.4368,0.218,0.0848,r&b,10
-0.9214,0.9182,-0.7106,r&b,10
0.1611,-0.3519,-0.2238,pop,10
0.8059,1.2963,0.729,edm,10
0.2701,0.2147,1.2437,latin,10
1.0293,0.513,2.2217,latin,10
-0.113,0.3491,0.9233,rock,10
0.9234,0.8756,-0.1713,edm,10
0.2467,0.6788,1.2317,pop,10
0.3536,1.0814,0.2678,rock,10
0.0858,0.015,0.0816,latin,10
0.3965,0.2823,1.9556,rock,10
-0.6861,0.9832,0.5908,pop,10
-3.9213,-1.3397,-2.3525,r&b,10
-0.1004,1.4367,0.7055,latin,10
-0.3803,0.1667,-0.2371,latin,10
-0.0284,-0.61,0.3481,pop,10
0.776,-0.1824,-1.1108,edm,10
0.9106,-1.0166,0.5092,rock,10
0.3281,1.1993,-0.1954,rap,10
-0.525,1.8318,0.8536,rap,10
-0.306,1.3842,1.2131,latin,10
1.2929,-2.4469,1.2136,rock,10
0.931,0.8636,0.235,rap,10
0.5003,0.5665,1.0699,latin,10
-0.3259,1.6954,-1.0441,rap,10
0.083,-2.828,0.7404,rap,10
-0.3229,2.027,-0.0689,rap,10
-0.1411,-0.1223,2.6979,latin,10
0.5387,0.496,-0.6399,rap,10
-0.7267,0.2704,-0.0304,rap,10
1.0874,0.4163,-0.3139,edm,10
-0.6026,-0.4682,-0.2636,pop,10
1.1178,1.9166,0.3845,r&b,10
0.19,0.1766,0.2917,pop,10
-1.743,-2.6592,1.69,rock,10
-1.0649,1.2737,-1.1281,rap,10
0.5938,-0.0767,-1.346,r&b,10
-3.2568,0.2082,0.021,pop,10
-0.0336,0.0414,1.6256,latin,10
0.4575,0.4169,0.0518,r&b,10
1.6542,1.5748,0.2146,rock,10
1.7084,-1.8853,-0.5934,edm,10
1.757,0.7514,-0.7246,edm,10
1.0964,1.6653,-0.8517,rap,10
-0.3049,-0.5815,0.2113,rock,10
-0.0422,0.1084,0.9858,latin,10
0.7438,1.0453,-0.149,r&b,10
0.3287,2.0071,0.788,r&b,10
-0.7692,1.9683,-0.3368,r&b,10
1.7075,-2.0007,-0.4264,edm,10
-1.083,-1.4135,2.4056,edm,10
-1.3728,-0.7794,-1.9079,rock,10
1.3965,1.2529,-0.4618,rap,10
1.066,-0.952,-0.5198,rap,10
-2.5671,1.0581,1.575,r&b,10
1.6971,0.4943,0.4815,rock,10
-1.1228,-2.2925,-0.0508,rock,10
-0.8921,-0.1356,-0.4569,rock,10
0.2302,1.3294,0.6393,rap,10
1.3776,0.1408,0.0544,latin,10
1.0031,-1.4191,1.0675,latin,10
-4.847,-0.1673,-0.7367,r&b,10
0.5084,-1.4688,-2.0556,edm,10
0.511,1.1012,0.8518,pop,10
-0.5508,0.4219,0.689,latin,10
0.539,0.5531,0.2481,pop,10
2.6784,-2.0206,-0.8128,rap,10
0.0412,0.0351,0.0698,edm,10
-0.3018,1.2606,1.6657,r&b,10
0.5075,0.847,-0.8314,pop,10
-0.279,-1.5616,-0.0001,r&b,10
1.4265,-1.1535,-0.0719,edm,10
-4.2595,-0.9513,-1.0844,rap,10
2.0041,-3.0447,-2.2116,edm,10
0.1672,-1.9413,-2.635,latin,10
1.3169,-1.0425,1.3317,edm,10
1.2321,-2.2237,0.8501,edm,10
-0.7919,-0.4731,-1.5773,latin,10
0.2973,1.6015,0.12,latin,10
2.2208,-0.6837,-0.4131,edm,10
0.315,1.058,-2.345,rap,10
-0.1398,0.4127,0.4224,rap,10
-0.7931,0.9619,1.1249,rock,10
1.6805,-1.8628,-0.4926,rock,10
-1.4306,0.0148,-0.5805,rap,10
-3.3141,-1.4489,-0.6603,r&b,10
0.7954,1.0031,-0.2801,r&b,10
0.8923,-0.8487,0.4196,edm,10
-1.4588,-1.9472,-1.119,r&b,10
0.5306,0.3281,0.9627,edm,10
1.4651,0.938,0.1343,pop,10
0.9229,-1.7624,0.8906,edm,10
0.1107,-2.3817,2.9853,edm,10
1.3303,1.2825,-0.2449,rap,9
0.5589,-1.2552,0.2502,pop,9
1.4486,-0.9419,1.3999,edm,9
-0.008,0.2453,0.6273,latin,9
0.359,-0.5377,0.4354,latin,9
-3.6851,-0.7636,-1.0301,rap,9
0.6081,2.0175,-0.4482,rap,9
0.1269,-0.6303,-1.0392,r&b,9
-1.6632,-0.7899,0.1971,r&b,9
-2.88,-1.4731,-0.2622,r&b,9
-1.4765,0.6001,0.5876,r&b,9
0.6014,0.7606,0.9308,latin,9
-0.2961,0.215,0.5881,pop,9
0.3781,-3.455,0.8532,rock,9
-1.3394,-0.2945,0.6828,r&b,9
-1.0601,-0.0321,0.0604,r&b,9
0.621,0.5088,0.0441,latin,9
1.5855,-1.1507,2.4007,edm,9
1.656,-0.5383,-0.035,pop,9
2.5557,0.143,-1.4003,edm,9
-1.6079,-2.4998,-0.2358,rock,9
-4.9593,1.1503,-0.7864,r&b,9
0.298,-1.6814,-0.0312,edm,9
-0.1526,-0.815,-0.7168,pop,9
0.2456,0.9203,0.7577,latin,9
-0.675,0.2688,-0.5008,r&b,9
-1.0989,1.259,-0.3527,rap,9
-0.3445,-0.855,-0.8367,edm,9
-0.5302,0.5187,-0.1527,latin,9
0.7951,0.7521,-0.043,pop,9
-0.5922,-1.4366,-1.0044,edm,9
0.7118,1.169,-0.1185,r&b,9
1.8664,-1.3229,-0.3864,edm,9
0.7946,-1.4057,-2.2224,r&b,9
1.3131,-1.9972,-2.0491,rap,9
0.3178,-0.5458,-0.3064,rock,9
-1.0884,-2.8068,1.6236,pop,9
0.855,-1.908,1.7288,edm,9
-1.4853,-0.1889,-0.3552,latin,9
0.8352,0.4853,0.2588,latin,9
2.1624,-1.0968,-1.0115,edm,9
-0.982,1.5036,1.3769,r&b,9
-0.1678,1.5681,-0.5784,rap,9
-0.1226,0.5928,-1.4747,rap,9
-2.6832,1.0646,-1.1157,r&b,9
0.49,0.7774,0.9333,r&b,9
1.1236,0.5661,-0.0098,r&b,9
0.1286,0.3484,-0.0973,r&b,9
-1.4564,-0.0507,0.9505,latin,9
2.058,-1.7696,-0.6827,edm,9
-0.4825,-0.4462,-0.1229,rap,9
0.7943,-0.3426,0.7262,rock,9
1.5891,-1.2471,-0.8197,edm,9
-0.4712,1.8576,-0.3476,r&b,9
1.1837,-0.7209,2.4287,edm,9
-1.125,1.5434,-2.5462,r&b,9
-0.2124,0.9087,-0.3377,latin,9
-1.7355,0.5048,-0.2708,edm,9
1.2843,-1.8237,0.5885,edm,9
-1.0695,1.2877,-0.269,rap,9
-1.1621,2.108,-1.0049,r&b,9
0.5207,-1.3484,-0.7011,pop,9
0.1646,0.4838,0.3473,rap,9
-0.5609,1.9115,-1.1666,rap,9
0.65,-0.7324,0.533,pop,9
1.3407,-0.6929,-0.9136,edm,9
-4.6137,-1.3876,-1.4398,rock,9
0.5592,-0.0039,0.9197,r&b,9
1.8926,-2.6787,0.446,edm,9
1.4522,-1.1803,0.9509,edm,9
1.7307,-0.9373,0.8218,edm,9
-1.1279,1.9527,-0.053,rock,9
1.812,0.2997,-1.991,rap,9
0.9963,1.2371,0.8059,latin,9
2.7873,-0.854,-1.9487,edm,9
2.2117,-1.552,-2.6473,rap,9
1.9852,-1.2019,1.4591,edm,9
2.0936,1.5756,-1.1175,rap,9
1.366,-1.7337,-0.6506,edm,9
0.6431,0.5812,0.1951,rock,9
1.506,-0.2422,-0.3265,r&b,9
1.8619,-0.3567,-0.4571,edm,9
-0.1217,2.4078,0.9571,latin,9
2.3829,-1.1821,-0.7862,edm,9
1.5622,1.7676,1.0564,latin,9
0.0487,-0.1465,0.6122,r&b,9
1.4432,-0.8831,-1.6787,edm,9
0.3645,-0.0805,1.1843,r&b,9
-1.7878,0.3994,3.0148,edm,9
-1.4169,0.1718,1.5995,edm,9
-1.772,-0.1921,-0.4997,latin,9
2.4221,-1.8989,-1.1074,edm,9
0.4663,0.9332,0.936,rap,9
1.5613,-0.774,-0.6765,edm,9
-0.2473,0.8082,-0.6012,r&b,9
0.8449,-0.0546,-1.7517,rap,9
0.9115,0.092,1.055,latin,9
0.4041,0.7148,0.157,latin,9
1.6449,1.8047,-3.2186,rap,9
-0.1052,0.5871,1.1822,rock,9
2.7097,-0.8702,-1.494,rock,9
-4.5249,-0.9411,0.9924,r&b,9
0.3808,0.0628,-0.0345,latin,9
-5.3549,-0.0719,-0.4907,r&b,9
0.8662,2.3117,1.4777,latin,9
-2.4701,-1.4524,-0.9084,r&b,9
-0.3367,1.2731,-0.9699,rap,9
-0.9893,1.8745,-0.331,rap,9
-0.5204,-1.2682,-1.667,rock,9
2.2937,-0.465,-1.9733,edm,9
1.7847,-0.7856,0.0202,rock,9
1.0131,0.3616,0.8579,rock,9
-0.6321,-1.529,0.812,r&b,9
-0.2864,1.1757,1.6981,r&b,9
1.0777,-1.5891,-0.6396,edm,9
-1.1705,-0.4017,2.7573,latin,9
0.1591,0.696,1.1932,r&b,9
0.5442,0.688,-0.0161,latin,9
-0.236,1.3154,0.5589,pop,9
1.352,-0.3757,-0.643,rock,9
1.1472,1.139,0.5352,latin,9
1.5478,-0.3349,0.0314,rock,9
-0.3576,0.1926,-0.1711,rap,9
0.4552,-2.4416,-1.1707,rock,9
-1.1181,-3.5624,3.4653,edm,9
0.6859,1.4294,-0.6667,latin,9
0.3553,1.6569,-0.6249,rap,9
-1.735,-1.4461,-0.3943,edm,9
-0.5313,-0.4286,0.5098,r&b,9
0.0757,-0.8365,0.6526,pop,9
1.1601,-0.8658,-0.2187,edm,9
0.8397,-0.3992,-0.8065,edm,9
1.0783,-0.1375,-0.8764,rap,9
-0.7624,-0.0815,0.3099,rap,8
-0.4421,-2.6432,1.8764,rap,8
-1.3295,-1.7001,-1.2371,latin,8
0.2093,-1.092,-0.0805,edm,8
0.1652,0.7193,1.6441,r&b,8
1.7607,1.7497,0.3595,pop,8
-0.5876,-0.5979,-0.3412,rock,8
0.1799,0.5371,0.9283,rock,8
-0.1572,-0.655,-1.2752,pop,8
-0.1839,-0.2072,0.629,r&b,8
-0.1002,-1.8489,-0.7888,r&b,8
0.9609,0.9845,0.7969,r&b,8
1.3691,0.8857,-0.1459,rock,8
-0.0478,0.3918,2.2799,r&b,8
-0.8166,-0.2373,0.0098,pop,8
0.1137,1.2095,0.5319,pop,8
1.5409,-0.8938,0.3698,pop,8
0.0087,-0.194,0.5672,pop,8
-0.875,-0.384,0.6412,rock,8
-4.2566,-1.14,-1.4902,r&b,8
0.0065,0.7212,0.3778,latin,8
0.463,-0.811,-0.4187,r&b,8
-0.2362,-2.7615,3.7295,edm,8
-0.52,1.2409,0.2583,rock,8
-1.5085,-0.4367,0.3021,r&b,8
-0.3541,1.0121,-0.1279,rap,8
-1.2575,-0.9879,0.0761,rock,8
0.6189,-0.8727,0.0134,edm,8
-1.216,-1.6198,-0.7181,r&b,8
0.0468,0.18,0.3047,rap,8
-0.6781,-1.6176,0.7634,r&b,8
-0.9081,-1.6633,-0.2961,r&b,8
1.8668,-1.7657,-1.7482,edm,8
1.7263,-1.0733,-0.5141,rock,8
-0.4796,0.8677,0.1832,r&b,8
-0.4038,0.6822,0.6023,r&b,8
0.3237,-1.4063,1.6705,r&b,8
-0.6159,-0.0228,-0.1202,r&b,8
0.9247,-1.4019,-1.7814,r&b,8
0.97,-0.3041,0.0323,rock,8
0.7415,-1.7029,0.806,latin,8
-1.1877,-1.746,1.89,edm,8
0.8994,-0.3896,-1.551,latin,8
-2.3928,-1.7029,0.5656,r&b,8
-0.0187,-0.0759,1.3406,latin,8
0.2612,1.5313,1.1674,rap,8
-0.2521,0.994,0.3384,pop,8
-3.917,-1.5876,-1.7094,r&b,8
-1.2469,-1.592,-0.7013,rock,8
0.4863,-1.6245,-1.0279,rap,8
-0.7617,0.7616,-0.4983,latin,8
-1.1061,1.2376,1.6007,r&b,8
0.7101,-0.2621,0.4623,latin,8
1.7832,-0.0697,-0.1235,latin,8
1.4542,1.0317,0.8058,pop,8
-0.3587,0.2555,1.3085,r&b,8
-0.3132,1.2762,0.8732,r&b,8
-1.5872,1.2886,1.3531,r&b,8
-1.6196,0.4515,2.9315,edm,8
1.2844,-1.1524,-1.0802,rap,8
0.0946,1.2589,-2.288,rap,8
-0.1403,-1.5688,-1.623,r&b,8
-2.2738,-0.9715,-1.3313,r&b,8
-0.4868,-0.1588,-0.8851,rap,8
0.7793,-0.75,0.3468,pop,8
0.8146,1.474,0.764,pop,8
-1.5026,-1.9887,2.2848,edm,8
0.775,-0.2045,2.9432,edm,8
-0.3531,0.382,-0.1835,r&b,8
0.3619,-1.2044,0.3822,rock,8
1.7498,-0.8881,-0.0127,rock,8
-0.7059,0.5876,1.2211,edm,8
-3.3972,2.042,0.9488,r&b,8
-1.2819,-1.6679,3.6741,edm,8
-0.006,0.428,0.6514,latin,8
1.1433,2.0878,-2.181,rap,8
-1.1018,-0.7993,1.5749,latin,8
0.1508,3.0285,-2.6111,rap,8
2.1372,-0.6739,-1.0654,edm,8
1.1509,-1.5346,1.5762,edm,8
-0.6561,-0.0436,-0.1824,pop,8
0.1521,-0.1292,-1.1138,rap,8
-2.0573,0.8463,-0.9943,rap,8
-0.021,-0.981,-0.7461,r&b,8
0.6481,-1.1133,-0.1699,pop,8
1.1318,1.3287,0.0903,latin,8
1.4122,0.8766,1.1944,r&b,8
0.0082,0.9774,1.5402,r&b,8
-1.255,1.2806,-1.0854,r&b,8
0.1416,-0.0012,-1.6085,rap,8
-0.0339,-1.7474,3.8622,edm,8
1.0638,-1.8554,-0.9772,rap,8
1.8844,0.0902,0.6461,edm,8
-3.6648,0.7497,-0.3839,r&b,8
1.2962,-0.199,-1.7214,rap,8
0.7544,-0.1123,1.551,edm,8
-1.347,2.3847,-0.6267,rap,8
0.4012,-0.3449,-0.2394,r&b,8
0.517,0.4137,0.9779,latin,8
0.7456,-0.4255,-0.0336,latin,8
1.5822,0.2057,-0.7063,edm,8
-0.916,-0.5027,-1.1962,r&b,8
-0.1016,-1.2949,4.2747,edm,8
0.8342,-0.9723,1.7544,edm,8
-1.4841,0.8403,-0.5694,r&b,8
0.6714,-0.3662,1.7104,latin,8
-0.7889,1.6714,-1.4928,r&b,8
0.2401,0.8082,0.6439,edm,8
1.3173,0.6103,-0.5038,rock,8
0.1972,0.4683,-1.8309,rock,8
-0.2778,1.0403,-0.1388,r&b,8
1.6862,-2.7882,1.3997,edm,8
0.7591,-0.2416,1.4256,r&b,8
1.5989,0.0162,-0.8156,latin,8
0.0361,-3.305,0.5219,latin,8
-1.1282,1.4589,0.3698,latin,8
-0.2737,0.4649,0.5649,rap,8
-0.0534,-0.8527,3.2667,latin,8
0.7575,0.3344,-0.3984,pop,8
0.8927,0.4495,-0.0293,latin,8
0.0746,-0.6319,-0.9835,latin,8
1.603,-0.0034,0.048,edm,8
-0.0621,0.7511,0.8171,latin,8
-0.7114,-0.2287,0.0029,rap,8
0.5267,0.2669,0.2697,pop,8
0.2826,-0.0873,2.3081,edm,8
1.2457,-0.3707,-0.2259,edm,8
0.6804,0.6848,1.0433,r&b,8
1.7396,0.3145,-0.011,rock,8
-2.025,-2.1522,-2.3054,latin,8
2.0091,-0.947,-0.9558,pop,8
-1.7711,0.6293,0.7232,r&b,8
-2.3637,-0.7529,-0.8705,latin,8
1.2188,-0.656,1.8405,r&b,8
0.5349,0.5497,0.5452,pop,8
0.7905,-1.8417,-0.5494,pop,8
1.6258,-0.3266,0.2578,rock,8
0.1412,0.3219,-0.2828,pop,8
-0.8862,-0.7812,-0.3409,edm,8
0.7591,-0.6468,0.0211,edm,8
1.021,-1.5623,1.1734,edm,8
-0.8444,0.6251,2.0903,latin,8
0.973,0.1471,2.3,edm,8
1.776,-1.503,-1.795,edm,8
0.4945,0.4687,0.5924,latin,8
-2.1048,1.3448,-1.7779,rap,8
-0.6263,0.6259,-1.198,r&b,8
1.6381,-1.923,-1.3431,rock,8
-1.0521,-0.3375,-1.4155,pop,8
-1.0802,0.7236,2.4838,pop,8
0.4626,0.3558,-0.501,latin,8
-1.6073,0.031,-0.4493,pop,8
1.7341,-0.231,-0.5616,pop,8
1.5979,-1.1207,0.7717,rock,7
-0.2839,0.3608,1.8927,rock,7
1.5357,-0.3924,0.3739,rock,7
0.4994,0.1137,-0.7265,rap,7
-1.5509,-0.9802,-0.026,rap,7
-0.5199,-0.1702,0.2303,r&b,7
-0.8324,0.4954,-0.9629,rap,7
0.5255,-1.3132,2.4027,latin,7
-1.0697,-1.081,-0.6868,r&b,7
-0.168,-1.2252,-0.1519,edm,7
0.1064,2.1651,1.2262,rap,7
2.1281,1.5142,1.0196,latin,7
1.106,-0.8772,-0.1834,edm,7
0.7136,-0.8444,-0.0875,edm,7
0.2289,1.5447,-0.7278,rap,7
-0.7898,0.36,-0.0443,rap,7
1.051,-1.3131,1.0656,pop,7
-1.5841,0.2265,0.2834,latin,7
0.065,-0.0115,0.5826,latin,7
1.1966,-1.8665,2.0024,edm,7
0.5679,-2.4679,1.2208,edm,7
-0.0839,1.511,-1.6476,rap,7
0.1456,-1.33,1.0618,latin,7
-2.9394,-1.4947,0.4636,r&b,7
-1.2916,-2.4401,-0.4805,rock,7
0.487,0.4799,1.2187,r&b,7
-1.956,0.6945,1.5529,r&b,7
0.6483,1.1191,-0.3262,pop,7
-0.0869,0.5742,1.5611,edm,7
-2.7107,-1.9177,0.4386,rock,7
-1.0676,-2.4284,1.9482,rock,7
0.5345,2.1487,-0.0965,rap,7
0.831,1.5032,-0.0482,rap,7
0.8327,-0.1666,0.0879,r&b,7
1.1997,0.4175,-0.8251,latin,7
1.4475,1.0635,0.6186,rap,7
0.6695,-0.4514,-1.2347,rap,7
0.3081,-0.6833,-0.5589,latin,7
0.2062,-0.3221,1.9508,edm,7
1.911,0.45,0.547,pop,7
-1.2821,3.0636,-1.2673,rap,7
1.1838,1.0637,1.1214,pop,7
-0.7677,0.2717,-3.258,r&b,7
-1.6958,1.4484,0.2993,rap,7
1.4702,0.865,-0.7284,rap,7
0.4075,-1.8186,3.3807,edm,7
0.7796,-0.1102,0.1826,latin,7
-0.5553,1.4821,1.3529,latin,7
1.0662,-1.3079,-0.4479,rock,7
1.9413,0.3056,-0.8714,edm,7
-0.0059,0.6481,0.4571,r&b,7
1.1043,0.0123,0.0061,latin,7
-1.8002,0.5246,0.6785,rock,7
-1.1246,-5.0665,0.8077,rock,7
-1.1114,1.3745,0.9324,r&b,7
0.7444,-0.244,-0.4747,edm,7
-1.1449,-2.5539,3.3059,edm,7
-0.2036,0.3769,-0.0987,r&b,7
1.1609,-1.0908,2.4967,latin,7
1.0231,-0.9257,1.8267,edm,7
0.9941,0.5878,0.7616,r&b,7
1.3307,-0.7679,-0.854,latin,7
0.1449,-0.0619,-0.0892,pop,7
-1.3017,-2.8596,2.1635,pop,7
-0.8909,0.163,0.6668,r&b,7
0.8235,0.8139,1.1055,r&b,7
-0.0371,0.2236,0.3436,latin,7
1.2177,-1.09,0.0096,latin,7
-1.5571,2.5289,0.2561,latin,7
-0.6117,1.4482,0.5292,rap,7
1.0489,0.4745,1.2207,latin,7
0.0284,-0.3916,0.6041,rock,7
0.8509,-0.269,-0.8061,latin,7
-2.0705,-0.5531,-1.4757,rock,7
-0.8984,-0.9742,-0.162,r&b,7
0.2583,1.4013,1.1448,r&b,7
0.9273,1.5936,-0.387,r&b,7
-1.1488,-0.6703,1.1584,latin,7
2.192,1.6394,-0.6177,edm,7
-1.1106,-2.1385,4.0606,edm,7
1.2323,-2.0239,-0.2831,rock,7
-1.6035,-1.0042,-0.4719,latin,7
0.1052,0.8776,1.7964,latin,7
-1.2179,-0.3616,2.3792,latin,7
-1.2329,-0.7534,0.5563,latin,7
2.5242,0.2778,-2.1926,rap,7
2.3542,-1.6944,-1.1921,edm,7
1.7007,-0.1567,0.8205,rock,7
2.4442,-0.5119,-2.4209,rap,7
0.8512,-0.661,-1.2966,rock,7
-0.362,-0.3691,1.7752,pop,7
0.4693,1.0401,0.7665,rap,7
0.4009,0.1189,-1.3516,rap,7
-0.0824,0.612,0.3943,r&b,7
-0.7166,-3.742,0.8681,rock,7
1.8194,-1.4891,-0.5328,rock,7
-0.2174,1.3101,1.5482,r&b,7
0.4477,0.7111,-0.9144,r&b,7
-0.4575,-1.8946,0.8378,edm,7
0.4253,1.3595,-1.8052,latin,7
-0.8293,0.8618,0.733,r&b,7
1.537,-2.2619,0.6914,rock,7
-3.2681,-2.3687,-1.2126,pop,7
0.5602,0.9217,0.4897,rap,7
0.5896,-2.7846,0.8271,rap,7
-0.6396,0.6736,-0.823,r&b,7
1.7886,-1.6232,-0.7177,edm,7
1.5831,-0.8003,0.1257,edm,7
-2.7915,-1.248,0.2019,rap,7
-5.1223,-0.7335,-0.5005,rap,7
-1.3141,1.0201,-1.6293,r&b,7
2.3629,-2.8659,-3.1038,edm,7
1.7861,-1.0299,-0.656,pop,7
-1.3037,-0.1844,0.1822,r&b,7
1.0736,-0.5182,0.9059,latin,7
-2.0444,-0.6452,0.4872,rock,7
0.9281,-0.0847,0.1696,pop,7
-3.6198,-1.1572,-1.8661,r&b,7
-0.0084,-1.0384,-0.6367,rock,7
0.1898,-1.6417,1.5459,edm,7
0.0826,-0.8523,0.5293,pop,7
-0.2532,-0.8096,-0.4505,pop,6
-0.2083,-1.8984,1.2476,edm,6
0.095,1.7304,0.1951,r&b,6
1.6378,0.3688,0.2128,edm,6
-1.5509,1.2208,-0.6467,rap,6
-1.3235,0.3612,0.6374,r&b,6
-0.7219,1.3561,-0.9961,r&b,6
-2.3143,-0.2013,-0.6642,r&b,6
-3.1349,1.1022,-0.108,pop,6
1.4118,-2.4813,2.3856,latin,6
0.1681,0.2201,0.5731,r&b,6
0.701,-0.1987,0.8088,latin,6
0.341,0.8379,-0.0583,pop,6
0.467,-1.6256,-0.946,edm,6
0.85,0.3069,0.1524,latin,6
0.6231,-1.5749,-0.2685,edm,6
-0.3185,-1.6422,2.329,r&b,6
0.9027,-1.2323,3.2303,latin,6
-2.3211,0.1375,-0.0107,rock,6
1.6646,0.0642,-1.8704,edm,6
0.7075,-2.1189,-1.0973,r&b,6
0.1627,0.4568,0.0156,rap,6
0.1869,1.9471,0.6444,r&b,6
1.2707,-1.5674,-0.5336,rap,6
-0.8153,0.2457,2.4411,latin,6
0.8966,0.2094,0.8481,rock,6
0.5155,0.8854,-1.3732,latin,6
-0.6472,1.8741,1.4632,latin,6
-0.7691,2.3061,0.6587,latin,6
-0.5226,0.545,0.933,r&b,6
-0.044,-3.2387,3.0642,edm,6
-0.972,0.8968,1.2241,r&b,6
2.0379,-1.35,0.0595,edm,6
1.4196,-1.2008,-0.5967,edm,6
1.7399,-3.1325,0.299,rock,6
1.8864,-1.3937,1.2949,edm,6
1.2605,1.3724,0.2258,rap,6
0.5984,-0.6419,-0.3698,r&b,6
1.8891,0.8654,-0.5265,latin,6
0.6746,-0.8572,1.9066,edm,6
-2.0934,-0.9336,-1.0647,r&b,6
0.7221,-1.9614,1.2603,rock,6
-0.5707,-0.2026,1.3313,latin,6
-4.8437,-0.7387,0.2209,rap,6
-1.0923,-0.9824,-0.0756,rap,6
-0.314,0.136,-1.7022,rap,6
1.8987,0.0536,-0.5129,edm,6
1.7651,-1.5181,0.4568,edm,6
1.2235,1.5114,0.9685,rap,6
0.2971,-0.4555,-0.5491,pop,6
0.132,2.282,0.3156,pop,6
-0.8485,-0.7857,0.0321,r&b,6
2.0646,-0.3412,-0.3409,edm,6
0.9779,0.988,0.248,rap,6
-0.2058,-1.1411,0.8729,pop,6
0.1817,-2.646,3.5702,edm,6
0.2065,-3.4718,0.6703,rock,6
1.1352,1.3743,0.9694,rap,6
1.2708,1.635,-1.0398,rap,6
-4.1725,-2.3075,-1.2089,rock,6
-0.092,-0.4523,-0.1352,latin,6
1.4483,-2.995,0.936,rock,6
1.2948,-1.1079,-0.8705,edm,6
-0.4573,-2.0002,0.687,edm,6
0.4965,2.6053,-0.1416,r&b,6
-0.6087,0.121,-0.601,latin,6
-0.0099,0.2606,-0.2113,latin,6
1.9646,-1.4293,0.5314,edm,6
-1.1208,0.6907,-0.2884,pop,6
0.1138,-0.2249,0.2097,edm,6
-2.1705,0.8608,0.4483,r&b,6
-2.9948,-2.822,1.3922,rock,6
0.947,0.1918,1.953,edm,6
-1.8691,-0.8053,-0.5736,r&b,6
0.8755,-1.1508,2.2049,edm,6
1.6158,1.1959,1.096,edm,6
0.8291,-1.7188,1.9588,latin,6
-0.9248,0.1217,2.755,r&b,6
-0.0775,0.7771,1.1189,latin,6
1.2958,-1.567,2.6092,latin,6
-0.1132,2.3802,-0.4175,rap,6
0.9172,-0.6096,4.1717,edm,6
-0.0295,0.3344,0.6299,r&b,6
0.1238,1.4217,1.1704,latin,6
-1.119,0.2683,-0.0861,pop,6
-0.1498,-1.6944,3.2206,edm,6
0.5409,0.1255,1.1008,edm,6
1.1706,2.8524,-0.3723,rap,6
0.5987,-1.2688,-0.1113,r&b,6
-0.3622,-0.6918,2.223,latin,6
-1.0246,-2.9006,0.1259,rock,6
-0.0743,1.1701,0.0572,latin,6
-1.6562,0.7599,1.8378,r&b,6
-4.0639,-1.4196,-0.347,r&b,6
-1.179,0.3952,0.1513,edm,6
1.117,-2.4456,0.7059,rock,6
-1.2351,-1.6769,3.0932,edm,6
-0.4557,-1.5264,0.1528,rock,6
1.7814,-1.4659,-1.0713,edm,6
0.7997,1.0072,0.7794,pop,6
-1.3723,0.0899,-2.8907,latin,6
-0.8751,-0.0515,-1.009,latin,6
-1.8877,0.3664,0.005,rock,6
-3.3873,-0.6389,-0.3481,r&b,6
1.6376,-2.4107,1.2626,edm,6
-2.1952,-2.135,0.382,rock,6
0.2211,1.9127,1.1526,rap,6
1.5306,1.5267,0.0422,rap,6
1.4404,-1.4109,0.5075,rock,6
1.0601,2.835,0.3345,latin,6
1.9594,-1.6251,-1.6981,rock,6
1.7819,1.0152,-0.4424,rap,6
1.2836,0.4618,0.4389,rock,6
2.8029,-1.8954,-2.6385,rock,6
0.006,2.3071,-0.0727,rap,6
-0.4854,0.5731,1.2641,rap,6
2.1717,-2.2174,-0.3328,edm,6
1.9406,1.1046,-0.2382,latin,6
-1.0277,0.4948,1.0794,pop,6
-2.6829,-0.4823,-1.0255,latin,6
-1.0811,0.8823,0.5834,rap,6
-0.5479,0.78,0.9311,latin,6
1.4831,-0.0798,-0.3833,rock,6
1.0642,-1.544,0.3305,edm,6
0.6805,0.2927,0.5591,r&b,6
0.2316,1.26,0.6504,latin,6
1.5677,0.2039,1.5378,pop,6
-1.2354,-0.8758,1.0326,rap,6
0.4354,-3.008,0.6418,rock,6
0.4872,0.6022,0.5669,pop,6
1.5909,-0.0043,-1.2267,pop,6
-0.1401,0.4567,1.901,latin,6
1.3646,1.1184,-0.8285,r&b,6
-1.0899,-2.2065,-1.8507,edm,6
-2.3394,1.6992,-0.5156,r&b,6
1.7556,1.6484,0.6725,rap,6
0.7343,1.0337,0.7106,latin,6
-2.8473,-0.2374,-0.6722,pop,6
1.6821,-0.1304,-0.2726,rock,6
-2.572,-1.8707,-0.0736,latin,6
0.856,1.1057,-0.4591,latin,6
-0.5284,0.8698,-0.5163,r&b,6
0.7918,0.8485,-0.0077,latin,6
-1.8651,-0.3442,1.5364,pop,6
0.0214,-1.7854,0.2918,r&b,6
-1.0067,-0.4467,0.7688,latin,6
-0.3649,0.9003,1.2553,latin,6
0.8716,-1.1244,-0.9765,edm,6
1.8711,-0.4203,-1.343,edm,6
1.2119,1.2644,0.1533,rap,6
-1.2405,1.414,-1.5587,r&b,6
-0.0852,-2.4024,0.7219,edm,6
1.1191,-1.7658,3.6688,edm,5
0.34,1.1581,-2.2757,r&b,5
0.5902,1.3936,0.7422,pop,5
0.8905,-2.0616,-0.5336,rock,5
-0.8776,1.1588,-2.1454,r&b,5
0.3149,-1.3067,2.9156,latin,5
-3.4912,-0.7711,0.2449,rock,5
-1.742,-1.4572,3.4391,edm,5
1.7761,-1.8578,0.6708,edm,5
0.8448,1.219,0.2238,rap,5
1.1977,-0.0278,-0.4945,pop,5
-0.0295,-1.3157,0.1284,rock,5
-5.7479,0.9256,0.8222,rap,5
-0.1214,0.2115,-2.562,r&b,5
-0.525,0.4563,2.057,pop,5
-0.7082,-1.6216,-0.0314,pop,5
-0.68,0.7382,2.0649,edm,5
-1.1694,0.4786,-0.6987,rap,5
-3.3203,-0.415,1.1417,r&b,5
-2.6157,-0.658,0.8657,pop,5
-1.0325,0.3619,-0.3856,latin,5
-1.9811,0.9025,0.1476,r&b,5
0.9153,-0.6748,0.9104,rap,5
-0.6215,0.3557,0.4806,edm,5
-0.5421,1.5559,1.1948,edm,5
-0.6342,2.3489,-1.1781,rap,5
1.1432,1.1511,0.488,latin,5
0.1765,0.5554,0.6036,latin,5
-1.8139,1.4437,0.6824,pop,5
1.0083,0.1351,0.1489,latin,5
0.1517,0.401,0.2703,rap,5
0.8582,-2.6107,1.3147,edm,5
-0.2263,0.439,0.8164,rock,5
-0.052,0.9245,0.851,r&b,5
-1.1104,-2.1894,2.1084,edm,5
2.2341,-0.1264,-0.9109,latin,5
0.9767,-1.4406,-1.5911,rap,5
1.8082,-0.8431,-0.6454,edm,5
2.3382,-0.8269,-0.7612,latin,5
-2.74,-1.3057,0.9319,pop,5
-6.3281,-1.0763,-0.3668,r&b,5
1.119,0.2298,-0.1086,latin,5
0.7595,-0.2491,1.6487,edm,5
0.9362,-0.6081,0.4297,latin,5
-0.4222,0.1204,-0.3436,latin,5
0.8074,0.0312,0.1853,pop,5
1.7867,0.2931,-1.8767,pop,5
-0.1416,0.0811,0.4234,rock,5
1.8225,0.0984,0.4711,latin,5
0.6434,-3.1094,1.4007,pop,5
0.2804,-0.2251,0.1381,latin,5
0.2446,-0.6821,0.4835,pop,5
-0.9037,-0.77,2.1402,pop,5
-0.9623,-0.9356,-1.0753,pop,5
0.4685,-1.014,0.3087,pop,5
1.0957,-0.0318,0.3047,edm,5
-1.5528,-0.0883,1.7182,edm,5
-1.263,0.1942,-0.0648,latin,5
0.2794,-1.2373,-3.1828,r&b,5
-0.7984,-0.116,0.5197,r&b,5
0.2272,0.4267,0.5904,r&b,5
0.9943,-0.7953,-0.4084,latin,5
0.4829,1.5463,1.1589,latin,5
1.0733,-1.7547,-0.4113,rock,5
-0.4551,0.4577,1.464,rock,5
-1.2405,-3.015,4.0777,edm,5
-0.4905,0.4994,1.9949,r&b,5
1.3315,-0.0784,0.2554,pop,5
-1.7325,2.4774,0.34,latin,5
-0.7694,1.6561,1.2137,latin,5
-1.7352,1.9062,1.2536,r&b,5
-0.2424,0.355,0.0192,pop,5
-1.5353,-0.6325,-1.8788,r&b,5
0.4241,1.6951,-0.074,latin,5
1.4544,0.0115,-2.8663,rap,5
0.5763,2.0641,1.1703,latin,5
0.3912,0.2467,0.296,r&b,5
0.7988,0.6884,-0.0176,latin,5
-0.5215,2.9703,0.3162,latin,5
0.7862,1.6854,0.7717,latin,5
-3.0736,0.9607,-1.0205,r&b,5
-2.2376,-0.0398,0.5515,pop,5
0.3208,-2.5861,2.3379,pop,5
-0.8144,0.2929,-2.7155,pop,5
1.3946,-2.4282,-1.1622,rock,5
-0.9796,0.7598,-0.1455,rap,5
-0.2152,0.4826,0.8205,latin,5
1.2533,1.2898,-0.049,latin,5
-2.9833,-2.634,-1.896,pop,5
-0.5271,0.4969,-0.2771,pop,5
-0.6861,-1.7221,0.2755,rock,5
0.5302,1.4823,0.5621,edm,5
-0.6257,-0.6988,0.5353,latin,5
-2.4891,-0.2524,-0.0694,r&b,5
1.4607,-1.1263,-0.1364,r&b,5
-0.3108,0.1579,0.9007,r&b,5
0.5423,-1.8581,-1.0145,edm,5
1.4264,1.6299,-0.115,edm,5
0.6588,0.5847,-0.2451,edm,5
1.1478,0.963,-0.372,rap,5
-1.1817,0.7408,-0.5982,rap,5
-0.3606,-0.2559,0.4764,pop,5
0.0992,-1.8248,0.3164,pop,5
-2.4107,0.3852,-1.6344,r&b,5
1.7011,0.9671,1.0019,r&b,5
-3.2602,-1.5025,-1.3779,pop,5
1.4354,-1.4243,-0.4137,pop,5
1.1099,1.993,-1.194,rap,5
0.0478,-2.5601,-0.8636,rock,5
1.5383,2.39,-0.6256,rap,5
1.7298,0.2924,-0.2508,pop,5
0.8363,1.5655,-0.7325,rap,5
-1.4625,0.3362,0.6083,r&b,5
-0.3651,0.4256,-0.7554,r&b,5
-2.499,-2.759,0.6927,r&b,5
-0.1822,-0.9014,0.8361,latin,5
-0.8408,-1.1661,4.1918,edm,5
-0.129,1.0566,1.2935,r&b,5
0.3644,2.6189,0.9177,latin,5
0.3649,0.1339,3.9281,edm,5
-0.9608,-2.0103,-1.2327,r&b,5
1.0751,1.6984,1.103,rap,5
0.0777,-0.4849,-0.3079,latin,5
-0.9219,-2.207,0.8716,rap,5
-1.1543,-0.5871,0.3076,rap,5
1.5773,-0.1769,3.328,latin,5
0.5473,-0.1127,0.3734,r&b,5
0.3896,-3.2877,2.7993,edm,5
-0.3771,-3.824,1.0847,rock,5
-0.1,-1.0194,-0.4625,r&b,5
0.432,-1.6504,1.1989,edm,5
-1.9051,-0.464,0.0076,rap,5
1.2343,-0.3529,-0.0639,latin,5
-0.7677,-2.0259,2.8772,edm,5
1.521,-0.165,0.4842,rap,5
0.9078,0.0917,1.6077,pop,5
0.5025,0.9576,0.1855,latin,5
-0.9895,-1.0495,3.2029,edm,5
0.5387,0.2486,1.4136,edm,5
-1.9001,0.1234,-0.0568,r&b,5
-1.0395,0.4043,0.2918,pop,5
-0.1244,-1.4064,-0.673,edm,5
-0.6742,0.722,-1.421,rap,5
-0.0641,-1.6988,2.9165,rock,5
-0.6374,-1.5171,-1.1648,rap,5
-3.8242,-0.0179,0.0166,r&b,5
-0.3814,-3.4247,3.7233,edm,5
-0.4244,-0.6815,-0.4152,r&b,5
-2.8924,-1.0938,-1.0477,pop,5
1.4099,-1.3029,-1.6114,pop,5
-0.1423,-0.5736,0.4889,r&b,5
1.5034,0.6513,1.3483,edm,5
-2.0975,0.3636,0.3195,rock,5
2.023,0.9113,-0.1715,rap,5
-1.963,0.362,-0.4159,latin,5
0.8311,-1.3144,-0.3129,latin,5
0.4263,-0.8097,1.3173,rock,5
0.8528,0.3253,-0.2289,rap,5
2.1213,1.0125,0.2035,pop,5
1.687,1.0713,-0.7715,rap,5
-2.6341,-0.3638,1.6437,r&b,5
0.923,0.0093,-1.6376,rock,5
-0.4499,0.3566,0.7827,r&b,5
0.9762,1.8581,1.0713,latin,5
-0.7546,2.3489,0.6691,rap,5
0.9991,-2.3137,1.1132,edm,5
-2.4483,0.946,-0.0505,pop,4
0.9061,-0.2038,0.0295,pop,4
1.3926,0.132,2.1407,edm,4
-0.3972,0.3965,0.6531,r&b,4
-0.9797,-0.1938,1.7816,edm,4
-0.2398,-0.5672,0.4122,edm,4
-1.8764,-0.3246,0.8861,r&b,4
1.2104,-0.2527,-0.2661,rock,4
-0.501,0.7654,-0.564,r&b,4
-1.6304,0.7245,0.4535,rock,4
0.0386,1.0415,0.8207,latin,4
-3.8513,-0.2099,-0.9421,rock,4
0.7948,1.1102,1.9933,edm,4
0.1689,0.5499,1.0071,edm,4
0.4788,1.0949,1.5153,r&b,4
0.918,-1.6456,-0.121,rock,4
-3.0212,-3.2298,-0.3347,latin,4
0.9067,-1.8014,0.5122,rock,4
0.9609,1.0533,0.6397,latin,4
-0.7135,0.2623,-0.1801,latin,4
-3.1301,0.3765,1.1514,latin,4
-1.2513,0.754,-0.0182,r&b,4
0.8608,-2.7847,0.7224,rock,4
-1.5952,-1.8378,1.4085,r&b,4
-1.4332,1.2081,1.0764,pop,4
-0.2246,-0.1458,-0.7873,pop,4
0.0741,-1.7056,1.2323,edm,4
0.8321,-2.279,2.0973,edm,4
1.3618,-1.1853,-1.753,edm,4
-0.7071,0.0894,0.3625,rap,4
-0.3536,1.3545,0.4163,latin,4
0.6539,-1.5611,-0.521,pop,4
0.4003,-0.6989,0.5502,pop,4
0.5302,1.0436,0.6522,latin,4
-1.5321,1.3687,-1.1694,r&b,4
1.4173,-0.8475,0.2818,edm,4
0.2654,-1.1849,0.0525,latin,4
0.2954,1.1744,-0.3662,rap,4
1.395,0.1368,-0.753,rap,4
1.1607,-2.1509,-1.4767,edm,4
0.3574,0.8139,-0.6077,r&b,4
0.7092,1.0714,0.8942,r&b,4
-0.482,-0.6616,0.2068,pop,4
-1.5729,-2.248,0.318,rock,4
0.1455,-2.1085,-0.2139,edm,4
-1.8146,-0.216,1.6852,rap,4
0.1285,-2.259,3.9304,edm,4
-1.9845,1.7406,1.2309,rap,4
-4.5602,-0.0321,-1.4708,rap,4
0.9181,-0.2977,0.0812,edm,4
-2.8828,1.2958,-0.3744,r&b,4
1.2239,1.1296,0.3187,pop,4
1.5787,-1.2693,-0.66,edm,4
1.3941,0.2681,0.6279,edm,4
1.6041,-0.1021,-0.646,edm,4
-0.6415,3.047,-1.1732,rap,4
-2.5135,1.5517,-1.0189,r&b,4
-3.5507,-0.0185,-0.5191,r&b,4
-1.2109,-0.1215,0.0872,r&b,4
-2.8809,0.1991,0.2511,pop,4
-0.7523,0.9557,0.4354,r&b,4
-0.1136,-0.914,0.258,r&b,4
-1.2832,-0.6307,-0.6908,r&b,4
1.6857,-1.3797,0.0104,rock,4
0.1592,1.2245,1.2208,latin,4
1.342,1.2029,0.8711,latin,4
-2.6015,-1.8476,-0.373,r&b,4
-3.4024,-0.8771,-0.1997,r&b,4
-2.3326,-0.7017,0.0702,r&b,4
0.6443,-0.8313,-0.0048,rap,4
-0.5052,-1.1799,-1.1222,pop,4
-1.5174,1.2225,1.393,r&b,4
1.1647,0.9319,0.8917,latin,4
0.281,1.3553,0.4026,edm,4
0.3837,0.4802,0.5832,latin,4
1.4587,-0.9427,-0.1688,edm,4
0.8194,0.1184,0.3865,latin,4
-1.2229,-1.8956,-0.4469,rock,4
-0.0114,0.333,-0.0101,r&b,4
-0.3086,-1.2147,0.6677,edm,4
1.1424,-1.0771,-0.615,pop,4
-2.2454,-2.3817,-0.3204,r&b,4
-2.1803,-1.0963,0.6021,rock,4
0.9662,-2.4857,0.2654,pop,4
0.1761,-1.1465,-2.1146,r&b,4
1.027,0.2269,0.0842,latin,4
-0.4475,-3.7191,0.7188,rock,4
1.6053,1.1489,0.5424,latin,4
1.4137,0.8467,0.9059,latin,4
2.163,0.0862,-0.9668,edm,4
0.7599,0.9418,0.2211,rap,4
1.4994,0.6835,0.2439,rock,4
0.1249,-1.4699,1.4633,rock,4
-0.064,-1.1566,-1.364,r&b,4
0.9103,1.1521,0.4341,latin,4
-0.0849,0.7214,2.2273,r&b,4
-1.5619,-2.8981,3.2626,edm,4
-0.6715,-1.4317,2.2576,edm,4
0.9492,-0.4597,2.7455,edm,4
-0.702,0.7254,-0.7901,r&b,4
1.4657,0.3547,0.9154,edm,4
0.0359,1.3369,0.7825,r&b,4
1.3571,-2.4426,-0.7589,rock,4
-1.2138,0.1672,0.0416,r&b,4
0.7171,-1.5941,1.967,rock,4
1.7596,-0.9833,-0.5693,edm,4
0.3882,0.7115,0.6897,r&b,4
0.8461,-1.1362,-0.9543,rap,4
0.1578,1.3251,0.3744,rap,4
1.3848,1.0847,-1.2956,latin,4
-1.0715,0.431,0.5524,r&b,4
2.2095,-1.2986,0.4799,edm,4
1.8878,0.6082,-0.1423,latin,4
0.9813,-1.0611,-0.7593,edm,4
-0.0282,0.0623,0.2802,r&b,4
0.5731,1.717,-0.0474,latin,4
1.0907,-2.5994,0.6797,rock,4
1.7113,-1.5471,-1.7142,rock,4
0.1791,0.3585,0.069,r&b,4
-4.198,-1.5434,-2.2383,r&b,4
0.6622,-0.9675,1.0566,pop,4
-0.2953,-0.3449,0.0151,rock,4
1.2703,-1.0803,-0.1619,edm,4
-0.3424,-1.5718,3.5387,edm,4
0.3502,0.1359,-0.3058,pop,4
-2.0794,-2.5306,1.0086,edm,4
0.6786,0.5374,1.4637,r&b,4
1.2036,0.6193,1.1552,r&b,4
0.914,0.5324,0.3762,pop,4
-2.0474,-1.4192,0.49,latin,4
-0.196,-1.1116,1.2699,latin,4
0.36,0.9971,0.2845,rap,4
-0.5729,0.3492,0.8311,r&b,4
-1.1489,1.7364,0.6476,latin,4
1.4887,1.6849,0.0127,rap,4
0.2728,0.8888,0.7808,pop,4
1.8443,0.2129,-0.0256,edm,4
-0.499,-0.7913,1.6023,r&b,4
-2.0992,-0.0207,-0.8428,rap,4
0.9154,-0.8893,-1.4792,r&b,4
0.9659,0.071,-4.1221,rap,4
1.4673,-0.8454,-0.2744,pop,4
0.0969,2.3021,-0.7408,edm,4
1.162,-0.0383,2.9244,latin,4
0.8867,0.6786,0.6777,pop,4
0.715,0.7719,0.4558,pop,4
0.9265,-1.847,-0.5887,rock,4
2.207,-0.3558,-1.9116,rap,4
0.964,-3.1368,1.6359,edm,4
-0.3265,-3.0215,3.8297,edm,4
-1.8781,-1.4509,0.4972,rap,4
1.236,-0.9072,3.5602,edm,4
0.8235,-1.062,-0.2451,pop,4
0.7085,-0.0974,-1.0317,latin,4
-0.3696,1.5514,1.4901,r&b,4
1.0399,-0.9363,-0.2851,pop,4
0.8535,1.3248,-0.7364,rap,4
2.0733,-0.4247,-0.5249,rock,4
-1.3056,-0.2901,0.1948,pop,4
0.7953,0.505,1.5647,pop,4
1.5524,-0.7782,0.1633,pop,4
-1.9392,2.2032,0.488,latin,4
-0.1123,0.4553,0.351,latin,4
-0.3923,-0.4742,0.8291,r&b,4
-0.3912,-2.2103,1.3515,r&b,4
-0.9178,-1.3801,-0.4025,r&b,4
0.4398,-2.0834,-1.0005,latin,4
1.0053,-0.7823,0.2847,rock,4
-3.9056,-1.2253,-1.3837,r&b,4
1.8066,1.0204,0.7739,pop,4
0.8822,-0.916,-0.2309,rock,4
0.9041,0.0812,-0.8899,rap,4
-1.8576,0.788,-2.4788,r&b,4
-3.418,-1.4692,-1.3009,r&b,4
1.1954,-0.5253,1.6092,latin,4
-0.705,-2.3277,3.4775,latin,4
1.1986,1.3717,0.5485,latin,4
0.6684,-1.3521,0.3309,pop,4
-1.3497,2.8136,-0.4987,r&b,4
0.464,1.5381,1.5453,rock,3
0.5618,-2.3507,0.4092,edm,3
0.9923,0.4016,-1.0656,rap,3
0.9044,0.248,-0.8756,latin,3
0.479,0.6585,0.0559,rap,3
-1.2917,-0.5641,-0.0958,pop,3
0.0653,-1.9004,-0.8057,latin,3
-0.4332,-1.0122,1.4161,edm,3
1.1748,0.3345,-0.4179,r&b,3
0.8126,-3.025,0.0698,rock,3
2.2794,-2.7915,-0.2459,rock,3
1.0034,-1.3458,0.3762,rock,3
0.5872,1.4087,0.5901,latin,3
-2.0108,-1.9706,2.4092,r&b,3
0.8438,-0.2177,0.8245,edm,3
-0.0286,-1.3733,0.3923,pop,3
1.942,-0.2257,-1.3326,rock,3
-0.4049,1.2432,1.6916,r&b,3
0.3233,-0.4511,-0.2132,r&b,3
0.373,0.318,-1.035,edm,3
-0.469,-0.4065,0.2211,rock,3
-2.5015,0.6199,0.9019,pop,3
0.6718,1.1275,0.8114,pop,3
1.5512,0.8426,-0.8998,latin,3
1.2849,2.0198,0.6842,rap,3
-2.3617,-0.2283,-0.8764,rap,3
1.3657,2.1178,0.9915,rap,3
1.0163,-0.9627,0.5016,rock,3
0.5299,0.8342,0.0972,r&b,3
-1.627,0.7484,-1.4283,latin,3
0.8482,-0.5473,-0.8161,latin,3
-0.2309,0.8961,0.2232,pop,3
1.4978,0.6943,0.3398,latin,3
-0.3681,-0.2117,-0.0436,r&b,3
-1.0228,0.3795,-0.042,r&b,3
1.6475,-0.8382,-0.0793,edm,3
0.2691,-0.719,-0.0959,edm,3
1.4979,-0.6459,1.3926,edm,3
-0.2657,1.1869,0.2316,pop,3
0.4374,1.5222,-1.0724,pop,3
-1.6972,-1.0631,-1.3936,r&b,3
1.5939,-3.1459,1.5986,edm,3
1.3052,0.6493,-0.4881,latin,3
-2.897,0.4323,-1.9504,r&b,3
-2.1162,-1.3553,-0.3171,rock,3
1.1266,0.3743,0.0293,latin,3
0.1558,1.3159,1.1562,pop,3
-0.6591,-0.1057,0.8132,rap,3
1.2014,-0.1398,0.2499,edm,3
-0.1986,-1.3189,0.0692,pop,3
1.7391,0.0386,-0.8107,pop,3
0.3003,-1.1727,1.1184,rock,3
0.509,0.359,0.8413,rap,3
2.2027,-1.8074,-2.9163,r&b,3
-1.0403,-0.1859,-0.033,rap,3
-0.2541,-2.0301,3.5558,edm,3
0.7179,-0.566,0.7495,latin,3
-3.97,0.2937,-1.156,r&b,3
1.1974,-2.4049,1.8271,latin,3
-0.7606,-1.9448,-0.5336,r&b,3
0.8896,0.8432,1.085,r&b,3
0.9646,-0.8631,0.0114,rock,3
0.5713,-1.4006,0.9063,latin,3
1.6469,-0.0508,0.0683,rock,3
1.6831,0.1511,0.2222,rock,3
1.163,0.9399,-0.2253,r&b,3
0.4947,-0.0275,-1.944,r&b,3
-0.1582,2.4014,0.1328,r&b,3
1.4882,1.9205,-0.3505,r&b,3
-4.1328,1.916,-1.8775,rap,3
-1.4874,-0.7771,0.0058,rap,3
1.1251,1.5442,1.1964,rap,3
0.4739,1.6655,-0.49,rap,3
1.1316,-2.4938,0.7941,rock,3
1.0923,-1.8727,-1.5146,rock,3
1.1025,-2.4281,-0.7979,rock,3
-1.5599,-1.0732,1.7416,rap,3
0.3469,2.0483,0.7208,rap,3
0.1662,-0.6516,1.5315,pop,3
-0.2595,-1.4103,2.1267,edm,3
-0.358,0.6718,0.7733,r&b,3
0.7309,-2.5694,-0.7779,r&b,3
0.2233,-1.6792,1.3486,edm,3
0.8969,-1.0457,3.305,latin,3
0.9242,-0.6833,0.3057,edm,3
0.2404,2.9576,-0.9031,rap,3
1.9777,-0.3538,-0.685,edm,3
1.1126,1.3301,-1.0553,latin,3
-0.3897,-1.6596,1.0607,rap,3
1.2854,-1.284,-1.8785,rap,3
-0.3335,-2.0791,0.7973,pop,3
-0.3488,-0.8085,-0.6263,latin,3
1.442,1.3275,0.8229,edm,3
1.2188,1.8024,-0.3267,rap,3
-1.4995,-1.6431,1.6334,latin,3
1.2776,0.4509,-1.8928,r&b,3
0.6742,0.7526,1.0814,r&b,3
0.4052,0.5289,1.8401,r&b,3
1.2402,2.2863,-0.476,rap,3
-0.301,-0.665,3.8842,edm,3
-1.7028,0.3652,0.7397,r&b,3
-1.7644,-1.7282,-0.3851,r&b,3
1.3053,-2.0186,-1.2631,rock,3
1.8956,-0.2168,-0.3674,rap,3
-0.6164,-2.0088,-0.3919,rock,3
0.8421,-1.3065,-2.4545,latin,3
0.8425,0.5672,-0.8496,r&b,3
2.144,-1.8273,0.685,latin,3
-0.2913,-2.8873,2.7914,edm,3
-0.0932,-1.8613,-0.0432,rock,3
0.2823,-2.4121,3.6998,edm,3
1.6028,0.0041,0.8775,rock,3
-0.7957,0.4481,-0.0459,r&b,3
-4.016,1.5691,-0.689,rap,3
1.7466,0.2574,-0.1183,rock,3
1.479,-0.1239,1.5287,edm,3
-0.4637,0.6546,-0.0612,r&b,3
-0.9971,-2.1266,-1.7418,r&b,3
-0.6202,0.4464,-0.5813,rap,3
1.4181,-1.3096,0.0975,rock,3
1.7284,-2.7588,0.5238,rock,3
1.8948,-2.754,-1.3816,rock,3
1.9729,-0.7562,-0.5826,rock,3
-5.0504,0.3002,-0.6456,rap,3
-1.0987,3.1266,-0.3198,rap,3
-1.3522,0.1237,1.0799,latin,3
0.491,-0.805,-1.1922,rap,3
1.6274,0.4256,0.2324,latin,3
0.9446,-1.6075,2.5078,edm,3
-0.7266,0.4434,-0.1508,rap,3
0.9519,0.8444,1.244,r&b,3
2.2698,-1.0313,-1.0682,rock,3
-1.0323,0.0601,0.232,r&b,3
-2.6403,1.8127,0.333,r&b,3
0.8668,-0.7664,-0.1519,latin,3
0.3501,1.8764,0.5291,r&b,3
0.977,2.319,-0.3458,rap,3
-0.8333,0.0232,0.0285,latin,3
0.8284,-1.2085,-0.2164,pop,3
-1.3323,-0.642,-0.5359,rap,3
1.0405,-0.4889,-0.0834,edm,3
-0.2765,-1.9447,0.1366,rock,3
-0.9996,-1.6563,-1.5105,rock,3
-1.9135,0.3771,1.7585,pop,3
-0.3617,-2.5121,2.6973,edm,3
-3.2977,0.3419,-0.6448,rock,3
0.9502,-0.4451,0.2444,r&b,3
0.4489,0.8684,0.7419,r&b,3
-0.3619,-0.291,1.393,latin,3
1.1315,-2.3722,0.563,rock,3
0.5577,0.0141,0.1871,r&b,3
1.2106,-0.2119,0.6109,pop,3
1.5825,1.0124,0.7256,latin,3
0.7973,-0.1613,0.3227,rock,3
-1.5646,-0.957,-0.3289,rap,3
-1.3352,-0.5916,-0.4187,r&b,3
1.4414,-0.8584,-0.8197,pop,3
0.2214,2.2117,1.1095,r&b,3
2.0553,-1.5049,-1.6891,rock,3
-0.4876,-0.1341,-0.1482,rap,3
-0.0668,1.8716,0.3712,rap,3
-0.4386,0.8426,1.2217,r&b,3
-0.9416,-0.6161,-0.2905,r&b,3
0.2103,0.9445,0.9437,r&b,3
1.4515,-0.8579,-0.9282,rap,3
0.4593,-0.7684,1.1963,pop,3
-3.7918,2.0899,-2.1486,latin,3
-0.5523,1.2224,-1.9762,latin,3
-1.1061,-1.0595,-0.2956,r&b,3
1.0367,-0.5614,-0.0087,rock,3
0.9993,-1.6614,1.5469,pop,3
-0.4547,-1.9753,0.733,pop,3
0.8167,0.0541,0.0849,latin,3
-1.3794,-0.4584,-0.0759,latin,3
1.6792,0.1142,-0.9105,rock,3
-1.3393,-0.862,1.8439,rock,3
-0.6715,0.0118,-1.1733,rap,3
-0.1741,1.641,0.6352,rap,3
-0.2163,2.0138,0.2482,r&b,3
1.2476,-1.4931,-0.1894,rock,3
-0.1762,0.7412,0.9288,pop,3
-1.6357,0.8254,0.1227,r&b,3
0.9978,-0.0848,0.2886,rap,3
-0.5883,-1.116,-0.783,rap,3
-0.269,0.2976,1.0949,rock,3
1.3263,-0.1124,0.5338,latin,3
-3.2631,1.7703,-2.1855,latin,3
0.0891,1.6922,-0.4431,rap,3
0.5534,-2.259,1.0925,rock,3
0.3184,-0.5854,-0.0158,pop,3
0.4242,-0.9121,1.2668,edm,3
0.1699,0.4707,3.1881,edm,3
0.6709,1.2036,0.5049,rap,3
-1.1022,-2.5392,-1.653,rock,3
0.2091,-0.1495,0.3179,rap,3
-2.736,1.4469,0.9518,latin,3
0.7637,0.2638,-0.1653,pop,3
0.3172,-1.1111,-0.0841,pop,3
1.8088,-1.5848,-1.56,rap,3
1.6492,-0.9816,-0.4316,rock,3
1.2465,-2.0697,-1.2021,rock,3
1.1084,0.7293,-0.1829,pop,3
-0.2966,1.4069,1.3182,rock,3
-0.2835,-0.5169,-1.2684,pop,3
-3.1541,-2.048,0.6151,pop,3
2.0275,-0.1018,0.1815,rock,3
0.5125,-1.1146,-0.9297,edm,3
0.6068,-0.6217,3.177,latin,3
-0.3369,0.2232,-0.8745,r&b,3
1.1089,0.3033,-1.1077,rap,3
1.736,0.3101,-0.1696,rap,3
0.5522,1.0485,1.2488,rock,2
1.5702,0.2265,-0.1052,latin,2
0.0921,-1.2352,0.1095,pop,2
-4.6851,-0.8031,0.3108,rap,2
-0.1195,0.2826,-0.5509,rap,2
0.5388,-1.5835,1.3702,edm,2
-1.6415,0.0397,-2.5275,pop,2
0.4919,1.3846,0.9913,latin,2
2.3341,-0.7286,-0.7452,rock,2
1.5243,-2.8634,1.9218,rock,2
1.4471,-0.6502,0.7982,rock,2
0.9516,-1.663,0.2111,rock,2
1.8114,-4.0543,-0.3793,rock,2
-0.3717,0.9875,0.5354,r&b,2
1.4957,2.2132,-0.1636,pop,2
2.1745,0.1343,-0.6022,rock,2
-0.0212,-1.228,-0.6543,edm,2
-0.6396,0.9949,1.787,r&b,2
1.2397,0.275,0.3615,pop,2
-0.795,0.5465,0.1672,rock,2
-1.2608,-0.3877,-0.1459,rock,2
1.6011,-0.5027,0.0994,rock,2
-0.0873,-2.078,-1.1606,latin,2
-2.4539,1.7827,-1.5466,rap,2
-3.1892,0.362,0.193,rap,2
1.6122,0.4857,-0.2158,pop,2
-1.4682,2.1439,-3.8075,rap,2
0.4954,2.1078,0.6524,r&b,2
1.401,0.421,-0.0899,latin,2
1.0144,-0.7988,-0.1134,edm,2
-0.4789,-0.5204,2.9079,edm,2
-1.7023,-0.1868,-0.2617,rock,2
-0.0028,-2.187,-0.1763,rock,2
1.3744,-0.4698,-0.178,edm,2
0.3666,0.9089,0.3924,pop,2
1.9981,-4.3422,-0.7764,rock,2
-0.0676,-0.8377,-0.3106,rock,2
1.5836,1.1577,0.3799,edm,2
0.4097,-0.5788,-0.6267,rap,2
-2.6246,-0.5271,-0.4377,r&b,2
-0.9129,0.2109,-2.3651,rap,2
0.8063,2.1755,0.4613,r&b,2
-1.1855,0.3187,-0.1587,latin,2
1.5736,-1.4188,-0.7576,rock,2
1.7527,-1.578,-1.8305,edm,2
0.8621,-1.0928,0.1657,edm,2
-2.4748,-1.3807,-0.0486,rock,2
0.9354,-0.3871,-0.3111,rap,2
0.004,2.2177,-0.2152,rap,2
0.8726,0.4517,0.6867,latin,2
-1.6263,-0.7357,-0.319,pop,2
2.2078,-2.3807,-2.6423,latin,2
1.0234,-0.058,0.822,pop,2
1.2811,-0.1011,1.2156,edm,2
-1.5847,0.8797,2.113,r&b,2
-0.5579,-1.4253,-0.5528,rock,2
1.9205,-2.5998,-0.2816,edm,2
-0.4142,-0.763,-0.3547,rap,2
-0.0075,-2.0133,0.0684,rock,2
1.0073,-0.9168,0.0025,rock,2
1.5031,0.6604,0.1502,edm,2
0.7519,-0.2857,-0.8317,latin,2
-0.9077,0.6986,-0.4479,pop,2
0.941,2.5961,-0.7741,rap,2
1.911,-0.6585,-0.5148,rock,2
0.5626,0.079,0.1995,rap,2
0.6639,0.7571,0.2841,latin,2
-0.2888,1.6894,0.8558,latin,2
-0.9875,-1.5168,1.4131,latin,2
0.7238,2.449,0.2281,latin,2
-0.1468,-0.6119,0.8969,pop,2
1.5188,-0.1478,-0.329,edm,2
0.932,1.7849,0.9361,rock,2
0.6906,0.2204,-0.818,rock,2
0.7127,0.5145,0.7599,rock,2
0.2048,-0.5464,0.0762,r&b,2
0.5859,0.5468,-0.3734,r&b,2
0.8762,0.1847,0.4299,rock,2
-0.2404,-2.6017,2.5049,rap,2
0.7632,-1.1963,-0.2811,rap,2
1.7332,-0.8869,0.2986,edm,2
-0.5639,1.6941,-0.6287,rap,2
-2.2458,1.0667,-0.3596,rock,2
-1.4564,-0.9648,-0.8159,pop,2
1.9967,1.1795,-0.4956,rap,2
0.7605,0.9234,1.7557,edm,2
-2.2048,0.08,0.989,r&b,2
-0.2996,0.2048,1.0418,r&b,2
1.6336,-2.0925,-0.5795,pop,2
1.0019,1.8208,1.292,pop,2
0.631,-1.4414,3.3173,edm,2
2.6378,-0.0777,-0.7571,pop,2
1.5023,0.3288,-0.9633,latin,2
1.3694,-1.6004,0.4057,edm,2
-3.3988,0.7114,-1.8747,r&b,2
-2.0453,-0.7523,-0.4651,r&b,2
0.2925,-0.0489,0.9596,rock,2
0.0982,-0.5271,-0.2258,r&b,2
0.3096,1.2923,0.7938,r&b,2
1.0639,-0.8732,-1.987,rap,2
-1.0339,1.0743,-0.0535,edm,2
0.2927,-0.2175,-1.2083,rap,2
-2.0967,0.3359,0.08,rap,2
0.1813,1.6781,-0.65,edm,2
0.4262,-0.3484,2.6773,latin,2
-0.0107,-0.2974,1.8824,latin,2
-2.2212,0.3733,1.0594,r&b,2
1.0565,-1.2039,-3.5375,rap,2
-2.4905,-1.3665,0.6489,r&b,2
0.1247,-0.467,0.1738,pop,2
-0.1777,2.1472,0.2361,rap,2
0.9024,-0.8106,-0.3659,pop,2
1.027,2.0089,0.7216,latin,2
0.5084,1.1729,1.2428,latin,2
1.5375,-2.684,-0.4502,rock,2
-2.6486,-0.1047,-0.4046,latin,2
0.2651,1.3278,0.4818,edm,2
-2.366,0.7502,0.4981,latin,2
1.2325,-0.1693,2.083,edm,2
1.3876,-1.1226,1.1264,pop,2
0.2787,-0.7344,0.9724,pop,2
1.303,-1.6321,-0.1425,edm,2
0.8539,-0.5876,1.2631,rock,2
0.9985,-1.1869,-0.6171,r&b,2
0.0043,-1.9165,3.053,edm,2
1.2268,0.0129,2.2373,pop,2
-0.5564,1.7203,0.2603,latin,2
-2.1712,0.612,-0.41,r&b,2
0.3309,1.5899,0.6392,pop,2
1.1487,-2.011,0.1205,rock,2
-0.1009,-2.7761,-0.9721,rock,2
-5.0183,-0.2502,1.3952,r&b,2
-1.3375,0.8044,0.3733,r&b,2
0.5615,-1.8097,1.6613,pop,2
1.348,-0.1204,-0.6782,pop,2
0.1333,-0.343,-0.0071,rap,2
0.5363,0.7598,0.4002,rock,2
0.2416,0.384,-1.0647,pop,2
1.0136,-0.4204,-1.3213,rock,2
1.899,-1.8088,0.5237,edm,2
1.3885,0.2444,-1.3157,rap,2
0.2607,-0.337,1.1615,pop,2
1.5687,1.1151,0.1729,latin,2
-0.8789,-0.5569,1.0819,pop,2
-1.0075,-2.5892,3.6574,edm,2
1.7241,1.4823,1.6956,latin,2
-2.342,-0.3184,0.6174,latin,2
-1.0614,-0.2825,1.5403,pop,2
-1.2187,0.2752,0.2669,r&b,2
-0.3632,-0.8851,-1.6021,edm,2
0.6856,1.2985,1.3057,pop,2
1.0505,-0.5802,0.69,edm,2
1.773,-0.1249,0.1073,latin,2
0.9022,-1.7981,0.9409,rock,2
-0.1223,-2.5367,3.3308,edm,2
-0.4158,0.4587,2.7534,rock,2
1.8084,-1.9395,-1.0124,rock,2
-1.2298,-2.406,2.822,edm,2
-0.8275,0.426,0.6888,r&b,2
-0.32,0.5301,0.5131,r&b,2
-1.7813,-3.4417,0.7271,r&b,2
0.095,1.3235,1.8547,pop,2
1.9717,0.3251,-1.4369,edm,2
1.3708,-0.7425,-1.0937,edm,2
1.3602,0.0935,-0.0094,rock,2
0.7417,0.0295,-0.9658,rap,2
0.8575,-2.966,3.2994,edm,2
-4.2506,-1.1436,-1.3861,pop,2
-1.1829,0.4999,-2.3164,r&b,2
-2.0977,-0.6846,-1.4435,r&b,2
1.2113,-3.1664,-2.1676,rock,2
1.0563,0.5458,-2.7085,rap,2
0.6305,0.0497,0.1637,latin,2
0.3292,0.5005,-0.7504,pop,2
-1.0616,-2.3806,-1.0137,pop,2
-2.7155,-1.1124,0.103,rap,2
0.0119,0.1713,1.2242,rock,2
-1.7285,0.3504,-1.1865,r&b,2
0.2743,-0.2448,2.5568,edm,2
-1.474,0.1729,2.0457,rap,2
-0.1395,-0.3697,-0.0976,rap,2
0.1537,-0.5,0.0191,latin,2
0.1811,-0.5498,1.1565,pop,2
0.9898,-0.8577,-1.2127,rap,2
1.427,1.1532,1.0438,edm,2
1.0923,-0.1373,1.0299,edm,2
1.1697,-0.4266,1.6302,latin,2
-0.7853,0.309,0.2762,rap,2
0.1202,1.9913,0.1133,r&b,2
1.4428,-2.595,-0.0034,rock,2
1.3066,0.437,0.0401,latin,2
-0.0382,0.798,0.7298,latin,2
0.5122,-1.3541,2.0109,edm,2
0.0484,-0.3584,1.9493,latin,2
0.1726,-0.2221,-0.0026,pop,2
0.1397,1.1275,0.4945,r&b,2
-5.131,-0.4724,-0.6284,rap,2
-0.8532,-0.5101,-0.7417,pop,2
-1.9898,0.7705,-0.7696,r&b,2
1.1501,-2.3213,1.0988,edm,2
-0.0694,-2.8691,2.0923,edm,2
-3.1442,-3.3807,0.1495,rock,2
-1.7157,1.6449,1.3709,r&b,2
2.4172,-2.0404,-0.9175,rock,2
2.2615,-0.9627,-1.0117,rock,2
-0.0409,-1.316,-0.6149,edm,2
1.3804,0.0869,-0.8986,pop,2
0.911,-0.1337,0.4109,edm,2
0.2017,-2.6262,1.7781,rock,2
0.244,0.608,1.0051,rap,2
1.8204,-0.6368,0.0867,edm,2
0.1056,-1.9746,0.8547,r&b,2
-1.5213,-0.6094,-0.3554,r&b,2
-1.5552,-0.9717,1.3966,pop,2
0.1134,0.7451,0.5938,latin,2
-0.7221,-0.7074,-0.5097,r&b,2
-0.3546,1.5834,1.3825,rock,2
0.5238,0.054,0.3101,edm,2
1.4024,-1.4074,-2.0705,edm,2
2.5381,-0.1613,-1.0816,edm,2
1.9585,-0.9221,-1.1294,edm,2
-0.1904,-0.4628,2.151,pop,2
-1.5151,0.883,-4.0908,rap,2
-0.4639,0.6556,0.7512,edm,2
0.8808,-0.4047,-0.6704,edm,2
-1.5286,1.0109,-4.3864,rap,2
1.989,1.0941,-0.8231,latin,2
0.5913,-0.6906,-0.7431,edm,2
0.5564,-3.0843,0.595,edm,2
-4.8615,-1.7682,-2.3332,pop,2
-0.5463,0.3532,-0.5235,rap,2
-1.6,0.6773,1.8972,rap,2
-1.8925,-0.8199,-0.5954,rap,2
-0.193,1.4925,1.074,pop,2
0.4041,-1.2317,0.3879,pop,2
-0.3082,1.1069,0.3765,pop,2
0.6951,1.3022,0.7464,latin,2
-3.2377,-1.6468,1.0657,r&b,2
-0.7343,0.4693,1.3145,rap,2
-3.7894,-2.5923,-1.8607,r&b,2
-0.9168,0.132,0.7066,pop,2
0.7398,0.1537,0.5397,edm,2
1.4116,-1.3504,-0.0974,edm,2
2.0498,-1.4973,-0.6931,rock,2
1.924,-1.1645,-0.5547,rock,2
-2.1664,1.0766,0.4596,pop,2
-3.9253,1.3441,1.1299,r&b,2
1.9791,-0.4037,-0.801,edm,2
0.5933,1.2379,0.5946,rap,2
-1.2091,-0.2898,-0.1291,edm,2
1.4036,0.5929,0.4835,pop,2
-3.0999,-3.4835,0.8028,rock,2
-2.2088,1.3542,-1.0032,rap,2
-1.9521,0.1036,1.9062,pop,2
1.2498,1.372,-0.0061,edm,2
0.0009,0.5768,0.9525,pop,2
0.3613,1.6823,0.9815,rock,2
0.3238,0.3783,0.4755,pop,2
-0.5586,-0.2463,0.5297,r&b,1
-0.0266,0.4651,-0.8877,edm,1
1.2754,-1.3522,0.5394,edm,1
1.5188,-0.8221,-0.0428,edm,1
0.3466,1.9264,0.8276,latin,1
1.7692,0.8535,-0.0839,rap,1
-0.3388,1.1488,0.1806,rap,1
-0.5509,0.1642,-0.9544,rap,1
-0.649,-0.5207,0.7347,rock,1
-0.5053,0.6267,-0.6276,rock,1
0.6696,0.6704,0.7419,edm,1
0.6189,-1.82,-0.3073,edm,1
2.6011,-0.4052,0.8278,edm,1
-1.6059,0.5615,-0.0765,pop,1
-2.9715,-0.6829,-0.1511,pop,1
-2.5172,1.5075,0.318,pop,1
1.7173,-1.5496,0.1707,edm,1
-0.0864,-0.1926,-0.0485,rap,1
-0.3148,0.8681,-0.077,latin,1
-2.2291,2.7768,-0.0234,latin,1
0.5566,-0.1495,0.3356,edm,1
-4.3366,-2.2074,-1.8491,r&b,1
-0.9955,0.1352,0.4703,pop,1
0.3151,-1.9933,1.8231,edm,1
-0.7511,0.7634,1.3538,rock,1
0.1433,-1.0387,-0.489,edm,1
1.1928,-1.7674,0.9474,edm,1
-0.5968,0.4267,-1.0504,latin,1
0.5398,-0.0702,0.3418,edm,1
0.8575,-1.2714,-0.0216,rock,1
-0.5362,-0.3716,0.1617,edm,1
0.4886,-1.7524,-0.8022,rap,1
1.7247,0.2306,1.7194,latin,1
1.2328,0.4732,-0.0969,edm,1
1.5907,0.8909,0.2954,pop,1
0.4207,-0.4057,0.1387,latin,1
-4.1863,-2.1766,0.2228,r&b,1
0.3988,-1.5303,-1.8298,r&b,1
-0.5325,-1.9246,1.2998,r&b,1
1.3906,-0.071,-0.0872,rock,1
1.5131,-0.3015,0.0558,rock,1
-0.5424,-0.0736,0.1662,edm,1
0.1383,-0.2178,-1.924,pop,1
-0.0193,0.0334,-0.3639,rap,1
-0.7138,-0.6096,0.1884,latin,1
0.2208,-1.6067,-0.3668,pop,1
0.0996,0.4589,0.8889,pop,1
2.3667,-0.9628,-1.5293,rock,1
0.7235,-0.7096,-0.3473,rap,1
-0.0767,0.4429,-0.1169,edm,1
2.5456,-1.6198,-0.4279,edm,1
1.7619,0.5821,0.7995,edm,1
-0.646,-1.539,1.7396,rap,1
1.4259,-1.8086,2.5471,latin,1
0.7628,-0.5707,0.531,rap,1
-2.1155,-0.9089,-0.9559,r&b,1
-3.2723,1.9567,-0.7702,r&b,1
0.7729,0.2233,-0.5767,rock,1
1.0674,-2.7156,-1.1843,rock,1
0.0565,-0.2315,0.2156,r&b,1
-0.6354,-0.5348,-0.1139,rock,1
-0.299,1.8506,-1.406,edm,1
-1.2713,0.8957,0.2067,r&b,1
-0.8399,-0.0153,-0.3031,r&b,1
-1.1362,0.9772,-1.0799,r&b,1
0.3681,-0.0737,-0.6266,r&b,1
0.2461,1.5752,-0.3009,edm,1
0.2644,0.6167,-1.9804,rap,1
1.6685,0.4835,0.3066,rock,1
-1.3787,1.3796,-0.705,edm,1
0.2167,0.6039,2.9639,edm,1
1.7908,0.1161,-0.7648,edm,1
1.636,-0.7783,1.0909,edm,1
-1.2442,-0.8677,-3.4993,pop,1
0.3422,-0.0398,0.3038,pop,1
-1.0447,0.8408,1.3981,r&b,1
-0.5418,0.7274,-0.2917,r&b,1
-2.272,-0.0045,-0.2691,r&b,1
-0.276,0.8175,-0.3828,latin,1
-0.1386,-0.8662,0.0265,rock,1
1.303,-0.8706,0.9652,edm,1
0.7598,0.0945,-0.7168,pop,1
1.7352,-0.3455,-2.2694,pop,1
1.4719,-1.3337,1.2068,rock,1
-0.4457,2.3984,0.2017,rap,1
-0.5426,0.6953,-0.4577,latin,1
0.3659,-0.4428,1.0128,rock,1
0.2125,-0.9867,-0.3204,rock,1
0.4816,-0.7591,0.3386,rap,1
1.6029,0.8414,-0.867,edm,1
1.1833,1.6742,0.1197,edm,1
1.2923,-1.0986,3.1388,latin,1
1.2088,-1.4558,1.9402,latin,1
1.1517,-1.1556,3.3624,latin,1
1.8941,-0.4723,1.0437,edm,1
1.4,0.3195,0.0869,pop,1
1.5827,2.2146,0.5648,latin,1
-0.7608,-0.1305,0.1797,rock,1
1.0649,-0.4722,-0.0644,edm,1
1.4362,0.8634,0.5791,edm,1
1.1396,0.2091,-1.5435,edm,1
-0.9743,2.0854,0.4311,rap,1
-1.6451,0.9613,-0.1472,r&b,1
-0.1961,1.5304,1.1241,r&b,1
0.6601,-1.0468,-0.4487,rock,1
0.3573,-1.2541,1.3112,pop,1
-1.535,-0.7703,-0.301,pop,1
-0.3755,0.5785,0.8772,pop,1
1.576,0.9659,0.8701,rock,1
1.5969,-0.1436,-0.3694,rock,1
-1.0155,-0.0328,0.9388,rock,1
0.3298,-0.5408,0.9575,rock,1
2.0563,-1.8133,-1.8249,rock,1
0.8925,0.6958,0.3832,pop,1
-3.836,1.7374,0.1755,rock,1
-2.5024,-1.3123,-1.2347,r&b,1
0.404,0.4661,-1.0323,r&b,1
-0.228,1.4033,0.5724,r&b,1
-0.9231,0.1711,0.0142,r&b,1
1.0663,-1.4051,0.3751,edm,1
1.171,1.5261,-0.3014,edm,1
-2.5822,-1.547,-0.6975,rock,1
-1.0644,0.4652,1.4114,rock,1
0.5573,1.3402,-0.7565,latin,1
1.1296,-0.2265,-1.2151,latin,1
-1.5111,1.2237,-1.7444,rap,1
1.1283,-0.1345,0.7588,rock,1
-0.4215,-1.0164,0.2467,rap,1
-1.6439,-1.0431,-1.1233,rock,1
0.0357,1.5556,0.2981,rock,1
-0.6986,0.48,-2.0713,rock,1
2.4807,-0.7114,-1.7242,rock,1
-0.5387,1.0062,0.8025,r&b,1
0.5967,-0.3411,-0.8165,rap,1
-0.0965,-3.1449,0.0196,rock,1
0.7053,0.627,0.6052,r&b,1
0.3242,-0.5745,-0.1585,rap,1
1.5087,0.2749,-1.4999,rap,1
1.8137,-0.6666,-0.207,rock,1
-1.1018,-1.1141,4.2838,edm,1
1.0514,-1.1733,0.9832,edm,1
-1.8057,0.5935,0.0787,rock,1
0.1484,1.045,-0.4431,rap,1
1.0919,-0.3664,0.4694,edm,1
0.2379,0.2342,-0.1342,pop,1
-2.4163,-2.6514,1.4196,rock,1
0.7348,-1.4065,-0.5123,rock,1
-0.3886,1.2548,-0.2808,rap,1
0.2318,0.2508,0.8389,rock,1
-0.4237,-2.0132,3.0749,edm,1
1.4792,0.7393,-0.1629,rap,1
-0.6993,0.276,0.6838,rap,1
1.2508,-2.1136,-1.8214,edm,1
-0.5433,-0.6341,1.9206,rock,1
-3.6859,-0.6716,-0.0022,r&b,1
0.907,1.6093,0.364,r&b,1
-1.5495,-0.2638,2.2582,r&b,1
0.5163,2.0968,0.9584,r&b,1
-2.3326,2.1169,-1.081,r&b,1
1.5145,-1.5623,-1.1355,rap,1
1.3472,0.6162,1.3859,pop,1
1.0429,0.0927,0.5277,edm,1
1.3912,-1.5544,0.0505,edm,1
-0.8971,0.3918,0.0157,rap,1
-0.004,1.7806,0.2951,rap,1
-0.1027,1.3888,0.3638,rap,1
1.7576,0.6806,-0.0713,pop,1
1.2834,0.7932,0.2625,edm,1
1.9081,-0.8158,-0.9995,rap,1
1.1121,0.1667,0.4721,pop,1
-2.3703,1.4664,-1.338,r&b,1
0.938,-0.1385,0.966,edm,1
1.0977,-0.4967,1.2619,edm,1
1.6377,-1.3422,1.0952,edm,1
-0.1754,-0.9976,-0.7202,rock,1
1.5338,-1.0462,-0.4691,pop,1
0.7573,1.0214,1.1588,rap,1
0.7022,1.466,-0.9819,rap,1
0.0195,-0.1523,-0.1514,rap,1
1.4447,-2.7842,0.4196,edm,1
-1.1204,-1.2242,2.2255,r&b,1
-0.6714,1.9196,-1.797,r&b,1
1.3025,0.9289,0.5397,latin,1
0.0377,0.3466,1.8887,latin,1
0.5313,-0.3536,-1.3201,rap,1
0.0059,-1.6264,2.2324,edm,1
0.4971,-0.1263,0.309,edm,1
0.6599,-0.9199,3.4274,edm,1
-0.2043,-1.9946,2.5855,edm,1
1.579,-1.3882,0.9593,edm,1
0.9052,-0.455,0.0469,edm,1
0.142,1.1691,0.0429,r&b,1
0.9597,-0.1206,-0.297,edm,1
-0.9439,-1.3779,-1.9997,latin,1
0.4058,2.1346,-0.9436,rap,1
1.0502,1.1454,0.0795,rap,1
0.881,0.1102,0.0508,rap,1
1.1494,1.4058,-0.4197,latin,1
-1.0751,0.5852,0.158,rock,1
0.6074,-1.8648,-1.1982,rock,1
-0.8952,-1.8366,-3.2642,rock,1
1.0499,-0.2978,-0.0429,rock,1
-2.4932,-2.6399,0.2191,r&b,1
1.3018,-0.3016,1.1178,edm,1
0.4918,2.0211,0.3708,rap,1
-4.1686,-2.1927,-2.586,rock,1
0.3708,-1.6813,-1.3387,rock,1
1.0138,-1.2553,0.4932,rap,1
0.9445,1.5704,0.2629,rap,1
-0.6621,0.2773,-0.17,r&b,1
-0.7155,1.0355,0.4051,r&b,1
0.8796,-1.5927,-1.0727,rock,1
1.9637,-0.0254,-0.1036,rock,1
-1.3162,1.3374,0.0649,latin,1
-1.8533,0.1402,1.0245,r&b,1
0.3104,0.5886,-1.9404,rap,1
2.6357,-1.6659,-1.4641,edm,1
1.0684,0.7864,0.1572,rap,1
2.3292,-1.0578,-0.3875,rap,1
-1.6922,1.1107,1.0347,rock,1
0.0022,0.1611,0.2861,rock,1
1.4126,0.2459,-1.725,rap,1
0.4622,1.4595,-0.2732,rap,1
0.4102,1.9968,-2.804,rap,1
-0.1101,0.2262,0.5232,r&b,1
0.1515,1.1872,-0.9423,r&b,1
0.6186,0.7641,0.6622,r&b,1
-0.8361,0.7715,0.0519,r&b,1
0.5738,-1.9722,-1.0004,rock,1
-1.2194,1.4153,0.1225,r&b,1
-2.9121,1.0723,-0.1631,rock,1
-0.7489,0.673,0.6991,rock,1
-0.1352,0.9377,0.9097,r&b,1
-0.7648,2.2314,0.5622,r&b,1
1.675,1.0039,-1.0193,latin,1
0.3581,0.1534,0.6972,r&b,1
-0.3032,-3.2557,1.1925,rock,1
-1.8897,0.4925,-0.386,r&b,1
-5.6253,0.3743,-1.1051,rock,1
0.2973,1.6499,-0.6694,rap,1
-1.3844,1.6363,-0.0527,rap,1
-0.7423,-0.089,-0.4645,rap,1
0.4016,-0.2136,-0.0331,rap,1
0.8666,0.7373,-0.8257,rap,1
-3.134,-0.8324,-0.4597,pop,1
-4.6494,-0.9831,0.2666,pop,1
-2.3239,-1.1823,2.7252,pop,1
0.9655,-4.2016,1.4987,pop,1
0.9974,0.3284,0.6886,pop,1
0.619,-0.5508,0.0033,pop,1
0.7406,-0.6871,1.3259,latin,1
-0.3808,-0.7781,1.4491,r&b,1
2.388,-0.3787,-1.3007,rock,1
-1.1924,0.3842,0.8796,r&b,1
-1.7528,-0.9139,0.9712,r&b,1
1.2106,0.4746,0.8849,r&b,1
0.2476,-0.1229,0.5856,latin,1
0.8718,-0.0242,0.6685,rap,1
1.2438,0.0421,0.9525,rock,1
1.2721,1.1612,0.7155,latin,1
-2.7629,-1.1702,-0.508,r&b,1
1.518,-3.3082,-0.8562,rock,1
1.6495,-2.1542,-0.705,rock,1
-1.5694,0.6533,0.3547,r&b,1
1.6032,1.8598,-0.0718,rap,1
1.3873,0.7179,-0.91,rap,1
1.2743,-1.2288,0.4039,rap,1
-0.6675,1.8902,0.2625,rap,1
0.8579,0.0011,0.1183,edm,1
-3.922,-0.0836,0.0395,r&b,1
2.049,0.7048,-0.0228,edm,1
-1.2823,-1.2182,1.4183,edm,1
0.744,-0.4128,0.3205,edm,1
1.0557,0.4418,-1.1501,edm,1
-0.0008,-0.489,-0.2289,rock,1
1.6626,1.1102,-0.3513,edm,1
0.8059,0.842,0.4417,pop,1
-0.2872,1.0251,0.8161,r&b,1
0.7848,0.2735,-0.4647,pop,1
0.7381,-1.4219,1.1081,pop,1
-1.6704,0.2301,1.4129,r&b,1
1.1176,1.2761,1.7744,latin,1
-0.9629,0.4048,1.5602,rock,1
0.7241,0.0122,0.2611,latin,1
0.7106,-0.2685,1.2654,pop,1
0.465,-0.6892,1.2551,pop,1
0.5077,1.0924,-0.402,rap,1
1.2399,1.8386,1.3591,r&b,1
1.53,0.0242,0.6422,rap,1
0.5099,1.1049,1.0874,rap,1
0.5994,0.5808,1.1909,r&b,1
0.9268,-0.4768,-0.3404,r&b,1
-1.4157,0.093,0.8372,r&b,1
-0.8862,0.4055,0.4682,r&b,1
0.8363,-0.2878,-0.8598,r&b,1
-0.3405,1.2178,0.8005,pop,1
0.8104,-2.6399,-0.4278,pop,1
-2.5534,-0.6622,-0.6035,pop,1
-1.9514,0.2039,0.4839,pop,1
-2.4099,-1.442,-1.1706,r&b,1
-2.1691,0.5839,1.381,r&b,1
0.7071,1.5706,-1.3885,latin,1
0.9575,-0.5721,0.9929,pop,1
-0.5918,-2.5821,3.2609,edm,1
-0.1819,0.5704,1.1918,latin,1
1.4023,-0.6327,0.2616,latin,1
-1.6113,0.7702,-0.1293,edm,1
-0.1146,-0.2153,-1.147,pop,1
-1.5706,-2.0877,-0.8745,pop,1
-2.2607,0.7769,0.7588,r&b,1
-0.7834,2.6158,-1.1295,rap,1
-0.1906,-0.7221,0.0427,rap,1
-0.6095,-0.5883,-0.3897,r&b,1
2.0715,-0.7289,-0.6203,rap,1
1.5117,-0.4417,-1.7754,rap,1
0.4234,0.6029,0.5331,pop,1
-1.334,-1.0107,0.1366,pop,1
0.7081,0.6996,0.1816,latin,1
1.4543,0.9489,0.5718,latin,1
0.6551,-0.6601,-2.3009,rap,1
-0.2705,0.4394,0.5471,rock,1
1.5745,0.2699,0.4373,latin,1
-0.2022,0.4577,0.0333,rap,1
1.5735,-0.9246,0.2273,edm,1
-5.038,1.1087,0.8149,rap,1
-0.8186,0.8924,0.7755,latin,1
0.7302,-0.6238,0.3694,latin,1
-2.9479,-0.2293,-0.4604,pop,1
-3.3554,-1.4327,-0.5588,pop,1
-1.0085,1.5207,-0.747,r&b,1
-0.8362,-1.3147,1.8896,edm,1
-2.145,-0.1203,-0.6865,pop,1
0.8657,-1.0491,0.6955,rap,1
0.8852,-0.2589,0.8657,rap,1
-1.0398,0.5827,-1.6838,rap,1
0.119,0.3004,1.3253,rap,1
0.17,-2.2882,2.3507,edm,1
0.7551,-1.1255,1.0239,edm,1
0.0036,-3.6022,0.2308,rock,1
0.2955,-1.5113,0.726,pop,1
-0.9023,1.095,-0.5167,r&b,1
-1.2427,0.775,-0.3407,r&b,1
1.3293,-0.5691,-0.3608,pop,1
0.9773,-0.8007,-0.7513,rap,1
1.496,0.1623,-0.103,rap,1
-4.891,-1.769,0.6082,rap,1
-5.7042,0.0156,0.305,rap,1
-0.2198,0.1367,0.3063,latin,1
0.3043,0.7077,0.6215,rap,1
-0.7337,0.2515,0.0205,r&b,1
0.7066,-0.7541,-0.0431,rap,1
-0.5174,-0.9266,-0.0554,r&b,1
-1.5598,0.691,0.1374,latin,1
1.0937,2.0381,-0.4146,latin,1
-0.309,1.9024,0.6644,r&b,1
0.1865,2.0841,1.417,r&b,1
1.0673,1.9933,0.8163,rap,1
-0.2821,0.1282,-0.9172,rap,1
0.7727,-2.0761,0.1259,rock,1
1.4989,-1.7312,-0.3854,pop,1
1.0154,-2.5634,2.1276,edm,1
1.8918,-0.6188,-3.0944,edm,1
-1.5729,-0.7106,0.8194,pop,1
-4.1158,0.5962,0.5094,pop,1
0.557,1.1307,1.3724,latin,1
0.8269,0.3614,0.5426,pop,1
-0.2688,-1.0744,-0.6266,pop,1
-3.6142,-2.6133,-0.6297,latin,1
-0.1769,-0.4564,-0.3206,r&b,1
2.2427,-0.7973,-1.6747,rock,1
-0.5915,-1.9587,4.0648,edm,1
1.2564,-1.3223,1.0479,edm,1
1.0439,1.5283,0.4781,rock,1
-0.2961,0.7201,-0.5779,r&b,1
-3.0904,-0.8602,1.2747,edm,1
0.9499,1.2747,0.9783,latin,1
1.9973,0.5637,1.838,latin,1
-0.2579,0.0792,0.0564,r&b,1
0.2919,0.7964,0.2722,rap,1
-6.2126,-0.3317,-0.2496,r&b,1
-0.3128,-0.7046,0.3632,rock,1
-1.6729,0.6931,-0.9324,r&b,1
1.4849,-1.0436,-0.4181,edm,1
-0.9006,-1.619,0.0208,r&b,1
-0.3468,-1.2493,0.815,edm,1
1.6154,2.1203,0.3793,rap,1
-1.7925,-0.9782,-1.4388,r&b,1
0.7015,1.3724,0.8203,latin,1
-1.3762,2.262,-0.8168,rap,1
1.4462,1.5438,0.7187,edm,1
0.2349,1.5852,-0.3701,rap,1
1.4809,0.92,-0.7996,rap,1
-2.9759,-0.6772,-1.9257,latin,1
-1.4812,2.1437,-1.1345,r&b,1
-2.362,1.6723,0.1685,r&b,1
-2.3359,0.2869,-0.2422,pop,1
-1.0439,-1.8184,0.3169,pop,1
1.2834,-1.0217,0.334,edm,1
0.2838,-0.18,1.7065,edm,1
0.3446,0.763,1.3228,edm,1
0.7289,0.5204,0.4549,edm,1
0.8862,1.0543,0.9943,rock,1
-0.7631,-3.0761,3.1719,edm,1
2.081,0.3327,-2.0202,edm,1
0.8908,1.0254,0.794,latin,1
0.653,-0.5654,-0.1275,pop,1
-0.9985,-0.0568,1.3628,r&b,1
-1.1521,1.0264,1.0203,r&b,1
1.5199,-0.2282,-0.7037,rap,1
0.7304,-0.5876,-0.7781,edm,1
1.3706,-0.5461,0.1449,edm,1
1.1438,-0.0865,-1.3354,edm,1
0.5086,-0.4933,0.2174,edm,1
0.4041,-0.591,0.5604,rock,1
-1.5526,2.9925,-1.283,rap,1
0.7398,-0.0202,0.259,edm,1
2.0913,-0.167,0.2512,edm,1
-1.5919,0.8623,-0.5121,rap,0
0.3444,-0.6075,1.1988,edm,0
0.9275,-1.2075,0.6706,edm,0
1.794,-1.9165,-1.476,edm,0
1.0508,-1.4762,-1.0528,edm,0
1.6592,-3.0242,0.8853,edm,0
1.9853,-3.0341,-3.147,rock,0
1.1309,-2.9337,-0.7483,rock,0
1.9366,-2.2449,-2.6738,rock,0
-2.2871,2.2895,-0.6881,rap,0
1.114,1.7189,-0.553,rap,0
0.1571,0.8456,0.6283,rap,0
-0.7187,-0.1848,-1.0168,rap,0
-1.469,-1.6544,1.1363,pop,0
-0.9131,0.536,0.1234,pop,0
0.2469,-0.5744,-0.3797,pop,0
1.1113,0.4768,-1.4589,rock,0
0.78,-1.6629,-2.1644,rock,0
1.1784,0.0329,-2.1249,rock,0
0.0397,-2.4431,-1.2058,rock,0
-2.8281,-3.4911,-1.1511,rock,0
1.616,-3.1826,-1.3406,rock,0
1.1127,0.7703,0.7006,r&b,0
1.775,-0.8285,0.0594,rock,0
1.8785,-0.1292,0.2646,edm,0
0.5867,-0.2443,0.2864,edm,0
0.41,0.1995,1.3653,r&b,0
-0.6337,1.1804,0.5354,r&b,0
1.0271,0.1805,1.128,r&b,0
0.3674,0.8503,1.7681,r&b,0
0.1862,0.2573,0.6029,r&b,0
-2.1275,-0.3527,0.5488,r&b,0
-0.777,1.9093,0.8956,r&b,0
-0.8264,-0.7133,-0.3859,r&b,0
-1.1531,0.709,1.1512,r&b,0
1.4397,-0.3357,1.0908,edm,0
1.0025,-0.7268,-0.426,edm,0
0.8827,-0.7174,-0.2507,edm,0
0.1816,1.2416,0.6032,r&b,0
1.6203,0.3205,-1.5026,r&b,0
0.422,-0.7794,-0.2776,r&b,0
1.0153,0.7201,-0.9971,r&b,0
1.7425,0.8922,-3.2603,r&b,0
0.089,0.774,0.1755,r&b,0
-0.8793,0.918,-0.5963,r&b,0
0.1541,-1.129,0.7495,r&b,0
0.8285,0.0916,1.6258,r&b,0
1.1502,1.1238,0.2207,edm,0
1.1894,-0.215,0.4938,edm,0
-1.2635,-0.3809,-1.7743,edm,0
-0.0107,0.8305,1.239,r&b,0
0.4865,0.4981,1.2678,r&b,0
-0.843,-1.5929,-0.6792,r&b,0
1.1204,0.6529,0.2513,edm,0
0.2263,0.7669,1.5149,edm,0
0.9594,-1.3653,-0.6051,r&b,0
-1.1798,0.8694,1.1969,r&b,0
0.9708,-0.9058,-0.7241,r&b,0
1.3028,-0.1151,-0.8067,r&b,0
-0.2699,0.7436,-1.1322,r&b,0
-0.5708,1.0672,0.3995,r&b,0
-0.4771,1.4449,0.1151,r&b,0
-3.183,0.7725,1.0915,r&b,0
-4.1505,-0.8271,0.5136,r&b,0
0.3459,0.143,0.0347,r&b,0
0.9292,0.7523,-0.5898,latin,0
0.3474,1.3283,0.8706,latin,0
1.1156,-0.3281,0.3885,edm,0
0.0736,-0.2325,0.3537,edm,0
1.2835,-0.4433,-0.0507,edm,0
2.3196,-1.9049,-1.2647,edm,0
1.5608,-1.3198,-0.798,edm,0
1.9211,0.3472,0.3752,edm,0
0.2118,-0.6298,0.4185,pop,0
2.1737,-1.3459,-1.3043,edm,0
1.272,-0.6661,-0.9851,r&b,0
-3.7188,-1.7257,-0.0395,rap,0
0.463,1.1406,-0.0627,r&b,0
-0.491,0.0525,-1.4924,r&b,0
1.0376,1.2175,-0.3368,r&b,0
2.2383,-1.2944,-1.0764,rock,0
1.6764,-0.3432,-1.6781,rock,0
1.6297,1.172,-0.712,r&b,0
0.0107,0.6784,0.8706,r&b,0
0.5542,0.4588,-0.265,r&b,0
2.0014,0.8895,-1.5909,r&b,0
0.2309,1.4474,0.2166,r&b,0
0.2091,2.1228,-1.6806,r&b,0
1.0909,0.7537,-1.5102,r&b,0
-0.4054,-0.373,-0.0222,r&b,0
0.037,0.3572,0.5789,r&b,0
0.5992,-0.3959,-0.2063,r&b,0
1.1678,1.4069,-3.3074,r&b,0
-0.8446,-0.8974,1.2367,r&b,0
-2.8613,1.332,0.2667,r&b,0
-4.313,-2.8584,-0.6409,pop,0
-0.3956,1.335,0.9503,pop,0
-1.9382,-0.5753,-0.844,pop,0
1.8689,-0.6131,-0.4494,edm,0
1.4581,0.0703,-0.0412,edm,0
-0.045,0.2034,0.1887,pop,0
1.8246,-0.8664,-0.7288,rock,0
-0.1884,-0.7288,0.6492,pop,0
1.2097,-1.5202,0.0832,pop,0
0.5305,-1.4016,-0.388,pop,0
-0.6987,0.2488,0.4445,pop,0
-3.3061,-1.0358,1.2972,pop,0
0.1818,1.2558,1.4197,pop,0
-5.0009,-2.3746,0.3515,pop,0
1.1161,0.5195,0.8224,pop,0
-1.3745,-0.3372,0.5244,pop,0
-2.2752,-0.0996,0.4566,pop,0
1.3808,1.6037,-2.4575,r&b,0
-0.8155,1.7866,1.3031,r&b,0
0.8613,-0.8588,-1.126,r&b,0
2.0465,0.5782,1.1434,pop,0
-0.6148,2.5379,-0.0675,r&b,0
1.7797,-2.565,0.1931,rock,0
1.7614,0.7992,0.6428,rock,0
0.6326,-0.8253,-0.6509,r&b,0
-1.667,0.7782,-1.4157,rap,0
-0.6963,1.3141,0.1174,rap,0
0.9219,0.9056,-0.7259,r&b,0
3.7777,-0.7277,-3.1101,r&b,0
-0.3768,0.8234,0.3184,rap,0
-0.0853,2.1552,-0.0081,rap,0
0.2362,-0.203,-1.206,rap,0
0.9492,-0.1168,-0.2702,edm,0
-0.4829,0.4212,-1.5753,r&b,0
-2.1504,-1.312,1.0813,pop,0
1.2754,-0.4882,0.812,pop,0
0.5881,0.2498,1.2767,pop,0
1.948,1.212,0.7591,pop,0
1.1227,0.8113,0.9954,pop,0
-0.411,-1.2831,-0.4877,pop,0
0.6516,0.3086,0.6851,pop,0
2.0686,0.6273,-0.3941,pop,0
0.5891,0.7096,1.6918,pop,0
0.3676,0.5152,1.1745,pop,0
1.0022,-0.9675,0.9263,pop,0
-0.6067,-1.37,-0.2156,pop,0
1.0004,-0.3018,-0.1734,pop,0
0.5595,0.0669,1.2561,pop,0
-2.8075,-0.812,-0.3336,r&b,0
1.7146,-0.1077,-0.3785,rap,0
0.6501,0.6683,1.5544,rock,0
0.1085,-0.5112,-0.8876,r&b,0
-0.1569,-0.0939,0.7607,r&b,0
1.3677,-0.7538,0.947,pop,0
0.8051,0.1094,1.0612,rap,0
-0.8635,1.8799,1.0799,rap,0
-1.01,-0.8183,-2.2798,r&b,0
-3.4945,-0.1835,-0.2123,pop,0
2.0188,0.4592,0.4471,pop,0
0.5342,0.7613,2.2664,r&b,0
-0.8829,1.785,-1.4097,rap,0
0.8512,0.3639,0.5465,pop,0
0.6767,1.3472,-1.6285,rap,0
-0.3391,0.2468,0.0799,rap,0
0.3944,0.9311,0.3038,r&b,0
0.6158,1.1508,-0.3367,rap,0
-1.3154,1.4656,-1.283,rap,0
-0.6077,1.7166,0.0316,rap,0
-1.3124,0.2086,0.2726,rap,0
1.5908,0.1119,1.3497,r&b,0
1.9063,-0.5707,-0.5518,rock,0
0.4953,1.0803,-2.1571,rap,0
0.8389,-1.4134,-2.6058,rap,0
0.6998,-0.1738,-0.2733,rap,0
1.484,0.366,-1.8214,rap,0
1.1554,0.0211,-0.3149,rap,0
-0.975,-0.9085,-1.0532,rap,0
-3.29,-1.7997,-0.8317,rock,0
1.8306,-2.5962,0.4453,pop,0
-1.6951,-0.0951,1.7844,pop,0
1.0904,-2.8895,1.7479,pop,0
1.6248,-2.945,0.6063,pop,0
1.9309,-2.1852,-1.3618,pop,0
0.6899,0.3706,1.0782,pop,0
-1.252,-1.4785,-0.627,r&b,0
1.1788,2.6495,0.4265,rap,0
-0.3656,1.7564,1.0421,r&b,0
1.648,-0.6178,-0.4378,rock,0
1.6965,-2.1834,-1.343,rock,0
1.1608,0.7531,0.8115,rock,0
-0.0868,2.1971,0.8724,rap,0
1.4611,-0.0332,-0.8284,rap,0
-3.6854,-2.8059,-1.3603,rock,0
0.672,-1.1816,-1.0552,edm,0
1.4972,0.6419,0.0656,edm,0
-0.8493,-3.3959,1.1696,pop,0
0.8731,1.5531,1.2864,r&b,0
0.6327,1.1792,0.0101,r&b,0
0.5797,2.1078,-0.5717,r&b,0
-1.1711,-0.9317,0.1103,pop,0
0.5235,-1.7078,-0.5438,pop,0
1.2993,1.7646,-0.3355,pop,0
-0.3885,-0.8212,-1.06,pop,0
1.5246,1.0602,0.8237,pop,0
1.8036,-0.9731,-0.6712,rock,0
-0.8515,-2.62,-0.2187,rock,0
2.1759,0.3411,-0.1958,rock,0
0.8952,-1.9173,-0.5397,rock,0
-0.1694,1.3243,-0.9919,rap,0
0.6801,1.4395,0.214,rap,0
-2.9103,-1.7203,-1.0752,r&b,0
0.8635,0.0474,0.0157,edm,0
0.2254,1.7468,0.6219,latin,0
0.7298,-0.0369,0.1583,pop,0
-0.4424,1.5099,0.6795,r&b,0
0.7377,0.3173,0.7259,r&b,0
-0.3146,1.2182,-0.6588,rap,0
1.2083,-0.4918,0.7174,rap,0
0.4879,-0.9709,0.3071,rap,0
1.0323,0.7032,0.332,edm,0
2.1122,-0.0345,-0.423,rap,0
0.5711,0.1008,0.798,rap,0
0.1962,0.6313,-0.5612,rap,0
0.6086,-0.4933,-0.3565,rap,0
-1.2426,0.8352,0.999,r&b,0
-0.957,1.0986,-1.5865,rap,0
0.4713,-0.9001,-0.1387,pop,0
-3.4858,0.1031,2.4086,r&b,0
1.4785,1.5871,0.4339,rap,0
1.1338,0.66,0.3609,rap,0
0.9967,-0.5582,-0.138,rock,0
1.4698,0.7844,0.2278,rock,0
-2.6192,-0.846,-0.0704,pop,0
1.1655,-0.0069,-0.1657,pop,0
1.5293,0.3574,0.6604,pop,0
-0.1959,0.4985,-0.5345,pop,0
1.3923,0.3437,0.0562,pop,0
1.0363,-0.6446,0.0249,edm,0
-0.3262,1.9892,1.0358,latin,0
0.4768,0.3154,0.4699,latin,0
-1.6874,1.2646,0.6187,rock,0
-0.9106,-0.1811,0.2272,rock,0
2.3402,1.226,-0.226,pop,0
0.8375,0.8383,1.2777,r&b,0
-0.5249,1.205,1.7919,r&b,0
0.6035,-0.4469,0.8981,pop,0
0.5968,0.1993,0.1581,rap,0
-1.5959,1.8437,-0.3505,rap,0
-0.9691,2.3265,-0.7516,rap,0
1.0622,-1.0837,1.7808,pop,0
-0.2704,-0.7956,0.6067,pop,0
-1.3687,1.2647,0.3499,rap,0
-0.3065,1.8529,0.2668,rap,0
-0.2298,0.398,1.288,rap,0
-1.8548,0.1267,-0.6061,r&b,0
0.9678,-0.8149,-1.7221,rap,0
1.7124,0.8258,0.9319,rap,0
-0.1716,1.9211,1.2534,rap,0
0.1217,-0.078,0.093,rap,0
0.199,2.0011,0.8761,rap,0
0.9978,0.2158,0.9621,r&b,0
0.4977,0.4296,1.1607,r&b,0
-1.5011,-0.661,2.7042,pop,0
0.6664,-0.1125,-2.2425,rap,0
1.0122,0.5301,1.1965,pop,0
1.2393,0.0693,1.8146,pop,0
1.393,-0.675,0.6756,pop,0
0.4036,-0.3032,1.2691,pop,0
-0.1832,0.6414,0.0653,pop,0
1.5492,1.4207,1.5122,rap,0
-0.6779,-0.4778,0.021,r&b,0
0.4177,1.0133,-1.2065,rap,0
-0.5892,0.9356,-1.7961,rap,0
-0.7738,1.9172,1.1676,latin,0
-0.0106,0.6965,0.7714,pop,0
-1.7936,-0.9865,0.0751,r&b,0
-3.2072,0.5449,-0.5505,r&b,0
-0.879,1.2142,1.1076,rap,0
-0.1408,0.1069,-3.1352,rap,0
-1.0733,-1.7461,0.5958,pop,0
1.2546,-0.3021,1.6474,pop,0
1.8246,-1.0183,-0.563,pop,0
-0.6793,-0.3582,2.6584,pop,0
-1.6388,-0.0571,0.0546,rock,0
1.2676,0.0069,-0.2641,rap,0
-6.1401,-1.1568,-0.5762,r&b,0
0.5433,-0.5465,1.7799,pop,0
-0.3791,0.8098,1.7743,rap,0
-2.2238,-1.8892,-2.4429,r&b,0
1.4138,-0.4687,0.6459,pop,0
-1.7105,-0.8928,0.5571,r&b,0
0.7574,1.0093,0.3009,r&b,0
-1.0386,0.0094,0.1392,r&b,0
-2.1001,-1.2751,0.5668,r&b,0
2.0208,-0.3784,-0.0907,rap,0
0.1908,1.2519,-0.3836,rap,0
0.3444,0.786,-0.3574,rap,0
-0.1737,-1.0053,0.6355,pop,0
1.7442,0.5062,-2.1635,rap,0
-0.096,2.1915,0.0097,rap,0
0.7199,-0.1559,-0.8008,edm,0
-0.8479,0.6742,-0.9888,edm,0
0.0717,-0.1455,0.1795,rock,0
-1.3925,-1.4016,-0.3948,rock,0
1.03,-0.3083,1.2039,rap,0
0.8264,0.5563,0.9527,edm,0
1.2678,-0.7076,-0.0773,edm,0
-1.6137,-1.2709,-0.7387,edm,0
-0.3063,0.7337,1.8131,edm,0
1.7059,0.6695,0.5342,edm,0
0.4439,-0.6654,0.0642,r&b,0
0.1985,0.9316,-0.652,rap,0
2.0602,0.1974,-1.1203,edm,0
2.2189,1.1789,-0.6968,edm,0
1.5915,0.3432,-0.0256,edm,0
1.8864,0.6922,-0.1882,edm,0
2.607,-0.4944,-1.135,edm,0
2.0903,-0.4821,-0.6991,edm,0
2.7028,-0.0541,-2.3945,edm,0
1.5732,-0.934,-1.6275,edm,0
1.6705,0.8608,-0.5321,pop,0
0.519,0.8863,1.4828,rap,0
0.0958,0.2955,0.086,rap,0
0.1845,1.2096,0.8877,rap,0
-1.0334,3.3856,-0.3015,rap,0
1.1098,-0.6012,-0.3474,edm,0
0.056,-0.1188,0.1522,edm,0
0.5158,-0.3676,1.0244,edm,0
0.8323,-2.5002,-2.0925,r&b,0
-1.8671,0.6582,-0.1219,r&b,0
0.4022,0.1293,-1.3244,rap,0
-0.4935,1.1797,-0.1285,rap,0
-1.1471,-0.0134,-0.6482,pop,0
0.0802,-1.4583,-0.9057,edm,0
0.0804,-1.2641,0.5092,edm,0
0.8315,-1.2102,-0.0056,edm,0
-0.8496,0.8866,-0.3617,rap,0
0.3302,0.9116,1.0487,rap,0
-0.4087,0.7039,0.0925,rap,0
1.324,1.0159,-1.3953,rap,0
1.7288,-1.5006,0.1659,pop,0
1.8138,-1.4984,-0.3571,pop,0
1.3624,-2.1085,1.8446,pop,0
2.1199,-0.7109,-0.6988,pop,0
1.2701,-0.0407,0.1864,pop,0
1.6083,0.9049,-0.1783,edm,0
1.7395,1.1385,0.8507,edm,0
0.5516,2.2988,0.4921,edm,0
1.576,0.3131,0.27,edm,0
1.7492,1.2212,1.0039,edm,0
1.871,0.6509,0.4739,edm,0
0.9565,1.591,0.8539,pop,0
-0.519,-1.2952,0.4304,edm,0
-1.8246,0.03,-0.598,edm,0
1.6596,-0.6516,0.9784,edm,0
-0.2922,-1.0337,0.5532,edm,0
0.6189,1.9811,1.0611,edm,0
1.1615,1.8523,-2.6806,edm,0
1.6939,0.2888,0.0978,edm,0
-3.3531,-2.0998,-0.4421,r&b,0
-0.5733,0.4741,0.2911,rap,0
-0.0563,0.3988,2.7044,r&b,0
0.2924,-1.0403,-0.4905,edm,0
0.3708,-0.7582,-0.2516,edm,0
1.2108,1.0311,0.2259,edm,0
0.7445,-0.9568,-0.2846,edm,0
1.2192,0.6027,0.9997,pop,0
0.8482,-0.1853,1.4408,pop,0
1.0731,0.9841,-0.5865,pop,0
1.3117,-2.2776,0.5496,pop,0
-0.1677,0.5481,2.0986,r&b,0
0.5464,-0.1801,1.8315,r&b,0
0.0894,-0.2255,2.6719,r&b,0
0.1636,-0.4638,2.0892,r&b,0
0.5719,1.1758,2.0927,r&b,0
1.1796,0.266,1.0063,r&b,0
-0.3673,0.9678,1.861,r&b,0
0.4401,-2.3146,1.7473,rock,0
1.2162,-1.8133,2.1201,pop,0
0.4114,-0.6935,0.9776,pop,0
1.476,-2.6894,0.6904,pop,0
0.3505,1.5481,-0.4715,rap,0
0.3791,1.5307,-0.6039,rap,0
-0.6272,2.489,-0.222,rap,0
0.6224,-0.5418,0.2879,edm,0
1.3374,0.6604,-1.4552,rap,0
0.9792,1.0411,-0.5711,rap,0
-0.1813,2.4731,0.5202,rap,0
-2.2269,-0.0392,1.3488,r&b,0
1.3701,-1.5898,1.3301,edm,0
-0.8907,0.6274,-0.9194,rap,0
1.836,1.0552,-2.5455,rap,0
0.5724,1.9406,0.2297,rap,0
-1.1094,-0.3868,-0.5557,rap,0
-0.5259,1.731,-2.9829,rap,0
-0.6423,1.4401,-0.9137,rap,0
-0.2274,-0.4843,-0.8197,edm,0
0.337,-0.3316,-1.527,edm,0
1.0631,1.0588,0.4023,r&b,0
-2.6623,0.9457,-0.9846,r&b,0
-0.9116,-0.2637,-0.4245,r&b,0
0.9602,-0.0667,0.8843,rock,0
0.445,-1.6602,-0.2442,edm,0
1.1179,0.9398,0.3235,pop,0
1.1817,-0.1157,-0.6037,pop,0
1.585,-2.0183,-1.1949,pop,0
1.5627,-0.0929,-1.8855,edm,0
0.8003,-1.1634,-1.0161,edm,0
0.5767,-1.0867,-1.4517,edm,0
1.312,-1.1866,-0.6963,edm,0
-0.0709,-0.1819,-0.6768,r&b,0
0.0629,-0.8648,-1.4157,edm,0
-0.7473,1.0551,1.4819,r&b,0
-0.8945,0.2204,0.7003,r&b,0
-1.6163,1.3298,0.894,r&b,0
-1.5793,-0.4875,0.1053,r&b,0
-1.4786,-1.2695,0.065,r&b,0
1.1595,0.9231,0.0906,r&b,0
-0.1575,-0.0751,1.404,r&b,0
-0.0619,1.8976,-0.7082,r&b,0
0.4754,1.0655,1.0708,r&b,0
2.1641,-0.9106,-1.165,pop,0
0.985,-0.8644,-0.4439,pop,0
1.8265,-1.2657,-0.7051,pop,0
0.9005,-1.9503,1.2235,pop,0
-1.0568,-0.6571,1.6226,r&b,0
0.2251,2.0816,-0.1455,latin,0
1.0072,-0.0732,0.1436,edm,0
2.5653,-0.6782,-0.7039,edm,0
0.6821,-0.4949,-0.3976,edm,0
0.248,-0.6884,-0.3651,pop,0
0.3481,-0.3734,2.5245,pop,0
2.076,-0.5956,1.9121,pop,0
1.1737,-1.9792,0.7897,pop,0
1.3166,-3.2413,1.8874,pop,0
0.3865,-3.4005,0.7136,pop,0
1.4645,-0.5664,0.6289,pop,0
1.8777,-1.7709,0.7038,edm,0
0.4994,1.6977,0.9566,rock,0
1.4079,0.6373,-1.3604,rap,0
0.4437,-0.3394,1.9205,edm,0
1.6414,0.0328,-0.3089,rap,0
0.2943,1.4353,0.716,r&b,0
0.0248,0.5956,0.0215,r&b,0
-0.4312,0.6711,-1.2468,rap,0
0.5938,1.3039,-2.003,rap,0
0.3802,0.6625,-3.9834,rap,0
-1.7046,-0.5996,-0.5933,r&b,0
-1.2671,-1.6304,1.1833,r&b,0
1.1478,-2.1781,1.416,edm,0
2.0622,-0.634,-0.4158,pop,0
-1.909,0.4738,-0.7186,rap,0
2.1545,-0.5727,-0.3514,rap,0
0.1487,-1.4275,-0.6972,edm,0
1.4906,-1.5928,-1.2368,edm,0
0.5519,-1.2304,-0.0219,edm,0
1.0048,-2.104,1.7457,edm,0
-0.3422,0.4785,0.5105,rock,0
0.6341,-0.4164,0.6906,rock,0
0.5417,0.712,0.01,rap,0
1.3173,0.3475,0.8874,rap,0
0.6839,0.5403,-0.1719,rap,0
0.8655,0.5095,-1.5464,rap,0
2.3217,0.6318,-1.6092,edm,0
0.7537,0.4766,-0.0846,r&b,0
1.1317,-0.3473,1.4878,r&b,0
-0.2041,-0.0619,1.7084,r&b,0
-0.3925,-0.3657,0.5787,rap,0
1.3144,-0.6654,-0.87,edm,0
0.6821,-1.1026,0.991,edm,0
1.7864,0.155,0.7049,edm,0
1.7498,-1.3609,-0.0191,edm,0
1.0977,-0.6396,1.1013,pop,0
1.4901,-1.6665,1.1258,pop,0
0.2926,0.8222,0.7896,pop,0
2.0163,-2.4659,-0.2258,pop,0
0.9421,-2.3015,1.945,pop,0
2.0878,-0.528,0.0916,edm,0
0.7172,-2.3211,2.0863,edm,0
1.2888,-1.352,-0.895,edm,0
1.4589,0.2655,0.1909,edm,0
1.5132,1.3457,-0.078,r&b,0
1.1384,-2.3434,2.387,pop,0
1.4627,-1.2504,0.3545,pop,0
1.8462,-0.2661,1.7381,pop,0
-0.0189,1.1726,0.5055,rap,0
-1.1001,1.6241,0.9989,rap,0
0.1052,0.2169,-0.6857,rap,0
-0.1079,0.6236,0.1272,latin,0
0.3686,1.053,0.3331,rock,0
-0.1752,1.0321,0.6512,rock,0
-0.7952,-2.8307,1.1819,rock,0
-1.0516,0.664,1.1442,rock,0
-0.8486,0.8663,-0.1008,r&b,0
0.101,1.3706,1.1987,r&b,0
1.0464,-1.4159,1.3406,edm,0
2.3095,-0.6574,-0.4268,edm,0
1.99,-1.4549,-0.553,edm,0
1.4259,0.9086,0.6391,edm,0
1.2874,-2.284,2.2839,edm,0
1.045,-0.0606,-0.3111,edm,0
2.2138,-1.6096,-0.4296,edm,0
1.6707,-1.6621,-0.1731,edm,0
1.3712,-3.1726,1.9693,edm,0
1.938,0.8837,0.7179,pop,0
0.9399,-2.4736,3.1213,pop,0
1.7783,-2.7144,-0.5087,pop,0
1.0617,-1.187,1.6279,pop,0
2.3487,-1.0735,0.3178,edm,0
1.0747,-1.1057,-0.441,edm,0
2.0356,-0.4271,-1.3674,edm,0
1.7411,-0.3834,0.7736,edm,0
1.5581,-0.9608,0.1317,edm,0
-2.187,0.5515,-0.3805,rap,0
0.5381,0.031,-1.3911,rap,0
0.9249,-0.1626,-1.1614,rap,0
1.126,-1.7694,0.2368,pop,0
1.3941,0.0242,-1.7095,pop,0
2.1664,0.3807,1.1507,pop,0
2.2337,-2.0021,-0.062,pop,0
1.7282,-2.5976,1.4166,pop,0
1.6677,-0.273,1.8017,pop,0
-0.1166,0.7939,-0.2622,latin,0
0.2909,2.3599,0.215,latin,0
2.2681,-2.3357,0.1043,edm,0
1.8018,-1.8584,0.1971,pop,0
0.0673,-1.2757,0.2836,pop,0
-1.4695,0.646,-0.8088,rock,0
-4.0918,-1.9753,-1.8827,rock,0
0.8119,1.7218,0.1434,r&b,0
-0.3657,1.4493,0.7279,r&b,0
0.4896,1.8749,0.9378,r&b,0
2.5316,-0.2192,-0.8118,pop,0
2.0398,0.316,0.2192,pop,0
0.6533,1.0811,-0.2466,pop,0
0.2853,-2.1017,1.8623,edm,0
-1.6409,-0.3179,-0.2,rap,0
-0.7827,1.1012,-0.4554,rap,0
-1.8733,-0.1478,-0.2262,rap,0
-1.884,-2.144,0.4847,rap,0
-0.3726,2.1711,-0.2937,rap,0
-0.3056,0.4642,0.1531,rap,0
-1.0479,1.8856,-1.5122,rap,0
2.3014,2.2597,-2.3887,rap,0
-0.3609,-0.6565,-0.238,edm,0
0.3387,-1.67,-0.2,edm,0
0.7799,-0.6484,0.0462,pop,0
1.8172,-0.0379,-0.5381,pop,0
0.0791,1.4482,-0.0156,rap,0
1.6705,-2.4365,2.0916,pop,0
1.2486,-1.2314,2.3982,pop,0
-4.188,-3.7182,2.5302,r&b,0
-1.1202,-0.3185,-0.0631,r&b,0
-1.2099,-0.3147,0.3145,r&b,0
0.6718,-0.6714,-0.899,rap,0
-1.8279,-0.7248,-1.0792,rap,0
-0.9722,0.6323,0.6829,pop,0
-0.2609,-1.5335,0.9978,pop,0
0.8601,-1.2255,-0.7776,pop,0
-0.6436,-2.7897,0.825,pop,0
2.149,-0.7744,1.6253,pop,0
0.6923,0.6328,-1.0096,latin,0
-1.278,0.6061,-0.7591,rap,0
-1.8067,0.6441,-0.9485,r&b,0
0.1402,-1.7017,1.2858,rock,0
-0.1565,-0.8175,-0.7723,rock,0
-0.9756,-0.7856,0.7646,rock,0
1.9599,-0.0815,-0.933,pop,0
-2.1531,-0.9868,-0.9253,pop,0
2.1828,-0.9529,-1.0184,pop,0
2.2602,-1.5814,-3.2542,latin,0
-2.6996,-2.1098,-2.9332,latin,0
0.8597,-1.9318,-2.5728,latin,0
-1.3679,-1.6362,-1.6003,latin,0
-2.2551,0.0497,-1.588,latin,0
-1.8688,-1.2037,-0.0924,latin,0
1.6914,-0.7234,-0.5554,pop,0
-1.7473,-0.6106,-0.9577,rock,0
1.5271,-0.9873,0.4174,pop,0
-0.2227,-3.0411,-2.1493,latin,0
1.3584,-2.8838,-1.7683,rock,0
0.6493,-0.7836,0.1936,pop,0
2.2128,-0.5969,-0.9217,pop,0
2.2422,-1.8081,-1.5108,pop,0
-1.5234,0.469,1.0521,rock,0
1.1304,1.4335,0.6473,rock,0
-4.2665,0.7973,-0.7344,rock,0
1.452,-2.1698,0.424,pop,0
0.6538,-0.58,0.923,pop,0
0.1632,-0.2307,-3.2734,rap,0
1.2015,0.1738,-3.2315,rap,0
1.671,0.9259,-2.1229,rap,0
0.1492,-0.5341,-0.1144,rock,0
-1.777,0.6439,0.5787,rock,0
0.368,-1.6021,-1.4081,rock,0
-0.0505,-0.4006,0.2311,rock,0
-0.6261,0.6396,1.2828,r&b,0
1.1046,1.119,1.2581,r&b,0
1.0664,0.7508,0.3425,r&b,0
-0.7494,2.2696,0.4034,rap,0
-0.2075,0.15,-1.0719,rap,0
-1.0813,0.2808,0.2138,rap,0
-2.0883,-1.7214,-1.5171,rock,0
0.9332,0.7033,-0.9467,rap,0
0.2613,1.9323,-0.5,rap,0
2.5144,-0.9832,-1.7971,latin,0
1.149,-1.8955,0.8756,rock,0
0.0523,0.8184,1.4045,r&b,0
-0.2183,1.1398,1.5301,r&b,0
0.0265,0.3807,0.9532,r&b,0
1.5312,-0.3746,-0.1086,edm,0
1.315,0.2569,0.6489,pop,0
-0.5167,-2.3838,0.8983,pop,0
0.025,0.2186,0.8633,edm,0
-2.4116,0.8685,1.4995,edm,0
0.4673,-1.2241,0.0383,edm,0
1.011,1.4166,0.424,edm,0
-1.8699,-1.0857,-0.6209,r&b,0
1.0605,1.1449,1.5945,r&b,0
-0.09,-2.0751,-1.8514,r&b,0
1.4848,0.2884,0.871,r&b,0
0.8674,-3.6592,-2.1266,latin,0
-2.3603,-2.9557,-3.0616,latin,0
-2.0877,-0.2582,-1.8924,latin,0
1.7552,-1.0619,2.0513,edm,0
1.8949,-1.7229,2.3421,edm,0
0.8509,-0.3087,0.2453,rap,0
-1.4432,0.1608,1.6589,pop,0
1.2597,-3.0256,1.5804,edm,0
1.5388,-2.7213,0.2156,edm,0
1.9131,-0.3027,-0.6101,pop,0
0.4155,-1.9068,-0.8042,pop,0
1.2811,-1.2564,-1.4278,pop,0
0.772,-0.8226,0.4189,pop,0
1.4019,-1.3104,-1.3551,pop,0
1.0672,-2.5571,-1.1792,pop,0
1.8001,-0.0071,0.2094,pop,0
1.2257,-0.8069,-0.2298,pop,0
-0.7405,-0.9548,-0.782,edm,0
0.8823,0.0958,0.2877,edm,0
-0.598,0.5293,-1.7879,rap,0
-1.6129,1.073,-0.0481,latin,0
-0.9203,-3.7526,-1.7507,latin,0
1.9326,-1.5098,-1.3539,rock,0
2.3997,-1.073,-1.2731,pop,0
1.4521,-1.6114,-0.815,pop,0
2.1645,-0.9921,-0.8578,pop,0
2.0526,-0.2965,-0.5327,pop,0
0.8992,-2.2134,-0.0737,pop,0
-1.2086,-2.7619,-0.2262,pop,0
-0.5127,-2.5152,2.3884,edm,0
1.3047,-1.5233,1.4863,edm,0
1.8929,-1.0292,1.4089,edm,0
1.1443,-0.6401,0.7537,edm,0
0.7058,-0.9531,0.8416,edm,0
-1.1626,0.7867,1.5363,pop,0
0.9254,-2.3194,1.8483,edm,0
0.8678,-2.0542,1.4888,edm,0
1.0477,-1.8092,0.7361,edm,0
1.1365,-0.8401,1.8229,edm,0
0.9609,-1.6466,1.389,edm,0
0.889,-1.6094,-0.2745,edm,0
1.2219,-2.2473,1.8453,edm,0
1.7627,-2.1218,1.6077,edm,0
1.3266,-1.3173,0.8066,edm,0
1.9785,0.6988,0.2163,pop,0
2.0784,-0.4412,-0.5579,pop,0
0.6964,-0.7628,0.864,rap,0
-1.4834,-0.0069,0.5506,r&b,0
0.1987,1.0836,-1.822,rap,0
0.6493,-2.4081,1.9464,edm,0
0.9013,-2.5439,1.1596,edm,0
1.1638,-1.4159,0.882,edm,0
1.8808,-1.0664,-0.7452,rap,0
2.0729,-1.7099,-0.6095,edm,0
-0.0826,-1.588,-0.9016,edm,0
2.2306,-0.7403,-0.4551,pop,0
2.1052,0.5574,-0.1026,pop,0
2.4366,-0.7469,-1.1613,pop,0
2.0366,-0.5826,-1.0232,pop,0
2.3796,-2.5373,1.0503,edm,0
0.8643,-2.0985,2.7559,edm,0
2.3785,-1.152,-1.2464,pop,0
2.1906,-1.7795,-0.8694,pop,0
2.0012,-1.2825,-0.3407,pop,0
1.4633,-1.1211,-0.8053,pop,0
2.5112,-1.9807,-1.0114,pop,0
2.1479,-2.2469,-0.8206,pop,0
2.0444,-0.3941,-0.8489,pop,0
2.3434,-1.0227,-1.3379,pop,0
1.0734,-1.914,-0.4669,rock,0
2.8357,-0.9139,-1.7094,rock,0
2.4114,-1.2018,-1.0257,rock,0
1.6058,-1.0228,-0.0795,rock,0
1.4707,-0.9293,-1.6282,edm,0
0.7841,-1.493,1.809,edm,0
0.3567,-1.2185,0.2052,edm,0
-4.3908,-4.4964,-1.0728,r&b,0
1.5526,-2.3067,0.4418,edm,0
1.4553,-1.4861,0.1097,edm,0
0.6791,-0.4496,1.2734,edm,0
0.837,-2.4574,1.2631,edm,0
1.3711,-0.5076,1.7348,edm,0
1.4027,0.3157,-0.6368,edm,0
1.0545,-1.8042,0.5202,edm,0
0.9861,-0.4712,0.9945,edm,0
1.2423,-1.032,0.8866,edm,0
1.377,-2.5352,-0.9167,edm,0
2.2893,-1.4851,0.7615,edm,0
1.8939,-2.5615,-0.6407,pop,0
0.2886,-1.1856,-0.4186,pop,0
2.0259,-1.5889,-0.9616,edm,0
0.8428,-1.7772,-0.3107,edm,0
0.8595,-1.0363,-0.2257,edm,0
1.6505,-0.1722,0.6829,edm,0
1.7225,-1.1095,0.3172,edm,0
1.5795,-0.743,-0.3401,edm,0
1.9632,-0.6872,0.2579,edm,0
1.0712,-1.1628,-0.0772,edm,0
1.0587,-0.8186,-1.4645,edm,0
1.0068,-0.3176,0.4118,edm,0
1.3384,0.0619,-1.4418,edm,0
1.5542,1.6413,0.8883,latin,0
1.4287,1.0322,0.2815,latin,0
0.7914,2.0654,0.8956,latin,0
1.3472,-1.219,1.2606,edm,0
-0.3321,1.0943,-0.1433,r&b,0
-2.0394,0.003,-0.2063,r&b,0
0.6192,1.1756,-1.3051,rap,0
-1.1416,1.2657,-0.7416,r&b,0
-2.6625,1.2299,0.0975,r&b,0
1.1324,-0.8553,1.0619,r&b,0
0.1396,-3.0155,1.793,rap,0
-0.9577,-0.3872,0.008,r&b,0
-0.6232,0.9797,0.6389,edm,0
0.805,-0.7315,-0.7089,edm,0
-1.1517,0.9413,0.7021,r&b,0
1.3453,-1.5063,-0.3841,rock,0
2.1092,-0.7282,-1.3283,rock,0
0.264,1.0315,0.9827,latin,0
0.4531,0.2588,1.4307,latin,0
0.5327,1.3719,0.863,latin,0
1.0553,1.2642,0.648,latin,0
1.5379,-0.6871,-0.4515,edm,0
1.6225,0.5184,-3.3466,edm,0
1.3135,-0.0765,0.0261,edm,0
-1.473,-0.6955,-0.4953,r&b,0
-0.0981,-0.3103,1.6454,rock,0
1.2248,-0.6772,0.0318,edm,0
0.5025,1.7704,0.5127,latin,0
0.9535,1.6353,0.8162,latin,0
0.3931,2.0988,1.2208,latin,0
0.7753,1.5813,0.6076,latin,0
0.5944,1.7314,0.5664,latin,0
0.4633,0.0156,-0.5679,latin,0
0.9288,1.6518,1.4268,latin,0
0.3774,1.4118,0.9236,latin,0
1.0246,1.3258,0.2543,latin,0
1.8099,1.3482,0.1551,latin,0
0.0537,0.6019,-1.411,r&b,0
-2.4829,-0.0672,-0.1082,r&b,0
-1.6994,-0.6292,0.8087,r&b,0
0.704,-2.4321,0.3372,rap,0
0.521,1.4251,0.6585,latin,0
0.6236,0.2759,0.5087,latin,0
0.8601,1.1069,0.2419,latin,0
1.6167,1.8599,1.2358,latin,0
1.2847,-1.5833,-0.8317,edm,0
1.7665,-0.4961,-0.433,edm,0
1.154,0.1659,-1.4144,rap,0
-2.2814,2.144,-0.7534,r&b,0
-1.9165,-0.6677,0.0249,r&b,0
0.1153,-0.3841,0.0338,r&b,0
-3.6959,-2.5175,-1.3757,r&b,0
2.058,-1.2439,-1.5647,rap,0
2.4005,-0.3356,-2.8145,rap,0
0.7127,0.3633,1.0694,r&b,0
-0.7962,2.3823,0.0883,rap,0
-0.1571,0.8069,0.7434,rap,0
0.0269,1.2027,0.2265,r&b,0
-1.3063,0.5147,-1.2548,r&b,0
-1.3479,3.2577,0.0961,r&b,0
1.151,0.9937,-0.8467,r&b,0
1.2937,1.1756,0.6605,latin,0
-0.6416,1.4182,-1.1227,rap,0
0.8207,-1.0215,2.3624,r&b,0
1.3478,-2.3831,1.405,rap,0
1.3819,-1.8379,1.4186,rap,0
1.5104,2.362,-0.4305,latin,0
0.7523,2.1796,-0.3077,latin,0
1.4322,-0.2563,-0.2552,edm,0
1.0099,-1.6937,2.7699,edm,0
1.9066,-1.7652,1.5061,edm,0
2.0401,-1.7785,-0.4167,edm,0
1.7869,-0.7456,0.8886,edm,0
0.7048,-1.9404,2.6447,edm,0
1.1693,-0.1837,1.4728,edm,0
1.6328,-1.0473,-0.7665,edm,0
-0.2354,-2.1042,0.6189,rap,0
1.4997,-1.5598,0.6277,rap,0
1.0926,-2.6569,2.1757,edm,0
0.0906,-0.5955,2.9042,edm,0
0.8275,-2.159,2.6337,edm,0
0.3515,-2.7777,2.3155,edm,0
0.5405,-1.7215,2.6303,edm,0
1.5814,1.5593,1.8882,edm,0
1.1825,-1.9103,2.8895,edm,0
0.0582,-1.9532,1.0895,edm,0
1.7013,-1.4432,1.4857,edm,0
1.3819,-2.1733,2.194,edm,0
1.6017,1.2604,1.3325,edm,0
1.7229,-1.396,0.6527,edm,0
1.5446,-0.897,0.0276,edm,0
0.2314,-0.1642,3.7481,pop,0
1.6787,1.4787,0.5265,latin,0
1.1728,0.1118,0.9539,pop,0
1.3305,-0.4235,0.4688,rock,0
-1.0787,1.1295,-2.4523,latin,0
-1.5851,-1.6413,0.2955,rock,0
-3.1229,-0.3951,1.4028,rock,0
-0.4697,-2.2664,2.5664,edm,0
1.2707,-2.6707,0.465,edm,0
-0.7884,-2.3185,2.4286,edm,0
1.8898,-0.2251,-0.6574,edm,0
1.1945,-0.5436,0.7754,edm,0
1.1245,-1.3088,0.3344,edm,0
1.3507,-2.3423,2.0462,edm,0
0.8942,-2.0089,1.8616,edm,0
0.4042,1.5588,0.7788,latin,0
0.928,1.5176,0.6573,latin,0
1.3209,0.7711,0.1671,latin,0
1.465,-0.8944,-1.2348,rock,0
1.592,-0.3286,1.0553,edm,0
1.4194,-1.7336,1.5708,edm,0
2.5731,-1.4139,-0.0708,edm,0
1.5598,-0.9407,1.4098,edm,0
1.0442,-2.3642,2.3743,edm,0
1.378,-1.7508,1.2644,edm,0
-0.1117,0.2186,1.4827,pop,0
1.6126,1.0755,0.8496,latin,0
-0.8577,2.1215,0.3541,latin,0
1.2299,1.1065,1.1461,latin,0
0.4063,0.785,0.0622,latin,0
0.2043,1.8976,0.0932,rap,0
-0.9996,0.4575,-2.1301,rap,0
1.8721,1.9094,1.3669,r&b,0
0.1721,1.6045,0.6488,r&b,0
-0.0189,-1.051,-0.2986,r&b,0
0.68,0.9894,0.7506,pop,0
1.8454,-2.1793,0.4469,edm,0
1.3118,-0.8774,1.4212,edm,0
2.3164,-0.5489,-1.3507,edm,0
1.5571,-3.1997,1.2076,edm,0
1.8724,-1.1005,1.3838,edm,0
0.6167,-1.277,0.7242,edm,0
1.7318,-0.0773,-0.61,edm,0
1.5637,-1.4724,1.193,edm,0
0.9943,-1.5469,2.27,edm,0
1.9172,0.5555,-0.5116,edm,0
2.0367,0.7234,0.5369,edm,0
1.3992,-1.1313,-0.2113,edm,0
0.3884,1.8211,2.0824,latin,0
-0.9307,0.0965,-0.3253,r&b,0
-0.6425,-0.0551,-0.8339,r&b,0
0.9554,0.8914,-0.2728,latin,0
1.5833,-1.5606,1.2659,edm,0
0.4604,0.4516,3.237,edm,0
0.4706,-1.3246,2.9747,edm,0
1.9307,-0.8834,-1.3857,edm,0
1.9674,-0.7336,-0.1669,edm,0
1.0489,0.5478,0.6804,latin,0
1.5805,-0.4573,-2.3945,latin,0
-3.6212,1.7459,1.0932,latin,0
0.223,0.5334,0.3934,latin,0
-0.4314,1.1488,-0.1344,latin,0
0.1355,1.5862,0.6822,rap,0
0.0683,0.4961,1.0229,rap,0
-0.3642,1.1656,0.4821,r&b,0
1.3626,1.0653,0.5878,latin,0
1.2587,1.8249,-0.1291,latin,0
-0.1428,1.0435,-0.2712,latin,0
0.5627,0.6657,0.7303,latin,0
-0.2532,2.0556,-0.2869,latin,0
0.8729,1.0002,0.7332,latin,0
0.7379,2.3857,0.5729,latin,0
-1.0962,-0.0123,-0.3816,latin,0
0.3672,1.1364,0.4301,latin,0
-2.1031,-1.1031,2.3357,r&b,0
-0.9181,-0.5439,0.0952,r&b,0
2.2975,-1.8089,-2.3154,edm,0
-0.1018,1.5279,1.1488,latin,0
0.4079,0.9719,-1.4437,r&b,0
1.8088,-1.1538,0.7948,rap,0
0.0457,-1.5503,4.0715,edm,0
-2.0535,-0.4298,-0.7161,edm,0
1.1758,0.3215,1.5105,edm,0
1.6735,1.5088,-0.166,latin,0
0.3724,-1.4259,1.7928,edm,0
-0.1336,-2.5684,3.6575,edm,0
1.2728,-1.1038,3.2148,edm,0
2.0478,-2.0998,-1.5083,rock,0
1.527,-0.4293,0.3897,rock,0
0.4169,0.9205,-0.4482,r&b,0
-0.6252,0.6656,-0.2064,r&b,0
0.0603,1.8976,0.7528,r&b,0
-3.8807,1.1541,-0.8519,r&b,0
1.703,-0.0643,-0.8308,latin,0
1.2203,1.2002,1.0943,latin,0
-1.7693,1.8368,0.0881,latin,0
1.0014,1.1439,0.2077,latin,0
1.0513,0.7579,-0.7681,latin,0
0.8551,0.7458,0.0891,latin,0
-0.3631,2.1364,0.7719,latin,0
-0.647,-0.4042,-1.0294,rock,0
-1.49,0.5359,0.3063,rock,0
1.4441,-0.4427,-0.4937,rock,0
1.935,-0.7936,-0.1283,rock,0
-0.0126,1.3513,-0.0156,r&b,0
1.99,-0.5975,-0.2009,rap,0
2.3436,-0.0315,-2.0577,rap,0
-0.0785,-0.4671,0.179,rap,0
0.3602,0.2097,-0.2947,latin,0
1.6329,1.4447,0.4188,latin,0
2.2672,1.3402,-0.87,rap,0
0.4295,1.3441,-1.334,rap,0
-2.1765,-1.6923,0.8456,r&b,0
0.9134,-1.1469,1.0356,rap,0
0.3502,-2.6639,3.6701,edm,0
0.4034,-1.9002,3.5158,edm,0
0.5324,-1.9561,2.7368,edm,0
1.222,-2.1535,2.9874,edm,0
1.5799,0.621,-0.388,edm,0
0.9569,-2.6586,-0.7702,rock,0
1.1604,-3.0301,0.4068,edm,0
2.218,-0.5327,0.4467,edm,0
1.3104,0.4062,-0.0053,edm,0
-1.1631,1.2248,-1.6597,r&b,0
-0.2045,-0.991,-0.6033,rock,0
-0.4987,2.9854,-0.2073,rap,0
-0.4968,2.1033,-0.1238,rap,0
0.5259,2.6621,-2.3271,rap,0
1.0187,-0.5646,-2.1101,rap,0
-2.7511,-0.3109,0.5097,r&b,0
-1.6709,0.5316,-0.4842,rap,0
-0.0832,1.3388,1.0529,latin,0
0.3722,1.1605,0.5958,latin,0
0.6723,1.0411,0.5675,latin,0
0.2929,0.4629,0.0085,r&b,0
0.4221,0.7622,-0.4929,latin,0
2.0901,-2.2974,-1.4376,rock,0
0.5392,-0.3041,-0.8597,rock,0
0.9111,0.4488,1.8889,pop,0
0.3565,-1.2251,0.5682,rock,0
-1.4572,-2.0109,-0.2908,rock,0
1.6022,-1.0039,0.0306,rock,0
-0.758,1.5111,0.5361,rap,0
-0.4345,1.727,-0.039,rap,0
0.3822,1.3906,0.8099,r&b,0
-2.2658,-0.0221,-1.8929,r&b,0
-1.5711,-0.4134,0.3807,pop,0
-3.5897,-1.3245,0.0727,pop,0
-0.8986,1.2956,-0.0461,rap,0
0.0035,2.1521,0.2484,rap,0
1.0958,1.1747,1.0827,latin,0
1.3162,0.6596,-1.7493,latin,0
0.1705,1.9026,-0.2004,latin,0
-1.1533,-2.3844,-0.106,rock,0
0.2963,-0.837,0.1386,rock,0
-1.0596,0.4766,0.2925,rap,0
0.3863,-0.1862,0.0451,rap,0
0.8553,0.797,0.3687,rap,0
-0.5317,0.3972,-0.4116,rap,0
-0.9369,-0.2329,0.0233,rap,0
-3.0792,0.8408,-1.2212,rap,0
0.9883,1.0228,0.4338,latin,0
-5.5271,-1.8534,-2.1651,r&b,0
-0.0573,1.0614,1.3526,r&b,0
-1.9115,1.1259,1.7575,r&b,0
-1.0041,0.8433,-0.3895,r&b,0
0.4232,0.5304,1.1086,latin,0
-2.1354,-2.2344,1.5519,r&b,0
0.2292,1.352,-1.7684,rap,0
-0.7594,0.7569,-2.1953,rap,0
-3.7644,1.9273,-0.3756,rap,0
-1.2835,-0.0308,-1.2737,rap,0
2.1481,0.6587,-0.3101,edm,0
-0.4917,-0.5963,0.2691,rock,0
-0.4223,-0.6031,-0.8379,rock,0
0.2806,-0.347,-0.2261,rock,0
0.6907,-1.3538,-0.4115,edm,0
1.5888,1.3248,0.4982,latin,0
1.8202,1.7651,0.9886,latin,0
0.6716,1.8647,1.1618,latin,0
0.6955,1.223,0.8217,latin,0
-1.2302,0.2716,-0.2635,rap,0
-0.2263,1.7416,0.3141,rap,0
1.864,0.7397,1.4513,r&b,0
-2.2482,1.1115,-0.7709,rap,0
-1.518,1.1567,0.0591,rap,0
-0.7357,-0.2264,-1.6466,r&b,0
0.002,-1.4596,3.5913,r&b,0
1.2688,0.1892,0.1727,rock,0
0.0402,0.3101,-0.9291,rap,0
1.5892,1.2194,0.5033,rap,0
0.7102,-1.7287,-1.0361,rock,0
-0.3203,0.6847,0.3948,rock,0
-0.3513,-1.3655,0.647,rock,0
-1.3182,1.0745,-0.079,rock,0
0.1474,-0.2488,-0.5617,rock,0
-1.9533,-0.3576,0.8286,rock,0
-0.4074,-0.7935,0.725,rock,0
1.1663,-0.7227,-1.1702,rock,0
1.4633,-1.621,-0.5461,rock,0
0.7671,-2.2575,-0.0641,rock,0
-0.1051,-0.3492,-0.407,rock,0
-0.7285,0.6967,-0.5678,rock,0
1.2056,-0.2908,1.1649,rock,0
1.1756,1.2214,0.2837,edm,0
0.1567,-2.7594,-0.6894,edm,0
2.3254,-0.6766,-0.2359,edm,0
0.6763,-2.4111,2.0996,edm,0
1.0966,-1.0412,1.3067,edm,0
-0.2999,0.3929,1.2309,rap,0
0.7327,1.5717,-0.176,r&b,0
-0.7165,0.8594,1.3228,rap,0
-2.4434,2.1096,0.0761,rap,0
-4.1778,-2.4753,-2.6115,r&b,0
0.664,-1.6711,-0.6445,rock,0
1.6099,-0.743,0.2234,rock,0
-4.6497,-1.1206,0.0332,rock,0
-0.4694,0.0709,0.8411,rock,0
1.5075,1.6515,1.3628,latin,0
1.3668,0.1257,0.1874,r&b,0
1.6666,0.3145,0.5913,r&b,0
-0.032,-0.9348,0.1104,edm,0
1.0443,-0.9863,0.0214,edm,0
1.1093,-0.4254,0.11,edm,0
0.8885,1.3135,-1.0968,latin,0
0.9235,-2.0164,-0.5022,edm,0
0.7258,-0.4615,1.4104,edm,0
1.7376,-2.119,1.1217,edm,0
0.4146,-2.1711,-1.7122,rock,0
2.0928,-1.5417,-1.305,rock,0
0.5458,-3.0292,-1.5088,rock,0
0.1024,-0.2609,-0.2434,edm,0
2.0742,0.1038,0.1401,edm,0
0.4751,-1.2112,-0.5209,edm,0
-1.2456,-0.1491,-0.0764,pop,0
-1.1451,1.3654,0.1296,latin,0
0.486,0.552,-0.1726,rap,0
1.1142,1.7836,0.6946,latin,0
2.1262,-1.7486,-0.9493,edm,0
-0.5658,-1.4506,0.6192,edm,0
1.0398,-0.1397,-0.3271,edm,0
1.9877,-1.9429,-0.4433,edm,0
1.5248,-1.8493,-1.309,edm,0
0.0995,-1.0106,1.4825,edm,0
2.0701,-1.4686,-0.8202,edm,0
0.8742,-0.8644,0.5085,edm,0
1.6168,-1.0899,1.1199,edm,0
0.6699,-0.6446,1.1411,edm,0
0.3682,-1.3477,2.0858,edm,0
1.2133,-2.0567,-0.3036,edm,0
1.1544,-0.8401,-0.2497,edm,0
1.9172,0.474,0.4696,edm,0
2.2709,-1.9829,-1.9841,rock,0
1.2347,-0.3401,-0.0995,rock,0
-1.316,0.5153,0.5962,rap,0
0.8549,1.6595,-0.636,r&b,0
0.5205,0.9759,-1.6467,r&b,0
-1.3533,0.3849,-0.5004,r&b,0
1.0256,-1.0751,-0.1432,edm,0
1.3956,-0.3493,-0.1432,edm,0
0.6409,-2.6517,2.216,edm,0
1.3878,-0.5208,-0.6448,edm,0
1.3154,-1.692,0.3273,edm,0
0.3814,-1.9781,1.2656,edm,0
1.4046,-1.2173,1.9541,edm,0
1.6203,-0.8926,0.9336,edm,0
0.819,-2.098,1.3257,edm,0
1.7647,-0.8819,-0.1032,edm,0
1.1757,0.6623,0.6273,edm,0
2.1307,1.3318,-1.2422,latin,0
-0.4499,1.0216,0.7958,latin,0
-0.2356,0.6776,0.601,latin,0
-0.5185,1.1451,0.2818,rock,0
-0.2708,-0.3915,0.5323,pop,0
1.9347,0.2407,-1.9775,edm,0
2.0054,-2.0396,-1.0588,edm,0
1.4123,-1.5724,0.0592,edm,0
1.112,-1.3238,0.886,edm,0
0.7212,-1.5276,-0.879,edm,0
-1.1606,2.7409,-4.242,rap,0
0.8379,0.2177,-1.2366,rap,0
0.615,-1.0534,-1.058,edm,0
1.7305,-1.7056,0.533,edm,0
0.9735,-1.2386,0.8554,edm,0
0.9091,-1.6778,0.3302,edm,0
0.9804,-1.7094,1.7005,edm,0
1.2157,-0.5985,0.7929,edm,0
1.2968,-1.5716,0.448,edm,0
0.4589,-0.7703,0.831,edm,0
2.0956,-1.9172,0.1742,edm,0
1.4685,-1.3565,0.9338,edm,0
1.5586,-1.2323,1.2392,edm,0
0.7066,-0.9007,0.4027,edm,0
1.4379,-0.376,-0.5398,edm,0
1.8785,-0.9654,-0.4934,edm,0
0.7732,0.0409,1.3518,edm,0
1.8464,-2.1143,0.4388,edm,0
0.5475,-2.7635,2.3508,edm,0
1.2115,-0.328,0.5203,edm,0
1.0021,-2.0506,0.7181,edm,0
1.2525,-0.7697,0.9955,edm,0
1.3143,-2.825,2.179,edm,0
1.5487,-1.9044,1.8385,edm,0
1.2813,-2.0275,0.3817,edm,0
1.5806,-0.06,-0.0826,edm,0
0.1783,0.134,0.9608,edm,0
-1.0233,-0.5172,0.9084,edm,0
1.519,0.1942,-0.2987,edm,0
-0.8679,-1.5744,1.2049,rock,0
1.1367,-3.0579,0.284,rock,0
-0.5374,0.501,1.0166,rock,0
0.7721,-0.4195,0.2428,rock,0
1.081,-1.4021,0.6253,rock,0
1.437,-0.7126,0.1411,edm,0
1.1562,-2.5927,2.173,edm,0
0.9381,-1.3512,0.7736,edm,0
1.5554,-2.3807,1.1396,edm,0
1.9764,-3.8734,-0.8008,edm,0
1.5105,-1.0445,-0.3944,edm,0
0.3593,-0.966,0.092,edm,0
1.2063,1.1928,0.3321,latin,0
-1.7686,1.2699,0.7116,latin,0
-1.8241,0.3684,1.0824,rap,0
-0.8578,0.1129,0.474,rap,0
1.3544,1.0114,-0.7388,rap,0
-0.3558,1.7631,0.5505,rap,0
-1.4495,1.5603,1.6039,r&b,0
-0.039,1.7681,1.1232,rap,0
-0.2518,-1.0166,-1.8319,rock,0
0.4411,-1.8656,2.5241,edm,0
0.9521,-2.6723,2.1188,edm,0
-1.7355,-0.3823,0.6047,rock,0
-0.2077,-0.5834,-1.1781,rock,0
-0.4269,-1.1302,0.3268,rock,0
-2.6242,-1.8755,-1.4211,rock,0
-2.3061,-1.9471,1.215,rock,0
2.2635,-3.2325,-0.957,edm,0
-0.3129,-0.7752,0.6779,r&b,0
0.99,2.7652,-2.2284,rap,0
0.0909,0.3708,-1.0279,rap,0
0.0281,1.5918,-1.7209,rap,0
-0.9298,0.5099,-0.7856,r&b,0
0.3773,1.5036,-0.0137,r&b,0
-1.1542,-1.3553,0.714,edm,0
1.2844,-1.1058,0.3922,edm,0
1.3287,-0.3345,-0.109,edm,0
-1.5192,-0.3711,-0.3631,rap,0
-0.6766,1.4286,0.228,latin,0
0.6672,2.4168,1.4056,latin,0
-0.1882,1.1134,-1.8739,rap,0
-1.1813,1.6595,-2.1858,r&b,0
0.6646,2.2188,-0.7154,r&b,0
0.1633,2.1899,0.5082,r&b,0
-0.5232,0.7642,-0.4016,r&b,0
-0.4189,-1.2385,-2.0391,rock,0
-2.036,1.544,-1.7432,rap,0
0.9881,0.7955,0.0253,latin,0
-1.8606,-0.5544,0.5742,rap,0
0.6493,0.7735,-0.7899,rap,0
0.7691,1.7252,0.2904,latin,0
0.2603,-0.9889,1.0191,rock,0
-0.7934,-0.1503,0.0822,rock,0
-0.9778,-1.4555,0.0952,rock,0
-0.2952,2.2611,-0.0314,r&b,0
-1.1745,2.2629,-1.4724,r&b,0
-0.772,1.4892,0.6086,r&b,0
-1.0966,0.6964,-0.2484,r&b,0
0.3848,0.4114,-0.9692,r&b,0
1.6297,-1.438,-0.5027,edm,0
1.5261,0.1404,0.6107,rock,0
1.5677,-0.806,-0.3564,rock,0
1.4217,0.364,0.8218,rock,0
-1.6335,-0.0065,1.3652,r&b,0
0.6323,-0.2105,-0.2257,rap,0
-2.0966,0.2639,-0.2742,rap,0
0.3545,0.0967,0.0141,r&b,0
0.1401,0.9671,0.3619,rap,0
1.015,0.1394,-0.7034,rap,0
0.0653,1.7924,0.0358,r&b,0
-0.042,0.7138,0.4492,r&b,0
-2.2535,1.4791,0.0677,r&b,0
0.9557,-2.0857,1.9972,rock,0
-1.0845,1.1374,-1.2291,r&b,0
1.3733,1.6781,-0.755,r&b,0
0.5451,-0.0085,-0.0203,rock,0
-0.5355,-0.5812,-1.6192,latin,0
-0.099,-0.0009,0.8246,latin,0
0.0499,1.3936,0.7787,latin,0
-0.6314,-0.1401,0.2207,rock,0
-1.5204,-0.9752,-0.026,r&b,0
0.2127,0.3404,-0.7954,r&b,0
-0.7345,-1.0137,0.1941,r&b,0
-0.0019,-0.8818,0.9378,r&b,0
0.7773,0.5457,-1.5662,rap,0
0.5766,-1.4355,-1.0245,r&b,0
-0.8483,0.633,1.2218,r&b,0
-0.6106,1.3095,0.2978,rap,0
-1.3612,1.1617,-0.1086,rap,0
-0.1861,0.9896,-1.2798,r&b,0
-0.0309,0.0786,1.1039,r&b,0
0.0887,0.2207,-1.5667,rap,0
0.4743,2.701,-0.4715,r&b,0
0.3128,-0.4701,1.6121,r&b,0
-2.2031,0.4867,-1.1147,edm,0
-0.1098,-0.0681,2.6693,edm,0
0.5579,-0.1896,0.8453,rock,0
0.0929,-0.4464,1.9978,r&b,0
1.629,0.3184,0.3043,r&b,0
-1.5262,0.0875,0.712,r&b,0
-0.234,0.6323,2.5672,r&b,0
-2.037,-0.0805,-0.2647,r&b,0
-0.6726,0.7079,0.3283,r&b,0
0.9948,0.5714,-0.2414,rap,0
0.3148,1.9404,0.6885,rap,0
-3.0943,-0.0055,1.1514,rap,0
0.8574,-1.1823,-0.3608,edm,0
-0.7317,-0.095,-0.2747,rock,0
1.4624,-1.2378,-1.2933,edm,0
0.4449,0.8402,0.3371,rock,0
1.5159,-0.9901,-0.7939,edm,0
0.1623,-0.2898,-0.2999,edm,0
1.53,0.1605,2.1197,edm,0
0.4769,1.6132,0.6353,latin,0
1.3096,-0.1394,-0.0785,rock,0
0.9632,0.3105,0.3704,r&b,0
0.0128,0.2232,0.8681,r&b,0
-0.3112,-0.7254,1.5005,latin,0
-0.1337,-0.7228,-0.0907,r&b,0
1.7969,1.2157,-2.1313,rap,0
0.3996,0.9064,0.2046,rap,0
-0.2168,1.4008,-0.2989,rap,0
0.7015,-0.3287,3.3093,edm,0
0.7494,-0.9809,2.1378,edm,0
0.0378,1.2824,2.1398,edm,0
-1.2337,-0.4482,2.96,edm,0
0.1821,-2.4086,3.2843,edm,0
-2.3562,0.2949,2.4169,edm,0
1.2052,0.6426,-1.4063,rap,0
1.8163,-1.2018,-0.1735,edm,0
1.2603,-1.877,-0.5047,edm,0
2.6222,0.2436,-1.25,latin,0
-0.8157,-0.8613,1.2237,r&b,0
0.1521,-0.7691,1.7538,edm,0
-0.0735,-2.0154,2.4188,edm,0
0.6177,0.6298,-0.9295,rap,0
-0.5471,0.7829,1.0062,rap,0
1.9691,-0.3003,-0.2878,rock,0
-1.2687,-0.1453,1.1222,rap,0
-1.4706,-0.5246,-0.2604,rock,0
-0.1125,0.7319,0.7132,latin,0
-0.6726,0.5678,0.7338,latin,0
0.0876,-0.7361,0.4547,latin,0
0.5243,-0.5659,1.1853,latin,0
-1.8114,-0.4653,0.614,latin,0
1.312,0.6758,1.1986,latin,0
0.3078,-0.329,0.5977,latin,0
-1.042,-1.7172,2.7457,edm,0
-1.2273,1.2439,1.3745,edm,0
-0.7404,0.2285,4.3163,edm,0
0.8434,1.1885,0.9758,edm,0
0.4746,-0.5696,2.4421,edm,0
0.9231,0.1626,1.9151,latin,0
1.2102,0.15,1.1133,latin,0
-0.1925,1.0364,1.0572,latin,0
-0.6758,0.4143,0.0718,r&b,0
1.5981,-1.5579,-0.7763,r&b,0
-0.9853,1.7264,1.0269,r&b,0
-0.4602,-0.5464,1.9134,r&b,0
0.5254,-0.19,0.7762,r&b,0
-0.1931,0.4222,2.6291,r&b,0
-0.5643,0.6928,0.1579,r&b,0
-0.7022,0.662,-0.1673,r&b,0
2.2486,-1.7981,-0.5969,rock,0
-0.8877,0.3199,-0.1247,rap,0
-1.0031,-0.2471,0.0879,rap,0
0.7558,-1.6026,-0.967,rap,0
0.7942,-2.0327,-0.0478,rock,0
-2.1463,-1.0751,-2.124,rock,0
-0.344,0.1504,1.1167,r&b,0
-1.1736,-0.3777,0.7611,latin,0
0.0039,-0.0891,-0.7145,latin,0
0.5311,0.9129,0.378,r&b,0
-0.7059,-1.1116,1.1765,edm,0
-0.1143,1.4192,-0.4966,r&b,0
-0.8298,0.4052,0.3194,r&b,0
-3.2468,-2.02,-0.0953,r&b,0
0.0959,0.9848,-0.6312,rap,0
1.4272,0.4855,-1.5089,rap,0
-2.1126,1.9637,-2.3083,rap,0
1.2109,-2.1438,0.014,rock,0
1.261,-0.6509,0.3087,rock,0
2.2491,-1.627,-0.9138,rock,0
1.6733,-1.2621,-0.6218,rock,0
0.5357,-0.8292,3.2955,edm,0
-2.1537,-0.1338,2.0224,r&b,0
2.0708,-1.43,-1.6803,rock,0
1.5969,-0.4325,-0.047,rock,0
-0.9441,-2.0431,2.9944,edm,0
1.0863,-2.7632,-0.6686,rock,0
1.9798,-0.3595,-0.1454,rock,0
2.2239,-1.3397,-0.789,rock,0
1.5822,-0.6294,0.2696,rock,0
1.9108,-1.732,-0.5062,rock,0
1.7854,-0.9083,-0.6438,rock,0
1.8688,0.3359,0.3445,rock,0
-0.6835,0.4536,-0.1241,rap,0
1.4707,0.8108,-0.1585,rap,0
0.2471,1.1168,0.7521,r&b,0
0.7992,-1.4402,-1.1946,r&b,0
-0.3091,0.4365,-0.3073,r&b,0
2.2001,0.9386,-0.8489,pop,0
-0.447,-0.6597,-1.7434,pop,0
1.5699,-0.2269,-0.1591,rock,0
-0.003,-2.1802,-0.7904,rap,0
-0.2262,0.0897,-0.5782,rap,0
0.062,0.965,-0.7115,rap,0
0.1955,1.1119,0.4469,rap,0
-0.9541,0.4293,0.4034,rap,0
1.431,-0.2551,0.2827,rock,0
1.1559,-0.9876,-2.083,r&b,0
-1.6326,-1.8943,0.2021,rock,0
-3.4262,0.0683,-1.7795,rock,0
0.4639,1.2695,1.4669,r&b,0
-1.9096,-0.1522,2.6447,r&b,0
-2.8119,1.2125,1.1962,r&b,0
-0.1612,1.1346,-0.0468,latin,0
0.0959,0.7879,0.1929,latin,0
-0.6098,-0.877,-0.9222,latin,0
0.0946,0.4766,-0.14,latin,0
-1.7533,0.8469,0.6967,rock,0
-0.4057,1.3304,0.1815,r&b,0
1.3915,-1.6947,0.3379,rock,0
0.4874,1.1719,0.9104,rap,0
-0.1622,-0.1359,0.4317,rap,0
-0.3619,0.6415,-0.1546,rap,0
-0.4736,0.2517,0.3307,rap,0
-0.2456,1.7416,-0.5525,rap,0
1.3828,0.0584,-1.4829,rap,0
-0.2725,0.3341,-0.9633,rap,0
1.5534,0.7761,-0.1687,rap,0
0.8834,1.0013,0.2656,rap,0
0.8752,0.3331,0.3098,rap,0
1.3369,0.225,-0.7472,rap,0
-1.3402,-0.7883,0.0224,r&b,0
-2.4219,-1.9035,-0.5198,rock,0
-2.9213,-0.965,-0.1615,rock,0
1.538,-1.1669,-0.783,rock,0
-0.5453,0.8921,-0.4225,latin,0
-0.2883,0.7328,-0.1177,latin,0
-1.2809,-0.6325,-0.2676,rock,0
-1.3621,-2.5347,-2.597,rock,0
-0.5882,0.4274,-0.5945,latin,0
1.9288,0.2339,0.4548,latin,0
0.8934,0.2781,0.388,latin,0
-1.3289,-0.2005,1.5703,latin,0
-0.7991,0.6328,0.1947,latin,0
-0.8662,1.0601,0.2337,latin,0
-0.3043,0.6492,0.4536,latin,0
-0.0193,0.1527,-1.1191,latin,0
-0.6863,1.2571,0.2208,latin,0
0.9968,0.4838,0.335,latin,0
-0.5992,0.3285,1.7552,latin,0
-0.3848,0.6037,-0.1373,latin,0
0.82,-1.8529,1.183,edm,0
-0.6298,1.1936,-0.8143,rap,0
1.2925,-0.0884,1.4307,edm,0
1.0018,-3.0131,-0.3276,rock,0
1.2404,-2.1423,1.4921,edm,0
1.5074,-2.7796,0.194,rock,0
1.1747,-0.6965,0.0323,rock,0
1.5859,-2.511,-2.1069,rock,0
-0.0743,0.1609,-0.612,rock,0
0.9439,-1.7503,0.7909,edm,0
-0.5333,0.9519,0.2425,latin,0
-0.8291,1.2101,-0.5391,latin,0
0.634,1.1775,0.6106,latin,0
-1.5594,0.8736,0.4997,latin,0
-1.0098,1.3531,0.4224,latin,0
1.3661,-0.7823,-0.5677,rap,0
1.2635,0.7441,-1.0139,rap,0
0.7018,-0.1041,-0.2666,rap,0
-3.0796,-1.2003,0.7271,rap,0
1.4508,0.5551,-1.7199,rap,0
2.1917,1.4172,-1.0132,rap,0
1.5279,1.2493,-0.3367,rap,0
1.5463,-1.6035,2.3974,edm,0
1.134,-2.4675,2.3922,edm,0
2.1008,-0.9677,1.3981,edm,0
1.9397,-1.023,0.6717,edm,0
0.9804,-1.7094,1.7005,edm,0
0.9785,-2.4174,1.8393,edm,0
1.0065,-0.8719,0.7395,edm,0
0.3008,1.3078,-0.0751,latin,0
0.0655,1.8312,0.8751,latin,0
-0.0965,1.5491,0.3002,latin,0
-0.3675,-0.1299,0.8715,latin,0
-0.5904,1.0472,0.4479,latin,0
-0.507,0.8428,-0.2364,latin,0
0.7466,-1.3987,-0.0377,edm,0
1.5969,-2.1095,0.8654,edm,0
1.3614,1.5246,-0.1368,rap,0
0.5149,-0.227,-2.052,rap,0
1.8449,-1.2554,-0.8762,rock,0
0.7916,-2.0572,0.6308,rock,0
1.3803,-3.5585,1.8259,edm,0
0.829,-1.1931,-1.1742,edm,0
1.7062,-1.4242,1.8668,edm,0
0.9486,-2.9044,2.4848,edm,0
1.1022,0.1993,0.0752,rock,0
-1.0019,-1.8669,-0.193,rock,0
0.7814,0.6424,0.4333,rock,0
0.9469,-2.39,0.4422,rock,0
-1.07,-0.7316,-0.3971,rock,0
-0.4837,-0.5094,0.9221,latin,0
0.0639,0.2172,-0.1229,latin,0
1.0692,-1.8078,2.7299,edm,0
0.0536,-0.7007,-0.549,rock,0
0.7301,-1.104,-0.7692,rock,0
2.1907,-0.8587,-1.9561,rock,0
1.0977,0.3994,1.7827,edm,0
1.0172,1.5403,-0.498,rap,0
0.7985,1.3012,-1.299,rap,0
1.2211,1.1663,-0.6761,rap,0
1.7286,0.2124,-2.813,rap,0
0.0258,1.6639,0.3663,rap,0
0.0196,-0.064,-2.1427,rap,0
-0.1925,-1.4747,3.2585,edm,0
-0.5156,0.0039,2.1964,edm,0
0.2974,-0.1213,2.1957,edm,0
-0.2542,-0.3,1.9437,edm,0
0.2711,1.1916,0.5614,edm,0
0.5061,0.2722,2.3532,edm,0
-0.2822,-0.4103,3.7156,edm,0
0.1237,-2.2641,2.04,edm,0
-0.0476,0.4746,3.0947,edm,0
0.1373,0.7091,1.8272,rock,0
-5.869,-0.0883,0.7389,rock,0
0.7042,-0.7413,2.2408,edm,0
0.9273,-1.5565,2.5718,edm,0
1.1229,-1.3547,0.1917,edm,0
1.0862,0.6995,-1.0263,edm,0
-0.7188,-0.8919,2.2314,edm,0
-0.3795,-1.9835,1.841,edm,0
0.7957,0.7917,2.4063,edm,0
1.0385,1.2823,-0.9937,edm,0
0.8295,-0.6294,1.6429,edm,0
1.0189,0.2769,1.8659,edm,0
0.1687,0.9315,1.0527,edm,0
1.1011,-0.3937,-0.8917,edm,0
0.7159,0.0419,2.2826,edm,0
0.2718,-0.9888,3.9141,edm,0
0.6303,1.4092,0.108,edm,0
1.5866,-0.6896,0.9596,edm,0
0.5249,0.9067,0.8702,edm,0
1.268,0.4449,0.7603,edm,0
1.8162,1.5205,0.617,edm,0
1.404,-0.2499,0.1403,edm,0
1.1584,0.6419,1.977,edm,0
0.2118,-1.6342,1.2188,edm,0
0.845,0.2635,-0.6045,edm,0
-0.6818,-1.909,3.1825,edm,0
1.1898,0.2792,1.9324,edm,0
0.0122,-0.2404,2.6365,edm,0
0.4792,-0.0942,0.313,edm,0
1.0052,1.4136,1.5203,edm,0
1.2089,1.0446,0.3859,edm,0
1.0571,-0.217,1.1062,edm,0
1.0026,-0.1173,1.6394,edm,0
-0.0029,0.825,-0.4438,rap,0
0.9989,1.7326,-0.0074,rap,0
0.6936,1.1931,-0.1624,edm,0
0.6025,2.3708,0.1581,edm,0
0.0243,1.4145,-0.5716,edm,0
1.2498,-0.82,-0.8427,edm,0
0.3722,-0.0917,0.6568,edm,0
1.7974,-0.7013,0.0612,edm,0
-1.1805,-1.6877,1.8156,edm,0
1.4291,-1.4264,0.2003,edm,0
0.5573,-1.2871,-0.3015,edm,0
1.2714,-1.7743,-0.6622,edm,0
1.2958,0.0064,-0.2716,edm,0
2.0208,-0.2455,0.0271,edm,0
1.6335,-0.418,-0.2338,edm,0
-1.098,0.8638,-0.0497,edm,0
0.0413,0.3432,0.6421,edm,0
0.3753,-1.0741,0.3034,edm,0
-0.1876,-1.2134,0.1324,edm,0
2.0255,-0.1959,-0.4414,edm,0
0.9264,0.9023,0.839,edm,0
0.0686,-1.1932,2.9899,edm,0
1.6475,-0.0136,0.0288,rap,0
0.3034,-0.0437,-0.0947,rap,0
0.7566,0.399,-0.8516,rap,0
1.5597,-0.0182,1.4722,latin,0
-1.3321,0.4487,1.1452,latin,0
-1.2192,-0.7155,0.8018,latin,0
0.6227,1.0996,-1.0785,latin,0
-0.0011,1.0059,-0.1828,latin,0
-2.1508,0.1748,-0.0445,latin,0
-1.051,0.8976,-0.4678,latin,0
0.389,0.4075,-0.2757,latin,0
-0.1339,1.5963,0.1164,latin,0
0.9681,0.6463,0.0013,latin,0
1.11,0.5607,-1.1906,latin,0
1.3647,-0.8673,-0.3625,edm,0
1.7976,0.3693,0.4245,edm,0
1.4559,-0.6693,-0.9936,edm,0
0.2947,-1.3175,0.2294,edm,0
0.7681,-1.1896,-0.5694,edm,0
1.2069,-0.5625,-0.1414,edm,0
0.3087,-1.4866,-0.9036,edm,0
0.9231,-1.8129,1.3457,edm,0
0.2808,-1.423,-0.0555,edm,0
0.9899,0.8087,-1.6567,edm,0
1.6025,-1.129,0.4129,edm,0
2.1084,-1.6619,-1.9972,rock,0
1.1637,-0.9339,-0.5605,rock,0
-1.7096,-1.0246,0.2505,rock,0
-1.0991,-0.8725,0.2261,rock,0
-0.9943,-1.6278,0.994,rock,0
-1.3149,-1.1034,-0.1964,rock,0
0.2968,-0.4565,1.7188,rock,0
-1.0555,-0.2276,2.9451,latin,0
0.5295,-0.5658,0.0546,edm,0
1.5035,-0.2658,-0.2163,edm,0
0.941,1.8632,-2.0189,rap,0
-0.7539,0.4937,-0.3337,rap,0
0.4727,-0.2036,-2.2288,rap,0
-1.1225,1.0873,-0.4198,rap,0
0.6231,0.3271,-0.4328,rap,0
1.6087,0.499,0.3552,rap,0
-0.2547,-0.0604,-0.5486,rap,0
0.1804,1.562,0.4261,latin,0
-0.4214,1.1553,0.7174,latin,0
-1.4452,2.7847,0.6372,r&b,0
0.8063,-0.6544,4.1348,edm,0
1.1364,0.2576,1.4093,edm,0
-0.126,0.4278,1.4497,latin,0
0.6918,0.9788,-1.7682,latin,0
-0.4083,2.2766,-0.0354,latin,0
-0.2268,2.4117,-0.1977,latin,0
-0.7891,2.7267,-0.199,latin,0
0.2675,1.9607,0.4851,latin,0
-0.2475,1.4704,-0.522,latin,0
1.3009,0.9254,-0.5182,latin,0
-1.4708,1.579,-1.2335,r&b,0
-1.0986,0.2515,1.0661,latin,0
-0.0257,-0.8529,-0.0796,edm,0
-0.5623,0.0239,-0.3041,edm,0
0.2791,1.2653,0.8561,edm,0
-0.3758,-1.3293,-0.4223,edm,0
0.9892,0.7212,-0.0142,edm,0
1.7529,-0.1773,-0.0785,edm,0
-1.1538,0.2049,-0.6151,latin,0
-0.2339,-0.0303,0.0661,latin,0
-0.0128,0.1775,-0.7355,latin,0
-0.7719,0.4185,2.5237,edm,0
-0.293,0.5862,2.1028,edm,0
0.2475,-0.7311,2.2213,edm,0
0.6795,0.9922,-0.2956,rap,0
0.7074,1.8616,-0.2931,rap,0
0.977,1.3383,-1.2712,rap,0
0.565,0.7866,1.5606,rap,0
0.9845,1.2162,-0.2648,rap,0
-0.2384,0.004,1.6101,rap,0
1.4615,1.3705,-1.6019,rap,0
0.3261,0.411,1.5187,latin,0
0.3427,0.6074,0.3339,latin,0
-1.2353,-0.1385,0.797,latin,0
-0.0526,-2.4889,3.7238,edm,0
0.0815,0.247,-0.2533,edm,0
0.2284,-0.0893,1.3892,edm,0
1.1582,-1.1485,0.9023,edm,0
0.9682,-0.8055,-0.1979,pop,0
-0.0733,-0.5897,1.2796,latin,0
-0.0222,-0.4619,0.9821,latin,0
0.4245,0.3282,0.9164,latin,0
0.2009,-0.1459,0.3878,latin,0
-0.6352,0.3086,-0.5221,latin,0
1.0643,-1.2417,0.7995,r&b,0
0.8532,1.3942,-1.1771,r&b,0
0.3444,0.7848,1.8626,latin,0
0.0795,0.7869,-1.419,rap,0
2.0446,0.3924,-1.5415,rap,0
1.3905,-1.8408,0.4463,edm,0
1.0831,-2.466,-0.2626,rock,0
-0.233,1.5439,0.361,rock,0
-0.1794,1.9688,1.4777,latin,0
-1.0605,0.3781,0.257,r&b,0
-1.0205,-0.112,2.6279,edm,0
0.8449,0.4824,1.112,edm,0
-2.026,2.2548,-3.1396,r&b,0
-0.02,1.6415,0.4855,latin,0
0.3162,0.3729,-1.0282,latin,0
0.699,0.6738,-0.2907,latin,0
-1.8974,-2.6916,0.0101,rock,0
-1.6532,-1.92,-1.5096,rock,0
0.4487,0.7473,0.0646,r&b,0
0.4154,-1.387,0.8596,r&b,0
1.6555,-1.0289,0.3657,rock,0
0.0367,-0.1411,-0.4184,latin,0
0.8665,1.5151,0.7786,latin,0
-0.4182,1.2791,0.6419,latin,0
1.4204,1.7029,1.253,latin,0
1.1936,0.574,0.1725,r&b,0
0.8224,-0.372,-0.1942,edm,0
1.4713,-1.2216,-0.3901,rock,0
1.3522,1.6203,-0.5344,r&b,0
0.2373,1.2616,-0.5286,r&b,0
-0.4328,0.4189,0.5013,r&b,0
0.7598,1.4117,-0.9006,r&b,0
0.3139,1.1019,-1.4724,r&b,0
0.7315,0.6932,1.7501,r&b,0
0.8906,1.2673,-0.3726,r&b,0
0.4441,0.246,-0.5423,r&b,0
1.7441,-0.0356,-0.8397,latin,0
-2.5629,-0.7978,-0.1933,rock,0
2.2555,0.1248,-0.7387,edm,0
1.453,-1.1434,-1.5038,edm,0
-0.7993,0.225,0.8692,latin,0
-1.6373,0.7318,-0.1108,latin,0
-3.5945,-0.977,-1.3888,r&b,0
-0.7214,0.8554,1.0542,r&b,0
0.698,-0.12,2.9459,r&b,0
0.6082,0.7866,0.985,r&b,0
1.1123,-2.5011,1.1847,edm,0
2.507,0.8219,-0.1737,pop,0
-2.491,-0.7228,-0.8974,latin,0
-2.0168,0.194,0.3786,latin,0
-0.9946,0.9849,-0.5105,latin,0
0.0688,0.3166,1.0064,latin,0
0.8642,-0.5741,-0.7814,latin,0
0.23,0.1461,-2.0579,latin,0
0.5641,0.9388,0.8315,latin,0
2.1284,0.5269,-0.3543,latin,0
0.6805,1.3309,-0.401,latin,0
1.2243,0.9161,0.9332,latin,0
-0.0113,2.0294,-0.0126,rap,0
-0.2677,-0.1557,0.3255,rap,0
0.7038,-0.7107,-1.219,rap,0
1.3567,-0.3755,-0.0584,rap,0
1.8255,0.1274,-1.2707,rap,0
0.9622,1.3957,-1.0744,rap,0
-0.1784,1.1327,-0.6313,rap,0
1.8891,1.7697,-1.0573,edm,0
-1.2201,1.7494,-0.9921,latin,0
-0.6277,0.4883,0.8373,latin,0
-1.097,2.1263,-1.3882,latin,0
-0.5668,1.0656,0.8871,r&b,0
-4.7335,0.5772,-0.9234,r&b,0
-0.1185,0.4281,1.4145,pop,0
1.1374,0.8324,-0.0755,pop,0
1.9903,0.2906,-0.4325,edm,0
0.2295,-0.3818,0.5518,edm,0
1.8128,-1.3069,-1.4839,edm,0
0.1724,-0.6064,-2.131,r&b,0
0.5035,2.6795,-0.8927,rap,0
1.5043,-0.4264,0.0877,edm,0
2.1277,0.8153,0.5929,pop,0
0.6752,-0.3143,-0.6644,latin,0
0.9253,0.9387,-0.2438,latin,0
1.4544,1.1722,0.1938,latin,0
1.3249,0.823,-2.2992,latin,0
1.0974,0.3391,-0.0066,latin,0
0.67,0.4476,-0.6933,latin,0
1.7174,-0.7989,-0.1531,edm,0
1.594,-0.3998,0.7155,edm,0
1.3578,0.8991,0.9744,edm,0
1.3769,-0.1823,0.9911,edm,0
1.7268,-1.1823,0.1531,edm,0
0.5185,-1.0901,1.8314,edm,0
1.461,-1.6638,0.7757,edm,0
1.0674,-2.1258,-0.263,edm,0
1.7782,-0.2517,0.6307,edm,0
0.2563,-0.8194,-0.215,latin,0
1.6065,-1.4686,-0.2044,rock,0
0.8522,-0.5772,-0.0926,rock,0
-1.9225,-1.1615,-0.9326,r&b,0
0.664,1.1777,-0.2523,pop,0
1.2648,-0.573,0.9348,edm,0
-0.2175,1.0476,-2.1114,rap,0
0.0751,3.2939,-0.6214,rap,0
1.364,1.0098,-2.8871,rap,0
0.4279,1.8398,-0.9716,rap,0
1.2757,0.9492,-1.865,rap,0
1.5061,2.3731,0.5094,rap,0
0.179,0.7505,-0.2861,rap,0
0.6708,2.0685,-0.2403,rap,0
-4.4738,-0.215,-0.3858,r&b,0
-2.3352,-0.5678,0.6481,r&b,0
-0.1763,-0.2783,0.3293,latin,0
-0.7046,1.0301,0.8742,latin,0
1.417,-0.5968,0.0135,edm,0
0.2033,1.6421,1.2059,latin,0
1.0776,-1.5478,1.5757,edm,0
1.5056,-0.4169,0.0833,edm,0
-1.5158,-0.2434,0.9328,r&b,0
-0.3776,-0.6457,-0.694,r&b,0
1.0278,0.692,-1.7043,rap,0
2.1837,-2.7188,0.3588,rock,0
1.7026,-0.0119,-0.8283,rock,0
1.621,-1.035,-0.3425,edm,0
0.7862,-1.921,0.8576,edm,0
2.5605,-0.0693,-0.2115,edm,0
0.5024,-0.1984,0.3762,edm,0
0.5601,-1.8158,0.8905,edm,0
2.2188,-0.4483,-0.0386,edm,0
1.9897,-1.1438,-1.1926,edm,0
1.196,-0.1081,-0.3224,edm,0
0.9801,-0.5118,-0.3311,edm,0
1.3113,-0.8292,-0.7383,r&b,0
0.8809,-1.629,1.0886,edm,0
1.2755,-0.9946,0.8309,edm,0
1.0746,-1.66,1.2754,edm,0
0.7843,-1.0497,1.5581,edm,0
-3.3151,-1.2438,0.0983,r&b,0
-0.3117,1.6774,-1.0244,r&b,0
-0.1493,1.0363,-0.3894,r&b,0
-0.7313,0.5212,0.0833,r&b,0
1.5558,0.3156,-0.4674,edm,0
1.5393,-0.5554,-0.1249,edm,0
1.619,0.5098,0.2345,edm,0
1.4611,-1.6189,-1.3468,edm,0
1.4799,-1.5379,-0.1703,edm,0
0.7303,-1.4766,0.3672,edm,0
2.2914,-0.4258,-1.7521,edm,0
0.855,-1.1685,2.4337,edm,0
1.1785,-0.4603,0.0242,edm,0
1.2677,-2.6141,1.5373,edm,0
0.8184,-1.0434,1.8536,edm,0
-1.0839,-1.3926,2.784,rock,0
0.7076,1.81,0.2248,latin,0
1.585,-1.3002,-0.4419,edm,0
0.8537,1.4317,-0.3887,r&b,0
1.3991,-0.535,-0.0831,r&b,0
-2.3417,1.4312,0.9593,r&b,0
-1.5023,-0.3087,-1.0626,r&b,0
-4.3992,-0.7891,-1.4848,r&b,0
0.5666,-0.0918,-1.1893,rap,0
0.2613,0.5883,0.6521,edm,0
1.8626,-1.1376,0.4341,edm,0
0.6752,-1.464,1.6882,edm,0
0.6763,-2.4111,2.0996,edm,0
1.2708,0.604,0.652,pop,0
1.316,-0.7318,-0.7525,edm,0
0.9515,-0.5562,0.412,edm,0
0.6994,-1.2486,-0.2559,edm,0
0.8377,-0.0722,-0.2494,edm,0
1.5157,-1.6928,-1.2471,edm,0
-1.1527,-0.0868,-0.2416,edm,0
1.7882,-1.304,-0.9593,edm,0
0.8373,-1.2331,0.1749,edm,0
1.3921,-1.303,-0.548,edm,0
0.3171,0.069,0.4519,pop,0
-3.3287,-0.8442,-2.6572,r&b,0
-1.5985,1.189,-2.4619,latin,0
1.5458,1.8404,0.2319,latin,0
-3.0626,-1.122,1.2456,rock,0
-1.0589,-3.2778,1.3022,rock,0
0.3342,-0.3795,0.0735,pop,0
-1.1813,-0.8194,0.2303,pop,0
-3.4855,-1.0049,0.1537,r&b,0
-0.4804,0.0416,-0.3146,rap,0
-0.4799,-0.7567,-1.1821,r&b,0
0.3253,-1.2056,-2.1526,rap,0
-0.4677,-0.3783,-0.9166,rap,0
-1.1009,0.3231,-0.6488,rap,0
0.5317,-0.3035,-1.3985,rap,0
1.4071,-0.2361,-1.0259,edm,0
-1.8056,1.2078,-0.2661,r&b,0
-1.1452,0.5785,0.0311,r&b,0
-1.7591,1.286,0.8872,r&b,0
0.8413,-0.5793,0.2674,pop,0
0.8506,-0.7708,-0.694,pop,0
-0.4624,1.5088,-0.6999,r&b,0
1.7268,-0.6421,-0.7213,edm,0
1.4495,-0.4382,-0.3316,edm,0
1.4337,-1.676,-1.0274,edm,0
-0.5302,1.9766,-1.3144,rap,0
-0.0969,1.0404,-0.8056,rap,0
1.2386,0.254,0.5438,r&b,0
-0.7166,-0.373,-1.1399,r&b,0
-0.8437,2.3026,-0.4294,r&b,0
-1.6412,0.2056,0.0554,pop,0
0.6227,-1.322,-0.3806,pop,0
1.2249,-0.097,0.7658,pop,0
0.9546,-0.9696,3.3428,latin,0
0.6106,0.4465,1.7114,latin,0
1.0607,-1.1393,-0.2862,pop,0
1.0217,-0.1983,-0.3967,pop,0
1.6189,-0.9816,2.5709,latin,0
1.2828,-0.4983,2.7648,latin,0
0.7172,-0.3055,1.4839,edm,0
0.9692,-1.0721,0.5942,edm,0
1.5494,-1.2987,-1.4528,edm,0
0.7553,-1.1216,1.2067,latin,0
1.3693,-0.0168,2.4177,latin,0
2.1427,0.7136,-0.117,latin,0
1.7928,-1.4233,1.2102,latin,0
2.1305,0.7354,-0.3882,latin,0
2.4769,-1.2428,1.1451,latin,0
2.1387,0.0506,1.7509,latin,0
0.4304,0.7996,-0.5772,r&b,0
1.3139,1.6209,1.2336,latin,0
-0.4848,-0.8746,-2.1361,rap,0
1.4274,0.3591,0.2672,rap,0
0.2771,2.4314,0.9422,rap,0
0.8173,-0.2195,-0.8376,rap,0
1.2891,2.7662,-1.8362,rap,0
1.39,0.8153,2.5074,latin,0
1.6471,-1.1527,3.1893,latin,0
1.1677,-0.6582,2.9656,latin,0
0.8153,-1.7042,3.0041,latin,0
2.0555,0.3634,1.3167,latin,0
1.6111,-0.0322,2.4876,latin,0
0.1839,-0.2979,2.4392,edm,0
1.8831,0.8355,0.5358,edm,0
0.5246,0.2066,0.1889,pop,0
1.1945,2.169,0.2026,latin,0
-1.0288,-0.0192,1.4682,pop,0
1.6519,-0.0775,2.2857,edm,0
-0.9109,-0.6618,1.9341,edm,0
-0.9731,-1.7615,0.6156,edm,0
1.318,-1.2637,0.8166,edm,0
0.3924,-2.972,2.6116,edm,0
1.8519,-0.6734,-0.5362,edm,0
0.8657,0.3458,2.3837,edm,0
1.0479,0.0304,1.7647,edm,0
1.8027,0.064,0.9744,latin,0
1.3541,-0.0894,0.8151,pop,0
-2.5984,-0.0201,-0.9483,r&b,0
-0.6246,0.2949,0.1593,r&b,0
-0.6655,0.8976,0.473,r&b,0
1.9818,-3.0128,-0.8219,edm,0
1.4762,-1.0715,1.4751,edm,0
2.0638,-1.1136,0.8635,edm,0
0.8832,-0.2025,2.818,edm,0
-1.0231,1.4758,1.3981,r&b,0
-1.5701,0.7501,0.4842,r&b,0
-0.0773,2.0967,0.4424,r&b,0
-0.8535,-0.2731,-0.8329,r&b,0
0.4132,-0.7761,-0.6033,r&b,0
-0.8998,0.3244,0.3779,pop,0
0.9059,-3.2596,0.2291,rock,0
0.0662,-2.1026,-0.7997,pop,0
0.7055,-0.4836,0.308,pop,0
1.1491,-2.6542,-1.6336,rock,0
0.1873,-2.0679,-0.4981,rock,0
1.3313,-4.4865,-1.7494,rock,0
0.944,-2.9128,-0.2176,rock,0
0.1247,-1.148,-0.4222,rock,0
-2.1396,-1.9832,-2.5297,rock,0
0.17,-0.8631,1.1011,edm,0
1.1076,0.1179,0.6722,edm,0
0.9301,-1.3997,0.9456,edm,0
1.16,-0.67,1.8215,edm,0
0.7815,-2.0615,2.0354,edm,0
1.1087,-1.8554,1.1669,edm,0
0.2336,1.936,0.6168,latin,0
1.4873,0.1796,-0.4965,rap,0
1.2959,0.8278,0.3441,rap,0
-0.3404,-1.0575,-0.1335,latin,0
0.3519,-1.3281,1.8351,edm,0
0.7498,-0.7634,0.5199,edm,0
0.2115,-3.2256,-0.4823,rock,0
-1.2998,-4.1353,-1.35,rock,0
0.7471,-3.8602,0.2338,rock,0
-0.8402,1.2486,-0.4021,r&b,0
-1.2806,0.0776,-1.2169,r&b,0
0.9805,-0.4717,1.7265,pop,0
0.3866,-1.3814,0.3206,pop,0
0.363,-0.8474,-0.8067,rock,0
1.3494,-1.0031,3.3548,edm,0
2.1671,-0.761,-0.1067,edm,0
1.7039,-0.5867,-0.011,edm,0
1.7617,-0.0964,1.4107,edm,0
1.4217,0.7667,1.1075,rock,0
1.8406,1.0898,-0.6385,rock,0
1.0724,-0.7179,0.4327,rock,0
0.5113,-0.7406,2.725,rock,0
-0.6066,0.7097,0.5055,latin,0
-0.7488,1.0777,0.9832,pop,0
-0.234,-0.9454,1.0071,pop,0
-0.2468,-1.8292,2.6035,pop,0
-0.2933,1.0383,0.671,pop,0
0.4994,0.8527,-0.0359,latin,0
-1.5797,0.6823,-1.2032,r&b,0
-2.4545,-0.1225,-0.5133,r&b,0
-1.467,1.3947,0.471,r&b,0
-0.8413,1.3181,-1.3062,r&b,0
0.9809,3.0209,0.1168,rap,0
0.6777,0.4312,-1.2786,rap,0
-0.562,1.6453,-1.6374,rap,0
1.2536,-0.252,-1.7721,rap,0
1.1751,0.79,0.3447,latin,0
2.074,-0.1019,0.3411,latin,0
-0.8236,1.1554,-0.5731,rock,0
-0.3574,0.9254,1.6399,rock,0
-1.6746,-1.2763,-0.079,pop,0
-2.0655,-1.691,-0.3685,pop,0
-0.5527,-0.4169,0.2625,pop,0
0.9715,-0.069,0.74,pop,0
0.6802,0.682,0.5803,rock,0
1.5176,-0.045,0.2874,pop,0
2.2328,-1.5359,-1.9941,edm,0
1.3767,-0.2202,-0.8527,rock,0
1.3161,-0.0508,0.5555,pop,0
-2.076,1.2659,-0.5886,r&b,0
-0.1029,-1.5131,0.2847,r&b,0
-1.5461,-0.769,-0.7744,r&b,0
-0.4817,0.3369,1.3297,r&b,0
-2.4226,0.0785,-0.4236,r&b,0
-2.395,0.4738,1.5338,r&b,0
0.426,-0.5859,0.9819,pop,0
-0.8396,-0.9805,0.4744,pop,0
1.442,1.4589,1.0901,latin,0
0.8231,0.4847,0.2997,pop,0
1.3691,0.5092,0.0003,rap,0
0.2479,0.8711,-0.1155,rock,0
0.8554,0.4985,0.3919,latin,0
1.8776,0.2162,-0.4626,latin,0
0.0078,2.2109,1.096,latin,0
-3.0595,-1.2513,-0.6553,r&b,0
-3.6968,0.311,-1.1872,r&b,0
1.4904,0.4613,0.595,pop,0
0.4763,-0.8384,0.3489,pop,0
0.6734,-0.7524,0.4466,pop,0
-1.8849,-0.7371,1.4683,pop,0
-0.6523,-0.4124,0.1623,pop,0
-0.2297,0.4945,1.9019,r&b,0
-0.5827,-1.1566,-0.2337,rock,0
-1.51,-1.278,0.3356,pop,0
-2.2121,-1.5877,-1.5848,pop,0
-0.4951,1.7358,-1.5137,rap,0
-0.4545,0.3642,-0.895,latin,0
-0.9593,0.3017,0.1405,rock,0
0.8285,-0.8345,-0.9737,rock,0
-2.4003,1.0315,0.4299,rock,0
1.3649,0.2845,-0.3607,pop,0
-0.7751,-2.0999,-2.008,rock,0
-3.0796,0.7089,0.1074,rock,0
-0.277,-0.0971,0.4458,pop,0
0.1257,1.7683,-3.5164,rap,0
0.0871,1.1137,-0.8098,rap,0
2.1946,0.0435,-0.5112,rap,0
-0.1028,-0.2226,-0.8265,r&b,0
1.3299,0.9299,0.2197,r&b,0
1.8951,0.7005,1.0324,pop,0
0.7485,0.6699,-0.0397,pop,0
1.0079,0.5214,-0.0569,pop,0
1.3028,0.5282,0.593,pop,0
-1.6792,0.2969,-0.0565,latin,0
-1.2991,-0.6138,0.2387,pop,0
-2.4126,-0.7661,-0.0759,pop,0
-2.8479,-2.5514,0.4984,pop,0
0.901,0.5251,-0.3751,pop,0
0.2773,-0.8164,-0.0843,pop,0
-0.8002,-2.0329,3.4799,edm,0
0.7396,-0.9803,1.5641,pop,0
-0.0379,-0.9926,0.2698,pop,0
0.3132,-0.4944,0.3281,rap,0
0.7937,-0.5662,-1.4224,rap,0
1.2365,-0.7631,-0.7529,rap,0
0.3415,-0.5803,1.9775,rap,0
1.0999,0.488,-1.8059,edm,0
0.3607,0.1169,-0.2651,pop,0
-0.2796,1.4063,1.392,r&b,0
-2.682,0.756,-0.2839,r&b,0
0.8598,0.6054,0.4829,pop,0
0.5683,-0.1212,-0.9919,r&b,0
-5.5003,0.6276,0.3555,r&b,0
-0.385,1.0183,1.0208,r&b,0
0.9935,0.2479,0.8141,pop,0
-0.1004,-1.4104,-0.8183,latin,0
-0.2483,1.1515,0.8767,latin,0
1.6396,-0.8993,0.6032,latin,0
1.458,0.5831,1.1688,latin,0
0.2231,-0.3817,0.0615,pop,0
-0.26,-1.8825,1.9882,rap,0
1.0338,-2.3032,-0.2195,rap,0
1.903,0.2612,-2.2123,rap,0
0.8733,1.186,-0.1782,rap,0
0.5124,0.706,-1.2592,rap,0
0.1912,0.0713,0.096,rap,0
-0.1371,-0.7513,-0.0567,rap,0
0.4642,1.9716,1.4044,rap,0
0.8911,1.7915,-3.3461,rap,0
1.879,-1.288,-0.6486,pop,0
-0.0927,-0.2519,-0.1512,latin,0
0.0599,-1.4269,0.2591,latin,0
1.2943,-0.504,-0.0365,latin,0
-0.8055,-0.5285,0.4655,latin,0
1.1577,-0.9353,0.0025,edm,0
1.3858,-0.8799,0.0187,pop,0
-0.3379,-1.0687,-0.2036,pop,0
-5.4653,-1.9546,-0.9164,pop,0
-2.6315,-1.0606,-1.0843,pop,0
-0.8021,-0.3039,0.5503,pop,0
-1.1167,-3.142,-1.592,pop,0
-1.1289,-2.843,-1.3967,pop,0
-2.7356,-1.506,-0.4539,r&b,0
-0.3937,1.1573,-0.2312,latin,0
-1.3516,-2.5603,-1.3122,r&b,0
-0.9232,-0.9056,0.8714,r&b,0
-0.6922,-1.0537,-0.8275,r&b,0
-1.2236,1.3034,-1.0251,r&b,0
0.2912,1.1639,-1.1652,rap,0
1.1106,1.7551,1.0364,rap,0
1.1183,0.9371,-0.0924,rap,0
0.6601,0.9011,-0.31,rap,0
1.8531,-0.8207,-3.7514,rap,0
1.3078,0.9328,-0.4899,latin,0
-0.7863,-1.6982,2.8347,rock,0
-3.4279,-0.207,1.2198,rock,0
-6.2217,-2.482,0.8626,rock,0
-1.1022,-1.2073,1.0532,rock,0
-1.0203,-0.4816,2.0187,rock,0
-0.9974,-1.1452,0.55,pop,0
-0.3205,-0.0085,1.2317,latin,0
-1.5859,-1.6502,-1.274,r&b,0
-2.7587,-1.169,-1.5811,r&b,0
-4.2177,-0.9751,-1.6581,r&b,0
0.5103,0.1678,0.3323,rap,0
1.1795,-1.2613,-1.5055,rap,0
0.3757,-0.5824,-0.0049,rap,0
0.9213,-1.2566,-1.3161,rap,0
0.6366,-1.477,0.8801,rap,0
0.8629,-1.0133,-0.7204,rap,0
1.0623,0.1767,0.0484,pop,0
1.8403,-0.6269,-1.7347,pop,0
-3.1035,-2.2385,-0.6048,pop,0
-0.8358,-0.0304,-0.8027,pop,0
0.2362,0.984,0.6508,latin,0
-1.255,1.5757,-0.151,latin,0
-3.451,0.6361,-0.3586,pop,0
-0.2448,0.7654,1.1869,pop,0
0.2174,-0.6585,0.283,latin,0
0.8805,0.9847,1.2676,latin,0
-2.1669,-1.118,2.6113,rock,0
0.9549,-3.0849,3.5021,edm,0
-1.6002,-2.0201,3.8833,edm,0
0.0723,-3.1789,3.259,edm,0
-0.0482,-2.7015,3.1856,edm,0
-0.574,-2.8441,4.0299,edm,0
1.5699,2.0762,0.1474,rap,0
0.5866,0.811,0.6888,pop,0
-2.5344,-1.5688,-1.3154,pop,0
-3.6466,-1.316,-0.8004,pop,0
-4.3226,-2.0884,-1.3895,pop,0
0.6249,-0.8986,-0.3019,pop,0
-3.4641,-0.8196,-0.4199,latin,0
1.9331,0.5441,0.3027,rap,0
1.0071,1.017,-0.2459,rap,0
-1.1714,-0.3041,-1.3011,rap,0
0.4078,0.4569,-0.2777,rap,0
0.2399,-0.6826,-2.2516,rap,0
1.2833,0.8714,-0.1912,rap,0
0.195,-0.3793,3.1116,latin,0
-0.3952,0.0331,1.2016,latin,0
-1.2313,-1.5712,4.5657,latin,0
-0.0432,0.3836,1.1201,latin,0
0.0206,-0.7471,0.5643,latin,0
0.9563,-0.2814,-0.7813,pop,0
-0.8826,-0.0101,0.8224,latin,0
-0.3645,-0.6803,-0.0599,pop,0
-0.3683,1.0846,0.4427,pop,0
0.3643,0.123,0.3142,pop,0
1.3488,-2.7388,2.7892,edm,0
-0.2547,-2.4173,3.9131,edm,0
1.0347,0.18,-0.638,rap,0
-0.2618,0.0376,0.8952,rock,0
-1.7589,-2.2217,1.3213,rock,0
-1.6156,-0.2941,2.453,rock,0
-0.6378,-0.9725,1.8794,rock,0
-3.9453,-2.5337,-0.8853,rock,0
-0.7221,-0.8924,2.8668,rock,0
-2.449,-0.3268,2.1226,rock,0
-4.1627,-1.4037,1.5721,rock,0
-0.4981,-0.9228,1.856,rock,0
0.9457,-0.6925,-0.4541,r&b,0
-0.201,-1.5736,-0.1939,r&b,0
-2.9548,0.0031,2.0477,rock,0
-0.247,-2.9694,3.9003,edm,0
0.115,-0.3956,3.7597,edm,0
2.1027,0.2646,-1.9123,rap,0
-0.6068,0.7154,-1.2692,rap,0
0.8616,-0.233,-1.2522,rap,0
-0.8461,0.4628,-3.3735,rap,0
1.4731,1.9188,-1.4244,rap,0
1.7962,0.0737,0.3047,latin,0
1.1048,-0.6438,1.0602,latin,0
-2.4494,-2.77,1.6496,rock,0
-2.6506,-2.9267,-0.2598,rock,0
-1.7126,-0.8759,0.3053,rock,0
1.3907,-0.1564,0.6789,latin,0
-1.692,-4.1511,1.4708,rock,0
-1.0047,-3.9266,2.4644,rock,0
0.0479,-1.8739,1.2819,rock,0
0.5658,-0.3309,1.2313,latin,0
1.6319,-1.7757,-1.0727,latin,0
1.1789,0.0551,0.6822,latin,0
0.3947,1.1152,1.3078,latin,0
-3.3471,-1.7921,0.5754,rock,0
1.0818,-2.1366,0.984,rock,0
-1.5843,-3.1155,1.4797,rock,0
-4.1072,-1.5809,-2.2225,pop,0
1.9922,-0.7016,0.388,latin,0
1.1759,-1.7577,0.4954,latin,0
0.6419,0.702,0.1948,latin,0
-1.7375,-0.4331,-0.3825,r&b,0
0.6207,0.5717,0.1926,rap,0
0.7701,-1.123,-0.6591,latin,0
-1.2081,-2.7887,3.8273,edm,0
-0.9473,0.0471,0.3166,pop,0
1.7525,-0.1908,-0.0905,pop,0
-2.1709,-0.9744,-2.3518,r&b,0
-3.4524,0.0684,-1.1053,r&b,0
2.1304,-0.0773,0.3428,pop,0
-0.1092,-3.8038,1.1295,rock,0
-2.6789,-2.461,2.4797,rock,0
-1.6971,0.2651,1.6376,rock,0
1.7789,-2.7727,0.1306,rock,0
-3.0776,-4.0993,2.6179,rock,0
1.3479,-1.7939,-2.4435,rock,0
-0.3269,-1.8531,0.2724,rock,0
1.6337,-0.8723,-2.5676,rock,0
1.4105,-0.4281,-2.122,rock,0
0.6543,-0.0201,-1.5511,rock,0
0.5291,0.6027,-0.7499,rap,0
-3.6279,-0.0204,-0.1602,r&b,0
-0.1968,-0.6805,2.4817,rock,0
0.3541,-0.5497,1.1586,rock,0
-1.5198,-1.0218,2.7192,rock,0
0.9354,-1.0687,1.8309,rock,0
-0.3527,-0.9487,0.4309,rock,0
0.9692,-0.5498,0.6416,rock,0
0.5343,-0.9388,2.008,rock,0
-0.4776,-0.9033,2.2636,rock,0
2.3163,-3.2422,-2.9292,rock,0
1.3494,-0.6428,-0.4273,rock,0
0.256,-1.8193,-1.8533,rock,0
0.2704,-1.5255,-1.8183,rock,0
-0.9437,-1.0711,-1.8716,rock,0
-0.9203,0.4791,-0.172,rap,0
-0.4161,1.3661,0.6391,rap,0
-1.1584,1.6951,0.79,rap,0
0.5138,2.9363,0.9594,rap,0
0.4069,0.9917,0.7449,rap,0
0.2289,1.012,-0.3703,rap,0
0.6055,-0.3107,0.9411,edm,0
-3.4102,0.2799,0.9373,rock,0
-2.5114,-0.6725,0.9513,rock,0
-2.6489,-4.1196,1.2932,rock,0
0.0053,-3.3608,0.6662,rock,0
0.6053,-0.8164,0.1736,pop,0
0.8663,0.6529,-0.1146,rap,0
0.7639,1.156,1.8814,rap,0
-0.843,-2.1859,0.4229,rock,0
-2.061,-3.3721,-2.1465,pop,0
0.5796,-0.9454,-0.7727,pop,0
1.1352,-1.3684,-1.6162,rock,0
1.0321,-1.4183,-2.5391,rock,0
1.2417,-0.5001,-1.4693,rock,0
0.0368,0.3408,-0.8387,rock,0
1.1595,-3.2484,-0.0393,rock,0
0.4122,-0.7071,-0.7347,rock,0
0.4738,-2.2041,-1.5825,rock,0
1.2844,-1.3192,-2.2507,rap,0
1.8173,0.5067,-0.2505,edm,0
-1.6531,-0.5088,-0.796,pop,0
0.1437,0.6818,0.5871,edm,0
-0.4619,-0.307,0.3292,pop,0
-1.844,0.0769,0.0768,rock,0
0.9051,-0.6204,1.0868,rock,0
0.0773,0.2518,0.8451,rock,0
0.174,-0.8301,0.1483,pop,0
-0.7406,0.1584,1.4571,rock,0
-3.374,0.0835,0.2452,rock,0
-0.4119,1.4132,1.047,pop,0
1.4567,-1.3806,-1.7072,rock,0
1.487,-2.3498,-2.1764,rock,0
1.8843,-2.4907,-3.6161,rock,0
0.5626,-0.4467,0.6215,r&b,0
0.4935,2.3323,0.3039,r&b,0
0.2302,0.7825,-0.9215,r&b,0
-0.1313,0.8436,-0.1544,r&b,0
-2.2296,1.1327,-0.0516,r&b,0
1.1156,-0.8431,0.36,pop,0
1.1687,-0.4915,0.3864,edm,0
1.0514,-0.4021,0.1699,edm,0
2.2561,0.7715,-0.0182,edm,0
1.7193,-0.0025,-0.1162,edm,0
-0.898,-0.7542,-0.9069,rap,0
1.7278,-1.8558,-0.2732,edm,0
-1.7244,-0.0825,-1.8065,rap,0
