track_id,title,artist_id,artist_name,album_id,album_title,release_date,duration_sec,bpm,gain,rank,explicit_lyrics,explicit_content_lyrics,track_position,disk_number,source_genre
3818963601,Dracula (with JENNIE),134790,Tame Impala,910510411,Dracula (with JENNIE),2026-02-06,209,0,-6.6,982905,True,1,1,1,All
3895241341,Boston,181157207,STELLA LEFTY,937796461,Boston,2026-03-27,170,0,-9.8,873262,False,0,1,1,All
3602074142,Choosin' Texas,14867123,Ella Langley,837881302,Choosin' Texas,2025-10-17,232,0,-8.3,978085,False,0,1,1,All
3834003271,Be Her,14867123,Ella Langley,915466851,Be Her,2026-02-13,217,0,-8.4,791329,False,0,1,1,All
4058916481,"I Knew It, I Knew You (From ""Toy Story 5"")",12246,Taylor Swift,996462431,"I Knew It, I Knew You (From ""Toy Story 5"")",2026-06-05,178,0,-10.8,900423,False,0,1,1,All
4022917771,Janice STFU,246791,Drake,983236081,ICEMAN,2026-05-15,237,0,-10.6,950305,True,1,4,1,All
4045817471,hate that i made you love me,1562681,Ariana Grande,991609961,hate that i made you love me,2026-05-29,198,0,-8.7,999011,False,0,1,1,All
2758844701,Stargazing,12641355,Myles Smith,575655361,Stargazing,2024-05-10,172,0,-7.2,908118,False,0,1,1,All
3503857201,Man I Need,75659582,Olivia Dean,803181741,Man I Need,2025-08-15,184,0,-8.7,991622,False,0,1,1,All
3838327301,Be By You,9626504,Luke Combs,917051721,Be By You,2026-05-22,197,0,-10.2,732441,False,0,1,1,All
69505566,Should I Stay or Should I Go (Remastered),2,The Clash,6812630,Hits Back,2013-08-26,186,113.3,-10.9,637189,False,0,23,1,All
3562948071,So Easy (To Fall In Love),75659582,Olivia Dean,823933891,The Art of Loving,2025-09-26,169,0,-8.6,989620,False,0,5,1,All
3726350952,Sleepless in a Hotel Room,9626504,Luke Combs,880601952,Sleepless in a Hotel Room,2026-01-07,177,0,-9.9,667675,False,0,1,1,All
4020643591,Something To Lose,181157207,STELLA LEFTY,982409841,Is This Heaven?,2026-05-15,175,0,-9.3,569067,False,0,1,1,All
3965376601,drop dead,11152580,Olivia Rodrigo,963061451,drop dead,2026-04-17,225,0,-8.1,976771,False,0,1,1,All
3978161521,I Can't Love You Anymore,14867123,Ella Langley,967348681,I Can't Love You Anymore,2026-04-24,228,0,-7.7,712434,False,0,1,1,All
3904211281,Loving Life Again,14867123,Ella Langley,941086691,Loving Life Again,2026-03-20,226,0,-8.7,611935,False,0,1,1,All
3401554271,Midnight Sun,4331004,Zara Larsson,768153511,Midnight Sun,2025-06-13,189,0,-7.5,972286,False,0,1,1,All
3345513301,Burning Blue,70986422,Mariah The Scientist,749591281,Burning Blue,2025-05-02,205,0,-8.3,666321,False,0,1,1,All
15586246,Dancing In the Dark,4762,Bruce Springsteen,1440805,Born In The U.S.A.,1984-06-04,241,148.7,-9.4,833702,False,0,11,1,All
92720048,You Shook Me All Night Long,115,AC/DC,9410100,Back In Black,1980-07-25,208,129.2,-9,872302,False,0,7,1,All
3991431871,Mexico Honey,399990,Kacey Musgraves,971813221,Middle of Nowhere,2026-05-01,223,0,-8.5,720480,True,1,12,1,All
4183390782,High Desert Halo,283174711,Ember Moat,1040633262,High Desert Halo,2026-08-28,264,0,-8.2,209863,False,2,1,1,All
366916761,Semi-Charmed Life,2473,Third Eye Blind,42278591,Third Eye Blind (20th Anniversary Edition),2017-06-09,268,102.1,-10.3,499092,False,6,3,1,All
3968924241,I Know I Know,181157207,STELLA LEFTY,964053301,I Know I Know,2026-05-01,159,0,-9.1,665886,False,0,1,1,All
4203392972,Jaded,10796312,Koe Wetzel,1046393742,Jaded,2026-08-07,185,0,-7.1,627168,False,0,1,1,All
4015341011,Dai Dai,160,Shakira,980745831,Dai Dai,2026-05-14,223,0,-9.8,990618,False,0,1,1,All
4208857702,Summer You Were Mine,181157207,STELLA LEFTY,1048236912,Long Way Home,2026-08-21,187,0,-9.9,525029,False,0,12,1,All
3848530521,Self Aware,370177892,Temper City,920694801,Self Aware,2026-02-15,181,0,-5.8,981001,False,0,1,1,All
3906722231,Kingdom of Fear,115331762,Cameron Whitcomb,941912121,Kingdom of Fear,2026-03-27,161,0,-7.9,797792,False,0,1,1,All
4167204822,Been By Now,7188840,Morgan Wallen,1034275572,Been By Now,2026-07-24,213,0,-7.9,688340,False,0,1,1,All
3412534581,Golden,330311461,HUNTR/X,771853201,KPop Demon Hunters (Soundtrack from the Netflix Film),2025-06-20,192,0,-7.4,979012,False,0,4,1,All
3319945671,Hate How You Look,381818171,Josh Ross,740869591,Hate How You Look,2025-04-18,194,0,-7,560077,False,0,1,1,All
3884901601,Woman,827425,Kane Brown,933879421,Woman,2026-03-13,166,0,-7.2,615041,False,0,1,1,All
3092229871,Better Me For You (Brown Eyes),209730607,Max McNown,670209551,Night Diving,2025-01-24,194,0,-8.3,630834,False,0,2,1,All
775757002,Interstate Love Song (2019 Remaster),4435,Stone Temple Pilots,114947572,Purple (Super Deluxe Edition) (2019 Remaster),2019-10-18,194,0,-10.2,420500,False,6,4,1,All
4202541942,Want For Nothing,115331762,Cameron Whitcomb,1046224412,The Hard Way (Complete Edition),2026-07-31,167,0,-8.3,574375,False,6,1,1,All
2461123655,Hell N Back (feat. Summer Walker),15056,Bakar,489849155,Halo,2023-09-21,195,0,-9.5,735632,True,1,11,1,All
3366677031,Don't We,7188840,Morgan Wallen,756669041,I’m The Problem,2025-05-16,191,0,-6.9,561609,False,0,20,1,All
4049283551,"Phone, Keys, Wallet",6303698,Lainey Wilson,992806021,"Phone, Keys, Wallet",2026-06-04,172,0,-7.2,585274,False,0,1,1,All
3612077412,Beautiful Things,122856502,Megan Moroney,841385662,Beautiful Things,2025-10-24,235,0,-8.9,536155,False,0,1,1,All
3850104131,Wedding Dress,122856502,Megan Moroney,921291051,Cloud 9,2026-02-20,231,0,-8.9,627795,False,0,9,1,All
4057986201,Cowgirl,6853437,Shaboozey,996123261,Cowgirl,2026-06-05,175,0,-6.8,671165,True,1,1,1,All
3473545611,Chevy Silverado,121545492,Bailey Zimmerman,792617891,Chevy Silverado,2025-08-01,221,0,-8.8,488362,False,0,1,1,All
3961427991,Carry On,347,Kenny Chesney,961796661,Carry On,2026-05-08,180,0,-8.1,638430,False,0,1,1,All
3697436932,Kid Myself,511732,John Morgan,870709212,Kid Myself,2026-01-28,209,0,-8.2,535521,False,0,1,1,All
69962765,Rock the Casbah (Remastered),2,The Clash,6861104,Combat Rock (Remastered),1982-05-17,223,129.6,-11,753754,False,0,4,1,All
3056032231,Good News,6853437,Shaboozey,660170121,Good News,2024-11-15,199,0,0,706393,False,0,1,1,All
3792429142,McArthur,405567,HARDY,903310122,McArthur,2026-01-30,231,0,-10.8,554638,False,0,1,1,All
2658723742,TEXAS HOLD 'EM,145,Beyoncé,546733702,TEXAS HOLD 'EM,2024-02-11,233,0,-8.4,898042,True,1,1,1,All
3765666312,butterflies.,7397124,Brent Faiyaz,894459272,Icon,2026-02-13,248,0,-10.6,739065,False,0,4,1,All
3349000101,All My Exes,1218821,Lauren Alaina,750675371,All My Exes,2025-05-09,173,0,-8.7,469933,False,0,1,1,All
3471224101,12 to 12,145468192,sombr,791892231,12 to 12,2025-07-24,242,0,-5.7,959353,False,0,1,1,All
4039612441,Think As You Drunk,4893551,Riley Green,989245831,Think As You Drunk,2026-05-28,227,0,-8,497526,False,0,1,1,All
2729273551,A Bar Song (Tipsy),6853437,Shaboozey,566698421,A Bar Song (Tipsy),2024-04-12,171,0,-8.1,893881,True,1,1,1,All
2397171765,Edge of the Earth,468748,The Beaches,472604565,Blame My Ex,2023-09-15,160,0,-7.7,801161,False,0,8,1,All
3911920921,Country And She Knows It,242132,Luke Bryan,943732841,Country And She Knows It,2026-03-27,174,0,-7.6,615668,False,0,1,1,All
4057812661,First Born Daughter,209730607,Max McNown,996061841,First Born Daughter,2026-06-12,225,0,-6.2,488490,False,0,1,1,All
2069073587,I Wanna Dance with Somebody (Who Loves Me),174,Whitney Houston,386468787,"I Wanna Dance With Somebody (The Movie: Whitney New, Classic and Reimagined)",2022-12-16,293,0,-12.6,209967,False,0,19,1,All
13144323,Before He Cheats,4388,Carrie Underwood,1206113,Some Hearts,2005-11-14,200,148.2,-8.2,486565,False,0,7,1,All
3763687462,iloveitiloveitiloveit,338703121,Bella Kay,893724362,iloveitiloveitiloveit,2026-01-11,183,0,-8.7,811048,True,1,1,1,All
3602329332,Loser,134790,Tame Impala,837961612,Deadbeat,2025-10-17,223,0,-7.3,973111,True,1,4,1,All
3774632592,"Ride, Ride, Ride",8297772,George Birge,897598942,"Ride, Ride, Ride",2026-02-06,200,0,-6.2,435026,False,0,1,1,All
3856038511,Don’t Tell On Me,7830,Jason Aldean,923166921,Don't Tell On Me,2026-02-27,184,0,-7.1,548510,False,0,1,1,All
3574923291,Days Like These,9626504,Luke Combs,828158441,The Prequel,2025-10-03,221,0,-11.5,468161,False,0,3,1,All
3537727781,Move On,8703826,Kevin Powers,814972261,Move On,2025-09-19,191,0,-6.6,542658,False,0,1,1,All
3784724892,Talk To You (ft. 54 Ultra),8948922,ANOTR,901075412,Talk To You (ft. 54 Ultra),2026-03-06,191,0,-7.7,968286,False,0,1,1,All
3366676861,What I Want,7188840,Morgan Wallen,756669041,I’m The Problem,2025-05-16,184,0,-7.9,714849,False,0,4,1,All
14932098,Lonely Boy,2483,The Black Keys,1376944,El Camino,2011-12-02,193,168.1,-10.8,798097,False,6,1,1,All
4252072061,Boots (feat. Shania Twain),827425,Kane Brown,1065328191,Boots (feat. Shania Twain),2026-09-04,193,0,-7.7,510049,False,0,1,1,All
1246285062,Drunk (And I Don't Wanna Go Home),1709730,Elle King,208136392,Drunk (And I Don't Wanna Go Home),2021-02-26,246,0,-7.2,440333,False,0,1,1,All
97098410,Jump (2015 Remaster),1168,Van Halen,9884672,1984 (Remastered),1984-01-04,241,129.6,-9.5,859713,False,6,2,1,All
2801558052,BIRDS OF A FEATHER,9635624,Billie Eilish,586786102,HIT ME HARD AND SOFT,2024-05-17,210,0,-9.5,963029,False,0,4,1,All
3371384741,Painted You Pretty,261498901,Hudson Westbrook,758172201,Texas Forever,2025-07-25,191,0,-8.8,434676,False,0,3,1,All
3422854111,Last One To Know,142015752,Gavin Adcock,775376971,Last One To Know,2025-06-27,177,0,-8.4,476534,False,0,1,1,All
3812467942,Get To Drinkin',200995177,Zach John King,908162372,Get To Drinkin',2026-02-06,168,0,-6.8,393210,False,0,1,1,All
3763842212,I Just Might,429675,Bruno Mars,893791002,I Just Might,2026-01-09,212,0,-10.4,962390,False,6,1,1,All
1728846537,Whiskey On You,67218672,Nate Smith,312992237,Whiskey On You,2022-05-06,183,0,-7.6,531956,False,0,1,1,All
2759124521,Juna,11573699,Clairo,575769721,Charm,2024-07-12,195,0,-8.8,702941,False,0,7,1,All
3023998591,Moonlit Floor (Kiss Me),145068682,LISA,650201021,Moonlit Floor (Kiss Me),2024-10-03,156,0,-6.5,664760,False,0,1,1,All
3982033951,What’s A Little Rain,375708101,ERNEST,968463651,Deep Blue,2026-05-01,217,0,-8.1,184408,False,0,3,1,All
2687182182,What He'll Never Have,1996541,Dylan Scott,555417152,Livin' My Best Life (Still),2024-03-29,153,0,-7.2,508499,False,0,2,1,All
3919196631,Holly!,10100048,The Band Camino,946550941,NeverAlways (Vol. 2),2026-05-22,190,0,-6.7,213076,False,6,1,1,All
856124,Your Love,7743,The Outfield,97722,Super Hits,1998-07-03,222,129.6,-10.5,876651,False,0,5,1,All
3210709941,Ordinary,541784,Alex Warren,705691371,Ordinary,2025-02-07,186,0,-6.8,990241,False,6,1,1,All
3945147781,Bottom Of Your Boots,14867123,Ella Langley,955625971,Dandelion,2026-04-10,199,0,-7.8,610922,False,0,9,1,All
69924599,London Calling (Remastered),2,The Clash,6856704,London Calling (Remastered),1979-12-14,199,133.8,-10.5,810439,False,0,1,1,All
341024791,Everywhere (2017 Remaster),169,Fleetwood Mac,38692011,Tango In the Night (Deluxe Edition),2017-02-24,226,114.84,-13.3,406849,False,6,3,1,All
538660022,Livin' On A Prayer,637,Bon Jovi,70200002,Slippery When Wet,2018-08-08,249,122.32,-8,933844,False,0,3,1,All
3456198271,Shapeshifting on a Saturday Night,125694832,Avery Cochrane,786779991,Shapeshifting on a Saturday Night,2025-08-08,205,0,-7.6,492900,False,0,1,1,All
4146362322,Pillow Fight,345052,Tinashe,1026129572,Popstar,2026-09-25,141,0,-9.1,503805,False,0,9,1,All
3726694742,What If We Don't,1389877,Ashley McBryde,880709942,What If We Don't,2026-01-23,186,0,-6.7,510782,False,0,1,1,All
4092439181,Hands Up,613934,Jelly Roll,1007500461,Hands Up,2026-06-24,194,0,-7.9,497720,False,0,1,1,All
2609033982,Scared To Start,102060542,Michael Marcagi,531281412,Scared To Start,2024-01-12,159,0,-13.4,614291,False,6,1,1,All
3040572191,Love Somebody,7188840,Morgan Wallen,655091621,Love Somebody,2024-10-18,205,0,-7.6,688255,False,0,1,1,All
1013792,Fantasy,65,Mariah Carey,111706,Daydream,1995-10-03,244,102.3,-11.6,796129,False,0,1,1,All
3036611181,Rollin' Stone,276577691,Blake Whiten,654006491,Rollin' Stone,2024-10-18,151,0,-13.3,476650,False,0,1,1,All
3870486061,No Need For Leavin',73725592,Kameron Marlowe,928447651,No Need For Leavin',2026-03-06,215,0,-9.1,449860,False,0,1,1,All
2881248402,Am I Okay?,122856502,Megan Moroney,612585022,Am I Okay?,2024-07-12,235,0,-8.4,581841,False,0,1,1,All
4046115811,Take Me Back (Leave Me There),883421,Cody Johnson,991711741,Take Me Back (Leave Me There),2026-05-29,178,0,-8.1,297356,False,0,1,1,All
88902741,Summer Of '69,170,Bryan Adams,8986017,Reckless,2014-11-24,215,0,-9.8,782865,False,0,6,1,Pop
2454854845,Pink Pony Club,12945219,Chappell Roan,488063815,The Rise and Fall of a Midwest Princess,2023-09-22,258,0,-9.2,923914,False,0,11,1,Pop
3591340192,bittersweet,5130634,Madison Beer,834128682,bittersweet,2025-10-10,202,0,-8.1,732658,False,0,1,1,Pop
3773782482,Blink,7251032,Corbyn Besson,897320182,Blink,2025-09-26,162,0,-9.3,544336,True,1,1,1,Pop
2610711672,Beautiful Things,146543992,Benson Boone,531687612,Beautiful Things,2024-01-18,180,0,-7.3,963402,False,0,1,1,Pop
3187953971,Show Me Love,8896874,WizTheMc,698505181,Show Me Love,2025-02-07,177,0,-8.6,909128,False,0,1,1,Pop
72194071,Girls Just Want to Have Fun,2025,Cyndi Lauper,7094224,She's So Unusual,1983-10-14,235,120.5,-8.4,945998,False,0,2,1,Pop
3326208711,Headphones On,95074402,Addison Rae,742955041,Headphones On,2025-04-18,240,0,-8.2,771030,False,0,1,1,Pop
2815968782,Messy,9266850,Lola Young,591239352,Messy,2024-05-30,284,0,-8.6,997108,True,1,1,1,Pop
831272,Beat It,259,Michael Jackson,96126,Thriller,1983-08-01,258,0,-12.7,703583,False,0,5,1,Pop
2105158337,Flowers,12436,Miley Cyrus,395674277,Flowers,2023-01-13,200,0,-7.7,966114,False,0,1,1,Pop
664507,Like a Prayer,290,Madonna,80554,Like a Prayer,2005-09-13,340,112,-17.1,911457,False,6,1,1,Pop
664107,Take on Me,3106,a-ha,80521,Hunting High and Low,2007-01-29,227,168.8,-9.7,988080,False,0,1,1,Pop
4127465,Hungry Like the Wolf (2009 Remaster),596,Duran Duran,384432,Rio (Collector's Edition),2009-09-07,220,127.6,-12.1,569153,False,0,4,1,Pop
1079668,Africa,215,Toto,116670,Toto IV,1982-04-08,296,92.49,-19.8,964180,False,0,10,1,Pop
3196460531,Sports car,13817211,Tate McRae,701157501,Sports car,2025-01-24,165,0,-7.6,854224,False,0,1,1,Pop
3047560351,That’s So True,64874492,Gracie Abrams,657452321,The Secret of Us (Deluxe),2024-10-18,166,0,-7.4,938322,True,1,15,1,Pop
3360666501,hot shit,198986137,CIL,754582311,don't hold me accountable,2025-05-30,175,0,-4.8,430846,True,1,3,1,Pop
3050380851,APT.,126335112,ROSÉ,658285691,APT.,2024-10-18,169,0,-7.8,992741,False,6,1,1,Pop
2173954687,Running Up That Hill (A Deal With God),1049,Kate Bush,413452427,Hounds Of Love,1985-09-16,298,0,-16.06,953088,False,0,1,1,Pop
3400077541,Manchild,1176900,Sabrina Carpenter,767648471,Manchild,2025-06-06,213,0,-7.5,908720,True,1,1,1,Pop
2947516331,Die With A Smile,75491,Lady Gaga,629506181,Die With A Smile,2024-08-16,250,0,-11.3,997757,False,0,1,1,Pop
561836,Sweet Dreams (Are Made of This) (2005 Remaster),175,Eurythmics,73280,Sweet Dreams (Are Made Of This),2003-10-21,216,125.3,-10.8,963940,False,0,6,1,Pop
2728070371,"Good Luck, Babe!",12945219,Chappell Roan,566359951,"Good Luck, Babe!",2024-04-05,218,0,-9,963608,False,0,1,1,Pop
374283061,Purple Rain (2015 Paisley Park Remaster),1878,Prince,43280511,Purple Rain (Deluxe Expanded Edition),2017-06-23,524,113.58,-9.2,959429,False,6,9,1,Pop
418231432,One Way Or Another,425,Blondie,49988752,Parallel Lines,2017-05-05,211,162.13,-8.5,326385,False,0,2,1,Pop
3371081661,Bloodline,541784,Alex Warren,758057661,Bloodline,2025-05-22,182,0,-6.8,717867,False,6,1,1,Pop
3881984641,American Girls,5313805,Harry Styles,932772571,"Kiss All The Time. Disco, Occasionally.",2026-03-06,213,0,-8.3,933725,False,0,2,1,Pop
3180092121,Slow Motion,7890702,Marshmello,695943491,Slow Motion,2025-01-17,150,0,-9.1,609499,False,0,1,1,Pop
2743578151,Espresso,1176900,Sabrina Carpenter,571147791,Espresso,2024-04-12,175,0,-7.8,979835,True,1,1,1,Pop
3232179181,"Sally, When The Wine Runs Out",328088,ROLE MODEL,712489301,Kansas Anymore (The Longest Goodbye),2025-02-14,218,0,-9.4,672848,True,1,15,1,Pop
831313,Billie Jean,259,Michael Jackson,96126,Thriller,1983-08-01,293,0,-14.5,762383,False,0,6,1,Pop
3476812751,I Think I Like You Better When You’re Gone,171528407,Reneé Rapp,793816891,BITE ME,2025-08-01,143,0,-8.9,665268,True,1,10,1,Pop
3924276621,Need Your Love,74398,OneRepublic,948441121,Need Your Love,2026-04-03,238,0,-8.8,681453,False,0,1,1,Pop
3997456931,I’m your girl right?,4103977,Tove Lo,974007441,I’m your girl right?,2026-05-15,169,0,-6.5,497938,True,1,1,1,Pop
1842063487,CUFF IT,145,Beyoncé,340077257,RENAISSANCE,2022-07-29,225,0,-9.4,827053,True,1,4,1,Pop
3294514251,twilight zone,1562681,Ariana Grande,732743361,eternal sunshine deluxe: brighter days ahead,2025-03-28,198,0,-8.9,763705,False,0,15,1,Pop
4057589031,the feeling,65574,Steve Lacy,995998291,the feeling,2026-06-05,275,0,-8.8,565407,True,1,1,1,Pop
2981829091,Soft Spot,11121158,keshi,639320131,Requiem,2024-09-13,204,0,-8.3,528530,False,0,4,1,Pop
3588926901,Stateside + Zara Larsson,122602052,PinkPantheress,833308161,Fancy Some More?,2025-10-10,184,0,-7.4,906294,False,0,10,1,Pop
3387454721,Fame is a Gun,95074402,Addison Rae,763519501,Fame is a Gun,2025-05-30,183,0,-8.6,848971,False,0,1,1,Pop
2135303217,If We Ever Broke Up,151240812,Mae Stephens,403545977,If We Ever Broke Up,2023-02-10,142,0,-7,644241,True,1,1,1,Pop
3569857331,TIT FOR TAT,13817211,Tate McRae,826380741,TIT FOR TAT,2025-09-26,177,0,-8.7,754523,True,1,1,1,Pop
3412611901,Gabriela,271210292,KATSEYE,771888461,Gabriela,2025-06-20,196,0,-8.3,991587,False,0,1,1,Pop
3454558671,YUKON,288166,Justin Bieber,786280691,SWAG,2025-07-11,164,0,-11.4,797835,False,0,3,1,Pop
3514216471,Jealous Type,5578942,Doja Cat,806851131,Jealous Type,2025-08-21,163,0,-7.6,719898,True,1,1,1,Pop
3278141801,Love Me To Heaven,15888,Jonas Brothers,727291721,Love Me To Heaven,2025-03-21,205,0,-6.5,592581,False,0,1,1,Pop
3503343941,Sue me,146445062,Audrey Hobert,803074381,Who's the Clown?,2025-08-15,170,0,-8,818245,True,1,2,1,Pop
3580188661,Gone Gone Gone,542,David Guetta,830150841,Gone Gone Gone,2025-10-10,198,0,-6.7,935114,False,0,1,1,Pop
3869647201,FEVER DREAM,541784,Alex Warren,928115011,FEVER DREAM,2026-02-26,153,0,-7.7,996786,False,6,1,1,Pop
112662366,Sorry,288166,Justin Bieber,11674708,Purpose (Deluxe),2015-11-13,201,99.86,-7.8,845359,False,0,4,1,Pop
4098248631,These Are The Days,63317272,Mark Ambor,1009348331,These Are The Days,2026-06-26,187,0,-8.8,472733,False,0,1,1,Pop
3606166592,CHANEL,1220981,Tyla,839307952,CHANEL,2025-10-24,188,0,-7.7,823022,True,1,1,1,Pop
3239843321,Call Me When You Break Up,292185,Selena Gomez,715067111,Call Me When You Break Up,2025-02-21,127,0,-7.7,680446,False,0,1,1,Pop
2454854795,HOT TO GO!,12945219,Chappell Roan,488063815,The Rise and Fall of a Midwest Princess,2023-09-22,184,0,-8.1,731153,False,0,7,1,Pop
4006255011,Nothing Like Hollywood,10622701,Haley Joelle,977348071,Nothing Like Hollywood,2026-05-29,185,0,-8.4,177274,False,0,1,1,Pop
128948406,Blue Sky,6471,The Allman Brothers Band,13632894,Eat A Peach,2016-07-22,309,189.65,-13.8,432217,False,0,8,1,Pop
3454558661,DAISIES,288166,Justin Bieber,786280691,SWAG,2025-07-11,176,0,-8.7,938392,False,0,2,1,Pop
3539548191,A COLD PLAY,51204222,The Kid LAROI,815608831,A COLD PLAY,2025-09-05,179,0,-8,588570,False,0,1,1,Pop
4048364981,High Hopes 3000,328088,ROLE MODEL,992462371,High Hopes 3000,2026-06-03,246,0,-8.2,555874,False,0,1,1,Pop
3584616411,Die On This Hill,265272032,SIENNA SPIRO,831650311,Die On This Hill,2025-10-10,217,0,-7.8,929464,False,0,1,1,Pop
68094701,Tequila Sunrise (2013 Remaster),210,Eagles,6670386,Their Greatest Hits 1971-1975 (2013 Remaster),1976-02-17,173,110.2,-14,355317,False,6,7,1,Pop
3907717261,SWIM,6982223,BTS,942227361,ARIRANG,2026-03-20,159,0,-8.3,963304,False,0,7,1,Pop
3650137942,Midnight Sun,4331004,Zara Larsson,854504732,Midnight Sun,2025-11-14,226,0,-7.8,692773,False,0,1,1,Pop
922014,All I Wanna Do,1439,Sheryl Crow,103812,Tuesday Night Music Club,1994-11-04,273,120.2,-16.2,708669,False,0,9,1,Pop
2934378651,Diet Pepsi,95074402,Addison Rae,625285601,Diet Pepsi,2024-08-09,169,0,-9.6,807056,False,0,1,1,Pop
3579685451,Opalite,12246,Taylor Swift,829966251,The Life of a Showgirl,2025-10-03,235,0,-8.4,968567,False,0,3,1,Pop
2972837781,Bad Dreams,64927672,Teddy Swims,636498021,Bad Dreams,2024-09-13,184,0,-8.1,937405,False,0,1,1,Pop
3929350,Love Shack,1743,The B-52's,366876,Cosmic Thing,2005-03-15,320,133.4,-12.2,727563,False,6,4,1,Pop
3466173051,d£aler,9266850,Lola Young,790079541,d£aler,2025-07-25,161,0,-9.5,618148,True,1,1,1,Pop
3794985752,Homewrecker,145468192,sombr,904017142,Homewrecker,2026-02-05,209,0,-4.5,941782,False,0,1,1,Pop
2769846461,Miles On It,7890702,Marshmello,579025561,Miles On It,2024-05-03,168,0,-6.6,661521,False,0,1,1,Pop
2459517745,Agora Hills,5578942,Doja Cat,489358925,Scarlet,2023-09-22,265,0,-8.4,750821,True,1,10,1,Pop
3106586641,luther,525046,Kendrick Lamar,673968231,GNX,2024-11-22,178,0,-9.4,783391,False,0,3,1,Rap/Hip Hop
3472732981,Hell At Night (feat. Ella Langley),75832332,BigXthaPlug,792387051,Hell At Night (feat. Ella Langley),2025-08-08,179,0,-10,579879,False,0,1,1,Rap/Hip Hop
3262675101,Anxiety,51965252,Doechii,722247851,Anxiety,2025-03-05,249,0,-8.7,928515,True,1,1,1,Rap/Hip Hop
2536499851,Lovin On Me,9093938,Jack Harlow,510918021,Lovin On Me,2023-11-09,138,0,-7.4,338203,False,3,1,1,Rap/Hip Hop
3277684691,Dark Thoughts,14492701,Lil Tecca,727125431,Dark Thoughts,2025-03-14,136,0,-7.9,720435,True,1,1,1,Rap/Hip Hop
747399352,Circles,7543848,Post Malone,110040592,Hollywood's Bleeding,2019-09-06,215,119.84,-6,765395,False,0,6,1,Rap/Hip Hop
131391760,Cinderella (feat. Ty Dolla $ign),632926,Mac Miller,13954126,The Divine Feminine,2016-09-16,480,140.15,-10.3,974344,True,1,5,1,Rap/Hip Hop
3966979401,Spend Dat,65549992,Yung Miami,963361711,Spend Dat,2026-04-24,181,0,-10.2,681555,True,1,1,1,Rap/Hip Hop
3363451381,Somebody,9551216,Latto,755614361,Somebody,2025-05-16,202,0,-8.4,556735,True,1,1,1,Rap/Hip Hop
3106586631,squabble up,525046,Kendrick Lamar,673968231,GNX,2024-11-22,158,0,-8.5,681659,True,1,2,1,Rap/Hip Hop
3812245442,E85,13631667,Don Toliver,908068642,OCTANE,2026-01-30,153,0,-9,817063,True,1,1,1,Rap/Hip Hop
628266,Hey Ya!,9,OutKast,78617,Speakerboxxx/The Love Below,2003-09-23,235,0,-6.3,891263,True,1,9,2,Rap/Hip Hop
15528003,Ready or Not,629,Fugees,1435460,The Score (Expanded Edition),1996-02-13,227,0,-18.9,708484,True,1,3,1,Rap/Hip Hop
3119536,Sabotage,194746,Beastie Boys,301110,Solid Gold Hits,2005-11-08,178,168.1,-7.1,717304,False,3,14,1,Rap/Hip Hop
15528008,Killing Me Softly With His Song,629,Fugees,1435460,The Score (Expanded Edition),1996-02-13,290,0,-19.6,753325,True,1,8,1,Rap/Hip Hop
1580929572,The Humpty Dance,10139,Digital Underground,278465962,Hi-Five: Digital Underground,2005-06-19,391,103.62,-10.9,329232,False,0,1,1,Rap/Hip Hop
1109731,Lose Yourself,13,Eminem,119606,Curtain Call: The Hits,2005-11-21,326,171.6,-8.3,980436,True,1,6,1,Rap/Hip Hop
2827724612,MILLION DOLLAR BABY,56444382,Tommy Richman,595214942,MILLION DOLLAR BABY,2024-06-04,155,0,-8.1,784572,False,0,1,1,Rap/Hip Hop
3129407,Feel Good Inc.,14,Gorillaz,301752,Demon Days,2005-05-23,222,138.3,-10.8,963489,False,0,6,1,Rap/Hip Hop
2803643,The Rain (Supa Dupa Fly),91,Missy Elliott,272407,Supa Dupa Fly,2007-08-22,251,160.2,-13.5,439519,True,1,4,1,Rap/Hip Hop
2522953,This Is How We Do It,258,Montell Jordan,247407,This Is How We Do It,1995-04-06,277,103.6,-14.4,674517,True,1,3,1,Rap/Hip Hop
13142599,Summertime,2579,DJ Jazzy Jeff & The Fresh Prince,1206013,Homebase,1991-07-09,271,0,-16.7,313097,False,0,2,1,Rap/Hip Hop
72059803,Thrift Shop (feat. Wanz),893222,Macklemore & Ryan Lewis,7079250,The Heist (Deluxe Edition),2012-10-09,235,95,-10.2,449119,True,1,3,1,Rap/Hip Hop
958803,Walk This Way (feat. Aerosmith),79236,Run DMC,107638,Raising Hell,1986-05-15,311,0,-12.6,458741,False,0,4,1,Rap/Hip Hop
3125988,Back To Life,2361,Soul II Soul,301522,Keep On Movin',1992-07-11,228,0,-17.2,550773,False,0,9,1,Rap/Hip Hop
2485118,Single Ladies (Put a Ring on It),145,Beyoncé,244223,I AM...SASHA FIERCE,2008-11-14,193,97.1,-9.9,867385,False,0,1,2,Rap/Hip Hop
3879836431,Motion Party,113241652,BossMan Dlow,931980681,Motion Party,2026-03-13,96,0,-7.8,535949,True,1,1,1,Rap/Hip Hop
646296402,Let's Get It Started (Spike Mix),1020109,The Black Eyed Peas,89920882,Let's Get It Started,2019-03-15,217,104.93,-6.6,638030,False,0,1,1,Rap/Hip Hop
4229690572,The Team,12096038,Central Cee,1056647612,The Team,2026-08-18,213,0,-10.3,603558,False,0,1,1,Rap/Hip Hop
73707710,Turn Down for What,482758,DJ Snake,7268092,Turn Down for What,2013-12-18,213,99.86,-7.3,736233,False,0,1,1,Rap/Hip Hop
3812245452,Body,13631667,Don Toliver,908068642,OCTANE,2026-01-30,155,0,-8.3,730927,True,1,2,1,Rap/Hip Hop
909969,Crank That (Soulja Boy),352219,Soulja Boy Tell'em,102608,souljaboytellem.com,2007-10-02,224,140.2,-6.2,761037,False,3,2,1,Rap/Hip Hop
4176013632,MATADORA,5297021,KAROL G,1037643992,MATADORA,2026-07-25,144,0,-7.4,867927,True,1,1,1,Rap/Hip Hop
3789424042,POP DAT THANG,11363014,DaBaby,902457642,POP DAT THANG,2026-01-23,138,0,-10.5,711760,True,1,1,1,Rap/Hip Hop
1085495,Fight For Your Right,194746,Beastie Boys,117211,Licensed To Ill,1995-08-02,207,133.8,-14.4,641183,False,0,7,1,Rap/Hip Hop
2447443,Dilemma,105,Nelly,240897,Nellyville,2002-05-28,289,168.1,-10.6,894589,True,1,10,1,Rap/Hip Hop
3399233781,4 Raws,271613792,EsDeeKid,767362161,Rebel,2025-06-20,146,0,-6.5,784110,True,1,1,1,Rap/Hip Hop
14935057,Now That We Found Love,2364,Heavy D & The Boyz,1377244,Peaceful Journey,2007-12-06,256,119.8,-17.7,482637,False,0,1,1,Rap/Hip Hop
1584589772,Jump Around,2542,House Of Pain,279174482,Hi-Five: House Of Pain,2006-08-22,214,106.83,-10.5,784922,False,0,1,1,Rap/Hip Hop
1085497,No Sleep Till Brooklyn,194746,Beastie Boys,117211,Licensed To Ill,1995-08-02,246,97,-17.7,642261,True,1,8,1,Rap/Hip Hop
6640921,Better Days (And the Bottom Drops Out),3517,Citizen King,614144,Mobile Estates,1999-02-26,207,94.8,-8.1,480043,False,6,2,1,Rap/Hip Hop
4215407252,Rider,616943,Russ,1050950072,Rider,2026-08-21,174,0,-11,498415,True,1,1,1,Rap/Hip Hop
145429536,In Da Club,66,50 Cent,15801900,Best Of 50 Cent,2017-03-31,193,179.76,-11,547344,True,1,1,1,Rap/Hip Hop
2535112671,Big Chain,4838046,Cuzzomania,510535591,Big Chain,2022-06-30,149,0,-10.5,100000,True,1,1,1,Rap/Hip Hop
78034213,It Takes Two,76970,Rob Base & DJ EZ Rock,7758769,It Takes Two,1988-05-05,300,111.44,-13.3,469814,False,0,1,1,Rap/Hip Hop
128743581,Still D.R.E.,763,Dr. Dre,13606387,2001,2008-02-12,271,93.33,-9.5,943997,True,1,4,1,Rap/Hip Hop
595355582,SICKO MODE (Skrillex Remix),4495513,Travis Scott,80176462,SICKO MODE (Skrillex Remix),2018-11-28,304,154.85,-7.1,382998,True,1,1,1,Rap/Hip Hop
1225735372,Body (Joel Corry Remix),12816021,Megan Thee Stallion,203639022,Body (Joel Corry Remix),2021-01-29,203,0,-8.3,167186,True,1,1,1,Rap/Hip Hop
4152054632,Dead Fresh,398521,Lil Baby,1028379732,Dead Fresh,2026-07-17,157,0,-8.6,728989,True,1,1,1,Rap/Hip Hop
4198445322,AH HA,9064930,Cardi B,1044966632,AH HA,2026-07-31,175,0,-9.3,715154,True,1,1,1,Rap/Hip Hop
953101162,Savage (Major Lazer Remix),12816021,Megan Thee Stallion,146752242,Savage (Major Lazer Remix),2020-04-28,299,0,-8.8,204024,True,1,1,1,Rap/Hip Hop
1208717042,Goosebumps (Remix),4495513,Travis Scott,200074062,Goosebumps (Remix),2021-01-14,162,0,-10.3,792078,True,1,1,1,Rap/Hip Hop
3353337131,top diesel,68358002,Beele,752270291,BORONDO,2025-05-15,190,0,-7,677817,False,0,9,1,Rap/Hip Hop
139102925,Untitled (How Does It Feel),5004,D'Angelo,14949665,Voodoo,2016-12-30,431,112.65,-11.8,577194,False,0,12,1,Rap/Hip Hop
3422853771,Outside,9064930,Cardi B,775376831,Outside,2025-06-20,206,0,-8.5,482996,True,1,1,1,Rap/Hip Hop
3606419592,LOVE,11190156,Clarent,839377042,LOVE,2025-10-16,172,0,-12.7,432522,True,1,1,1,Rap/Hip Hop
87960517,California Love (Original Version),167095,2Pac,8882891,Greatest Hits,2009-03-31,286,182.94,-8.4,887813,False,3,6,2,Rap/Hip Hop
6627454,Just a Friend,8885,Biz Markie,612875,Biz's Baddest Beats: The Best of Biz Markie,1994-08-07,238,170.8,-14.8,466744,False,6,10,1,Rap/Hip Hop
720608682,Good Vibrations,1685662,Marky Mark And The Funky Bunch,105322662,Good Vibrations,2019-08-02,270,0,-15.6,510321,False,0,2,1,Rap/Hip Hop
3947819651,SAME SH!T,5515551,Isaiah Rashad,956657421,SAME SH!T,2026-04-10,193,0,-8.7,446702,True,1,1,1,Rap/Hip Hop
4037562271,Everythang Pinka,83879762,Monaleo,988570681,Everythang Pinka,2026-05-29,168,0,-8,342833,True,1,1,1,Rap/Hip Hop
2896894551,KEHLANI (REMIX) [feat. Kehlani],12632339,Jordan Adetunji,617569961,KEHLANI (REMIX) [feat. Kehlani],2024-06-20,180,0,-6.2,586341,True,1,1,1,Rap/Hip Hop
3981869871,LA GRACIOSA,6705223,Quevedo,968391931,LA GRACIOSA,2026-04-23,257,0,-6.2,472525,False,0,1,1,Rap/Hip Hop
90533119,Empire State Of Mind,1309,JAŸ-Z,9178393,The Blueprint 3,2014-11-24,277,173,-6.1,947001,True,1,5,1,Rap/Hip Hop
3208821271,TWENTIES,48995601,Giveon,705108381,TWENTIES,2025-02-07,171,0,-9.5,442871,False,0,1,1,Rap/Hip Hop
1344734942,Best Friend (feat. Doja Cat) (Party Pupils Remix),13641829,Saweetie,223112062,Best Friend (feat. Doja Cat) [Remix EP] [Extended Edition],2021-04-23,179,0,-8.3,101289,True,1,7,1,Rap/Hip Hop
471590842,Don't Go Breaking My Heart,8923,Q-Tip,58738112,Don't Go Breaking My Heart,2018-03-16,246,106.01,-10,203834,False,0,1,1,Rap/Hip Hop
3879273701,Una Aventura,4937383,Ozuna,931772951,Una Aventura,2026-03-12,180,0,-7.7,712352,False,0,1,1,Rap/Hip Hop
4064369351,Moonlight,8657430,J Hus,998466821,Moonlight / Clean Run,2026-07-02,200,0,-10.1,425474,True,1,1,1,Rap/Hip Hop
2238159,Country Grammar (Hot...),105,Nelly,223820,Country Grammar,2005-02-11,287,0,-10.6,139189,False,3,4,1,Rap/Hip Hop
3930241091,Te hacen falta dos,11559031,Manuel Turizo,950769691,Apambichao,2026-04-09,161,0,-7,543619,False,0,9,1,Rap/Hip Hop
6617606,C'mon N' Ride It (The Train),9120,Quad City Dj's,611844,Get On Up And Dance,2008-12-23,451,136,-10.1,244905,False,6,1,1,Rap/Hip Hop
2732244871,Ciao!,7004075,Bryson Tiller,567720961,Bryson Tiller,2024-04-05,125,0,-8.4,410998,True,1,5,1,Rap/Hip Hop
4037520411,Game Time,165930,Future,988554861,Game Time (FIFA World Cup 2026™),2026-05-29,206,0,-9,674182,False,0,1,1,Rap/Hip Hop
3613707422,LA VILLA,11815065,Ryan Castro,841932862,HOPI SENDÉ,2025-10-23,194,0,-8.6,775990,True,1,7,1,Rap/Hip Hop
4047401901,UNA NA MAS,12029862,Myke Towers,992121361,UNA NA MAS,2026-05-28,196,0,-7.2,613739,False,6,1,1,Rap/Hip Hop
127738175,Sweetheart (feat. Mariah Carey),2649,Jermaine Dupri,13483793,Life In 1472 (The Original Soundtrack),2016-06-30,285,99.15,-11.4,314324,True,1,5,1,Rap/Hip Hop
2410782275,Lil Boo Thang,1101356,Paul Russell,476275385,Lil Boo Thang,2023-08-18,113,0,-7.4,707145,False,0,1,1,Rap/Hip Hop
969347,U Remind Me,17,USHER,108303,8701,2001-08-07,267,94,-10.3,807581,False,0,2,1,Rap/Hip Hop
412241052,HUMBLE. (SKRILLEX REMIX),525643,Skrillex,49049112,HUMBLE. (SKRILLEX REMIX),2017-09-29,156,0,-7.1,478605,True,1,1,1,Rap/Hip Hop
3136389,U Can't Touch This,8306,MC Hammer,302178,Greatest Hits,1996-09-09,256,133.4,-11.8,738763,False,0,1,1,Rap/Hip Hop
736966292,One Wish,2620,Ray J,108257782,Raydiation,2005-09-05,338,0,-10.7,586869,False,0,4,1,Rap/Hip Hop
3909037581,Que vuelta vox,1166311,Feid,942707111,EL GREEN PRINT: La Saga (Disc 1) — FEID VS FERXXO,2026-03-20,169,0,-9.8,515462,True,1,1,1,Rap/Hip Hop
134648794,Tha Crossroads,2523,Bone Thugs-N-Harmony,14359296,E. 1999 Eternal,1995-07-25,223,0,-11.9,381303,True,1,8,1,Rap/Hip Hop
2387373015,Paint The Town Red,5578942,Doja Cat,469909155,Paint The Town Red,2023-08-04,231,0,-9.8,916724,True,1,1,1,Rap/Hip Hop
4022917791,Shabang,246791,Drake,983236081,ICEMAN,2026-05-15,188,0,-10,767565,True,1,6,1,Rap/Hip Hop
491446972,Better Now,7543848,Post Malone,62183462,beerbongs & bentleys,2018-04-27,230,145.07,-8.7,788590,True,1,9,1,Rap/Hip Hop
1721634237,PROVENZA,5297021,KAROL G,311152297,PROVENZA,2022-04-22,209,0,-7.4,739305,False,0,1,1,Rap/Hip Hop
1584416372,Gangsta's Paradise,99,Coolio,279124722,Gangsta's Paradise,1995-10-02,240,159.63,-13.6,968342,False,0,2,1,Rap/Hip Hop
2766119391,Like That!,203852657,Laila!,578074161,Like That!,2024-04-25,169,0,-12.1,547037,True,1,1,1,Rap/Hip Hop
3884407611,Caducaste,17046,Zion,933675791,The Perfect Melody II - Chapter II,2026-04-02,214,0,-7.4,378086,False,0,1,1,Rap/Hip Hop
95468810,Day 5,1254388,Ta-ku,9715306,50 Days For Dilla Vol. 1,2012-03-15,116,88,-8.8,40526,False,0,5,1,Rap/Hip Hop
915208092,Say So (Snakehips Remix),5578942,Doja Cat,138582712,Say So (Snakehips Remix),2020-04-03,200,0,-7.9,165817,True,1,1,1,Rap/Hip Hop
3387316711,OWA OWA,14492701,Lil Tecca,763468211,OWA OWA,2025-05-30,130,0,-7,466219,True,1,1,1,Rap/Hip Hop
3979103811,GOMF (feat. GloRilla),9551216,Latto,967558641,GOMF (feat. GloRilla),2026-04-24,149,0,-6.4,393282,True,1,1,1,Rap/Hip Hop
2853709472,TGIF,59691632,GloRilla,603675652,TGIF,2024-06-21,164,0,-8.9,586509,True,1,1,1,Rap/Hip Hop
1754091477,riptide,12373730,Fujitsu,319324747,corals 3,2020-06-12,118,0,-14.6,150799,False,0,2,1,Rap/Hip Hop
88845911,Everybody Wants To Rule The World,1192,Tears For Fears,8980363,Songs From The Big Chair (Deluxe),2014-11-10,251,168.1,-14.6,659600,False,0,3,1,Rock
447552822,Pour Some Sugar On Me,2557,Def Leppard,54592642,Hysteria,2018-01-19,265,170.14,-8.3,711715,False,0,5,1,Rock
518458172,Sweet Child O' Mine,663,Guns N' Roses,66644272,Appetite For Destruction (Super Deluxe Edition),2018-06-29,355,124.53,-10.3,934281,False,0,9,1,Rock
3121749,Call Me,425,Blondie,301237,Call Me,2005-07-05,210,142.6,-9.9,520096,False,0,1,1,Rock
353398301,Rebel Yell,2111,Billy Idol,40483331,Rebel Yell,2017-04-28,285,166.04,-8.1,759011,False,0,1,1,Rock
15177141,Hungry Heart,4762,Bruce Springsteen,1398520,The River,1980-10-17,199,109.4,-11.3,700397,False,0,6,1,Rock
3826694,Heart of Gold (2009 Remaster),1379,Neil Young,356690,Harvest (2009 Remaster),1972-02-01,187,170.8,-13.4,873567,False,6,4,1,Rock
1445506692,Night Moves,2281,Bob Seger & The Silver Bullet Band,247310152,Greatest Hits (Deluxe),2021-07-30,325,0,-9.7,601564,False,0,2,1,Rock
3803466302,We're Not Gonna Take It,3004,Twisted Sister,905328852,Stay Hungry,2026-01-28,218,0,-10.1,675243,False,0,2,1,Rock
4125592,Start Me Up (Remastered 2009),11,The Rolling Stones,384315,Tattoo You (2009 Re-Mastered),2009-08-17,211,122.3,-8.4,872437,False,0,1,1,Rock
626621,Leaving Trunk,4418,Taj Mahal,78168,Taj Mahal,1999-06-10,288,173.7,-12.9,249233,False,0,1,1,Rock
665714352,Roxanne,1981,The Police,93733552,Outlandos D'Amour (Remastered 2003),2019-04-15,191,133.37,-12.2,541582,False,0,3,1,Rock
92720102,Thunderstruck,115,AC/DC,9410106,The Razors Edge,1990-09-21,292,133.4,-8.5,950981,False,0,1,1,Rock
1899060227,End of Beginning,70227002,Djo,353216957,DECIDE,2022-09-16,159,0,-10,999711,False,0,6,1,Rock
5968645,Tumbling Dice,11,The Rolling Stones,543353,Exile On Main Street (2010 Re-Mastered),2010-05-17,225,110.8,-8,494857,False,0,5,1,Rock
118425530,In the Air Tonight (2015 Remaster),186,Phil Collins,12308786,Face Value (2016 Remaster),2013-07-02,335,94.83,-16.4,557052,False,0,1,1,Rock
546248912,Closing Time,2075,Semisonic,71594942,Closing Time,2018-08-31,273,184.57,-9.6,656557,False,0,1,1,Rock
63480987,Dreams (2004 Remaster),169,Fleetwood Mac,6237061,Rumours,1977-02-04,257,120.2,-12.7,907653,False,6,2,1,Rock
3312985,Hit Me With Your Best Shot,2159,Pat Benatar,315844,Crimes Of Passion,2000-07-17,170,127.6,-13.4,628075,False,0,4,1,Rock
6629660,Keep Your Hands to Yourself,64252,Georgia Satellites,613074,Georgia Satellites,1986-09-16,205,0,-11.8,227903,False,6,1,1,Rock
3122253,Dreaming,425,Blondie,301274,Best Of Blondie,1983-10-28,186,160.2,-16.9,238919,False,0,2,1,Rock
82231578,Everlong,566,Foo Fighters,8247832,The Colour And The Shape,1997-05-20,250,157.8,-7.3,640440,False,0,11,1,Rock
541866052,Ramblin' Man,6471,The Allman Brothers Band,70817702,Brothers And Sisters (Super Deluxe),2018-08-17,288,178.21,-12.6,441315,False,0,2,1,Rock
3359652,No Rain,3438,Blind Melon,319740,Blind Melon,1992-09-14,217,148.7,-12.6,645293,False,0,7,1,Rock
13785973,There Is a Light That Never Goes Out (2011 Remaster),1297,The Smiths,1261474,The Queen Is Dead,2001-06-26,244,136,-9.7,560543,False,0,9,1,Rock
769361,All My Love (1990 Remaster),848,Led Zeppelin,90460,In Through the out Door (1994 Remaster),1979-08-15,351,90.5,-13,497404,False,6,6,1,Rock
97081740,Perfect Day,1009,Lou Reed,9883550,Transformer,1972-11-08,225,146.6,-18.9,485378,False,0,3,1,Rock
127354207,All The Small Things,409,blink-182,13433823,Greatest Hits,2016-06-24,172,147.66,-8.6,845983,False,0,6,1,Rock
2441438,You Get What You Give,2489,New Radicals,240425,Maybe You've Been Brainwashed Too,1998-10-23,300,113.9,-8.9,768607,False,0,2,1,Rock
963098,Eye of the Tiger,39,Survivor,107949,Eye Of The Tiger,1991-01-01,245,108.8,-17.8,812869,False,0,1,1,Rock
3874608,Let's Dance (2002 Remaster),997,David Bowie,361902,Let's Dance,2009-07-10,247,114.2,-13.1,537146,False,0,1,1,Rock
5093672,Once in a Lifetime (2005 Remaster),181,Talking Heads,467270,Remain in Light (Deluxe Version),1980-10-08,259,116.8,-11.1,648562,False,6,4,1,Rock
97098412,Panama (2015 Remaster),1168,Van Halen,9884672,1984 (Remastered),1984-01-04,210,141.1,-9.6,672106,False,6,3,1,Rock
62264191,Tempted,4386,Squeeze,6107997,East Side Story,1995-11-01,238,94.6,-17.8,291360,False,0,3,1,Rock
538660012,You Give Love A Bad Name,637,Bon Jovi,70200002,Slippery When Wet,2018-08-08,222,122.68,-7.2,412399,False,0,2,1,Rock
125468092,Paradise By the Dashboard Light,317,Meat Loaf,13195340,Bat Out Of Hell,1977-10-21,506,167.4,-11.9,508354,False,0,6,1,Rock
3613215,Owner of a Lonely Heart,2711,Yes,340834,90125 (Deluxe Version),1983-06-01,268,124.91,-10.5,797022,False,6,1,1,Rock
570650,Somebody to Love,1723,Jefferson Airplane,74020,The Essential Jefferson Airplane,2003-05-19,174,132.5,-12.5,683517,False,0,5,1,Rock
134116940,Kiss Me,3240,Sixpence None The Richer,14294456,Sixpence None The Richer,1998-01-20,208,99.86,-11.1,860971,False,0,4,1,Rock
518458092,Welcome To The Jungle,663,Guns N' Roses,66644272,Appetite For Destruction (Super Deluxe Edition),2018-06-29,271,123.05,-9.1,887607,True,1,1,1,Rock
74933022,Shakedown Street (2013 Remaster),1785,Grateful Dead,7407453,Shakedown Street,2006-03-07,300,109.4,-16.8,339484,False,6,3,1,Rock
5480241,(You Can Still) Rock In America,16066,Night Ranger,501591,Midnight Madness,2007-05-31,254,164.7,-16.4,229146,False,0,1,1,Rock
15479805,Learn to Fly,566,Foo Fighters,1430528,There Is Nothing Left To Lose,1999-11-02,238,136,-7.4,430405,False,0,3,1,Rock
15275775,(Don't Fear) The Reaper,692,Blue Öyster Cult,1408080,Agents Of Fortune,1986-06-01,308,141.1,-11.2,438894,False,0,3,1,Rock
112659386,Evil Woman,207,Electric Light Orchestra,11674498,Face the Music,1975-10-01,270,0,-12.1,270560,False,0,3,1,Rock
665714382,Can't Stand Losing You,1981,The Police,93733552,Outlandos D'Amour (Remastered 2003),2019-04-15,179,141.59,-10.2,463714,False,0,6,1,Rock
3958789321,If You Wanna Be Adored,392039431,Eva Rose,960835341,If You Wanna Be Adored,2026-05-22,145,0,-7.4,224659,False,0,1,1,Rock
518458142,Paradise City,663,Guns N' Roses,66644272,Appetite For Destruction (Super Deluxe Edition),2018-06-29,406,100.11,-10.1,871540,False,0,6,1,Rock
1559695,Simple Man,816,Lynyrd Skynyrd,160195,Pronounced 'Leh-'Nérd 'Skin-'Nérd (Expanded Edition),2001-11-20,355,119.49,-12,883683,False,0,4,1,Rock
84282505,Proud Mary,2468,Creedence Clearwater Revival,8490167,Bayou Country (Expanded Edition),2014-08-25,188,120.2,-11.7,435741,False,0,6,1,Rock
1041329372,Mr. Brightside,897,The Killers,164869492,Hot Fuss,2020-08-07,223,0,-7.7,458373,False,0,2,1,Rock
1579730,More Than Words,527,Extreme,162022,20th Century Masters: The Millennium Collection: Best Of Extreme,2002-04-30,333,93.4,-1.68,652747,False,0,3,1,Rock
3111030,I'm Gonna Be (500 Miles),2887,The Proclaimers,300603,Sunshine on Leith,1988-01-01,219,131.7,-10.2,528301,False,0,1,1,Rock
13704591,Livin' la Vida Loca,2789,Ricky Martin,1254111,Ricky Martin,1999-05-01,243,178.2,-7,734123,False,0,1,1,Rock
116914026,Money,860,Pink Floyd,12114240,The Dark Side of the Moon,1973-03-01,388,0,-12.9,810818,True,1,6,1,Rock
134617107,Abracadabra,3351,Steve Miller Band,14355917,Abracadabra,2004-09-01,308,127.21,-16.7,361441,False,0,2,1,Rock
2293281,Learning To Fly,2110,Tom Petty And The Heartbreakers,228670,Into The Great Wide Open,2007-07-05,241,116.8,-12.4,723932,False,0,1,1,Rock
15174826,Open All Night,4762,Bruce Springsteen,1398519,Nebraska,1982-09-30,173,143.6,-15.9,323869,False,0,8,1,Rock
71828725,Rockstar,338,Nickelback,7057043,"The Best of Nickelback, Vol. 1",2013-11-01,255,144.1,-7.2,755418,False,6,4,1,Rock
341024831,Little Lies (2017 Remaster),169,Fleetwood Mac,38692011,Tango In the Night (Deluxe Edition),2017-02-24,221,124.91,-12.8,339201,False,6,7,1,Rock
2447230,Call Me The Breeze,1436,J.J. Cale,240880,Naturally,1987-09-14,155,0,-16.9,375330,False,0,1,1,Rock
665714672,Message In A Bottle,1981,The Police,93733642,Reggatta De Blanc (Remastered 2003),2019-04-15,290,0,-12.2,610621,False,0,1,1,Rock
2125097,Dude (Looks Like A Lady),1005,Aerosmith,213360,Permanent Vacation,2007-03-29,263,126.4,-6.5,613643,False,0,5,1,Rock
3590423,Long Time Gone (2005 Remaster),6205,"Crosby, Stills & Nash",339096,"Crosby, Stills & Nash",2006-01-23,256,106,-13.5,495422,False,6,9,1,Rock
3157066,Fly Away,189,Lenny Kravitz,303530,5,1999-06-01,222,0,-9.3,273601,False,0,8,1,Rock
2466017615,Peg,1156,Steely Dan,491146635,Aja,2023-09-29,236,0,-18.4,528735,False,0,4,1,Rock
2760161,On A Night Like This,5484,Buckwheat Zydeco,266674,On A Night Like This,2008-03-13,152,73.6,-2.86,72810,False,0,5,1,Rock
3167906,What's Love Got to Do with It,1454,Tina Turner,304199,What's Love Got to Do with It?,1993-06-15,226,97.7,-16.1,260494,False,0,12,1,Rock
3248376,My Sharona,4660,The Knack,309820,Get The Knack,2008-05-27,295,147.7,-13.1,721610,False,0,7,1,Rock
82525106,Straight On,7359,Heart,8285866,Dog & Butterfly,1978-10-07,305,117.1,-18.6,220035,False,0,4,1,Rock
15586215,Glory Days,4762,Bruce Springsteen,1440805,Born In The U.S.A.,1984-06-04,255,117.5,-9.2,631953,False,0,10,1,Rock
97098418,Hot for Teacher (2015 Remaster),1168,Van Halen,9884672,1984 (Remastered),1984-01-04,282,126.4,-8.2,589075,False,6,6,1,Rock
353398321,Eyes Without A Face,2111,Billy Idol,40483331,Rebel Yell,2017-04-28,297,170.84,-9.1,980241,False,0,3,1,Rock
3090499,Karma Chameleon (Remastered 2002),3183,Culture Club,299280,Colour By Numbers (Remastered / Expanded Edition),2003-03-01,252,183.8,-9.6,629774,False,0,1,1,Rock
563033,Lights,3381,Journey,73382,Infinity,2025-01-26,190,204.7,-12.7,257656,False,0,1,1,Rock
3217360611,Can't You See,7235,The Marshall Tucker Band,707936401,The Marshall Tucker Band,1973-08-01,365,0,-8.7,538093,False,0,2,1,Rock
66878472,Heart And Soul,248496042,Huey Lewis & The News,6540622,Sports,2013-05-14,250,121.6,-12,471775,False,0,2,1,Rock
1124237,King Of The Night Time World,67,Kiss,120869,Destroyer,1997-08-12,199,138.3,-8.8,228826,False,0,2,1,Rock
4952817,Long Hot Summer Night,849,Jimi Hendrix,454043,Electric Ladyland,2010-01-01,208,168.8,-9.7,356107,False,0,6,1,Rock
3360977,Don't Do It,3509,The Band,319820,To Kingdom Come (The Definitive Collection),2006-12-19,280,159.6,-14.4,160297,False,0,1,2,Rock
721983,You Are the Woman,64404,Firefall,86206,Firefall,1992-06-16,164,120.9,-15.4,267994,False,6,8,1,Rock
561677992,Less Honkin' More Tonkin',7201052,The Deslondes,74398662,The Deslondes,2015-06-09,102,0,-9.3,124890,False,0,4,1,Rock
3407566,On The Road Again,2105,Canned Heat,323767,The Best Of Canned Heat,1987-10-28,299,129.6,-18.8,552512,False,0,1,1,Rock
985722002,Don't Look Back In Anger,927,Oasis,153399712,Don't Look Back In Anger,1996-02-19,287,0,-7.1,970069,False,0,1,1,Rock
549286852,Jessica,6471,The Allman Brothers Band,72171602,Legendary Hits,2018-09-07,448,142.56,-14.9,433958,False,0,7,1,Rock
3410229851,No Broke Boys,65148802,Disco Lines,771059371,No Broke Boys,2025-06-06,163,0,-10.5,946199,True,1,1,1,Dance
1089524,If You're Ready (Come Go With Me),7592,The Staple Singers,117693,Stax Profiles: The Staple Singers,2006-04-25,271,100.8,-15.3,215448,False,0,3,1,Dance
70266756,Wake Me Up,293585,Avicii,6893935,True,2013-09-16,249,124.2,-8.7,921155,False,0,1,1,Dance
2790796972,360,1462230,Charli xcx,584082322,360,2024-05-10,133,0,-8.1,429923,True,1,1,1,Dance
3953687011,Butterfly Feelings,961592,Icona Pop,958821171,Butterfly Feelings,2026-05-22,156,0,-8.7,381933,False,0,1,1,Dance
641606502,Feel It All Around,372631,Washed Out,88974892,Life of Leisure,2009-09-08,192,128.8,-7.1,353528,False,0,4,1,Dance
3850680281,New Religion,4492087,Bebe Rexha,921523651,New Religion,2026-03-06,174,0,-7.1,996972,False,0,1,1,Dance
3988410711,Danceteria,290,Madonna,970728301,CONFESSIONS II,2026-07-03,235,0,-8.6,822465,True,1,5,1,Dance
88936747,Summer,12178,Calvin Harris,8990105,Motion,2014-11-03,221,0,-6.4,932591,False,0,8,1,Dance
2355217045,I'm Too Sexy,19,Right Said Fred,461058005,Up,1992-01-07,170,0,-18.1,343153,False,0,3,1,Dance
3952274861,DON'T BELIEVE IT,12170972,John Summit,958263371,CTRL ESCAPE,2026-04-15,187,0,-7.3,631411,False,0,5,1,Dance
3791401032,Aperture,5313805,Harry Styles,903024552,Aperture,2026-01-22,311,0,-8,798980,False,0,1,1,Dance
6640575,We Are Family (1995 Remaster),2397,Sister Sledge,614114,We Are Family (1995 Remaster),2009-10-06,216,119.5,-10.3,376986,False,6,5,1,Dance
4195078842,Te Estoy Correteando,6851443,Latin Mafia,1043456602,9 months & 50 hours,2026-07-31,193,0,-9.5,829146,False,0,12,1,Dance
4110611741,"Wo, man (Edit)",9549148,Peggy Gou,1013322021,"Wo, man (Edit)",2026-06-26,200,0,-8.7,828234,False,0,1,1,Dance
115671688,Cheap Thrills,3469,Sia,11987122,Cheap Thrills,2015-12-17,210,179.8,-8.5,616433,False,0,1,1,Dance
3205781411,The Less I Know The Better,177930417,Mau P,704115821,The Less I Know The Better,2025-02-28,176,0,-8.3,555682,False,0,1,1,Dance
434625962,Mambo No. 5 (a Little Bit of...),164,Lou Bega,52481782,A Little Bit of Mambo,1999-07-19,220,173.71,-9.2,830740,False,0,1,1,Dance
2136506587,Borderline,4103977,Tove Lo,403904157,Borderline,2023-02-10,193,0,-8.3,396480,False,0,1,1,Dance
3485446431,Do It To It,12869727,ACRAZE,797068131,Do It To It,2021-08-20,157,0,-8.9,150676,False,0,1,1,Dance
3117358471,Say My Name (Remix),50523252,Morgan Seatree,676894951,Say My Name (Remix),2024-12-06,167,0,-7.5,768870,False,0,1,1,Dance
2721406252,These Words,318860,Badger,564747952,These Words,2024-04-05,136,0,-6.3,620068,False,0,1,1,Dance
63017512,I Could Be The One (Avicii Vs. Nicky Romero) (Radio Edit),293585,Avicii,6186823,I Could Be The One [Avicii vs Nicky Romero],2012-12-29,208,128,-6.1,774205,False,0,1,1,Dance
451254022,The Middle,1198612,Zedd,55259802,The Middle,2018-01-23,184,106.83,-7.5,715592,False,0,1,1,Dance
480553372,Cracks (Flux Pavilion Remix),3499,Freestylers,60288052,Cracks,2010-08-25,281,140.15,-7.22,409628,False,0,2,1,Dance
621313532,Nothing Breaks Like a Heart (feat. Miley Cyrus) (Don Diablo Remix),13204,Mark Ronson,85083982,Nothing Breaks Like a Heart (feat. Miley Cyrus) (Don Diablo Remix),2019-01-25,216,124.16,-6.7,415942,False,0,1,1,Dance
3069116671,The Days (NOTION Remix),6462309,CHRYSTAL,664138041,The Days (NOTION Remix),2024-11-08,233,0,-8.5,821541,False,0,1,1,Dance
2826194232,Espresso (Mark Ronson x FNZ Working Late Remix),1176900,Sabrina Carpenter,594693972,Espresso (Working Late Remixes),2024-05-31,184,0,-7.8,379897,True,1,1,1,Dance
3185112831,I Follow Rivers,434,Tiësto,697659901,Prismatic: Pack One,2025-01-31,198,0,-7.8,775955,False,6,1,1,Dance
75541063,All of Me (Tiësto's Birthday Treatment Remix - Radio Edit),313,John Legend,7482043,All of Me (Tiësto's Birthday Treatment Remix - Radio Edit),2014-02-25,251,128,-9,560526,False,0,1,1,Dance
6625821,Two of Hearts,5833,Stacey Q,612726,Better Than Heaven,2008-12-23,239,0,-10.3,545613,False,6,1,1,Dance
1584432112,Come Baby Come,13179,K7,279127922,Swing Batta Swing,1993-11-09,239,106.01,-11.6,475293,False,0,1,1,Dance
3976602,Bulletproof,152788,La Roux,371822,La Roux,2009-06-29,206,123,-6.7,599524,False,0,4,1,Dance
142706538,Something Just Like This,892,Coldplay,15438310,Something Just Like This,2017-02-22,247,102.85,-7.7,896671,False,0,1,1,Dance
1344570072,Selfish Love (Tiësto Remix),482758,DJ Snake,223076342,Selfish Love (Tiësto Remix),2021-04-16,153,0,-9.4,274320,False,0,1,1,Dance
641606482,New Theory,372631,Washed Out,88974892,Life of Leisure,2009-09-08,168,100.35,-5.2,308487,False,0,2,1,Dance
2297911845,(It Goes Like) Nanana (Edit),9549148,Peggy Gou,445536515,(It Goes Like) Nanana (Edit),2023-06-15,231,0,-8.2,821951,False,0,1,1,Dance
455331892,Jellyhead (Radio Edit),14913605,Crush,55956342,Jellyhead,1997-01-09,214,146.09,-10.6,75032,False,0,3,1,Dance
2097659287,A Milli (SIDEPIECE Remix),74309,Lil Wayne,393709737,A Milli (SIDEPIECE Remix),2023-01-13,153,0,-8.8,234717,True,1,1,1,Dance
3076269681,Dirty Cash (Money Talks),6223838,PAWSA,666095981,Dirty Cash (Money Talks),2024-11-15,221,0,0,821163,False,0,1,1,Dance
129473380,This Is What You Came For (R3hab vs Henry Fong Remix),12178,Calvin Harris,13704628,This Is What You Came For (Remixes),2025-01-27,258,0,-8.5,313281,False,0,3,1,Dance
3450503201,Runaway (U & I),107301842,Ian Asher,784871791,Runaway (U & I),2025-07-11,147,0,-8,645218,False,0,1,1,Dance
3625503272,Free (You Got To Live),7803478,HUGEL,846013332,Free (You Got To Live),2025-11-28,173,0,-8.4,854480,False,0,1,1,Dance
122885994,Don't Let Me Down (W&W Remix),4104927,The Chainsmokers,12865058,Don't Let Me Down (Remixes),2016-04-15,195,160.25,-7.8,407133,False,0,1,1,Dance
2590040422,"Bitch, Don't Kill My Vibe",383270211,Trace,525249032,"Bitch, Don't Kill My Vibe",2024-01-12,157,0,-9.1,422980,True,1,1,1,Dance
3810497712,Just The Way You Are,3853,Milky,907506682,Just The Way You Are,2026-01-30,159,0,-8.2,699078,False,0,1,1,Dance
15421140,Levels (Skrillex Remix),293585,Avicii,1424066,Levels (Remixes),2011-12-19,281,140.2,-6.3,452328,False,0,1,1,Dance
105353316,Push The Feeling On (Mk Dub Revisited Edit),1016,Nightcrawlers,10974000,Push The Feeling On,2015-08-21,241,123,-17.7,731064,False,0,1,1,Dance
1643117092,Pressure (Alesso Radio Edit),382905,Nadia Ali,292574892,Pressure (Alesso Radio Edit),2011-08-23,182,128,-7.8,493736,False,0,1,1,Dance
3952534041,Like a Prayer,9308376,Josh Fawaz,958362581,Like a Prayer,2026-04-14,130,0,-10.4,790455,False,0,1,1,Dance
123883254,This Is What You Came For,12178,Calvin Harris,12988558,This Is What You Came For,2016-04-29,222,124.16,-6.8,938929,False,0,1,1,Dance
3843457421,Magnetic,241615471,The Bausa,918548261,Magnetic / Addicted To Your Love,2026-02-27,181,0,-8.5,971891,False,0,1,1,Dance
4005509791,POP DAT THANG (David Guetta Mix),11363014,DaBaby,977076411,POP DAT THANG (David Guetta Mix),2026-05-08,172,0,-7.1,584100,True,1,1,1,Dance
3923875561,CHICA 305,12170972,John Summit,948288481,CHICA 305,2026-04-03,188,0,-7.8,512477,False,0,1,1,Dance
3931003391,i need u,6741503,BUNT.,951061581,i need u,2026-04-03,225,0,-8.9,627209,False,0,1,1,Dance
4081983971,Don't Want Your Love (RØZ Remix),4740968,ILLENIUM,1003731011,Don't Want Your Love (RØZ Remix),2026-06-19,163,0,-4.8,115506,False,0,1,1,Dance
2865992182,"She’s Gone, Dance On (Carlita Remix)",409796,Disclosure,607465242,"She’s Gone, Dance On (Carlita Remix)",2024-07-05,214,0,-9.2,310554,False,0,1,1,Dance
1580929622,What's on Your Mind (Pure Energy),66096,Information Society,278465972,Information Society,1988-06-21,275,118.12,-17.3,524634,False,0,1,1,Dance
3949047621,Dive Into Me (Hypaton Remix),1429841,Alok,957120491,Dive Into Me (Remixes),2026-04-17,137,0,-7.4,228693,False,0,2,1,Dance
842107412,when we met.,12062642,Elijah Lee,124419052,January,2020-01-03,150,0,-8.4,15627,False,0,2,1,Dance
1270028752,Streets (Disclosure Remix),5578942,Doja Cat,213537972,Streets (Disclosure Remix),2021-03-12,254,0,-10.6,319551,True,1,1,1,Dance
1724960817,Hallucination (Navos Remix),8185084,Regard,312075737,Hallucination (Navos Remix),2022-04-29,150,0,-9.8,340612,True,1,1,1,Dance
32116961,Where Have You Been (Hardwell Club Mix),564,Rihanna,3093701,Where Have You Been (Remixes),2012-05-22,395,128,-6.7,322391,False,0,1,1,Dance
1951192377,Escape (John Summit Remix),142381,deadmau5,363780207,Escape (John Summit Remix),2022-06-03,226,0,-8.2,353026,False,0,1,1,Dance
2163368827,Assumptions (Kaytranada Edit),7497634,Sam Gellaitry,410881257,Assumptions (Kaytranada Edit),2023-03-10,288,0,-9.8,335988,False,0,1,1,Dance
4008734111,Seratonin,8205210,James Hype,978220351,Seratonin,2026-05-15,115,0,-7.7,782019,False,0,1,1,Dance
3983205411,Magnetic (Samm Remix),241615471,The Bausa,968763141,Magnetic (Samm Remix),2026-05-08,218,0,-10.2,378510,False,0,1,1,Dance
61453569,Don't You Worry Child (Tom Staar & Kryder Remix),407188,Swedish House Mafia,6022128,Don't You Worry Child (Remixes),2012-10-26,380,128,-6.6,174089,False,0,1,1,Dance
3570013781,No Broke Boys (AVELLO Remix),65148802,Disco Lines,826437471,No Broke Boys (AVELLO Remix),2025-09-26,164,0,-5.7,460150,True,1,1,1,Dance
4000302791,What You Want (Fcukers Remix),1042268,Angèle,975291091,What You Want (Fcukers Remix),2026-05-13,202,0,-8.6,535977,False,0,1,1,Dance
3997559611,Do You Mind (Remix),244962,Kyla,974049241,Do You Mind (Remix),2009-07-06,209,0,-8,854792,False,0,1,1,Dance
4082082121,Invisible,204924487,Jazzy,1003767721,Invisible,2026-06-19,196,0,-8,653558,True,1,1,1,Dance
91579846,Take Ü There (feat. Kiesza) (Tchami Remix),6699381,Jack Ü,9291708,Take Ü There (feat. Kiesza) (Remixes),2014-12-23,273,126.8,-7.1,175214,False,6,7,1,Dance
1637377362,Moth To A Flame (Chris Lake Remix),407188,Swedish House Mafia,291202302,Moth To A Flame (Chris Lake Remix),2022-02-04,278,0,-8.2,242971,False,0,1,1,Dance
3475771181,All The Things She Said (Culture Shock Version),410770,Culture Shock,793427221,All The Things She Said (Culture Shock Version),2025-09-12,158,0,-4.7,331843,True,1,1,1,Dance
4160058162,run,9757762,Amelie Lens,1031502562,run,2026-08-07,262,0,-6.1,740324,False,0,1,1,Dance
3355164441,Silence (John Summit Remix),561,Delerium,752900211,Silence (John Summit Remix),2025-05-14,275,0,-7,683503,False,0,1,1,Dance
3834025051,Don't Remind Me (KILIMANJARO Remix),10126424,Amber Mark,915475081,Don't Remind Me (KILIMANJARO Remix),2026-02-13,163,0,-7.4,165954,True,1,1,1,Dance
2871900192,Black Friday (pretty like the sun),5866223,Lost Frequencies,609557172,Black Friday (pretty like the sun),2024-07-19,145,0,-10.1,791990,False,0,1,1,Dance
3046234271,Devil's Water,59511,Rennie Foster,657044001,Devil's Water,2009-04-04,371,0,-10.8,31312,False,0,1,1,Dance
3893519961,..FEISTY (Oppidan remix),97855452,Oppidan,937155361,USB002 REMIXES,2026-03-05,161,0,-8.5,376989,True,1,2,1,Dance
3598950442,DNCR,4576,Kaskade,836871492,DNCR / imprint,2025-10-16,187,0,-8.4,211289,False,0,1,1,Dance
3503251571,Sweet Nothing (2025 Edit),162668,D.O.D,803061021,Sweet Nothing (2025 Edit),2025-08-22,202,0,-6.9,624926,False,0,1,1,Dance
1992816487,Never Gonna Not Dance Again,69925,P!nk,371500807,Never Gonna Not Dance Again,2022-11-04,225,0,-7.4,643505,True,1,1,1,Dance
3892170151,Bulletproof,152788,La Roux,936730731,Bulletproof,2026-03-13,174,0,-6.9,357330,False,0,1,1,Dance
3719577452,All I Think About,64841772,Jack Orley,878481422,All I Think About,2026-01-16,161,0,-7.3,367248,False,0,1,1,Dance
3433564151,light years (Matt Sassari Remix),12170972,John Summit,779069161,light years (Matt Sassari Remix),2025-07-04,149,0,-9.5,246608,False,0,1,1,Dance
3984147451,Meet Again,4576,Kaskade,969094591,Meet Again,2026-05-08,206,0,-7.6,492065,False,0,1,1,Dance
2442494585,Happier (Breathe Carolina Remix),7890702,Marshmello,484844775,Happier (Remixes),2018-10-19,158,0,-7.2,355025,False,0,2,1,Dance
5617992,Don't Walk Away,287151801,Jade,512928,Jade To The Max,1992-11-13,284,102.8,-13.1,510919,False,6,1,1,Dance
3897626871,My Loving (Morgan Seatree Remix),431341,Sonny Fodera,938599301,My Loving (Morgan Seatree Remix),2026-03-20,152,0,-8.7,178066,False,0,1,1,Dance
3591973112,Psycho Killer (The Cube Guys Remix Radio Edit),181,Talking Heads,834356132,Psycho Killer (The Cube Guys Remix),2025-10-31,181,0,-6.8,93902,False,0,1,1,Dance
3898197591,Actin' Tough,129070482,Dean Turnley,938823351,Actin' Tough,2026-03-20,187,0,-10.9,656917,True,1,1,1,Dance
3449729641,Stay (Ely Oaks Version),127463032,Ely Oaks,784618811,Stay (Ely Oaks Version),2025-07-10,159,0,-7.3,464605,False,0,1,1,Dance
3410232121,Folded,5603027,Kehlani,771060011,Folded,2025-06-11,238,0,-9.1,828443,False,0,1,1,R&B
2929833161,MUTT,85065212,Leon Thomas,623711221,MUTT,2024-08-09,193,0,-10,725580,True,1,1,1,R&B
4677572,Upside Down,4699,Diana Ross,430643,Diana,2003-08-05,244,0,-12.2,794190,False,0,1,1,R&B
2755315691,Love Me Not,8973774,Ravyn Lenae,574707311,Love Me Not / Love Is Blind,2024-05-03,213,0,-9.3,988877,False,0,1,1,R&B
2672689962,Saturn,5531258,SZA,551021732,Saturn,2025-01-24,181,0,-9.3,706724,False,0,1,1,R&B
664178,Kiss,1878,Prince,80527,Parade - Music from the Motion Picture Under the Cherry Moon,2007-07-30,226,111.44,-15.6,839151,False,6,10,1,R&B
97095572,Let's Stay Together,2369,Al Green,9884426,Let's Stay Together,2015-03-23,199,0,-12.2,785551,False,0,1,1,R&B
2055292087,Snooze,5531258,SZA,383703577,SOS,2022-12-09,201,0,-10,845535,True,1,8,1,R&B
4058771501,Saturday Night,8973774,Ravyn Lenae,996410461,Blue Island,2026-08-07,217,0,-8.6,392726,False,6,8,1,R&B
4038764841,NOBLE,90496732,F3miii,988945001,NOBLE (Slowed Down),2026-05-22,186,0,-9.2,799009,False,0,2,1,R&B
2055292027,Kill Bill,5531258,SZA,383703577,SOS,2022-12-09,153,0,-8,832407,False,0,2,1,R&B
3034835481,PUSH 2 START,1220981,Tyla,653495621,TYLA +,2024-10-11,157,0,-7.8,772784,False,0,2,1,R&B
722656,(Sittin' On) the Dock of the Bay,2945,Otis Redding,86264,The Very Best of Otis Redding,1992-11-06,166,102.85,-15.6,647170,False,0,15,1,R&B
2742721261,Residuals,102,Chris Brown,570960751,11:11 (Deluxe),2024-04-11,215,0,-10,620031,False,0,13,1,R&B
1043894,Waterfalls,183,TLC,113976,Crazysexycool,1994-11-15,276,86,-11.5,696272,False,0,8,1,R&B
608507,Never Too Much,521,Luther Vandross,77127,Never Too Much,1981-07-23,230,110.54,-15.3,733502,False,0,1,1,R&B
412184692,Need Your Love,4651129,Curtis Harding,49039712,Face Your Fear,2017-10-27,177,140.15,-8.8,734971,False,0,6,1,R&B
1352360622,Save Your Tears (Remix),4050205,The Weeknd,225079122,Save Your Tears (Remix),2021-04-23,191,0,-7.2,955578,False,0,1,1,R&B
2119674,On & On,2056,Erykah Badu,212837,Baduizm,1998-07-14,226,80.28,-13.1,418433,True,1,2,1,R&B
3870825,Hey Jude,1398,Wilson Pickett,361616,Hey Jude,2007-10-16,247,163.4,-17.4,178414,False,6,2,1,R&B
82524066,Pony,191,Ginuwine,8285790,Ginuwine... The Bachelor,1996-10-08,325,142.1,-10.8,726985,False,0,2,1,R&B
361115931,The Weight,7592,The Staple Singers,41487341,Soul Folk In Action,2017-05-19,273,152,-17.2,124209,False,0,5,1,R&B
2367069805,It Depends On Who You Ask,15008095,Abe Lamarca,464220105,It Depends On Who You Ask,2023-07-24,281,0,-8.2,7792,False,0,1,1,R&B
1075781,No Scrubs,183,TLC,116323,Fanmail,1999-02-23,214,92.9,-9.7,968382,False,0,5,1,R&B
1874604187,Loving Is Easy,11361878,Rex Orange County,348224927,Loving is Easy,2017-10-11,155,0,-9.9,552888,True,1,1,1,R&B
3232025631,NOKIA,246791,Drake,712442261,$ome $exy $ongs 4 U,2025-02-14,241,0,-7.5,784055,True,1,14,1,R&B
2176858,Tears Dry On Their Own,9052,Amy Winehouse,217795,Back To Black,2006-10-30,184,121.6,-7.3,807331,True,1,7,1,R&B
1225758552,Blinding Lights,4050205,The Weeknd,203644252,The Highlights,2021-02-05,200,0,-8.8,442452,False,0,2,1,R&B
487484142,September,248,"Earth, Wind & Fire",61504292,September,2018-04-17,215,126.43,-12.7,934544,False,0,1,1,R&B
779389562,The World (Is Going Up in Flames),1027239,Charles Bradley,115388142,No Time For Dreaming,2011-01-25,202,0,-12.5,571729,False,0,1,1,R&B
568706062,Weak,2380,SWV,75744702,Weak - EP,2018-10-26,290,127.6,-14.9,91960,False,0,1,1,R&B
5093796,Kiss from a Rose,1444,Seal,467277,Seal,1994-05-31,288,131.7,-8.9,441136,False,6,6,1,R&B
90556565,Midnight Train to Georgia (Short Version),9999,Gladys Knight & The Pips,9180425,Imagination (Expanded Edition),2014-11-28,197,88.5,-13.6,559015,False,0,12,1,R&B
115195420,Move on Up (Single Edit),2027,Curtis Mayfield,11936982,Move on Up (Single Edit),2015-12-18,165,138.3,-10,817822,False,6,1,1,R&B
4022106201,touch myself,14601135,kwn,982917661,touch myself/idea of love,2026-05-22,249,0,-8.7,579435,False,0,1,1,R&B
586048,"Summer Breeze, Pts. 1 & 2",732,The Isley Brothers,75255,The Essential Isley Brothers,2004-08-03,372,158.4,-11.4,312818,False,0,10,1,R&B
14548525,Ooh Baby Baby,74346,Will Downing,1337541,Yesterday,2011-11-10,310,156,-9.9,36170,False,0,4,1,R&B
509743702,Keep on Running,5947414,Byrne & Barnes,65247722,An Eye for an Eye,2016-06-17,197,0,-13.4,212833,False,0,7,1,R&B
788643242,"Signed, Sealed, Delivered (I'm Yours)",166,Stevie Wonder,116586982,Signed Sealed And Delivered,2019-11-01,160,0,-12.3,687076,False,0,3,1,R&B
1692662987,Good Morning Gorgeous (feat. H.E.R.),152,Mary J. Blige,304628817,Good Morning Gorgeous (feat. H.E.R.),2022-03-25,174,0,-9.6,247325,False,6,1,1,R&B
4220780612,You're Gonna Need Me,146648222,Fred Robertson,1053044682,You're Gonna Need Me,2026-08-10,255,0,-14,100000,False,0,1,1,R&B
141688205,Love and Happiness,2369,Al Green,15300751,Greatest Hits,1975-05-29,303,100.59,-12.5,664801,False,0,5,1,R&B
2988053201,Dancing In The Flames,4050205,The Weeknd,641319771,Dancing In The Flames,2024-09-13,220,0,-8.8,837125,False,0,1,1,R&B
3340837,Golden Time Of Day (Remastered),2398,Maze,318397,Golden Time Of Day (Remastered),2004-05-18,333,197.8,-11.7,140789,False,0,5,1,R&B
3867905081,Risk It All,429675,Bruno Mars,927507111,The Romantic,2026-02-27,204,0,-13.5,934623,False,6,1,1,R&B
788653842,Doing It To Death (Single Edit),182978,Fred Wesley & The J.B.'s,116587842,The Best Of James Brown 20th Century The Millennium Collection Vol. 3,2019-11-01,304,0,-13,267579,False,0,1,1,R&B
7035053,Wake up Everybody (feat. Common & Melanie Fiona),313,John Legend,647832,Wake Up!,2010-09-17,265,94,-11.6,416136,False,0,3,1,R&B
2112268,Real Love,152,Mary J. Blige,212179,What's The 411?,2007-12-06,270,95,-11.4,547732,False,0,3,1,R&B
779499172,Midnight Rider,62380,Sharon Jones & The Dap-Kings,115415852,Midnight Rider,2016-06-22,198,0,-7.8,198921,False,0,1,1,R&B
779395172,Better Things,62380,Sharon Jones & The Dap-Kings,115389192,I Learned the Hard Way,2010-04-06,220,0,-12,340250,False,0,3,1,R&B
3473370681,It Depends (feat. Bryson Tiller),102,Chris Brown,792547221,It Depends (feat. Bryson Tiller),2025-07-25,271,0,-9.9,660979,True,1,1,1,R&B
3612800442,Who Knows,5245183,Daniel Caesar,841629142,Son Of Spergy,2025-10-24,226,0,-12.8,847746,False,0,6,1,R&B
509743642,Never Gonna Stop Lovin' You,5947414,Byrne & Barnes,65247722,An Eye for an Eye,2016-06-17,217,0,-11.7,165447,False,0,1,1,R&B
820922982,A Good Song,1083455,Swamp Dogg,120851172,Sorry You Couldn't Make It,2020-03-06,174,0,-14.1,37502,False,0,9,1,R&B
492476222,Beyond,7420680,Leon Bridges,62342872,Good Thing,2018-05-04,240,152,-9,563470,False,0,4,1,R&B
3822029,Can We Talk,8846,Tevin Campbell,356316,I'm Ready,2021-02-12,284,172.27,-14.5,296977,False,6,1,1,R&B
3501645,That's The Way Love Goes,262,Janet Jackson,331659,Janet,2000-07-06,265,97.7,-12.3,669031,False,0,2,1,R&B
3982036791,AIN'T U TIRED?,9262400,Jessie Reyez,968464451,AIN'T U TIRED?,2026-05-01,221,0,-8.6,446488,True,1,1,1,R&B
2164606877,Die For You (Remix),4050205,The Weeknd,411132237,Die For You (Remix),2023-02-24,232,0,-8.4,649652,False,0,1,1,R&B
7634922,Lovely Day,1118,Bill Withers,704074,Lean on Me: The Best of Bill Withers,1994-08-09,254,98,-15.7,302995,False,0,10,1,R&B
2176853,You Know I'm No Good,9052,Amy Winehouse,217795,Back To Black,2006-10-30,259,204.7,-7.2,867273,False,0,2,1,R&B
143047952,Spill The Wine,5858,Eric Burdon,15484638,Eric Burdon Declares War,1970-01-01,294,119.49,-16.1,325644,False,6,3,1,R&B
4078982021,Sunshine,54236722,anaiis,1002843301,Sunshine / P4P,2026-07-10,220,0,-9.2,338665,False,0,1,1,R&B
3958539161,HELLO!,5374412,Durand Bernarr,960734581,BERNARR.,2026-05-01,205,0,-9.8,192520,False,0,2,1,R&B
2294360925,Just Can't Win 'Em All,4026000,Stevie Woods,444573965,Take Me to Your Heaven,1981-01-01,250,0,-12.1,104998,False,0,2,1,R&B
1276848932,Girls Know How,14984,Al Jarreau,215121582,Al Jarreau Works,2021-03-24,210,0,-10.6,176079,False,0,22,1,R&B
4092065251,Man On A Mission (feat. Wizkid),102,Chris Brown,1007369311,BROWN (The Chocolate Edition),2026-06-19,232,0,-9.6,580553,True,1,2,1,R&B
1012940,Always Be My Baby,65,Mariah Carey,111706,Daydream,1995-10-03,258,157.8,-12.6,633334,False,0,5,1,R&B
3953833891,linknb,4648381,Kelela,958873731,linknb,2026-05-05,115,0,-10.5,257147,False,0,1,1,R&B
6632138,Here Comes the Pain Again,66947,Karyn White,613316,Make Him Do Right,1994-09-23,267,85.1,-12.3,120502,False,6,5,1,R&B
1171629,Umbrella (Radio Edit),564,Rihanna,125398,Umbrella,2007-05-22,256,173.7,-8.7,781744,False,0,1,1,R&B
15388216,You Make Me Wanna...,17,USHER,1421028,My Way,1997-09-16,219,164.1,-11.5,495811,False,0,1,1,R&B
92298788,Sugah Daddy,5004,D'Angelo,9366536,Black Messiah,2014-12-15,302,92.7,-12.1,350715,False,0,4,1,R&B
140302333,Tired of Being Alone,2369,Al Green,15104553,Tired of Being Alone,2016-12-01,172,0,-11.1,665688,False,0,4,1,R&B
4022872421,WNBA,246791,Drake,983217461,HABIBTI,2026-05-15,178,0,-9.4,713757,True,1,2,1,R&B
484117402,Carry Me Home,9945222,Jorja Smith,60939432,Project 11,2016-11-17,282,119.84,-11.1,432896,False,0,4,1,R&B
3403454,Across 110th Street,2451,Bobby Womack,323350,Anthology,2003-09-18,230,110,-17.4,635028,False,3,2,2,R&B
3812250232,Might Just,11116250,Ella Mai,908070392,Do You Still Love Me?,2026-02-06,223,0,-10,624774,True,1,9,1,R&B
4015133581,JEZEBEL,48995601,Giveon,980662371,BELOVED: ACT II,2026-05-15,265,0,-9.7,546352,False,0,1,1,R&B
346967971,Heart Beat,6243,The Pointer Sisters,39506411,So Excited! (Expanded Edition),1982-02-01,262,117.12,-11.8,150008,False,0,4,1,R&B
765887552,Poison,7548,Bell Biv DeVoe,113022192,Poison (Expanded Edition),2019-10-04,261,0,-12.7,689304,False,0,6,1,R&B
67163992,Un-Break My Heart,1760,Toni Braxton,6568751,Secrets,1996-06-18,270,110,-12.4,764848,False,0,4,1,R&B
3949488111,Obvious,102,Chris Brown,957252991,Obvious,2026-04-10,186,0,-9.1,601759,True,1,1,1,R&B
2119675,Appletree,2056,Erykah Badu,212837,Baduizm,1998-07-14,265,0,-13.1,475652,False,0,3,1,R&B
3958539291,My Life,5374412,Durand Bernarr,960734581,BERNARR.,2026-05-01,212,0,-9.6,297769,False,0,15,1,R&B
4022872471,Classic,246791,Drake,983217461,HABIBTI,2026-05-15,179,0,-10.2,642021,True,1,7,1,R&B
102086970,Coming Home,7420680,Leon Bridges,10601032,Coming Home,2015-06-15,216,74.8,-8.9,420195,False,0,1,1,R&B
3662406992,Robbed You,14482665,Summer Walker,858694152,Finally Over It,2025-11-17,198,0,-8.3,128101,False,3,2,1,R&B
4097964281,Limit,52471452,Nia Smith,1009297491,Payback Is A Dog (EP),2026-06-26,166,0,-9.6,292860,False,0,2,1,R&B
407645462,Look Who's Lonely Now,7552,Randy Crawford,48290402,Windsong,1982-05-26,218,0,-18.1,195608,False,0,1,1,R&B
2688805,Wishing on a Star,2360,Rose Royce,260284,The Very Best Of Rose Royce,2001-06-05,292,93.8,-15,459890,False,6,3,1,R&B
3822129,Breakin' Away,14984,Al Jarreau,356323,Breakin' Away,2009-07-14,253,143.6,-21.5,413415,False,6,6,1,R&B
4097964301,Stuntin,52471452,Nia Smith,1009297491,Payback Is A Dog (EP),2026-06-26,198,0,-9.2,433339,True,1,4,1,R&B
3765666322,other side.,7397124,Brent Faiyaz,894459272,Icon,2026-02-13,195,0,-8.8,601093,False,0,5,1,R&B
95873824,Celebration,305,Kool & The Gang,9751930,Celebrate!,1986-06-03,298,0,-17.4,775993,False,0,1,1,R&B
3050350231,Hard Work,78325,Walter Beasley,658274671,I'm Back,2015-08-20,262,0,-11.4,40979,False,0,1,1,R&B
4065057331,Nowhere Fast,10318770,Lucky Daye,998718431,Nowhere Fast,2026-06-26,176,0,-9.9,377259,False,0,1,1,R&B
3285890751,mangetout,134334152,Wet Leg,730000661,moisturizer,2025-07-11,204,0,-7.3,678844,True,1,6,1,Alternative
3202155021,Delete Ya,70227002,Djo,702770871,Delete Ya,2025-02-27,203,0,-9,711233,False,0,1,1,Alternative
2365569495,My Love Mine All Mine,6630050,Mitski,463824335,The Land Is Inhospitable and So Are We,2023-09-15,138,0,-14,888523,False,0,7,1,Alternative
2310201655,Stick Season,11819131,Noah Kahan,448625925,Stick Season (We'll All Be Here Forever),2023-06-09,182,0,-9.7,848642,False,0,2,1,Alternative
936899,Where Is My Mind?,652,Pixies,105352,Death to the Pixies,1997-10-06,229,0,-15.4,935713,False,0,14,1,Alternative
564326662,Babydoll,13864157,Dominic Fike,74919842,"Don't Forget About Me, Demos",2018-10-16,98,168.06,-9,985606,False,0,3,1,Alternative
3852206111,Drag Path,647650,Twenty One Pilots,922008721,Drag Path,2026-02-17,224,0,-7.6,813421,False,0,1,1,Alternative
828216172,Texas Sun,5328540,Khruangbin,122307052,Texas Sun,2020-02-07,252,0,-12.8,734333,False,0,1,1,Alternative
725241,Around the World,182,Red Hot Chili Peppers,86511,Californication (Deluxe Edition),2004-10-26,238,189.7,-5.9,725245,True,1,1,1,Alternative
115711060,Wait a Minute!,70942,WILLOW,11991466,ARDIPITHECUS,2015-12-18,196,101.08,-9.6,823418,False,0,13,1,Alternative
2816073782,Sienna,12607183,The Marías,591265602,Submarine,2024-05-31,224,0,-7.9,811425,False,6,14,1,Alternative
3939622721,White Noise,83527112,Holly Humberstone,953535611,Cruel World,2026-04-10,225,0,-7,389811,False,0,6,1,Alternative
136334560,Losing My Religion,129,R.E.M.,14581358,Out Of Time,2016-11-18,266,125.66,-8.6,973013,False,0,2,1,Alternative
680516,Dani California,182,Red Hot Chili Peppers,82107,Stadium Arcadium,2006-05-05,282,95.9,-6.6,859710,False,6,1,1,Alternative
802283032,Supalonely,67244002,BENEE,118373072,STELLA & STEVE,2019-11-15,223,128.8,-8.4,676680,True,1,2,1,Alternative
945389,Here Comes Your Man,652,Pixies,106387,Doolittle,1989-04-17,201,0,-15.2,718105,False,0,5,1,Alternative
90326361,Shut Up and Dance,525307,WALK THE MOON,9154869,TALKING IS HARD,2014-12-02,197,128,-6.7,909190,False,0,3,1,Alternative
778429,Good Riddance (Time of Your Life),52,Green Day,91258,Nimrod,1997-10-14,153,94.6,-11.2,817088,True,1,17,1,Alternative
3131304,Santa Monica,3132,Everclear,301840,Sparkle And Fade,1995-05-11,194,101.8,-10.1,476468,False,0,4,1,Alternative
3651959272,White Keys,13864157,Dominic Fike,855168092,White Keys,2025-11-14,141,0,-9.3,887767,False,0,1,1,Alternative
3416737961,Rein Me In,12096672,Sam Fender,773306041,Rein Me In,2025-06-20,339,0,-9.2,900174,True,1,1,1,Alternative
938553,Cars,2706,Gary Numan,105582,The Pleasure Principle,1979-09-07,238,0,-12.1,635364,False,0,9,1,Alternative
86040457,Go Away,418,Weezer,8678935,Everything Will Be Alright In The End,2014-10-07,194,0,-7.9,725874,False,0,8,1,Alternative
4214712622,Lost Boys,1058631,Phoebe Bridgers,1050716582,Lost Weekend,2026-08-14,255,0,-9.1,694078,False,0,2,1,Alternative
2732302771,Earrings,193142737,Malcolm Todd,567736181,Sweet Boy,2024-04-05,151,0,-9.3,959265,False,0,1,1,Alternative
2622232942,Home,250680782,Good Neighbours,535576752,Home,2024-06-14,157,0,-7.6,771290,False,0,1,1,Alternative
3151351511,back to friends,145468192,sombr,686344041,back to friends,2024-12-27,199,0,-5.5,980345,False,6,1,1,Alternative
4151325372,oh yeah?,65574,Steve Lacy,1028123642,Oh yeah?,2026-07-17,170,0,-8.4,976963,True,1,1,1,Alternative
2758511491,No One Noticed,12607183,The Marías,575539001,If Only + No One Noticed,2024-05-03,236,0,-8.8,549922,False,6,2,1,Alternative
3979667931,Orbiter,11819131,Noah Kahan,967773741,The Great Divide: The Last Of The Bugs,2026-04-25,287,0,-10.4,889678,False,0,20,1,Alternative
1357792772,First Day of My Life,947,Bright Eyes,226439912,"I'm Wide Awake, It's Morning",2005-01-25,189,0,-14.4,644648,False,0,6,1,Alternative
2210446317,The Hardest Button to Button,636,The White Stripes,422329267,Elephant (Deluxe),2023-03-31,212,0,-11.6,636463,False,0,9,1,Alternative
74689498,Better Than,567146,Lake Street Dive,7380296,Bad Self Portraits,2014-02-18,216,156.01,-11.9,403550,False,0,3,1,Alternative
985938122,Supersonic,927,Oasis,153444042,Supersonic,1994-04-11,283,0,-8.1,893959,False,0,1,1,Alternative
950980,So Alive,9106,Love and Rockets,106986,Love And Rockets,2002-09-02,257,0,-16.7,121030,False,0,8,1,Alternative
70403444,A World Alone,4448485,Lorde,6909237,Pure Heroine,2013-09-30,294,118.1,-9.4,661069,False,0,10,1,Alternative
725274,Californication,182,Red Hot Chili Peppers,86511,Californication (Deluxe Edition),2004-10-26,329,96.8,-6.7,957783,False,6,6,1,Alternative
3777292572,To Love Somebody,83527112,Holly Humberstone,898492882,To Love Somebody,2026-01-23,238,0,-6.2,386903,False,3,1,1,Alternative
985745702,Wonderwall,927,Oasis,153406392,(What's The Story) Morning Glory?,1995-10-02,258,0,-8.5,988464,False,0,3,1,Alternative
143602140,Anchor,5549375,Novo Amor,15556186,Bathing Beach,2017-05-26,257,117.12,-8.7,729054,False,0,3,1,Alternative
1137208172,New Slang,1340,The Shins,185289442,"Oh, Inverted World",2001-06-19,231,0,-11.8,680170,False,0,6,1,Alternative
3974113431,Doors,11819131,Noah Kahan,966097281,The Great Divide,2026-04-24,231,0,-9.2,711435,True,1,2,1,Alternative
655095912,bad guy,9635624,Billie Eilish,91598612,"WHEN WE ALL FALL ASLEEP, WHERE DO WE GO?",2019-03-29,194,135.11,-8.2,932130,False,0,2,1,Alternative
1627955162,Simulation Swarm,9829340,Big Thief,289107242,Dragon New Warm Mountain I Believe In You,2022-02-11,252,0,-9.3,609550,False,0,17,1,Alternative
134024948,Waste A Moment,385,Kings Of Leon,14283976,WALLS,2016-10-14,183,152.56,-7.7,630322,False,0,1,1,Alternative
16501728,We Are Young (feat. Janelle Monáe),380832,fun.,1543242,Some Nights,2012-02-14,250,92.1,-8.4,897622,False,6,3,1,Alternative
142253723,Alaska,5617341,Maggie Rogers,15373491,Now That The Light Is Fading,2017-02-16,189,103.88,-11.4,572143,False,0,2,1,Alternative
60449861,The One I Love (Remastered 2012),129,R.E.M.,5909291,Document - 25th Anniversary Edition,2012-09-21,197,127.6,-7.4,425504,False,0,7,1,Alternative
71955234,Mr. Brightside,897,The Killers,7067736,Direct Hits,2013-11-11,223,0,-6.3,711026,False,0,1,1,Alternative
1084243142,Five More Minutes,7224626,The War And Treaty,174181652,Hearts Town,2020-09-25,224,0,-11.4,62499,False,0,3,1,Alternative
138544261,High and Dry,399,Radiohead,14880317,The Bends,1995-03-13,257,174.45,-12.9,776015,False,0,3,1,Alternative
4130012131,I Feel Hope Coming,1624980,Alabama Shakes,1020193471,I Feel Hope Coming,2026-07-10,311,0,-6.3,389427,False,0,1,1,Alternative
2739251401,Ministry,869752,Karen O,569767241,Lux Prima,2019-03-15,306,0,-11.8,496183,False,0,2,1,Alternative
2922954161,Home (2019 Remaster),248102,Edward Sharpe & The Magnetic Zeros,621929491,Up From Below - 10th Anniversary Edition,2009-07-07,306,0,-8.6,740871,False,0,6,1,Alternative
75812668,Holocene,78668,Bon Iver,7511038,"Bon Iver, Bon Iver",2011-06-21,337,0,-13.5,655095,True,1,3,1,Alternative
13785959,This Charming Man (2011 Remaster),1297,The Smiths,1261473,The Smiths,2001-06-26,162,104.1,-10.3,576749,False,0,6,1,Alternative
1137179712,Such Great Heights,1653,Iron & Wine,185285102,Around the Well,2009-05-19,251,0,-12.5,650792,False,0,11,1,Alternative
751126,The Killing Moon,166763,Echo and the Bunnymen,88895,Songs to Learn & Sing,1998-11-30,346,124.2,-8,666451,False,0,8,1,Alternative
1551696422,In The Morning (Solstice Version),74444,Fleet Foxes,272407792,A Very Lonely Solstice,2021-12-10,132,0,-12.6,212606,False,0,3,1,Alternative
2801558062,WILDFLOWER,9635624,Billie Eilish,586786102,HIT ME HARD AND SOFT,2024-05-17,261,0,-12.1,964181,False,0,5,1,Alternative
1491989872,These Days,1039,Cat Power,258264972,Covers,2022-01-14,224,0,-12.6,397457,False,0,8,1,Alternative
490821062,Tieduprightnow,7626764,Parcels,62085522,Tieduprightnow,2018-04-27,249,102.08,-11,705287,False,0,1,1,Alternative
3230484081,Safeandsound,7626764,Parcels,711950811,Safeandsound,2025-03-12,277,0,-9.5,650489,False,0,1,1,Alternative
407645032,Plush (2017 Remaster),4435,Stone Temple Pilots,48290362,Core (Super Deluxe Edition),2017-09-29,313,144.56,-9.7,421773,False,6,9,1,Alternative
62791751,1979 (Remastered 2012),193331,The Smashing Pumpkins,6163131,Mellon Collie And The Infinite Sadness (Deluxe Edition),2012-11-30,266,126.82,-11.3,462594,False,0,5,2,Alternative
70322130,Do I Wanna Know?,1182,Arctic Monkeys,6899610,AM,2013-09-09,272,84.89,-10.1,931645,False,0,1,1,Alternative
133098890,Hey There Delilah,959,Plain White T's,14167560,All That We Needed,2016-09-30,232,103.88,-11,466781,False,0,13,1,Alternative
2287764037,Say Yes To Heaven,1424821,Lana Del Rey,442551107,Say Yes To Heaven,2023-05-19,209,0,-10.8,870317,False,0,1,1,Alternative
678053,When I Come Around,52,Green Day,81912,Dookie,2003-04-22,178,193.2,-7.6,744416,False,6,10,1,Alternative
3709131862,Beams,13286961,Arlo Parks,874844222,Ambiguous Desire,2026-04-03,219,0,-8.8,459154,False,0,6,1,Alternative
460264972,No Wrong,469470,Bahamas,56732602,Earthtones,2018-02-16,229,119.15,-10,464637,False,0,3,1,Alternative
427638182,Boulevard of Broken Dreams,52,Green Day,51488752,Greatest Hits: God's Favorite Band,2017-11-17,262,166.71,-7.3,736178,True,1,14,1,Alternative
526540802,Me and My Husband,6630050,Mitski,68052032,Be the Cowboy,2018-08-17,137,172.27,-8.9,590237,False,0,7,1,Alternative
2833834872,Apple,1462230,Charli xcx,597350882,BRAT,2024-06-07,151,0,-7.3,729881,False,0,11,1,Electro
4225163932,Counting Stars,409913162,KET?O,1054734532,Counting Stars,2026-08-26,185,0,-13.9,100000,False,0,1,1,Electro
3135553,One More Time,27,Daft Punk,302127,Discovery,2001-03-12,320,0,-12.8,930849,False,0,1,1,Electro
3892792631,Free Your Mind,7309256,Prospa,936914191,Free Your Mind,2026-03-27,201,0,-7.9,950329,False,0,1,1,Electro
140875593,(No One Knows Me) Like the Piano,525619,Sampha,15188983,Process,2017-02-03,218,0,-13.4,622021,False,0,4,1,Electro
2551401442,After Twilight,72628,Lawson Rollins,514947332,"Infinite Chill, Vol. 2",2024-01-12,240,0,-10.4,22167,False,0,11,1,Electro
3453130621,Drawing With The Kids,2710131,HNNY,785832151,Close,2025-10-02,172,0,-12.6,65024,False,0,1,1,Electro
882733962,Negroni Summer,2349291,Donny Benet,132614072,Mr Experience,2020-05-22,228,0,-10.7,329191,False,0,6,1,Electro
804279322,Back To Your Heart (feat. Kate NV),4428548,Nicolas Godin,118820142,Concrete and Glass,2020-01-24,286,0,-10.6,208660,False,0,2,1,Electro
62717991,Despicable Dogs (Washed Out Remix),391017,Small Black,6156388,Small Black / Washed Out,2010-01-26,253,95.3,-9.4,206515,False,0,2,1,Electro
362390741,Propagation,1348013,Com Truise,41655891,Iteration,2017-06-16,250,0,-11.8,257826,False,0,6,1,Electro
2989813501,Neverender (Kaytranada Remix),6404,Justice,641764871,Neverender (Remixes),2024-09-27,285,0,-10.3,471047,False,0,4,1,Electro
1200449472,Running (Disclosure 2021 VIP),1443471,Jessie Ware,198293422,Settle (Special Edition),2021-01-15,392,0,-9.4,149474,False,0,20,3,Electro
3759400992,EVERYTHING IN ITS RIGHT PLACE,660609,Jewels,892166162,EVERYTHING IN ITS RIGHT PLACE,2026-01-30,302,0,-10.9,470646,False,0,1,1,Electro
3978073801,La La Land,9777,Green Velvet,967333311,La La Land,2026-05-15,188,0,-8.4,665844,False,0,1,1,Electro
17743170,Abracadabra (Round n' Round) (Radio Edit),3351,Steve Miller Band,1665191,Abracadabra (Round n' Round),2012-03-26,176,126.4,-9.9,209613,False,0,1,1,Electro
10240182,The Bay,13570,Metronomy,936365,The English Riviera,2011-04-11,290,121.2,-9.1,745013,False,0,7,1,Electro
678385282,Endless Sunday,13046613,E Ruscha V,96563852,Who Are You,2017-11-03,281,0,-9.5,47693,False,0,8,1,Electro
17187162,Moiré (Piano & Organ),178412,Jan Jelinek,1609350,Loop-Finding-Jazz-Records,2001-01-01,414,175.93,-15.7,208098,False,6,1,1,Electro
4188437,Fireflies,183201,Owl City,390346,Ocean Eyes,2009-07-28,228,0,-9,838626,False,0,9,1,Electro
716525152,Go (Claude VonStroke Remix),81,The Chemical Brothers,104485252,Go,2019-07-26,344,124.91,-9.5,208253,False,0,4,1,Electro
4059948781,Manhattan,5435357,Carlita,996837581,Manhattan,2026-06-10,215,0,-9.3,690294,False,0,1,1,Electro
3334133051,Music is Better (Maxi Meraki Remix),5571502,RÜFÜS,745771581,"Inhale / Exhale Remixed, Vol. 1",2025-05-02,415,0,-10.2,233173,False,0,4,1,Electro
4019797791,Movin' To The Sun,7803478,HUGEL,982091821,Movin' To The Sun,2026-05-22,142,0,-8.6,971093,False,3,1,1,Electro
510203462,Glasshouses,1380470,Maribou State,65327052,Kingdoms In Colour,2018-09-07,225,179.76,-10.9,352550,False,0,5,1,Electro
2283903717,Show Me Love,9419216,Shelly Sony,441430097,Show Me Love,2023-07-21,145,0,-14.8,434920,False,0,1,1,Electro
4144531172,Crash Out,345052,Tinashe,1025418122,Crash Out,2026-07-16,190,0,-8.6,398785,True,1,1,1,Electro
2665024152,"Where Did Our Love Go? (7"" Single Version / Remastered 2023)",1668,Soft Cell,548582682,Tainted Love / Where Did Our Love Go? E.P.,2024-02-23,194,0,-11,105593,False,0,2,1,Electro
3194938041,Stephanie (HNTR Remix),7153996,Cloonee,700647451,Stephanie (HNTR Remix),2025-02-07,145,0,-7.2,570318,False,0,1,1,Electro
1173724902,Watch Your Step (Picard Brothers Remix),409796,Disclosure,192541982,ENERGY (Special Edition),2020-12-18,207,0,-9.3,98403,False,0,11,3,Electro
562742702,Alien Boy (Big Data Remix),10799102,Oliver Tree,74601992,Alien Boy (Big Data Remix),2018-10-05,180,136,-8.6,137716,True,1,1,1,Electro
3135556,"Harder, Better, Faster, Stronger",27,Daft Punk,302127,Discovery,2001-03-12,226,0,-12.4,810329,False,0,4,1,Electro
113945666,Magnets (A-Trak Remix),409796,Disclosure,11801618,Magnets (The Remixes),2015-11-27,260,124.9,-7.5,240383,False,0,2,1,Electro
10235995,Kong,2108,Bonobo,935909,Black Sands,2010-03-29,237,187.9,-10.9,570156,False,0,3,1,Electro
1200449432,You & Me (Flume Remix),409796,Disclosure,198293422,Settle (Special Edition),2021-01-15,282,149.8,-10.8,421413,False,0,16,3,Electro
10240178,Everything Goes My Way,13570,Metronomy,936365,The English Riviera,2011-04-11,210,130,-10.9,630473,False,0,3,1,Electro
3135754621,Keep Me Satisfied,436163,Jungle,682148041,Keep Me Satisfied,2025-01-15,145,0,0,643230,False,0,1,1,Electro
69465591,Brokendate,1348013,Com Truise,6808907,Galactic Melt,2011-06-14,308,170.1,-8.2,467104,False,0,7,1,Electro
3406367831,Faded (Blacklizt Version) (HNTR Remix),248913582,Zhu,769903261,Faded (Blacklizt Version)(HNTR Remix),2025-06-27,194,0,-7,299352,False,0,1,1,Electro
3815486572,I Run (James Hype Remix),13910479,HAVEN.,909171762,I Run (James Hype Remix),2026-01-23,137,0,-8.9,466941,False,0,1,1,Electro
3354870751,Ease My Mind (Odd Mob Remix),11799,Chris Lake,752793261,Ease My Mind (Odd Mob Remix),2025-05-08,231,0,-7.8,273945,False,0,1,1,Electro
3568109151,Swag Surfin',10668247,Whethan,825779041,Swag Surfin',2025-10-03,228,0,-7.6,308129,False,6,1,1,Electro
3884572611,Get Away,5992092,Kungs,933733791,Out Loud,2026-03-13,268,0,-8.8,736367,False,0,1,1,Electro
3850679181,There's Nothing I Can Do About It,541420,Mike James Kirkland,921523091,"Luv N' Haight (Edit Series: Mike James Kirkland), Vol.1",2012-04-21,150,0,-9,225764,False,0,3,1,Electro
3650952302,WHERE IS MY HUSBAND! (Remix),805948,RAYE,854806372,WHERE IS MY HUSBAND! (Remix),2025-11-14,153,0,-7.4,747193,False,0,1,1,Electro
3987732411,I Never Knew,69617682,Adam Ten,970559241,I Never Knew,2026-06-05,231,0,-9.8,521509,False,0,1,1,Electro
3542202311,nobody (make me feel),201300177,oskar med k,816626801,nobody (make me feel),2025-09-19,165,0,-7.9,756619,False,0,1,1,Electro
4001349051,Lovers On The Dancefloor,1179872,BLOND:ISH,975650761,Lovers On The Dancefloor,2026-06-12,153,0,-7.9,577289,False,0,1,1,Electro
101391228,Casanova 70 (The Secret of Cool),369,Air,10526066,"The Remixes, Vol. 1",2015-06-15,331,90.5,-12,283781,False,0,3,1,Electro
3988253081,One Question,7153996,Cloonee,970689311,One Question,2026-05-01,184,0,-8.2,574669,False,0,1,1,Electro
4072834651,My Place,4833740,Josh Baker,1000868701,My Place,2026-07-03,159,0,-7.9,636247,False,0,1,1,Electro
3513830701,If Your Girl,52862372,Ben Hemsley,806724831,If Your Girl,2025-09-05,230,0,-7,376842,False,0,1,1,Electro
66609426,Get Lucky (Radio Edit - feat. Pharrell Williams and Nile Rodgers),27,Daft Punk,6516139,Get Lucky (Radio Edit - feat. Pharrell Williams and Nile Rodgers),2013-04-19,248,116.13,-10.9,954234,False,0,1,1,Electro
35946871,Sure Thing,1469025,St Germain,3491981,Tourist (Remastered),2000-05-05,380,96.2,-10.8,595121,False,0,6,1,Electro
4124060341,Good Girl,7153996,Cloonee,1017990361,Good Girl,2026-07-24,181,0,-8.3,813793,False,0,1,1,Electro
910164012,Make Believe,7071365,Shallou,137559062,Magical Thinking,2020-03-27,174,0,-9.1,387549,False,0,7,1,Electro
4045575061,Whatever Turns You On,3847,Axwell,991529741,Whatever Turns You On (ft. Bonn),2026-06-26,195,0,-7.6,716091,False,0,1,1,Electro
1253397292,Nami,6341660,Meitei,209810442,Komachi,2019-03-15,236,0,-14.5,214702,False,0,3,1,Electro
4019657111,our frequency,9757762,Amelie Lens,982049041,our frequency,2026-05-21,264,0,-7.4,564873,False,0,1,1,Electro
405080242,Outflight,7494214,Palms Trax,47848962,"Dance 2017, Pt. 3",2017-10-13,302,124.91,-9.8,182432,False,0,1,1,Electro
2925592221,Let's Go Back,436163,Jungle,622563211,Let's Go Back,2024-09-04,169,0,-8.3,636738,False,0,1,1,Electro
10239503,Nightlite,2108,Bonobo,936258,Nightlite,2006-08-14,309,159,-11.7,102938,False,0,1,1,Electro
3625273042,Em Trancoso,10088,John Beltran,845940502,Em Trancoso (Fila Brazillia Remix),2024-08-23,350,0,-11.8,15674,False,0,2,1,Electro
966004482,Float (Instrumental),14623073,BYLJA,149397642,Float,2020-06-26,234,0,-11.4,42215,False,0,2,1,Electro
136932194,Honey,2044,Tosca,14657312,Suzuki,2000-03-06,357,0,-11.2,277291,False,0,6,1,Electro
860346802,Rainwater,67410412,Past Palms,128483082,Rainwater,2020-02-07,329,0,-9.6,31977,False,0,1,1,Electro
2197365707,Lucid Dreams,1186389,Denney,418994637,Lucid Dreams,2020-05-15,414,0,-10.6,8827,False,0,1,1,Electro
3402820551,Ocean City,14538869,Pacific Coliseum,768592471,Ocean City,2018-05-14,368,0,-10.8,307263,False,0,2,1,Electro
64633796,Try To Be,1252867,Blue Hawaii,6332059,Untogether,2013-03-05,232,110,-13.9,312104,False,0,2,1,Electro
4122018711,Silver Lines (feat. Emily Warren),8948922,ANOTR,1017263281,Silver Lines (feat. Emily Warren),2026-07-10,201,0,-7.4,797130,False,0,1,1,Electro
1245278652,Nevada,11477462,Kerala Dust,207908082,Late Sun,2017-02-09,363,0,-12.9,436101,False,0,2,1,Electro
2705776962,magic,88121392,strongboi,560710392,magic,2024-04-12,253,0,-8.6,440685,False,0,1,1,Electro
465972982,NY Vibration,12501520,Mood J,57734232,Turn Your Love Around,2017-05-26,304,0,-8.5,195397,False,0,2,1,Electro
870080452,SWIM,51610232,Mild Minds,130368932,MOOD,2020-03-13,277,0,-9.2,350251,False,0,5,1,Electro
1871007717,Those Days,5097223,KAASI,347429997,Tramuntana,2015-06-02,320,119.84,-9.6,331110,False,0,2,1,Electro
3991078931,She Said Yes,4572288,Hubert Eaves IV,971681351,She Said Yes,2026-05-15,275,0,-9.8,107710,False,0,1,1,Jazz
4215357372,Bon Voyage (Remastered),13783079,Patsy Meyer,1050925442,Changes,2026-08-28,219,0,-16.1,67512,False,0,1,1,Jazz
2663406662,Islands in the Sun,110654,John Klemmer,548051402,Chateau Love,2024-04-26,613,0,-7.8,26868,False,0,8,1,Jazz
3299945781,Better Together,427584,Erly Thornton,734657631,Better Together,2025-05-01,252,0,-10.1,84833,False,0,1,1,Jazz
3367473011,Cascade,4401157,Ron King,756906291,Cascade,2022-04-06,246,0,-10.9,38148,False,0,1,1,Jazz
2062721237,Waay Up,9216400,Brandon Marceal,385148467,Waay Up,2023-01-06,243,0,-10.6,43807,False,0,1,1,Jazz
1444376272,Is It You,7432,Lee Ritenour,247043572,"Rit, Vol. 1",2021-08-01,266,0,-18.4,367114,False,0,4,1,Jazz
568836732,The Magician,15466,Larry Carlton,75774482,Strikes Twice,1980-01-01,255,189.65,-15.3,79960,False,0,4,1,Jazz
1093286,Not Tonight (feat. Carl Carlwell),69635,The Brecker Brothers,118027,Detente,2008-07-08,237,0,-11.9,138427,False,0,2,1,Jazz
2748006381,Distanza,5266314,Greg Minnick,572382911,Distanza,2024-04-12,220,0,-13.5,22334,False,0,3,1,Jazz
3345649351,Pacifica,225789095,Tom Zygmont,749643451,LUMINA WAY,2025-06-27,279,0,-11.2,15388,False,0,7,1,Jazz
3642673022,Tailwind,6712461,Jim Richter,851879572,Dream Dance,2025-12-10,291,0,-10.9,82287,False,0,8,1,Jazz
2191700977,Rosie's Glide,148826552,Jill Butler,417594817,Joyride,2023-04-13,285,0,-10.1,38870,False,0,7,1,Jazz
2842787442,So Sweet,10602509,Nex Lev'l Band,600292232,Purple Passion,2024-06-16,214,0,-10.1,46055,False,0,4,1,Jazz
3986517391,Chill It,62490,Nils,970141931,Chill It (Full Length),2026-06-26,219,0,-10.9,104534,False,0,3,1,Jazz
4165879282,Placid Mood,1412607,Rohan Reid,1033753452,Placid Mood,2026-08-07,215,0,-11.2,100000,False,0,1,1,Jazz
1719336467,Deep Into You,8854030,The Smooth Jazz Alley,310720797,Deep Into You,2022-06-10,251,0,-10.3,95310,False,0,1,1,Jazz
3722688802,Believe,321785301,Smooth Jazz Alley,879478442,Believe,2026-02-13,265,0,-10.2,169768,False,0,1,1,Jazz
5615035,Aruban Nights,253382,Bobby Lyle,512690,The Power Of Touch,1997-01-03,310,92.1,-14.2,158675,False,6,2,1,Jazz
3973953401,Arrival,269774012,Randy Sloan,966036971,Arrival,2026-04-21,225,0,-14.4,18812,False,0,1,1,Jazz
3827299161,Smoovee,4034904,Vel Lewis,912969941,Smoovee,2026-05-22,228,0,-11.2,41800,False,0,1,1,Jazz
2851845922,That Familiar Feeling,5188834,Vincent Ingala,603257182,Escape With Me,2024-07-12,242,0,-12.9,73700,False,0,6,1,Jazz
4136831911,Crosstalk,62161882,Lars Taylor,1022739721,Crosstalk,2026-08-07,254,0,-10.1,100000,False,0,1,1,Jazz
2524573,Follow Your Bliss,88480772,Marc Antoine,247510,The Very Best Of Marc Antoine,2003-05-20,307,98,-12.8,103713,False,0,10,1,Jazz
2932120501,Talk Of The Town (feat. Tanya Lewis) (Radio Edit),5952216,Nick Dukas,624461661,Talk Of The Town (feat. Tanya Lewis) [Radio Edit],2024-08-04,181,0,-9.5,50734,False,0,1,1,Jazz
1611415842,Turn Me Up!,1427030,Claudia Hayden,285255532,Turn Me Up!,2022-02-11,246,0,-10.7,128773,False,2,1,1,Jazz
2410968425,Last Flight Home,4453490,Roberto Vally,476327875,Last Flight Home,2023-09-08,247,0,-11.5,26723,False,0,1,1,Jazz
3232922,The Lady In My Life,5356,Stanley Jordan,308963,The Best Of Stanley Jordan,1995-02-23,385,95.7,-20.7,90685,False,0,3,1,Jazz
3854093441,Midnight Strut,1083190,Cali Jones,922498131,Midnight Strut,2026-03-27,253,0,-11.7,42202,False,0,1,1,Jazz
2353609955,Times Square,127935,2Unes,460703585,Still Hanging,2022-08-26,229,0,-10.3,62614,False,0,6,1,Jazz
3970315171,One On One,386192451,Digworthy,964678431,One On One,2026-05-15,245,0,-11.3,77707,False,0,1,1,Jazz
2067160017,I Saw You,4525924,Castella,385993657,I Saw You,2023-01-06,204,0,-10.5,112491,False,0,1,1,Jazz
3907521521,It's You,12030364,Randy B,942144311,It's You,2026-03-20,260,0,-9.8,30060,False,0,1,1,Jazz
3409151731,Behold,4417561,D. Brown,770759011,GENESIS,2025-06-20,268,0,-15.2,33245,False,0,2,1,Jazz
29629491,I've Been Played the Fool Again,173191,Karizma,2824491,Dream Come True,1998-08-02,250,119.8,-1.13,8918,False,0,5,1,Jazz
1952178077,Always,5932745,Funktastic Players,363959687,Jazz on the Funky Side,2022-10-28,237,0,-9.1,30098,False,0,1,1,Jazz
2603972312,Tongue Tied,1280500,Jamie WilliamS.,529485952,Tongue Tied,2024-01-11,343,0,-10.6,22366,False,0,3,1,Jazz
3327771,I'll Be Good To You,7554,Najee,317240,TOKYO BLUE,1990-03-26,267,0,-16.7,24933,False,0,4,1,Jazz
984768452,Full Effect,14744,Boney James,153153512,Solid,2020-06-12,233,0,-11.9,113477,False,0,1,1,Jazz
3911308911,It's a Boy!,10438656,Jacob Webb,943502861,It's a Boy!,2026-04-17,231,0,-10,38877,False,0,1,1,Jazz
3449086991,Inside Your Heart,76342,The Braxton Brothers,784393091,Inside Your Heart,2025-07-14,250,0,-11.5,31498,False,0,1,1,Jazz
3919806711,Sweet Spot,208800767,Tony G Turner,946802341,Sweet Spot,2026-03-31,329,0,-10.8,33390,False,0,1,1,Jazz
1444390892,West Coast Coolin',13030,Norman Brown,247044472,West Coast Coolin',2021-08-01,270,0,-10.2,196459,False,0,3,1,Jazz
1061448392,Endlessly,486336,Anders Holst,169330752,Endlessly,2020-09-15,278,0,-12.8,21637,False,0,1,1,Jazz
2965334771,Gridlock,267901,Bpm,634640391,Seriously,2024-09-27,266,0,-10.1,7858,False,0,4,1,Jazz
4203834972,Nights (Feel Like Getting Down),1167812,Everett B Walters,1046481752,8206,2026-08-14,333,0,-9.9,43165,False,0,1,1,Jazz
2889278342,Dreamer,6379768,Ryan Montano,615032942,Dreamer,2024-08-12,258,0,-12.4,82293,False,0,1,1,Jazz
2229305847,Amor,712188,Terence Young,427401637,The Playlist,2023-04-21,238,0,-10.3,51941,False,0,10,1,Jazz
1283753362,On the Uptown,77727,Marion Meadows,216883452,Twice As Nice,2021-04-23,241,0,-10.8,48466,False,0,1,1,Jazz
3771951022,Horizon Line,1246171,Patrick Lamb,896714032,Horizon Line,2026-01-26,275,0,-10.6,40578,False,0,1,1,Jazz
1963791467,King David Dance,10759958,Kenny Nightingale,366105807,King David Dance,2022-10-07,297,0,-10.7,45030,False,0,1,1,Jazz
2238153377,From The Start,12369444,Laufey,429726397,From The Start,2023-05-11,169,0,-7.9,848444,False,0,1,1,Jazz
2737720231,Turn The Corner,14640923,Slim Gambill,569231591,Turn The Corner,2024-05-03,237,0,-9.3,22190,False,0,1,1,Jazz
1876602017,Sweet Breeze,129758092,Noteworthy Band,348686777,Sweet Breeze,2021-04-15,274,0,-11.3,25247,False,0,1,1,Jazz
3232493491,East Side Hang (Radio Version),394685,Tom Braxton,712595601,East Side Hang (Radio Version),2025-03-14,269,0,-10.4,23318,False,0,1,1,Jazz
3849264711,Train Home,551145,Rocco Ventrella,921021691,Train Home,2026-04-17,207,0,-10.4,37824,False,0,1,1,Jazz
2158318537,Midnight Magic,192807517,Jack Sax Davies,409672737,Midnight Magic,2023-03-24,225,0,-10.8,21256,False,0,1,1,Jazz
453788222,Adriatic Flow,1650227,Threestyle,55719122,Reasons 2 Love (feat. Magdalena Chovancova),2018-03-01,248,0,-9.7,117924,False,0,6,1,Jazz
2970211891,A Song for You,5703501,Brad Alexander,636000761,A Song for You,2024-09-06,233,0,-10.9,41920,False,0,1,1,Jazz
648981492,Street Smart,4757,Bob James,90448372,"Morning, Noon & Night",2002-09-22,367,0,-12.5,63403,False,0,1,1,Jazz
1941851037,Stickwidit,143900042,Carl Cox,362171537,Stickwidit,2022-10-21,220,0,-10.2,26392,False,0,1,1,Jazz
3975363601,Forever Lasting,520626,Will Donato,966518331,Forever Lasting,2026-05-22,255,0,-10.3,40558,False,0,1,1,Jazz
78240589,The Closer I Get To You,70600,Peter White,7779930,Reflections,1995-01-01,266,142.1,-12.6,83350,False,0,4,1,Jazz
1012923522,Fluid,4855333,Lin Rountree,158893972,Fluid,2020-07-10,265,0,-11.4,129504,False,0,1,1,Jazz
552373482,Doc,7555,Earl Klugh,72689092,Dream Come True,2018-09-14,287,0,-15.6,111615,False,0,2,1,Jazz
1586998232,Cockatoo,14567,Spyro Gyra,279607602,Catching the Sun,1980-01-01,245,133.8,-16.4,144701,False,0,2,1,Jazz
15375967,No Ordinary Love,6321,Chris Botti,1419921,When I Fall In Love,2004-09-28,365,166,-16.6,210174,False,0,3,1,Jazz
2380013765,Two For One (feat. John Wedemeyer & James Davis),222758875,Fahrenheit 702,467776375,"Gettin' In The Game, Vol. 1",2023-08-01,242,0,-11.3,119753,False,0,11,1,Jazz
2652496,Starship (Album Version),157376,Wayman Tisdale,257487,The Very Best of Wayman Tisdale,2007-01-09,344,148.2,-13.2,70955,False,2,9,1,Jazz
2614858462,Rain Drop,4650604,Jazzmen,533155342,Rain Drop,2024-01-10,172,0,-12.3,1457,False,0,1,1,Jazz
4085032,The Best Is Yet to Come (feat. Patti LaBelle),4123,"Grover Washington, Jr.",380997,The Best Is Yet To Come,1982-11-19,359,0,-15.9,142526,False,6,2,1,Jazz
4010172181,Skate On,10252414,Evan Taylor,978696651,Skate On,2026-06-12,258,0,-10.4,43158,False,0,1,1,Jazz
3509403511,Wake Up,215702,Robert Glasper,805192631,Code Derivation,2025-08-22,179,0,-10.1,203716,False,0,4,1,Jazz
3916886801,Do I Do,158746002,Jonathan Leslie,945700421,On You Radio,2026-04-17,246,0,-15.1,105740,False,0,2,1,Jazz
1762373437,Brave New World,210406,Russ Freeman & The Rippingtons,321092637,Brave New World,2007-06-21,254,0,-10.2,37519,False,0,1,1,Jazz
1942565497,Beautiful Stranger,12369444,Laufey,362293407,Everything I Know About Love,2022-10-14,201,0,-12.3,472276,False,0,2,1,Jazz
3890633831,Vibes (radio single),5730584,Michael Cates,936131231,Vibes (radio single),2026-08-28,226,0,-11.6,38532,False,0,1,1,Jazz
531413921,I Want To Thank You (Very Much),4757,Bob James,68889971,Touchdown,1977-07-20,430,0,-18,137040,False,0,3,1,Jazz
1586987922,Morning Dance,14567,Spyro Gyra,279605382,The Best Of (The First Ten Years),1997-01-01,236,0,-12.9,148434,False,0,2,1,Jazz
3821990,In the Name of Love,4123,"Grover Washington, Jr.",356312,Winelight,2009-07-14,326,92.3,-20.3,229614,False,6,3,1,Jazz
3919898991,Return of the Mack (I Like It) (feat. Gerald Albright),1427927,Tony Saunders,946840011,Return of the Mack (I Like It) (feat. Gerald Albright),2026-04-03,264,0,-9.2,84428,False,0,1,1,Jazz
138312865,Morning Sunrise,158474,Weldon Irvine,14853059,The Sisters,2016-12-09,199,134.23,-10.2,493941,False,0,5,1,Jazz
6635369,Southern Nights (2003 Remaster),64425,Allen Toussaint,613622,Southern Nights,2009-12-15,216,171.6,-16.7,216970,False,6,6,1,Jazz
1761554067,Bright Lights,14567,Spyro Gyra,320944857,Fast Forward,1997-08-25,320,0,-15.7,59224,False,2,1,1,Jazz
1834235907,On The Sunny Side Of The Street,166633,Herb Alpert,338262887,Sunny Side Of The Street,2022-09-30,181,0,-14.1,71580,False,0,11,1,Jazz
586400,Summer Breezin' (Album Version),13695,George Duke,75286,Jazz Moods - 'Round Midnight,2004-06-15,290,152,-16.5,176880,False,0,7,1,Jazz
3431702,Honey-Dipped,7499,Dave Koz,325731,Saxophonic,2003-09-25,263,175.9,-10.4,175414,False,0,1,1,Jazz
1627632402,Coming Down from Love,9261,Bobby Caldwell,289026982,Cat in the Hat,1991-10-10,242,100.11,-17.5,251137,False,0,1,1,Jazz
1466697502,Just Let Go,9383,Brian Culbertson,252235652,"The Trilogy, Pt. 1: Red",2021-09-24,326,0,-11.9,161363,False,0,2,1,Jazz
1067645452,Making Love In The Rain,166633,Herb Alpert,170659402,Keep Your Eye On Me,2020-09-15,354,0,-15.9,316801,False,0,8,1,Jazz
2339874245,Magic City Streets,1594391,Kim Scott,456907085,Magic City Streets,2023-07-21,220,0,-12.1,89412,False,0,1,1,Jazz
3227453081,Jeff's Groove,152152,Jeff Lorber,711038481,Elevate,2024-08-23,240,0,-13.7,48245,False,0,5,1,Jazz
3102020,Floor & More,4492,Ronny Jordan,300054,Off The Record,2001-09-27,304,90.9,-11.3,264862,False,0,4,1,Jazz
3282786481,Oooh-Aah (Catalina),75649,Mindi Abair,728895661,Oooh-Aah (Catalina),2025-04-18,219,0,-11,18086,False,0,1,1,Jazz
1043298,The Moment,523,Kenny G,113914,The Moment,1980-01-04,360,91.1,-16.5,306340,False,0,1,1,Jazz
6615818,Ashes to Ashes,7559,Joe Sample,611673,Ashes To Ashes,1990-10-12,293,120.9,-17,183233,False,6,1,1,Jazz
502864982,Window of the Soul,7565,Chuck Loeb,64119552,Presence,2018-05-09,247,179.76,-12.6,132612,False,0,3,1,Jazz
4049105181,Nuance,53266572,D.S. Wilson,992734401,Nuance,2026-06-26,254,0,-10,34975,False,0,1,1,Jazz
3504937,Ain't Nobody,152152,Jeff Lorber,331922,Kickin' It,2004-11-02,234,102.8,-12.3,196373,False,0,2,1,Jazz
2440968,Passion Flower,4123,"Grover Washington, Jr.",240387,Mister Magic,1997-12-15,334,0,-14.7,162254,False,0,2,1,Jazz
2747824531,"12 Etudes, Op. 10 : Chopin: 12 Etudes, Op. 10: No. 12 in C Minor ""Revolutionary""",142821082,Yunchan Lim,572333681,"Chopin: Études, Opp. 10 & 25",2024-04-19,154,0,-15.9,147940,False,0,12,1,Classical
396608682,"Sonate en Do Mineur, K. 526: Allegro comodo",160727,Pierre Hantaï,46586872,Scarlatti 3,2008-09-02,320,170.14,-24.5,41080,False,0,7,1,Classical
2250279957,"String Quartet in G Major, Op. 17/5, Hob. III:29: IV. Presto",3005591,Bennewitz Quartet,432934957,"Haydn: String Quartets Op. 17/5, 33/2, 54/2",2023-05-26,157,0,-20.4,47742,False,0,4,1,Classical
104759000,Sheep May Safely Graze,69910,Leon Fleisher,10907494,Two Hands,2015-08-14,296,97.05,-27.3,202208,False,0,2,1,Classical
2795245582,"Piano Trio No. 6 in E-Flat Major, Op. 93: I. Allegro con moto",255154,Gould Piano Trio,584999542,"Hummel: Piano Trios Nos. 2, 3, 6 & 7",2014-10-07,475,140.1,-21,60123,False,0,1,1,Classical
2330271025,"Violin Sonata in B-Flat Major, K. 378 : Mozart: Violin Sonata in B-Flat Major, K. 378: I. Allegro moderato",409258,Renaud Capuçon,454043715,Mozart: Sonatas for Piano & Violin,2023-06-23,532,0,-20.4,63825,False,0,55,1,Classical
3537163941,"Piano Concerto No. 4 in G Major, Op. 58: I. Allegro moderato",211053,Jonathan Biss,814760351,"Beethoven 5, Vol. 4",2025-10-03,1206,0,-19.6,52306,False,0,1,1,Classical
2439473325,"Mozart: Clarinet Concerto in A Major, K. 622: I. Allegro",6489117,Pierre Génisson,484009965,Mozart 1791,2023-11-03,729,0,-19.8,153575,False,6,4,1,Classical
1069718,"Passacaglia & Fugue in C Minor, BWV 582: Fugue",71495,E. Power Biggs,115912,Bach: Great Organ Favorites,1988-12-06,321,152,-20.6,91604,False,0,14,1,Classical
1673926587,"Suite No. 3 in D Major, BWV 1068: II. Aria",78233,Freiburger Barockorchester,300039367,"J. S. Bach: Orchestral Suite No. 3, BWV 1068",2011-11-08,277,0,-31.6,121532,False,0,2,1,Classical
2617772682,The Wanderer,1574609,Stephan Moccio,534056002,The Wanderer,2024-01-19,207,0,-15.6,662247,False,0,1,1,Classical
2768344101,"Keyboard Concerto in C Major, Wq. 20: III. Allegro assai",71978,Michael Rische,578756441,"C.P.E. Bach: Keyboard Concertos, Wq. 26, 44 & 20",2016-01-01,355,0,0,32453,False,0,9,1,Classical
396813012,Piano Trio No. 45 : III. Finale 'in the German style' - Presto assai,408352,Trio Wanderer,46603912,Haydn: Piano Trios,2009-04-21,311,141.6,-20.4,23926,False,0,9,3,Classical
1467838532,Le Jardin de Monsieur Monet,1574609,Stephan Moccio,252519952,Le Jardin de Monsieur Monet,2021-08-25,317,0,-14.2,466150,False,0,1,1,Classical
2777793471,"Centone di sonate, Op. 64, MS 112, Sonata No. 6 in A Major: I. Larghetto cantabile",82127,Fabio Biondi,580743311,Paganini: Sonatas for Violin & Guitar,2018-06-22,205,0,-22.4,30053,False,0,1,1,Classical
3812879732,Variationen 1-7,5594574,Los Temperamentos,908339432,Amor y Locura,2026-02-03,167,0,-21.3,38530,False,0,2,1,Classical
925294392,andata,62996,Ryuichi Sakamoto,140733492,async,2025-01-10,278,0,-13,395136,False,0,1,1,Classical
13233646,"Sonata in G Major, K. 547 (L. S28) (Instrumental)",56797,Vladimir Horowitz,1213178,Domenico Scarlatti: Keyboard Sonatas (Expanded Edition),2004-07-23,243,130.8,-19.3,69347,False,0,13,1,Classical
3877286061,"Horn Concerto No. 4 in E Flat Major, K. 495: III Rondo. Allegro vivace",4705791,Martin Owen,930985911,"Mozart: Horn Concerto No. 4 in E Flat Major, K. 495: III. Rondo. Allegro vivace",2026-05-01,236,0,-19.7,55689,False,0,1,1,Classical
1695818,"Concerto Grosso In F Minor, Op. 1, No. 8: IV. Pastorale: Largo Andante (Locatelli)",251751,"Jeanne Lamon, Tafelmusik Orchestra",172747,A Baroque Feast,2002-04-09,248,120.9,-21.4,53318,False,0,18,1,Classical
3835916611,"Fandango (Arr. for Violin, Basso Continuo & Castanets by Cristina Prats Costa)",372563561,Cristina Prats Costa,916165211,Spiritillo Mediterraneo,2026-05-01,192,0,-17.6,97606,False,0,9,1,Classical
133580794,"French Suite No. 1 in D Minor, BWV 812 : J.S. Bach: French Suite No. 1 in D Minor, BWV 812: I. Allemande",69542,Murray Perahia,14229620,Johann Sebastian Bach: The French Suites,2016-10-07,211,118.8,-20.8,220171,False,0,1,1,Classical
66682030,"Concerto grosso in D Major, Op. 6, No. 4 : Corelli: Concerto grosso in D Major, Op. 6, No. 4: I. Adagio - Allegro",633118,The English Concert,6522196,Corelli: 12 Concerti Grossi Op. 6,1999-05-03,203,0,-18.4,110158,False,0,17,1,Classical
65340804,"Symphony, Op. 3 , No. 5 In F Major : J.C. Bach: Symphony, Op. 3 , No. 5 In F Major: 3. Allegro assai",4151514,Academy of St Martin in the Fields,6404869,"Bach, J.C.: 6 Symphonies, Op. 3",2006-12-18,118,0,0,32452,False,0,15,1,Classical
1366737942,The Young Weaver,12503574,Matteo Myderwyk,228685732,Notes of Longing,2021-09-17,195,0,-12.7,303821,False,6,3,1,Classical
1440477,Oboe Concerto In C Major: I. Maestoso (Herschel),103213,"The Mozart Orchestra, Davis Jerome & Richard Woodhams",146570,Sir William Herschel - Music By The Father Of Modern Astronomy,1995-01-01,383,123.4,-23.5,26781,False,0,1,1,Classical
1401822462,"Divertimento in D Major, K. 334: VI. Rondo. Allegro",5273863,Officina Musicale,236670402,Mozart: Divertimenti K. 247 & 334,2010-03-15,553,0,-21.9,18406,False,0,6,1,Classical
2775896641,"Les nations ""L'Espagnole"": I. Sonade. Gravement",7900458,Juilliard Baroque,580339991,Couperin: Les nations,2015-04-07,470,106,-22.3,65608,False,0,10,1,Classical
3694705822,"Serenade in C Minor, K. 388/384a: IV. Allegro",4947930,Irish Chamber Orchestra,869702582,"Invitation: Mozart, Mendelssohn & Schumann",2026-02-27,434,0,-21.3,22060,False,0,4,1,Classical
1476755322,"Liszt: Ave verum corpus, S. 461a (Arr. for Piano After Mozart, K. 618)",1324555,Víkingur Ólafsson,254625462,Mozart & Contemporaries,2021-09-03,242,0,-33.1,179277,False,0,21,1,Classical
71307829,"Pachelbel: Canon in D Major, P. 37",4387647,Edward Brewer,6585272,Orpheus Chamber Orchestra - Baroque Highlights,1990-04-02,251,115.8,-22.8,144932,False,0,1,1,Classical
373951441,Rolling,59600,Roedelius,43224051,Einfluss,2017-06-23,226,121.6,-14.3,153722,False,0,1,1,Classical
3930438221,"Piano Sonata in D Major, Hob. XVI:4: I. Allegro",509291,Denis Kozhukhin,950841541,Haydn: Sonatas,2026-06-19,163,0,-20.4,61524,False,0,1,1,Classical
483804062,"Brandenburg Concerto No. 4 in G Major, BWV 1049: I. Allegro",538085,Kammerorchester Berlin,60880912,Bach: Brandenburg Concertos,2021-08-06,470,0,-15.3,36024,False,0,11,1,Classical
93020672,"Symphony in B Minor, Wq. 182, No. 5: I. Allegretto",241376,Orchestra of the Age of Enlightenment,9444504,CPE Bach: Symphonies,2015-01-20,262,119.5,-19.7,21938,False,0,7,1,Classical
2694093262,la mia notte,98985,Yiruma,557429152,la mia notte,2024-03-15,187,0,-21.4,135460,False,0,1,1,Classical
602781842,"Symphony No. 1 in G Major, Op. 11, No. 1: I. Allegro",134161,Paul Freeman,81518812,"Black Composer Series, Vol. 1: Chevalier de Saint-Georges (Remastered)",2019-01-04,338,126.05,-17.4,24934,False,0,1,1,Classical
489440122,Concert for Clarinet and Orchestra in D Major,4344458,Italian Classical Consort,61805662,Chamber Music & Clarinet Solos,2018-04-20,571,129.6,-18.8,39892,False,0,1,1,Classical
1529530232,"Haydn: Symphony No. 45 in F-Sharp Minor, Hob. I:45 ""Farewell"": IV. Finale. Presto - Adagio",432578,Orchestra of St. Luke's,267396822,"Haydn: Symphonies Nos. 31 ""Hornsignal"" & 45 ""Farewell""",2021-10-29,476,0,-19.9,62599,False,0,8,1,Classical
2238189687,"Symphonie Concertante for Violin, Harp and Orchestra in G Major, WoO 13 : Spohr: Symphonie Concertante for Violin, Harp and Orchestra in G Major, WoO 13: II. Adagio",106871182,María Dueñas,429737177,"Spohr: Symphonie Concertante for Violin, Harp and Orchestra in G Major, WoO 13: II. Adagio",2023-04-21,289,0,-25.8,152108,False,0,1,1,Classical
2471738771,"Piccinni: Catone in Utica, Act 1: ""Che legge spietata"" (Arbace)",211131,Philippe Jaroussky,492809231,Forgotten Arias,2023-10-27,229,0,-17.7,144008,False,6,4,1,Classical
2768323721,"Keyboard Partita No. 6 in E Minor, BWV 830: III. Corrente",587319,Jeremy Denk,578753321,"Bach: Partitas Nos. 3, 4 & 6",2011-01-04,258,0,-19,22203,False,0,17,1,Classical
3757109362,"Sonata No. 3 in G Minor, BWV 1029: I. Vivace",396180,Matt Haimovitz,891303832,The Bach Dialogues,2026-01-30,308,0,-17.7,72275,False,0,4,1,Classical
1535567742,Crisscrossing,59600,Roedelius,268842302,4 Hands,2022-02-25,291,0,-14.5,33285,False,0,7,1,Classical
67350498,"La mer, CD 111 : Debussy: La mer, CD 111: I. De l'aube à midi sur la mer",4168855,Lucerne Festival Orchestra,6585551,"Mahler: Symphony No.2 ""Resurrection"" / Debussy: La Mer",2004-07-19,517,114.5,-20.6,70433,False,0,1,1,Classical
3126128611,Cello Concerto in B-Flat Major: I. Allegro,174215197,Hanna Salzenstein,679398951,Concerti per violoncello,2025-01-24,206,0,-16.6,98356,False,0,2,1,Classical
65340481,"Octet In E Flat, Op. 20, MWV R20 : Mendelssohn: Octet In E Flat, Op. 20, MWV R20: 1. Allegro moderato, ma con fuoco",795457,The Saint Paul Chamber Orchestra,6404853,Mendelssohn: Violin Concerto; Octet,2006-12-18,889,120.9,-20.3,38868,False,0,3,1,Classical
542616232,"My Country, JB 1:112: No. 2, Vltava",1541939,Prague Philharmonia,70958082,Smetana: My Country,2018-08-17,729,80.44,-21.7,42319,False,0,2,1,Classical
92311638,"Götterdämmerung, Act III: Siegfried's Funeral Music",1305191,Simón Bolívar Symphony Orchestra of Venezuela,9367544,Wagner - Dudamel,2015-03-01,519,133.8,-16.7,66657,False,0,5,1,Classical
672935592,"Schumann & Liszt: Widmung, Op. 25 No. 1 (Arr. Liszt, S. 566a)",9981596,Martin James Bartlett,95269262,Love and Death,2019-05-03,238,0,-21,231015,False,6,7,1,Classical
66168257,"String Quartet No. 15 in A Minor, Op. 132 : Beethoven: String Quartet No. 15 in A Minor, Op. 132: I. Assai sostenuto – Allegro",417228,Emerson String Quartet,6473569,Beethoven: The String Quartets,2010-09-06,574,0,0,11498,False,0,1,6,Classical
612370062,"Sonata in C Major, Hob. XVI:48: I. Andante con espressione",795404,Kristian Bezuidenhout,83377982,Haydn: Piano Sonatas,2019-02-01,520,0,-23.8,10001,False,0,9,1,Classical
68251545,"Music for the Royal Fireworks, HWV 351 : Handel: Music for the Royal Fireworks, HWV 351: IV. La Réjouissance",633118,The English Concert,6684415,Handel: Music for the Royal Fireworks,1995-01-02,127,107.11,-16.7,52074,False,0,4,1,Classical
2925112591,"Elijah, Op. 70, MWV A 25, Part 2: No. 32, Chorus. He that shall endure to the end",211430,Antonio Pappano,622443501,Mendelssohn: Elijah,2024-10-04,129,0,-24.7,37934,False,0,12,2,Classical
3080636311,American Symphony Theme,1059460,Jon Batiste,667103811,Beethoven Blues,2024-11-15,161,0,-13.8,343982,False,0,6,1,Classical
1516348412,Lionheart,1574609,Stephan Moccio,264269732,Lionheart,2021-10-15,209,0,-14.3,330465,False,0,2,1,Classical
504378232,"Requiem, K. 626: Introitus: Requiem",95415,Academy of Ancient Music,64390012,Mozart: Requiem Realisations,2013-04-08,246,100.11,-22.2,129388,False,0,1,1,Classical
3655255532,"Carmen Fantasy, Op. 25 (Arr. Goss for Violin, Guitar, Accordion & Cello) : Sarasate: Carmen Fantasy, Op. 25 (Arr. Goss for Violin, Guitar, Accordion & Cello): I. Intro. Aragonaise – Habanera",413421,Nicola Benedetti,856198792,Violin Café,2025-11-21,333,0,-21.4,94278,False,0,4,1,Classical
3627432542,"Mozart: Requiem in D Minor, K. 626: II. Kyrie",65655,Daniel Barenboim,846659962,"Mozart: Symphony No. 41 ""Jupiter"", Eine kleine Nachtmusik & Requiem",2025-11-30,165,0,-18,62776,False,6,10,1,Classical
2448170585,"Piano Sonata in B Minor, S. 178: I. Lento assai - Allegro energico",648136,Igor Levit,486401125,Fantasia,2023-09-29,704,0,-19.6,147409,False,0,4,1,Classical
489227402,"Gluck: Orfeo ed Euridice, Wq. 30: Sinfonia - Allegro con moto",211131,Philippe Jaroussky,61767512,Gluck: Orfeo ed Euridice,2018-05-18,184,138.27,-17.3,121307,False,6,1,1,Classical
6983744,String Sonata No. 1 in G major : Rossini: String Sonata No. 1 in G major: 1. Moderato,4151514,Academy of St Martin in the Fields,643796,Rossini: 6 String Sonatas/Donizetti/Cherubini/Bellini,1995-02-06,308,143.6,-21.4,110085,False,0,1,1,Classical
6592646,Eight Lines (Octet),15808,Steve Reich,609500,Phases,2006-09-18,1056,191.4,-19.5,25767,False,6,8,2,Classical
121596402,"Mephisto Waltz No. 1, S. 514: The Dance in the Village Inn (Live)",9961172,Lucas Debargue,12707816,"Scarlatti, Chopin, Liszt, Ravel, Grieg & Schubert: Piano Works",2016-03-23,765,172.99,-16.2,175916,False,0,6,1,Classical
107471456,"Brahms: Violin Concerto in D Major, Op. 77: III. Allegro giocoso, ma non troppo vivace",5854,Itzhak Perlman,11205354,"Brahms: Violin Concerto, Op. 77",2015-08-28,500,168.75,-16.4,315774,False,6,3,1,Classical
2787655862,"Symphony No. 82 in C Major, Hob. I:82, ""L'ours"" (the Bear): I. Vivace assai",1000137,Heidelberger Sinfoniker,583429352,Haydn: Paris Symphonies,2010-10-26,475,145.1,-17.6,65490,False,0,1,1,Classical
2780955341,Communion,1574609,Stephan Moccio,581287651,"Legends, Myths and Lavender",2024-05-10,251,0,-19.2,479313,False,0,6,1,Classical
145100690,"Trio Sonata No. 6 in G Major, BWV 530: I. Vivace",58960,Yo-Yo Ma,15753722,Bach Trios,2017-04-07,192,118.12,-20.1,185729,False,6,1,1,Classical
478191262,Sensemayá,73651,Esa-Pekka Salonen,59894192,The Music of Silvestre Revueltas,2018-05-04,424,167.38,-19.5,6984,False,0,1,1,Classical
640213832,"Piano Trio No. 3 in G Minor, Op. 110: IV. Kraftig, mit Humor",4356661,Horszowski Trio,88743212,Schumann: Complete Piano Trios,2019-04-05,436,0,-19.6,26037,False,0,12,1,Classical
72059729,Einaudi: Experience,4331,Ludovico Einaudi,7079242,In A Time Lapse (Deluxe Edition),2013-12-02,315,92.5,-12.9,714286,False,0,12,1,Classical
65249202,"Matthäus-Passion, BWV 244, Pt. 2 : J.S. Bach: Matthäus-Passion, BWV 244, Pt. 2: No. 39, Aria. Erbarme dich (Alto)",1055527,Michael Chance,6395470,John Eliot Gardiner: The Best Of Bach,2013-03-18,403,97.3,-32.9,201154,False,0,17,1,Classical
1287838,"The Art of the Fugue, BWV 1080: Contrapunctus 4",244207,Hesperion Xx,134345,J.S. Bach: Die Kunst Der Fuge,2001-01-01,359,0,-17,82362,False,0,6,1,Classical
113413098,"Concerto for Flute, Strings and Basso Continuo in G Major, Wq 169 : I. Allegro di molto",242649,Berliner Barock Solisten,11747518,C.P.E. Bach: Concertos & Symphonies II,2015-11-20,637,0,-19.9,43003,False,0,7,1,Classical
508801622,"All-Night Vigil, Op. 37: VI. Rejoice, O Virgin (Ave Maria)",3134371,London Symphony Chorus,65108582,Rachmaninov: All-Night Vigil (Vespers),2016-06-10,152,124.16,-26.5,31102,False,0,6,1,Classical
910157172,"Rameau, Ólafsson: The Arts and the Hours",1324555,Víkingur Ólafsson,137558022,Debussy – Rameau,2020-03-27,286,0,-28.1,314230,False,0,17,1,Classical
4174911522,"Cello Concerto No. 1 in A Minor, Op. 33: II. Allegretto con moto",395215,Sol Gabetta,1037221182,"Cello Concerto No. 1 in A Minor, Op. 33/II. Allegretto con moto",2026-08-07,290,0,-22.8,228811,False,0,1,1,Classical
2194289357,"Cello Sonata in G Minor, Op. 65 : Chopin: Cello Sonata in G Minor, Op. 65: I. Allegro moderato",425278,Camille Thomas,418291237,The Chopin Project : Complete Chamber Music,2023-04-28,1018,0,-14.8,33106,False,0,5,1,Classical
1893750087,LYR,181572967,Aeden Azora,351941417,LYR,2022-09-30,180,0,-22.3,214754,False,0,1,1,Classical
2793216622,"Piano Trio No. 2 in G Major, K. 496: III. Allegretto",10029998,Trio Vega,584590102,Mozart: Complete Piano Trios,2017-07-21,597,0,0,33373,False,0,6,1,Classical
71721265,"Symphony No. 2 in C Minor ""Resurrection"": I. Allegro maestoso",2681,Leonard Bernstein,7047944,Leonard Bernstein: The Complete Mahler Symphonies,2012-05-11,1420,126.05,-19.2,171903,False,0,1,2,Classical
3541546191,"12 Danzas españolas : Granados: 12 Danzas españolas: No. 2, Oriental (Arr. Keren for Mandolin & Ensemble)",1052587,Avi Avital,816376521,"Granados: 12 Danzas españolas: No. 2, Oriental (Arr. Keren for Mandolin & Ensemble)",2025-09-12,281,0,-15.4,144288,False,0,1,1,Classical
465566522,"Te deum, Op. 103: III. Aeterna fac cum sanctis. Vivace",5632470,Orquesta Sinfónica de Navarra,57664672,Dvorak: Complete Sacred Choral Music,2018-02-23,194,157.2,-23.6,26554,False,0,33,1,Classical
549264952,"J.S. Bach: Widerstehe doch der Sünde, BWV 54 (Transcr. by Víkingur Ólafsson)",1324555,Víkingur Ólafsson,72168922,Johann Sebastian Bach,2018-09-07,266,164.72,-23.1,419584,False,0,11,1,Classical
2947941071,Back to Loneliness,82803312,Tom Kinsella,629642121,Back to Loneliness,2024-09-06,257,0,-15.6,62713,False,0,1,1,Classical
82144044,"Missa solemnis, Op. 123 : Beethoven: Missa solemnis, Op. 123: I. Kyrie: b. Christe eleison",4159531,Lella Cuberli,8236066,Beethoven: Missa Solemnis / Mozart: Krönungsmesse,2014-08-18,105,147.7,-20.9,161666,False,0,8,1,Classical
983327642,"Symphony No. 91 In E-Flat Major, Hob.I:91 : Haydn: Symphony No. 91 In E-Flat Major, Hob.I:91: 3. Menuet (Un poco allegretto)",298705,Wiener Philharmoniker,152867402,Böhm: Symphonic Works,2020-06-06,271,0,-21,17818,False,0,74,1,Classical
3214478511,New York 17.3.24,7010575,Dardust,707045711,New York 17.3.24,2025-02-05,170,0,-21,529732,False,0,1,1,Classical
1649001382,"Symphony No. 3 in F Major, Op. 90 : Brahms: Symphony No. 3 in F Major, Op. 90: I. Allegro con brio (Recorded 1988)",168632,Berliner Philharmoniker,294018822,Deep Dive - Brahms,2022-02-11,574,0,-16.7,31589,False,0,170,1,Classical
91858452,"String Sextet No. 2 in G Major, Op. 36: Poco allegro",7186550,Die Kammermusiker Zürich,9323860,Johannes Brahms: String Sextets,2014-12-04,485,0,0,7887,False,0,8,1,Classical
117851184,"Swan Lake, Op. 20: Act II: Danse de coupes - Valse - Scene",2013771,Kristjan Järvi,12237312,Tchaikovsky: Swan Lake Ballet Music,2016-01-22,253,148.72,0,43933,False,0,7,1,Classical
746137,String Quartet No. 3 (Mishima): Mishima / Closing,64279,Kronos Quartet,88433,Kronos Quartet Performs Philip Glass,2007-02-05,185,143.1,-29.5,367442,False,6,18,1,Classical
928265002,Fracture,1574609,Stephan Moccio,141380132,Fracture,2020-04-17,207,0,-19.8,508542,False,0,1,1,Classical
7392548,"Beethoven: Piano Concerto No. 3 in C Minor, Op. 37: II. Largo",64887,Pierre-Laurent Aimard,682075,Harnoncourt - The Complete Beethoven Recordings,2010-10-26,621,110.2,-29.5,28143,False,0,45,1,Classical
1401652002,"Concerto in C Major, RV 508: III. Allegro",79048,Giuliano Carmignola,236642762,Bach & Vivaldi: Sonar in ottava. Double Concertos for Violin and Violoncello Piccolo,2020-03-27,194,0,-14.4,87741,False,0,6,1,Classical
3714102312,Welcome,1203284,Constantinople,876407882,Dialogos,2026-03-13,246,0,-20.6,59971,False,0,4,1,Classical
768174062,"Piano Sonata in F Minor, Op. 13, No. 6: I. Allegro agitato",12465588,Giacomo Scinardo,113496372,"Clementi: Piano Sonatas, Vol. 1",2019-10-18,293,0,-16.3,23169,False,0,1,2,Classical
1721696467,Vaughan Williams: Symphony No. 5 in D Major: I. Preludio. Moderato,13332,André Previn,311161497,Vaughan Williams: Symphony No. 5 in D Major & Fantasia on a Theme of Thomas Tallis,2022-04-22,756,0,-19.5,15346,False,0,1,1,Classical
65181917,Piano trio in B-flat major op. 97 “Archduke Trio”: Allegro moderato - Presto,3338531,Storioni Trio,6387491,Beethoven: Triple Concerto & Archduke Trio,2013-01-31,421,0,0,32449,False,0,7,1,Classical
3450520541,"Sonata for Violin and Continuo in C Minor, (Prev. Attrib. J.S. Bach as BWV 1024): II. Presto",3372121,Isabelle Faust,784877731,J. S. Bach: Sonatas for Violin and Continuo,2025-08-29,206,0,-17.9,112384,False,0,10,1,Classical
4097861611,Nothin' Better To Do,79647972,Carter Faith,1009273091,Nothin' Better To Do,2026-06-26,182,0,-8.4,546701,False,0,1,1,Country
4160471862,Good Girls & Cowgirls,129324502,Zach Top,1031665022,Good Girls & Cowgirls,2026-08-21,184,0,-10.9,433418,False,0,1,1,Country
4098248331,Another Drink,7890702,Marshmello,1009348231,Another Drink,2026-06-26,153,0,-9.5,580046,False,0,1,1,Country
3952451371,My Way,4893551,Riley Green,958329931,My Way,2026-04-17,242,0,-9.9,499008,False,0,1,1,Country
3326163551,I Ain't Comin' Back,7188840,Morgan Wallen,742935831,I Ain't Comin' Back,2025-04-18,175,0,-7.2,603005,False,0,1,1,Country
3678837252,Rocky Mountain Low,11299366,Corey Kent,864278052,Rocky Mountain Low,2025-12-05,168,0,-8.7,376786,False,0,1,1,Country
2949962281,Fix What You Didn't Break,67218672,Nate Smith,630187941,Fix What You Didn't Break,2024-08-23,201,0,-6.4,478948,False,0,1,1,Country
3924206181,Say So,5112746,Dan + Shay,948415981,Say So,2026-04-03,201,0,-7.8,300020,False,0,1,1,Country
4208703452,Closing Time,7796,Little Big Town,1048165612,Closing Time,2026-08-14,158,0,-9.3,355454,False,0,1,1,Country
3406102021,South Of Sanity,129324502,Zach Top,769798991,Ain't In It For My Health,2025-08-29,220,0,-11.3,407833,False,0,11,1,Country
4125343871,Memo,427388,Dasha,1018466801,Memo,2026-07-31,191,0,-8,567813,False,0,1,1,Country
3773654512,Bell Bottoms Up,6303698,Lainey Wilson,897274332,Whirlwind (Deluxe),2025-08-22,213,0,-8.4,398566,False,0,18,1,Country
3842044081,Empty Words,11299366,Corey Kent,918075781,Empty Words,2026-02-20,152,0,-8.1,453022,False,0,1,1,Country
3884562301,Sunburn,78063622,Tucker Wetmore,933730191,Sunburn,2026-03-13,187,0,-7.6,573831,False,0,1,1,Country
2175514217,Out Of That Truck,4388,Carrie Underwood,413834397,Out Of That Truck,2023-03-10,177,0,-7.3,430207,False,0,1,1,Country
3278152451,Just In Case,7188840,Morgan Wallen,727297031,Just In Case,2025-03-21,166,0,-9.7,641422,False,0,1,1,Country
2780753191,I Had Some Help,7543848,Post Malone,581268421,I Had Some Help,2024-05-10,178,0,-8.5,786310,True,1,1,1,Country
4214789902,Pouring,312610241,Mack Geiger,1050745122,Pouring,2026-08-14,214,0,-8.6,376664,False,0,1,1,Country
3973424451,Boots By The Wrong Bed,276577691,Blake Whiten,965826741,Something To Say,2026-07-03,198,0,-7.7,416844,False,0,6,1,Country
1793208827,Water Under The Bridge,4575675,Sam Hunt,327901937,Water Under The Bridge,2022-06-23,169,0,-6.4,373855,False,0,1,1,Country
3406101911,Good Times & Tan Lines,129324502,Zach Top,769798991,Ain't In It For My Health,2025-08-29,160,0,-8.1,557020,False,0,2,1,Country
4208691962,Mess,1140313,Jordan Davis,1048162002,Mess,2026-08-14,159,0,-8,372788,False,0,1,1,Country
3406090731,Nose On The Grindstone,5801503,Tyler Childers,769792961,Nose On The Grindstone,2025-06-12,176,0,-10.8,299591,False,0,1,1,Country
3884589931,If I Don't Leave I’m Gonna Stay,4089762,Carly Pearce,933739101,If I Don't Leave I'm Gonna Stay,2026-03-13,213,0,-9.9,417271,False,0,1,1,Country
3975391771,Daisies,5226738,Lily Meola,966526891,Daisies,2026-05-22,223,0,-6.6,134640,False,0,1,1,Country
2716203012,Worst Way,4893551,Riley Green,563349242,Worst Way,2024-03-29,220,0,-8.6,604436,False,0,1,1,Country
3899622791,Rethink Some Things,9626504,Luke Combs,939327001,The Way I Am,2026-03-20,165,0,-9.5,640367,False,0,10,1,Country
2851460892,Everything She Ain’t,8702226,Hailey Whitters,603094752,Everything She Ain’t,2022-01-14,151,0,-10.2,374628,False,0,1,1,Country
4250840541,Strangers & Angels,7954262,Flatland Cavalry,1064881371,Strangers & Angels,2026-09-04,200,0,-8.3,363742,False,0,1,1,Country
1352235382,Fearless,10168310,Jackson Dean,225045372,Jackson Dean,2021-04-30,215,0,-9.6,322952,False,0,2,1,Country
992937,9 to 5,8741,Dolly Parton,110191,9 To 5 And Odd Jobs,1980-11-17,165,106,-10.8,859231,False,0,1,1,Country
1651740712,Last Night Lonely,648668,Jon Pardi,294672032,Last Night Lonely,2022-02-17,182,0,-7.5,444039,False,0,1,1,Country
4037523341,Appalachian Raised,162866587,Cigarettes @ Sunset,988555371,Appalachian Raised,2026-05-29,223,0,-6.6,350916,False,0,1,1,Country
2164367717,Pretty Little Poison,117467152,Warren Zeiders,411076817,Pretty Little Poison,2023-03-17,218,0,-8.1,286807,False,0,1,1,Country
3967233991,Born To Die,6853437,Shaboozey,963477201,Born To Die,2026-04-24,161,0,-7.4,698960,False,0,1,1,Country
4250712051,Chrome Pony,13950249,Kassi Ashton,1064833111,Chrome Pony,2026-09-04,204,0,-5.6,355446,False,0,1,1,Country
3898109201,Runnin' On E,129902452,Wyatt Flores,938794051,Runnin' On E,2026-03-20,147,0,-7.2,303959,False,0,1,1,Country
3788262632,4x4xU,6303698,Lainey Wilson,902117552,Whirlwind,2024-08-23,239,0,-9.3,413478,False,0,10,1,Country
3444357741,A Song To Sing,5057,Miranda Lambert,782677481,A Song To Sing,2025-07-11,179,0,-7.6,562119,False,0,1,1,Country
3398329881,Last Night,7188840,Morgan Wallen,767042921,3 Songs At A Time Sampler,2023-01-31,163,0,-8.8,472689,True,1,1,1,Country
3029738571,Time’s Ticking,292455,Justin Moore,651742971,This Is My Dirt,2024-10-11,180,0,-8.7,302287,False,0,9,1,Country
2367729665,White Horse,343290,Chris Stapleton,464379865,White Horse,2023-07-21,268,0,-13.5,624583,False,0,1,1,Country
2906711721,Guy For That,7543848,Post Malone,619445591,Guy For That,2024-07-26,164,0,-7.3,480159,False,0,1,1,Country
4191875232,You Only Call When It's Raining,84575252,Lucas Ball,1042282932,You Only Call When It's Raining,2026-08-07,195,0,-8.6,131368,False,0,1,1,Country
3625564112,Misery,82716032,Treaty Oak Revival,846033332,West Texas Degenerate,2025-11-28,172,0,-7.2,292888,False,0,8,1,Country
2171221,A Sunday Kind Of Love,620,Etta James,217268,At Last!,1999-07-27,196,0,-12.7,757826,False,0,4,1,Blues
720538,Ride Captain Ride (Single),65992,Blues Image,86088,Open (US Internet Release),2005-02-08,225,126.8,-14.5,291972,False,6,6,1,Blues
69991461,Part of Me,1330256,Tedeschi Trucks Band,6864048,Made Up Mind,2013-08-16,246,0,-11.5,338531,False,0,5,1,Blues
13810910,Georgia On My Mind,1342,Ray Charles,1263751,Genius of Soul,2010-01-01,218,81.6,-5.36,309687,False,0,1,1,Blues
2315732,Loving You Is Sweeter Than Ever,4091,Susan Tedeschi,230652,Hope And Desire,2005-10-11,237,181.3,-9.6,136656,False,0,9,1,Blues
2006423277,"Baby, Baby",189162577,ULBERT UNDERGROUND,373646497,Ulbert Underground (Live Session),2022-11-12,238,0,-10,65212,False,0,4,1,Blues
1101966,Vacation,819,John Mayall & The Bluesbreakers,118842,Blues From Laurel Canyon,2007-09-03,167,139.7,-12,215772,False,0,1,1,Blues
3309780971,Boots on the Ground,231314415,803Fresh,737555291,Boots on the Ground,2024-12-20,203,0,-8.9,369154,False,0,1,1,Blues
1036732322,If I Got It (Your Love Brought It),14597475,Aaron Frazer,163851662,Introducing...,2021-01-08,174,0,-10.2,661388,False,0,2,1,Blues
548865542,I'd Rather Go Blind,620,Etta James,72090832,The Essential Etta James,2018-08-31,154,162.77,-14,110420,False,0,7,2,Blues
120342104,Ain't No Love In The Heart Of The City (Single Version),6487,"Bobby ""Blue"" Bland",12552322,Dreamer,2007-12-06,231,158.4,-17.8,523055,False,0,1,1,Blues
693407312,This Is My Home,69959,Keb' Mo',99689762,Oklahoma,2019-06-14,293,187.93,-13.3,220380,False,0,4,1,Blues
1101968,Laurel Canyon Home,819,John Mayall & The Bluesbreakers,118842,Blues From Laurel Canyon,2007-09-03,273,170.1,-20.8,264888,False,0,3,1,Blues
2171224,At Last,620,Etta James,217268,At Last!,1999-07-27,180,87.22,-12.4,799486,False,0,7,1,Blues
2148396857,I’d Rather Go Blind,70491,Chicken Shack,407242797,The Very Best of Chicken Shack,2022-12-08,193,0,-18.5,110181,False,0,1,1,Blues
62497879,We're All The Way,192,Eric Clapton,6134071,Slowhand 35th Anniversary (Super Deluxe),2012-12-10,152,97.7,-16.5,211433,False,0,5,1,Blues
1190473,Runaway (2008 Remaster),199,Bonnie Raitt,127006,Sweet Forgiveness,2001-10-16,237,105.2,-11.1,84751,False,6,2,1,Blues
62497875,Cocaine,192,Eric Clapton,6134071,Slowhand 35th Anniversary (Super Deluxe),2012-12-10,220,105.2,-14.1,528850,False,0,1,1,Blues
10101850,Layla,149013,Derek & The Dominos,924092,Layla And Other Assorted Love Songs (Remastered 2010),2011-03-21,425,116.8,-7.5,472740,False,0,13,1,Blues
10101839,Bell Bottom Blues,149013,Derek & The Dominos,924092,Layla And Other Assorted Love Songs (Remastered 2010),2011-03-21,305,134.2,-9.2,452535,False,0,2,1,Blues
1428453132,Magnolia Blues,6191868,Adia Victoria,243075162,Magnolia Blues,2021-08-04,208,0,-10.5,247443,False,6,1,1,Blues
8161143,Grow Fins,87384,Captain Beefheart,753034,The Spotlight Kid,1971-11-05,210,0,-18.6,111310,False,6,8,1,Blues
3508331441,Secret Song,96725112,Common Saints,804799441,Idol Eyes,2020-10-09,321,0,-10.6,393578,False,2,5,1,Blues
538698692,The Thrill Is Gone,3614,B.B. King,70206312,Completely Well,2018-08-10,325,0,-12.1,696626,False,0,9,1,Blues
767185,What Would I Do Without You,1342,Ray Charles,90292,Yes Indeed!,2005-01-18,158,126.43,-14.5,55250,False,0,1,1,Blues
1857148567,Nightlife Blues,11960469,North Downs,344203277,Dad's Old Tapes,2019-12-05,227,0,-8.7,113481,False,0,3,1,Blues
13198740,Queen Bee,4418,Taj Mahal,114118,Señor Blues,1997-06-16,278,157.8,-12.6,204627,False,0,1,1,Blues
1643296542,Ain't That Lovin' You,8636,Delbert McClinton,292628212,Ain't That Lovin' You,2022-03-11,139,0,-10.2,7826,False,0,1,1,Blues
926372232,And That's Saying a Lot,158697,Christine McVie,140911192,The Legendary Christine Perfect Album,1970-12-06,180,0,-12.7,6866,False,0,8,1,Blues
1190477,Sweet Forgiveness (2008 Remaster),199,Bonnie Raitt,127006,Sweet Forgiveness,2001-10-16,251,138.7,-11.2,36546,False,6,6,1,Blues
1507324262,Lean On Me,69959,Keb' Mo',262034532,Good To Be...,2022-01-21,233,0,-11.1,169174,False,0,7,1,Blues
4004100121,Celebrate Me,371924331,ingarose,976576731,Celebrate Me,2026-03-31,218,0,-14.6,716788,False,0,1,1,Blues
3986464531,Loyalty Cost Me More,259429362,Butter Knife Shawty,970116561,Shawty Got the Blues,2026-05-04,231,0,-13.8,395243,True,1,4,1,Blues
2204985,Sunrise,15466,Larry Carlton,220432,Fire Wire,2005-03-07,310,166,-16.9,266415,False,0,9,1,Blues
3783330752,That's Why I Play the Blues,666,Gary Moore,900628862,Blues and Beyond (Deluxe Version),2026-01-28,244,0,-8.7,147789,False,0,4,1,Blues
5474077,It's All Over Your Face,269912,Ronnie Dyson,501006,Constantly,2009-10-02,366,117.8,-14.9,72373,False,0,8,1,Blues
1467908,Goin' To New York,62359,Jimmy Reed,148734,The Very Best of Jimmy Reed,2005-03-22,137,103.6,-12.5,37216,False,0,7,1,Blues
3151784,Let's Work Together (Remastered 2005),2105,Canned Heat,303057,The Very Best Of Canned Heat,2005-05-24,193,119.2,-8.7,453663,False,0,13,1,Blues
13805993,Polk Salad Annie,64750,Tony Joe White,1263302,Black & White,2005-12-20,223,131.7,-11.3,248121,False,6,6,1,Blues
856291322,Sometimes I Slip,81146,"Clarence ""Gatemouth"" Brown",127598852,Alright Again!,2020-01-17,395,0,-14.5,91114,False,0,5,1,Blues
1711902927,Black and Tan,81789,Blind Boy Fuller,309120837,Presenting Blind Boy Fuller,1936-04-08,202,0,-12,17786,False,0,54,1,Blues
1734073367,Boogie Chillen',1159,John Lee Hooker,314410327,Documenting the Sensation Recordings 1948-1952,1996-09-30,190,0,-17.7,2670,False,0,5,1,Blues
3369742751,Room On The Porch,4418,Taj Mahal,757630031,Room On The Porch,2025-05-23,245,0,-10.4,276462,False,0,1,1,Blues
62497876,Wonderful Tonight,192,Eric Clapton,6134071,Slowhand 35th Anniversary (Super Deluxe),2012-12-10,224,95.5,-16.6,444353,False,0,2,1,Blues
101104344,Pinetop's Boogie Woogie,85226,Pinetop Smith,10495292,I Got More Sense Than That,2015-06-18,190,84.7,-4.36,64062,False,0,2,1,Blues
1412027772,Sweet Vibrations,116891,Latimore,239165852,It Ain't Where You Been,2013-07-16,270,0,-9.5,151021,False,0,4,1,Blues
9603949,Rock Me Tonight,9393,Freddie Jackson,878628,Diamond Collection,2008-01-01,417,152.6,-6.3,128937,False,0,12,1,Blues
2299928,Bring It On Home,891894,Sonny Boy Williamson II,229236,His Best,1997-05-27,155,110.8,-14.1,152241,False,0,18,1,Blues
1933626517,Soul Searching,66611,Ruthie Foster,360594777,Soul Searching,2022-10-14,237,0,-7.5,22232,False,0,1,1,Blues
406500332,Someone Else Is Steppin' In,113240,Z.Z. Hill,48078832,In Memorium (1935-1984),1985-05-30,218,131.25,-8.7,32116,False,0,6,1,Blues
540489722,I Used To Have A Woman,74186,Jimmy Rogers,70549372,The Complete Chess Recordings,2018-08-17,189,0,-13.4,2498,False,0,5,1,Blues
3222421651,Look Out Highway,5428,Charlie Musselwhite,709453831,Look Out Highway,2025-05-16,211,0,-8.8,163387,False,0,1,1,Blues
595056,I'm Your Hoochie Coochie Man,5414,Muddy Waters,76059,I'm Ready,2004-05-18,238,112.3,-11,602728,False,0,5,1,Blues
2760327861,Sexy Blues,262914231,Shen Lab,576272861,Relaxing Blues,2024-05-18,207,0,-15.1,431492,False,0,1,1,Blues
538699872,Three O'Clock Blues,3614,B.B. King,70206572,Best Of B.B. King & Bobby Bland,2018-08-10,205,0,-16.7,85912,False,0,1,1,Blues
1099249,Crosscut Saw,4192,Albert King,118589,Born Under A Bad Sign,2006-05-23,155,0,-13.1,355877,False,0,2,1,Blues
3705954,Double Trouble (Take 3),66465,Otis Rush,348432,The Essential Otis Rush,2006-08-31,309,102.59,-12.3,26659,False,0,23,1,Blues
1460716612,He's in the Jailhouse Now,92573,Blind Blake,250852342,Blind Blake Essentials,2021-08-20,165,0,-12.7,21649,False,0,14,1,Blues
1708633367,Livin' for the Ones,199,Bonnie Raitt,308382867,Livin' for the Ones,2022-04-19,184,0,-7.7,24638,False,6,1,1,Blues
852635,Me and the Devil Blues,3120,Robert Johnson,97644,King Of The Delta Blues Singers,1994-05-06,154,81.07,-16.2,343539,False,0,15,1,Blues
796306852,"Boom, Boom Out Goes The Light",5426,Little Walter,117467332,The Complete Chess Masters (1950 - 1967),2019-11-08,169,0,-12.6,40267,False,0,10,3,Blues
3269458,I'm So Glad,8424,Skip James,311943,Blues From The Delta,2006-01-01,115,105.7,-20.9,248849,False,0,1,1,Blues
1762363217,Hound Dog,8989,Big Mama Thornton,321091877,Hound Dog / The Peacock Recordings,2007-12-06,170,0,-15.1,94147,False,0,1,1,Blues
935793042,Good Morning Little Schoolgirl,9523,Mississippi Fred McDowell,143058142,Good Morning Little School Girl,1994-01-01,201,0,-19.9,183470,False,0,1,1,Blues
1744068,War Time Blues,87024672,Sonny Boy Williamson,176707,Sonny Boy Williamson Vol. 3 (1939 - 1941),2005-04-05,175,89.3,-3.37,603207,False,2,13,1,Blues
4123159,Blues At Sunrise,4192,Albert King,384058,In Session (Remaster w/ eBooklet),2009-06-30,911,0,-9.8,449380,False,0,6,1,Blues
86037475,See That My Grave Is Kept Clean,78506,Blind Lemon Jefferson,8678645,Blind Lemon Jefferson,2015-02-28,176,0,0,38522,False,0,2,1,Blues
1815159227,"Kassie Jones, Pt. 1",69167,Furry Lewis,333410947,Presenting Furry Lewis,1927-07-08,187,0,-16.3,26345,False,0,7,1,Blues
1013636962,I See Red,53465462,Everybody Loves an Outlaw,159059282,I See Red,2018-10-31,230,0,-9.2,790275,False,0,1,1,Blues
596869,The Sky Is Crying,620,Etta James,76206,Blues To The Bone,2004-06-06,238,98.9,-12.7,288662,False,0,8,1,Blues
2279772,Done Got Old,8680,Buddy Guy,227610,Sweet Tea,2001-05-15,203,109.7,-15.3,205703,False,0,1,1,Blues
10961946,Jimmy's Detroit Boogie,393271,Jimmy Thackery,1003303,The Essential Jimmy Thackery,2006-01-31,369,0,-9.9,54919,False,0,13,1,Blues
471597592,Bad Penny,10543,Rory Gallagher,58738892,Top Priority (Remastered 2017),2018-03-16,245,99.62,-13.3,480038,False,0,6,1,Blues
60732635,All My Money Gone Blues,54728,Roosevelt Sykes,5942751,1929-1941,2012-09-01,171,0,0,27538,False,0,15,1,Blues
1697344647,Call It Stormy Monday But Tuesday Is Just As Bad,58312,T-Bone Walker,305741167,The Complete Capitol / Black & White Recordings,2022-04-01,182,0,-19.8,21289,False,0,18,1,Blues
2274126,Alabama Blues,78908,J.B. Lenoir,227024,Passionate Blues,2002-11-18,194,0,-12.8,334463,False,0,1,1,Blues
13504489,I'll Take Care of You,94137,Bobby Blue Bland,1236560,"The Unforgettable Voices: 30 Best of Fats Domino, Bobby "" Blue "" Bland, Malcolm John Rebennack",2011-01-01,255,114.53,-20.7,55368,False,0,17,1,Blues
487733752,I Got a Mind to Give up Living,4914,The Paul Butterfield Blues Band,61545522,I Got My Mojo Working,2018-04-20,298,102.8,-17.5,151837,False,0,7,1,Blues
136370616,Old Black Mattie,6292,R.L. Burnside,14585560,Too Bad Jim,2016-02-19,251,164.72,-13.4,202005,False,0,4,1,Blues
2329113,Wang Dang Doodle,8992,Koko Taylor,231835,Koko Taylor,2007-05-10,180,76.2,-7.38,290820,False,0,5,1,Blues
2519148,I'm In The Mood,1159,John Lee Hooker,247139,The Real Folk Blues,2008-05-22,161,100.11,-21.7,99415,False,0,5,1,Blues
1190465,Everybody's Cryin' Mercy (2008 Remaster),199,Bonnie Raitt,127005,Takin' My Time,2002-03-05,209,100.6,-13,101013,False,6,4,1,Blues
14008736,Blues Don't Make Me Cry,271089,Peppermint Harris,1283535,Blues Legend,2011-07-01,195,118,-4.59,26987,False,0,34,1,Blues
1499959392,Policy Blues,127253,Cripple Clarence Lofton,260289232,Mistaken Blues,2021-10-08,191,0,-19.2,32122,False,0,10,1,Blues
846490792,Floating Bridge,57533,Sleepy John Estes,125409052,Goin' To Brownsville,2020-01-10,233,0,-13.8,7006,False,0,9,1,Blues
2022847,Old Original Kokomo Blues,57085,Kokomo Arnold,204118,Kokomo Arnold Vol. 1 (1930 - 1935),2005-04-05,170,108.4,-0.13,11555,False,0,4,1,Blues
3761014102,The Church Of Electric Swamp Funkin' Blues,5769830,Selwyn Birchwood,892770532,Electric Swamp Funkin' Blues,2026-03-27,305,0,-7.7,104508,False,0,2,1,Blues
3670735432,Bad All By Myself,4138340,Lil Ed & The Blues Imperials,861383042,Slideways,2026-02-27,223,0,-8.2,62027,False,0,1,1,Blues
1762363457,Hard Times,8989,Big Mama Thornton,321091877,Hound Dog / The Peacock Recordings,2007-12-06,130,0,-14.8,30811,False,2,15,1,Blues
4434446,"Bring Me a Little Water, Silvy",1339,Lead Belly,410706,Lead Belly's Last Sessions,1994-09-20,87,92.9,2.1,6893,False,0,15,1,Blues
905523292,Boogie Man,58313,Sunnyland Slim,136838112,House Rent Party,1992-01-01,193,0,-16.8,25383,False,0,3,1,Blues
3611891892,Hoodoo Woman,394735,Tinsley Ellis,841336122,Labor Of Love,2026-01-30,190,0,-10.2,98685,False,0,1,1,Blues
540489682,That's All Right (1950 Single Version),74186,Jimmy Rogers,70549372,The Complete Chess Recordings,2018-08-17,169,0,-13.3,119394,False,0,1,1,Blues
17502901,4 O'Clock In The Morning,58307,Pinetop Perkins,1637451,Heaven,2012-04-17,261,0,-10.3,18505,False,0,2,1,Blues
1382675102,Oh Papa Blues,97385,Ma Rainey,232586062,Ma Rainey's Black Bottom,2006-05-22,172,0,-15.7,47787,False,0,1,1,Blues
1735890,Devil Got My Woman,8424,Skip James,176035,Skip James 1931,2005-03-22,181,173,-15.1,186226,False,0,1,1,Blues
59655611,Hit The Road Jack,1342,Ray Charles,5829441,Various Artists - The Hits Of The 60s (MP3 Compilation),2015-02-22,120,86.7,-11.8,340132,False,2,20,2,Blues
852638,Come On In My Kitchen,3120,Robert Johnson,97644,King Of The Delta Blues Singers,1994-05-06,172,172.3,-17.8,233105,False,0,3,1,Blues
632234192,Give Me the Strongest Whiskey,184249,Denise LaSalle,87267162,Mississippi Woman Steppin' Out Live,2019-03-04,199,0,-12.5,21385,False,0,3,1,Blues
1028828,When The Levee Breaks (Album Version),105022,Memphis Minnie & Kansas Joe,112825,Queen Of The Blues,1997-08-25,189,194.1,-13.3,172929,False,0,1,1,Blues
571423,Lovin' in My Baby's Eyes,4418,Taj Mahal,74074,The Essential Taj Mahal,2005-07-16,163,170.1,-13.1,253869,False,0,13,2,Reggae
1021870252,Shine,1428258,Cleo Sol,160805042,Shine,2020-07-17,226,0,-8.6,305236,False,0,1,1,Reggae
3125744,Red Red Wine,165,UB40,301503,Labour Of Love,1993-01-03,318,178.2,-18.3,592604,False,0,6,1,Reggae
3444262361,Could You Be Loved (with LP Giobbi),719,Bob Marley & The Wailers,782640061,Could You Be Loved (with LP Giobbi),2025-07-11,286,0,-8.2,554804,False,0,1,1,Reggae
3890561131,Talk To Me Nuh,10668885,Shenseea,936105721,Talk To Me Nuh,2026-03-13,126,0,-9.6,680650,True,1,1,1,Reggae
486272702,Queen Version,275773,Rhythm & Sound,61270392,The Versions,2004-04-01,369,0,-12.8,125350,False,0,2,1,Reggae
12269977,Ketchy Shuby,2326,Peter Tosh,1127500,Legalize It (Legacy Edition),2011-06-17,296,152.6,-14.1,309970,False,0,7,1,Reggae
99183634,I Can't Hide,166139,Ken Parker,10152248,A Glint of Gold,2014-08-14,145,0,-12.8,59905,False,0,10,1,Reggae
2542705,Redemption Song,719,Bob Marley & The Wailers,249141,Uprising,2001-08-02,227,114.84,-15.2,838788,False,0,10,1,Reggae
548854112,Cool Down The Pace,7065,Gregory Isaacs,72089352,Night Nurse (Expanded Edition),2018-08-31,316,152,-15.7,534895,False,0,5,1,Reggae
79156139,I'm Still In Love With You,253773,Marcia Aitken,7871537,Reggae Impact,2014-06-06,228,0,-10.5,401272,False,0,8,1,Reggae
1431856122,Right Time,122996,Mighty Diamonds,243838252,Reggae Anthology: Mighty Diamonds - Pass The Knowledge,2013-07-15,191,138.7,-11.9,122810,False,6,2,1,Reggae
3786391532,Engine 54,7076,The Ethiopians,901483832,Engine 54,2026-01-28,159,0,-14.9,255612,False,0,1,1,Reggae
3825380011,Sabotage,4511,Desmond Dekker,912326391,This Is Desmond Dekker (Enhanced Edition),2026-01-28,162,0,-14.2,84036,False,0,2,1,Reggae
355978811,I'm in a Dancing Mood,9131,Delroy Wilson,40836051,Better Must Come / Greatest Hits... Plus,2017-04-28,138,0,-12.2,80330,False,0,11,1,Reggae
6699293,Two To Six Super Mix,3606,Yellowman,619590,Mister Yellowman,1982-01-01,257,153.7,-11.7,158303,False,0,4,1,Reggae
3088654,I Need A Roof (2001 Digital Remaster),9132,The Mighty Diamonds,299154,Right Time,2003-03-03,168,145.6,-11.9,249232,False,0,6,1,Reggae
381546721,Skankin' Sweet,1562638,Chronixx,44338421,Chronology,2017-07-07,252,156.01,-8.3,538013,False,0,3,1,Reggae
3269246321,One Two,7054,Sister Nancy,724351591,One Two,2002-03-15,216,0,-10.6,336860,False,0,1,1,Reggae
62710607,Under Me Sensi,2327,Barrington Levy,6155543,Reggae Anthology: Sweet Reggae Music (1979-84),2012-12-14,192,150.89,-11,313590,False,0,20,2,Reggae
123022602,Time Tough,5871,Toots & The Maytals,12880526,Funky Kingston,2008-02-28,263,91.88,-16.9,380341,False,0,1,1,Reggae
6711981,Jah Give Us Life,76749,Wailing Souls,620362,The Very Best Of The Wailing Souls,1987-01-01,232,144.6,-16.9,460562,False,0,2,1,Reggae
65209054,Sweet and Dandy,5871,Toots & The Maytals,6390723,Toots & The Maytals - Pressure Drop,2013-03-15,177,156.6,-13.5,166624,False,0,3,1,Reggae
6698954,Water Pumping,5348,Johnny Osbourne,619564,Water Pumping,1983-01-01,197,160.9,-10.4,152183,False,0,1,1,Reggae
3406249,Hail H.I.M (2002 Remastered Version),2325,Burning Spear,323639,Hail H.I.M,2002-07-30,255,137.8,-11.8,563331,False,0,1,1,Reggae
35336011,Herbs Pirate,98501,The Itals,3429421,Brutal Out Deh,2012-05-25,224,143.1,-23.1,95766,False,0,2,1,Reggae
8074969,Money In My Pocket,7056,Dennis Brown,744979,Reflections,2011-01-14,153,146.1,-11.2,446646,False,6,1,1,Reggae
3785909242,Picture On The Wall,4913,Phyllis Dillon,901402142,One Life to Live,2026-01-28,164,0,-14.8,73830,False,0,6,1,Reggae
10296048,Smoking My Ganja,97261,Capital Letters,941615,Headline news,2007-04-30,262,120.2,-11.1,352550,False,0,5,1,Reggae
13118547,Good Thing Going,10312,Sugar Minott,1204099,Good Thing Going,2011-07-31,198,156,-16,117571,False,0,1,1,Reggae
6699080,Oh What A Feeling,76749,Wailing Souls,619573,Fire House Rock,1981-06-01,301,143.1,-12,345285,False,0,3,1,Reggae
3783332822,Everything Crash,7076,The Ethiopians,900629192,Reggae Power,2026-01-28,155,0,-13.4,85298,False,0,2,1,Reggae
3125893,Close To You,183674,Maxi Priest,301515,Bonafide,1992-07-11,329,95.9,-17.1,500428,False,0,2,1,Reggae
7571192,Revolution,7056,Dennis Brown,698639,Reggae Anthology: Dennis Brown - Crown Prince of Reggae - Singles (1972-1985),2010-11-12,259,169.4,-6.7,407299,False,0,39,1,Reggae
530267681,Yimasgan (Original Jamaican Mix),3604,The Abyssinians,68680501,Satta Massagana (Original Jamaican Mixes) [Deluxe Edition],1976-01-01,227,132.51,-15,188962,False,0,6,1,Reggae
3269246401,Roof over Mi Head,7054,Sister Nancy,724351591,One Two,2002-03-15,195,0,-9.6,252859,False,0,9,1,Reggae
32582431,There's A Reward,123595,Joe Higgs,3137891,Life of Contradiction,2014-12-02,251,145.6,-12.3,349912,False,0,6,1,Reggae
6699041,Jacqueline,9450,Hugh Mundell,619570,Mundell,1982-01-01,187,139.2,-11.9,290893,False,0,1,1,Reggae
6699291,Lost Mi Love,3606,Yellowman,619590,Mister Yellowman,1982-01-01,310,148.2,-12.5,370363,False,0,2,1,Reggae
122932888,54-46 Was My Number,5871,Toots & The Maytals,12870334,In The Dark,2016-04-15,204,158.41,-13.8,269135,False,0,11,1,Reggae
3786086822,A It Mek (Original version),4511,Desmond Dekker,901422482,Intensified (Expanded Version),2026-01-28,141,0,-12.3,112192,False,0,1,1,Reggae
3825376461,"True, True, True",166139,Ken Parker,912325471,Version Galore,2026-01-28,133,0,-11.6,148549,False,0,16,2,Reggae
3786115612,Perfidia,4913,Phyllis Dillon,901424332,One Life to Live,2026-01-28,168,0,-13.6,319336,False,0,15,1,Reggae
555654712,Marcus Garvey,2325,Burning Spear,73303662,Marcus Garvey,2018-09-21,203,182.94,-13,508982,False,0,1,1,Reggae
3594889672,Worthwhile,365824,NESTA,835292312,Worthwhile,2025-10-10,173,0,-10,383281,False,0,1,1,Reggae
478183932,Israelites,4511,Desmond Dekker,59893082,Black And Dekker,2018-04-01,153,0,-18.2,125830,False,0,1,1,Reggae
6711982,Bredda Gravalicious,76749,Wailing Souls,620362,The Very Best Of The Wailing Souls,1987-01-01,231,122,-17.9,188605,False,0,3,1,Reggae
3815664012,Cool And Calm (Album Version),2320,Israel Vibration,909237052,Strength Of My Life,2026-01-28,267,152.6,-15.9,282656,False,0,1,1,Reggae
429957382,Rocksteady,7086,Alton Ellis,51828322,Alton Ellis Selects Reggae,2017-11-17,158,86.86,-15.8,63242,False,0,10,1,Reggae
101607833,World a Reggae (Out in the Street They Call It Murder),10574,Ini Kamoze,10547523,Debut,2011-02-18,237,0,-10,577033,False,0,2,1,Reggae
2293793,Satisfy My Soul,719,Bob Marley & The Wailers,228718,Kaya,2001-08-06,271,126.8,-12.7,695466,False,0,5,1,Reggae
4118199391,NERVOUS,5700709,Destin Conrad,1015767071,NERVOUS,2026-07-01,161,0,-9.1,409899,True,1,1,1,Reggae
13826577,From the Ghetto,62439,Jimmy Riley,1264778,From The Ghetto,2011-09-01,198,77.8,-1.43,807,False,0,1,1,Reggae
1891177,Should I,7056,Dennis Brown,193871,Words Of Wisdom,2007-08-01,239,139.2,-18.4,127027,False,0,4,1,Reggae
35336531,Me Waan Justice,98501,The Itals,3429501,Give Me Power,2012-05-14,252,182.1,-21,112090,False,0,3,1,Reggae
6699078,Fire House Rock,76749,Wailing Souls,619573,Fire House Rock,1981-06-01,255,130,-11,368724,False,0,1,1,Reggae
62710568,Collie Weed,2327,Barrington Levy,6155543,Reggae Anthology: Sweet Reggae Music (1979-84),2012-12-14,200,138.27,-11.9,243604,False,6,1,1,Reggae
3785908702,Sister Big Stuff,7082,John Holt,901402082,Like a Bolt (Expanded Version),2026-01-28,151,0,-13,254443,False,0,16,1,Reggae
866230932,Could You Be Loved,719,Bob Marley & The Wailers,129798982,Legend (Deluxe Edition),2020-02-07,236,0,-11,338819,False,0,3,1,Reggae
63393602,Westbound Train,7056,Dennis Brown,6227469,Love & Hate,2009-03-16,188,177.4,-15.5,198608,False,6,9,1,Reggae
3776492922,You Bliss,8026,Nightmares On Wax,898268632,In A Space Outta Dub,2026-04-03,254,0,-11.7,277085,False,0,1,1,Reggae
88018211,Extra Classic,7065,Gregory Isaacs,8889369,Love Songs: The Box Set,2014-10-17,190,133.4,-7.2,147227,False,0,20,2,Reggae
3308913,Bush Doctor (2002 Remaster),2326,Peter Tosh,315516,Bush Doctor,1988-10-31,247,136.9,-10.7,176458,False,0,6,1,Reggae
14306486,Murderer,2327,Barrington Levy,1313456,"Original Ragga Muffin, Pt. 1",2011-10-21,233,0,-14,515729,False,0,14,1,Reggae
11688902,It's A Shame,9131,Delroy Wilson,1069972,The Very Best Of Delroy Wilson,2007-07-17,147,172.3,-10,126745,False,0,8,1,Reggae
3786474022,Midnight Confessions,4913,Phyllis Dillon,901493792,Love Is All I Had: A Tribute to the Queen of Jamaican Soul,2026-01-28,152,0,-12.5,34544,False,0,22,1,Reggae
1040189042,Why Should I,719,Bob Marley & The Wailers,164591122,Songs Of Freedom Rarities,2020-08-07,213,0,-7.9,259418,False,0,2,1,Reggae
6712270,Freelance Lover,5348,Johnny Osbourne,620385,Never Stop Fighting,1982-02-26,210,141.6,-15.7,120898,False,0,7,1,Reggae
6712266,In Your Eyes,5348,Johnny Osbourne,620385,Never Stop Fighting,1982-02-26,189,145.1,-16.5,342117,False,0,3,1,Reggae
2237439,Buffalo Soldier,719,Bob Marley & The Wailers,223761,Confrontation,2001-08-02,256,124.2,-12.3,836675,False,0,2,1,Reggae
3257677491,Once Upon a Time,9131,Delroy Wilson,720701711,Delroy Wilson Anthology,2011-12-27,185,0,-14.9,194535,False,0,11,1,Reggae
63301957,Little Boy Blue,123569,Pat Kelly,6217871,The Vintage Series,2000-07-25,166,165.4,-8.7,258133,False,6,6,1,Reggae
11568188,Pull up sector,62439,Jimmy Riley,1060735,Sly & Robbie Present Jimmy Riley Pull Up Selector,2009-06-10,258,159,-7.6,52646,False,0,2,1,Reggae
63395110,Fisherman,9126,The Congos,6227632,Heart Of The Congos,1993-08-27,365,0,-11.7,477977,False,6,1,1,Reggae
6712991,One In A Million,103629,Half Pint,620435,One In A Million,1997-12-01,181,165.4,-10.7,163476,False,0,1,1,Reggae
32582381,Come on Home,123595,Joe Higgs,3137891,Life of Contradiction,2013-10-23,182,148.7,-9.8,345126,False,0,1,1,Reggae
6712146,It A Fi Burn,95069,Josey Wales,620376,The Outlaw,1983-01-01,197,145.58,-18.7,215226,False,0,1,1,Reggae
3856486971,Monkey Man,5871,Toots & The Maytals,923359621,The Best of The Maytals,2026-01-28,227,0,-8.4,256175,False,0,1,1,Reggae
6713022,Police In Helicopter,7082,John Holt,620438,Police In Helicopter,1983-08-08,219,141.6,-11.1,572129,False,0,1,1,Reggae
107687158,Heavy Duty Dub,4645712,Harry Mudie,11227268,Harry Mudie Meet King Tubby In Dub Confrence Volume One,2015-10-02,179,167.38,-14.1,114539,False,0,8,1,Reggae
3269246371,Bam Bam,7054,Sister Nancy,724351591,One Two,2002-03-15,196,0,-10.3,792541,False,0,6,1,Reggae
65410418,Fussing and Fighting,12564362,Bob Marley,6411592,30 Years Ago,2011-05-15,148,94.4,-16.4,21970,False,6,32,1,Reggae
3786115672,Get On the Right Track,4913,Phyllis Dillon,901424332,One Life to Live,2026-01-28,150,0,-13.5,229703,False,0,20,1,Reggae
6713001,Nobody Move Nobody Get Hurt,3606,Yellowman,620436,Nobody Move Nobody Get Hurt,1984-03-01,223,164.1,-9.9,367611,False,0,1,1,Reggae
3814188042,Cool Rasta,2764,The Heptones,908666922,Cool Rasta (Bonus Track Edition),2026-01-28,179,0,-21.1,329269,False,0,1,1,Reggae
1353811462,Upside Down,123595,Joe Higgs,225463362,Family,2005-06-20,204,140.6,-15.8,73425,False,0,6,1,Reggae
4215557692,DADAMAN,5700709,Destin Conrad,1051016592,ROADRUNNER,2026-08-21,161,0,-12.5,533693,True,1,10,1,Reggae
1583158,"Roots, Rock, Reggae",719,Bob Marley & The Wailers,162223,Rastaman Vibration,2001-07-12,215,139.2,-13.2,592394,False,0,2,1,Reggae
6709810,Too Experienced,2327,Barrington Levy,620232,The Barrington Levy Collection,1990-06-01,202,175.9,-16.7,114987,False,0,12,1,Reggae
3783188152,Renegade (Take 1),167268,The Baba Brooks Band,900598582,Treasure Isle Ska Rarities,2026-01-28,160,0,-14.8,41630,False,0,13,1,Reggae
3856487211,It's You (Reggae Version),5871,Toots & The Maytals,923359621,The Best of The Maytals,2026-01-28,213,0,-10.1,36970,False,0,25,1,Reggae
755377052,Macka Splaff,6542,Steel Pulse,111246962,Handsworth Revolution (Deluxe Edition),2019-09-20,260,0,-17.8,307991,False,0,8,1,Reggae
107289734,Don't Rock My Boat,719,Bob Marley & The Wailers,11185656,Bob Marley,2015-07-23,270,149.26,-19.1,364837,False,0,1,1,Reggae
11586855,Rich Man Poor Man,2252,The Gladiators,1062081,Back To Roots,2000-01-01,224,139.2,-11.9,499560,False,0,5,1,Reggae
1583163,Who The Cap Fit,719,Bob Marley & The Wailers,162223,Rastaman Vibration,2001-07-12,282,138.3,-13.8,537280,False,0,7,1,Reggae
755376982,Handsworth Revolution,6542,Steel Pulse,111246962,Handsworth Revolution (Deluxe Edition),2019-09-20,321,0,-17,316178,False,0,1,1,Reggae
3856488671,"Bla, Bla, Bla",5871,Toots & The Maytals,923359651,Sweet and Dandy,2026-01-28,163,0,-11.4,158974,False,0,4,1,Reggae
10701637,Break Us Apart,13025,Stephen Marley,978377,Revelation Part 1: The Root Of Life,2011-05-23,227,121.96,-10.4,442087,False,0,3,1,Reggae
2502156,Ride Natty Ride,719,Bob Marley & The Wailers,245955,Survival,2001-08-02,231,125.3,-12.3,507169,False,0,8,1,Reggae
4168651742,I LOVE YOUR BODY,5700709,Destin Conrad,1034773962,I LOVE YOUR BODY,2026-07-29,154,0,-9.7,507749,False,0,1,1,Reggae
851907,Hot Fun in the Summertime (Mono Single Master),229,Sly & The Family Stone,98005,The Essential Sly & The Family Stone,2003-03-11,157,145.6,-14.8,264683,False,0,16,1,Soul & Funk
494627372,Whatever I Do,1097186,Samuel Purdey,62678092,Musically Adrift,1999-04-01,218,0,-11.1,44799,False,2,1,1,Soul & Funk
15586296,Don't Stop 'Til You Get Enough,259,Michael Jackson,1440807,Off the Wall,1983-07-04,365,0,-15.7,926325,False,0,1,1,Soul & Funk
11372486,Never Can Say Goodbye,107942,Bob Baldwin,1041973,BobBaldwin.com,2007-06-05,320,170.1,-10.8,116690,False,0,1,1,Soul & Funk
534508,Everyday People,229,Sly & The Family Stone,71151,Stand,1969-05-03,141,114.5,-14,621862,False,0,6,1,Soul & Funk
2432831,Distant Lover,1154,Marvin Gaye,239681,Let's Get It On,2008-04-03,256,141.6,-13.6,677556,False,0,6,1,Soul & Funk
509743662,Love You out of Your Mind,5947414,Byrne & Barnes,65247722,An Eye for an Eye,2016-06-17,195,0,-13.2,191585,False,0,3,1,Soul & Funk
1845134237,We Never Stop,511,Candy Dulfer,340875057,We Never Stop,2022-10-28,341,0,-9.6,108181,False,0,7,1,Soul & Funk
2603874,Got To Give It Up,1154,Marvin Gaye,253954,Favorites,2008-06-10,361,123.4,-16,198448,False,0,15,1,Soul & Funk
15586286,Rock with You (Single Version),259,Michael Jackson,1440807,Off the Wall,1983-07-04,203,0,-16.9,830728,False,0,2,1,Soul & Funk
78065739,Coffee Cold,2666,Galt MacDermot,7762418,Shapes of Rhythm/Woman Is Sweeter,2000-01-01,205,0,-11.8,617459,False,0,3,1,Soul & Funk
3200659821,Super Diana,1622064,Korona,702311931,Keep On Hustling b/w Super Diana,2025-02-19,223,0,-13.4,105019,False,0,2,1,Soul & Funk
1133408902,Mercy Mercy Me (The Ecology),1154,Marvin Gaye,184480112,What's Going On,2020-11-13,193,0,-14.4,639583,False,0,6,1,Soul & Funk
534574,Dance to the Music,229,Sly & The Family Stone,71156,Dance To The Music,1968-04-27,179,128,-14.4,423810,False,0,1,1,Soul & Funk
692966892,You're so Fine,67206352,Papa Bear & His Cubs,99615992,You're so Fine,2019-06-28,173,0,-14.8,302669,False,0,1,1,Soul & Funk
3208869721,No Business,5374412,Durand Bernarr,705126921,BLOOM,2025-02-18,318,0,-8,161914,False,0,5,1,Soul & Funk
1075236892,Little Bit,11581849,Karate Boogaloo,172186752,Look Around / Little Bit,2020-10-09,259,0,-12,327346,False,0,2,1,Soul & Funk
1100051382,Black Dog,13286961,Arlo Parks,177705752,Collapsed In Sunbeams,2021-01-29,229,0,-7.9,583356,False,0,6,1,Soul & Funk
2073935877,Back to your Place,10728557,October London,387482857,Back to your Place,2023-02-03,203,0,-9.4,527301,False,0,1,1,Soul & Funk
62961051,Dance Tonight,2374,Lucy Pearl,6179357,Lucy Pearl,2000-05-23,221,99.1,-9.5,496146,False,0,3,1,Soul & Funk
441398062,Before Summer Ends,15513,Keith Mansfield,53555362,New Dimension,1976-01-01,390,140.62,-16,327555,False,0,3,1,Soul & Funk
3657693912,Lost Until I Want To Be Found,5551,Incognito,857015102,Music. Magic. Ironic.,2025-12-25,295,0,-10.1,194207,False,0,4,1,Soul & Funk
1101119,You're All I Need To Get By,1154,Marvin Gaye,118792,Greatest Hits,1998-04-07,170,191.4,-11.5,223742,False,0,3,1,Soul & Funk
2293838205,West 57th,77726412,Greg Adams and East Bay Soul,444386975,THE REAL,2023-06-02,297,0,-11.3,16012,False,0,3,1,Soul & Funk
646327132,Your Precious Love,1154,Marvin Gaye,89926872,United,2019-03-15,182,0,-17.9,411427,False,0,5,1,Soul & Funk
1101120,Ain't Nothing Like The Real Thing,1154,Marvin Gaye,118792,Greatest Hits,1998-04-07,136,94,-11.1,402356,False,0,4,1,Soul & Funk
16058674,Easy to Come Home (feat. Roxie Ray),369236,Dojo Cuts,1490289,Take from Me (feat. Roxie Ray),2012-04-16,213,0,-9.9,471296,False,0,3,1,Soul & Funk
376701341,If It's a Dream,1665246,Andreas Aleman,43636141,It's the Journey,2012-04-25,271,0,-10,39279,False,0,2,1,Soul & Funk
2856858292,Send Your Loving,133096332,Ama Louise,604415892,Send Your Loving,2024-06-05,214,0,-9,376148,False,0,1,1,Soul & Funk
3892356161,make it count,10292736,Naji,936791821,The Realist,2026-04-15,203,0,-9.6,105036,False,0,1,1,Soul & Funk
2564382852,Mind Water,189892567,Pleasurewood,518209192,They Live,2023-11-24,167,0,-10,73984,False,0,4,1,Soul & Funk
4206278672,Monday Blues,114844082,Washington,1047232712,Monday Blues,2026-08-19,234,0,-9.3,471282,False,0,1,1,Soul & Funk
490679132,I Want to Be Your Man,500,Zapp & Roger,62053442,More Bounce to the Ounce,2018-04-27,249,81.5,-12.7,265960,False,0,2,1,Soul & Funk
1100051422,Eugene,13286961,Arlo Parks,177705752,Collapsed In Sunbeams,2021-01-29,223,0,-7,260020,True,1,10,1,Soul & Funk
1584342342,The Humpty Dance,10139,Digital Underground,279107292,The Best Of Digital Underground: Playwutchyalike,2003-06-10,391,103.62,-10.9,151488,False,0,4,1,Soul & Funk
1845483657,Jammin' Tonight,511,Candy Dulfer,340974697,Jammin' Tonight,2022-08-26,247,0,-9.9,91452,False,0,1,1,Soul & Funk
1734021437,Yum Yum (Gimme Some),6493,Fatback Band,314397917,Yum Yum,1975-01-01,198,0,-16.1,295348,False,0,1,1,Soul & Funk
646327092,Ain't No Mountain High Enough,1154,Marvin Gaye,89926872,United,2019-03-15,147,0,-14.7,771840,False,0,1,1,Soul & Funk
646689762,Funky Sensation,8807,Gwen McCrae,90003392,Funky Sensation (MAW Mix),2019-03-22,398,98.9,-18.8,290910,False,0,2,1,Soul & Funk
558507622,Movin',8584,Brass Construction,73845962,Brass Construction,2018-09-28,521,0,-8.3,133243,False,0,1,1,Soul & Funk
15586313,Get on the Floor,259,Michael Jackson,1440807,Off the Wall,1983-07-04,278,0,-16.5,606252,False,0,4,1,Soul & Funk
549282432,Can I Get A Witness (Single Version / Mono),1154,Marvin Gaye,72171132,The Very Best Of Marvin Gaye,2018-09-07,167,84.2,-11.5,297251,False,0,21,1,Soul & Funk
62961057,Don't Mess With My Man,2374,Lucy Pearl,6179357,Lucy Pearl,2000-05-23,217,106,-8.7,469451,False,0,9,1,Soul & Funk
534599,M'Lady,229,Sly & The Family Stone,71157,Greatest Hits,1970-11-21,164,125.28,-14.2,104133,False,0,10,1,Soul & Funk
534503,Stand!,229,Sly & The Family Stone,71151,Stand,1969-05-03,187,108.5,-12.1,230490,False,0,1,1,Soul & Funk
1754300897,Sk8teing in Central Park,4860557,Wun Two,319386277,"Snow, Vol. 2",2015-12-11,73,0,-13.6,54797,False,0,9,1,Soul & Funk
3716729532,UNDEFEATED,540808,Nate Smith,877497692,LIVE-ACTION (Deluxe),2026-01-16,202,0,-9.7,114564,False,0,2,1,Soul & Funk
2432823,Let's Get It On,1154,Marvin Gaye,239681,Let's Get It On,2008-04-03,293,168.1,-14.6,616606,False,0,1,1,Soul & Funk
3407512021,TU VAS SIN (fav),10580067,Rels B,770272221,afroLOVA 25',2025-06-20,110,0,-7,786802,False,0,5,1,Soul & Funk
1133408852,What's Going On,1154,Marvin Gaye,184480112,What's Going On,2020-11-13,231,0,-13.4,716861,False,0,1,1,Soul & Funk
534594,Fun,229,Sly & The Family Stone,71157,Greatest Hits,1970-11-21,141,118.46,-13.4,119909,False,0,5,1,Soul & Funk
3422471441,MOTHER AND SON,540808,Nate Smith,775234261,LIVE-ACTION,2025-08-29,182,0,-10.9,537508,False,0,7,1,Soul & Funk
946560062,Get a Good Feeling,1050140,The Brief Encounter,145322002,Introducing - the Brief Encounter,1977-04-24,292,0,-13.5,63523,False,0,9,1,Soul & Funk
851908,Thank You (Falettinme Be Mice Elf Agin) (Single Version),229,Sly & The Family Stone,98005,The Essential Sly & The Family Stone,2003-03-11,287,106,-15.5,516077,False,0,18,1,Soul & Funk
96362178,We All Need One Another,96785,Stylus,9805368,For The Love Music,2015-02-19,209,126.82,-14.5,67168,False,0,8,1,Soul & Funk
3851297791,It's What You Do,390575,Orgone,921784691,The Killion Floor,2007-10-23,375,0,-13.9,111953,False,0,6,1,Soul & Funk
1761489867,I Heard It Through The Grapevine,1154,Marvin Gaye,320936317,In The Groove,2004-04-27,194,0,-15.1,241222,False,0,4,1,Soul & Funk
1133408932,Inner City Blues (Make Me Wanna Holler),1154,Marvin Gaye,184480112,What's Going On,2020-11-13,327,0,-16.2,526394,False,0,9,1,Soul & Funk
1734017967,Backstrokin',6493,Fatback Band,314396577,Hot Box,1980-01-01,383,0,-13.9,510641,False,0,5,1,Soul & Funk
1734071667,Space Lady,6053,Lonnie Liston Smith,314409797,Renaissance,1976-01-01,396,0,-15.2,112267,False,0,1,1,Soul & Funk
356448081,Galaxy,10129,War,40904681,Galaxy,1977-01-01,494,118.46,-15.9,316545,False,0,1,1,Soul & Funk
1916964827,City Sounds,103543712,STR4TA,357257097,STR4TASFEAR,2022-11-11,359,0,-12.2,54012,False,6,2,1,Soul & Funk
1695513497,"Ain't No Stopping Us Now (12"" Dub Version)",6406296,Risco Connection,305282597,Risco Version,2022-07-01,547,0,-12.3,65839,False,0,2,1,Soul & Funk
2959232581,Rescue,9109,Tyrese,633035221,Beautiful Pain,2024-08-30,300,0,-10,61902,False,0,8,1,Soul & Funk
593700962,Body Talk,80776,Eddie Kendricks,79885272,The Hit Man,2018-11-30,400,0,-15.8,39430,False,0,4,1,Soul & Funk
3551921041,Who's To Blame?,133096332,Ama Louise,819890661,Long Story Short,2025-10-10,167,0,-10.2,303150,False,0,2,1,Soul & Funk
1858875187,Get Up,194594,The Gaturs,344573987,Wasted,1994-01-01,223,0,-11.9,26680,False,0,10,1,Soul & Funk
732845262,Can You Feel It,6512815,S.O.U.L.,107672512,Can You Feel It,2019-03-14,427,0,-15.7,33240,False,0,1,1,Soul & Funk
3510115201,Lost In You,5156135,Dayo Bello,805453271,DB,2025-08-29,240,0,-11.2,93996,False,0,3,1,Soul & Funk
534553,Life,229,Sly & The Family Stone,71154,Life,1968-07-01,181,121.6,-14.1,91279,False,0,7,1,Soul & Funk
2779504521,STUCK. (feat. Ari Lennox),5374412,Durand Bernarr,581070791,DUR&,2020-08-28,262,0,-10.4,176856,False,0,3,1,Soul & Funk
1791833397,Burning Jungle,369151,Ofege,327594857,How Do You Feel,2022-06-15,201,0,-10.9,139612,False,0,2,1,Soul & Funk
654942552,Baby Don't Hold Your Love Back,375433,Bridge,91578032,Baby Don't Hold Your Love Back,2019-04-19,249,0,-10.6,99239,False,0,1,1,Soul & Funk
71269026,Who You Gonna Get,5230862,Burton Inc,6996757,LA Will Make You Pay,2013-10-28,234,160.25,-3.67,38033,False,0,4,1,Soul & Funk
80295920,Ebony Eyes,5091,Rick James,8017738,Cold Blooded (Expanded Edition),2014-07-08,307,140.1,-10.7,502300,False,0,3,1,Soul & Funk
4112009411,Kiss N Tell,226000935,Laza,1013745671,Kiss N Tell,2026-07-10,135,0,-10.7,155117,True,1,1,1,Soul & Funk
2135005287,Moonshine,9079614,Young Gun Silver Fox,403449797,Moonshine,2023-03-09,284,0,-9.7,288403,False,0,1,1,Soul & Funk
1579438382,The Color Violet,5575105,Tory Lanez,278202372,Alone At Prom,2021-12-10,227,0,-10.8,796545,False,0,4,1,Soul & Funk
556329982,Humpty Dumpty,14309985,Placebo,73441082,Ball of Eyes,1971-01-01,154,0,-11.5,202273,False,6,4,1,Soul & Funk
1651280602,Giving You the Best That I Got (Single Version),4370,Anita Baker,294577252,Sweet Love,2022-02-14,233,104.9,-12.3,228882,False,0,2,1,Soul & Funk
826877022,Lucky (12 Inch),1253104,Ellie Hope,122027622,Lucky / Shake,2010-12-06,359,0,-17.7,169263,False,0,2,1,Soul & Funk
1245761632,Change Position,1351740,Brooklyn Express,208018882,Sixty Nine,2021-02-22,345,0,-17.6,102409,False,0,2,1,Soul & Funk
1494772482,Petty Lover,13371963,Jaz Karis,259010072,Pretty Dreamer / Petty Lover,2018-06-22,160,0,-11.5,432572,True,1,2,1,Soul & Funk
359092931,Anubis,408375,Anubis,41280781,Ecology,2017-06-09,206,0,-11.6,121509,False,0,2,1,Soul & Funk
3931351,Try It Again,8588,Bobby Byrd,367111,Sayin' It and Doin' It,2009-07-21,314,195,-10.2,105500,False,0,5,1,Soul & Funk
718286132,Spread Love,70320102,Michael Orr And The Book Of Life,104890372,Love Will Rise,2019-08-16,233,0,-8.7,1526,False,0,9,1,Soul & Funk
80295840,Mary Jane,5091,Rick James,8017722,Come Get It! (Expanded Edition),2014-07-08,292,184.6,-11.1,444389,False,0,6,1,Soul & Funk
69008888,Heart Heart,256599,Geraldine Hunt,6761802,Can't Fake the Feeling,1981-01-01,388,106.6,-14.3,110652,False,0,10,1,Soul & Funk
557625,Breaking the Law,533,Judas Priest,72977,Metal Works '73-'93,1993-04-28,153,0,-10.3,685156,False,0,10,1,Metal
858371,The Final Countdown,1903,Europe,97615,The Final Countdown (Expanded Edition),1988-09-16,310,0,-11.3,847358,False,0,1,1,Metal
1015501,Cum on Feel the Noize,5732,Quiet Riot,111858,Metal Health,1994-05-22,287,146.1,-8.1,443309,False,0,2,1,Metal
1078203362,Crazy Train,823,Ozzy Osbourne,172861592,Blizzard Of Ozz (40th Anniversary Expanded Edition),2020-09-18,291,0,-8.3,560644,False,0,2,1,Metal
1078203352,I Don't Know,823,Ozzy Osbourne,172861592,Blizzard Of Ozz (40th Anniversary Expanded Edition),2020-09-18,315,0,-8.8,392396,False,0,1,1,Metal
4238186472,I CARE: FAYE WEBSTER VERSION,1072674,Turnstile,1059875612,NEVER ENOUGH: VERSIONS,2026-08-28,201,0,-13.2,375182,False,0,6,1,Metal
62082829,Killing In The Name,113,Rage Against the Machine,6088193,Rage Against The Machine - XX (20th Anniversary Special Edition),2012-11-26,313,163.41,-7.9,903558,True,1,2,1,Metal
92720046,Back In Black,115,AC/DC,9410100,Back In Black,1980-07-25,253,190.5,-9,966294,False,0,6,1,Metal
557641,Living After Midnight,533,Judas Priest,72977,Metal Works '73-'93,1993-04-28,210,0,-10,588948,False,0,9,2,Metal
722093132,Sober,689,TOOL,105614472,Undertow,1993-04-06,306,149.8,-12,661833,True,1,3,1,Metal
870942,You've Got Another Thing Comin',533,Judas Priest,99223,Screaming For Vengeance,1997-06-16,310,0,-9.3,605475,False,0,8,1,Metal
15523781,Chop Suey!,458,System of A Down,1434890,Toxicity,2001-09-04,210,0,-7.5,742555,False,0,6,1,Metal
3803468372,I Remember You,3019,Skid Row,905329042,Skid Row,2026-01-28,313,0,-15.3,638452,False,0,10,1,Metal
4283830192,Joseph,1346116,Falling in Reverse,1077811332,Joseph,2026-09-14,249,0,-6.6,997149,True,1,1,1,Metal
722093262,Forty Six & 2,689,TOOL,105614492,Ænima,1996-09-17,362,157.2,-10,668351,False,0,5,1,Metal
92719900,Highway to Hell,115,AC/DC,9410086,Highway to Hell,1979-07-27,206,0,-8.2,978152,False,0,1,1,Metal
3296401771,NEVER ENOUGH,1072674,Turnstile,733400941,NEVER ENOUGH,2025-04-08,287,0,-7.9,523797,False,0,1,1,Metal
3402267141,BIRDS,1072674,Turnstile,768426291,NEVER ENOUGH,2025-06-06,146,0,-7.9,634857,False,0,11,1,Metal
92720054,Rock and Roll Ain't Noise Pollution,115,AC/DC,9410100,Back In Black,1980-07-25,266,95.3,-9.1,572627,False,0,10,1,Metal
134544449,Glory (Let There Be Peace),70711,Matt Maher,14346911,Glory (Let There Be Peace),2016-10-20,228,153.69,-9.1,69000,False,0,1,1,Metal
425695572,Master Of Puppets (Remastered),119,Metallica,51188172,Master of Puppets (Remastered),1986-03-03,515,105.74,-11.4,443237,False,0,2,1,Metal
15523793,Toxicity,458,System of A Down,1434890,Toxicity,2001-09-04,218,0,-7.8,945849,False,0,12,1,Metal
624314,No More Tears,823,Ozzy Osbourne,78417,No More Tears (Expanded Edition),2014-09-22,443,103.62,-8.7,768436,False,0,5,1,Metal
92720016,For Those About to Rock (We Salute You),115,AC/DC,9410098,For Those About to Rock (We Salute You),1981-11-23,343,132.9,-8.6,684620,False,0,1,1,Metal
134523750,Freak On a Leash,1327,Korn,14344576,Follow The Leader,1998-08-18,255,107.95,-9.8,837821,True,1,2,1,Metal
3819908,Duality,117,Slipknot,356130,Vol. 3: The Subliminal Verses (Special Edition),2004-01-01,252,146.1,-6.2,872047,False,6,4,1,Metal
559789,B.Y.O.B.,458,System of A Down,73123,Mezmerize,2005-05-17,257,101.6,-6.6,873643,True,1,2,1,Metal
15523799,Aerials,458,System of A Down,1434890,Toxicity,2001-09-04,237,0,-7.3,916094,False,0,14,1,Metal
1015631,Metal Health (Bang Your Head),5732,Quiet Riot,111858,Metal Health,1994-05-22,316,120.2,-9.8,505465,False,0,1,1,Metal
1195560,Psychosocial,117,Slipknot,127402,All Hope Is Gone,2008-08-22,284,135.1,-6.1,852544,False,6,4,1,Metal
92720036,Hells Bells,115,AC/DC,9410100,Back In Black,1980-07-25,309,106.8,-8.9,871564,False,0,1,1,Metal
3789078212,Afraid Of The Dark,131886,Motionless In White,902362642,Afraid Of The Dark,2026-01-28,278,0,-5.5,716416,True,1,1,1,Metal
722078532,Schism,689,TOOL,105611632,Lateralus,2001-05-15,403,107.11,-11.5,683727,False,0,5,1,Metal
545483122,One (Remastered),119,Metallica,71447062,...And Justice for All (Remastered Deluxe Box Set),2018-11-02,446,111.14,-10.7,441996,False,0,4,1,Metal
625945,"Mama, I'm Coming Home",823,Ozzy Osbourne,78417,No More Tears (Expanded Edition),2014-09-22,251,140.62,-9.4,715885,False,0,3,1,Metal
4197811,Wait and Bleed,117,Slipknot,391145,Slipknot (10th Anniversary Edition),2008-06-01,147,183.75,-7.5,763663,False,6,4,1,Metal
3390202191,Just Pretend,9700940,Bad Omens,764348781,THE DEATH OF PEACE OF MIND,2022-10-01,204,0,-7.1,782375,False,0,8,1,Metal
2134778427,The Summoning,11025166,Sleep Token,403397427,Take Me Back To Eden,2023-05-19,395,0,-8.3,661623,False,0,2,1,Metal
7597630,Mother,2118,Danzig,700816,Danzig,2002-06-18,206,152,-13.2,727944,True,1,6,1,Metal
1881054427,Mary On A Cross,8506054,Ghost,349710367,Mary On A Cross (slowed + reverb),2022-08-26,244,0,-7.6,834952,False,0,2,1,Metal
13378870,Blind,1327,Korn,1225855,Korn,1994-10-11,258,187.9,-9.9,773089,False,0,1,1,Metal
3390202151,THE DEATH OF PEACE OF MIND,9700940,Bad Omens,764348781,THE DEATH OF PEACE OF MIND,2022-10-01,241,0,-7.6,793104,True,1,4,1,Metal
3788318572,Headed For A Heartbreak,3427,Winger,902134132,Winger,2026-01-28,313,0,-17.1,218501,False,0,10,1,Metal
722078382,The Pot,689,TOOL,105611582,"10,000 Days",2006-05-02,382,107.39,-9.1,675872,True,1,5,1,Metal
92720006,T.N.T.,115,AC/DC,9410096,High Voltage,1976-04-30,214,126.8,-9.2,884676,False,0,5,1,Metal
134523754,Got the Life,1327,Korn,14344576,Follow The Leader,1998-08-18,228,123.78,-9.5,735846,True,1,3,1,Metal
3819914,Before I Forget,117,Slipknot,356130,Vol. 3: The Subliminal Verses (Special Edition),2004-01-01,278,133.8,-5.8,824300,False,6,10,1,Metal
3271607031,Emergence,11025166,Sleep Token,725116281,Emergence,2025-03-13,386,0,-9.4,670994,False,0,1,1,Metal
3330723971,Caramel,11025166,Sleep Token,744506781,Even In Arcadia,2025-05-09,290,0,-8.7,655673,False,0,5,1,Metal
630595142,Du hast,464,Rammstein,86933302,Sehnsucht,2018-05-28,235,124.91,-9.3,838743,False,0,5,1,Metal
714397,Cowboys from Hell,2969,Pantera,85363,Cowboys from Hell,1990-07-20,243,113.9,-11.1,695305,True,1,1,1,Metal
722093122,Prison Sex,689,TOOL,105614472,Undertow,1993-04-06,296,107.67,-11.4,490136,True,1,2,1,Metal
722093222,Stinkfist,689,TOOL,105614492,Ænima,1996-09-17,311,171.55,-9.4,606043,False,0,1,1,Metal
3340663321,Sugar,458,System of A Down,747917441,System Of A Down (Deluxe),1998-06-30,154,0,-5.8,472975,True,1,3,1,Metal
3402267061,I CARE,1072674,Turnstile,768426291,NEVER ENOUGH,2025-06-06,233,0,-8.5,654044,False,0,3,1,Metal
14381638,Sonne,464,Rammstein,1318764,Mutter,2010-02-05,272,150.34,-7.8,869567,False,0,3,1,Metal
92723000,Dirty Deeds Done Dirt Cheap,115,AC/DC,9410164,Dirty Deeds Done Dirt Cheap,1976-12-17,231,135.6,-9.2,679859,False,0,1,1,Metal
15523769,Prison Song,458,System of A Down,1434890,Toxicity,2001-09-04,201,0,-7.6,758598,True,1,1,1,Metal
3803468342,Youth Gone Wild,3019,Skid Row,905329042,Skid Row,2026-01-28,198,0,-14.3,569294,False,0,7,1,Metal
690236062,Another Life,131886,Motionless In White,99106202,Disguise,2019-06-07,205,162.13,-6.6,709162,False,0,8,1,Metal
13142594,Slither,1252,Velvet Revolver,1206012,Contraband,2004-06-08,248,0,-7.5,600736,False,0,11,1,Metal
4263853692,Mourning,13321745,Spiritbox,1069975512,Mourning,2026-09-08,256,0,-6,737896,False,0,1,1,Metal
3330723961,Dangerous,11025166,Sleep Token,744506781,Even In Arcadia,2025-05-09,251,0,-9.1,599528,False,0,4,1,Metal
2134778517,Take Me Back To Eden,11025166,Sleep Token,403397427,Take Me Back To Eden,2023-05-19,500,0,-8.2,686164,False,0,11,1,Metal
3880368941,Doomed,302289351,Maphra,932214631,Doomed,2026-02-28,275,0,-10.9,725576,True,1,1,1,Metal
3390202171,Like A Villain,9700940,Bad Omens,764348781,THE DEATH OF PEACE OF MIND,2022-10-01,210,0,-6.7,756646,True,1,6,1,Metal
3821969,Wait,5290,White Lion,356310,Pride,2008-07-15,240,142.1,-13.2,305455,False,6,6,1,Metal
1195567,Snuff,117,Slipknot,127402,All Hope Is Gone,2008-08-22,276,124.2,-8.4,789303,False,6,11,1,Metal
4210492372,If The Sun Burns Out Tonight (feat. Oli Sykes & Courtney LaPlante),136012742,VALORANT,1048837202,If The Sun Burns Out Tonight (feat. Oli Sykes & Courtney LaPlante),2026-09-18,226,0,-6.4,885102,False,0,1,1,Metal
15275718,Shot in the Dark,823,Ozzy Osbourne,1408517,The Ultimate Sin,1986-02-22,256,123.78,-9.6,567400,False,0,9,1,Metal
1461867042,BLACKOUT,1072674,Turnstile,251184752,GLOW ON,2021-08-27,173,0,-7.8,603722,False,6,2,1,Metal
12565751,Peace Sells (Remastered),3487,Megadeth,1152715,Peace Sells...But Who's Buying (Deluxe Edition - Remastered),2011-07-08,245,137.8,-6.8,560052,False,0,3,1,Metal
4274080662,Arsenal,117,Slipknot,1074036602,Arsenal,2026-09-09,221,0,-6,838023,True,1,1,1,Metal
2134778417,Chokehold,11025166,Sleep Token,403397427,Take Me Back To Eden,2023-05-19,304,0,-9.1,649038,False,0,1,1,Metal
4003891641,R.I.P. (feat. Skylar Grey),131886,Motionless In White,976493181,Decades,2026-07-17,240,0,-6,684930,True,1,3,1,Metal
2134778437,Granite,11025166,Sleep Token,403397427,Take Me Back To Eden,2023-05-19,225,0,-9,604364,False,0,3,1,Metal
1078203372,Goodbye to Romance,823,Ozzy Osbourne,172861592,Blizzard Of Ozz (40th Anniversary Expanded Edition),2020-09-18,333,0,-10.5,420041,False,0,3,1,Metal
3330724011,Gethsemane,11025166,Sleep Token,744506781,Even In Arcadia,2025-05-09,383,0,-9.8,603189,False,0,9,1,Metal
2350073455,Zombie,8156852,Bad Wolves,459633695,Zombie,2018-01-19,254,154.27,-7,747904,False,0,1,1,Metal
3541168831,End of You,712754,Poppy,816230441,End of You,2025-09-04,192,0,-5.9,708506,False,0,1,1,Metal
87544339,Custer,117,Slipknot,8835491,.5: The Gray Chapter (Special Edition),2014-10-15,254,131.7,-5.7,697722,True,1,11,1,Metal
92720038,Shoot to Thrill,115,AC/DC,9410100,Back In Black,1980-07-25,314,142.6,-8.8,780015,False,0,2,1,Metal
848262,Rock the Night,1903,Europe,97615,The Final Countdown (Expanded Edition),1988-09-16,247,0,-10.6,522866,False,0,2,1,Metal
2798271222,RATATATA,7805012,BABYMETAL,586128002,RATATATA,2024-05-23,216,0,-8.7,700120,True,1,1,1,Metal
722078572,Lateralus,689,TOOL,105611632,Lateralus,2001-05-15,564,175.93,-9.9,598611,False,0,9,1,Metal
3499722501,Specter,9700940,Bad Omens,801904891,Specter,2025-08-09,274,0,-7.9,741931,False,0,1,1,Metal
3330723931,Look To Windward,11025166,Sleep Token,744506781,Even In Arcadia,2025-05-09,466,0,-10.6,627859,False,0,1,1,Metal
4286401762,Machine,159126,Architects,1078864802,Machine,2026-09-16,240,0,-6.5,859036,False,0,1,1,Metal
556809,Happy?,1205,Mudvayne,72919,Lost and Found,2003-12-08,217,99.9,-5.6,604612,True,1,3,1,Metal
2134778507,Rain,11025166,Sleep Token,403397427,Take Me Back To Eden,2023-05-19,252,0,-8.7,626082,False,0,10,1,Metal
623616,Bark at the Moon,823,Ozzy Osbourne,78194,Bark At The Moon (Expanded Edition),1992-10-26,256,146.61,-8.4,602299,False,0,1,1,Metal
3822022,High Enough,6070,Damn Yankees,356315,Damn Yankees,2008-05-20,284,160.9,-14.2,431987,False,6,4,1,Metal
92719960,Who Made Who,115,AC/DC,9410092,Who Made Who,1986-05-24,206,126.8,-8.7,613927,False,0,1,1,Metal
740969222,Pneuma,689,TOOL,108996972,Fear Inoculum,2019-08-30,713,113.89,-12.2,676045,False,0,2,1,Metal
108570832,Whore,13623,In This Moment,11320706,Whore (EP),2013-12-17,246,179.8,-6.9,589284,True,1,1,1,Metal
505508452,Dance Macabre,8506054,Ghost,64572402,Prequelle,2018-06-01,219,126.05,-9.2,428918,False,0,6,1,Metal
657789492,Am I Evil,11873,Diamond Head,92093812,Borrowed Time,2019-04-05,440,0,-8.2,122337,False,0,7,1,Metal
92722970,Let There Be Rock,115,AC/DC,9410160,Let There Be Rock,1977-07-25,366,182.1,-8.4,688611,False,0,3,1,Metal
15523790,ATWA,458,System of A Down,1434890,Toxicity,2001-09-04,176,0,-7.6,825233,False,0,9,1,Metal
4078598061,Mi Chico (Official - Jason Derulo x Melody),11209960,DJ Goja,1002711711,Mi Chico (Official - Jason Derulo x Melody),2026-06-26,125,0,-9.4,967705,False,0,1,1,African Music
4095595231,Dai Dai,160,Shakira,1008516281,Dai Dai,2026-06-25,235,0,-10.9,661577,False,0,3,1,African Music
4208017612,How Can I Forget,289603201,Tay Iwar,1047884392,How Can I Forget,2026-08-28,130,0,-9.2,137377,False,0,1,1,African Music
3260565211,ILY,4479584,Kapo,721615981,ILY,2025-03-06,218,0,-9.4,533367,False,0,1,1,African Music
3879862701,PONGO,4660899,Rvssian,931991361,PONGO,2026-03-19,192,0,-7.7,744830,False,0,1,1,African Music
3316089041,Kai!,3744641,Olamide,739775811,Kai!,2025-04-28,175,0,-9.6,473357,True,1,1,1,African Music
3515499961,I'm Not Done,8791550,Adekunle Gold,807332001,Fuji,2025-10-03,145,0,-10.1,116545,False,0,14,1,African Music
3427618651,DÓNDE,4479584,Kapo,777147761,POR SI ALGUIEN NOS ESCUCHA,2025-07-03,193,0,-8.8,620134,True,1,12,1,African Music
1563415072,Desesperados,11289472,Rauw Alejandro,274810572,Desesperados,2021-12-11,224,0,-7.7,704862,True,1,1,1,African Music
2824575332,OHNANA,4479584,Kapo,594138522,OHNANA,2024-06-06,156,0,-8.6,719167,False,0,1,1,African Music
127248351,Your Number,4913784,Ayo Jay,13420517,Your Number,2016-08-17,204,99.86,-8.7,633769,False,0,1,1,African Music
752155092,love nwantiti (ah ah ah),903536,CKay,110714612,CKay The First,2019-08-30,145,0,-8.2,855914,True,1,2,1,African Music
1234364682,Bayiti (rRoxymore Remix),101540662,Alostmen,205586222,Bayiti (rRoxymore Remix),2021-03-10,325,0,-12,49911,False,0,1,1,African Music
3353337101,no tiene sentido,68358002,Beele,752270291,BORONDO,2025-05-15,159,0,-8.4,769831,False,0,6,1,African Music
2939590111,UWAIE,4479584,Kapo,626811471,UWAIE,2024-08-15,172,0,-9.1,694891,False,0,1,1,African Music
2725148591,Santa,4660899,Rvssian,565722141,Santa,2024-04-04,192,0,-8.6,769480,False,0,1,1,African Music
3427618611,X TI,4479584,Kapo,777147761,POR SI ALGUIEN NOS ESCUCHA,2025-07-03,215,0,-8.2,595057,True,1,8,1,African Music
3353337171,si te pillara,68358002,Beele,752270291,BORONDO,2025-05-15,185,0,-8.6,657522,False,0,13,1,African Music
812256802,Paulette,84336,Balla Et Ses Balladins,119697492,Objectif perfection,1980-01-01,462,0,-16.6,322287,False,0,3,1,African Music
117730458,Will You Promise,336332,Ebo Taylor,12224546,My Love and Music,2016-04-01,226,121.24,-10.9,233408,False,0,4,1,African Music
3783363312,Utrus Horas,9143,Orchestra Baobab,900633662,Pirates Choice,2026-01-28,523,0,-16.9,476251,False,0,1,1,African Music
2056963067,People,70757872,Libianca,384068877,People,2022-12-06,184,0,-10.3,771168,False,0,1,1,African Music
2372214645,Johnny,4694728,Yemi Alade,465706145,King of Queens,2014-10-14,236,0,-7.1,530984,False,0,2,1,African Music
368671201,Fall,125372,Davido,42501241,Fall,2017-06-02,240,106.01,-7.4,658210,False,0,1,1,African Music
4078261281,Shine,7803478,HUGEL,1002600101,Shine,2026-06-26,147,0,-8.3,873437,False,0,1,1,African Music
1462439832,High,8791550,Adekunle Gold,251341032,High,2021-09-03,193,0,-8.3,513900,False,0,1,1,African Music
627769162,Funky Rob Way,84941702,ROB,86368482,Rob (Funky Rob Way),2019-02-08,374,0,-12.5,61826,False,0,1,1,African Music
10099059,Break Through,336330,Marijata,923751,This Is Marijata,2011-04-04,299,131.7,-16.7,32827,False,0,4,1,African Music
3941164881,Mi Chico,11209960,DJ Goja,954063601,Mi Chico,2026-03-27,117,0,-8.7,976653,False,0,1,1,African Music
3783197332,Kanou,390174,Fatoumata Diawara,900599942,Fatou,2026-01-28,233,0,-13.2,362940,False,0,1,1,African Music
54295721,Colonial Mentality,9440,Fela Kuti,5283241,Sorrow Tears and Blood,2009-09-01,821,0,-9.5,158606,False,0,2,1,African Music
10099058,No Condition Is Permanent,336330,Marijata,923751,This Is Marijata,2011-04-04,421,105.2,-17.1,236194,False,0,3,1,African Music
2481308251,Me & U,13905711,Tems,495364141,Me & U,2023-10-05,192,0,-10.5,838266,False,0,1,1,African Music
627769212,More,84941702,ROB,86368482,Rob (Funky Rob Way),2019-02-08,315,0,-11.3,53446,False,0,6,1,African Music
3377877901,KORAZONG,4479584,Kapo,760470781,KORAZONG,2025-06-05,177,0,-10.8,611834,False,0,1,1,African Music
10713031,Shake Hands,1264201,Geraldo Pino,979342,Heavy Heavy Heavy,2005-09-26,293,0,-13.7,139151,False,0,4,1,African Music
59693491,Zombie,9440,Fela Kuti,5833881,Zombie,2009-09-01,745,131.67,-9.4,464423,False,0,1,1,African Music
1687241937,Finesse,7439658,Pheelz,303345207,Finesse,2022-03-03,155,0,-10.4,698872,False,0,1,1,African Music
285341591,Mam Yinne Wa,26450151,Alogte Oho & His Sounds of Joy,31471041,Mam Yinne Wa,2016-11-11,235,0,-9.9,208957,False,0,1,1,African Music
10099057,We Live In Peace,336330,Marijata,923751,This Is Marijata,2011-04-04,249,123.8,-16.9,77573,False,0,2,1,African Music
4095595211,Dai Dai,160,Shakira,1008516281,Dai Dai,2026-06-25,223,0,-9.8,843006,False,0,1,1,African Music
7037814,Lagos Sisi,384717,Bola Johnson,648081,Man No Die,2010-10-04,203,106.3,-12.4,217795,False,0,16,1,African Music
117730452,Maye Omama,336332,Ebo Taylor,12224546,My Love and Music,2016-04-01,282,166.04,-11,101722,False,0,1,1,African Music
3899366241,"Mopao aye (feat. MC YOSHI, Mauvais Djo & Kokosvoice)",222898665,TRIANGLE DES BERMUDES,939233011,404,2026-04-03,198,0,-8.2,977368,False,0,14,1,African Music
3961086481,CULE POCO (sirena_besarico_costeña),57340572,Aria Vega,961652941,CULE POCO (sirena_besarico_costeña),2026-04-30,140,0,-7.7,608492,False,0,1,1,African Music
2883553712,Déjame Entrar,11289472,Rauw Alejandro,613355372,Déjame Entrar,2025-01-21,258,0,-8.7,544674,True,1,1,1,African Music
3899366131,Balek,222898665,TRIANGLE DES BERMUDES,939233011,404,2026-04-03,177,0,-9.4,988149,False,0,8,1,African Music
3788268822,Douga,9143,Orchestra Baobab,902118592,Tribute to Ndiouga Dieng,2026-01-28,262,0,-9.4,127361,False,0,9,1,African Music
10359305,Samba,1211831,Les Amazones de Guinée,947603,Au coeur de Paris & M'mah Sylla (Bolibana Collection),2011-04-01,297,121.6,-19.1,168771,False,0,2,1,African Music
2875997612,Heaven,336332,Ebo Taylor,610792582,Ebo Taylor,2015-10-15,365,0,-10.2,283563,False,0,5,1,African Music
143843038,Teacher,1161371,Gyedu-Blay Ambolley,15585760,Ketan,2017-05-12,416,106.01,-10.5,250987,False,0,5,1,African Music
85056328,Liberté,128295062,Franco & le T.P OK Jazz,8574594,World Legends,2000-01-01,305,136.4,-16.7,164668,False,0,1,1,African Music
4266541472,it's over,339760681,FOLA,1071044742,it's over,2026-09-10,190,0,-10.5,609821,False,0,1,1,African Music
692763042,Besoka on Salsa,4929,Manu Dibango,99575242,Manu 76,2019-06-21,457,0,-16.1,72545,False,0,5,1,African Music
3230517051,"Charger (feat. MC YOSHI, Mauvais djo & Kokosvoice)",222898665,TRIANGLE DES BERMUDES,711958031,Franchement !,2025-02-14,155,0,-9.2,972799,False,0,1,1,African Music
13766548,Ballake,55398,Bembeya Jazz National,1259753,Special recueil-souvenir à la mémoire d'Aboubacar Demba Camara (Bolibana Collection),2011-09-12,489,143.1,-10.8,202110,False,0,6,1,African Music
63470715,Everything Scatter,9440,Fela Kuti,6235640,The Best of the Black President 2,2013-02-05,631,116.1,-12,295175,False,0,1,1,African Music
1780496117,KU LO SA - A COLORS SHOW,7548984,Oxlade,325112237,KU LO SA - A COLORS SHOW,2022-06-10,147,0,-10.1,774203,False,0,1,1,African Music
10099056,I Walk Alone,336330,Marijata,923751,This Is Marijata,2011-04-04,644,137.4,-18.1,214328,False,0,1,1,African Music
73527396,You Need Love,336332,Ebo Taylor,7241941,Conflict,2013-02-18,429,204.7,-10.3,215229,False,0,1,1,African Music
4094734851,GTA,66693262,Seyi Vibez,1008290731,GTA,2026-07-30,155,0,-9,478902,True,1,1,1,African Music
2850678132,Peace & Love,4694728,Yemi Alade,602827072,Rebel Queen,2024-07-26,228,0,-8.8,191114,False,0,11,1,African Music
13766547,Boiro,55398,Bembeya Jazz National,1259753,Special recueil-souvenir à la mémoire d'Aboubacar Demba Camara (Bolibana Collection),2011-09-12,236,165.4,-9.8,164049,False,0,5,1,African Music
10851164,Egbe Enyo,1245984,Brechete & The Big Beats,991113,Bokoor Beats,2007-03-27,257,122.2,-7.05,22432,False,2,2,1,African Music
369651341,Jiko,372147,Star Number One de Dakar,42618111,La belle époque,2010-01-01,338,148.2,-11.7,39068,False,0,8,2,African Music
4718406,Nkwo Orji,317690,Peacocks Guitar Band International,434375,Ejiogu,2009-11-01,208,202.7,-7.8,47634,False,0,4,1,African Music
117730454,My Love and Music,336332,Ebo Taylor,12224546,My Love and Music,2016-04-01,470,162.13,-11.5,221170,False,0,2,1,African Music
3899366101,À l'aise,222898665,TRIANGLE DES BERMUDES,939233011,404,2026-04-03,179,0,-9.4,992154,False,0,5,1,African Music
12019656,Bere Bote,894664,Cardinal Rex Jim Lawson,1102413,Rex Lawson's Greatest Hits,2006-04-26,175,118.1,-13.9,89695,False,0,3,1,African Music
3783363332,Ledi Ndieme M'bodj,9143,Orchestra Baobab,900633662,Pirates Choice,2026-01-28,538,0,-18.7,172790,False,0,3,1,African Music
3141707031,ALOH ALOH,4479584,Kapo,683638171,ALOH ALOH,2025-01-09,137,0,0,581432,False,0,1,1,African Music
3967194451,Back Outside,161314272,BNXN,963464191,Back Outside,2026-04-20,211,0,-11,596273,False,0,1,1,African Music
1807498027,soso,56094992,Omah Lay,331377927,Boy Alone,2022-07-14,183,0,-8.2,776990,False,0,11,1,African Music
3427618561,RUFF,4479584,Kapo,777147761,POR SI ALGUIEN NOS ESCUCHA,2025-07-03,145,0,-9.7,578640,False,0,3,1,African Music
5962141,Akwanoma Hiahii,385626,Jerry Hansen & The Ramblers Dance Band Of Ghana,542721,Classic Highlife Hits from the 1950s & 1960s Vol.2,2010-04-25,161,0,-12.4,26986,False,0,1,1,African Music
10713028,Heavy Heavy Heavy,1264201,Geraldo Pino,979342,Heavy Heavy Heavy,2005-09-26,394,0,-14.5,113561,False,0,1,1,African Music
94555846,Classic Man (feat. Roman GianArthur),7488552,Jidenna,9617052,Classic Man (feat. Roman GianArthur),2015-02-03,225,187.9,-9.1,427381,True,1,1,1,African Music
3765778262,Jogodo,3933641,Wizkid,894503432,Jogodo,2026-01-15,188,0,-11.4,630833,False,0,1,1,African Music
1952760717,Cough (Odo),14779157,Kizz Daniel,364077177,Cough (Odo),2022-10-13,176,0,-8.6,596324,True,1,1,1,African Music
4173691192,GREEN PASTURES,391656841,Silencing Seculars,1036737412,GREEN PASTURES,2026-07-26,279,0,-10,351159,False,0,1,1,African Music
3975693441,Gratitude,51305922,Asake,966646261,M$NEY,2026-04-30,169,0,-10.8,650445,False,0,3,1,African Music
1133526892,Sotante Xalat,9143,Orchestra Baobab,184499762,Viva Bawobab S1 / Si Bou Odja,2020-11-20,418,0,-16.3,37104,False,0,2,1,African Music
4718412,Ezenwata Nwannem Mu Oke Osisi,317690,Peacocks Guitar Band International,434375,Ejiogu,2009-11-01,220,91.9,-6,38807,False,0,10,1,African Music
1682797477,Playboy,15190997,Fireboy DML,302162627,Playboy,2022-03-23,207,0,-10.3,563012,True,1,1,1,African Music
4113574861,Nu Ten,11965753,Lisandro Cuxi,1014252791,Nu Ten,2026-07-10,151,0,-9.1,667077,True,1,1,1,African Music
4160314992,Petit matin,222898665,TRIANGLE DES BERMUDES,1031603282,Petit matin,2026-07-31,154,0,-8.7,932214,False,0,1,1,African Music
3208543131,Más Que Tú,4937383,Ozuna,705010551,Más Que Tú,2025-02-12,195,0,0,587536,False,0,1,1,African Music
369651291,Maa Demba,372147,Star Number One de Dakar,42618111,La belle époque,2010-01-01,212,153.1,-10.5,42539,False,0,3,2,African Music
366039361,Alteleyeshegnem,54988,Alemayehu Eshete,42150731,Alteleyeshegnem,2017-06-16,294,0,-12.3,240079,False,0,1,1,African Music
142337581,If,125372,Davido,15384895,If,2017-02-17,238,104.93,-8.5,526482,False,0,1,1,African Music
3353337121,quédate,68358002,Beele,752270291,BORONDO,2025-05-15,176,0,-8.5,649482,False,0,8,1,African Music
10713030,Africans Must Unite,1264201,Geraldo Pino,979342,Heavy Heavy Heavy,2005-09-26,378,0,-14.5,33154,False,0,3,1,African Music
2331313555,yawa,15190997,Fireboy DML,454339335,yawa,2023-06-22,180,0,-10.1,595378,True,1,1,1,African Music
3039610501,Minimum ça,54061032,Dr. Yaro,654884381,Minimum ça,2024-08-09,149,0,-6.1,929822,False,0,1,1,African Music
7465333,Iye-Iye Oh - Ekassa Hi-Life,303073,Sir Victor Uwaifo,688441,Ekassa Superstar,2010-03-23,185,82.2,-3.48,26203,False,0,4,1,African Music
926591722,Pé Di Bissilon,90822272,Bandé-Gamboa,140966282,Horizonte - Revamping Rare Gems from Cabo Verde and Guinea-Bissau,2020-06-12,260,0,-13.6,137109,False,0,1,1,African Music
3930062061,Doucement,245438,Fally Ipupa,950703291,Doucement,2026-04-10,227,0,-8.1,788766,False,6,1,1,African Music
3975693501,Forgiveness,51305922,Asake,966646261,M$NEY,2026-04-30,158,0,-9.8,657995,True,1,9,1,African Music
1565211322,emiliana,903536,CKay,275230742,Emiliana,2021-12-03,164,0,-12,782470,False,0,1,1,African Music
3171003131,DtMF,10583405,Bad Bunny,693008911,DeBÍ TiRAR MáS FOToS,2025-01-05,237,0,-8.4,981279,True,1,16,1,Asian Music
3171003121,EoO,10583405,Bad Bunny,693008911,DeBÍ TiRAR MáS FOToS,2025-01-05,204,0,-8.1,979885,True,1,15,1,Asian Music
4208859922,BbY WOW,5297021,KAROL G,1048237582,NO ME ARREPIENTO DE SENTIR TANTO,2026-08-07,225,0,-9,974722,False,0,11,1,Asian Music
4208859872,Still,5297021,KAROL G,1048237582,NO ME ARREPIENTO DE SENTIR TANTO,2026-08-07,220,0,-9,798422,False,0,6,1,Asian Music
1741494317,Tití Me Preguntó,10583405,Bad Bunny,316164367,Un Verano Sin Ti,2022-05-06,243,0,-10.2,975674,True,1,4,1,Asian Music
15211178,"Whenever, Wherever",160,Shakira,1401302,Laundry Service,2001-11-13,196,107.7,-8.7,889564,False,0,3,1,Asian Music
3852034981,KOKO,14534981,Omar Courtz,921955431,POR SI MAÑANA NO ESTOY,2026-02-19,195,0,-8.1,717393,True,1,14,1,Asian Music
626064,I Need to Know,112,Marc Anthony,78303,Marc Anthony,1999-09-28,227,115.2,-8.9,230540,False,0,3,1,Asian Music
3773003372,CAMBIARÉ,6707,Luis Fonsi,897014332,CAMBIARÉ,2026-01-21,181,0,-7.2,716162,False,0,1,1,Asian Music
3713785742,Inglés En Miami,7047219,Rawayana,876307322,¿Dónde Es El After?,2026-01-01,202,0,-8.2,695061,True,1,3,1,Asian Music
4208859852,Ahí,5297021,KAROL G,1048237582,NO ME ARREPIENTO DE SENTIR TANTO,2026-08-07,176,0,-9.2,781885,False,0,4,1,Asian Music
3838131121,CHÉVERE (premium_remix),57340572,Aria Vega,916980011,CHÉVERE (premium_remix),2026-02-12,219,0,-8,684452,False,0,1,1,Asian Music
3677908682,Dardos,1272674,Romeo Santos,863952472,Better Late Than Never,2025-11-28,243,0,-8.9,815577,False,0,5,1,Asian Music
1148585682,telepatía,6043160,Kali Uchis,187766792,Sin Miedo (del Amor y Otros Demonios) ∞,2020-12-04,160,0,-10.5,802683,False,0,7,1,Asian Music
689061122,Last Tango In Paris,14624,Willie Rosario,98843932,Infinito,2019-06-01,281,0,-10,82370,False,0,10,1,Asian Music
501386662,Humble and Kind (Nunca Te Olvides de Amar),333,Tim McGraw,63834722,Humble and Kind (Nunca Te Olvides de Amar),2018-05-24,256,102.59,-10.1,173090,False,0,1,1,Asian Music
3947383241,De Lejitos,1074021,Jay Wheeler,956488791,De Lejitos,2026-04-09,207,0,-12.3,645879,True,1,1,1,Asian Music
623698182,Despacito (Remix),6707,Luis Fonsi,85603632,VIDA,2019-02-01,229,178.21,-7.6,612591,False,0,13,1,Asian Music
3855759911,UuUuuU,193146897,FloyyMenor,923057141,MAN IN BLACK,2026-02-27,191,0,-8.4,348198,True,1,3,1,Asian Music
3852034931,SI ESTÁS CON ALGUIEN,14534981,Omar Courtz,921955431,POR SI MAÑANA NO ESTOY,2026-02-19,251,0,-7.7,532135,True,1,9,1,Asian Music
3376766301,LATINA FOREVA,5297021,KAROL G,760121901,LATINA FOREVA,2025-05-23,161,0,-8.1,801921,True,1,1,1,Asian Music
3984444671,Te Entiendo (Remix),161066302,Maisak,969199471,Te Entiendo (Remix),2026-04-29,335,0,-8.8,692451,True,1,1,1,Asian Music
3990824001,Polaroid,8613614,Eladio Carrion,971587121,CORSA,2026-04-30,177,0,-8.4,333216,True,1,5,1,Asian Music
3911167911,PA' LO BONITO,7208392,Lenny Tavárez,943477201,PA' LO BONITO,2026-05-15,184,0,-7.6,454327,False,0,1,1,Asian Music
686087352,Merecumbe,84999,Johnny Colón,98251832,Hot! Hot! Hot! Caliente De Vicio,2019-06-01,381,101.33,-10.9,319531,False,0,1,1,Asian Music
686074422,Camel Walk,810148,The Latinaires,98250602,Camel Walk,2019-06-01,172,0,-12.8,31209,False,0,1,1,Asian Music
4020135581,Tu recuerdo,1424602,Maluma,982214801,Tu recuerdo,2026-05-14,238,0,-7.2,386303,False,0,1,1,Asian Music
3171003001,BAILE INoLVIDABLE,10583405,Bad Bunny,693008911,DeBÍ TiRAR MáS FOToS,2025-01-05,367,0,-8.4,971935,True,1,3,1,Asian Music
686085332,Oye Cómo Va,8661,Tito Puente,98251652,Willie Colón y Tito Puente,2019-06-01,273,0,-11.4,121504,False,0,6,1,Asian Music
686153032,Goldfinger,5130,Ray Barretto,98260862,Señor 007,2019-06-01,136,0,-11.9,111764,False,0,10,1,Asian Music
97714546,Dreaming Of You,5644,Selena,9949246,Dreaming Of You,2015-03-31,323,166,-13.1,451180,False,0,5,1,Asian Music
686106422,I Feel Fine,360305,Harvey Averne,98253822,The Harvey Averne Dozen,2019-06-01,193,0,-22.4,27880,False,0,4,1,Asian Music
3871739701,ALGO TÚ,160,Shakira,928911381,ALGO TÚ,2026-03-04,213,0,-8.9,845466,False,0,1,1,Asian Music
702421822,LA CANCIÓN,4860761,J. Balvin,101490842,OASIS,2019-06-28,242,0,-8.2,868031,False,0,5,1,Asian Music
686166192,Together,5130,Ray Barretto,98262402,Together,2019-06-01,160,0,-11.5,114975,False,0,1,1,Asian Music
3759338472,ESCONDIDAS,6613926,Oscar Ortiz,892140482,ESCONDIDAS,2026-01-22,176,0,-9.4,190830,False,0,1,1,Asian Music
3933354161,Antes que el tiempo se vaya,243761,Fonseca,951814461,Antes Que El Tiempo Se Vaya,2026-04-24,175,0,-7.2,523788,False,0,2,1,Asian Music
686087422,Mala Mujer,84999,Johnny Colón,98251832,Hot! Hot! Hot! Caliente De Vicio,2019-06-01,265,0,-9.7,161245,False,0,8,1,Asian Music
686144992,Puerto Rico Me Llama,9672,Joe Bataan,98259772,Mr. New York And The East Side Kids,2019-06-01,308,0,-12,71528,False,0,2,1,Asian Music
3014899711,Mambo de Bataan (Remastered 2024),9672,Joe Bataan,647828731,Riot! (Remastered 2024),2024-10-02,287,0,-14.6,134767,False,0,7,1,Asian Music
1333924172,Montevidensis (El Búho & Fede Estévez),12318006,Federico Estévez,221634492,Montevidensis (El Búho & Fede Estévez),2020-06-19,241,0,-10,4854,False,0,1,1,Asian Music
2103405097,"Shakira: Bzrp Music Sessions, Vol. 53/66",12487862,Bizarrap,395194257,"Shakira: Bzrp Music Sessions, Vol. 53/66",2023-01-11,214,0,-7.2,778290,False,0,1,1,Asian Music
3403549,Desvelado,242754,Bobby Pulido,323357,Desvelado,1995-09-26,219,173.7,-12.9,581448,False,0,2,1,Asian Music
3171002981,NUEVAYoL,10583405,Bad Bunny,693008911,DeBÍ TiRAR MáS FOToS,2025-01-05,183,0,-8,977729,False,0,1,1,Asian Music
2638201552,Gata Only,193146897,FloyyMenor,540377482,Gata Only,2024-02-02,222,0,-9.5,957099,True,1,1,1,Asian Music
15515244,Dile,725,Don Omar,1433384,The Last Don,2003-06-17,205,187.9,-12,812163,False,0,4,1,Asian Music
3380325281,SUPERESTRELLA,11928391,Aitana,761196781,CUARTO AZUL,2025-05-29,184,0,-8.1,903638,True,1,15,1,Asian Music
3521175551,Morena (Remix),212949977,Neton Vega,809230091,Morena (Remix),2025-08-22,161,0,-9.3,220380,False,0,1,1,Asian Music
549329472,No Te Contaron Mal,9763952,Christian Nodal,72175462,No Te Contaron Mal,2018-09-07,156,162.77,-7,542073,False,0,1,1,Asian Music
3324627311,WASSUP,139171932,Young Miko,742422831,WASSUP,2025-04-27,162,0,-9,589359,True,1,1,1,Asian Music
3721301952,Muévelo,6043160,Kali Uchis,879030832,Muévelo,2025-12-19,127,0,-9.7,685407,False,0,1,1,Asian Music
3421452581,Verano Rosa,5297021,KAROL G,774864691,Tropicoqueta,2025-06-20,210,0,-7.6,726712,False,0,13,1,Asian Music
2154046487,TQG,5297021,KAROL G,408659277,MAÑANA SERÁ BONITO,2023-02-24,199,0,-7.1,866625,True,1,6,1,Asian Music
3909037631,TRANKAITO,1166311,Feid,942707111,EL GREEN PRINT: La Saga (Disc 1) — FEID VS FERXXO,2026-03-20,162,0,-9.4,589444,False,0,5,1,Asian Music
3165861441,Gasolina,3839,Daddy Yankee,691271171,Barrio Fino (Bonus Track Version),2025-01-08,192,0,-10,909706,False,0,5,1,Asian Music
90269731,Darte un Beso,380955,Prince Royce,9149149,Soy El Mismo (Deluxe Edition),2014-11-24,206,140.1,-8.2,636988,False,0,3,1,Asian Music
3638389092,"Daddy Yankee: Bzrp Music Sessions, Vol. 0/66",12487862,Bizarrap,850435472,"Daddy Yankee: Bzrp Music Sessions, Vol. 0/66",2025-11-05,151,0,-6.7,733799,False,0,1,1,Asian Music
13272449,Afuera,3214,Caifanes,1216105,El Nervio Del Volcan,1994-07-05,290,126,-14.6,626173,False,0,1,1,Asian Music
3256990061,#TETAS,249999492,CA7RIEL & Paco Amoroso,720475191,PAPOTA,2025-03-06,150,0,-9.6,472782,True,1,2,1,Asian Music
3981224901,Después de ti,5297021,KAROL G,968167051,Después de ti,2026-04-24,269,0,-7.2,605962,False,0,1,1,Asian Music
421649542,La Chona,192548,Los Tucanes De Tijuana,50521912,Para Tucancillos y Tucancillas,2017-09-13,199,145.07,-9.8,599414,False,0,1,1,Asian Music
3165861471,"Lo Que Pasó, Pasó",3839,Daddy Yankee,691271171,Barrio Fino (Bonus Track Version),2025-01-08,210,0,-9.5,745236,False,0,8,1,Asian Music
38217121,Pa' Que Retozen,6729,Tego Calderón,3716991,El Abayarde,2003-07-01,151,0,-8.9,629053,True,1,5,1,Asian Music
1009700502,Tattoo,11289472,Rauw Alejandro,158398762,Tattoo,2020-07-09,223,0,-7.9,659879,False,0,1,1,Asian Music
694099212,Dos Locos,16235,Monchy & Alexandra,99840062,Dos Locos,2019-06-14,246,0,-11.9,534197,False,0,1,1,Asian Music
4045633691,5 Minutos,5735369,Luis Figueroa,991546961,El Relevo,2026-05-28,286,0,-8.2,178173,False,0,6,1,Asian Music
861232172,Por Mujeres Como Tú,8793,Pepe Aguilar,128724172,Por Mujeres Como Tú,2020-02-01,263,0,-11.5,556537,False,0,1,1,Asian Music
3143137131,Loco,212949977,Neton Vega,684104341,Loco,2024-12-20,186,0,-9.5,572806,False,0,1,1,Asian Music
2846442802,Si Antes Te Hubiera Conocido,5297021,KAROL G,601338932,Si Antes Te Hubiera Conocido,2024-06-21,195,0,-8.6,981639,False,0,1,1,Asian Music
765849132,Loco,2792,Enrique Iglesias,113019482,Greatest Hits,2019-10-04,213,132.94,-7.5,479555,False,0,13,1,Asian Music
3824901081,5 Estrellas - W Sound 23,167570077,W Sound,912141321,5 Estrellas - W Sound 23,2026-02-04,191,0,-8.1,677977,False,0,1,1,Asian Music
13247459,De Música Ligera,4345,Soda Stereo,1214222,Me Verás Volver (Hits & Más),2007-06-28,213,124.2,-9.7,642178,False,0,12,1,Asian Music
3349913931,QUE HACES,4698748,Becky G,750988361,QUE HACES,2025-05-09,172,0,-8,561382,False,0,1,1,Asian Music
429988262,Lloraras,12544,Oscar D'León,51833302,Traicionera (Baile Total),2017-11-24,221,95.93,-12.4,645347,False,0,10,1,Asian Music
3870518541,Timelapse de Sol,70,Juanes,928465101,JuanesTeban,2026-03-06,185,0,-8.5,277408,False,0,12,1,Asian Music
3321453561,AMISTA,106632,Blessed,741268191,AMISTA,2025-04-24,177,0,-8.6,588482,True,1,1,1,Asian Music
3416126361,Blancanieves,15304117,Natanael Cano,773132771,Blancanieves,2025-06-19,151,0,-6.9,626816,True,1,1,1,Asian Music
144940548,Qué Bello,616908,La Sonora Dinamita,15732108,Juntos Por La Sonora,2017-03-24,254,99.86,-8.4,476629,False,0,12,1,Asian Music
75212170,Eres Mía,1272674,Romeo Santos,7441191,"Fórmula, Vol. 2 (Deluxe Edition)",2014-02-25,251,0,-7.6,723185,False,0,6,1,Asian Music
2352899405,QUEMA,11815065,Ryan Castro,460514115,QUEMA,2023-07-13,150,0,-7.3,630342,True,1,1,1,Asian Music
73786725,Dile al Amor,700,Aventura,7277208,The Last,2009-06-09,229,124.16,-14,630918,False,0,5,1,Asian Music
64848628,Obsesion,700,Aventura,6353739,We Broke The Rules,2002-06-01,254,133.8,-10.9,946162,False,0,1,1,Asian Music
716519502,Más Que Tu Amigo,9032,Marco Antonio Solís,104484322,Lo Más Escuchado De,2019-07-26,210,97.51,-10.1,478176,False,0,3,1,Asian Music
3369430391,Sin Ti,7327640,Morat,757570861,Ya Es Mañana,2025-05-23,160,0,-5.4,444888,False,0,4,1,Asian Music
4236675912,DOLCE VITA,4656807,DANNA,1059297272,WET DREAMS,2026-08-28,190,0,-7.5,482348,False,0,2,1,Asian Music
3494105401,Si Te Vas,4860761,J. Balvin,800127341,Mixteip,2025-08-15,198,0,-8.1,464997,False,0,12,1,Asian Music
58796331,¿Y Todo Para Qué?,16644,Intocable,5745361,Momentos De Coleccion,2012-09-07,194,102.6,-10,528904,False,0,16,1,Asian Music
429988502,Cómo Te Voy A Olvidar,116523,Los Angeles Azules,51833352,Como Te Voy A Olvidar (Baile Total),2017-11-24,267,164.72,-11.8,381964,False,0,2,1,Asian Music
2403896545,La Víctima,153152092,Xavi,474444575,La Víctima,2023-08-17,156,0,-7.8,617754,True,1,1,1,Asian Music
2815968902,Todo Lo Fue,5552795,Lenin Ramírez,591239382,Reinicio,2024-05-24,192,0,-10.4,714150,False,0,10,1,Asian Music
4173779642,Te Olvido (La La),1547598,benny blanco,1036771802,Te Olvido (La La),2026-07-31,150,0,-7.1,719938,True,1,1,1,Asian Music
3677908662,Lokita Por Mí,1272674,Romeo Santos,863952472,Better Late Than Never,2025-11-28,239,0,-8.3,708789,False,0,3,1,Asian Music
1657871272,Te Quiero Contar,5261989,Sergi,296178792,KID & SERGI: VOL I,2022-02-24,218,0,-8.2,16181,False,0,6,1,Asian Music
3473004751,Enamorarte Mil Veces,243761,Fonseca,792445761,Enamorarte Mil Veces,2025-07-31,171,0,-6.6,476295,False,0,1,1,Asian Music
71735408,Kilómetros,1461,Sin Bandera,7048788,Hasta Ahora,2007-11-13,221,130,-11.5,499147,False,0,9,1,Asian Music
88643787,Could It Be I'm Falling in Love,5174343,Dash Of Honey,8958623,The Soul You Want,2014-10-21,168,0,0,118813,False,0,3,1,Kids
786717,Believe,3156,Cher,92071,Believe,1998-10-26,239,132.94,-10.1,863082,False,0,1,1,Kids
884774282,The Other Side (from Trolls World Tour),5531258,SZA,132977442,The Other Side (from Trolls World Tour),2020-02-26,188,106.01,-8.3,625935,False,0,1,1,Kids
2397026,Ice Ice Baby,3109,Vanilla Ice,236952,Vanilla Ice Is Back! - Hip Hop Classics,2008-11-04,254,116.1,-7.9,714129,False,0,1,1,Kids
3851861,You Sexy Thing (7'' Version),1064,Hot Chocolate,359668,Hot Chocolate,2009-07-24,243,105.7,-8.8,673334,False,0,16,1,Kids
3256296201,"Clarinet Concerto in A, K. 622: II. Adagio",11582927,The Mozart Effect Orchestra,720308221,The Mozart Effect: Music for Babies Volume 2 - Nighty Night,2016-01-07,239,0,-20.4,38799,False,0,6,1,Kids
132635814,"CAN'T STOP THE FEELING! (from DreamWorks Animation's ""TROLLS"")",1147,Justin Timberlake,14102134,TROLLS (Original Motion Picture Soundtrack),2016-09-23,236,0,-8.1,611148,False,0,2,1,Kids
74609402,"Brandenburg Concerto No. 1 in F Major, BWV 1046: III. Allegro",1001897,Philharmonica Slavonica,7371041,"Bach: Brandenburg Concertos Nos. 1, 2 & 3, Violin Concerto No. 1",2014-01-23,264,87.5,-1.76,29193,False,2,3,1,Kids
29673331,Thunder & Gentle Rain Soundscape,2299511,Soundscapes!,2830911,Nature Soundscapes,2012-05-09,599,0,-30.7,18693,False,0,5,1,Kids
63918407,Cotton Eyed Joe,863674,Caspar Babypants,6270551,More Please!,2015-02-04,143,168.8,-11.4,175831,False,0,8,1,Kids
77410136,Black Widow,2454271,Iggy Azalea,7691890,The New Classic (Deluxe Version),2014-04-23,209,164.1,-6.8,427008,False,3,10,1,Kids
29673311,Ocean Waves Soundcape (feat. Beach Nature Sounds Meditation New Age),2299511,Soundscapes!,2830911,Nature Soundscapes,2012-05-09,599,0,-16.4,470253,False,0,3,1,Kids
3906902,500 Miles (2004 Remaster),64410,"Peter, Paul And Mary",364640,"The Very Best of Peter, Paul and Mary",2005-08-23,167,93.8,-19.4,896451,False,6,2,1,Kids
29673291,Beach Wake up Soundscape (feat. Relaxing Wave Sounds),2299511,Soundscapes!,2830911,Nature Soundscapes,2012-05-09,599,0,-27,169861,False,0,1,1,Kids
1109729,My Name Is,13,Eminem,119606,Curtain Call: The Hits,2005-11-21,268,85.4,-10.9,748192,True,1,4,1,Kids
1077700822,Mr. Saxobeat (Radio Edit),998013,Alexandra Stan,172802522,Saxobeats,2020-09-11,195,0,-8,854663,False,0,1,1,Kids
79046799,The Time Warp,877302,ROCKY HORROR,7858669,Rocky Horror,2015-02-20,194,174.4,-10.5,271632,False,0,4,1,Kids
489527282,Marie Laveau,69519,Bobby Bare,61826212,Outlaws & Armadillos: Country's Roaring '70s,2018-05-18,185,0,-12.9,3089,False,0,9,1,Kids
661541352,Axel F,8631,Harold Faltermeyer,92824342,Harold F,2019-04-12,180,0,-19,262167,False,0,10,1,Kids
442041452,Baby Shark,12919403,Pinkfong,53634072,Baby Shark Special,2017-12-13,96,114.84,-7,796981,False,0,1,1,Kids
3462040101,Monster High Fright Song,4552655,Monster High,788652761,Monster High Fright Song,2025-03-30,163,0,-6.1,706757,False,0,1,1,Kids
1133238712,"Under the Sea (From ""The Little Mermaid"" / Soundtrack Version)",343288,Samuel E. Wright,184451062,Disney's Sebastian: From the Little Mermaid,2006-11-07,194,0,-17.7,89781,False,0,6,1,Kids
1182050,Woman,5359,Wolfmother,126294,Wolfmother,2006-06-12,175,150.3,-5.3,582213,False,0,3,1,Kids
3343283221,Go Banana Go!,89586582,Go Banana Go!,748844021,Hi-Ya!,2020-01-05,78,0,-9,283476,False,2,1,1,Kids
774799712,"Spooky, Scary Skeletons (Undead Tombstone Remix)",9501,Andrew Gold,114722962,Halloween Howls: Fun & Scary Music (Deluxe Edition),2019-10-18,125,0,-7.6,526207,False,0,13,1,Kids
122946174,"Just Like Fire (From the Original Motion Picture ""Alice Through The Looking Glass"")",69925,P!nk,12871946,"Just Like Fire (From the Original Motion Picture ""Alice Through The Looking Glass"")",2016-04-15,215,162.77,-8.9,770741,False,0,1,1,Kids
103446218,Freedom,103,Pharrell Williams,10754180,Freedom,2015-07-02,162,95,-10.1,784660,False,0,1,1,Kids
3413959751,A Dormir Mi Bebé,330450321,Luna Somnia,772271401,A Dormir Mi Bebé,2025-06-15,208,0,-26.3,13284,False,0,1,1,Kids
72398318,The Winner,69519,Bobby Bare,7116154,The Essential Bobby Bare,2013-11-19,320,130,-13.9,119137,False,0,3,2,Kids
2470902971,Better Place (From TROLLS Band Together),520,*NSYNC,492597631,Better Place (From TROLLS Band Together),2023-09-29,216,0,-8.2,593578,False,0,1,1,Kids
2782690362,"The Four Seasons, ""Summer"": Largo e pianissimo sempre",1636873,Takako Nishizaki,581698162,Vivaldi (The Best Of),1997-06-23,158,0,-28.3,100000,False,0,10,1,Kids
22931941,The Vision,5563901,Paul Henderson,2198621,Deep Meditation,2011-01-27,159,0,-21.4,21450,False,0,6,1,Kids
788295,White Christmas,614,Bing Crosby,92230,The Polar Express (Original Motion Picture Soundtrack),2004-11-02,184,94.8,-14.5,301096,False,6,9,1,Kids
141823423,Baby Beluga,7205,Raffi,15318849,Best Of Raffi,2017-02-10,160,137.81,-12.6,439567,False,0,1,1,Kids
69070914,Blue Christmas,1125,Elvis Presley,6768975,Elvis' Christmas Album,1957-10-15,126,0,-18.7,143134,False,0,5,1,Kids
84990241,The Munsters,4913844,KnightsBridge,8569299,100 Hits: TV Themes,2014-09-07,45,156,-10.1,4671,False,0,38,2,Kids
2498150751,Watch Me Work,5316873,Andrew Rannells,500028341,TROLLS Band Together (Original Motion Picture Soundtrack),2023-10-20,150,0,-8.5,515836,False,0,4,1,Kids
141823431,Wheels On The Bus,7205,Raffi,15318849,Best Of Raffi,2017-02-10,102,172.99,-13.4,325639,False,0,5,1,Kids
2498150731,Perfect,1147,Justin Timberlake,500028341,TROLLS Band Together (Original Motion Picture Soundtrack),2023-10-20,152,0,-8.1,515263,False,0,2,1,Kids
2072535627,Dance Mode,123002982,Bluey,387187207,Dance Mode!,2023-04-21,118,0,-7.8,525100,False,0,2,1,Kids
14066499,Let It Snow! Let It Snow! Let It Snow! (Remastered),1126,Dean Martin,1288878,"Merry Christmas, Baby: Romance And Reindeer From Capitol",2011-10-21,116,135.11,-19.1,54811,False,0,22,1,Kids
120801884,"Yodel-Adle-Eedle-Idle-Oo (From ""Home on the Range"" / Soundtrack Version)",1344834,Randy Quaid,12607688,Home On The Range (Original Motion Picture Soundtrack),2009-09-01,164,120.89,-14.4,343135,False,0,3,1,Kids
43465981,Raining Tacos,430946,Parry Gripp,4258471,Raining Tacos,2012-08-25,92,137.8,-7,505069,False,2,1,1,Kids
4275963112,Burning Energy!,71247072,Danny Go!,1074793422,Burning Energy!,2026-09-09,264,0,-16.4,334454,False,0,1,1,Kids
7372854,Run Rudolph Run,2833,Chuck Berry,680183,Rock 'N' Roll Rarities,2007-04-19,162,152,-16.1,408325,False,0,15,1,Kids
141460849,The Wheels on the Bus,7998984,Wheels on the Bus,15269201,The Wheels on the Bus,2017-01-24,108,84.89,-18.2,443379,False,0,1,1,Kids
1483893882,Hop Little Bunnies,6133462,Toddler Fun Learning,256267072,Hop Little Bunnies,2021-09-10,120,0,-12.1,463129,False,0,1,1,Kids
79589184,Addicted to You,160,Shakira,7927764,Sale el Sol,2010-10-19,148,126,-10.2,726778,False,0,5,1,Kids
1419542662,A Certain Girl (Remastered),123617,Ernie K-Doe,240930122,Deluxe Collection (Remastered),2021-07-09,169,0,-11.8,10070,False,0,3,1,Kids
3794711092,Me Niegas,1078812,Baby Rasta Y Gringo,903899922,Los Cotizados,2026-02-06,201,0,-8.8,516913,False,0,14,1,Kids
1121407752,Twinkle Twinkle Little Star,12206372,Super Simple Songs,182157632,Twinkle Twinkle Little Star & More Kids Songs,2017-03-24,152,0,-12.5,594001,False,0,1,1,Kids
3193746041,Burger Dog,123002982,Bluey,700271651,Burger Dog / Bluey Theme Tune (Burger Dog Version),2025-04-11,168,0,-8.3,510613,False,0,1,1,Kids
6853919,The Chipmunk Song (Christmas Don't Be Late) (Remastered 1999),78466,Alvin And The Chipmunks,633377,Christmas With The Chipmunks (2010),2010-08-20,141,152,-15,34282,False,0,2,1,Kids
476739462,The Ketchup Song (Aserejé) (Spanish Version),4312,Las Ketchup,59626962,Aserejé (The Ketchup Song),2018-04-13,213,184.57,-8.9,779219,False,0,1,1,Kids
141823425,Down By The Bay,7205,Raffi,15318849,Best Of Raffi,2017-02-10,127,101.83,-12.3,353877,False,0,2,1,Kids
1949554957,Welcome to the Show,470538,My Little Pony,363525297,Equestria Girls: Rainbow Rocks,2014-09-10,277,0,-11,407178,False,0,6,1,Kids
71196209,Pop,520,*NSYNC,6989778,Celebrity,2001-07-23,237,120.2,-9.3,253267,False,0,1,1,Kids
132635818,Get Back Up Again,4017020,Anna Kendrick,14102134,TROLLS (Original Motion Picture Soundtrack),2016-09-23,165,0,-7.2,502738,False,0,4,1,Kids
2907327451,The Rain Is Here,274771091,Slipping Through Worlds,619587481,Thunderous Rain,2024-07-20,132,0,-15.3,402623,False,0,5,1,Kids
103749032,Rain in the Forest,7978764,Nature Soundscape,10791116,8 Hours of Relaxing Nature Sounds,2015-04-05,590,0,-30.6,21648,False,0,27,1,Kids
1932779497,Let It Snow! Let It Snow! Let It Snow! (with The B. Swanson Quartet),617,Frank Sinatra,360479277,Classic Christmas,2022-09-30,155,143.6,-15.2,2757,False,0,2,1,Kids
145187392,Under the Sea,343288,Samuel E. Wright,15766664,The Little Mermaid Special Edition,2006-10-03,194,99.86,-18.4,441792,False,0,6,1,Kids
1136190992,Bluey Theme Tune (Instrument Parade),123002982,Bluey,185091082,Bluey the Album (Music from the Original TV Series),2021-01-22,132,0,-10.6,492013,False,0,1,1,Kids
1412382152,We Are The Dinosaurs,419598,The Laurie Berkner Band,239248122,Laurie Berkner's Favorite Classic Kids' Songs,2021-06-25,138,0,-9.1,358539,False,0,28,2,Kids
104009372,"Chorale Prelude No. 5 “Ach bleib bei uns Herr Jesu Christ” in B-Flat Major, BWV 649 (Harp Version)",7414992,Pet Music Collection,10819058,Pet Music - Classical Sounds to Calm Your Dogs,2015-07-09,145,99.86,-21.5,25079,False,0,4,1,Kids
3399689,The Little Drummer Boy (Remastered 2006),614,Bing Crosby,323035,Bing Crosby - Christmas Classics,2006-09-26,180,112.3,-16.2,202190,False,0,5,1,Kids
2498150811,Mount Rageous,5316873,Andrew Rannells,500028341,TROLLS Band Together (Original Motion Picture Soundtrack),2023-10-20,177,0,-8.5,508366,False,0,10,1,Kids
145187390,Part of Your World,244594,Jodi Benson,15766664,The Little Mermaid Special Edition,2006-10-03,195,104.67,-17,462069,False,0,5,1,Kids
1762453197,"Kiss the Girl (From ""The Little Mermaid""/ Soundtrack Version)",343288,Samuel E. Wright,321098057,Disney's Greatest Volume 1,2010-01-26,163,0,-19.9,225522,False,0,10,1,Kids
1678115237,"Concerto in C Major for Flute, Harp and Orchestra, K. 299: II. Andantino",248813,Ernest Bour,301109917,111 Amazing Classical: Lounge Music,2013-07-16,519,114.84,-20.4,2699,False,0,8,1,Kids
1136191022,A Message from the Fairies (John Ryan's Polka),123002982,Bluey,185091082,Bluey the Album (Music from the Original TV Series),2021-01-22,155,0,-8.5,439226,False,0,4,1,Kids
141823427,Apples And Bananas,7205,Raffi,15318849,Best Of Raffi,2017-02-10,97,140.62,-14.4,329077,False,0,3,1,Kids
1681212387,The Wiggle Dance,71247072,Danny Go!,301722077,The Wiggle Dance,2022-03-08,184,0,-17,391187,False,0,1,1,Kids
1762561427,"On My Way (From ""Brother Bear""/Soundtrack Version)",186,Phil Collins,321111067,Brother Bear,2009-05-26,220,0,-12.5,398740,False,0,6,1,Kids
3156473,Fever,1134,Peggy Lee,303485,Things Are Swingin',2004-04-20,199,136,-14.9,460079,False,0,14,1,Kids
141823435,Bananaphone,7205,Raffi,15318849,Best Of Raffi,2017-02-10,192,90.87,-11.5,310537,False,0,7,1,Kids
3904200691,Farm Animals’ Styles,12919403,Pinkfong,941082931,Pinkfong Farm Animals Songs 2,2026-04-17,169,0,-9.5,570092,False,0,4,1,Kids
80274526,Hello,98,Evanescence,8015598,Fallen,2026-08-28,220,140.2,-14.6,600820,False,0,9,1,Kids
82242226,Gone,520,*NSYNC,8248694,The Essential *NSYNC,2014-07-29,291,113.9,-11.1,318630,False,0,17,1,Kids
1761512557,5 Little Ducks (Album Version),7205,Raffi,320939287,Animal Songs,2015-06-30,138,0,-15.1,273293,False,0,5,1,Kids
1949554927,Under Our Spell,470538,My Little Pony,363525297,Equestria Girls: Rainbow Rocks,2014-09-10,111,0,-8.9,484991,False,0,3,1,Kids
900299772,Just Sing (Trolls World Tour),1147,Justin Timberlake,135683432,TROLLS World Tour (Original Motion Picture Soundtrack),2020-03-13,240,0,-8.2,221174,False,0,20,1,Kids
2047049907,Unleash the Magic,10250918,Abacus Cinch,382691717,Equestria Girls: The Friendship Games (Original Motion Picture Soundtrack),2015-09-18,189,0,-9.1,411660,False,0,9,1,Kids
22932261,Meditation Oasis,5563901,Paul Henderson,2198621,Deep Meditation,2011-01-27,149,0,-22.2,18010,False,0,38,1,Kids
571387042,I Want a Hippopotamus for Christmas (Hippo the Hero),191863,Gayla Peevey,76184692,Christmas Hits,2019-12-13,155,113.58,-13.6,163462,False,0,45,1,Kids
3444595,The Cover Of The Rolling Stone (Live),2562,Dr. Hook,326886,Dr. Hook - The Best Of,2009-02-09,172,142.6,-15,367678,False,0,15,1,Kids
4021782591,The Firetruck Song,71247072,Danny Go!,982815251,Season One Songs,2021-08-13,158,0,-15.4,151470,False,0,1,1,Kids
960351,Santa Baby (with Henri René & His Orchestra),5219,Eartha Kitt,107669,Heavenly Eartha,2002-03-04,206,84.4,-13.6,318494,False,0,13,1,Kids
110148086,Jingle Bells,617,Frank Sinatra,11471776,Christmas,2015-10-23,117,175.19,-13,491421,False,0,5,1,Kids
1928067817,This Day Aria,10233610,Princess Cadance,359789877,Friendship is Magic: Songs of Friendship & Magic,2013-12-02,136,0,-10.6,466414,False,0,10,1,Kids
1949554977,Let's Have a Battle (Of the Bands),470538,My Little Pony,363525297,Equestria Girls: Rainbow Rocks,2014-09-10,172,0,-10.3,414803,False,0,8,1,Kids
2498150821,Better Place (Family Harmony),1147,Justin Timberlake,500028341,TROLLS Band Together (Original Motion Picture Soundtrack),2023-10-20,116,0,-9.8,517643,False,0,11,1,Kids
925372272,Empire,8310810,Nefera DeNile,140749692,"Boo York, Boo York (Original Motion Picture Soundtrack)",2015-01-01,176,0,-9.5,360517,False,6,4,1,Kids
3856267871,I'm a Little Train,12206372,Super Simple Songs,923260711,I'm a Little Train,2026-03-04,140,0,-11.1,435417,False,0,1,1,Kids
132200860,True Colors,4017020,Anna Kendrick,14048514,True Colors,2016-09-16,243,144.05,-9.9,477145,False,0,1,1,Kids
364114841,Ocean Waves (Extended Version),10623481,Crain & Taylor,41891301,Natural White Noise for Babies Extended Tracks,2017-05-16,3666,0,-15.7,276740,False,0,1,1,Kids
15387877,It's Beginning to Look a Lot Like Christmas (with Mitchell Ayres & His Orchestra),6180,Perry Como,1420974,Greatest Christmas Songs,1999-08-23,155,112,-16.2,121836,False,0,8,1,Kids
1409836312,Jesus Loves Me This I Know,134709552,Sunday School Songs,238589492,Jesus Loves Me This I Know,2021-06-23,128,0,-12.4,267223,False,0,1,1,Kids
2293358835,Sharks In The Water,71247072,Danny Go!,444240515,Sharks In The Water,2023-05-21,193,0,-14.8,305191,False,0,1,1,Kids
2498150771,BroZone's Back,1147,Justin Timberlake,500028341,TROLLS Band Together (Original Motion Picture Soundtrack),2023-10-20,81,0,-8.7,466501,False,0,6,1,Kids
7675403,I Will Always Love You,174,Whitney Houston,708692,The Bodyguard - Original Soundtrack Album,1992-11-17,271,134.2,-15,854163,False,0,1,1,Films/Games
576431,Eye of the Tiger,39,Survivor,74479,Rocky IV,2006-02-28,245,108.8,-12.7,898987,False,0,4,1,Films/Games
5431773,"I'm Alright (Theme from ""Caddyshack"")",3855,Kenny Loggins,497383,Caddyshack,1980-03-05,226,162.8,-11.5,263600,False,0,1,1,Films/Games
576423,"Burning Heart (From ""Rocky IV"" Soundtrack)",39,Survivor,74479,Rocky IV,2006-02-28,231,98,-12.3,759514,False,0,1,1,Films/Games
539765022,Upside Down,896,Jack Johnson,70408842,Jack Johnson And Friends: Sing-A-Longs And Lullabies For The Film Curious George,2018-08-10,210,102.59,-10.6,728279,False,0,1,1,Films/Games
3431485,It Might Be You,7499,Dave Koz,325701,At The Movies,2007-01-30,262,95.5,-13.1,100577,False,0,9,1,Films/Games
1622274742,"We Don't Talk About Bruno (From ""Encanto""/Soundtrack Version)",136485012,Carolina Gaitán - La Gaita,287769102,"We Don’t Talk About Bruno (From ""Encanto"")",2022-01-17,216,0,-11.2,279429,False,0,1,1,Films/Games
552817412,Old Hippie (The Sequel),7740,The Bellamy Brothers,72771002,Let your love flow - Die neue Best of,2018-09-28,240,0,-11.5,91673,False,0,10,1,Films/Games
1084162022,"To Live And Die In L.A. (From ""To Live And Die In L.A."" Soundtrack)",15712,Wang Chung,174166792,To Live And Die In L.A. (An Original Motion Picture Soundtrack),2020-09-25,293,0,-18,248252,False,0,1,1,Films/Games
587696172,Two Doors Down,8741,Dolly Parton,78990402,Dumplin' Original Motion Picture Soundtrack,2018-11-30,181,0,-14.6,392518,False,0,17,1,Films/Games
587696222,Better Get to Livin',8741,Dolly Parton,78990402,Dumplin' Original Motion Picture Soundtrack,2018-11-30,216,0,-13.7,286951,False,0,22,1,Films/Games
1764283667,I Ain't Worried,74398,OneRepublic,321440247,Top Gun: Maverick (Music From The Motion Picture),2022-05-27,148,0,-9.3,910746,False,0,6,1,Films/Games
120302496,Bust A Move,5894,Young MC,12548396,The Replacements (Music From The Motion Picture),2014-05-16,266,117.5,-16.3,453356,False,0,4,1,Films/Games
561894112,Shallow (Radio Edit),75491,Lady Gaga,74441042,A Star Is Born Soundtrack (Without Dialogue),2018-10-05,216,95.93,-9,609000,False,0,6,1,Films/Games
7675405,I'm Every Woman,174,Whitney Houston,708692,The Bodyguard - Original Soundtrack Album,1992-11-17,285,119.5,-12.1,641815,False,0,3,1,Films/Games
586860862,Try Everything,160,Shakira,78857542,Zootopia (Original Motion Picture Soundtrack / Japanese version),2018-11-02,196,115.49,-8.6,798431,False,0,2,1,Films/Games
377183971,Homo Africanus,1391975,Joel Vandroogenbroeck,43708691,Birth of Earth,1980-01-01,118,0,0,32617,False,0,8,1,Films/Games
90120289,It Might Be You (Theme from Tootsie),78495,Stephen Bishop,9132837,Tootsie (Original Motion Picture Soundtrack),2010-05-03,256,89.7,-17.3,495267,False,6,1,1,Films/Games
62105745,Natural One,4090223,Kids Original Motion Picture Soundtrack,6090427,Kids Original Motion Picture Soundtrack,2015-02-19,189,109.7,-11.5,349714,False,2,7,1,Films/Games
68540173,"Intervallo (from ""Veruschka"") (II)",1536,Ennio Morricone,6711477,"Ennio Morricone Chill Out, Vol. 2",2014-02-09,237,128.8,-15.9,163351,False,2,8,1,Films/Games
3507689481,"The Revenant Main Theme (From ""The Revenant"")",62996,Ryuichi Sakamoto,804552471,Ryuichi Sakamoto - Music For Film,2016-10-28,190,0,-17.4,70624,False,0,13,1,Films/Games
1106499022,Johnny Too Bad,57139,The Slickers,179064392,The Harder They Come (Original Motion Picture Soundtrack),2020-10-16,183,0,-13.8,374399,False,0,7,1,Films/Games
1106498962,You Can Get It If You Really Want,2425,Jimmy Cliff,179064392,The Harder They Come (Original Motion Picture Soundtrack),2020-10-16,161,0,-12.8,562895,False,0,1,1,Films/Games
123821588,The Good Life,3239,Bobby Darin,12981018,Matchstick Men (Original Motion Picture Soundtrack),2014-10-24,144,90.27,-12.6,240492,False,0,1,1,Films/Games
1106499012,The Harder They Come,2425,Jimmy Cliff,179064392,The Harder They Come (Original Motion Picture Soundtrack),2020-10-16,219,0,-12.4,301432,False,0,6,1,Films/Games
82533860,Baby Elephant Walk,261979111,Henry Mancini & His Orchestra,8286864,The Essential Henry Mancini,2010-08-24,160,0,-14.6,157105,False,0,5,1,Films/Games
648733422,"Unplanned (From ""Unplanned"")",3998,Matthew West,90391292,"Unplanned (From ""Unplanned"")",2019-03-22,216,116.13,-11.5,204072,False,0,1,1,Films/Games
1470247602,Show Me Your Soul,7426,Lalah Hathaway,253067872,Show Me Your Soul,2021-08-27,243,0,-11.5,280624,False,0,1,1,Films/Games
1166571922,Truman Sleeps,4726,Philip Glass,191078232,The Truman Show (Original Motion Picture Soundtrack),2020-12-04,111,0,-14.5,486373,False,0,14,1,Films/Games
2230407,Car Wash (Long Version),2360,Rose Royce,223208,Car Wash,2003-08-20,306,240.4,-16.8,405725,False,0,1,1,Films/Games
1793589917,Can't Help Falling in Love,399990,Kacey Musgraves,327983357,ELVIS (Original Motion Picture Soundtrack),2022-06-24,168,0,-12.7,330359,False,0,9,1,Films/Games
4059475141,Partidazo,11443084,Danny Ocean,996656141,Official FIFA World Cup 2026™ Album,2026-06-05,143,0,-8.8,394566,False,0,15,1,Films/Games
742437,An Unwelcome Friend,4726,Philip Glass,88110,The Hours (Music from the Motion Picture Soundtrack),2005-06-28,251,95.9,-28.7,267656,False,0,7,1,Films/Games
436679922,Mystery of Love (From the Original Motion Picture “Call Me by Your Name”),1999,Sufjan Stevens,52778162,Mystery of Love (From the Original Motion Picture “Call Me by Your Name”),2017-12-01,248,107.95,-13.7,369239,False,0,1,1,Films/Games
136804076,"A New Home (From ""Lion"" Soundtrack)",107096,Dustin O'Halloran,14643854,Lion (Original Motion Picture Soundtrack),2016-11-25,114,0,-14.9,208199,False,0,8,1,Films/Games
561856792,Always Remember Us This Way,75491,Lady Gaga,74434962,A Star Is Born Soundtrack,2018-10-05,210,130.01,-8.8,950944,False,0,17,1,Films/Games
2023239517,We Were Set Up,1151,Tangerine Dream,377010457,"The Music of Grand Theft Auto V, Vol. 2: The Score",2013-09-24,211,0,-9.2,328411,False,0,1,1,Films/Games
2038733427,"The Sea, The Sea",1539961,Trent Reznor and Atticus Ross,380870967,Empire of Light (Original Score),2022-12-09,254,0,-15.6,154290,False,0,2,1,Films/Games
3589406821,"Zoo (From ""Zootopia 2"")",9219,Disney,833476501,"Zoo (From ""Zootopia 2"")",2025-10-10,191,0,-8,741576,False,0,1,1,Films/Games
70631608,"I Don't Want to Miss a Thing (From ""Armageddon"" Soundtrack)",1005,Aerosmith,6934425,Armageddon - The Album,1998-06-23,299,120.9,-8.4,503680,False,0,1,1,Films/Games
2445540765,Money in the Mattress,5962324,Hildur Guðnadóttir,485655545,A Haunting in Venice (Original Motion Picture Soundtrack),2023-09-15,259,0,-23.2,56458,False,0,10,1,Films/Games
611228292,iridscnt,4873930,Ocha,83158652,Love Story,2019-01-17,160,168.06,-14.2,102882,False,0,10,1,Films/Games
2584364862,Kamma,398298,Agnes Obel,523524152,Foe (Original Motion Picture Score),2024-01-05,151,0,-19.6,339579,False,0,6,1,Films/Games
72371930,"Let It Go (From ""Frozen""/Soundtrack Version)",7023,Idina Menzel,7113713,Frozen (Original Motion Picture Soundtrack),2013-11-25,224,136.9,-10.6,682239,False,0,5,1,Films/Games
1762460127,This Is Halloween,1504061,The Citizens of Halloween,321098807,Nightmare Before Christmas Special Edition,2006-10-24,196,167.38,-16.4,447672,False,0,3,1,Films/Games
561867002,American Beauty,2245,Thomas Newman,74436772,American Beauty (Original Motion Picture Score),2018-10-05,186,77.57,-23.7,645854,False,0,8,1,Films/Games
2338371075,One Of The Girls,4050205,The Weeknd,456489535,The Idol Episode 4 (Music from the HBO Original Series),2023-06-23,245,0,-8.9,949148,False,0,1,1,Films/Games
3324918501,Wang Dang Doodle,394661,Cedric Burnside,742528781,Sinners (Original Motion Picture Soundtrack),2025-04-18,144,0,-9,346953,False,0,3,1,Films/Games
1834514327,"Surfaced (From ""Surface"")",277491,Ólafur Arnalds,338300917,Surface (Music from the Original TV Series),2022-07-29,148,0,0,188408,False,0,17,1,Films/Games
1675161847,Nobody Like U,161166112,4*TOWN (From Disney and Pixar’s Turning Red),300349637,Turning Red (Original Motion Picture Soundtrack),2022-03-11,160,0,-12.8,606917,False,0,1,1,Films/Games
3106712751,Beyond,11389676,Auli'i Cravalho,673996081,Moana 2 (Original Motion Picture Soundtrack/Deluxe Edition),2024-11-25,230,0,-9.5,352388,False,0,4,1,Films/Games
3289333861,Ma Meilleure Ennemie (from the series Arcane League of Legends),310260,Stromae,731048631,Ma Meilleure Ennemie ft. Coldplay,2025-04-04,147,0,-9,929383,False,0,2,1,Films/Games
403459412,Bluebird,3975191,Alexis Ffrench,47596662,Bluebird,2017-09-22,203,0,-17.2,570910,False,0,1,1,Films/Games
7675404,I Have Nothing,174,Whitney Houston,708692,The Bodyguard - Original Soundtrack Album,1992-11-17,287,153.1,-14.4,796832,False,0,2,1,Films/Games
3242839551,Opening,65564792,Alexandra Hamilton-Ayres,716077031,TISH (Original Score),2025-03-20,181,0,-16.1,16035,False,0,1,1,Films/Games
1550821752,Surface Pressure,151187962,Jessica Darrow,272207802,Encanto (Original Motion Picture Soundtrack),2021-11-19,202,0,-11.4,548896,False,0,3,1,Films/Games
93450034,Keep On Movin' On,186223,Martha Reeves & The Sweet Things,9491844,Willie Dynamite (Music From The Original Motion Picture Soundtrack),2015-01-20,218,102.3,-10.3,151413,False,0,6,1,Films/Games
107832280,You'll Be Back,329865,Jonathan Groff,11244086,Hamilton (Original Broadway Cast Recording),2015-09-25,208,122,-11.3,595695,False,6,7,1,Films/Games
3398311101,Glowing Snow,10468691,Toby Fox,767036801,DELTARUNE Chapters 3+4 (Original Game Soundtrack),2025-06-04,142,0,-14.8,435247,False,0,22,1,Films/Games
647445312,Everything Is AWESOME!!! (feat. The Lonely Island),1695,Tegan and Sara,90136242,The Lego® Movie (Original Motion Picture Soundtrack),2013-02-04,163,148.19,-8.1,402296,False,0,1,1,Films/Games
82715364,Skyfall,75798,Adele,8307448,Skyfall,2012-10-04,286,149.8,-8.7,918197,False,0,1,1,Films/Games
2751833171,No Longer You,193471597,Jorge Rivera-Herrans,573743501,EPIC: The Underworld Saga (Official Concept Album),2024-05-09,168,0,-8.5,628270,False,0,2,1,Films/Games
1106499032,007 (Shanty Town),4511,Desmond Dekker,179064392,The Harder They Come (Original Motion Picture Soundtrack),2020-10-16,161,0,-12.2,354218,False,0,8,1,Films/Games
3662731192,No Good Deed,6979963,Cynthia Erivo,858830932,Wicked: For Good – The Soundtrack,2025-11-21,230,0,-10.2,527435,False,0,8,1,Films/Games
107832276,The Schuyler Sisters,7418694,Renee Elise Goldsberry,11244086,Hamilton (Original Broadway Cast Recording),2015-09-25,186,101.8,-10.4,614881,False,6,5,1,Films/Games
4210686,Save Me,1602,Aimee Mann,392194,Magnolia (Music from the Motion Picture),1999-12-07,274,143.6,-10.8,505940,False,6,9,1,Films/Games
107832292,Wait for It,4194807,Leslie Odom Jr.,11244086,Hamilton (Original Broadway Cast Recording),2015-09-25,193,187.9,-12.2,661169,False,6,13,1,Films/Games
576436,"Living in America (From ""Rocky IV"" Soundtrack)",1622,James Brown,74479,Rocky IV,2006-02-28,282,113.89,-11.8,540641,False,0,6,1,Films/Games
14954267,"Young, Wild & Free (feat. Bruno Mars)",3,Snoop Dogg,1379031,Mac and Devin Go To High School (Music From and Inspired By The Movie),2011-12-09,207,95,-8,840193,True,1,7,1,Films/Games
72371928,"Love Is an Open Door (From ""Frozen""/Soundtrack Version)",5306259,Kristen Bell,7113713,Frozen (Original Motion Picture Soundtrack),2013-11-25,125,99.86,-10.4,543318,False,0,4,1,Films/Games
6813638,You've Got a Friend in Me,5679,Randy Newman,629211,Toy Story (Original Motion Picture Soundtrack),2006-05-30,125,115.8,-15.4,505134,False,0,1,1,Films/Games
72371935,"In Summer (From ""Frozen""/Soundtrack Version)",5316874,Josh Gad,7113713,Frozen (Original Motion Picture Soundtrack),2013-11-25,111,107.11,-12.9,427050,False,0,7,1,Films/Games
107832268,Alexander Hamilton,4194807,Leslie Odom Jr.,11244086,Hamilton (Original Broadway Cast Recording),2015-09-25,236,128,-10.8,630512,False,6,1,1,Films/Games
107832288,Satisfied,7418694,Renee Elise Goldsberry,11244086,Hamilton (Original Broadway Cast Recording),2015-09-25,329,123.8,-12.4,620324,False,6,11,1,Films/Games
1217345822,My Favorite Things,244056432,Julie Andrews,201854802,The Sound Of Music (Original Soundtrack Recording),2021-01-22,138,0,-16.8,441286,False,0,7,1,Films/Games
3586186841,Gravity,252433822,Hazbin Hotel,832218701,Gravity,2025-10-10,113,0,-8,659012,False,6,1,1,Films/Games
1377537602,Reflection (Pop Version),116,Christina Aguilera,231376432,Mulan (Original Soundtrack),2006-05-30,216,0,-22.1,282433,False,0,12,1,Films/Games
3272583461,Steve's Lava Chicken,14521,Jack Black,725426611,A Minecraft Movie (Original Motion Picture Soundtrack),2025-03-28,34,0,-10.9,514883,False,6,7,1,Films/Games
2208355417,Peaches,14521,Jack Black,421792467,The Super Mario Bros. Movie (Original Motion Picture Soundtrack),2023-04-07,95,0,-12.8,529104,False,0,17,1,Films/Games
2867112752,Just a Man,193471597,Jorge Rivera-Herrans,607847962,EPIC: The Troy Saga (Official Concept Album),2024-06-27,149,0,-9.6,682393,False,0,2,1,Films/Games
107832322,The Room Where It Happens,4194807,Leslie Odom Jr.,11244086,Hamilton (Original Broadway Cast Recording),2015-09-25,318,87,-12.5,607906,False,6,5,2,Films/Games
467292442,your heart,4873930,Ocha,57974112,care,2018-02-28,129,0,-16.4,23085,False,0,2,1,Films/Games
2210724317,Hold On Tight,113547672,aespa,422413247,Hold On Tight,2023-03-30,149,0,-8.4,627214,False,0,1,1,Films/Games
62912733,Put on a Happy Face,158391,Dick Van Dyke,6174219,Bye Bye Birdie (Original Motion Picture Soundtrack),2013-01-04,215,0,-14,51735,False,0,9,1,Films/Games
107832312,Non-Stop,4194807,Leslie Odom Jr.,11244086,Hamilton (Original Broadway Cast Recording),2015-09-25,385,183.8,-12.6,669681,False,6,23,1,Films/Games
2903524471,Solitude,62996,Ryuichi Sakamoto,618777311,Opus,2024-08-09,368,0,-20.8,299865,False,0,4,1,Films/Games
3584094581,Dare to Fly,4016340,Blake Aaron,831485861,Dare to Fly (Brazilian Version),2025-11-07,267,0,-11.2,38512,False,0,2,1,Latin Music
2097789737,Tião Braço Forte (Instrumental),9728,Marcos Valle,393747817,Viola Enluarada,2023-01-13,174,0,-14.1,42157,False,0,14,1,Latin Music
1783395287,Chega de Saudade,5168,João Gilberto,325713427,João Gilberto Apresenta Chega de Saudade,1959-06-17,123,0,-17.4,159058,False,0,1,1,Latin Music
1673131,Tabu (The Sweetest Taboo),114153,Vânia Bastos,170919,Canta Mais,2006-05-09,288,182.1,-15.7,116072,False,0,3,1,Latin Music
2097789677,Tião Braço Forte,9728,Marcos Valle,393747817,Viola Enluarada,2023-01-13,154,0,-12.5,74867,False,0,8,1,Latin Music
75120899,Zou Bisou Bisou,1121054,Martini Kings,7429145,Zou Bisou Bisou,2012-04-23,131,0,-13.2,30083,False,0,1,1,Latin Music
3245990381,"Quer Queira, Quer Não Queira",13704,Tim Maia,717107131,Racional (Vol 2),1976-03-15,289,0,-9.8,249667,False,0,1,1,Latin Music
925361992,ADMV,1424602,Maluma,140747522,ADMV,2020-04-23,194,0,-7.5,539982,False,0,1,1,Latin Music
1831139637,Mistério da Raça,73158,Rogê,337486307,Curyman,2023-03-03,277,0,-10.6,255268,False,0,6,1,Latin Music
3254073711,Do Leme ao Pontal,13704,Tim Maia,719668231,Tim Maia In Concert,2020-09-28,237,0,-7.5,472246,False,0,7,1,Latin Music
11085337,Fogo do Sol,9728,Marcos Valle,1013962,Marcos Valle,1983-01-01,225,162.77,-11.1,419028,False,0,2,1,Latin Music
671693102,Alma (Instrumental),9728,Marcos Valle,94978412,Sempre,2019-06-28,386,97.05,-15,53837,False,0,10,1,Latin Music
3679455062,HEAVENLY JUMPSTYLE (Slowed),244659282,TWXNY,864520842,HEAVENLY JUMPSTYLE,2025-11-28,128,0,-6.4,807248,False,0,3,1,Latin Music
565340102,Águas De Março,15827,Elis Regina,75106252,Elis & Tom,2018-10-12,211,0,-12.7,737739,False,3,1,1,Latin Music
543126352,Réu Confesso,13704,Tim Maia,71057852,Tim Maia 1973,2018-09-28,218,178.98,-13.6,591391,False,0,1,1,Latin Music
3329623921,P do Pecado (Ao Vivo),54330242,Grupo Menos É Mais,744118141,MOLHO (Ao Vivo),2025-04-30,192,0,-9.2,908514,False,0,1,1,Latin Music
108659808,Super Legal,1182275,Friends From Rio,11330146,"Friends from Rio, Vol. 2",2015-10-02,300,0,0,1461,False,0,7,1,Latin Music
91071071,Agua de beber,1293,Astrud Gilberto,9237351,The golden album,2014-11-26,140,148.7,-12.5,706796,False,0,1,1,Latin Music
777279842,Toque Tropical,5291577,Junior Mendes,115119532,Quase Parando / Toque Tropical,2019-10-25,176,0,-12.7,127805,False,0,2,1,Latin Music
4225768312,Melatonin,148075452,jomm,1055012532,Melatonin,2026-09-02,233,0,-9.2,426670,False,0,1,1,Latin Music
3856149941,Keep Hold of Yourself,74250642,Ron Burris,923209091,Ron Burris Meets Marcos Silva,2026-02-11,217,0,-13.7,837,False,0,1,1,Latin Music
3679455042,HEAVENLY JUMPSTYLE,244659282,TWXNY,864520842,HEAVENLY JUMPSTYLE,2025-11-28,114,0,-6.2,682504,False,0,1,1,Latin Music
3546914011,Eu Te Seguro,12721175,Panda,818247961,Eu Te Seguro,2025-09-18,149,0,-9.7,973194,False,0,1,1,Latin Music
15087678,Cama y Mesa,7613,Roberto Carlos,1391551,Pra Sempre Em Espanhol - Vol. 2,2015-07-07,197,120.54,-11.7,557083,False,0,9,1,Latin Music
108416514,Jardim dos Deuses,66506,Joyce,11304544,Visions of Dawn,2015-09-30,334,105.2,-13.4,192768,False,0,8,1,Latin Music
767383202,Balada,1541592,Gusttavo Lima,113313722,Gusttavo Lima e Você (Ao Vivo),2011-09-20,201,128,-7.9,803299,False,0,2,1,Latin Music
85336286,Aleluia,4475716,Robson Jorge,8604898,Robson Jorge e Lincoln Olivetti,1982-09-16,232,0,-12.2,391085,False,0,3,1,Latin Music
2954217391,Coração Partido (Corazón Partío) (Ao Vivo),54330242,Grupo Menos É Mais,631648411,Coração Partido (Corazón Partío) (Ao Vivo),2024-08-29,195,0,-9.6,849782,False,0,1,1,Latin Music
3931761821,MONTAGEM FEARLESS (Ultra Slowed),347448101,lirvie,951380461,MONTAGEM FEARLESS,2026-04-03,152,0,-3.3,739024,False,0,4,1,Latin Music
109095312,Apocalipse,1182172,Jose Mauro,11367910,Quartin,2015-10-07,189,0,-15.2,9126,False,0,6,1,Latin Music
17135657,A hora é essa,131143,Celia,1603071,Dose Dupla Célia,2011-08-12,183,113.3,-12.8,237842,False,6,1,2,Latin Music
2929443021,A Rã,73158,Rogê,623600291,Curyman II,2024-11-22,191,0,-11.1,190020,False,0,7,1,Latin Music
3499654751,Pela Última Vez (Ao Vivo),54330242,Grupo Menos É Mais,801876931,Pela Última Vez (Ao Vivo),2025-08-20,162,0,-8.1,894015,False,0,1,1,Latin Music
10985177,São Jorge,1257191,Juçara Marçal e Kiko Dinucci,1005170,Padê,2008-02-08,185,106.3,-12,258520,False,0,2,1,Latin Music
494455502,Você Tem,10483695,Dreicon,62652042,Você Tem,2018-04-30,164,144.05,-8.9,357575,False,2,1,1,Latin Music
11059013,Bicho No Cio,9728,Marcos Valle,1011206,Vontade de Rever Você,1981-01-01,261,96.4,-13.6,47224,False,0,2,1,Latin Music
11131481,Travessia,4720,Milton Nascimento,1018411,Travessia,1967-01-01,242,98.7,-14.2,570087,False,0,1,1,Latin Music
4003509191,Cuida do Pet,95557122,Oldilla,976348001,Cuida do Pet,2026-05-29,459,0,-7.8,910221,True,1,1,1,Latin Music
2661140722,Queira bem,9728,Marcos Valle,547419512,Marcos Valle JID003,2020-08-21,242,0,-12.5,104733,False,0,1,1,Latin Music
4053915861,Cadeira Cativa (Ao Vivo),5895828,Zé Neto & Cristiano,994504151,Vocês & Deus (Ao Vivo no Rio de Janeiro),2026-09-03,160,0,-7.1,964187,False,0,1,1,Latin Music
119474346,Que Maravilha,80624,Toquinho,12446854,Toquinho (1970),1970-01-01,158,0,-12.9,179107,False,0,5,1,Latin Music
17467113,O Barquinho,152120,Nara Leão,1633791,Obras-Primas,2012-03-22,189,146.1,-16.7,466487,False,0,3,1,Latin Music
1776731677,"DANÇARINA (feat. Nicky Jam, MC Pedrinho) (Remix)",50633822,PEDRO SAMPAIO,324221967,"DANÇARINA (feat. Nicky Jam, MC Pedrinho) (Remix)",2022-06-10,212,0,-7.6,778826,False,6,1,1,Latin Music
2533530141,Automotivo Bibi Fogosa,112988802,Bibi Babydoll,510095251,Automotivo Bibi Fogosa,2023-11-10,129,0,-7.6,622639,True,1,1,1,Latin Music
11085336,Estrelar,9728,Marcos Valle,1013962,Marcos Valle,1983-01-01,313,0,-10.7,632255,False,0,1,1,Latin Music
3595159272,Fendi 2,1359318,Rakhim,835370342,Fendi 2,2025-10-10,90,0,-9,676452,False,0,1,1,Latin Music
4235780652,Fato Consumado (Remasterizada 2026),14687,Djavan,1058961992,"A Voz, o Violão, a Música de Djavan (Edição Especial de 50 Anos) (Remasterizada 2026)",2026-09-04,149,0,-11.4,333658,False,0,10,1,Latin Music
3495588801,Preta Pretinha,241426,Novos Baianos,800651951,Acabou Chorare,1972-02-10,397,0,-11.1,337672,False,0,2,1,Latin Music
4011543411,Abra Kadabra Levita Essa Bunda,82675702,Mc Gimenes,979232061,Abra Kadabra Levita Essa Bunda,2026-05-10,93,0,-10.2,720031,False,0,1,1,Latin Music
13237991,Usted Se Me Llevo la Vida,6121,Alexandre Pires,1213512,É Por Amor,2001-06-22,271,140.1,-10.2,434305,False,0,11,1,Latin Music
716531362,Tudo O Que Você Podia Ser,4720,Milton Nascimento,104485932,Clube Da Esquina,2019-07-26,177,92.29,-16.9,563029,False,0,1,1,Latin Music
2475297971,Mimosa 2000,5518524,Furacão 2000,493686681,27 Anos Nacional,2000-03-09,140,0,-10.5,638677,False,6,10,1,Latin Music
3947301641,ONE TWO THREE FOUR,117615952,Umbrella,956454141,ONE TWO THREE FOUR,2026-04-09,89,0,-2.8,514982,False,0,1,1,Latin Music
3644768432,Arrependidaço (Onde Você Anda),4397349,Ferrugem,852552782,Arrependidaço (Onde Você Anda),2025-12-04,180,0,-10,862435,False,6,1,1,Latin Music
543126422,Gostava Tanto De Você,13704,Tim Maia,71057852,Tim Maia 1973,2018-09-28,256,179.76,-12.6,675591,False,0,8,1,Latin Music
2935875381,Xonei,3881631,Jorge & Mateus,625716421,Xonei,2024-08-15,154,0,-7.6,894910,False,0,1,1,Latin Music
11494983,Flor de Lis,14687,Djavan,1054340,"A Voz, o Violão, a Música de Djavan",1976-03-01,225,170.1,-17.1,645758,False,0,1,1,Latin Music
3876591901,Última Saudade (Ao Vivo),4876653,Henrique & Juliano,930781491,"Manifesto Musical 2, Vol. 1 (Ao Vivo)",2024-12-13,150,0,-7.4,915930,False,0,1,1,Latin Music
4194449262,Um Peão Desse,264261321,CountryBeat,1043184962,Um Peão Desse,2026-08-06,127,0,-6.9,942937,False,0,1,1,Latin Music
2266742737,Ai Se Eu Te Pego (Ao Vivo),379486,Michel Teló,437053177,Ai Se Eu Te Pego (Ao Vivo),2023-05-04,166,0,-6.9,794276,False,0,1,1,Latin Music
1436044452,Aquele Abraço,2077,Gilberto Gil,244903582,Gilberto Gil (1969),2021-07-12,323,0,-8.8,309636,False,0,3,1,Latin Music
3451683031,Samba Da Benção,1918,Bebel Gilberto,785300821,Tanto Tempo (25th Anniversary),2025-11-28,286,0,-9.8,157549,False,0,1,1,Latin Music
1250046362,Magalenha,205399,Leandro Lehart,209001882,Ensaio de Escola de Samba,2012-11-01,204,0,-9.4,256137,False,2,14,1,Latin Music
2927577241,Baianá,104683,Barbatuques,623082741,O Seguinte é Esse,2005-01-01,279,0,-14.6,684051,False,0,3,1,Latin Music
111623686,Tristeza,80624,Toquinho,11590838,O Poeta e o Violão,1975-01-01,246,136.9,-12.9,363523,False,0,1,1,Latin Music
7711337,Wave,5168,João Gilberto,711862,Amoroso,2010-11-26,281,140.62,-17.4,412876,False,6,5,1,Latin Music
4094177951,Mágica Ka Raba,252459382,DJ P4K,1008121911,Mágica Ka Raba,2026-06-18,182,0,-9.5,630961,True,1,1,1,Latin Music
3511049601,SEQUÊNCIA FEITICEIRA,50633822,PEDRO SAMPAIO,805750031,SEQUÊNCIA FEITICEIRA,2025-08-28,129,0,-6.7,852021,True,1,1,1,Latin Music
3939777131,Champanhe (Ao Vivo),54330242,Grupo Menos É Mais,953599291,MOLHO (Ao Vivo),2026-04-16,147,0,-8.7,872606,False,0,1,1,Latin Music
3240320441,Eu Me Apaixonei,88900572,Vitinho Imperador,715248271,Eu Me Apaixonei,2025-02-27,205,0,-7.3,915945,False,2,1,1,Latin Music
4141871761,Dança na Favela,83415,Dj Mini,1024428741,Dança na Favela,2026-07-14,182,0,-14.6,157640,False,0,1,1,Latin Music
10998078,Boto Meu Povo Na Rua,1258135,Mart'nália,1006161,Menino do Rio,2006-02-01,220,181.3,-11,352367,False,0,6,1,Latin Music
3662196962,Calcinha de Renda,12721175,Panda,858620272,Fora do Padrão Vol. 01 Ao Vivo,2025-11-27,199,0,-7.7,885134,False,0,1,1,Latin Music
4157338922,Largado Recente,96799272,Kaik & Alessandro,1030439012,A História Continua Vol. 1 Ao Vivo,2026-07-24,153,0,-7.2,341743,False,0,1,1,Latin Music
3862372001,Bola Uma Vela (Trava Chip),118232102,MC Meno K,925571701,Bola Uma Vela (Trava Chip),2026-02-26,99,0,-9.2,766863,False,6,1,1,Latin Music
4193552072,MONTAGEM PRISMA NOVA (Edit Version),113148,Àtic,1042963212,MONTAGEM PRISMA NOVA,2026-07-31,107,0,-5.2,233930,False,0,4,1,Latin Music
3189321571,Ilusão De Ótica (Ao Vivo),3120261,Matheus & Kauan,698883461,Envolvente (Ao Vivo / Vol.1),2025-01-24,180,0,-7.5,934851,False,0,1,1,Latin Music
3215895861,Aquele Lugar (Ao Vivo),54330242,Grupo Menos É Mais,707448781,MOLHO (Ao Vivo),2025-02-13,167,0,-9.7,780200,False,0,1,1,Latin Music
4081294521,Saudade Inconveniente (Ao Vivo),54330242,Grupo Menos É Mais,1003519021,Saudade Inconveniente (Ao Vivo),2026-06-17,185,0,-8.8,864166,False,0,1,1,Latin Music
11059031,Tarde em Itapoan,1968,Vinicius de Moraes,1011208,Como Dizia O Poeta...,1971-01-01,242,135.6,-8.9,466608,False,0,1,1,Latin Music
10968197,A Felicidade,4085,Antonio Carlos Jobim,1003827,Inédito,2007-06-20,231,156.6,-15.2,190117,False,0,24,1,Latin Music
3614225452,"Bebe, Beija e Trai (Ao Vivo)",49013001,Mayke & Rodrigo,842098342,"Bebe, Beija e Trai (Ao Vivo)",2025-10-30,156,0,-7.3,797171,False,6,1,1,Latin Music
3640608352,Diário de um Cafajeste,49259582,DJ Oreia,851164872,Diário de um Cafajeste,2025-11-06,357,0,-9.7,884776,False,2,1,1,Latin Music
3777814852,MOGG DEPARTAMENT,169277537,DudePlaya,898708642,MOGG DEPARTAMENT,2026-01-23,91,0,-3.4,178102,False,0,1,1,Latin Music
4053915961,Plano C (Ao Vivo),5895828,Zé Neto & Cristiano,994504151,Vocês & Deus (Ao Vivo no Rio de Janeiro),2026-09-03,174,0,-7.2,931263,False,0,11,1,Latin Music
543138072,Azul Da Cor Do Mar,13704,Tim Maia,71059082,Tim Maia 1970,2018-09-28,198,126.05,-14.2,651079,False,0,10,1,Latin Music
1435995022,Vidrado Em Você,9596260,DJ Guuga,244887032,Vidrado Em Você,2021-07-31,134,0,-3.9,748842,False,0,1,1,Latin Music
603246272,Tua Graça Me Basta,1484746,Davi Sacer,81584082,Tua Graça Me Basta,2018-12-21,439,128,-8.3,675671,False,0,1,1,Latin Music
105596894,Bem-Me-Quer,1893,Rita Lee,11000706,Rita Lee,2015-08-14,257,135.55,-16.4,445705,False,0,2,1,Latin Music
117620628,Insensatez,80624,Toquinho,12212118,O Melhor da Parceria,2016-01-29,160,153.7,-12.2,204137,False,0,15,1,Latin Music
3945487271,Se Saudade Sentir (Se Prepara 3),5918943,MC Livinho,955742591,Se Saudade Sentir (Se Prepara 3),2026-04-10,197,0,-6.7,863923,True,1,1,1,Latin Music
3329623931,Tarde Demais / Mágica / Oh! Chuva (Ao Vivo),54330242,Grupo Menos É Mais,744118141,MOLHO (Ao Vivo),2025-04-30,266,0,-8.6,777950,False,0,2,1,Latin Music
4094705011,Bala Alojada,1541592,Gusttavo Lima,1008282401,Bala Alojada,2026-06-25,218,0,-10.1,916475,False,0,1,1,Latin Music
3168044101,Saudade Burra (Ao Vivo),11242224,Lauana Prado,692047291,Saudade Burra (Ao Vivo),2025-01-10,157,0,-8,860427,False,0,1,1,Latin Music
3904776821,Eu Duvido,61145262,Guilherme & Benuto,941282471,Eu Duvido Ao Vivo,2026-03-26,170,0,-7.2,873932,False,0,1,1,Latin Music
3075887141,Jejum de Amor / Caixa Postal / Vida Vazia (Ao Vivo),54330242,Grupo Menos É Mais,665966491,Churrasquinho 3 (Ao Vivo),2024-11-14,311,0,-10.2,803903,False,0,3,1,Latin Music
2916157971,Apaga Apaga Apaga (Ao Vivo),145336382,Danilo e Davi,621067941,Toma Essa Verdade (Ao Vivo),2024-08-09,178,0,-7.9,918294,False,0,1,1,Latin Music
3390765701,VOCE NA MIRA (Slowed),295065921,hwungii,764512081,VOCE NA MIRA,2025-05-30,170,0,-5.6,678286,False,0,2,1,Latin Music
3648749602,Tubarões,7068753,Diego & Victor Hugo,854040692,Ao Vivo Em Uberlândia,2025-11-20,162,0,-7.5,931780,False,0,1,1,Latin Music
3694244422,Brinda Aê (Ao Vivo),54330242,Grupo Menos É Mais,869542502,Churrasquinho 4 (Ao Vivo),2025-12-11,183,0,-9,875962,False,0,1,1,Latin Music
