artist_name,mb_artist_id,mb_country,mb_type,mb_begin_year,tag,tag_count
AC/DC,66c662b6-6e2f-4930-8610-912e24c63ed1,AU,Group,1973,rock,18
AC/DC,66c662b6-6e2f-4930-8610-912e24c63ed1,AU,Group,1973,heavy metal,-1
AC/DC,66c662b6-6e2f-4930-8610-912e24c63ed1,AU,Group,1973,metal,-4
AC/DC,66c662b6-6e2f-4930-8610-912e24c63ed1,AU,Group,1973,australian,-2
AC/DC,66c662b6-6e2f-4930-8610-912e24c63ed1,AU,Group,1973,band,-3
AC/DC,66c662b6-6e2f-4930-8610-912e24c63ed1,AU,Group,1973,hard rock,49
AC/DC,66c662b6-6e2f-4930-8610-912e24c63ed1,AU,Group,1973,relaxed,-1
AC/DC,66c662b6-6e2f-4930-8610-912e24c63ed1,AU,Group,1973,blues rock,11
AC/DC,66c662b6-6e2f-4930-8610-912e24c63ed1,AU,Group,1973,glam rock,-6
AC/DC,66c662b6-6e2f-4930-8610-912e24c63ed1,AU,Group,1973,classic rock,1
AC/DC,66c662b6-6e2f-4930-8610-912e24c63ed1,AU,Group,1973,1980s,-2
AC/DC,66c662b6-6e2f-4930-8610-912e24c63ed1,AU,Group,1973,1970s,-2
AC/DC,66c662b6-6e2f-4930-8610-912e24c63ed1,AU,Group,1973,arena rock,-4
AC/DC,66c662b6-6e2f-4930-8610-912e24c63ed1,AU,Group,1973,rock and roll,1
AC/DC,66c662b6-6e2f-4930-8610-912e24c63ed1,AU,Group,1973,english,-3
AC/DC,66c662b6-6e2f-4930-8610-912e24c63ed1,AU,Group,1973,australia,-2
AC/DC,66c662b6-6e2f-4930-8610-912e24c63ed1,AU,Group,1973,blues-rock,-3
AC/DC,66c662b6-6e2f-4930-8610-912e24c63ed1,AU,Group,1973,classic pop and rock,-3
AC/DC,66c662b6-6e2f-4930-8610-912e24c63ed1,AU,Group,1973,australie,-3
AC/DC,66c662b6-6e2f-4930-8610-912e24c63ed1,AU,Group,1973,australien,-3
AC/DC,66c662b6-6e2f-4930-8610-912e24c63ed1,AU,Group,1973,best,-3
AC/DC,66c662b6-6e2f-4930-8610-912e24c63ed1,AU,Group,1973,best rock,-3
AC/DC,66c662b6-6e2f-4930-8610-912e24c63ed1,AU,Group,1973,australian rock,-2
AC/DC,66c662b6-6e2f-4930-8610-912e24c63ed1,AU,Group,1973,capa,-3
AC/DC,66c662b6-6e2f-4930-8610-912e24c63ed1,AU,Group,1973,rock & roll,-1
AC/DC,66c662b6-6e2f-4930-8610-912e24c63ed1,AU,Group,1973,want to listen,-3
AC/DC,66c662b6-6e2f-4930-8610-912e24c63ed1,AU,Group,1973,volts,-3
AC/DC,66c662b6-6e2f-4930-8610-912e24c63ed1,AU,Group,1973,hard & heavy,0
AC/DC,66c662b6-6e2f-4930-8610-912e24c63ed1,AU,Group,1973,+australia (sydney),-4
AC/DC,66c662b6-6e2f-4930-8610-912e24c63ed1,AU,Group,1973,not acoustic,-1
AC/DC,66c662b6-6e2f-4930-8610-912e24c63ed1,AU,Group,1973,not sad,-1
AC/DC,66c662b6-6e2f-4930-8610-912e24c63ed1,AU,Group,1973,not electronic,-1
AC/DC,66c662b6-6e2f-4930-8610-912e24c63ed1,AU,Group,1973,not happy,-1
AC/DC,66c662b6-6e2f-4930-8610-912e24c63ed1,AU,Group,1973,not aggressive,-1
AC/DC,66c662b6-6e2f-4930-8610-912e24c63ed1,AU,Group,1973,not party,-1
Marvin Gaye,afdb7919-059d-43c1-b668-ba1d265e7e42,US,Person,1939,pop,0
Marvin Gaye,afdb7919-059d-43c1-b668-ba1d265e7e42,US,Person,1939,american,-1
Marvin Gaye,afdb7919-059d-43c1-b668-ba1d265e7e42,US,Person,1939,funk,6
Marvin Gaye,afdb7919-059d-43c1-b668-ba1d265e7e42,US,Person,1939,soul,14
Marvin Gaye,afdb7919-059d-43c1-b668-ba1d265e7e42,US,Person,1939,rnb,-1
Marvin Gaye,afdb7919-059d-43c1-b668-ba1d265e7e42,US,Person,1939,sexual,-1
Marvin Gaye,afdb7919-059d-43c1-b668-ba1d265e7e42,US,Person,1939,motown,4
Marvin Gaye,afdb7919-059d-43c1-b668-ba1d265e7e42,US,Person,1939,soul and reggae,-1
Marvin Gaye,afdb7919-059d-43c1-b668-ba1d265e7e42,US,Person,1939,pop soul,3
Marvin Gaye,afdb7919-059d-43c1-b668-ba1d265e7e42,US,Person,1939,smooth soul,5
Marvin Gaye,afdb7919-059d-43c1-b668-ba1d265e7e42,US,Person,1939,the very best of,-2
Marvin Gaye,afdb7919-059d-43c1-b668-ba1d265e7e42,US,Person,1939,death by murder,-2
Marvin Gaye,afdb7919-059d-43c1-b668-ba1d265e7e42,US,Person,1939,death by gun,-3
Marvin Gaye,afdb7919-059d-43c1-b668-ba1d265e7e42,US,Person,1939,multiple ipi,-1
Marvin Gaye,afdb7919-059d-43c1-b668-ba1d265e7e42,US,Person,1939,contemporary r&b,1
Marvin Gaye,afdb7919-059d-43c1-b668-ba1d265e7e42,US,Person,1939,rhythm & blues,1
Marvin Gaye,afdb7919-059d-43c1-b668-ba1d265e7e42,US,Person,1939,progressive soul,1
KAROL G,de22adae-f8ac-414f-b653-b0162611bd60,CO,Person,1991,pop,0
KAROL G,de22adae-f8ac-414f-b653-b0162611bd60,CO,Person,1991,spanish,2
KAROL G,de22adae-f8ac-414f-b653-b0162611bd60,CO,Person,1991,latin,1
KAROL G,de22adae-f8ac-414f-b653-b0162611bd60,CO,Person,1991,english,0
KAROL G,de22adae-f8ac-414f-b653-b0162611bd60,CO,Person,1991,reggaeton,3
KAROL G,de22adae-f8ac-414f-b653-b0162611bd60,CO,Person,1991,r&b,1
KAROL G,de22adae-f8ac-414f-b653-b0162611bd60,CO,Person,1991,latin urban,2
Bob Marley & The Wailers,c296e10c-110a-4103-9e77-47bfebb7fb2e,JM,Group,1970,ska,2
Bob Marley & The Wailers,c296e10c-110a-4103-9e77-47bfebb7fb2e,JM,Group,1970,reggae,23
Bob Marley & The Wailers,c296e10c-110a-4103-9e77-47bfebb7fb2e,JM,Group,1970,jamaican,0
Bob Marley & The Wailers,c296e10c-110a-4103-9e77-47bfebb7fb2e,JM,Group,1970,dub,1
Bob Marley & The Wailers,c296e10c-110a-4103-9e77-47bfebb7fb2e,JM,Group,1970,soul,0
Bob Marley & The Wailers,c296e10c-110a-4103-9e77-47bfebb7fb2e,JM,Group,1970,ambient dub,0
Bob Marley & The Wailers,c296e10c-110a-4103-9e77-47bfebb7fb2e,JM,Group,1970,roots reggae,9
Bob Marley & The Wailers,c296e10c-110a-4103-9e77-47bfebb7fb2e,JM,Group,1970,rocksteady,1
Bob Marley & The Wailers,c296e10c-110a-4103-9e77-47bfebb7fb2e,JM,Group,1970,english,0
Bob Marley & The Wailers,c296e10c-110a-4103-9e77-47bfebb7fb2e,JM,Group,1970,classic pop and rock,-1
Bob Marley & The Wailers,c296e10c-110a-4103-9e77-47bfebb7fb2e,JM,Group,1970,soul and reggae,-1
Bob Marley & The Wailers,c296e10c-110a-4103-9e77-47bfebb7fb2e,JM,Group,1970,jamaica,0
Bob Marley & The Wailers,c296e10c-110a-4103-9e77-47bfebb7fb2e,JM,Group,1970,bob-marley,-1
Bob Marley & The Wailers,c296e10c-110a-4103-9e77-47bfebb7fb2e,JM,Group,1970,the wailers,-1
Bob Marley & The Wailers,c296e10c-110a-4103-9e77-47bfebb7fb2e,JM,Group,1970,do not split,-2
Bob Marley & The Wailers,c296e10c-110a-4103-9e77-47bfebb7fb2e,JM,Group,1970,reggae music,1
Bob Marley & The Wailers,c296e10c-110a-4103-9e77-47bfebb7fb2e,JM,Group,1970,jamaican ska,1
Bob Marley & The Wailers,c296e10c-110a-4103-9e77-47bfebb7fb2e,JM,Group,1970,split or merge to “the wailers” (keeping ac),-1
Bob Marley & The Wailers,c296e10c-110a-4103-9e77-47bfebb7fb2e,JM,Group,1970,soul shakedown party (silk’s downunder mix),-1
Bob Marley & The Wailers,c296e10c-110a-4103-9e77-47bfebb7fb2e,JM,Group,1970,banbarra,0
Sleep Token,775ad383-ac2d-479a-af9d-b561442cb749,GB,Group,2016,rock,-1
Sleep Token,775ad383-ac2d-479a-af9d-b561442cb749,GB,Group,2016,post-rock,-1
Sleep Token,775ad383-ac2d-479a-af9d-b561442cb749,GB,Group,2016,alternative rock,-1
Sleep Token,775ad383-ac2d-479a-af9d-b561442cb749,GB,Group,2016,progressive rock,2
Sleep Token,775ad383-ac2d-479a-af9d-b561442cb749,GB,Group,2016,progressive metal,13
Sleep Token,775ad383-ac2d-479a-af9d-b561442cb749,GB,Group,2016,metal,-1
Sleep Token,775ad383-ac2d-479a-af9d-b561442cb749,GB,Group,2016,alternative metal,11
Sleep Token,775ad383-ac2d-479a-af9d-b561442cb749,GB,Group,2016,alternative pop,3
Sleep Token,775ad383-ac2d-479a-af9d-b561442cb749,GB,Group,2016,post-metal,-1
Sleep Token,775ad383-ac2d-479a-af9d-b561442cb749,GB,Group,2016,djent,3
Sleep Token,775ad383-ac2d-479a-af9d-b561442cb749,GB,Group,2016,art pop,2
Sleep Token,775ad383-ac2d-479a-af9d-b561442cb749,GB,Group,2016,alternative r&b,1
Sleep Token,775ad383-ac2d-479a-af9d-b561442cb749,GB,Group,2016,2020s,0
Sleep Token,775ad383-ac2d-479a-af9d-b561442cb749,GB,Group,2016,progressive rock. progressive metal,-3
Grupo Menos É Mais,b6d22fe9-65f7-4992-b537-e6f4c5d77f0e,BR,Group,,,0
Sly & The Family Stone,b7ec4c54-1f93-4bf2-957f-7b9921ab84ea,US,Group,1967,rock,1
Sly & The Family Stone,b7ec4c54-1f93-4bf2-957f-7b9921ab84ea,US,Group,1967,funk,7
Sly & The Family Stone,b7ec4c54-1f93-4bf2-957f-7b9921ab84ea,US,Group,1967,soul,5
Sly & The Family Stone,b7ec4c54-1f93-4bf2-957f-7b9921ab84ea,US,Group,1967,disco,2
Sly & The Family Stone,b7ec4c54-1f93-4bf2-957f-7b9921ab84ea,US,Group,1967,soul and reggae,0
Sly & The Family Stone,b7ec4c54-1f93-4bf2-957f-7b9921ab84ea,US,Group,1967,pop soul,2
Sly & The Family Stone,b7ec4c54-1f93-4bf2-957f-7b9921ab84ea,US,Group,1967,psychedelic soul,5
Sly & The Family Stone,b7ec4c54-1f93-4bf2-957f-7b9921ab84ea,US,Group,1967,rhythm & blues,2
TOOL,66fc5bf8-daa4-4241-b378-9bc9077939d2,US,Group,1990,rock,6
TOOL,66fc5bf8-daa4-4241-b378-9bc9077939d2,US,Group,1990,electronic,1
TOOL,66fc5bf8-daa4-4241-b378-9bc9077939d2,US,Group,1990,alternative rock,4
TOOL,66fc5bf8-daa4-4241-b378-9bc9077939d2,US,Group,1990,progressive rock,20
TOOL,66fc5bf8-daa4-4241-b378-9bc9077939d2,US,Group,1990,heavy metal,1
TOOL,66fc5bf8-daa4-4241-b378-9bc9077939d2,US,Group,1990,90s,-1
TOOL,66fc5bf8-daa4-4241-b378-9bc9077939d2,US,Group,1990,progressive metal,41
TOOL,66fc5bf8-daa4-4241-b378-9bc9077939d2,US,Group,1990,metal,5
TOOL,66fc5bf8-daa4-4241-b378-9bc9077939d2,US,Group,1990,american,1
TOOL,66fc5bf8-daa4-4241-b378-9bc9077939d2,US,Group,1990,math rock,-1
TOOL,66fc5bf8-daa4-4241-b378-9bc9077939d2,US,Group,1990,hard rock,-1
TOOL,66fc5bf8-daa4-4241-b378-9bc9077939d2,US,Group,1990,usa,0
TOOL,66fc5bf8-daa4-4241-b378-9bc9077939d2,US,Group,1990,progressive,-1
TOOL,66fc5bf8-daa4-4241-b378-9bc9077939d2,US,Group,1990,melodic,0
TOOL,66fc5bf8-daa4-4241-b378-9bc9077939d2,US,Group,1990,psychedelic rock,0
TOOL,66fc5bf8-daa4-4241-b378-9bc9077939d2,US,Group,1990,art rock,1
TOOL,66fc5bf8-daa4-4241-b378-9bc9077939d2,US,Group,1990,alternative metal,20
TOOL,66fc5bf8-daa4-4241-b378-9bc9077939d2,US,Group,1990,post-metal,1
TOOL,66fc5bf8-daa4-4241-b378-9bc9077939d2,US,Group,1990,california,0
TOOL,66fc5bf8-daa4-4241-b378-9bc9077939d2,US,Group,1990,los angeles,0
TOOL,66fc5bf8-daa4-4241-b378-9bc9077939d2,US,Group,1990,00s,-1
TOOL,66fc5bf8-daa4-4241-b378-9bc9077939d2,US,Group,1990,united states,0
TOOL,66fc5bf8-daa4-4241-b378-9bc9077939d2,US,Group,1990,drugs,-1
TOOL,66fc5bf8-daa4-4241-b378-9bc9077939d2,US,Group,1990,classic metal,-1
TOOL,66fc5bf8-daa4-4241-b378-9bc9077939d2,US,Group,1990,10s,-1
TOOL,66fc5bf8-daa4-4241-b378-9bc9077939d2,US,Group,1990,headphones,0
TOOL,66fc5bf8-daa4-4241-b378-9bc9077939d2,US,Group,1990,pretentious,0
TOOL,66fc5bf8-daa4-4241-b378-9bc9077939d2,US,Group,1990,estados unidos,0
TOOL,66fc5bf8-daa4-4241-b378-9bc9077939d2,US,Group,1990,hard alternative,0
Kapo,11423605-737f-4627-ad56-10748bc20890,,Group,,,0
Shakira,bf24ca37-25f4-4e34-9aec-460b94364cfc,CO,Person,1977,rock,0
Shakira,bf24ca37-25f4-4e34-9aec-460b94364cfc,CO,Person,1977,pop,5
Shakira,bf24ca37-25f4-4e34-9aec-460b94364cfc,CO,Person,1977,spanish,0
Shakira,bf24ca37-25f4-4e34-9aec-460b94364cfc,CO,Person,1977,alternative,0
Shakira,bf24ca37-25f4-4e34-9aec-460b94364cfc,CO,Person,1977,electropop,0
Shakira,bf24ca37-25f4-4e34-9aec-460b94364cfc,CO,Person,1977,dance-pop,1
Shakira,bf24ca37-25f4-4e34-9aec-460b94364cfc,CO,Person,1977,pop rock,3
Shakira,bf24ca37-25f4-4e34-9aec-460b94364cfc,CO,Person,1977,latin pop,4
Shakira,bf24ca37-25f4-4e34-9aec-460b94364cfc,CO,Person,1977,latin,1
Shakira,bf24ca37-25f4-4e34-9aec-460b94364cfc,CO,Person,1977,colombian,0
Shakira,bf24ca37-25f4-4e34-9aec-460b94364cfc,CO,Person,1977,merengue,0
Shakira,bf24ca37-25f4-4e34-9aec-460b94364cfc,CO,Person,1977,classic pop and rock,0
Shakira,bf24ca37-25f4-4e34-9aec-460b94364cfc,CO,Person,1977,colombia,0
Shakira,bf24ca37-25f4-4e34-9aec-460b94364cfc,CO,Person,1977,barranquilla,0
Shakira,bf24ca37-25f4-4e34-9aec-460b94364cfc,CO,Person,1977,atlantico,0
Shakira,bf24ca37-25f4-4e34-9aec-460b94364cfc,CO,Person,1977,nuno,0
Morgan Wallen,2077273e-eaa1-4f49-903c-f286ededecb9,US,Person,1993,country,2
Morgan Wallen,2077273e-eaa1-4f49-903c-f286ededecb9,US,Person,1993,country pop,1
Morgan Wallen,2077273e-eaa1-4f49-903c-f286ededecb9,US,Person,1993,racist,0
Morgan Wallen,2077273e-eaa1-4f49-903c-f286ededecb9,US,Person,1993,2020s,1
Ozzy Osbourne,8aa5b65a-5b3c-4029-92bf-47a544356934,GB,Person,1948,rock,-1
Ozzy Osbourne,8aa5b65a-5b3c-4029-92bf-47a544356934,GB,Person,1948,heavy metal,23
Ozzy Osbourne,8aa5b65a-5b3c-4029-92bf-47a544356934,GB,Person,1948,metal,2
Ozzy Osbourne,8aa5b65a-5b3c-4029-92bf-47a544356934,GB,Person,1948,british,5
Ozzy Osbourne,8aa5b65a-5b3c-4029-92bf-47a544356934,GB,Person,1948,uk,-1
Ozzy Osbourne,8aa5b65a-5b3c-4029-92bf-47a544356934,GB,Person,1948,hard rock,13
Ozzy Osbourne,8aa5b65a-5b3c-4029-92bf-47a544356934,GB,Person,1948,pop rock,3
Ozzy Osbourne,8aa5b65a-5b3c-4029-92bf-47a544356934,GB,Person,1948,symphonic rock,3
Ozzy Osbourne,8aa5b65a-5b3c-4029-92bf-47a544356934,GB,Person,1948,piano rock,-1
Ozzy Osbourne,8aa5b65a-5b3c-4029-92bf-47a544356934,GB,Person,1948,glam metal,4
Ozzy Osbourne,8aa5b65a-5b3c-4029-92bf-47a544356934,GB,Person,1948,english,-1
Ozzy Osbourne,8aa5b65a-5b3c-4029-92bf-47a544356934,GB,Person,1948,rock music,1
Ozzy Osbourne,8aa5b65a-5b3c-4029-92bf-47a544356934,GB,Person,1948,classic pop and rock,-1
Ozzy Osbourne,8aa5b65a-5b3c-4029-92bf-47a544356934,GB,Person,1948,singers,1
Ozzy Osbourne,8aa5b65a-5b3c-4029-92bf-47a544356934,GB,Person,1948,ozzy osbourne,-1
Ozzy Osbourne,8aa5b65a-5b3c-4029-92bf-47a544356934,GB,Person,1948,ozzy,0
Ozzy Osbourne,8aa5b65a-5b3c-4029-92bf-47a544356934,GB,Person,1948,multiple ipi,-1
Ozzy Osbourne,8aa5b65a-5b3c-4029-92bf-47a544356934,GB,Person,1948,alliteration,0
Ozzy Osbourne,8aa5b65a-5b3c-4029-92bf-47a544356934,GB,Person,1948,reino unido,0
Ozzy Osbourne,8aa5b65a-5b3c-4029-92bf-47a544356934,GB,Person,1948,rock musicians,1
System of A Down,cc0b7089-c08d-4c10-b6b0-873582c17fd6,US,Group,1995,political,-2
System of A Down,cc0b7089-c08d-4c10-b6b0-873582c17fd6,US,Group,1995,rock,-1
System of A Down,cc0b7089-c08d-4c10-b6b0-873582c17fd6,US,Group,1995,alternative rock,6
System of A Down,cc0b7089-c08d-4c10-b6b0-873582c17fd6,US,Group,1995,heavy metal,3
System of A Down,cc0b7089-c08d-4c10-b6b0-873582c17fd6,US,Group,1995,metal,-1
System of A Down,cc0b7089-c08d-4c10-b6b0-873582c17fd6,US,Group,1995,american,-1
System of A Down,cc0b7089-c08d-4c10-b6b0-873582c17fd6,US,Group,1995,crossover,-1
System of A Down,cc0b7089-c08d-4c10-b6b0-873582c17fd6,US,Group,1995,hard rock,1
System of A Down,cc0b7089-c08d-4c10-b6b0-873582c17fd6,US,Group,1995,nu metal,5
System of A Down,cc0b7089-c08d-4c10-b6b0-873582c17fd6,US,Group,1995,new metal,-1
System of A Down,cc0b7089-c08d-4c10-b6b0-873582c17fd6,US,Group,1995,experimental rock,-1
System of A Down,cc0b7089-c08d-4c10-b6b0-873582c17fd6,US,Group,1995,alternative metal,20
System of A Down,cc0b7089-c08d-4c10-b6b0-873582c17fd6,US,Group,1995,avant-garde metal,-1
System of A Down,cc0b7089-c08d-4c10-b6b0-873582c17fd6,US,Group,1995,rock and indie,-1
System of A Down,cc0b7089-c08d-4c10-b6b0-873582c17fd6,US,Group,1995,hard alternative,0
Slipknot,a466c2a2-6517-42fb-a160-1087c3bafd9f,US,Group,1995,alternative rock,2
Slipknot,a466c2a2-6517-42fb-a160-1087c3bafd9f,US,Group,1995,heavy metal,2
Slipknot,a466c2a2-6517-42fb-a160-1087c3bafd9f,US,Group,1995,metal,3
Slipknot,a466c2a2-6517-42fb-a160-1087c3bafd9f,US,Group,1995,nu metal,19
Slipknot,a466c2a2-6517-42fb-a160-1087c3bafd9f,US,Group,1995,new metal,-2
Slipknot,a466c2a2-6517-42fb-a160-1087c3bafd9f,US,Group,1995,alternative metal,10
Slipknot,a466c2a2-6517-42fb-a160-1087c3bafd9f,US,Group,1995,rap metal,-2
Slipknot,a466c2a2-6517-42fb-a160-1087c3bafd9f,US,Group,1995,groove metal,0
Slipknot,a466c2a2-6517-42fb-a160-1087c3bafd9f,US,Group,1995,rock and indie,-1
Slipknot,a466c2a2-6517-42fb-a160-1087c3bafd9f,US,Group,1995,hard alternative,0
Marcos Valle,1ba347eb-58e8-45d6-b7e3-09873dc2506a,BR,Person,1943,mpb,1
Marcos Valle,1ba347eb-58e8-45d6-b7e3-09873dc2506a,BR,Person,1943,world,1
Toots & The Maytals,29730ee3-e1c7-4e28-9ccd-3a0e6b0e8103,JM,Group,1963,rock,0
Toots & The Maytals,29730ee3-e1c7-4e28-9ccd-3a0e6b0e8103,JM,Group,1963,ska,4
Toots & The Maytals,29730ee3-e1c7-4e28-9ccd-3a0e6b0e8103,JM,Group,1963,reggae,5
Toots & The Maytals,29730ee3-e1c7-4e28-9ccd-3a0e6b0e8103,JM,Group,1963,jamaican,0
Toots & The Maytals,29730ee3-e1c7-4e28-9ccd-3a0e6b0e8103,JM,Group,1963,soul,1
Toots & The Maytals,29730ee3-e1c7-4e28-9ccd-3a0e6b0e8103,JM,Group,1963,roots reggae,1
Toots & The Maytals,29730ee3-e1c7-4e28-9ccd-3a0e6b0e8103,JM,Group,1963,rocksteady,3
Toots & The Maytals,29730ee3-e1c7-4e28-9ccd-3a0e6b0e8103,JM,Group,1963,rock and indie,0
Toots & The Maytals,29730ee3-e1c7-4e28-9ccd-3a0e6b0e8103,JM,Group,1963,soul and reggae,0
Toots & The Maytals,29730ee3-e1c7-4e28-9ccd-3a0e6b0e8103,JM,Group,1963,reggae-pop,1
Toots & The Maytals,29730ee3-e1c7-4e28-9ccd-3a0e6b0e8103,JM,Group,1963,pop reggae,0
Toots & The Maytals,29730ee3-e1c7-4e28-9ccd-3a0e6b0e8103,JM,Group,1963,jamaican ska,1
Raffi,d5d5ba92-4bd4-4975-9806-99339eed3046,CA,Person,1948,children's music,2
Ella Langley,b16c0872-31a7-4db9-8569-0e3146fcecfc,,Person,1999,country,4
Drake,9fff2f8a-21e6-47de-a2b8-7f449929d43f,CA,Person,1986,pop,3
Drake,9fff2f8a-21e6-47de-a2b8-7f449929d43f,CA,Person,1986,rap,1
Drake,9fff2f8a-21e6-47de-a2b8-7f449929d43f,CA,Person,1986,hip-hop,3
Drake,9fff2f8a-21e6-47de-a2b8-7f449929d43f,CA,Person,1986,hip hop,19
Drake,9fff2f8a-21e6-47de-a2b8-7f449929d43f,CA,Person,1986,southern hip hop,1
Drake,9fff2f8a-21e6-47de-a2b8-7f449929d43f,CA,Person,1986,pop rap,7
Drake,9fff2f8a-21e6-47de-a2b8-7f449929d43f,CA,Person,1986,rapper,0
Drake,9fff2f8a-21e6-47de-a2b8-7f449929d43f,CA,Person,1986,lesbian,-1
Drake,9fff2f8a-21e6-47de-a2b8-7f449929d43f,CA,Person,1986,sxsw,1
Drake,9fff2f8a-21e6-47de-a2b8-7f449929d43f,CA,Person,1986,top 100,2
Drake,9fff2f8a-21e6-47de-a2b8-7f449929d43f,CA,Person,1986,r&b,8
Drake,9fff2f8a-21e6-47de-a2b8-7f449929d43f,CA,Person,1986,contemporary r&b,7
Drake,9fff2f8a-21e6-47de-a2b8-7f449929d43f,CA,Person,1986,2010s,0
Drake,9fff2f8a-21e6-47de-a2b8-7f449929d43f,CA,Person,1986,hardcore hip hop,1
Drake,9fff2f8a-21e6-47de-a2b8-7f449929d43f,CA,Person,1986,alternative r&b,6
Drake,9fff2f8a-21e6-47de-a2b8-7f449929d43f,CA,Person,1986,trap,3
Drake,9fff2f8a-21e6-47de-a2b8-7f449929d43f,CA,Person,1986,canadian hip hop,0
Drake,9fff2f8a-21e6-47de-a2b8-7f449929d43f,CA,Person,1986,trap rap,2
Drake,9fff2f8a-21e6-47de-a2b8-7f449929d43f,CA,Person,1986,rap us,-1
Drake,9fff2f8a-21e6-47de-a2b8-7f449929d43f,CA,Person,1986,top 10,1
Drake,9fff2f8a-21e6-47de-a2b8-7f449929d43f,CA,Person,1986,hardcore hip,-1
Drake,9fff2f8a-21e6-47de-a2b8-7f449929d43f,CA,Person,1986,cotm candidate,-1
Drake,9fff2f8a-21e6-47de-a2b8-7f449929d43f,CA,Person,1986,luxury rap,0
Drake,9fff2f8a-21e6-47de-a2b8-7f449929d43f,CA,Person,1986,relic inn,0
Drake,9fff2f8a-21e6-47de-a2b8-7f449929d43f,CA,Person,1986,2020s,0
Drake,9fff2f8a-21e6-47de-a2b8-7f449929d43f,CA,Person,1986,pedophilia,0
Drake,9fff2f8a-21e6-47de-a2b8-7f449929d43f,CA,Person,1986,top 5,2
Michael Jackson,f27ec8db-af05-4f36-916e-3d57f91ecf5e,US,Person,1958,rock,0
Michael Jackson,f27ec8db-af05-4f36-916e-3d57f91ecf5e,US,Person,1958,pop,35
Michael Jackson,f27ec8db-af05-4f36-916e-3d57f91ecf5e,US,Person,1958,dance,1
Michael Jackson,f27ec8db-af05-4f36-916e-3d57f91ecf5e,US,Person,1958,american,1
Michael Jackson,f27ec8db-af05-4f36-916e-3d57f91ecf5e,US,Person,1958,blues,0
Michael Jackson,f27ec8db-af05-4f36-916e-3d57f91ecf5e,US,Person,1958,hip hop,1
Michael Jackson,f27ec8db-af05-4f36-916e-3d57f91ecf5e,US,Person,1958,singer,-1
Michael Jackson,f27ec8db-af05-4f36-916e-3d57f91ecf5e,US,Person,1958,usa,-1
Michael Jackson,f27ec8db-af05-4f36-916e-3d57f91ecf5e,US,Person,1958,funk,0
Michael Jackson,f27ec8db-af05-4f36-916e-3d57f91ecf5e,US,Person,1958,vocal,1
Michael Jackson,f27ec8db-af05-4f36-916e-3d57f91ecf5e,US,Person,1958,soul,6
Michael Jackson,f27ec8db-af05-4f36-916e-3d57f91ecf5e,US,Person,1958,disco,19
Michael Jackson,f27ec8db-af05-4f36-916e-3d57f91ecf5e,US,Person,1958,rnb,-1
Michael Jackson,f27ec8db-af05-4f36-916e-3d57f91ecf5e,US,Person,1958,composer,-1
Michael Jackson,f27ec8db-af05-4f36-916e-3d57f91ecf5e,US,Person,1958,américain,-1
Michael Jackson,f27ec8db-af05-4f36-916e-3d57f91ecf5e,US,Person,1958,lyricist,-1
Michael Jackson,f27ec8db-af05-4f36-916e-3d57f91ecf5e,US,Person,1958,ballad,1
Michael Jackson,f27ec8db-af05-4f36-916e-3d57f91ecf5e,US,Person,1958,dance-pop,20
Michael Jackson,f27ec8db-af05-4f36-916e-3d57f91ecf5e,US,Person,1958,pop rock,3
Michael Jackson,f27ec8db-af05-4f36-916e-3d57f91ecf5e,US,Person,1958,pop rap,1
Michael Jackson,f27ec8db-af05-4f36-916e-3d57f91ecf5e,US,Person,1958,boogie,1
Michael Jackson,f27ec8db-af05-4f36-916e-3d57f91ecf5e,US,Person,1958,rhythm and blues,-1
Michael Jackson,f27ec8db-af05-4f36-916e-3d57f91ecf5e,US,Person,1958,new jack swing,3
Michael Jackson,f27ec8db-af05-4f36-916e-3d57f91ecf5e,US,Person,1958,folk pop,0
Michael Jackson,f27ec8db-af05-4f36-916e-3d57f91ecf5e,US,Person,1958,parolier,-1
Michael Jackson,f27ec8db-af05-4f36-916e-3d57f91ecf5e,US,Person,1958,chanteur,-1
Michael Jackson,f27ec8db-af05-4f36-916e-3d57f91ecf5e,US,Person,1958,compositeur,-1
Michael Jackson,f27ec8db-af05-4f36-916e-3d57f91ecf5e,US,Person,1958,motown,0
Michael Jackson,f27ec8db-af05-4f36-916e-3d57f91ecf5e,US,Person,1958,michael jackson,1
Michael Jackson,f27ec8db-af05-4f36-916e-3d57f91ecf5e,US,Person,1958,classic pop and rock,-1
Michael Jackson,f27ec8db-af05-4f36-916e-3d57f91ecf5e,US,Person,1958,cool,-1
Michael Jackson,f27ec8db-af05-4f36-916e-3d57f91ecf5e,US,Person,1958,united states,-1
Michael Jackson,f27ec8db-af05-4f36-916e-3d57f91ecf5e,US,Person,1958,pop soul,9
Michael Jackson,f27ec8db-af05-4f36-916e-3d57f91ecf5e,US,Person,1958,michael-jackson,-1
Michael Jackson,f27ec8db-af05-4f36-916e-3d57f91ecf5e,US,Person,1958,contemporary rnb,-1
Michael Jackson,f27ec8db-af05-4f36-916e-3d57f91ecf5e,US,Person,1958,post-disco,3
Michael Jackson,f27ec8db-af05-4f36-916e-3d57f91ecf5e,US,Person,1958,r&b,4
Michael Jackson,f27ec8db-af05-4f36-916e-3d57f91ecf5e,US,Person,1958,contemporary r&b,17
Michael Jackson,f27ec8db-af05-4f36-916e-3d57f91ecf5e,US,Person,1958,death by drug overdose,0
Michael Jackson,f27ec8db-af05-4f36-916e-3d57f91ecf5e,US,Person,1958,cultural icon,0
Doja Cat,5df62a88-cac9-490a-b62c-c7c88f4020f4,US,Person,1995,rock,1
Doja Cat,5df62a88-cac9-490a-b62c-c7c88f4020f4,US,Person,1995,pop,3
Doja Cat,5df62a88-cac9-490a-b62c-c7c88f4020f4,US,Person,1995,alternative rock,1
Doja Cat,5df62a88-cac9-490a-b62c-c7c88f4020f4,US,Person,1995,rap,1
Doja Cat,5df62a88-cac9-490a-b62c-c7c88f4020f4,US,Person,1995,grunge,1
Doja Cat,5df62a88-cac9-490a-b62c-c7c88f4020f4,US,Person,1995,hip hop,4
Doja Cat,5df62a88-cac9-490a-b62c-c7c88f4020f4,US,Person,1995,power pop,1
Doja Cat,5df62a88-cac9-490a-b62c-c7c88f4020f4,US,Person,1995,post-grunge,1
Doja Cat,5df62a88-cac9-490a-b62c-c7c88f4020f4,US,Person,1995,pop rap,3
Doja Cat,5df62a88-cac9-490a-b62c-c7c88f4020f4,US,Person,1995,west coast hip hop,3
Doja Cat,5df62a88-cac9-490a-b62c-c7c88f4020f4,US,Person,1995,r&b,0
Doja Cat,5df62a88-cac9-490a-b62c-c7c88f4020f4,US,Person,1995,trap,1
Doja Cat,5df62a88-cac9-490a-b62c-c7c88f4020f4,US,Person,1995,2020s,1
Doja Cat,5df62a88-cac9-490a-b62c-c7c88f4020f4,US,Person,1995,nuno,1
The Weeknd,c8b03190-306c-4120-bb0b-6f2ebfc06ea9,CA,Person,1990,pop,2
The Weeknd,c8b03190-306c-4120-bb0b-6f2ebfc06ea9,CA,Person,1990,synth-pop,6
The Weeknd,c8b03190-306c-4120-bb0b-6f2ebfc06ea9,CA,Person,1990,rnb,0
The Weeknd,c8b03190-306c-4120-bb0b-6f2ebfc06ea9,CA,Person,1990,dance-pop,7
The Weeknd,c8b03190-306c-4120-bb0b-6f2ebfc06ea9,CA,Person,1990,hypnagogic pop,1
The Weeknd,c8b03190-306c-4120-bb0b-6f2ebfc06ea9,CA,Person,1990,r&b,13
The Weeknd,c8b03190-306c-4120-bb0b-6f2ebfc06ea9,CA,Person,1990,contemporary r&b,7
The Weeknd,c8b03190-306c-4120-bb0b-6f2ebfc06ea9,CA,Person,1990,2010s,3
The Weeknd,c8b03190-306c-4120-bb0b-6f2ebfc06ea9,CA,Person,1990,alternative r&b,7
The Weeknd,c8b03190-306c-4120-bb0b-6f2ebfc06ea9,CA,Person,1990,pbr&b,0
The Weeknd,c8b03190-306c-4120-bb0b-6f2ebfc06ea9,CA,Person,1990,2020s,3
Stephan Moccio,dd03ca01-e54a-4960-b1d0-5e7d7f0181e4,CA,Person,1972,classical crossover,1
Turnstile,7b748dac-f5ce-45a7-9b95-c1d8b5b013ed,US,Group,2010,pop,0
Turnstile,7b748dac-f5ce-45a7-9b95-c1d8b5b013ed,US,Group,2010,alternative rock,1
Turnstile,7b748dac-f5ce-45a7-9b95-c1d8b5b013ed,US,Group,2010,hardcore,2
Turnstile,7b748dac-f5ce-45a7-9b95-c1d8b5b013ed,US,Group,2010,punk,2
Turnstile,7b748dac-f5ce-45a7-9b95-c1d8b5b013ed,US,Group,2010,hardcore punk,6
Turnstile,7b748dac-f5ce-45a7-9b95-c1d8b5b013ed,US,Group,2010,post-hardcore,1
Turnstile,7b748dac-f5ce-45a7-9b95-c1d8b5b013ed,US,Group,2010,united states,0
Turnstile,7b748dac-f5ce-45a7-9b95-c1d8b5b013ed,US,Group,2010,groovy,0
Turnstile,7b748dac-f5ce-45a7-9b95-c1d8b5b013ed,US,Group,2010,punk metal,0
Turnstile,7b748dac-f5ce-45a7-9b95-c1d8b5b013ed,US,Group,2010,alternative/indie rock,0
Turnstile,7b748dac-f5ce-45a7-9b95-c1d8b5b013ed,US,Group,2010,beatdown hardcore,0
Turnstile,7b748dac-f5ce-45a7-9b95-c1d8b5b013ed,US,Group,2010,harsh vocals,1
Ebo Taylor,8b034085-b06d-4c42-9be3-d709be169d79,GH,Person,1936,funk,1
Ebo Taylor,8b034085-b06d-4c42-9be3-d709be169d79,GH,Person,1936,afrobeat,2
Ebo Taylor,8b034085-b06d-4c42-9be3-d709be169d79,GH,Person,1936,highlife,3
Ebo Taylor,8b034085-b06d-4c42-9be3-d709be169d79,GH,Person,1936,ghana,1
Ebo Taylor,8b034085-b06d-4c42-9be3-d709be169d79,GH,Person,1936,afrofunk,1
Ebo Taylor,8b034085-b06d-4c42-9be3-d709be169d79,GH,Person,1936,fela,1
TRIANGLE DES BERMUDES,038c37b7-ba3e-4f07-8530-53e0df78cdfe,,Group,,,0
Bad Bunny,89aa5ecb-59ad-46f5-b3eb-2d424e941f19,PR,Person,1994,pop,0
Bad Bunny,89aa5ecb-59ad-46f5-b3eb-2d424e941f19,PR,Person,1994,hip hop,1
Bad Bunny,89aa5ecb-59ad-46f5-b3eb-2d424e941f19,PR,Person,1994,spanish,0
Bad Bunny,89aa5ecb-59ad-46f5-b3eb-2d424e941f19,PR,Person,1994,latin,3
Bad Bunny,89aa5ecb-59ad-46f5-b3eb-2d424e941f19,PR,Person,1994,english,0
Bad Bunny,89aa5ecb-59ad-46f5-b3eb-2d424e941f19,PR,Person,1994,reggaeton,7
Bad Bunny,89aa5ecb-59ad-46f5-b3eb-2d424e941f19,PR,Person,1994,latin urban,0
Bad Bunny,89aa5ecb-59ad-46f5-b3eb-2d424e941f19,PR,Person,1994,latin trap,3
Bad Bunny,89aa5ecb-59ad-46f5-b3eb-2d424e941f19,PR,Person,1994,trap latino,5
Justin Timberlake,596ffa74-3d08-44ef-b113-765d43d12738,US,Person,1981,pop,7
Justin Timberlake,596ffa74-3d08-44ef-b113-765d43d12738,US,Person,1981,dance,1
Justin Timberlake,596ffa74-3d08-44ef-b113-765d43d12738,US,Person,1981,hip hop,1
Justin Timberlake,596ffa74-3d08-44ef-b113-765d43d12738,US,Person,1981,electropop,1
Justin Timberlake,596ffa74-3d08-44ef-b113-765d43d12738,US,Person,1981,disco,3
Justin Timberlake,596ffa74-3d08-44ef-b113-765d43d12738,US,Person,1981,2000s,1
Justin Timberlake,596ffa74-3d08-44ef-b113-765d43d12738,US,Person,1981,dance-pop,4
Justin Timberlake,596ffa74-3d08-44ef-b113-765d43d12738,US,Person,1981,boogie,1
Justin Timberlake,596ffa74-3d08-44ef-b113-765d43d12738,US,Person,1981,neo soul,1
Justin Timberlake,596ffa74-3d08-44ef-b113-765d43d12738,US,Person,1981,latin,1
Justin Timberlake,596ffa74-3d08-44ef-b113-765d43d12738,US,Person,1981,pop and chart,0
Justin Timberlake,596ffa74-3d08-44ef-b113-765d43d12738,US,Person,1981,teen pop,1
Justin Timberlake,596ffa74-3d08-44ef-b113-765d43d12738,US,Person,1981,r&b,4
Justin Timberlake,596ffa74-3d08-44ef-b113-765d43d12738,US,Person,1981,contemporary r&b,3
Justin Timberlake,596ffa74-3d08-44ef-b113-765d43d12738,US,Person,1981,synth funk,1
Tim Maia,446ac261-09ae-43f4-a7e1-2c753c0813ce,BR,Person,1942,singer-songwriter,0
Tim Maia,446ac261-09ae-43f4-a7e1-2c753c0813ce,BR,Person,1942,mpb,2
Tim Maia,446ac261-09ae-43f4-a7e1-2c753c0813ce,BR,Person,1942,funk,2
Tim Maia,446ac261-09ae-43f4-a7e1-2c753c0813ce,BR,Person,1942,soul,2
Tim Maia,446ac261-09ae-43f4-a7e1-2c753c0813ce,BR,Person,1942,disco,1
Tim Maia,446ac261-09ae-43f4-a7e1-2c753c0813ce,BR,Person,1942,bossa nova,2
Tim Maia,446ac261-09ae-43f4-a7e1-2c753c0813ce,BR,Person,1942,singers,1
Tim Maia,446ac261-09ae-43f4-a7e1-2c753c0813ce,BR,Person,1942,r&b,2
Tim Maia,446ac261-09ae-43f4-a7e1-2c753c0813ce,BR,Person,1942,baião,0
Tim Maia,446ac261-09ae-43f4-a7e1-2c753c0813ce,BR,Person,1942,samba rock,1
Tim Maia,446ac261-09ae-43f4-a7e1-2c753c0813ce,BR,Person,1942,samba soul,0
Tim Maia,446ac261-09ae-43f4-a7e1-2c753c0813ce,BR,Person,1942,samba funk,1
STELLA LEFTY,e881b225-42b1-41d9-9d5e-eff55568585b,US,Person,2002,indie pop,1
STELLA LEFTY,e881b225-42b1-41d9-9d5e-eff55568585b,US,Person,2002,indie folk,1
STELLA LEFTY,e881b225-42b1-41d9-9d5e-eff55568585b,US,Person,2002,country pop,1
Luke Combs,c20ee61f-071f-4e65-9c81-45ee931a54ce,US,Person,1990,country,2
Luke Combs,c20ee61f-071f-4e65-9c81-45ee931a54ce,US,Person,1990,2010s,1
Luke Combs,c20ee61f-071f-4e65-9c81-45ee931a54ce,US,Person,1990,2020s,1
Bruce Springsteen,70248960-cb53-4ea4-943a-edb18f7d336f,US,Person,1949,rock,18
Bruce Springsteen,70248960-cb53-4ea4-943a-edb18f7d336f,US,Person,1949,folk,4
Bruce Springsteen,70248960-cb53-4ea4-943a-edb18f7d336f,US,Person,1949,cotm,1
Bruce Springsteen,70248960-cb53-4ea4-943a-edb18f7d336f,US,Person,1949,american,4
Bruce Springsteen,70248960-cb53-4ea4-943a-edb18f7d336f,US,Person,1949,singer-songwriter,7
Bruce Springsteen,70248960-cb53-4ea4-943a-edb18f7d336f,US,Person,1949,usa,3
Bruce Springsteen,70248960-cb53-4ea4-943a-edb18f7d336f,US,Person,1949,folk rock,1
Bruce Springsteen,70248960-cb53-4ea4-943a-edb18f7d336f,US,Person,1949,americana,8
Bruce Springsteen,70248960-cb53-4ea4-943a-edb18f7d336f,US,Person,1949,américain,1
Bruce Springsteen,70248960-cb53-4ea4-943a-edb18f7d336f,US,Person,1949,classic rock,1
Bruce Springsteen,70248960-cb53-4ea4-943a-edb18f7d336f,US,Person,1949,soft rock,1
Bruce Springsteen,70248960-cb53-4ea4-943a-edb18f7d336f,US,Person,1949,pop rock,4
Bruce Springsteen,70248960-cb53-4ea4-943a-edb18f7d336f,US,Person,1949,contemporary folk,3
Bruce Springsteen,70248960-cb53-4ea4-943a-edb18f7d336f,US,Person,1949,rock and roll,3
Bruce Springsteen,70248960-cb53-4ea4-943a-edb18f7d336f,US,Person,1949,heartland rock,13
Bruce Springsteen,70248960-cb53-4ea4-943a-edb18f7d336f,US,Person,1949,english,2
Bruce Springsteen,70248960-cb53-4ea4-943a-edb18f7d336f,US,Person,1949,aor,3
Bruce Springsteen,70248960-cb53-4ea4-943a-edb18f7d336f,US,Person,1949,classic pop and rock,1
Bruce Springsteen,70248960-cb53-4ea4-943a-edb18f7d336f,US,Person,1949,alternative folk,1
Bruce Springsteen,70248960-cb53-4ea4-943a-edb18f7d336f,US,Person,1949,grammy winner,2
Bruce Springsteen,70248960-cb53-4ea4-943a-edb18f7d336f,US,Person,1949,singer/songwriter,2
Bruce Springsteen,70248960-cb53-4ea4-943a-edb18f7d336f,US,Person,1949,pop/rock,1
Bruce Springsteen,70248960-cb53-4ea4-943a-edb18f7d336f,US,Person,1949,englisch,0
Bruce Springsteen,70248960-cb53-4ea4-943a-edb18f7d336f,US,Person,1949,swinger-songwriter,1
Bruce Springsteen,70248960-cb53-4ea4-943a-edb18f7d336f,US,Person,1949,messiah of rock and roll,1
Bruce Springsteen,70248960-cb53-4ea4-943a-edb18f7d336f,US,Person,1949,big music,2
Bruce Springsteen,70248960-cb53-4ea4-943a-edb18f7d336f,US,Person,1949,estados unidos,2
Bruce Springsteen,70248960-cb53-4ea4-943a-edb18f7d336f,US,Person,1949,vyrzukhisuc-artiest,2
Shaboozey,0b427dad-1ee5-48f1-aa4b-026680a3338e,US,Person,1995,hip hop,2
Shaboozey,0b427dad-1ee5-48f1-aa4b-026680a3338e,US,Person,1995,country,3
Shaboozey,0b427dad-1ee5-48f1-aa4b-026680a3338e,US,Person,1995,country pop,2
Shaboozey,0b427dad-1ee5-48f1-aa4b-026680a3338e,US,Person,1995,stomp and holler,1
Whitney Houston,0307edfc-437c-4b48-8700-80680e66a228,US,Person,1963,pop,5
Whitney Houston,0307edfc-437c-4b48-8700-80680e66a228,US,Person,1963,dance,1
Whitney Houston,0307edfc-437c-4b48-8700-80680e66a228,US,Person,1963,easy listening,1
Whitney Houston,0307edfc-437c-4b48-8700-80680e66a228,US,Person,1963,soul,3
Whitney Houston,0307edfc-437c-4b48-8700-80680e66a228,US,Person,1963,synth-pop,1
Whitney Houston,0307edfc-437c-4b48-8700-80680e66a228,US,Person,1963,disco,1
Whitney Houston,0307edfc-437c-4b48-8700-80680e66a228,US,Person,1963,dance-pop,3
Whitney Houston,0307edfc-437c-4b48-8700-80680e66a228,US,Person,1963,adult contemporary,2
Whitney Houston,0307edfc-437c-4b48-8700-80680e66a228,US,Person,1963,quiet storm,2
Whitney Houston,0307edfc-437c-4b48-8700-80680e66a228,US,Person,1963,new jack swing,0
Whitney Houston,0307edfc-437c-4b48-8700-80680e66a228,US,Person,1963,urban contemporary,1
Whitney Houston,0307edfc-437c-4b48-8700-80680e66a228,US,Person,1963,soul and reggae,0
Whitney Houston,0307edfc-437c-4b48-8700-80680e66a228,US,Person,1963,gospel music,1
Whitney Houston,0307edfc-437c-4b48-8700-80680e66a228,US,Person,1963,pop soul,3
Whitney Houston,0307edfc-437c-4b48-8700-80680e66a228,US,Person,1963,death by drowning,0
Whitney Houston,0307edfc-437c-4b48-8700-80680e66a228,US,Person,1963,r&b,3
Whitney Houston,0307edfc-437c-4b48-8700-80680e66a228,US,Person,1963,contemporary r&b,6
Whitney Houston,0307edfc-437c-4b48-8700-80680e66a228,US,Person,1963,adult contemporary r&b,1
Whitney Houston,0307edfc-437c-4b48-8700-80680e66a228,US,Person,1963,o happy day,0
Nate Smith,a1652aa0-8fae-4f6b-b914-6ab6a1291fdd,US,Person,1985,country,1
Marshmello,301b45a4-b8b9-410e-8344-4b4eaf96691a,US,Person,1992,hip hop,2
Marshmello,301b45a4-b8b9-410e-8344-4b4eaf96691a,US,Person,1992,progressive house,2
Marshmello,301b45a4-b8b9-410e-8344-4b4eaf96691a,US,Person,1992,english,1
Marshmello,301b45a4-b8b9-410e-8344-4b4eaf96691a,US,Person,1992,edm,3
Marshmello,301b45a4-b8b9-410e-8344-4b4eaf96691a,US,Person,1992,independent artist,0
Marshmello,301b45a4-b8b9-410e-8344-4b4eaf96691a,US,Person,1992,trap edm,1
Marshmello,301b45a4-b8b9-410e-8344-4b4eaf96691a,US,Person,1992,future bass,3
Post Malone,b1e26560-60e5-4236-bbdb-9aa5a8d5ee19,US,Person,1995,hip hop,5
Post Malone,b1e26560-60e5-4236-bbdb-9aa5a8d5ee19,US,Person,1995,country,1
Post Malone,b1e26560-60e5-4236-bbdb-9aa5a8d5ee19,US,Person,1995,pop rap,3
Post Malone,b1e26560-60e5-4236-bbdb-9aa5a8d5ee19,US,Person,1995,english,1
Post Malone,b1e26560-60e5-4236-bbdb-9aa5a8d5ee19,US,Person,1995,r&b,1
Post Malone,b1e26560-60e5-4236-bbdb-9aa5a8d5ee19,US,Person,1995,contemporary r&b,1
Post Malone,b1e26560-60e5-4236-bbdb-9aa5a8d5ee19,US,Person,1995,2010s,1
Post Malone,b1e26560-60e5-4236-bbdb-9aa5a8d5ee19,US,Person,1995,alternative r&b,1
Post Malone,b1e26560-60e5-4236-bbdb-9aa5a8d5ee19,US,Person,1995,trap,2
Post Malone,b1e26560-60e5-4236-bbdb-9aa5a8d5ee19,US,Person,1995,cloud rap,1
Post Malone,b1e26560-60e5-4236-bbdb-9aa5a8d5ee19,US,Person,1995,2020s,1
Beele,575ca0a7-c35a-4bd3-bbfc-044007922216,CO,Person,2003,latin,1
Beele,575ca0a7-c35a-4bd3-bbfc-044007922216,CO,Person,2003,reggaeton,1
Beele,575ca0a7-c35a-4bd3-bbfc-044007922216,CO,Person,2003,trap latino,1
Taj Mahal,4f48167c-29b8-4bde-a749-6803ce0a3922,US,Person,1942,folk,1
Taj Mahal,4f48167c-29b8-4bde-a749-6803ce0a3922,US,Person,1942,blues,6
Taj Mahal,4f48167c-29b8-4bde-a749-6803ce0a3922,US,Person,1942,blues rock,5
Taj Mahal,4f48167c-29b8-4bde-a749-6803ce0a3922,US,Person,1942,contemporary folk,1
Taj Mahal,4f48167c-29b8-4bde-a749-6803ce0a3922,US,Person,1942,electric blues,1
Taj Mahal,4f48167c-29b8-4bde-a749-6803ce0a3922,US,Person,1942,country blues,1
Taj Mahal,4f48167c-29b8-4bde-a749-6803ce0a3922,US,Person,1942,acoustic blues,2
Disclosure,ae65c507-d9a0-4d42-9a6c-2b1f82158b9f,GB,Group,2010,rock,1
Disclosure,ae65c507-d9a0-4d42-9a6c-2b1f82158b9f,GB,Group,2010,trance,1
Disclosure,ae65c507-d9a0-4d42-9a6c-2b1f82158b9f,GB,Group,2010,electronic,3
Disclosure,ae65c507-d9a0-4d42-9a6c-2b1f82158b9f,GB,Group,2010,synthpop,0
Disclosure,ae65c507-d9a0-4d42-9a6c-2b1f82158b9f,GB,Group,2010,pop,1
Disclosure,ae65c507-d9a0-4d42-9a6c-2b1f82158b9f,GB,Group,2010,drum and bass,1
Disclosure,ae65c507-d9a0-4d42-9a6c-2b1f82158b9f,GB,Group,2010,dubstep,1
Disclosure,ae65c507-d9a0-4d42-9a6c-2b1f82158b9f,GB,Group,2010,dance,1
Disclosure,ae65c507-d9a0-4d42-9a6c-2b1f82158b9f,GB,Group,2010,house,4
Disclosure,ae65c507-d9a0-4d42-9a6c-2b1f82158b9f,GB,Group,2010,bass,1
Disclosure,ae65c507-d9a0-4d42-9a6c-2b1f82158b9f,GB,Group,2010,deep house,1
Disclosure,ae65c507-d9a0-4d42-9a6c-2b1f82158b9f,GB,Group,2010,electronica,1
Disclosure,ae65c507-d9a0-4d42-9a6c-2b1f82158b9f,GB,Group,2010,breakbeat,1
Disclosure,ae65c507-d9a0-4d42-9a6c-2b1f82158b9f,GB,Group,2010,disco,1
Disclosure,ae65c507-d9a0-4d42-9a6c-2b1f82158b9f,GB,Group,2010,breaks,1
Disclosure,ae65c507-d9a0-4d42-9a6c-2b1f82158b9f,GB,Group,2010,tech house,1
Disclosure,ae65c507-d9a0-4d42-9a6c-2b1f82158b9f,GB,Group,2010,dance-pop,1
Disclosure,ae65c507-d9a0-4d42-9a6c-2b1f82158b9f,GB,Group,2010,uk garage,4
Disclosure,ae65c507-d9a0-4d42-9a6c-2b1f82158b9f,GB,Group,2010,club,1
Disclosure,ae65c507-d9a0-4d42-9a6c-2b1f82158b9f,GB,Group,2010,garage,1
Disclosure,ae65c507-d9a0-4d42-9a6c-2b1f82158b9f,GB,Group,2010,edm,1
Disclosure,ae65c507-d9a0-4d42-9a6c-2b1f82158b9f,GB,Group,2010,bassline,1
Disclosure,ae65c507-d9a0-4d42-9a6c-2b1f82158b9f,GB,Group,2010,uk funky,1
Disclosure,ae65c507-d9a0-4d42-9a6c-2b1f82158b9f,GB,Group,2010,future garage,3
Disclosure,ae65c507-d9a0-4d42-9a6c-2b1f82158b9f,GB,Group,2010,house music,1
Disclosure,ae65c507-d9a0-4d42-9a6c-2b1f82158b9f,GB,Group,2010,afro house,1
Disclosure,ae65c507-d9a0-4d42-9a6c-2b1f82158b9f,GB,Group,2010,melodic techno,1
Disclosure,ae65c507-d9a0-4d42-9a6c-2b1f82158b9f,GB,Group,2010,bass house,1
Disclosure,ae65c507-d9a0-4d42-9a6c-2b1f82158b9f,GB,Group,2010,melodic house,1
SZA,272989c8-5535-492d-a25c-9f58803e027f,US,Person,1989,electronic,2
SZA,272989c8-5535-492d-a25c-9f58803e027f,US,Person,1989,pop,1
SZA,272989c8-5535-492d-a25c-9f58803e027f,US,Person,1989,american,1
SZA,272989c8-5535-492d-a25c-9f58803e027f,US,Person,1989,neo-soul,1
SZA,272989c8-5535-492d-a25c-9f58803e027f,US,Person,1989,soul,1
SZA,272989c8-5535-492d-a25c-9f58803e027f,US,Person,1989,rnb,1
SZA,272989c8-5535-492d-a25c-9f58803e027f,US,Person,1989,female vocals,1
SZA,272989c8-5535-492d-a25c-9f58803e027f,US,Person,1989,neo soul,1
SZA,272989c8-5535-492d-a25c-9f58803e027f,US,Person,1989,alternative rnb,1
SZA,272989c8-5535-492d-a25c-9f58803e027f,US,Person,1989,hip hop soul,1
SZA,272989c8-5535-492d-a25c-9f58803e027f,US,Person,1989,chillwave,0
SZA,272989c8-5535-492d-a25c-9f58803e027f,US,Person,1989,r&b,2
SZA,272989c8-5535-492d-a25c-9f58803e027f,US,Person,1989,contemporary r&b,3
SZA,272989c8-5535-492d-a25c-9f58803e027f,US,Person,1989,alternative r&b,1
Chris Brown,c234fa42-e6a6-443e-937e-2f4b073538a3,US,Person,1989,pop,7
Chris Brown,c234fa42-e6a6-443e-937e-2f4b073538a3,US,Person,1989,dance,2
Chris Brown,c234fa42-e6a6-443e-937e-2f4b073538a3,US,Person,1989,american,0
Chris Brown,c234fa42-e6a6-443e-937e-2f4b073538a3,US,Person,1989,hip-hop,0
Chris Brown,c234fa42-e6a6-443e-937e-2f4b073538a3,US,Person,1989,hip hop,2
Chris Brown,c234fa42-e6a6-443e-937e-2f4b073538a3,US,Person,1989,electropop,2
Chris Brown,c234fa42-e6a6-443e-937e-2f4b073538a3,US,Person,1989,rnb,0
Chris Brown,c234fa42-e6a6-443e-937e-2f4b073538a3,US,Person,1989,2000s,2
Chris Brown,c234fa42-e6a6-443e-937e-2f4b073538a3,US,Person,1989,dance-pop,0
Chris Brown,c234fa42-e6a6-443e-937e-2f4b073538a3,US,Person,1989,pop rap,0
Chris Brown,c234fa42-e6a6-443e-937e-2f4b073538a3,US,Person,1989,electro house,2
Chris Brown,c234fa42-e6a6-443e-937e-2f4b073538a3,US,Person,1989,hip hop rnb and dance hall,0
Chris Brown,c234fa42-e6a6-443e-937e-2f4b073538a3,US,Person,1989,r&b,3
Chris Brown,c234fa42-e6a6-443e-937e-2f4b073538a3,US,Person,1989,contemporary r&b,6
Chris Brown,c234fa42-e6a6-443e-937e-2f4b073538a3,US,Person,1989,2010s,2
Chris Brown,c234fa42-e6a6-443e-937e-2f4b073538a3,US,Person,1989,ya man ain't me (produced by the.mp3,0
Chris Brown,c234fa42-e6a6-443e-937e-2f4b073538a3,US,Person,1989,trap,1
Chris Brown,c234fa42-e6a6-443e-937e-2f4b073538a3,US,Person,1989,wifebeater,-1
Chris Brown,c234fa42-e6a6-443e-937e-2f4b073538a3,US,Person,1989,abuser,-1
Chris Brown,c234fa42-e6a6-443e-937e-2f4b073538a3,US,Person,1989,misogynist,0
Chris Brown,c234fa42-e6a6-443e-937e-2f4b073538a3,US,Person,1989,_blacklist,0
Chris Brown,c234fa42-e6a6-443e-937e-2f4b073538a3,US,Person,1989,relic inn,0
Chris Brown,c234fa42-e6a6-443e-937e-2f4b073538a3,US,Person,1989,anti vax,0
Durand Bernarr,dc346e8d-b930-4878-b0f7-7e50e197388f,,Person,1988,vocalist,1
Durand Bernarr,dc346e8d-b930-4878-b0f7-7e50e197388f,,Person,1988,eclectic,1
Durand Bernarr,dc346e8d-b930-4878-b0f7-7e50e197388f,,Person,1988,queer,2
Durand Bernarr,dc346e8d-b930-4878-b0f7-7e50e197388f,,Person,1988,r&b,1
Etta James,e22d2f66-881e-41ca-9356-544697ee5f90,US,Person,1938,jazz,4
Etta James,e22d2f66-881e-41ca-9356-544697ee5f90,US,Person,1938,american,0
Etta James,e22d2f66-881e-41ca-9356-544697ee5f90,US,Person,1938,blues,7
Etta James,e22d2f66-881e-41ca-9356-544697ee5f90,US,Person,1938,funk,1
Etta James,e22d2f66-881e-41ca-9356-544697ee5f90,US,Person,1938,soul,9
Etta James,e22d2f66-881e-41ca-9356-544697ee5f90,US,Person,1938,rnb,0
Etta James,e22d2f66-881e-41ca-9356-544697ee5f90,US,Person,1938,blues rock,1
Etta James,e22d2f66-881e-41ca-9356-544697ee5f90,US,Person,1938,southern soul,1
Etta James,e22d2f66-881e-41ca-9356-544697ee5f90,US,Person,1938,soul blues,1
Etta James,e22d2f66-881e-41ca-9356-544697ee5f90,US,Person,1938,classic pop and rock,0
Etta James,e22d2f66-881e-41ca-9356-544697ee5f90,US,Person,1938,rhythm & blues,2
Etta James,e22d2f66-881e-41ca-9356-544697ee5f90,US,Person,1938,groove me,0
Etta James,e22d2f66-881e-41ca-9356-544697ee5f90,US,Person,1938,2008 universal fire victim,1
Etta James,e22d2f66-881e-41ca-9356-544697ee5f90,US,Person,1938,favoritos,1
Bonnie Raitt,0f0da09c-3940-4cb5-879f-4cea28907810,US,Person,1949,rock,4
Bonnie Raitt,0f0da09c-3940-4cb5-879f-4cea28907810,US,Person,1949,folk,1
Bonnie Raitt,0f0da09c-3940-4cb5-879f-4cea28907810,US,Person,1949,singer-songwriter,1
Bonnie Raitt,0f0da09c-3940-4cb5-879f-4cea28907810,US,Person,1949,blues rock,5
Bonnie Raitt,0f0da09c-3940-4cb5-879f-4cea28907810,US,Person,1949,soft rock,1
Bonnie Raitt,0f0da09c-3940-4cb5-879f-4cea28907810,US,Person,1949,adult contemporary,2
Bonnie Raitt,0f0da09c-3940-4cb5-879f-4cea28907810,US,Person,1949,pop rock,1
Bonnie Raitt,0f0da09c-3940-4cb5-879f-4cea28907810,US,Person,1949,blue-eyed soul,1
Bonnie Raitt,0f0da09c-3940-4cb5-879f-4cea28907810,US,Person,1949,rock and indie,0
Bonnie Raitt,0f0da09c-3940-4cb5-879f-4cea28907810,US,Person,1949,singer/songwriter,1
Desmond Dekker,8ac5bea6-3a62-4e28-9df7-03f24d4c06fc,JM,Person,1941,ska,3
Desmond Dekker,8ac5bea6-3a62-4e28-9df7-03f24d4c06fc,JM,Person,1941,reggae,2
Desmond Dekker,8ac5bea6-3a62-4e28-9df7-03f24d4c06fc,JM,Person,1941,jamaican,1
Desmond Dekker,8ac5bea6-3a62-4e28-9df7-03f24d4c06fc,JM,Person,1941,rocksteady,2
Desmond Dekker,8ac5bea6-3a62-4e28-9df7-03f24d4c06fc,JM,Person,1941,rock and indie,1
Desmond Dekker,8ac5bea6-3a62-4e28-9df7-03f24d4c06fc,JM,Person,1941,death by heart attack,-1
Desmond Dekker,8ac5bea6-3a62-4e28-9df7-03f24d4c06fc,JM,Person,1941,israelites,1
Barrington Levy,8ddf3da1-dfa9-490a-93cc-7d4072319995,JM,Person,1964,reggae,2
Barrington Levy,8ddf3da1-dfa9-490a-93cc-7d4072319995,JM,Person,1964,dancehall,2
Barrington Levy,8ddf3da1-dfa9-490a-93cc-7d4072319995,JM,Person,1964,classic pop and rock,2
Wailing Souls,f28a0e2e-d469-4f9d-8080-f5548fc1a239,JM,Group,1968,reggae,3
Wailing Souls,f28a0e2e-d469-4f9d-8080-f5548fc1a239,JM,Group,1968,roots reggae,1
Wailing Souls,f28a0e2e-d469-4f9d-8080-f5548fc1a239,JM,Group,1968,rocksteady,1
Wailing Souls,f28a0e2e-d469-4f9d-8080-f5548fc1a239,JM,Group,1968,pop reggae,1
Dennis Brown,24c0aaf3-4ac2-4f9a-9ce6-a1545a96f017,JM,Person,1957,reggae,3
Dennis Brown,24c0aaf3-4ac2-4f9a-9ce6-a1545a96f017,JM,Person,1957,rock and indie,0
Dennis Brown,24c0aaf3-4ac2-4f9a-9ce6-a1545a96f017,JM,Person,1957,lovers rock,2
Dennis Brown,24c0aaf3-4ac2-4f9a-9ce6-a1545a96f017,JM,Person,1957,need_cleanup,0
Phyllis Dillon,95810456-566a-4bd9-a67f-f77de775b55f,JM,Person,1944,,0
Bad Omens,eecada09-acfc-472d-ae55-e9e5a43f12d8,US,Group,2015,heavy metal,1
Bad Omens,eecada09-acfc-472d-ae55-e9e5a43f12d8,US,Group,2015,metal,1
Bad Omens,eecada09-acfc-472d-ae55-e9e5a43f12d8,US,Group,2015,metalcore,6
Bad Omens,eecada09-acfc-472d-ae55-e9e5a43f12d8,US,Group,2015,alternative metal,4
Bad Omens,eecada09-acfc-472d-ae55-e9e5a43f12d8,US,Group,2015,post-hardcore,1
Bad Omens,eecada09-acfc-472d-ae55-e9e5a43f12d8,US,Group,2015,melodic metalcore,0
Orchestra Baobab,30331c85-26d4-4daa-9f66-3075cac4c20b,SN,Group,1970,world,1
Orchestra Baobab,30331c85-26d4-4daa-9f66-3075cac4c20b,SN,Group,1970,afro-cuban,1
Marijata,09435962-d4bf-4b99-bec1-44c1d82a845c,GH,Group,,afrobeat,1
Marijata,09435962-d4bf-4b99-bec1-44c1d82a845c,GH,Group,,highlife,1
Bluey,22d4b1fc-8bbf-41c2-9d0c-705ff8dd8d58,GB,Person,1957,funk,1
Danny Go!,6a5f8157-ae43-45fe-a58c-a1899e48d65f,US,Person,,,0
Leslie Odom Jr.,36f83895-5a69-47c1-a4a2-e2449acbf64a,US,Person,1981,,0
The Clash,8f92558c-2baa-4758-8c38-615519e9deda,GB,Group,1976,rock,2
The Clash,8f92558c-2baa-4758-8c38-615519e9deda,GB,Group,1976,punk,7
The Clash,8f92558c-2baa-4758-8c38-615519e9deda,GB,Group,1976,punk rock,23
The Clash,8f92558c-2baa-4758-8c38-615519e9deda,GB,Group,1976,british,5
The Clash,8f92558c-2baa-4758-8c38-615519e9deda,GB,Group,1976,post-punk,9
The Clash,8f92558c-2baa-4758-8c38-615519e9deda,GB,Group,1976,new wave,8
The Clash,8f92558c-2baa-4758-8c38-615519e9deda,GB,Group,1976,uk,1
The Clash,8f92558c-2baa-4758-8c38-615519e9deda,GB,Group,1976,funk,1
The Clash,8f92558c-2baa-4758-8c38-615519e9deda,GB,Group,1976,reggae rock,2
The Clash,8f92558c-2baa-4758-8c38-615519e9deda,GB,Group,1976,english,1
The Clash,8f92558c-2baa-4758-8c38-615519e9deda,GB,Group,1976,dance-punk,10
The Clash,8f92558c-2baa-4758-8c38-615519e9deda,GB,Group,1976,england,0
The Clash,8f92558c-2baa-4758-8c38-615519e9deda,GB,Group,1976,classic pop and rock,1
The Clash,8f92558c-2baa-4758-8c38-615519e9deda,GB,Group,1976,server name,0
The Clash,8f92558c-2baa-4758-8c38-615519e9deda,GB,Group,1976,reino unido,2
Lainey Wilson,a6e613d6-ff65-4972-beff-303a1b10ab05,US,Person,1992,country,2
Megan Moroney,9eb2030a-c311-4cbf-a8f2-c57a58aa18ce,US,Person,1997,country,3
Megan Moroney,9eb2030a-c311-4cbf-a8f2-c57a58aa18ce,US,Person,1997,contemporary country,1
Beyoncé,859d0860-d480-4efd-970c-c05d5f1776b8,US,Person,1981,pop,19
Beyoncé,859d0860-d480-4efd-970c-c05d5f1776b8,US,Person,1981,rap,0
Beyoncé,859d0860-d480-4efd-970c-c05d5f1776b8,US,Person,1981,dance,4
Beyoncé,859d0860-d480-4efd-970c-c05d5f1776b8,US,Person,1981,house,2
Beyoncé,859d0860-d480-4efd-970c-c05d5f1776b8,US,Person,1981,american,2
Beyoncé,859d0860-d480-4efd-970c-c05d5f1776b8,US,Person,1981,vocalist,3
Beyoncé,859d0860-d480-4efd-970c-c05d5f1776b8,US,Person,1981,singer-songwriter,2
Beyoncé,859d0860-d480-4efd-970c-c05d5f1776b8,US,Person,1981,hip hop,4
Beyoncé,859d0860-d480-4efd-970c-c05d5f1776b8,US,Person,1981,hard rock,-2
Beyoncé,859d0860-d480-4efd-970c-c05d5f1776b8,US,Person,1981,funk,1
Beyoncé,859d0860-d480-4efd-970c-c05d5f1776b8,US,Person,1981,country,2
Beyoncé,859d0860-d480-4efd-970c-c05d5f1776b8,US,Person,1981,bass,1
Beyoncé,859d0860-d480-4efd-970c-c05d5f1776b8,US,Person,1981,actress,0
Beyoncé,859d0860-d480-4efd-970c-c05d5f1776b8,US,Person,1981,soul,6
Beyoncé,859d0860-d480-4efd-970c-c05d5f1776b8,US,Person,1981,electropop,1
Beyoncé,859d0860-d480-4efd-970c-c05d5f1776b8,US,Person,1981,disco,2
Beyoncé,859d0860-d480-4efd-970c-c05d5f1776b8,US,Person,1981,rnb,-2
Beyoncé,859d0860-d480-4efd-970c-c05d5f1776b8,US,Person,1981,pianist,1
Beyoncé,859d0860-d480-4efd-970c-c05d5f1776b8,US,Person,1981,americana,1
Beyoncé,859d0860-d480-4efd-970c-c05d5f1776b8,US,Person,1981,director,0
Beyoncé,859d0860-d480-4efd-970c-c05d5f1776b8,US,Person,1981,southern hip hop,1
Beyoncé,859d0860-d480-4efd-970c-c05d5f1776b8,US,Person,1981,icon,0
Beyoncé,859d0860-d480-4efd-970c-c05d5f1776b8,US,Person,1981,2000s,3
Beyoncé,859d0860-d480-4efd-970c-c05d5f1776b8,US,Person,1981,dance-pop,5
Beyoncé,859d0860-d480-4efd-970c-c05d5f1776b8,US,Person,1981,adult contemporary,2
Beyoncé,859d0860-d480-4efd-970c-c05d5f1776b8,US,Person,1981,pop rock,0
Beyoncé,859d0860-d480-4efd-970c-c05d5f1776b8,US,Person,1981,pop rap,8
Beyoncé,859d0860-d480-4efd-970c-c05d5f1776b8,US,Person,1981,neo soul,1
Beyoncé,859d0860-d480-4efd-970c-c05d5f1776b8,US,Person,1981,progressive house,1
Beyoncé,859d0860-d480-4efd-970c-c05d5f1776b8,US,Person,1981,club,1
Beyoncé,859d0860-d480-4efd-970c-c05d5f1776b8,US,Person,1981,dancer,2
Beyoncé,859d0860-d480-4efd-970c-c05d5f1776b8,US,Person,1981,hip hop rnb and dance hall,-3
Beyoncé,859d0860-d480-4efd-970c-c05d5f1776b8,US,Person,1981,hip hop soul,1
Beyoncé,859d0860-d480-4efd-970c-c05d5f1776b8,US,Person,1981,contemporary country,1
Beyoncé,859d0860-d480-4efd-970c-c05d5f1776b8,US,Person,1981,teen pop,2
Beyoncé,859d0860-d480-4efd-970c-c05d5f1776b8,US,Person,1981,pop soul,2
Beyoncé,859d0860-d480-4efd-970c-c05d5f1776b8,US,Person,1981,sxsw,1
Beyoncé,859d0860-d480-4efd-970c-c05d5f1776b8,US,Person,1981,top 100,1
Beyoncé,859d0860-d480-4efd-970c-c05d5f1776b8,US,Person,1981,grammy winner,3
Beyoncé,859d0860-d480-4efd-970c-c05d5f1776b8,US,Person,1981,r&b,15
Beyoncé,859d0860-d480-4efd-970c-c05d5f1776b8,US,Person,1981,singer/songwriter,0
Beyoncé,859d0860-d480-4efd-970c-c05d5f1776b8,US,Person,1981,contemporary r&b,8
Beyoncé,859d0860-d480-4efd-970c-c05d5f1776b8,US,Person,1981,2010s,3
Beyoncé,859d0860-d480-4efd-970c-c05d5f1776b8,US,Person,1981,mbs-333,-1
Beyoncé,859d0860-d480-4efd-970c-c05d5f1776b8,US,Person,1981,art pop,0
Beyoncé,859d0860-d480-4efd-970c-c05d5f1776b8,US,Person,1981,alternative r&b,2
Beyoncé,859d0860-d480-4efd-970c-c05d5f1776b8,US,Person,1981,moombahton,0
Beyoncé,859d0860-d480-4efd-970c-c05d5f1776b8,US,Person,1981,trap,2
Beyoncé,859d0860-d480-4efd-970c-c05d5f1776b8,US,Person,1981,slim thug,1
Beyoncé,859d0860-d480-4efd-970c-c05d5f1776b8,US,Person,1981,contemporary pop,-2
Beyoncé,859d0860-d480-4efd-970c-c05d5f1776b8,US,Person,1981,future bass,1
Beyoncé,859d0860-d480-4efd-970c-c05d5f1776b8,US,Person,1981,top 10,1
Beyoncé,859d0860-d480-4efd-970c-c05d5f1776b8,US,Person,1981,texas rapper,1
Beyoncé,859d0860-d480-4efd-970c-c05d5f1776b8,US,Person,1981,2020s,3
Beyoncé,859d0860-d480-4efd-970c-c05d5f1776b8,US,Person,1981,texas music,1
Beyoncé,859d0860-d480-4efd-970c-c05d5f1776b8,US,Person,1981,nuno,0
Beyoncé,859d0860-d480-4efd-970c-c05d5f1776b8,US,Person,1981,cultural icon,2
Beyoncé,859d0860-d480-4efd-970c-c05d5f1776b8,US,Person,1981,businesswoman,-1
Beyoncé,859d0860-d480-4efd-970c-c05d5f1776b8,US,Person,1981,philanthropist,-1
Beyoncé,859d0860-d480-4efd-970c-c05d5f1776b8,US,Person,1981,houston texas music,1
Beyoncé,859d0860-d480-4efd-970c-c05d5f1776b8,US,Person,1981,best female artist,1
Beyoncé,859d0860-d480-4efd-970c-c05d5f1776b8,US,Person,1981,top 5,1
Beyoncé,859d0860-d480-4efd-970c-c05d5f1776b8,US,Person,1981,best female emcee,1
Beyoncé,859d0860-d480-4efd-970c-c05d5f1776b8,US,Person,1981,best female rapper,1
sombr,502cf908-9921-48bc-bf0e-265c881c0156,US,Person,2005,indie pop,1
sombr,502cf908-9921-48bc-bf0e-265c881c0156,US,Person,2005,pop rock,1
sombr,502cf908-9921-48bc-bf0e-265c881c0156,US,Person,2005,2020s,1
sombr,502cf908-9921-48bc-bf0e-265c881c0156,US,Person,2005,gen z,1
Riley Green,d8c85c0e-ad88-47a7-a1df-b70608c2f52f,US,Person,1988,,0
Van Halen,b665b768-0d83-4363-950c-31ed39317c15,US,Group,1972,rock,5
Van Halen,b665b768-0d83-4363-950c-31ed39317c15,US,Group,1972,hard rock,15
Van Halen,b665b768-0d83-4363-950c-31ed39317c15,US,Group,1972,glam rock,-1
Van Halen,b665b768-0d83-4363-950c-31ed39317c15,US,Group,1972,pop rock,-2
Van Halen,b665b768-0d83-4363-950c-31ed39317c15,US,Group,1972,glam metal,2
Van Halen,b665b768-0d83-4363-950c-31ed39317c15,US,Group,1972,aor,-1
Van Halen,b665b768-0d83-4363-950c-31ed39317c15,US,Group,1972,classic pop and rock,-4
Van Halen,b665b768-0d83-4363-950c-31ed39317c15,US,Group,1972,pop/rock,-3
Van Halen,b665b768-0d83-4363-950c-31ed39317c15,US,Group,1972,van halen,-2
Van Halen,b665b768-0d83-4363-950c-31ed39317c15,US,Group,1972,jump,-4
Van Halen,b665b768-0d83-4363-950c-31ed39317c15,US,Group,1972,estados unidos,0
Billie Eilish,f4abc0b5-3f7a-4eff-8f78-ac078dbce533,US,Person,2001,electronic,1
Billie Eilish,f4abc0b5-3f7a-4eff-8f78-ac078dbce533,US,Person,2001,downtempo,0
Billie Eilish,f4abc0b5-3f7a-4eff-8f78-ac078dbce533,US,Person,2001,pop,9
Billie Eilish,f4abc0b5-3f7a-4eff-8f78-ac078dbce533,US,Person,2001,singer-songwriter,2
Billie Eilish,f4abc0b5-3f7a-4eff-8f78-ac078dbce533,US,Person,2001,usa,0
Billie Eilish,f4abc0b5-3f7a-4eff-8f78-ac078dbce533,US,Person,2001,electronica,1
Billie Eilish,f4abc0b5-3f7a-4eff-8f78-ac078dbce533,US,Person,2001,alternative,1
Billie Eilish,f4abc0b5-3f7a-4eff-8f78-ac078dbce533,US,Person,2001,electropop,12
Billie Eilish,f4abc0b5-3f7a-4eff-8f78-ac078dbce533,US,Person,2001,lo-fi,0
Billie Eilish,f4abc0b5-3f7a-4eff-8f78-ac078dbce533,US,Person,2001,female vocals,1
Billie Eilish,f4abc0b5-3f7a-4eff-8f78-ac078dbce533,US,Person,2001,indie pop,3
Billie Eilish,f4abc0b5-3f7a-4eff-8f78-ac078dbce533,US,Person,2001,leftfield,0
Billie Eilish,f4abc0b5-3f7a-4eff-8f78-ac078dbce533,US,Person,2001,pop rock,1
Billie Eilish,f4abc0b5-3f7a-4eff-8f78-ac078dbce533,US,Person,2001,alternative pop,11
Billie Eilish,f4abc0b5-3f7a-4eff-8f78-ac078dbce533,US,Person,2001,english,0
Billie Eilish,f4abc0b5-3f7a-4eff-8f78-ac078dbce533,US,Person,2001,indietronica,0
Billie Eilish,f4abc0b5-3f7a-4eff-8f78-ac078dbce533,US,Person,2001,los angeles,0
Billie Eilish,f4abc0b5-3f7a-4eff-8f78-ac078dbce533,US,Person,2001,queer,1
Billie Eilish,f4abc0b5-3f7a-4eff-8f78-ac078dbce533,US,Person,2001,teen pop,0
Billie Eilish,f4abc0b5-3f7a-4eff-8f78-ac078dbce533,US,Person,2001,pop soul,1
Billie Eilish,f4abc0b5-3f7a-4eff-8f78-ac078dbce533,US,Person,2001,alt-pop,3
Billie Eilish,f4abc0b5-3f7a-4eff-8f78-ac078dbce533,US,Person,2001,progressive pop,0
Billie Eilish,f4abc0b5-3f7a-4eff-8f78-ac078dbce533,US,Person,2001,dark pop,9
Billie Eilish,f4abc0b5-3f7a-4eff-8f78-ac078dbce533,US,Person,2001,contemporary r&b,3
Billie Eilish,f4abc0b5-3f7a-4eff-8f78-ac078dbce533,US,Person,2001,2010s,2
Billie Eilish,f4abc0b5-3f7a-4eff-8f78-ac078dbce533,US,Person,2001,art pop,4
Billie Eilish,f4abc0b5-3f7a-4eff-8f78-ac078dbce533,US,Person,2001,alternative r&b,5
Billie Eilish,f4abc0b5-3f7a-4eff-8f78-ac078dbce533,US,Person,2001,trap,0
Billie Eilish,f4abc0b5-3f7a-4eff-8f78-ac078dbce533,US,Person,2001,bedroom pop,3
Billie Eilish,f4abc0b5-3f7a-4eff-8f78-ac078dbce533,US,Person,2001,pity pop,4
Billie Eilish,f4abc0b5-3f7a-4eff-8f78-ac078dbce533,US,Person,2001,englisch,-1
Billie Eilish,f4abc0b5-3f7a-4eff-8f78-ac078dbce533,US,Person,2001,2020s,2
Billie Eilish,f4abc0b5-3f7a-4eff-8f78-ac078dbce533,US,Person,2001,sad girl pop,0
Billie Eilish,f4abc0b5-3f7a-4eff-8f78-ac078dbce533,US,Person,2001,gen z,1
Billie Eilish,f4abc0b5-3f7a-4eff-8f78-ac078dbce533,US,Person,2001,late 2010s,0
Billie Eilish,f4abc0b5-3f7a-4eff-8f78-ac078dbce533,US,Person,2001,nepo baby,0
Alex Warren,609a2ea3-f446-4e31-8eef-9f7591afb55a,US,Person,2000,pop,2
Alex Warren,609a2ea3-f446-4e31-8eef-9f7591afb55a,US,Person,2000,indie pop,2
Alex Warren,609a2ea3-f446-4e31-8eef-9f7591afb55a,US,Person,2000,2020s,1
Fleetwood Mac,bd13909f-1c29-4c27-a874-d4aaf27c5b1a,GB,Group,1967,rock,18
Fleetwood Mac,bd13909f-1c29-4c27-a874-d4aaf27c5b1a,GB,Group,1967,pop,4
Fleetwood Mac,bd13909f-1c29-4c27-a874-d4aaf27c5b1a,GB,Group,1967,american,-1
Fleetwood Mac,bd13909f-1c29-4c27-a874-d4aaf27c5b1a,GB,Group,1967,blues,6
Fleetwood Mac,bd13909f-1c29-4c27-a874-d4aaf27c5b1a,GB,Group,1967,british,1
Fleetwood Mac,bd13909f-1c29-4c27-a874-d4aaf27c5b1a,GB,Group,1967,uk,1
Fleetwood Mac,bd13909f-1c29-4c27-a874-d4aaf27c5b1a,GB,Group,1967,band,-1
Fleetwood Mac,bd13909f-1c29-4c27-a874-d4aaf27c5b1a,GB,Group,1967,folk rock,0
Fleetwood Mac,bd13909f-1c29-4c27-a874-d4aaf27c5b1a,GB,Group,1967,psychedelic rock,0
Fleetwood Mac,bd13909f-1c29-4c27-a874-d4aaf27c5b1a,GB,Group,1967,blues rock,12
Fleetwood Mac,bd13909f-1c29-4c27-a874-d4aaf27c5b1a,GB,Group,1967,jam band,0
Fleetwood Mac,bd13909f-1c29-4c27-a874-d4aaf27c5b1a,GB,Group,1967,classic rock,2
Fleetwood Mac,bd13909f-1c29-4c27-a874-d4aaf27c5b1a,GB,Group,1967,soft rock,14
Fleetwood Mac,bd13909f-1c29-4c27-a874-d4aaf27c5b1a,GB,Group,1967,acoustic rock,0
Fleetwood Mac,bd13909f-1c29-4c27-a874-d4aaf27c5b1a,GB,Group,1967,pop rock,11
Fleetwood Mac,bd13909f-1c29-4c27-a874-d4aaf27c5b1a,GB,Group,1967,electric blues,0
Fleetwood Mac,bd13909f-1c29-4c27-a874-d4aaf27c5b1a,GB,Group,1967,british blues,6
Fleetwood Mac,bd13909f-1c29-4c27-a874-d4aaf27c5b1a,GB,Group,1967,english,1
Fleetwood Mac,bd13909f-1c29-4c27-a874-d4aaf27c5b1a,GB,Group,1967,rock music,-1
Fleetwood Mac,bd13909f-1c29-4c27-a874-d4aaf27c5b1a,GB,Group,1967,classic pop and rock,-1
Fleetwood Mac,bd13909f-1c29-4c27-a874-d4aaf27c5b1a,GB,Group,1967,pop/rock,-1
Fleetwood Mac,bd13909f-1c29-4c27-a874-d4aaf27c5b1a,GB,Group,1967,art pop,1
Fleetwood Mac,bd13909f-1c29-4c27-a874-d4aaf27c5b1a,GB,Group,1967,fleetwood mac,-1
Fleetwood Mac,bd13909f-1c29-4c27-a874-d4aaf27c5b1a,GB,Group,1967,british-american,0
Chappell Roan,56a55378-f155-48de-80a5-d80104221267,US,Person,1998,synthpop,1
Chappell Roan,56a55378-f155-48de-80a5-d80104221267,US,Person,1998,pop,6
Chappell Roan,56a55378-f155-48de-80a5-d80104221267,US,Person,1998,singer-songwriter,1
Chappell Roan,56a55378-f155-48de-80a5-d80104221267,US,Person,1998,synth-pop,5
Chappell Roan,56a55378-f155-48de-80a5-d80104221267,US,Person,1998,electropop,2
Chappell Roan,56a55378-f155-48de-80a5-d80104221267,US,Person,1998,female vocals,1
Chappell Roan,56a55378-f155-48de-80a5-d80104221267,US,Person,1998,indie pop,3
Chappell Roan,56a55378-f155-48de-80a5-d80104221267,US,Person,1998,dance-pop,5
Chappell Roan,56a55378-f155-48de-80a5-d80104221267,US,Person,1998,pop rock,1
Chappell Roan,56a55378-f155-48de-80a5-d80104221267,US,Person,1998,alternative pop,3
Chappell Roan,56a55378-f155-48de-80a5-d80104221267,US,Person,1998,lesbian,1
Chappell Roan,56a55378-f155-48de-80a5-d80104221267,US,Person,1998,queer,5
Chappell Roan,56a55378-f155-48de-80a5-d80104221267,US,Person,1998,queer pop,1
Chappell Roan,56a55378-f155-48de-80a5-d80104221267,US,Person,1998,sapphic,1
Chappell Roan,56a55378-f155-48de-80a5-d80104221267,US,Person,1998,2020s,0
Chappell Roan,56a55378-f155-48de-80a5-d80104221267,US,Person,1998,gen z,0
Chappell Roan,56a55378-f155-48de-80a5-d80104221267,US,Person,1998,gay pop,1
Addison Rae,610b71d9-fa78-47d6-9073-083922e73840,US,Person,2000,pop,3
Addison Rae,610b71d9-fa78-47d6-9073-083922e73840,US,Person,2000,dance-pop,3
Addison Rae,610b71d9-fa78-47d6-9073-083922e73840,US,Person,2000,pop rock,-1
Addison Rae,610b71d9-fa78-47d6-9073-083922e73840,US,Person,2000,trip hop,1
Addison Rae,610b71d9-fa78-47d6-9073-083922e73840,US,Person,2000,teen pop,3
Addison Rae,610b71d9-fa78-47d6-9073-083922e73840,US,Person,2000,r&b,1
Addison Rae,610b71d9-fa78-47d6-9073-083922e73840,US,Person,2000,bubblegum pop,1
Addison Rae,610b71d9-fa78-47d6-9073-083922e73840,US,Person,2000,2020s,2
Addison Rae,610b71d9-fa78-47d6-9073-083922e73840,US,Person,2000,gen z,1
Sabrina Carpenter,1882fe91-cdd9-49c9-9956-8e06a3810bd4,US,Person,1999,pop,9
Sabrina Carpenter,1882fe91-cdd9-49c9-9956-8e06a3810bd4,US,Person,1999,american,1
Sabrina Carpenter,1882fe91-cdd9-49c9-9956-8e06a3810bd4,US,Person,1999,electropop,2
Sabrina Carpenter,1882fe91-cdd9-49c9-9956-8e06a3810bd4,US,Person,1999,rnb,1
Sabrina Carpenter,1882fe91-cdd9-49c9-9956-8e06a3810bd4,US,Person,1999,female vocalists,1
Sabrina Carpenter,1882fe91-cdd9-49c9-9956-8e06a3810bd4,US,Person,1999,dance-pop,2
Sabrina Carpenter,1882fe91-cdd9-49c9-9956-8e06a3810bd4,US,Person,1999,2020s,2
Sabrina Carpenter,1882fe91-cdd9-49c9-9956-8e06a3810bd4,US,Person,1999,gen z,1
Sabrina Carpenter,1882fe91-cdd9-49c9-9956-8e06a3810bd4,US,Person,1999,nepo baby,0
Sabrina Carpenter,1882fe91-cdd9-49c9-9956-8e06a3810bd4,US,Person,1999,my top songs,1
Lady Gaga,650e7db6-b795-4eb5-a702-5ea2fc46c848,US,Person,1986,rock,1
Lady Gaga,650e7db6-b795-4eb5-a702-5ea2fc46c848,US,Person,1986,electronic,5
Lady Gaga,650e7db6-b795-4eb5-a702-5ea2fc46c848,US,Person,1986,synthpop,2
Lady Gaga,650e7db6-b795-4eb5-a702-5ea2fc46c848,US,Person,1986,pop,23
Lady Gaga,650e7db6-b795-4eb5-a702-5ea2fc46c848,US,Person,1986,jazz,1
Lady Gaga,650e7db6-b795-4eb5-a702-5ea2fc46c848,US,Person,1986,dance,3
Lady Gaga,650e7db6-b795-4eb5-a702-5ea2fc46c848,US,Person,1986,american,-1
Lady Gaga,650e7db6-b795-4eb5-a702-5ea2fc46c848,US,Person,1986,usa,-1
Lady Gaga,650e7db6-b795-4eb5-a702-5ea2fc46c848,US,Person,1986,synth-pop,7
Lady Gaga,650e7db6-b795-4eb5-a702-5ea2fc46c848,US,Person,1986,electropop,16
Lady Gaga,650e7db6-b795-4eb5-a702-5ea2fc46c848,US,Person,1986,disco,0
Lady Gaga,650e7db6-b795-4eb5-a702-5ea2fc46c848,US,Person,1986,americana,1
Lady Gaga,650e7db6-b795-4eb5-a702-5ea2fc46c848,US,Person,1986,américain,-1
Lady Gaga,650e7db6-b795-4eb5-a702-5ea2fc46c848,US,Person,1986,female vocals,2
Lady Gaga,650e7db6-b795-4eb5-a702-5ea2fc46c848,US,Person,1986,2000s,0
Lady Gaga,650e7db6-b795-4eb5-a702-5ea2fc46c848,US,Person,1986,dance-pop,20
Lady Gaga,650e7db6-b795-4eb5-a702-5ea2fc46c848,US,Person,1986,adult contemporary,0
Lady Gaga,650e7db6-b795-4eb5-a702-5ea2fc46c848,US,Person,1986,pop rock,9
Lady Gaga,650e7db6-b795-4eb5-a702-5ea2fc46c848,US,Person,1986,europop,0
Lady Gaga,650e7db6-b795-4eb5-a702-5ea2fc46c848,US,Person,1986,electro house,1
Lady Gaga,650e7db6-b795-4eb5-a702-5ea2fc46c848,US,Person,1986,edm,1
Lady Gaga,650e7db6-b795-4eb5-a702-5ea2fc46c848,US,Person,1986,film soundtrack,1
Lady Gaga,650e7db6-b795-4eb5-a702-5ea2fc46c848,US,Person,1986,united states,-2
Lady Gaga,650e7db6-b795-4eb5-a702-5ea2fc46c848,US,Person,1986,britney spears,-1
Lady Gaga,650e7db6-b795-4eb5-a702-5ea2fc46c848,US,Person,1986,the fame,-2
Lady Gaga,650e7db6-b795-4eb5-a702-5ea2fc46c848,US,Person,1986,gata rahe mera dil,-1
Lady Gaga,650e7db6-b795-4eb5-a702-5ea2fc46c848,US,Person,1986,2010s,1
Lady Gaga,650e7db6-b795-4eb5-a702-5ea2fc46c848,US,Person,1986,art pop,1
Lady Gaga,650e7db6-b795-4eb5-a702-5ea2fc46c848,US,Person,1986,edge of glory,-2
Lady Gaga,650e7db6-b795-4eb5-a702-5ea2fc46c848,US,Person,1986,millennial,1
Lady Gaga,650e7db6-b795-4eb5-a702-5ea2fc46c848,US,Person,1986,saxx dreams,-1
Lady Gaga,650e7db6-b795-4eb5-a702-5ea2fc46c848,US,Person,1986,server name,0
Lady Gaga,650e7db6-b795-4eb5-a702-5ea2fc46c848,US,Person,1986,industrial pop,1
Lady Gaga,650e7db6-b795-4eb5-a702-5ea2fc46c848,US,Person,1986,2020s,0
Lady Gaga,650e7db6-b795-4eb5-a702-5ea2fc46c848,US,Person,1986,late 2000s,1
Lady Gaga,650e7db6-b795-4eb5-a702-5ea2fc46c848,US,Person,1986,nuno,0
Blondie,4d2956d1-a3f7-44bb-9a41-67563e1a0c94,US,Group,1974,rock,6
Blondie,4d2956d1-a3f7-44bb-9a41-67563e1a0c94,US,Group,1974,pop,5
Blondie,4d2956d1-a3f7-44bb-9a41-67563e1a0c94,US,Group,1974,punk,3
Blondie,4d2956d1-a3f7-44bb-9a41-67563e1a0c94,US,Group,1974,american,0
Blondie,4d2956d1-a3f7-44bb-9a41-67563e1a0c94,US,Group,1974,punk rock,1
Blondie,4d2956d1-a3f7-44bb-9a41-67563e1a0c94,US,Group,1974,new wave,15
Blondie,4d2956d1-a3f7-44bb-9a41-67563e1a0c94,US,Group,1974,usa,-1
Blondie,4d2956d1-a3f7-44bb-9a41-67563e1a0c94,US,Group,1974,power pop,3
Blondie,4d2956d1-a3f7-44bb-9a41-67563e1a0c94,US,Group,1974,disco,6
Blondie,4d2956d1-a3f7-44bb-9a41-67563e1a0c94,US,Group,1974,female vocals,1
Blondie,4d2956d1-a3f7-44bb-9a41-67563e1a0c94,US,Group,1974,pop rock,2
Blondie,4d2956d1-a3f7-44bb-9a41-67563e1a0c94,US,Group,1974,classic pop and rock,0
Blondie,4d2956d1-a3f7-44bb-9a41-67563e1a0c94,US,Group,1974,pop/rock,0
Blondie,4d2956d1-a3f7-44bb-9a41-67563e1a0c94,US,Group,1974,pop reggae,0
Blondie,4d2956d1-a3f7-44bb-9a41-67563e1a0c94,US,Group,1974,new york punk,2
Blondie,4d2956d1-a3f7-44bb-9a41-67563e1a0c94,US,Group,1974,cbgb scene,0
Justin Bieber,e0140a67-e4d1-4f13-8a01-364355bee46e,CA,Person,1994,pop,22
Justin Bieber,e0140a67-e4d1-4f13-8a01-364355bee46e,CA,Person,1994,black metal,-1
Justin Bieber,e0140a67-e4d1-4f13-8a01-364355bee46e,CA,Person,1994,hip hop,0
Justin Bieber,e0140a67-e4d1-4f13-8a01-364355bee46e,CA,Person,1994,electropop,-1
Justin Bieber,e0140a67-e4d1-4f13-8a01-364355bee46e,CA,Person,1994,dance-pop,2
Justin Bieber,e0140a67-e4d1-4f13-8a01-364355bee46e,CA,Person,1994,pop rap,1
Justin Bieber,e0140a67-e4d1-4f13-8a01-364355bee46e,CA,Person,1994,english,0
Justin Bieber,e0140a67-e4d1-4f13-8a01-364355bee46e,CA,Person,1994,reggaeton,1
Justin Bieber,e0140a67-e4d1-4f13-8a01-364355bee46e,CA,Person,1994,gay,-2
Justin Bieber,e0140a67-e4d1-4f13-8a01-364355bee46e,CA,Person,1994,amazing,-3
Justin Bieber,e0140a67-e4d1-4f13-8a01-364355bee46e,CA,Person,1994,contemporary country,1
Justin Bieber,e0140a67-e4d1-4f13-8a01-364355bee46e,CA,Person,1994,teen pop,11
Justin Bieber,e0140a67-e4d1-4f13-8a01-364355bee46e,CA,Person,1994,christmas music,-1
Justin Bieber,e0140a67-e4d1-4f13-8a01-364355bee46e,CA,Person,1994,r&b,1
Justin Bieber,e0140a67-e4d1-4f13-8a01-364355bee46e,CA,Person,1994,contemporary r&b,0
Justin Bieber,e0140a67-e4d1-4f13-8a01-364355bee46e,CA,Person,1994,2010s,3
Justin Bieber,e0140a67-e4d1-4f13-8a01-364355bee46e,CA,Person,1994,tropical house,1
Justin Bieber,e0140a67-e4d1-4f13-8a01-364355bee46e,CA,Person,1994,terrible,0
Justin Bieber,e0140a67-e4d1-4f13-8a01-364355bee46e,CA,Person,1994,awful,0
Justin Bieber,e0140a67-e4d1-4f13-8a01-364355bee46e,CA,Person,1994,2020s,2
Justin Bieber,e0140a67-e4d1-4f13-8a01-364355bee46e,CA,Person,1994,reggea,0
The Allman Brothers Band,72359492-22be-4ed9-aaa0-efa434fb2b01,US,Group,1969,rock,4
The Allman Brothers Band,72359492-22be-4ed9-aaa0-efa434fb2b01,US,Group,1969,american,0
The Allman Brothers Band,72359492-22be-4ed9-aaa0-efa434fb2b01,US,Group,1969,blues,1
The Allman Brothers Band,72359492-22be-4ed9-aaa0-efa434fb2b01,US,Group,1969,instrumental rock,1
The Allman Brothers Band,72359492-22be-4ed9-aaa0-efa434fb2b01,US,Group,1969,psychedelic rock,1
The Allman Brothers Band,72359492-22be-4ed9-aaa0-efa434fb2b01,US,Group,1969,blues rock,9
The Allman Brothers Band,72359492-22be-4ed9-aaa0-efa434fb2b01,US,Group,1969,country rock,1
The Allman Brothers Band,72359492-22be-4ed9-aaa0-efa434fb2b01,US,Group,1969,southern rock,10
The Allman Brothers Band,72359492-22be-4ed9-aaa0-efa434fb2b01,US,Group,1969,jam band,3
The Allman Brothers Band,72359492-22be-4ed9-aaa0-efa434fb2b01,US,Group,1969,classic rock,1
The Allman Brothers Band,72359492-22be-4ed9-aaa0-efa434fb2b01,US,Group,1969,pop rock,1
The Allman Brothers Band,72359492-22be-4ed9-aaa0-efa434fb2b01,US,Group,1969,electric blues,3
The Allman Brothers Band,72359492-22be-4ed9-aaa0-efa434fb2b01,US,Group,1969,jam,0
The Allman Brothers Band,72359492-22be-4ed9-aaa0-efa434fb2b01,US,Group,1969,classic pop and rock,0
The Allman Brothers Band,72359492-22be-4ed9-aaa0-efa434fb2b01,US,Group,1969,the allman brothers band,0
Beastie Boys,9beb62b2-88db-4cea-801e-162cd344ee53,US,Group,1979,rock,3
Beastie Boys,9beb62b2-88db-4cea-801e-162cd344ee53,US,Group,1979,alternative rock,2
Beastie Boys,9beb62b2-88db-4cea-801e-162cd344ee53,US,Group,1979,rap,3
Beastie Boys,9beb62b2-88db-4cea-801e-162cd344ee53,US,Group,1979,punk,-1
Beastie Boys,9beb62b2-88db-4cea-801e-162cd344ee53,US,Group,1979,american,-1
Beastie Boys,9beb62b2-88db-4cea-801e-162cd344ee53,US,Group,1979,hip-hop,-2
Beastie Boys,9beb62b2-88db-4cea-801e-162cd344ee53,US,Group,1979,electro,-2
Beastie Boys,9beb62b2-88db-4cea-801e-162cd344ee53,US,Group,1979,hip hop,19
Beastie Boys,9beb62b2-88db-4cea-801e-162cd344ee53,US,Group,1979,usa,-1
Beastie Boys,9beb62b2-88db-4cea-801e-162cd344ee53,US,Group,1979,funk,2
Beastie Boys,9beb62b2-88db-4cea-801e-162cd344ee53,US,Group,1979,hiphop,-2
Beastie Boys,9beb62b2-88db-4cea-801e-162cd344ee53,US,Group,1979,hardcore punk,3
Beastie Boys,9beb62b2-88db-4cea-801e-162cd344ee53,US,Group,1979,américain,-2
Beastie Boys,9beb62b2-88db-4cea-801e-162cd344ee53,US,Group,1979,alternative hip-hop,-2
Beastie Boys,9beb62b2-88db-4cea-801e-162cd344ee53,US,Group,1979,ny,-2
Beastie Boys,9beb62b2-88db-4cea-801e-162cd344ee53,US,Group,1979,rap rock,13
Beastie Boys,9beb62b2-88db-4cea-801e-162cd344ee53,US,Group,1979,us,-2
Beastie Boys,9beb62b2-88db-4cea-801e-162cd344ee53,US,Group,1979,rock and indie,-2
Beastie Boys,9beb62b2-88db-4cea-801e-162cd344ee53,US,Group,1979,alternative hip hop,2
Beastie Boys,9beb62b2-88db-4cea-801e-162cd344ee53,US,Group,1979,experimental hip hop,3
Beastie Boys,9beb62b2-88db-4cea-801e-162cd344ee53,US,Group,1979,prank calls,-3
Beastie Boys,9beb62b2-88db-4cea-801e-162cd344ee53,US,Group,1979,east coast hip hop,8
Beastie Boys,9beb62b2-88db-4cea-801e-162cd344ee53,US,Group,1979,hardcore hip hop,1
Beastie Boys,9beb62b2-88db-4cea-801e-162cd344ee53,US,Group,1979,new york hardcore,2
Beastie Boys,9beb62b2-88db-4cea-801e-162cd344ee53,US,Group,1979,old school hip hop,-2
Beastie Boys,9beb62b2-88db-4cea-801e-162cd344ee53,US,Group,1979,golden age hip hop,0
Beastie Boys,9beb62b2-88db-4cea-801e-162cd344ee53,US,Group,1979,mid-school hip hop,3
Beastie Boys,9beb62b2-88db-4cea-801e-162cd344ee53,US,Group,1979,alliteration,-1
Guns N' Roses,eeb1195b-f213-4ce1-b28c-8565211f8e43,US,Group,1985,rock,4
Guns N' Roses,eeb1195b-f213-4ce1-b28c-8565211f8e43,US,Group,1985,heavy metal,5
Guns N' Roses,eeb1195b-f213-4ce1-b28c-8565211f8e43,US,Group,1985,industrial rock,-2
Guns N' Roses,eeb1195b-f213-4ce1-b28c-8565211f8e43,US,Group,1985,metal,0
Guns N' Roses,eeb1195b-f213-4ce1-b28c-8565211f8e43,US,Group,1985,american,-1
Guns N' Roses,eeb1195b-f213-4ce1-b28c-8565211f8e43,US,Group,1985,punk rock,1
Guns N' Roses,eeb1195b-f213-4ce1-b28c-8565211f8e43,US,Group,1985,band,-1
Guns N' Roses,eeb1195b-f213-4ce1-b28c-8565211f8e43,US,Group,1985,hard rock,31
Guns N' Roses,eeb1195b-f213-4ce1-b28c-8565211f8e43,US,Group,1985,folk rock,0
Guns N' Roses,eeb1195b-f213-4ce1-b28c-8565211f8e43,US,Group,1985,art rock,2
Guns N' Roses,eeb1195b-f213-4ce1-b28c-8565211f8e43,US,Group,1985,acoustic rock,-1
Guns N' Roses,eeb1195b-f213-4ce1-b28c-8565211f8e43,US,Group,1985,pop rock,-1
Guns N' Roses,eeb1195b-f213-4ce1-b28c-8565211f8e43,US,Group,1985,arena rock,1
Guns N' Roses,eeb1195b-f213-4ce1-b28c-8565211f8e43,US,Group,1985,piano rock,-1
Guns N' Roses,eeb1195b-f213-4ce1-b28c-8565211f8e43,US,Group,1985,glam metal,9
Guns N' Roses,eeb1195b-f213-4ce1-b28c-8565211f8e43,US,Group,1985,aor,1
Guns N' Roses,eeb1195b-f213-4ce1-b28c-8565211f8e43,US,Group,1985,glam,-1
Guns N' Roses,eeb1195b-f213-4ce1-b28c-8565211f8e43,US,Group,1985,classic pop and rock,-2
Guns N' Roses,eeb1195b-f213-4ce1-b28c-8565211f8e43,US,Group,1985,glam punk,0
Guns N' Roses,eeb1195b-f213-4ce1-b28c-8565211f8e43,US,Group,1985,pop/rock,-2
Guns N' Roses,eeb1195b-f213-4ce1-b28c-8565211f8e43,US,Group,1985,patience,-2
Guns N' Roses,eeb1195b-f213-4ce1-b28c-8565211f8e43,US,Group,1985,+usa (california:los angeles),-2
Guns N' Roses,eeb1195b-f213-4ce1-b28c-8565211f8e43,US,Group,1985,2008 universal fire victim,-1
Guns N' Roses,eeb1195b-f213-4ce1-b28c-8565211f8e43,US,Group,1985,estados unidos,0
The Police,9e0e2b01-41db-4008-bd8b-988977d6019a,GB,Group,1977,rock,8
The Police,9e0e2b01-41db-4008-bd8b-988977d6019a,GB,Group,1977,alternative rock,0
The Police,9e0e2b01-41db-4008-bd8b-988977d6019a,GB,Group,1977,punk,1
The Police,9e0e2b01-41db-4008-bd8b-988977d6019a,GB,Group,1977,punk rock,0
The Police,9e0e2b01-41db-4008-bd8b-988977d6019a,GB,Group,1977,british,0
The Police,9e0e2b01-41db-4008-bd8b-988977d6019a,GB,Group,1977,post-punk,5
The Police,9e0e2b01-41db-4008-bd8b-988977d6019a,GB,Group,1977,new wave,10
The Police,9e0e2b01-41db-4008-bd8b-988977d6019a,GB,Group,1977,uk,0
The Police,9e0e2b01-41db-4008-bd8b-988977d6019a,GB,Group,1977,indie rock,1
The Police,9e0e2b01-41db-4008-bd8b-988977d6019a,GB,Group,1977,power pop,0
The Police,9e0e2b01-41db-4008-bd8b-988977d6019a,GB,Group,1977,alternative,0
The Police,9e0e2b01-41db-4008-bd8b-988977d6019a,GB,Group,1977,pop rock,6
The Police,9e0e2b01-41db-4008-bd8b-988977d6019a,GB,Group,1977,reggae rock,3
The Police,9e0e2b01-41db-4008-bd8b-988977d6019a,GB,Group,1977,english,0
The Police,9e0e2b01-41db-4008-bd8b-988977d6019a,GB,Group,1977,england,0
The Police,9e0e2b01-41db-4008-bd8b-988977d6019a,GB,Group,1977,the police,0
The Police,9e0e2b01-41db-4008-bd8b-988977d6019a,GB,Group,1977,classic pop and rock,0
The Police,9e0e2b01-41db-4008-bd8b-988977d6019a,GB,Group,1977,pop/rock,0
The Police,9e0e2b01-41db-4008-bd8b-988977d6019a,GB,Group,1977,pop reggae,0
The Police,9e0e2b01-41db-4008-bd8b-988977d6019a,GB,Group,1977,2008 universal fire victim,0
Survivor,55ef024a-6cc0-49ed-8ce2-2e12193c0f46,US,Group,1977,rock,3
Survivor,55ef024a-6cc0-49ed-8ce2-2e12193c0f46,US,Group,1977,hard rock,3
Survivor,55ef024a-6cc0-49ed-8ce2-2e12193c0f46,US,Group,1977,adult contemporary,1
Survivor,55ef024a-6cc0-49ed-8ce2-2e12193c0f46,US,Group,1977,pop rock,1
Survivor,55ef024a-6cc0-49ed-8ce2-2e12193c0f46,US,Group,1977,aor,1
Survivor,55ef024a-6cc0-49ed-8ce2-2e12193c0f46,US,Group,1977,pop and chart,0
Oasis,39ab1aed-75e0-4140-bd47-540276886b60,GB,Group,1991,rock,8
Oasis,39ab1aed-75e0-4140-bd47-540276886b60,GB,Group,1991,alternative rock,12
Oasis,39ab1aed-75e0-4140-bd47-540276886b60,GB,Group,1991,shoegaze,-1
Oasis,39ab1aed-75e0-4140-bd47-540276886b60,GB,Group,1991,british,5
Oasis,39ab1aed-75e0-4140-bd47-540276886b60,GB,Group,1991,uk,0
Oasis,39ab1aed-75e0-4140-bd47-540276886b60,GB,Group,1991,madchester,1
Oasis,39ab1aed-75e0-4140-bd47-540276886b60,GB,Group,1991,hard rock,1
Oasis,39ab1aed-75e0-4140-bd47-540276886b60,GB,Group,1991,britannique,0
Oasis,39ab1aed-75e0-4140-bd47-540276886b60,GB,Group,1991,indie rock,4
Oasis,39ab1aed-75e0-4140-bd47-540276886b60,GB,Group,1991,power pop,0
Oasis,39ab1aed-75e0-4140-bd47-540276886b60,GB,Group,1991,indie,1
Oasis,39ab1aed-75e0-4140-bd47-540276886b60,GB,Group,1991,psychedelic rock,2
Oasis,39ab1aed-75e0-4140-bd47-540276886b60,GB,Group,1991,britpop,16
Oasis,39ab1aed-75e0-4140-bd47-540276886b60,GB,Group,1991,indie pop,1
Oasis,39ab1aed-75e0-4140-bd47-540276886b60,GB,Group,1991,acoustic rock,1
Oasis,39ab1aed-75e0-4140-bd47-540276886b60,GB,Group,1991,noise pop,1
Oasis,39ab1aed-75e0-4140-bd47-540276886b60,GB,Group,1991,pop rock,1
Oasis,39ab1aed-75e0-4140-bd47-540276886b60,GB,Group,1991,neo-psychedelia,4
Oasis,39ab1aed-75e0-4140-bd47-540276886b60,GB,Group,1991,england,-1
Oasis,39ab1aed-75e0-4140-bd47-540276886b60,GB,Group,1991,manchester,0
Oasis,39ab1aed-75e0-4140-bd47-540276886b60,GB,Group,1991,rock and indie,0
Oasis,39ab1aed-75e0-4140-bd47-540276886b60,GB,Group,1991,post-britpop,0
Oasis,39ab1aed-75e0-4140-bd47-540276886b60,GB,Group,1991,favoritos,0
Avicii,c85cfd6b-b1e9-4a50-bd55-eb725f04f7d5,SE,Person,1989,electronic,2
Avicii,c85cfd6b-b1e9-4a50-bd55-eb725f04f7d5,SE,Person,1989,pop,1
Avicii,c85cfd6b-b1e9-4a50-bd55-eb725f04f7d5,SE,Person,1989,dance,1
Avicii,c85cfd6b-b1e9-4a50-bd55-eb725f04f7d5,SE,Person,1989,house,2
Avicii,c85cfd6b-b1e9-4a50-bd55-eb725f04f7d5,SE,Person,1989,seen live,0
Avicii,c85cfd6b-b1e9-4a50-bd55-eb725f04f7d5,SE,Person,1989,electropop,4
Avicii,c85cfd6b-b1e9-4a50-bd55-eb725f04f7d5,SE,Person,1989,dance-pop,4
Avicii,c85cfd6b-b1e9-4a50-bd55-eb725f04f7d5,SE,Person,1989,funky house,1
Avicii,c85cfd6b-b1e9-4a50-bd55-eb725f04f7d5,SE,Person,1989,progressive house,14
Avicii,c85cfd6b-b1e9-4a50-bd55-eb725f04f7d5,SE,Person,1989,club,1
Avicii,c85cfd6b-b1e9-4a50-bd55-eb725f04f7d5,SE,Person,1989,electro house,7
Avicii,c85cfd6b-b1e9-4a50-bd55-eb725f04f7d5,SE,Person,1989,edm,9
Avicii,c85cfd6b-b1e9-4a50-bd55-eb725f04f7d5,SE,Person,1989,house music,1
Avicii,c85cfd6b-b1e9-4a50-bd55-eb725f04f7d5,SE,Person,1989,tropical house,1
Avicii,c85cfd6b-b1e9-4a50-bd55-eb725f04f7d5,SE,Person,1989,festival progressive house,1
Calvin Harris,8dd98bdc-80ec-4e93-8509-2f46bafc09a7,,Person,1984,electronic,6
Calvin Harris,8dd98bdc-80ec-4e93-8509-2f46bafc09a7,,Person,1984,pop,2
Calvin Harris,8dd98bdc-80ec-4e93-8509-2f46bafc09a7,,Person,1984,dance,2
Calvin Harris,8dd98bdc-80ec-4e93-8509-2f46bafc09a7,,Person,1984,house,2
Calvin Harris,8dd98bdc-80ec-4e93-8509-2f46bafc09a7,,Person,1984,synth-pop,2
Calvin Harris,8dd98bdc-80ec-4e93-8509-2f46bafc09a7,,Person,1984,electropop,5
Calvin Harris,8dd98bdc-80ec-4e93-8509-2f46bafc09a7,,Person,1984,disco,1
Calvin Harris,8dd98bdc-80ec-4e93-8509-2f46bafc09a7,,Person,1984,dance-pop,7
Calvin Harris,8dd98bdc-80ec-4e93-8509-2f46bafc09a7,,Person,1984,progressive house,3
Calvin Harris,8dd98bdc-80ec-4e93-8509-2f46bafc09a7,,Person,1984,acid house,1
Calvin Harris,8dd98bdc-80ec-4e93-8509-2f46bafc09a7,,Person,1984,uk garage,2
Calvin Harris,8dd98bdc-80ec-4e93-8509-2f46bafc09a7,,Person,1984,club,2
Calvin Harris,8dd98bdc-80ec-4e93-8509-2f46bafc09a7,,Person,1984,hip house,1
Calvin Harris,8dd98bdc-80ec-4e93-8509-2f46bafc09a7,,Person,1984,electro house,4
Calvin Harris,8dd98bdc-80ec-4e93-8509-2f46bafc09a7,,Person,1984,edm,6
Calvin Harris,8dd98bdc-80ec-4e93-8509-2f46bafc09a7,,Person,1984,dance and electronica,1
Calvin Harris,8dd98bdc-80ec-4e93-8509-2f46bafc09a7,,Person,1984,electronic pop,1
Calvin Harris,8dd98bdc-80ec-4e93-8509-2f46bafc09a7,,Person,1984,funktronica,2
Calvin Harris,8dd98bdc-80ec-4e93-8509-2f46bafc09a7,,Person,1984,nu disco,3
Calvin Harris,8dd98bdc-80ec-4e93-8509-2f46bafc09a7,,Person,1984,nu-disco,3
Calvin Harris,8dd98bdc-80ec-4e93-8509-2f46bafc09a7,,Person,1984,uk hip hop,2
Calvin Harris,8dd98bdc-80ec-4e93-8509-2f46bafc09a7,,Person,1984,contemporary r&b,1
Calvin Harris,8dd98bdc-80ec-4e93-8509-2f46bafc09a7,,Person,1984,2010s,2
Calvin Harris,8dd98bdc-80ec-4e93-8509-2f46bafc09a7,,Person,1984,melodic techno,2
Calvin Harris,8dd98bdc-80ec-4e93-8509-2f46bafc09a7,,Person,1984,complextro,1
Calvin Harris,8dd98bdc-80ec-4e93-8509-2f46bafc09a7,,Person,1984,electro-disco,1
Calvin Harris,8dd98bdc-80ec-4e93-8509-2f46bafc09a7,,Person,1984,ibiza trance,1
Calvin Harris,8dd98bdc-80ec-4e93-8509-2f46bafc09a7,,Person,1984,melodic house,2
Calvin Harris,8dd98bdc-80ec-4e93-8509-2f46bafc09a7,,Person,1984,festival progressive house,2
Calvin Harris,8dd98bdc-80ec-4e93-8509-2f46bafc09a7,,Person,1984,late 2000s,2
John Summit,2547c5e3-314c-4332-981d-f18c902a4086,,Person,,dance,1
John Summit,2547c5e3-314c-4332-981d-f18c902a4086,,Person,,house,1
John Summit,2547c5e3-314c-4332-981d-f18c902a4086,,Person,,progressive house,1
John Summit,2547c5e3-314c-4332-981d-f18c902a4086,,Person,,edm,1
HUGEL,eead7215-59da-45f5-b719-62f349ef4133,FR,Person,1987,dance,1
HUGEL,eead7215-59da-45f5-b719-62f349ef4133,FR,Person,1987,house,1
HUGEL,eead7215-59da-45f5-b719-62f349ef4133,FR,Person,1987,edm,1
HUGEL,eead7215-59da-45f5-b719-62f349ef4133,FR,Person,1987,latin house,1
Al Green,fb7272ba-f130-4f0a-934d-6eeea4c18c9a,US,Person,1946,soul,14
Al Green,fb7272ba-f130-4f0a-934d-6eeea4c18c9a,US,Person,1946,1980s,1
Al Green,fb7272ba-f130-4f0a-934d-6eeea4c18c9a,US,Person,1946,1970s,1
Al Green,fb7272ba-f130-4f0a-934d-6eeea4c18c9a,US,Person,1946,gospel,3
Al Green,fb7272ba-f130-4f0a-934d-6eeea4c18c9a,US,Person,1946,southern soul,2
Al Green,fb7272ba-f130-4f0a-934d-6eeea4c18c9a,US,Person,1946,soul blues,1
Al Green,fb7272ba-f130-4f0a-934d-6eeea4c18c9a,US,Person,1946,soul and reggae,0
Al Green,fb7272ba-f130-4f0a-934d-6eeea4c18c9a,US,Person,1946,contemporary gospel,1
Al Green,fb7272ba-f130-4f0a-934d-6eeea4c18c9a,US,Person,1946,christmas music,1
Al Green,fb7272ba-f130-4f0a-934d-6eeea4c18c9a,US,Person,1946,smooth soul,5
Al Green,fb7272ba-f130-4f0a-934d-6eeea4c18c9a,US,Person,1946,pop-soul,1
Al Green,fb7272ba-f130-4f0a-934d-6eeea4c18c9a,US,Person,1946,memphis soul,2
Al Green,fb7272ba-f130-4f0a-934d-6eeea4c18c9a,US,Person,1946,2008 universal fire victim,1
Byrne & Barnes,a2c7f528-f717-4b86-b9d6-582f8e25b77b,US,Group,1981,,0
Noah Kahan,a2a3f910-b188-43e7-81d0-f1ac2a2f3e12,US,Person,1997,pop,3
Noah Kahan,a2a3f910-b188-43e7-81d0-f1ac2a2f3e12,US,Person,1997,folk,1
Noah Kahan,a2a3f910-b188-43e7-81d0-f1ac2a2f3e12,US,Person,1997,folk pop,3
Red Hot Chili Peppers,8bfac288-ccc5-448d-9573-c33ea2aa5c30,US,Group,1983,rock,21
Red Hot Chili Peppers,8bfac288-ccc5-448d-9573-c33ea2aa5c30,US,Group,1983,alternative rock,21
Red Hot Chili Peppers,8bfac288-ccc5-448d-9573-c33ea2aa5c30,US,Group,1983,80s,0
Red Hot Chili Peppers,8bfac288-ccc5-448d-9573-c33ea2aa5c30,US,Group,1983,heavy metal,-1
Red Hot Chili Peppers,8bfac288-ccc5-448d-9573-c33ea2aa5c30,US,Group,1983,90s,0
Red Hot Chili Peppers,8bfac288-ccc5-448d-9573-c33ea2aa5c30,US,Group,1983,rap,-1
Red Hot Chili Peppers,8bfac288-ccc5-448d-9573-c33ea2aa5c30,US,Group,1983,metal,-1
Red Hot Chili Peppers,8bfac288-ccc5-448d-9573-c33ea2aa5c30,US,Group,1983,american,-1
Red Hot Chili Peppers,8bfac288-ccc5-448d-9573-c33ea2aa5c30,US,Group,1983,punk rock,0
Red Hot Chili Peppers,8bfac288-ccc5-448d-9573-c33ea2aa5c30,US,Group,1983,crossover,-1
Red Hot Chili Peppers,8bfac288-ccc5-448d-9573-c33ea2aa5c30,US,Group,1983,hard rock,-1
Red Hot Chili Peppers,8bfac288-ccc5-448d-9573-c33ea2aa5c30,US,Group,1983,usa,-1
Red Hot Chili Peppers,8bfac288-ccc5-448d-9573-c33ea2aa5c30,US,Group,1983,indie rock,-1
Red Hot Chili Peppers,8bfac288-ccc5-448d-9573-c33ea2aa5c30,US,Group,1983,funk,4
Red Hot Chili Peppers,8bfac288-ccc5-448d-9573-c33ea2aa5c30,US,Group,1983,funk rock,22
Red Hot Chili Peppers,8bfac288-ccc5-448d-9573-c33ea2aa5c30,US,Group,1983,alternative,-2
Red Hot Chili Peppers,8bfac288-ccc5-448d-9573-c33ea2aa5c30,US,Group,1983,psychedelic rock,0
Red Hot Chili Peppers,8bfac288-ccc5-448d-9573-c33ea2aa5c30,US,Group,1983,pop rock,7
Red Hot Chili Peppers,8bfac288-ccc5-448d-9573-c33ea2aa5c30,US,Group,1983,funk metal,6
Red Hot Chili Peppers,8bfac288-ccc5-448d-9573-c33ea2aa5c30,US,Group,1983,live,0
Red Hot Chili Peppers,8bfac288-ccc5-448d-9573-c33ea2aa5c30,US,Group,1983,rap rock,9
Red Hot Chili Peppers,8bfac288-ccc5-448d-9573-c33ea2aa5c30,US,Group,1983,00s,-1
Red Hot Chili Peppers,8bfac288-ccc5-448d-9573-c33ea2aa5c30,US,Group,1983,dvd,-1
Red Hot Chili Peppers,8bfac288-ccc5-448d-9573-c33ea2aa5c30,US,Group,1983,pop and chart,-1
Red Hot Chili Peppers,8bfac288-ccc5-448d-9573-c33ea2aa5c30,US,Group,1983,10s,-1
Red Hot Chili Peppers,8bfac288-ccc5-448d-9573-c33ea2aa5c30,US,Group,1983,funk rock tributo,-1
Green Day,084308bd-1654-436f-ba03-df6697104e19,US,Group,1989,rock,13
Green Day,084308bd-1654-436f-ba03-df6697104e19,US,Group,1989,pop,1
Green Day,084308bd-1654-436f-ba03-df6697104e19,US,Group,1989,alternative rock,16
Green Day,084308bd-1654-436f-ba03-df6697104e19,US,Group,1989,punk,6
Green Day,084308bd-1654-436f-ba03-df6697104e19,US,Group,1989,american,2
Green Day,084308bd-1654-436f-ba03-df6697104e19,US,Group,1989,punk rock,35
Green Day,084308bd-1654-436f-ba03-df6697104e19,US,Group,1989,grunge,0
Green Day,084308bd-1654-436f-ba03-df6697104e19,US,Group,1989,post-punk,0
Green Day,084308bd-1654-436f-ba03-df6697104e19,US,Group,1989,ska punk,0
Green Day,084308bd-1654-436f-ba03-df6697104e19,US,Group,1989,usa,-1
Green Day,084308bd-1654-436f-ba03-df6697104e19,US,Group,1989,power pop,3
Green Day,084308bd-1654-436f-ba03-df6697104e19,US,Group,1989,pop-punk,0
Green Day,084308bd-1654-436f-ba03-df6697104e19,US,Group,1989,alternative,1
Green Day,084308bd-1654-436f-ba03-df6697104e19,US,Group,1989,américain,0
Green Day,084308bd-1654-436f-ba03-df6697104e19,US,Group,1989,post-grunge,0
Green Day,084308bd-1654-436f-ba03-df6697104e19,US,Group,1989,pop rock,1
Green Day,084308bd-1654-436f-ba03-df6697104e19,US,Group,1989,pop punk,32
Green Day,084308bd-1654-436f-ba03-df6697104e19,US,Group,1989,skate punk,0
Green Day,084308bd-1654-436f-ba03-df6697104e19,US,Group,1989,alternative pop,0
Green Day,084308bd-1654-436f-ba03-df6697104e19,US,Group,1989,punk pop,0
Green Day,084308bd-1654-436f-ba03-df6697104e19,US,Group,1989,california,0
Green Day,084308bd-1654-436f-ba03-df6697104e19,US,Group,1989,bay area,0
Green Day,084308bd-1654-436f-ba03-df6697104e19,US,Group,1989,pop and chart,0
Green Day,084308bd-1654-436f-ba03-df6697104e19,US,Group,1989,united states,0
Green Day,084308bd-1654-436f-ba03-df6697104e19,US,Group,1989,queer,3
Green Day,084308bd-1654-436f-ba03-df6697104e19,US,Group,1989,classic pop punk,0
Green Day,084308bd-1654-436f-ba03-df6697104e19,US,Group,1989,california punk,0
Green Day,084308bd-1654-436f-ba03-df6697104e19,US,Group,1989,classic punk,0
Green Day,084308bd-1654-436f-ba03-df6697104e19,US,Group,1989,punk revival,0
Green Day,084308bd-1654-436f-ba03-df6697104e19,US,Group,1989,bay area punk,0
Green Day,084308bd-1654-436f-ba03-df6697104e19,US,Group,1989,pop/rock,0
Green Day,084308bd-1654-436f-ba03-df6697104e19,US,Group,1989,alternative/indie rock,0
Green Day,084308bd-1654-436f-ba03-df6697104e19,US,Group,1989,2240665859492,-1
Arlo Parks,6e8e3717-a62d-4a3f-886d-6a4e82507930,GB,Person,2000,alternative rock,1
Arlo Parks,6e8e3717-a62d-4a3f-886d-6a4e82507930,GB,Person,2000,hip hop,1
Arlo Parks,6e8e3717-a62d-4a3f-886d-6a4e82507930,GB,Person,2000,indie rock,1
Arlo Parks,6e8e3717-a62d-4a3f-886d-6a4e82507930,GB,Person,2000,indie,1
Arlo Parks,6e8e3717-a62d-4a3f-886d-6a4e82507930,GB,Person,2000,soul,1
Arlo Parks,6e8e3717-a62d-4a3f-886d-6a4e82507930,GB,Person,2000,indie pop,1
Arlo Parks,6e8e3717-a62d-4a3f-886d-6a4e82507930,GB,Person,2000,soft rock,1
Arlo Parks,6e8e3717-a62d-4a3f-886d-6a4e82507930,GB,Person,2000,neo soul,1
Arlo Parks,6e8e3717-a62d-4a3f-886d-6a4e82507930,GB,Person,2000,alternative pop,2
Arlo Parks,6e8e3717-a62d-4a3f-886d-6a4e82507930,GB,Person,2000,english,1
Arlo Parks,6e8e3717-a62d-4a3f-886d-6a4e82507930,GB,Person,2000,r&b,3
Arlo Parks,6e8e3717-a62d-4a3f-886d-6a4e82507930,GB,Person,2000,alternative r&b,1
Arlo Parks,6e8e3717-a62d-4a3f-886d-6a4e82507930,GB,Person,2000,bedroom pop,1
Daft Punk,056e4f3e-d505-4dad-8ec1-d04f521cbb56,FR,Group,1993,electronic,40
Daft Punk,056e4f3e-d505-4dad-8ec1-d04f521cbb56,FR,Group,1993,synthpop,1
Daft Punk,056e4f3e-d505-4dad-8ec1-d04f521cbb56,FR,Group,1993,pop,1
Daft Punk,056e4f3e-d505-4dad-8ec1-d04f521cbb56,FR,Group,1993,french,8
Daft Punk,056e4f3e-d505-4dad-8ec1-d04f521cbb56,FR,Group,1993,dance,5
Daft Punk,056e4f3e-d505-4dad-8ec1-d04f521cbb56,FR,Group,1993,house,20
Daft Punk,056e4f3e-d505-4dad-8ec1-d04f521cbb56,FR,Group,1993,electro,2
Daft Punk,056e4f3e-d505-4dad-8ec1-d04f521cbb56,FR,Group,1993,vocoder,2
Daft Punk,056e4f3e-d505-4dad-8ec1-d04f521cbb56,FR,Group,1993,funk,2
Daft Punk,056e4f3e-d505-4dad-8ec1-d04f521cbb56,FR,Group,1993,techno,1
Daft Punk,056e4f3e-d505-4dad-8ec1-d04f521cbb56,FR,Group,1993,electronica,2
Daft Punk,056e4f3e-d505-4dad-8ec1-d04f521cbb56,FR,Group,1993,synth-pop,2
Daft Punk,056e4f3e-d505-4dad-8ec1-d04f521cbb56,FR,Group,1993,disco,4
Daft Punk,056e4f3e-d505-4dad-8ec1-d04f521cbb56,FR,Group,1993,favourite,-1
Daft Punk,056e4f3e-d505-4dad-8ec1-d04f521cbb56,FR,Group,1993,tech house,0
Daft Punk,056e4f3e-d505-4dad-8ec1-d04f521cbb56,FR,Group,1993,indie dance,1
Daft Punk,056e4f3e-d505-4dad-8ec1-d04f521cbb56,FR,Group,1993,film score,2
Daft Punk,056e4f3e-d505-4dad-8ec1-d04f521cbb56,FR,Group,1993,wp musicians,-1
Daft Punk,056e4f3e-d505-4dad-8ec1-d04f521cbb56,FR,Group,1993,electroclash,1
Daft Punk,056e4f3e-d505-4dad-8ec1-d04f521cbb56,FR,Group,1993,european,1
Daft Punk,056e4f3e-d505-4dad-8ec1-d04f521cbb56,FR,Group,1993,club,2
Daft Punk,056e4f3e-d505-4dad-8ec1-d04f521cbb56,FR,Group,1993,electro house,2
Daft Punk,056e4f3e-d505-4dad-8ec1-d04f521cbb56,FR,Group,1993,french touch,1
Daft Punk,056e4f3e-d505-4dad-8ec1-d04f521cbb56,FR,Group,1993,french house,18
Daft Punk,056e4f3e-d505-4dad-8ec1-d04f521cbb56,FR,Group,1993,edm,1
Daft Punk,056e4f3e-d505-4dad-8ec1-d04f521cbb56,FR,Group,1993,dance and electronica,1
Daft Punk,056e4f3e-d505-4dad-8ec1-d04f521cbb56,FR,Group,1993,electronic rock,2
Daft Punk,056e4f3e-d505-4dad-8ec1-d04f521cbb56,FR,Group,1993,dance music,2
Daft Punk,056e4f3e-d505-4dad-8ec1-d04f521cbb56,FR,Group,1993,nu disco,2
Daft Punk,056e4f3e-d505-4dad-8ec1-d04f521cbb56,FR,Group,1993,thomas bangalter,0
Daft Punk,056e4f3e-d505-4dad-8ec1-d04f521cbb56,FR,Group,1993,nu-disco,1
Daft Punk,056e4f3e-d505-4dad-8ec1-d04f521cbb56,FR,Group,1993,left-field house,2
Daft Punk,056e4f3e-d505-4dad-8ec1-d04f521cbb56,FR,Group,1993,r&b,1
Daft Punk,056e4f3e-d505-4dad-8ec1-d04f521cbb56,FR,Group,1993,house music,2
Daft Punk,056e4f3e-d505-4dad-8ec1-d04f521cbb56,FR,Group,1993,trap,1
Daft Punk,056e4f3e-d505-4dad-8ec1-d04f521cbb56,FR,Group,1993,future bass,0
Daft Punk,056e4f3e-d505-4dad-8ec1-d04f521cbb56,FR,Group,1993,organic house,1
Daft Punk,056e4f3e-d505-4dad-8ec1-d04f521cbb56,FR,Group,1993,french electro,2
Daft Punk,056e4f3e-d505-4dad-8ec1-d04f521cbb56,FR,Group,1993,leftfield house,2
Daft Punk,056e4f3e-d505-4dad-8ec1-d04f521cbb56,FR,Group,1993,jackin house,1
Daft Punk,056e4f3e-d505-4dad-8ec1-d04f521cbb56,FR,Group,1993,dj tools / acapellas,1
Cloonee,b643c24d-4cd6-4531-88bc-62b39ce43ee1,GB,Person,,,0
Spyro Gyra,9a7c8025-1af8-42cd-8df8-857220610bc5,US,Group,1974,jazz fusion,1
Spyro Gyra,9a7c8025-1af8-42cd-8df8-857220610bc5,US,Group,1974,fusion,1
Spyro Gyra,9a7c8025-1af8-42cd-8df8-857220610bc5,US,Group,1974,jazz,1
"Grover Washington, Jr.",c60e178f-36f1-4169-9c03-84addbdbf104,US,Person,1943,jazz,3
"Grover Washington, Jr.",c60e178f-36f1-4169-9c03-84addbdbf104,US,Person,1943,jazz fusion,1
"Grover Washington, Jr.",c60e178f-36f1-4169-9c03-84addbdbf104,US,Person,1943,jazz-funk,2
"Grover Washington, Jr.",c60e178f-36f1-4169-9c03-84addbdbf104,US,Person,1943,contemporary jazz,1
"Grover Washington, Jr.",c60e178f-36f1-4169-9c03-84addbdbf104,US,Person,1943,soul jazz,3
"Grover Washington, Jr.",c60e178f-36f1-4169-9c03-84addbdbf104,US,Person,1943,smooth jazz,3
"Grover Washington, Jr.",c60e178f-36f1-4169-9c03-84addbdbf104,US,Person,1943,jazz and blues,0
"Grover Washington, Jr.",c60e178f-36f1-4169-9c03-84addbdbf104,US,Person,1943,smooth soul,1
"Grover Washington, Jr.",c60e178f-36f1-4169-9c03-84addbdbf104,US,Person,1943,death by heart attack,-1
Ryuichi Sakamoto,6edc70bb-c340-4ae6-bdd4-d5fb0c7411de,,Group,,dance and electronica,0
Ryuichi Sakamoto,6edc70bb-c340-4ae6-bdd4-d5fb0c7411de,,Group,,split?,-1
Víkingur Ólafsson,cea4a3b8-c26c-4b61-a243-cf72555e2c71,IS,Person,1984,classical,1
Víkingur Ólafsson,cea4a3b8-c26c-4b61-a243-cf72555e2c71,IS,Person,1984,icelandic pianist,1
Zach Top,9939a762-5ca9-4c12-a735-0d62e21df4e3,US,Person,1997,country,1
Zach Top,9939a762-5ca9-4c12-a735-0d62e21df4e3,US,Person,1997,honky tonk,1
Zach Top,9939a762-5ca9-4c12-a735-0d62e21df4e3,US,Person,1997,neo-traditional country,1
Dolly Parton,1d543e07-d0d2-4834-a8db-d65c50c2a856,US,Person,1946,rock,1
Dolly Parton,1d543e07-d0d2-4834-a8db-d65c50c2a856,US,Person,1946,pop,4
Dolly Parton,1d543e07-d0d2-4834-a8db-d65c50c2a856,US,Person,1946,folk,0
Dolly Parton,1d543e07-d0d2-4834-a8db-d65c50c2a856,US,Person,1946,dance,1
Dolly Parton,1d543e07-d0d2-4834-a8db-d65c50c2a856,US,Person,1946,american,0
Dolly Parton,1d543e07-d0d2-4834-a8db-d65c50c2a856,US,Person,1946,hip hop,1
Dolly Parton,1d543e07-d0d2-4834-a8db-d65c50c2a856,US,Person,1946,bluegrass,6
Dolly Parton,1d543e07-d0d2-4834-a8db-d65c50c2a856,US,Person,1946,country,16
Dolly Parton,1d543e07-d0d2-4834-a8db-d65c50c2a856,US,Person,1946,ballad,1
Dolly Parton,1d543e07-d0d2-4834-a8db-d65c50c2a856,US,Person,1946,country pop,5
Dolly Parton,1d543e07-d0d2-4834-a8db-d65c50c2a856,US,Person,1946,indie dance,1
Dolly Parton,1d543e07-d0d2-4834-a8db-d65c50c2a856,US,Person,1946,honky tonk,1
Dolly Parton,1d543e07-d0d2-4834-a8db-d65c50c2a856,US,Person,1946,nashville sound,2
Dolly Parton,1d543e07-d0d2-4834-a8db-d65c50c2a856,US,Person,1946,traditional country,1
Dolly Parton,1d543e07-d0d2-4834-a8db-d65c50c2a856,US,Person,1946,contemporary country,1
Dolly Parton,1d543e07-d0d2-4834-a8db-d65c50c2a856,US,Person,1946,gospel music,1
Dolly Parton,1d543e07-d0d2-4834-a8db-d65c50c2a856,US,Person,1946,classic country,1
Dolly Parton,1d543e07-d0d2-4834-a8db-d65c50c2a856,US,Person,1946,country-pop,1
Dolly Parton,1d543e07-d0d2-4834-a8db-d65c50c2a856,US,Person,1946,country-folk,1
Dolly Parton,1d543e07-d0d2-4834-a8db-d65c50c2a856,US,Person,1946,urban cowboy,1
Dolly Parton,1d543e07-d0d2-4834-a8db-d65c50c2a856,US,Person,1946,folk music,1
Dolly Parton,1d543e07-d0d2-4834-a8db-d65c50c2a856,US,Person,1946,progressive country,1
Dolly Parton,1d543e07-d0d2-4834-a8db-d65c50c2a856,US,Person,1946,2008 universal fire victim,2
Dolly Parton,1d543e07-d0d2-4834-a8db-d65c50c2a856,US,Person,1946,nuno,1
Ray Charles,2ce02909-598b-44ef-a456-151ba0a3bd70,US,Person,1930,pop,0
Ray Charles,2ce02909-598b-44ef-a456-151ba0a3bd70,US,Person,1930,jazz,5
Ray Charles,2ce02909-598b-44ef-a456-151ba0a3bd70,US,Person,1930,american,0
Ray Charles,2ce02909-598b-44ef-a456-151ba0a3bd70,US,Person,1930,blues,3
Ray Charles,2ce02909-598b-44ef-a456-151ba0a3bd70,US,Person,1930,country,0
Ray Charles,2ce02909-598b-44ef-a456-151ba0a3bd70,US,Person,1930,soul,5
Ray Charles,2ce02909-598b-44ef-a456-151ba0a3bd70,US,Person,1930,rnb,0
Ray Charles,2ce02909-598b-44ef-a456-151ba0a3bd70,US,Person,1930,gospel,0
Ray Charles,2ce02909-598b-44ef-a456-151ba0a3bd70,US,Person,1930,vocal jazz,0
Ray Charles,2ce02909-598b-44ef-a456-151ba0a3bd70,US,Person,1930,rhythm and blues,1
Ray Charles,2ce02909-598b-44ef-a456-151ba0a3bd70,US,Person,1930,country blues,0
Ray Charles,2ce02909-598b-44ef-a456-151ba0a3bd70,US,Person,1930,soul blues,0
Ray Charles,2ce02909-598b-44ef-a456-151ba0a3bd70,US,Person,1930,piano blues,0
Ray Charles,2ce02909-598b-44ef-a456-151ba0a3bd70,US,Person,1930,soul jazz,0
Ray Charles,2ce02909-598b-44ef-a456-151ba0a3bd70,US,Person,1930,classic pop and rock,0
Ray Charles,2ce02909-598b-44ef-a456-151ba0a3bd70,US,Person,1930,jazz blues,1
Ray Charles,2ce02909-598b-44ef-a456-151ba0a3bd70,US,Person,1930,death by lung cancer,-2
Ray Charles,2ce02909-598b-44ef-a456-151ba0a3bd70,US,Person,1930,the way i feel,0
Ray Charles,2ce02909-598b-44ef-a456-151ba0a3bd70,US,Person,1930,r&b,2
Ray Charles,2ce02909-598b-44ef-a456-151ba0a3bd70,US,Person,1930,country soul,0
Ray Charles,2ce02909-598b-44ef-a456-151ba0a3bd70,US,Person,1930,rhythm & blues,0
Ray Charles,2ce02909-598b-44ef-a456-151ba0a3bd70,US,Person,1930,live in concert,0
Ray Charles,2ce02909-598b-44ef-a456-151ba0a3bd70,US,Person,1930,2008 universal fire victim,1
Ray Charles,2ce02909-598b-44ef-a456-151ba0a3bd70,US,Person,1930,aln-sh,1
Eric Clapton,618b6900-0618-4f1e-b835-bccb17f84294,GB,Person,1945,rock,9
Eric Clapton,618b6900-0618-4f1e-b835-bccb17f84294,GB,Person,1945,pop,0
Eric Clapton,618b6900-0618-4f1e-b835-bccb17f84294,GB,Person,1945,blues,14
Eric Clapton,618b6900-0618-4f1e-b835-bccb17f84294,GB,Person,1945,british,0
Eric Clapton,618b6900-0618-4f1e-b835-bccb17f84294,GB,Person,1945,guitar,1
Eric Clapton,618b6900-0618-4f1e-b835-bccb17f84294,GB,Person,1945,reggae,0
Eric Clapton,618b6900-0618-4f1e-b835-bccb17f84294,GB,Person,1945,hard rock,0
Eric Clapton,618b6900-0618-4f1e-b835-bccb17f84294,GB,Person,1945,psychedelic rock,0
Eric Clapton,618b6900-0618-4f1e-b835-bccb17f84294,GB,Person,1945,blues rock,12
Eric Clapton,618b6900-0618-4f1e-b835-bccb17f84294,GB,Person,1945,soft rock,1
Eric Clapton,618b6900-0618-4f1e-b835-bccb17f84294,GB,Person,1945,pop rock,0
Eric Clapton,618b6900-0618-4f1e-b835-bccb17f84294,GB,Person,1945,electric blues,0
Eric Clapton,618b6900-0618-4f1e-b835-bccb17f84294,GB,Person,1945,british blues,0
Eric Clapton,618b6900-0618-4f1e-b835-bccb17f84294,GB,Person,1945,classic pop and rock,-1
Eric Clapton,618b6900-0618-4f1e-b835-bccb17f84294,GB,Person,1945,acoustic blues,0
Eric Clapton,618b6900-0618-4f1e-b835-bccb17f84294,GB,Person,1945,clapton,-1
Eric Clapton,618b6900-0618-4f1e-b835-bccb17f84294,GB,Person,1945,immortal,-1
Eric Clapton,618b6900-0618-4f1e-b835-bccb17f84294,GB,Person,1945,eric clapton,-1
Eric Clapton,618b6900-0618-4f1e-b835-bccb17f84294,GB,Person,1945,guitarists,1
Eric Clapton,618b6900-0618-4f1e-b835-bccb17f84294,GB,Person,1945,pop/rock,0
Eric Clapton,618b6900-0618-4f1e-b835-bccb17f84294,GB,Person,1945,24 nights,-1
Eric Clapton,618b6900-0618-4f1e-b835-bccb17f84294,GB,Person,1945,montreux,0
Eric Clapton,618b6900-0618-4f1e-b835-bccb17f84294,GB,Person,1945,british rhythm & blues,0
Eric Clapton,618b6900-0618-4f1e-b835-bccb17f84294,GB,Person,1945,has german audiobooks,0
Eric Clapton,618b6900-0618-4f1e-b835-bccb17f84294,GB,Person,1945,2008 universal fire victim,0
Delroy Wilson,19b3c333-bfc3-4915-ace8-cdb4a5a79a9b,JM,Person,1948,reggae,1
Delroy Wilson,19b3c333-bfc3-4915-ace8-cdb4a5a79a9b,JM,Person,1948,lovers rock,1
Yellowman,870ec051-e50e-4bf9-b704-6098fe0e0297,JM,Person,1956,reggae,2
Yellowman,870ec051-e50e-4bf9-b704-6098fe0e0297,JM,Person,1956,dancehall,1
Yellowman,870ec051-e50e-4bf9-b704-6098fe0e0297,JM,Person,1956,girl,0
Yellowman,870ec051-e50e-4bf9-b704-6098fe0e0297,JM,Person,1956,soul and reggae,1
Sister Nancy,73ee98fc-7e8c-465d-b42c-8772ebc53de8,JM,Person,1962,,0
Johnny Osbourne,74dca2c7-d7dc-4b13-bd17-502a35db042a,JM,Person,1948,reggae,3
Johnny Osbourne,74dca2c7-d7dc-4b13-bd17-502a35db042a,JM,Person,1948,roots reggae,1
Johnny Osbourne,74dca2c7-d7dc-4b13-bd17-502a35db042a,JM,Person,1948,dancehall,3
Joe Higgs,d78d71bb-7260-43ef-b12f-e2f8eb26b153,JM,Person,1940,reggae,1
Joe Higgs,d78d71bb-7260-43ef-b12f-e2f8eb26b153,JM,Person,1940,roots reggae,1
Joe Higgs,d78d71bb-7260-43ef-b12f-e2f8eb26b153,JM,Person,1940,soul and reggae,1
Destin Conrad,66d80005-1809-4b72-a57a-3414e1c63d93,,Person,,jazz,1
Destin Conrad,66d80005-1809-4b72-a57a-3414e1c63d93,,Person,,mellow,1
Destin Conrad,66d80005-1809-4b72-a57a-3414e1c63d93,,Person,,reggae,1
Destin Conrad,66d80005-1809-4b72-a57a-3414e1c63d93,,Person,,chill,1
Destin Conrad,66d80005-1809-4b72-a57a-3414e1c63d93,,Person,,queer,1
Destin Conrad,66d80005-1809-4b72-a57a-3414e1c63d93,,Person,,alternative jazz,1
Destin Conrad,66d80005-1809-4b72-a57a-3414e1c63d93,,Person,,r&b,1
Destin Conrad,66d80005-1809-4b72-a57a-3414e1c63d93,,Person,,alternative r&b,1
Judas Priest,6b335658-22c8-485d-93de-0bc29a1d0349,GB,Group,1969,heavy metal,29
Judas Priest,6b335658-22c8-485d-93de-0bc29a1d0349,GB,Group,1969,metal,4
Judas Priest,6b335658-22c8-485d-93de-0bc29a1d0349,GB,Group,1969,british,4
Judas Priest,6b335658-22c8-485d-93de-0bc29a1d0349,GB,Group,1969,hard rock,1
Judas Priest,6b335658-22c8-485d-93de-0bc29a1d0349,GB,Group,1969,nwobhm,5
Judas Priest,6b335658-22c8-485d-93de-0bc29a1d0349,GB,Group,1969,groove metal,0
Judas Priest,6b335658-22c8-485d-93de-0bc29a1d0349,GB,Group,1969,classic pop and rock,-1
Judas Priest,6b335658-22c8-485d-93de-0bc29a1d0349,GB,Group,1969,reino unido,0
Korn,ac865b2e-bba8-4f5a-8756-dd40d5e39f46,US,Group,1993,rock,3
Korn,ac865b2e-bba8-4f5a-8756-dd40d5e39f46,US,Group,1993,alternative rock,4
Korn,ac865b2e-bba8-4f5a-8756-dd40d5e39f46,US,Group,1993,industrial,0
Korn,ac865b2e-bba8-4f5a-8756-dd40d5e39f46,US,Group,1993,heavy metal,1
Korn,ac865b2e-bba8-4f5a-8756-dd40d5e39f46,US,Group,1993,industrial rock,0
Korn,ac865b2e-bba8-4f5a-8756-dd40d5e39f46,US,Group,1993,industrial metal,-1
Korn,ac865b2e-bba8-4f5a-8756-dd40d5e39f46,US,Group,1993,metal,8
Korn,ac865b2e-bba8-4f5a-8756-dd40d5e39f46,US,Group,1993,american,1
Korn,ac865b2e-bba8-4f5a-8756-dd40d5e39f46,US,Group,1993,hard rock,0
Korn,ac865b2e-bba8-4f5a-8756-dd40d5e39f46,US,Group,1993,nu metal,25
Korn,ac865b2e-bba8-4f5a-8756-dd40d5e39f46,US,Group,1993,new metal,-1
Korn,ac865b2e-bba8-4f5a-8756-dd40d5e39f46,US,Group,1993,acoustic rock,-1
Korn,ac865b2e-bba8-4f5a-8756-dd40d5e39f46,US,Group,1993,alternative metal,13
Korn,ac865b2e-bba8-4f5a-8756-dd40d5e39f46,US,Group,1993,california,0
Korn,ac865b2e-bba8-4f5a-8756-dd40d5e39f46,US,Group,1993,nu-metal,-1
Korn,ac865b2e-bba8-4f5a-8756-dd40d5e39f46,US,Group,1993,united states,-2
Korn,ac865b2e-bba8-4f5a-8756-dd40d5e39f46,US,Group,1993,brostep,0
Korn,ac865b2e-bba8-4f5a-8756-dd40d5e39f46,US,Group,1993,hard alternative,0
Motionless In White,1c5b9bd6-76e8-4fe7-a6df-3bc0b5a452cc,US,Group,2005,hardcore,1
Motionless In White,1c5b9bd6-76e8-4fe7-a6df-3bc0b5a452cc,US,Group,2005,industrial metal,5
Motionless In White,1c5b9bd6-76e8-4fe7-a6df-3bc0b5a452cc,US,Group,2005,metal,2
Motionless In White,1c5b9bd6-76e8-4fe7-a6df-3bc0b5a452cc,US,Group,2005,metalcore,10
Motionless In White,1c5b9bd6-76e8-4fe7-a6df-3bc0b5a452cc,US,Group,2005,gothic metal,5
Motionless In White,1c5b9bd6-76e8-4fe7-a6df-3bc0b5a452cc,US,Group,2005,nu metal,3
Motionless In White,1c5b9bd6-76e8-4fe7-a6df-3bc0b5a452cc,US,Group,2005,alternative metal,3
Motionless In White,1c5b9bd6-76e8-4fe7-a6df-3bc0b5a452cc,US,Group,2005,post-hardcore,1
Rauw Alejandro,197b70c7-8910-4030-ad03-632d82aa40e3,PR,Person,1993,hip hop,2
Rauw Alejandro,197b70c7-8910-4030-ad03-632d82aa40e3,PR,Person,1993,latin urban,4
Rauw Alejandro,197b70c7-8910-4030-ad03-632d82aa40e3,PR,Person,1993,reggaeton,2
Rauw Alejandro,197b70c7-8910-4030-ad03-632d82aa40e3,PR,Person,1993,trap latino,2
Rauw Alejandro,197b70c7-8910-4030-ad03-632d82aa40e3,PR,Person,1993,latin,4
Fela Kuti,6514cffa-fbe0-4965-ad88-e998ead8a82a,NG,Person,1938,jazz,2
Fela Kuti,6514cffa-fbe0-4965-ad88-e998ead8a82a,NG,Person,1938,world,0
Fela Kuti,6514cffa-fbe0-4965-ad88-e998ead8a82a,NG,Person,1938,jazz-funk,1
Fela Kuti,6514cffa-fbe0-4965-ad88-e998ead8a82a,NG,Person,1938,afrobeat,7
Fela Kuti,6514cffa-fbe0-4965-ad88-e998ead8a82a,NG,Person,1938,nigerian,3
Fela Kuti,6514cffa-fbe0-4965-ad88-e998ead8a82a,NG,Person,1938,african,4
Fela Kuti,6514cffa-fbe0-4965-ad88-e998ead8a82a,NG,Person,1938,afro-beat,2
Fela Kuti,6514cffa-fbe0-4965-ad88-e998ead8a82a,NG,Person,1938,jùjú,2
Geraldo Pino,4167523a-0bc2-4bb0-9d34-233f74d9e386,NG,Person,1939,,0
Romeo Santos,35f343df-3b87-4475-b0e4-d2ba5cc26eea,US,Person,1981,latin,2
Romeo Santos,35f343df-3b87-4475-b0e4-d2ba5cc26eea,US,Person,1981,bachata,3
Romeo Santos,35f343df-3b87-4475-b0e4-d2ba5cc26eea,US,Person,1981,música tropical,1
Romeo Santos,35f343df-3b87-4475-b0e4-d2ba5cc26eea,US,Person,1981,bookmark,1
Soundscapes!,fa734509-f102-4206-b319-36511c5214c5,,,,,0
Samuel E. Wright,32c95bd9-68ee-4f64-923c-530de6b283a1,US,Person,1946,,0
*NSYNC,603ba565-3967-4be1-931e-9cb945394e86,US,Group,1995,pop,4
*NSYNC,603ba565-3967-4be1-931e-9cb945394e86,US,Group,1995,90s,1
*NSYNC,603ba565-3967-4be1-931e-9cb945394e86,US,Group,1995,1990s,1
*NSYNC,603ba565-3967-4be1-931e-9cb945394e86,US,Group,1995,2000s,1
*NSYNC,603ba565-3967-4be1-931e-9cb945394e86,US,Group,1995,dance-pop,3
*NSYNC,603ba565-3967-4be1-931e-9cb945394e86,US,Group,1995,blue-eyed soul,1
*NSYNC,603ba565-3967-4be1-931e-9cb945394e86,US,Group,1995,boy band,3
*NSYNC,603ba565-3967-4be1-931e-9cb945394e86,US,Group,1995,00s,1
*NSYNC,603ba565-3967-4be1-931e-9cb945394e86,US,Group,1995,pop and chart,0
*NSYNC,603ba565-3967-4be1-931e-9cb945394e86,US,Group,1995,teen pop,2
*NSYNC,603ba565-3967-4be1-931e-9cb945394e86,US,Group,1995,pop soul,1
*NSYNC,603ba565-3967-4be1-931e-9cb945394e86,US,Group,1995,r&b,1
My Little Pony,e8b455f6-d0ab-455f-b8c4-8a113c8ea5d8,,Other,1983,soundtrack,2
My Little Pony,e8b455f6-d0ab-455f-b8c4-8a113c8ea5d8,,Other,1983,fixme,1
My Little Pony,e8b455f6-d0ab-455f-b8c4-8a113c8ea5d8,,Other,1983,bogus artist,1
My Little Pony,e8b455f6-d0ab-455f-b8c4-8a113c8ea5d8,,Other,1983,my little pony,3
My Little Pony,e8b455f6-d0ab-455f-b8c4-8a113c8ea5d8,,Other,1983,pony,2
My Little Pony,e8b455f6-d0ab-455f-b8c4-8a113c8ea5d8,,Other,1983,mlp,3
My Little Pony,e8b455f6-d0ab-455f-b8c4-8a113c8ea5d8,,Other,1983,series title as artist,4
My Little Pony,e8b455f6-d0ab-455f-b8c4-8a113c8ea5d8,,Other,1983,my little pony on cover,1
Toquinho,390ff98c-0614-4927-8b94-db7b40a92bbe,BR,Person,1946,,0
Tame Impala,63aa26c3-d59b-4da4-84ac-716b54f1ef4d,AU,Person,1986,rock,1
Tame Impala,63aa26c3-d59b-4da4-84ac-716b54f1ef4d,AU,Person,1986,synthpop,0
Tame Impala,63aa26c3-d59b-4da4-84ac-716b54f1ef4d,AU,Person,1986,pop,1
Tame Impala,63aa26c3-d59b-4da4-84ac-716b54f1ef4d,AU,Person,1986,alternative rock,5
Tame Impala,63aa26c3-d59b-4da4-84ac-716b54f1ef4d,AU,Person,1986,australian,1
Tame Impala,63aa26c3-d59b-4da4-84ac-716b54f1ef4d,AU,Person,1986,perth,1
Tame Impala,63aa26c3-d59b-4da4-84ac-716b54f1ef4d,AU,Person,1986,indie rock,3
Tame Impala,63aa26c3-d59b-4da4-84ac-716b54f1ef4d,AU,Person,1986,remix,1
Tame Impala,63aa26c3-d59b-4da4-84ac-716b54f1ef4d,AU,Person,1986,indie,1
Tame Impala,63aa26c3-d59b-4da4-84ac-716b54f1ef4d,AU,Person,1986,alternative,1
Tame Impala,63aa26c3-d59b-4da4-84ac-716b54f1ef4d,AU,Person,1986,synth-pop,3
Tame Impala,63aa26c3-d59b-4da4-84ac-716b54f1ef4d,AU,Person,1986,psychedelic rock,14
Tame Impala,63aa26c3-d59b-4da4-84ac-716b54f1ef4d,AU,Person,1986,psychedelic,1
Tame Impala,63aa26c3-d59b-4da4-84ac-716b54f1ef4d,AU,Person,1986,favourite,0
Tame Impala,63aa26c3-d59b-4da4-84ac-716b54f1ef4d,AU,Person,1986,leftfield,1
Tame Impala,63aa26c3-d59b-4da4-84ac-716b54f1ef4d,AU,Person,1986,psychedelic pop,9
Tame Impala,63aa26c3-d59b-4da4-84ac-716b54f1ef4d,AU,Person,1986,space rock,1
Tame Impala,63aa26c3-d59b-4da4-84ac-716b54f1ef4d,AU,Person,1986,neo-psychedelia,13
Tame Impala,63aa26c3-d59b-4da4-84ac-716b54f1ef4d,AU,Person,1986,dream pop,3
Tame Impala,63aa26c3-d59b-4da4-84ac-716b54f1ef4d,AU,Person,1986,alternative dance,1
Tame Impala,63aa26c3-d59b-4da4-84ac-716b54f1ef4d,AU,Person,1986,australia,2
Tame Impala,63aa26c3-d59b-4da4-84ac-716b54f1ef4d,AU,Person,1986,indietronica,2
Tame Impala,63aa26c3-d59b-4da4-84ac-716b54f1ef4d,AU,Person,1986,cover,1
Tame Impala,63aa26c3-d59b-4da4-84ac-716b54f1ef4d,AU,Person,1986,chill,1
Tame Impala,63aa26c3-d59b-4da4-84ac-716b54f1ef4d,AU,Person,1986,dance music,1
Tame Impala,63aa26c3-d59b-4da4-84ac-716b54f1ef4d,AU,Person,1986,neo-psychedelic,1
Tame Impala,63aa26c3-d59b-4da4-84ac-716b54f1ef4d,AU,Person,1986,alternative/indie rock,1
Tame Impala,63aa26c3-d59b-4da4-84ac-716b54f1ef4d,AU,Person,1986,psychedellic rock,1
Tame Impala,63aa26c3-d59b-4da4-84ac-716b54f1ef4d,AU,Person,1986,left-field pop,1
Tame Impala,63aa26c3-d59b-4da4-84ac-716b54f1ef4d,AU,Person,1986,neo-disco,1
Tame Impala,63aa26c3-d59b-4da4-84ac-716b54f1ef4d,AU,Person,1986,psicodelic rock,0
Taylor Swift,20244d07-534f-4eff-b4d4-930878889970,US,Person,1989,pop,41
Taylor Swift,20244d07-534f-4eff-b4d4-930878889970,US,Person,1989,dance,1
Taylor Swift,20244d07-534f-4eff-b4d4-930878889970,US,Person,1989,singer-songwriter,11
Taylor Swift,20244d07-534f-4eff-b4d4-930878889970,US,Person,1989,country,27
Taylor Swift,20244d07-534f-4eff-b4d4-930878889970,US,Person,1989,synth-pop,6
Taylor Swift,20244d07-534f-4eff-b4d4-930878889970,US,Person,1989,electropop,3
Taylor Swift,20244d07-534f-4eff-b4d4-930878889970,US,Person,1989,americana,1
Taylor Swift,20244d07-534f-4eff-b4d4-930878889970,US,Person,1989,female vocals,17
Taylor Swift,20244d07-534f-4eff-b4d4-930878889970,US,Person,1989,indie pop,2
Taylor Swift,20244d07-534f-4eff-b4d4-930878889970,US,Person,1989,icon,11
Taylor Swift,20244d07-534f-4eff-b4d4-930878889970,US,Person,1989,2000s,4
Taylor Swift,20244d07-534f-4eff-b4d4-930878889970,US,Person,1989,dance-pop,1
Taylor Swift,20244d07-534f-4eff-b4d4-930878889970,US,Person,1989,indie folk,4
Taylor Swift,20244d07-534f-4eff-b4d4-930878889970,US,Person,1989,pop rock,9
Taylor Swift,20244d07-534f-4eff-b4d4-930878889970,US,Person,1989,country pop,25
Taylor Swift,20244d07-534f-4eff-b4d4-930878889970,US,Person,1989,alternative pop,3
Taylor Swift,20244d07-534f-4eff-b4d4-930878889970,US,Person,1989,folk pop,2
Taylor Swift,20244d07-534f-4eff-b4d4-930878889970,US,Person,1989,chamber pop,2
Taylor Swift,20244d07-534f-4eff-b4d4-930878889970,US,Person,1989,contemporary country,7
Taylor Swift,20244d07-534f-4eff-b4d4-930878889970,US,Person,1989,teen pop,2
Taylor Swift,20244d07-534f-4eff-b4d4-930878889970,US,Person,1989,top 40,1
Taylor Swift,20244d07-534f-4eff-b4d4-930878889970,US,Person,1989,country-pop,-1
Taylor Swift,20244d07-534f-4eff-b4d4-930878889970,US,Person,1989,taylor-swift,-2
Taylor Swift,20244d07-534f-4eff-b4d4-930878889970,US,Person,1989,re-recording,3
Taylor Swift,20244d07-534f-4eff-b4d4-930878889970,US,Person,1989,singer/songwriter,20
Taylor Swift,20244d07-534f-4eff-b4d4-930878889970,US,Person,1989,list,2
Taylor Swift,20244d07-534f-4eff-b4d4-930878889970,US,Person,1989,2010s,11
Taylor Swift,20244d07-534f-4eff-b4d4-930878889970,US,Person,1989,fixme label mess,-2
Taylor Swift,20244d07-534f-4eff-b4d4-930878889970,US,Person,1989,hp,-2
Taylor Swift,20244d07-534f-4eff-b4d4-930878889970,US,Person,1989,millennial,3
Taylor Swift,20244d07-534f-4eff-b4d4-930878889970,US,Person,1989,relic inn,1
Taylor Swift,20244d07-534f-4eff-b4d4-930878889970,US,Person,1989,2020s,11
Taylor Swift,20244d07-534f-4eff-b4d4-930878889970,US,Person,1989,loves planes,-1
Taylor Swift,20244d07-534f-4eff-b4d4-930878889970,US,Person,1989,late 2000s,4
Taylor Swift,20244d07-534f-4eff-b4d4-930878889970,US,Person,1989,nuno,2
Taylor Swift,20244d07-534f-4eff-b4d4-930878889970,US,Person,1989,artist of the decade,4
Taylor Swift,20244d07-534f-4eff-b4d4-930878889970,US,Person,1989,cultural icon,3
Ariana Grande,f4fdbb4c-e4b7-47a0-b83b-d91bbfcfa387,US,Person,1993,pop,20
Ariana Grande,f4fdbb4c-e4b7-47a0-b83b-d91bbfcfa387,US,Person,1993,electropop,-1
Ariana Grande,f4fdbb4c-e4b7-47a0-b83b-d91bbfcfa387,US,Person,1993,female vocals,-2
Ariana Grande,f4fdbb4c-e4b7-47a0-b83b-d91bbfcfa387,US,Person,1993,dance-pop,3
Ariana Grande,f4fdbb4c-e4b7-47a0-b83b-d91bbfcfa387,US,Person,1993,blue-eyed soul,0
Ariana Grande,f4fdbb4c-e4b7-47a0-b83b-d91bbfcfa387,US,Person,1993,english,-1
Ariana Grande,f4fdbb4c-e4b7-47a0-b83b-d91bbfcfa387,US,Person,1993,electro house,-2
Ariana Grande,f4fdbb4c-e4b7-47a0-b83b-d91bbfcfa387,US,Person,1993,pop soul,0
Ariana Grande,f4fdbb4c-e4b7-47a0-b83b-d91bbfcfa387,US,Person,1993,r&b,5
Ariana Grande,f4fdbb4c-e4b7-47a0-b83b-d91bbfcfa387,US,Person,1993,contemporary r&b,2
Ariana Grande,f4fdbb4c-e4b7-47a0-b83b-d91bbfcfa387,US,Person,1993,2010s,0
Ariana Grande,f4fdbb4c-e4b7-47a0-b83b-d91bbfcfa387,US,Person,1993,trap,0
Ariana Grande,f4fdbb4c-e4b7-47a0-b83b-d91bbfcfa387,US,Person,1993,ag4,-1
Ariana Grande,f4fdbb4c-e4b7-47a0-b83b-d91bbfcfa387,US,Person,1993,trap soul,1
Ariana Grande,f4fdbb4c-e4b7-47a0-b83b-d91bbfcfa387,US,Person,1993,awful,-1
Ariana Grande,f4fdbb4c-e4b7-47a0-b83b-d91bbfcfa387,US,Person,1993,2020s,1
Ariana Grande,f4fdbb4c-e4b7-47a0-b83b-d91bbfcfa387,US,Person,1993,nuno,0
Olivia Dean,15e0d608-0869-429b-898d-3d8db3ecedd5,GB,Person,1999,pop,1
Olivia Dean,15e0d608-0869-429b-898d-3d8db3ecedd5,GB,Person,1999,female vocals,1
Olivia Dean,15e0d608-0869-429b-898d-3d8db3ecedd5,GB,Person,1999,indie pop,1
Olivia Dean,15e0d608-0869-429b-898d-3d8db3ecedd5,GB,Person,1999,neo soul,2
Olivia Dean,15e0d608-0869-429b-898d-3d8db3ecedd5,GB,Person,1999,pop soul,2
Olivia Dean,15e0d608-0869-429b-898d-3d8db3ecedd5,GB,Person,1999,2020s,1
Olivia Dean,15e0d608-0869-429b-898d-3d8db3ecedd5,GB,Person,1999,gen z,1
Zara Larsson,134e6410-6954-45d1-bd4a-0f2d2ad5471d,SE,Person,1997,pop,4
Zara Larsson,134e6410-6954-45d1-bd4a-0f2d2ad5471d,SE,Person,1997,dance,1
Zara Larsson,134e6410-6954-45d1-bd4a-0f2d2ad5471d,SE,Person,1997,hip hop,1
Zara Larsson,134e6410-6954-45d1-bd4a-0f2d2ad5471d,SE,Person,1997,soul,0
Zara Larsson,134e6410-6954-45d1-bd4a-0f2d2ad5471d,SE,Person,1997,synth-pop,1
Zara Larsson,134e6410-6954-45d1-bd4a-0f2d2ad5471d,SE,Person,1997,electropop,4
Zara Larsson,134e6410-6954-45d1-bd4a-0f2d2ad5471d,SE,Person,1997,disco,1
Zara Larsson,134e6410-6954-45d1-bd4a-0f2d2ad5471d,SE,Person,1997,dance-pop,4
Zara Larsson,134e6410-6954-45d1-bd4a-0f2d2ad5471d,SE,Person,1997,alternative pop,2
Zara Larsson,134e6410-6954-45d1-bd4a-0f2d2ad5471d,SE,Person,1997,uk bass,0
Zara Larsson,134e6410-6954-45d1-bd4a-0f2d2ad5471d,SE,Person,1997,contemporary r&b,3
Zara Larsson,134e6410-6954-45d1-bd4a-0f2d2ad5471d,SE,Person,1997,2010s,2
Zara Larsson,134e6410-6954-45d1-bd4a-0f2d2ad5471d,SE,Person,1997,roblox,0
Zara Larsson,134e6410-6954-45d1-bd4a-0f2d2ad5471d,SE,Person,1997,2020s,2
Zara Larsson,134e6410-6954-45d1-bd4a-0f2d2ad5471d,SE,Person,1997,gen z,1
Kacey Musgraves,d1393ecb-431b-4fde-a6ea-d769f2f040cb,US,Person,1988,easy listening,1
Kacey Musgraves,d1393ecb-431b-4fde-a6ea-d769f2f040cb,US,Person,1988,country,4
Kacey Musgraves,d1393ecb-431b-4fde-a6ea-d769f2f040cb,US,Person,1988,americana,1
Kacey Musgraves,d1393ecb-431b-4fde-a6ea-d769f2f040cb,US,Person,1988,country pop,2
Kacey Musgraves,d1393ecb-431b-4fde-a6ea-d769f2f040cb,US,Person,1988,alternative country,1
Kacey Musgraves,d1393ecb-431b-4fde-a6ea-d769f2f040cb,US,Person,1988,contemporary country,2
Cameron Whitcomb,87ac8ea4-4663-4d81-8f6a-8a80e318e9ec,,Person,2003,,0
Kane Brown,a62e299b-4707-4ff5-ad53-d80b2b03319d,US,Person,1993,country,2
Kane Brown,a62e299b-4707-4ff5-ad53-d80b2b03319d,US,Person,1993,country pop,1
Kane Brown,a62e299b-4707-4ff5-ad53-d80b2b03319d,US,Person,1993,alternative country,1
Kane Brown,a62e299b-4707-4ff5-ad53-d80b2b03319d,US,Person,1993,contemporary country,1
Kane Brown,a62e299b-4707-4ff5-ad53-d80b2b03319d,US,Person,1993,regional mexicano,1
Kane Brown,a62e299b-4707-4ff5-ad53-d80b2b03319d,US,Person,1993,bro-country,1
Max McNown,cc45b39c-c7c2-4db3-98f2-9c0220c76d7c,US,Person,2001,,0
Stone Temple Pilots,8c32bb01-58a3-453b-8050-8c0620edb0e5,US,Group,1990,rock,1
Stone Temple Pilots,8c32bb01-58a3-453b-8050-8c0620edb0e5,US,Group,1990,alternative rock,11
Stone Temple Pilots,8c32bb01-58a3-453b-8050-8c0620edb0e5,US,Group,1990,grunge,14
Stone Temple Pilots,8c32bb01-58a3-453b-8050-8c0620edb0e5,US,Group,1990,hard rock,5
Stone Temple Pilots,8c32bb01-58a3-453b-8050-8c0620edb0e5,US,Group,1990,power pop,1
Stone Temple Pilots,8c32bb01-58a3-453b-8050-8c0620edb0e5,US,Group,1990,glam rock,0
Stone Temple Pilots,8c32bb01-58a3-453b-8050-8c0620edb0e5,US,Group,1990,post-grunge,1
Stone Temple Pilots,8c32bb01-58a3-453b-8050-8c0620edb0e5,US,Group,1990,acoustic rock,1
Stone Temple Pilots,8c32bb01-58a3-453b-8050-8c0620edb0e5,US,Group,1990,alternative metal,2
Stone Temple Pilots,8c32bb01-58a3-453b-8050-8c0620edb0e5,US,Group,1990,pop rock,0
Stone Temple Pilots,8c32bb01-58a3-453b-8050-8c0620edb0e5,US,Group,1990,neo-psychedelia,2
Stone Temple Pilots,8c32bb01-58a3-453b-8050-8c0620edb0e5,US,Group,1990,alternative country,0
Stone Temple Pilots,8c32bb01-58a3-453b-8050-8c0620edb0e5,US,Group,1990,sloth,0
Stone Temple Pilots,8c32bb01-58a3-453b-8050-8c0620edb0e5,US,Group,1990,estados unidos,1
Brent Faiyaz,201412c6-7ced-472b-87a9-9259ec3c07d3,US,Person,1995,soul,1
Brent Faiyaz,201412c6-7ced-472b-87a9-9259ec3c07d3,US,Person,1995,neo soul,1
Brent Faiyaz,201412c6-7ced-472b-87a9-9259ec3c07d3,US,Person,1995,r&b,3
Brent Faiyaz,201412c6-7ced-472b-87a9-9259ec3c07d3,US,Person,1995,alternative r&b,1
Carrie Underwood,70f0e309-5418-49b6-a130-666e2f76eecd,US,Person,1983,pop,1
Carrie Underwood,70f0e309-5418-49b6-a130-666e2f76eecd,US,Person,1983,country,7
Carrie Underwood,70f0e309-5418-49b6-a130-666e2f76eecd,US,Person,1983,country rock,2
Carrie Underwood,70f0e309-5418-49b6-a130-666e2f76eecd,US,Person,1983,pop rock,2
Carrie Underwood,70f0e309-5418-49b6-a130-666e2f76eecd,US,Person,1983,country pop,3
Carrie Underwood,70f0e309-5418-49b6-a130-666e2f76eecd,US,Person,1983,american idol,2
Carrie Underwood,70f0e309-5418-49b6-a130-666e2f76eecd,US,Person,1983,contemporary country,2
Carrie Underwood,70f0e309-5418-49b6-a130-666e2f76eecd,US,Person,1983,pro trump,2
ANOTR,5f3be62e-d166-453e-a3ea-07b9227fafae,,Group,,,0
Bruno Mars,afb680f2-b6eb-4cd7-a70b-a63b25c763d5,US,Person,1985,rock,1
Bruno Mars,afb680f2-b6eb-4cd7-a70b-a63b25c763d5,US,Person,1985,pop,14
Bruno Mars,afb680f2-b6eb-4cd7-a70b-a63b25c763d5,US,Person,1985,new wave,1
Bruno Mars,afb680f2-b6eb-4cd7-a70b-a63b25c763d5,US,Person,1985,hip hop,2
Bruno Mars,afb680f2-b6eb-4cd7-a70b-a63b25c763d5,US,Person,1985,reggae,1
Bruno Mars,afb680f2-b6eb-4cd7-a70b-a63b25c763d5,US,Person,1985,funk,6
Bruno Mars,afb680f2-b6eb-4cd7-a70b-a63b25c763d5,US,Person,1985,soul,1
Bruno Mars,afb680f2-b6eb-4cd7-a70b-a63b25c763d5,US,Person,1985,pop rock,0
Bruno Mars,afb680f2-b6eb-4cd7-a70b-a63b25c763d5,US,Person,1985,new jack swing,1
Bruno Mars,afb680f2-b6eb-4cd7-a70b-a63b25c763d5,US,Person,1985,pop soul,0
Bruno Mars,afb680f2-b6eb-4cd7-a70b-a63b25c763d5,US,Person,1985,r&b,5
Bruno Mars,afb680f2-b6eb-4cd7-a70b-a63b25c763d5,US,Person,1985,contemporary pop/rock,1
Bruno Mars,afb680f2-b6eb-4cd7-a70b-a63b25c763d5,US,Person,1985,contemporary r&b,2
Bruno Mars,afb680f2-b6eb-4cd7-a70b-a63b25c763d5,US,Person,1985,2010s,1
Bruno Mars,afb680f2-b6eb-4cd7-a70b-a63b25c763d5,US,Person,1985,synth funk,0
Bruno Mars,afb680f2-b6eb-4cd7-a70b-a63b25c763d5,US,Person,1985,a filk artist,0
Bruno Mars,afb680f2-b6eb-4cd7-a70b-a63b25c763d5,US,Person,1985,relic inn,1
Bruno Mars,afb680f2-b6eb-4cd7-a70b-a63b25c763d5,US,Person,1985,music for soccer moms,1
Bon Jovi,5dcdb5eb-cb72-4e6e-9e63-b7bace604965,US,Group,1983,rock,16
Bon Jovi,5dcdb5eb-cb72-4e6e-9e63-b7bace604965,US,Group,1983,pop,1
Bon Jovi,5dcdb5eb-cb72-4e6e-9e63-b7bace604965,US,Group,1983,heavy metal,0
Bon Jovi,5dcdb5eb-cb72-4e6e-9e63-b7bace604965,US,Group,1983,metal,0
Bon Jovi,5dcdb5eb-cb72-4e6e-9e63-b7bace604965,US,Group,1983,american,0
Bon Jovi,5dcdb5eb-cb72-4e6e-9e63-b7bace604965,US,Group,1983,band,-1
Bon Jovi,5dcdb5eb-cb72-4e6e-9e63-b7bace604965,US,Group,1983,hard rock,15
Bon Jovi,5dcdb5eb-cb72-4e6e-9e63-b7bace604965,US,Group,1983,usa,-1
Bon Jovi,5dcdb5eb-cb72-4e6e-9e63-b7bace604965,US,Group,1983,glam rock,0
Bon Jovi,5dcdb5eb-cb72-4e6e-9e63-b7bace604965,US,Group,1983,country rock,1
Bon Jovi,5dcdb5eb-cb72-4e6e-9e63-b7bace604965,US,Group,1983,classic rock,3
Bon Jovi,5dcdb5eb-cb72-4e6e-9e63-b7bace604965,US,Group,1983,soft rock,0
Bon Jovi,5dcdb5eb-cb72-4e6e-9e63-b7bace604965,US,Group,1983,acoustic rock,0
Bon Jovi,5dcdb5eb-cb72-4e6e-9e63-b7bace604965,US,Group,1983,pop rock,6
Bon Jovi,5dcdb5eb-cb72-4e6e-9e63-b7bace604965,US,Group,1983,arena rock,6
Bon Jovi,5dcdb5eb-cb72-4e6e-9e63-b7bace604965,US,Group,1983,country pop,1
Bon Jovi,5dcdb5eb-cb72-4e6e-9e63-b7bace604965,US,Group,1983,glam metal,12
Bon Jovi,5dcdb5eb-cb72-4e6e-9e63-b7bace604965,US,Group,1983,heartland rock,4
Bon Jovi,5dcdb5eb-cb72-4e6e-9e63-b7bace604965,US,Group,1983,aor,2
Bon Jovi,5dcdb5eb-cb72-4e6e-9e63-b7bace604965,US,Group,1983,pop and chart,-1
Bon Jovi,5dcdb5eb-cb72-4e6e-9e63-b7bace604965,US,Group,1983,hair band,0
Bon Jovi,5dcdb5eb-cb72-4e6e-9e63-b7bace604965,US,Group,1983,bon jovi,0
Bon Jovi,5dcdb5eb-cb72-4e6e-9e63-b7bace604965,US,Group,1983,mainstream rock,0
Bon Jovi,5dcdb5eb-cb72-4e6e-9e63-b7bace604965,US,Group,1983,hard fm,-1
Bon Jovi,5dcdb5eb-cb72-4e6e-9e63-b7bace604965,US,Group,1983,radio rock,1
Bon Jovi,5dcdb5eb-cb72-4e6e-9e63-b7bace604965,US,Group,1983,buttrock,1
Bon Jovi,5dcdb5eb-cb72-4e6e-9e63-b7bace604965,US,Group,1983,estados unidos,0
Tinashe,396a9525-0994-4542-b480-c4587feeb476,US,Person,1993,pop,2
Tinashe,396a9525-0994-4542-b480-c4587feeb476,US,Person,1993,contemporary r&b,2
Tinashe,396a9525-0994-4542-b480-c4587feeb476,US,Person,1993,alternative r&b,2
Tinashe,396a9525-0994-4542-b480-c4587feeb476,US,Person,1993,trap soul,1
Mariah Carey,494e8d09-f85b-4543-892f-a5096aed1cd4,US,Person,1969,pop,14
Mariah Carey,494e8d09-f85b-4543-892f-a5096aed1cd4,US,Person,1969,90s,0
Mariah Carey,494e8d09-f85b-4543-892f-a5096aed1cd4,US,Person,1969,american,0
Mariah Carey,494e8d09-f85b-4543-892f-a5096aed1cd4,US,Person,1969,hip hop,1
Mariah Carey,494e8d09-f85b-4543-892f-a5096aed1cd4,US,Person,1969,easy listening,1
Mariah Carey,494e8d09-f85b-4543-892f-a5096aed1cd4,US,Person,1969,soul,4
Mariah Carey,494e8d09-f85b-4543-892f-a5096aed1cd4,US,Person,1969,rnb,0
Mariah Carey,494e8d09-f85b-4543-892f-a5096aed1cd4,US,Person,1969,female vocals,1
Mariah Carey,494e8d09-f85b-4543-892f-a5096aed1cd4,US,Person,1969,1990s,2
Mariah Carey,494e8d09-f85b-4543-892f-a5096aed1cd4,US,Person,1969,2000s,2
Mariah Carey,494e8d09-f85b-4543-892f-a5096aed1cd4,US,Person,1969,dance-pop,5
Mariah Carey,494e8d09-f85b-4543-892f-a5096aed1cd4,US,Person,1969,adult contemporary,0
Mariah Carey,494e8d09-f85b-4543-892f-a5096aed1cd4,US,Person,1969,quiet storm,1
Mariah Carey,494e8d09-f85b-4543-892f-a5096aed1cd4,US,Person,1969,english,2
Mariah Carey,494e8d09-f85b-4543-892f-a5096aed1cd4,US,Person,1969,girl,0
Mariah Carey,494e8d09-f85b-4543-892f-a5096aed1cd4,US,Person,1969,whistle register,0
Mariah Carey,494e8d09-f85b-4543-892f-a5096aed1cd4,US,Person,1969,pop and chart,0
Mariah Carey,494e8d09-f85b-4543-892f-a5096aed1cd4,US,Person,1969,pop soul,1
Mariah Carey,494e8d09-f85b-4543-892f-a5096aed1cd4,US,Person,1969,christmas music,4
Mariah Carey,494e8d09-f85b-4543-892f-a5096aed1cd4,US,Person,1969,r&b,2
Mariah Carey,494e8d09-f85b-4543-892f-a5096aed1cd4,US,Person,1969,contemporary r&b,12
Blake Whiten,42e71830-7c04-48ee-b34b-81574751871a,,Person,,,0
Lola Young,43b896c5-5652-4b04-bde1-2e4224bc99b3,GB,Person,2001,pop,2
Lola Young,43b896c5-5652-4b04-bde1-2e4224bc99b3,GB,Person,2001,pop rock,1
Lola Young,43b896c5-5652-4b04-bde1-2e4224bc99b3,GB,Person,2001,neo soul,2
Lola Young,43b896c5-5652-4b04-bde1-2e4224bc99b3,GB,Person,2001,alternative pop,2
Lola Young,43b896c5-5652-4b04-bde1-2e4224bc99b3,GB,Person,2001,r&b,1
Lola Young,43b896c5-5652-4b04-bde1-2e4224bc99b3,GB,Person,2001,2020s,1
Lola Young,43b896c5-5652-4b04-bde1-2e4224bc99b3,GB,Person,2001,gen z,1
Lola Young,43b896c5-5652-4b04-bde1-2e4224bc99b3,GB,Person,2001,_private tag 1,0
Madonna,79239441-bfd5-4981-a70c-55c3f15c1287,US,Person,1958,electronic,2
Madonna,79239441-bfd5-4981-a70c-55c3f15c1287,US,Person,1958,downtempo,-1
Madonna,79239441-bfd5-4981-a70c-55c3f15c1287,US,Person,1958,pop,32
Madonna,79239441-bfd5-4981-a70c-55c3f15c1287,US,Person,1958,80s,0
Madonna,79239441-bfd5-4981-a70c-55c3f15c1287,US,Person,1958,jazz,2
Madonna,79239441-bfd5-4981-a70c-55c3f15c1287,US,Person,1958,dance,0
Madonna,79239441-bfd5-4981-a70c-55c3f15c1287,US,Person,1958,american,-2
Madonna,79239441-bfd5-4981-a70c-55c3f15c1287,US,Person,1958,arabic,-2
Madonna,79239441-bfd5-4981-a70c-55c3f15c1287,US,Person,1958,new wave,1
Madonna,79239441-bfd5-4981-a70c-55c3f15c1287,US,Person,1958,singer,-2
Madonna,79239441-bfd5-4981-a70c-55c3f15c1287,US,Person,1958,usa,-2
Madonna,79239441-bfd5-4981-a70c-55c3f15c1287,US,Person,1958,easy listening,1
Madonna,79239441-bfd5-4981-a70c-55c3f15c1287,US,Person,1958,electronica,2
Madonna,79239441-bfd5-4981-a70c-55c3f15c1287,US,Person,1958,synth-pop,3
Madonna,79239441-bfd5-4981-a70c-55c3f15c1287,US,Person,1958,electropop,6
Madonna,79239441-bfd5-4981-a70c-55c3f15c1287,US,Person,1958,américain,-2
Madonna,79239441-bfd5-4981-a70c-55c3f15c1287,US,Person,1958,female vocals,1
Madonna,79239441-bfd5-4981-a70c-55c3f15c1287,US,Person,1958,dance-pop,14
Madonna,79239441-bfd5-4981-a70c-55c3f15c1287,US,Person,1958,adult contemporary,1
Madonna,79239441-bfd5-4981-a70c-55c3f15c1287,US,Person,1958,pop rock,2
Madonna,79239441-bfd5-4981-a70c-55c3f15c1287,US,Person,1958,country pop,1
Madonna,79239441-bfd5-4981-a70c-55c3f15c1287,US,Person,1958,trip hop,1
Madonna,79239441-bfd5-4981-a70c-55c3f15c1287,US,Person,1958,club,1
Madonna,79239441-bfd5-4981-a70c-55c3f15c1287,US,Person,1958,chanteur,-2
Madonna,79239441-bfd5-4981-a70c-55c3f15c1287,US,Person,1958,greatest hits,-2
Madonna,79239441-bfd5-4981-a70c-55c3f15c1287,US,Person,1958,tell me,-2
Madonna,79239441-bfd5-4981-a70c-55c3f15c1287,US,Person,1958,edm,1
Madonna,79239441-bfd5-4981-a70c-55c3f15c1287,US,Person,1958,pop and chart,-2
Madonna,79239441-bfd5-4981-a70c-55c3f15c1287,US,Person,1958,dance music,2
Madonna,79239441-bfd5-4981-a70c-55c3f15c1287,US,Person,1958,folk music,2
Madonna,79239441-bfd5-4981-a70c-55c3f15c1287,US,Person,1958,multiple ipi,-2
Madonna,79239441-bfd5-4981-a70c-55c3f15c1287,US,Person,1958,contemporary pop/rock,2
Madonna,79239441-bfd5-4981-a70c-55c3f15c1287,US,Person,1958,contemporary r&b,4
Madonna,79239441-bfd5-4981-a70c-55c3f15c1287,US,Person,1958,art pop,7
Madonna,79239441-bfd5-4981-a70c-55c3f15c1287,US,Person,1958,bubblegum pop,1
Madonna,79239441-bfd5-4981-a70c-55c3f15c1287,US,Person,1958,secret,-2
Madonna,79239441-bfd5-4981-a70c-55c3f15c1287,US,Person,1958,adult contemporary music,1
Madonna,79239441-bfd5-4981-a70c-55c3f15c1287,US,Person,1958,nuno,0
Tate McRae,f9133869-f87c-459c-9aa7-2f176cda7e06,CA,Person,2003,pop,6
Tate McRae,f9133869-f87c-459c-9aa7-2f176cda7e06,CA,Person,2003,female vocals,2
Tate McRae,f9133869-f87c-459c-9aa7-2f176cda7e06,CA,Person,2003,dance-pop,4
Tate McRae,f9133869-f87c-459c-9aa7-2f176cda7e06,CA,Person,2003,pop rock,2
Tate McRae,f9133869-f87c-459c-9aa7-2f176cda7e06,CA,Person,2003,contemporary r&b,2
Tate McRae,f9133869-f87c-459c-9aa7-2f176cda7e06,CA,Person,2003,2020s,4
Tate McRae,f9133869-f87c-459c-9aa7-2f176cda7e06,CA,Person,2003,gen z,2
Prince,070d193a-845c-479f-980e-bef15710653e,US,Person,1958,rock,9
Prince,070d193a-845c-479f-980e-bef15710653e,US,Person,1958,pop,13
Prince,070d193a-845c-479f-980e-bef15710653e,US,Person,1958,70s,0
Prince,070d193a-845c-479f-980e-bef15710653e,US,Person,1958,80s,0
Prince,070d193a-845c-479f-980e-bef15710653e,US,Person,1958,90s,0
Prince,070d193a-845c-479f-980e-bef15710653e,US,Person,1958,jazz,1
Prince,070d193a-845c-479f-980e-bef15710653e,US,Person,1958,dance,1
Prince,070d193a-845c-479f-980e-bef15710653e,US,Person,1958,house,1
Prince,070d193a-845c-479f-980e-bef15710653e,US,Person,1958,punk,-1
Prince,070d193a-845c-479f-980e-bef15710653e,US,Person,1958,american,0
Prince,070d193a-845c-479f-980e-bef15710653e,US,Person,1958,usa,0
Prince,070d193a-845c-479f-980e-bef15710653e,US,Person,1958,funk,22
Prince,070d193a-845c-479f-980e-bef15710653e,US,Person,1958,deep house,1
Prince,070d193a-845c-479f-980e-bef15710653e,US,Person,1958,funk rock,8
Prince,070d193a-845c-479f-980e-bef15710653e,US,Person,1958,soul,4
Prince,070d193a-845c-479f-980e-bef15710653e,US,Person,1958,disco,1
Prince,070d193a-845c-479f-980e-bef15710653e,US,Person,1958,américain,0
Prince,070d193a-845c-479f-980e-bef15710653e,US,Person,1958,dance-pop,2
Prince,070d193a-845c-479f-980e-bef15710653e,US,Person,1958,psychedelic pop,1
Prince,070d193a-845c-479f-980e-bef15710653e,US,Person,1958,pop rock,2
Prince,070d193a-845c-479f-980e-bef15710653e,US,Person,1958,neo-psychedelia,4
Prince,070d193a-845c-479f-980e-bef15710653e,US,Person,1958,rock music,2
Prince,070d193a-845c-479f-980e-bef15710653e,US,Person,1958,club,1
Prince,070d193a-845c-479f-980e-bef15710653e,US,Person,1958,african,1
Prince,070d193a-845c-479f-980e-bef15710653e,US,Person,1958,composers,1
Prince,070d193a-845c-479f-980e-bef15710653e,US,Person,1958,00s,0
Prince,070d193a-845c-479f-980e-bef15710653e,US,Person,1958,robin,0
Prince,070d193a-845c-479f-980e-bef15710653e,US,Person,1958,film soundtrack,0
Prince,070d193a-845c-479f-980e-bef15710653e,US,Person,1958,pop and chart,0
Prince,070d193a-845c-479f-980e-bef15710653e,US,Person,1958,pop soul,1
Prince,070d193a-845c-479f-980e-bef15710653e,US,Person,1958,singers,1
Prince,070d193a-845c-479f-980e-bef15710653e,US,Person,1958,caribbean,1
Prince,070d193a-845c-479f-980e-bef15710653e,US,Person,1958,psychedelic soul,2
Prince,070d193a-845c-479f-980e-bef15710653e,US,Person,1958,minneapolis sound,2
Prince,070d193a-845c-479f-980e-bef15710653e,US,Person,1958,r&b,4
Prince,070d193a-845c-479f-980e-bef15710653e,US,Person,1958,pop/rock,0
Prince,070d193a-845c-479f-980e-bef15710653e,US,Person,1958,contemporary pop/rock,1
Prince,070d193a-845c-479f-980e-bef15710653e,US,Person,1958,contemporary r&b,9
Prince,070d193a-845c-479f-980e-bef15710653e,US,Person,1958,dance-rock,1
Prince,070d193a-845c-479f-980e-bef15710653e,US,Person,1958,adult contemporary r&b,1
Prince,070d193a-845c-479f-980e-bef15710653e,US,Person,1958,synth funk,3
Prince,070d193a-845c-479f-980e-bef15710653e,US,Person,1958,afro house,1
Prince,070d193a-845c-479f-980e-bef15710653e,US,Person,1958,trap,1
Prince,070d193a-845c-479f-980e-bef15710653e,US,Person,1958,prince revolution,0
Prince,070d193a-845c-479f-980e-bef15710653e,US,Person,1958,pretzelbodylogic,0
Prince,070d193a-845c-479f-980e-bef15710653e,US,Person,1958,james scutt,0
Prince,070d193a-845c-479f-980e-bef15710653e,US,Person,1958,popular music,1
Prince,070d193a-845c-479f-980e-bef15710653e,US,Person,1958,future bass,1
Prince,070d193a-845c-479f-980e-bef15710653e,US,Person,1958,anniversary,0
Prince,070d193a-845c-479f-980e-bef15710653e,US,Person,1958,organic house,1
Prince,070d193a-845c-479f-980e-bef15710653e,US,Person,1958,server name,0
Prince,070d193a-845c-479f-980e-bef15710653e,US,Person,1958,sound recording executives and producers,1
Prince,070d193a-845c-479f-980e-bef15710653e,US,Person,1958,instrumentalists,1
Prince,070d193a-845c-479f-980e-bef15710653e,US,Person,1958,rhythm and blues music,1
Harry Styles,7eb1ce54-a355-41f9-8d68-e018b096d427,,Person,1994,rock,1
Harry Styles,7eb1ce54-a355-41f9-8d68-e018b096d427,,Person,1994,pop,8
Harry Styles,7eb1ce54-a355-41f9-8d68-e018b096d427,,Person,1994,new wave,1
Harry Styles,7eb1ce54-a355-41f9-8d68-e018b096d427,,Person,1994,funk,1
Harry Styles,7eb1ce54-a355-41f9-8d68-e018b096d427,,Person,1994,soul,1
Harry Styles,7eb1ce54-a355-41f9-8d68-e018b096d427,,Person,1994,synth-pop,1
Harry Styles,7eb1ce54-a355-41f9-8d68-e018b096d427,,Person,1994,soft rock,1
Harry Styles,7eb1ce54-a355-41f9-8d68-e018b096d427,,Person,1994,english,0
Harry Styles,7eb1ce54-a355-41f9-8d68-e018b096d427,,Person,1994,2020s,1
Harry Styles,7eb1ce54-a355-41f9-8d68-e018b096d427,,Person,1994,nuno,1
ROLE MODEL,4c76d2ab-cc32-47b9-8bfe-d382bed617f6,US,Person,1997,pop,1
OneRepublic,c33c2065-b1c3-4406-b066-d33a9e2ea71a,US,Group,2004,rock,1
OneRepublic,c33c2065-b1c3-4406-b066-d33a9e2ea71a,US,Group,2004,pop,4
OneRepublic,c33c2065-b1c3-4406-b066-d33a9e2ea71a,US,Group,2004,pop rock,0
OneRepublic,c33c2065-b1c3-4406-b066-d33a9e2ea71a,US,Group,2004,folk pop,1
OneRepublic,c33c2065-b1c3-4406-b066-d33a9e2ea71a,US,Group,2004,rock and indie,0
OneRepublic,c33c2065-b1c3-4406-b066-d33a9e2ea71a,US,Group,2004,united states,0
Tove Lo,56756959-1e78-429c-b897-e1d056cb0225,SE,Person,1987,pop,1
Tove Lo,56756959-1e78-429c-b897-e1d056cb0225,SE,Person,1987,electronic,0
Tove Lo,56756959-1e78-429c-b897-e1d056cb0225,SE,Person,1987,contemporary r&b,1
Tove Lo,56756959-1e78-429c-b897-e1d056cb0225,SE,Person,1987,alternative pop,1
Tove Lo,56756959-1e78-429c-b897-e1d056cb0225,SE,Person,1987,indie pop,1
Tove Lo,56756959-1e78-429c-b897-e1d056cb0225,SE,Person,1987,dance-pop,3
Tove Lo,56756959-1e78-429c-b897-e1d056cb0225,SE,Person,1987,top 40,0
Tove Lo,56756959-1e78-429c-b897-e1d056cb0225,SE,Person,1987,female vocals,1
Tove Lo,56756959-1e78-429c-b897-e1d056cb0225,SE,Person,1987,electropop,5
Steve Lacy,ca9766a0-1c30-43e6-a213-bac1334efc4a,US,Person,1934,jazz,5
Steve Lacy,ca9766a0-1c30-43e6-a213-bac1334efc4a,US,Person,1934,progressive jazz,1
Steve Lacy,ca9766a0-1c30-43e6-a213-bac1334efc4a,US,Person,1934,post-bop,1
Steve Lacy,ca9766a0-1c30-43e6-a213-bac1334efc4a,US,Person,1934,hard bop,1
Steve Lacy,ca9766a0-1c30-43e6-a213-bac1334efc4a,US,Person,1934,avant-garde,1
Steve Lacy,ca9766a0-1c30-43e6-a213-bac1334efc4a,US,Person,1934,vocal jazz,0
Steve Lacy,ca9766a0-1c30-43e6-a213-bac1334efc4a,US,Person,1934,dixieland,1
Steve Lacy,ca9766a0-1c30-43e6-a213-bac1334efc4a,US,Person,1934,avant-garde jazz,2
Steve Lacy,ca9766a0-1c30-43e6-a213-bac1334efc4a,US,Person,1934,free jazz,2
Steve Lacy,ca9766a0-1c30-43e6-a213-bac1334efc4a,US,Person,1934,composers,1
Steve Lacy,ca9766a0-1c30-43e6-a213-bac1334efc4a,US,Person,1934,jazz and blues,0
Steve Lacy,ca9766a0-1c30-43e6-a213-bac1334efc4a,US,Person,1934,modern creative,1
Steve Lacy,ca9766a0-1c30-43e6-a213-bac1334efc4a,US,Person,1934,free improvisation,0
Steve Lacy,ca9766a0-1c30-43e6-a213-bac1334efc4a,US,Person,1934,saxophone jazz,1
Steve Lacy,ca9766a0-1c30-43e6-a213-bac1334efc4a,US,Person,1934,saxophonists,1
Tyla,2bf761c6-4bcf-4cfc-a388-8fcb2eea8cc8,GB,Person,,spike,1
Kendrick Lamar,381086ea-f511-4aba-bdf9-71c753dc5077,US,Person,1987,pop,4
Kendrick Lamar,381086ea-f511-4aba-bdf9-71c753dc5077,US,Person,1987,rap,6
Kendrick Lamar,381086ea-f511-4aba-bdf9-71c753dc5077,US,Person,1987,jazz,1
Kendrick Lamar,381086ea-f511-4aba-bdf9-71c753dc5077,US,Person,1987,dance,1
Kendrick Lamar,381086ea-f511-4aba-bdf9-71c753dc5077,US,Person,1987,house,1
Kendrick Lamar,381086ea-f511-4aba-bdf9-71c753dc5077,US,Person,1987,hip hop,16
Kendrick Lamar,381086ea-f511-4aba-bdf9-71c753dc5077,US,Person,1987,funk,0
Kendrick Lamar,381086ea-f511-4aba-bdf9-71c753dc5077,US,Person,1987,disco,1
Kendrick Lamar,381086ea-f511-4aba-bdf9-71c753dc5077,US,Person,1987,gangsta rap,1
Kendrick Lamar,381086ea-f511-4aba-bdf9-71c753dc5077,US,Person,1987,pop rap,2
Kendrick Lamar,381086ea-f511-4aba-bdf9-71c753dc5077,US,Person,1987,neo soul,0
Kendrick Lamar,381086ea-f511-4aba-bdf9-71c753dc5077,US,Person,1987,alternative hip hop,2
Kendrick Lamar,381086ea-f511-4aba-bdf9-71c753dc5077,US,Person,1987,experimental hip hop,0
Kendrick Lamar,381086ea-f511-4aba-bdf9-71c753dc5077,US,Person,1987,west coast hip hop,8
Kendrick Lamar,381086ea-f511-4aba-bdf9-71c753dc5077,US,Person,1987,boom bap,0
Kendrick Lamar,381086ea-f511-4aba-bdf9-71c753dc5077,US,Person,1987,r&b,1
Kendrick Lamar,381086ea-f511-4aba-bdf9-71c753dc5077,US,Person,1987,2010s,2
Kendrick Lamar,381086ea-f511-4aba-bdf9-71c753dc5077,US,Person,1987,jazz rap,10
Kendrick Lamar,381086ea-f511-4aba-bdf9-71c753dc5077,US,Person,1987,conscious hip hop,11
Kendrick Lamar,381086ea-f511-4aba-bdf9-71c753dc5077,US,Person,1987,political hip hop,0
Kendrick Lamar,381086ea-f511-4aba-bdf9-71c753dc5077,US,Person,1987,hardcore hip hop,6
Kendrick Lamar,381086ea-f511-4aba-bdf9-71c753dc5077,US,Person,1987,trap,2
Kendrick Lamar,381086ea-f511-4aba-bdf9-71c753dc5077,US,Person,1987,future bass,1
Kendrick Lamar,381086ea-f511-4aba-bdf9-71c753dc5077,US,Person,1987,relic inn,0
Kendrick Lamar,381086ea-f511-4aba-bdf9-71c753dc5077,US,Person,1987,2020s,2
Kendrick Lamar,381086ea-f511-4aba-bdf9-71c753dc5077,US,Person,1987,progressive rap,1
Kendrick Lamar,381086ea-f511-4aba-bdf9-71c753dc5077,US,Person,1987,contemporary rap,1
Kendrick Lamar,381086ea-f511-4aba-bdf9-71c753dc5077,US,Person,1987,conscious rapper,1
Lil Tecca,e6fdf3f9-8077-4126-b0cf-94da9a8b627e,US,Person,2002,east coast hip hop,1
Lil Tecca,e6fdf3f9-8077-4126-b0cf-94da9a8b627e,US,Person,2002,trap,1
Lil Tecca,e6fdf3f9-8077-4126-b0cf-94da9a8b627e,US,Person,2002,pop rap,1
Lil Tecca,e6fdf3f9-8077-4126-b0cf-94da9a8b627e,US,Person,2002,hip hop,2
Latto,355cc194-b8db-4af2-8678-c7ad54213f4b,US,Person,1998,pop rap,1
Latto,355cc194-b8db-4af2-8678-c7ad54213f4b,US,Person,1998,trap,1
Latto,355cc194-b8db-4af2-8678-c7ad54213f4b,US,Person,1998,gen z,1
Don Toliver,a0723a3c-4135-438e-85c5-012712144ede,US,Person,1994,hip hop,1
Don Toliver,a0723a3c-4135-438e-85c5-012712144ede,US,Person,1994,alternative r&b,1
Don Toliver,a0723a3c-4135-438e-85c5-012712144ede,US,Person,1994,trap,1
Fugees,ea321799-9b1d-4e74-a074-a5facf597d82,US,Group,1992,american,-1
Fugees,ea321799-9b1d-4e74-a074-a5facf597d82,US,Group,1992,hip-hop,-1
Fugees,ea321799-9b1d-4e74-a074-a5facf597d82,US,Group,1992,hip hop,9
Fugees,ea321799-9b1d-4e74-a074-a5facf597d82,US,Group,1992,neo-soul,1
Fugees,ea321799-9b1d-4e74-a074-a5facf597d82,US,Group,1992,soul,0
Fugees,ea321799-9b1d-4e74-a074-a5facf597d82,US,Group,1992,rnb,-1
Fugees,ea321799-9b1d-4e74-a074-a5facf597d82,US,Group,1992,alternative hip-hop,-1
Fugees,ea321799-9b1d-4e74-a074-a5facf597d82,US,Group,1992,neo soul,1
Fugees,ea321799-9b1d-4e74-a074-a5facf597d82,US,Group,1992,hip hop rnb and dance hall,-1
Fugees,ea321799-9b1d-4e74-a074-a5facf597d82,US,Group,1992,alternative hip hop,3
Fugees,ea321799-9b1d-4e74-a074-a5facf597d82,US,Group,1992,pop soul,1
Fugees,ea321799-9b1d-4e74-a074-a5facf597d82,US,Group,1992,boom bap,1
Fugees,ea321799-9b1d-4e74-a074-a5facf597d82,US,Group,1992,contemporary r&b,2
Fugees,ea321799-9b1d-4e74-a074-a5facf597d82,US,Group,1992,conscious hip hop,1
Fugees,ea321799-9b1d-4e74-a074-a5facf597d82,US,Group,1992,east coast hip hop,1
Fugees,ea321799-9b1d-4e74-a074-a5facf597d82,US,Group,1992,hardcore hip hop,-1
Fugees,ea321799-9b1d-4e74-a074-a5facf597d82,US,Group,1992,progressive hip hop,1
Fugees,ea321799-9b1d-4e74-a074-a5facf597d82,US,Group,1992,new jersey rap,1
Digital Underground,ff6cb06c-a6e5-4ab9-a5ce-fa2095be45b9,US,Group,1987,alternative hip hop,1
Digital Underground,ff6cb06c-a6e5-4ab9-a5ce-fa2095be45b9,US,Group,1987,rock and indie,0
Digital Underground,ff6cb06c-a6e5-4ab9-a5ce-fa2095be45b9,US,Group,1987,west coast hip hop,1
Digital Underground,ff6cb06c-a6e5-4ab9-a5ce-fa2095be45b9,US,Group,1987,hip hop,5
Eminem,b95ce3ff-3d05-4e87-9e01-c97b66af13d4,US,Person,1972,turkish,-2
Eminem,b95ce3ff-3d05-4e87-9e01-c97b66af13d4,US,Person,1972,90s,0
Eminem,b95ce3ff-3d05-4e87-9e01-c97b66af13d4,US,Person,1972,rap,17
Eminem,b95ce3ff-3d05-4e87-9e01-c97b66af13d4,US,Person,1972,american,0
Eminem,b95ce3ff-3d05-4e87-9e01-c97b66af13d4,US,Person,1972,hip-hop,4
Eminem,b95ce3ff-3d05-4e87-9e01-c97b66af13d4,US,Person,1972,actor,1
Eminem,b95ce3ff-3d05-4e87-9e01-c97b66af13d4,US,Person,1972,hip hop,38
Eminem,b95ce3ff-3d05-4e87-9e01-c97b66af13d4,US,Person,1972,songwriter,1
Eminem,b95ce3ff-3d05-4e87-9e01-c97b66af13d4,US,Person,1972,singer,1
Eminem,b95ce3ff-3d05-4e87-9e01-c97b66af13d4,US,Person,1972,detroit,9
Eminem,b95ce3ff-3d05-4e87-9e01-c97b66af13d4,US,Person,1972,hiphop,-1
Eminem,b95ce3ff-3d05-4e87-9e01-c97b66af13d4,US,Person,1972,2000s,0
Eminem,b95ce3ff-3d05-4e87-9e01-c97b66af13d4,US,Person,1972,midwest hip-hop,0
Eminem,b95ce3ff-3d05-4e87-9e01-c97b66af13d4,US,Person,1972,detroit hip-hop,0
Eminem,b95ce3ff-3d05-4e87-9e01-c97b66af13d4,US,Person,1972,gangsta rap,0
Eminem,b95ce3ff-3d05-4e87-9e01-c97b66af13d4,US,Person,1972,pop rap,6
Eminem,b95ce3ff-3d05-4e87-9e01-c97b66af13d4,US,Person,1972,record producer,1
Eminem,b95ce3ff-3d05-4e87-9e01-c97b66af13d4,US,Person,1972,english,0
Eminem,b95ce3ff-3d05-4e87-9e01-c97b66af13d4,US,Person,1972,horrorcore,1
Eminem,b95ce3ff-3d05-4e87-9e01-c97b66af13d4,US,Person,1972,rapper,0
Eminem,b95ce3ff-3d05-4e87-9e01-c97b66af13d4,US,Person,1972,us,0
Eminem,b95ce3ff-3d05-4e87-9e01-c97b66af13d4,US,Person,1972,pop and chart,-1
Eminem,b95ce3ff-3d05-4e87-9e01-c97b66af13d4,US,Person,1972,eminem,0
Eminem,b95ce3ff-3d05-4e87-9e01-c97b66af13d4,US,Person,1972,8 mile,-1
Eminem,b95ce3ff-3d05-4e87-9e01-c97b66af13d4,US,Person,1972,boom bap,3
Eminem,b95ce3ff-3d05-4e87-9e01-c97b66af13d4,US,Person,1972,v,0
Eminem,b95ce3ff-3d05-4e87-9e01-c97b66af13d4,US,Person,1972,comedy rap,-1
Eminem,b95ce3ff-3d05-4e87-9e01-c97b66af13d4,US,Person,1972,midwest hip hop,5
Eminem,b95ce3ff-3d05-4e87-9e01-c97b66af13d4,US,Person,1972,conscious hip hop,2
Eminem,b95ce3ff-3d05-4e87-9e01-c97b66af13d4,US,Person,1972,hardcore hip hop,7
Eminem,b95ce3ff-3d05-4e87-9e01-c97b66af13d4,US,Person,1972,trap,1
Eminem,b95ce3ff-3d05-4e87-9e01-c97b66af13d4,US,Person,1972,kun,-1
Eminem,b95ce3ff-3d05-4e87-9e01-c97b66af13d4,US,Person,1972,detroit hip hop,5
Eminem,b95ce3ff-3d05-4e87-9e01-c97b66af13d4,US,Person,1972,relic inn,0
Eminem,b95ce3ff-3d05-4e87-9e01-c97b66af13d4,US,Person,1972,2008 universal fire victim,1
Eminem,b95ce3ff-3d05-4e87-9e01-c97b66af13d4,US,Person,1972,midwestern hip hop,0
Eminem,b95ce3ff-3d05-4e87-9e01-c97b66af13d4,US,Person,1972,rap god,0
Eminem,b95ce3ff-3d05-4e87-9e01-c97b66af13d4,US,Person,1972,midwestern hip-hop,2
Eminem,b95ce3ff-3d05-4e87-9e01-c97b66af13d4,US,Person,1972,music trade,1
DJ Snake,31445b1e-96f3-4c7f-84ec-dd02e647e690,FR,Person,1986,pop,1
DJ Snake,31445b1e-96f3-4c7f-84ec-dd02e647e690,FR,Person,1986,drum and bass,1
DJ Snake,31445b1e-96f3-4c7f-84ec-dd02e647e690,FR,Person,1986,dubstep,1
DJ Snake,31445b1e-96f3-4c7f-84ec-dd02e647e690,FR,Person,1986,hardcore,1
DJ Snake,31445b1e-96f3-4c7f-84ec-dd02e647e690,FR,Person,1986,rap,0
DJ Snake,31445b1e-96f3-4c7f-84ec-dd02e647e690,FR,Person,1986,dance,5
DJ Snake,31445b1e-96f3-4c7f-84ec-dd02e647e690,FR,Person,1986,hip hop,4
DJ Snake,31445b1e-96f3-4c7f-84ec-dd02e647e690,FR,Person,1986,deep house,1
DJ Snake,31445b1e-96f3-4c7f-84ec-dd02e647e690,FR,Person,1986,electronica,1
DJ Snake,31445b1e-96f3-4c7f-84ec-dd02e647e690,FR,Person,1986,breakbeat,1
DJ Snake,31445b1e-96f3-4c7f-84ec-dd02e647e690,FR,Person,1986,electropop,2
DJ Snake,31445b1e-96f3-4c7f-84ec-dd02e647e690,FR,Person,1986,breaks,1
DJ Snake,31445b1e-96f3-4c7f-84ec-dd02e647e690,FR,Person,1986,tech house,1
DJ Snake,31445b1e-96f3-4c7f-84ec-dd02e647e690,FR,Person,1986,latin,1
DJ Snake,31445b1e-96f3-4c7f-84ec-dd02e647e690,FR,Person,1986,african,1
DJ Snake,31445b1e-96f3-4c7f-84ec-dd02e647e690,FR,Person,1986,edm,3
DJ Snake,31445b1e-96f3-4c7f-84ec-dd02e647e690,FR,Person,1986,contemporary r&b,2
DJ Snake,31445b1e-96f3-4c7f-84ec-dd02e647e690,FR,Person,1986,2010s,1
DJ Snake,31445b1e-96f3-4c7f-84ec-dd02e647e690,FR,Person,1986,afro house,1
DJ Snake,31445b1e-96f3-4c7f-84ec-dd02e647e690,FR,Person,1986,alternative r&b,1
DJ Snake,31445b1e-96f3-4c7f-84ec-dd02e647e690,FR,Person,1986,moombahton,2
DJ Snake,31445b1e-96f3-4c7f-84ec-dd02e647e690,FR,Person,1986,trap,2
DJ Snake,31445b1e-96f3-4c7f-84ec-dd02e647e690,FR,Person,1986,split me up,0
DJ Snake,31445b1e-96f3-4c7f-84ec-dd02e647e690,FR,Person,1986,future bass,1
DJ Snake,31445b1e-96f3-4c7f-84ec-dd02e647e690,FR,Person,1986,bass house,1
DJ Snake,31445b1e-96f3-4c7f-84ec-dd02e647e690,FR,Person,1986,amapiano,1
DJ Snake,31445b1e-96f3-4c7f-84ec-dd02e647e690,FR,Person,1986,edm trap music,1
DaBaby,87ae83df-6173-40cc-a0f2-bad543faa6aa,US,Person,1991,southern hip hop,1
DaBaby,87ae83df-6173-40cc-a0f2-bad543faa6aa,US,Person,1991,hip hop,5
DaBaby,87ae83df-6173-40cc-a0f2-bad543faa6aa,US,Person,1991,rap,0
DaBaby,87ae83df-6173-40cc-a0f2-bad543faa6aa,US,Person,1991,english,0
DaBaby,87ae83df-6173-40cc-a0f2-bad543faa6aa,US,Person,1991,englisch,0
Nelly,811900b2-68fc-4d41-8bad-69b7a1f4d628,US,Person,1974,pop,1
Nelly,811900b2-68fc-4d41-8bad-69b7a1f4d628,US,Person,1974,rap,1
Nelly,811900b2-68fc-4d41-8bad-69b7a1f4d628,US,Person,1974,hip-hop,0
Nelly,811900b2-68fc-4d41-8bad-69b7a1f4d628,US,Person,1974,hip hop,4
Nelly,811900b2-68fc-4d41-8bad-69b7a1f4d628,US,Person,1974,rnb,0
Nelly,811900b2-68fc-4d41-8bad-69b7a1f4d628,US,Person,1974,southern hip hop,4
Nelly,811900b2-68fc-4d41-8bad-69b7a1f4d628,US,Person,1974,southern soul,1
Nelly,811900b2-68fc-4d41-8bad-69b7a1f4d628,US,Person,1974,pop rap,4
Nelly,811900b2-68fc-4d41-8bad-69b7a1f4d628,US,Person,1974,god,1
Nelly,811900b2-68fc-4d41-8bad-69b7a1f4d628,US,Person,1974,hip hop rnb and dance hall,0
Nelly,811900b2-68fc-4d41-8bad-69b7a1f4d628,US,Person,1974,hip hop soul,1
Nelly,811900b2-68fc-4d41-8bad-69b7a1f4d628,US,Person,1974,pop soul,1
Nelly,811900b2-68fc-4d41-8bad-69b7a1f4d628,US,Person,1974,sxsw,1
Nelly,811900b2-68fc-4d41-8bad-69b7a1f4d628,US,Person,1974,underground hip hop,1
Nelly,811900b2-68fc-4d41-8bad-69b7a1f4d628,US,Person,1974,beyonce,1
Nelly,811900b2-68fc-4d41-8bad-69b7a1f4d628,US,Person,1974,nellyville,1
Nelly,811900b2-68fc-4d41-8bad-69b7a1f4d628,US,Person,1974,top 100,1
Nelly,811900b2-68fc-4d41-8bad-69b7a1f4d628,US,Person,1974,dilemma,1
Nelly,811900b2-68fc-4d41-8bad-69b7a1f4d628,US,Person,1974,r&b,1
Nelly,811900b2-68fc-4d41-8bad-69b7a1f4d628,US,Person,1974,contemporary r&b,1
Nelly,811900b2-68fc-4d41-8bad-69b7a1f4d628,US,Person,1974,midwest hip hop,2
Nelly,811900b2-68fc-4d41-8bad-69b7a1f4d628,US,Person,1974,ashanti,1
Nelly,811900b2-68fc-4d41-8bad-69b7a1f4d628,US,Person,1974,trap soul,1
Nelly,811900b2-68fc-4d41-8bad-69b7a1f4d628,US,Person,1974,kelly rowland,1
Nelly,811900b2-68fc-4d41-8bad-69b7a1f4d628,US,Person,1974,pro trump,0
Nelly,811900b2-68fc-4d41-8bad-69b7a1f4d628,US,Person,1974,austin city limits,1
Travis Scott,e4a51f17-a57b-47b1-b37b-f552d0f8e9e6,US,Person,1991,rap,2
Travis Scott,e4a51f17-a57b-47b1-b37b-f552d0f8e9e6,US,Person,1991,hip hop,7
Travis Scott,e4a51f17-a57b-47b1-b37b-f552d0f8e9e6,US,Person,1991,southern hip hop,2
Travis Scott,e4a51f17-a57b-47b1-b37b-f552d0f8e9e6,US,Person,1991,pop rap,1
Travis Scott,e4a51f17-a57b-47b1-b37b-f552d0f8e9e6,US,Person,1991,english,1
Travis Scott,e4a51f17-a57b-47b1-b37b-f552d0f8e9e6,US,Person,1991,experimental hip hop,1
Travis Scott,e4a51f17-a57b-47b1-b37b-f552d0f8e9e6,US,Person,1991,trap,6
Travis Scott,e4a51f17-a57b-47b1-b37b-f552d0f8e9e6,US,Person,1991,travis scott,-1
Travis Scott,e4a51f17-a57b-47b1-b37b-f552d0f8e9e6,US,Person,1991,relic inn,0
Megan Thee Stallion,ee27b2d8-648c-4a9d-a68c-e55066959975,US,Person,1995,rap,1
Megan Thee Stallion,ee27b2d8-648c-4a9d-a68c-e55066959975,US,Person,1995,hip hop,2
Megan Thee Stallion,ee27b2d8-648c-4a9d-a68c-e55066959975,US,Person,1995,southern hip hop,2
Megan Thee Stallion,ee27b2d8-648c-4a9d-a68c-e55066959975,US,Person,1995,pop rap,2
Megan Thee Stallion,ee27b2d8-648c-4a9d-a68c-e55066959975,US,Person,1995,english,1
Megan Thee Stallion,ee27b2d8-648c-4a9d-a68c-e55066959975,US,Person,1995,trap,1
Cardi B,2f3c4d70-0462-40da-bba3-0aec5772c556,US,Person,1992,pop,8
Cardi B,2f3c4d70-0462-40da-bba3-0aec5772c556,US,Person,1992,rap,0
Cardi B,2f3c4d70-0462-40da-bba3-0aec5772c556,US,Person,1992,hip hop,13
Cardi B,2f3c4d70-0462-40da-bba3-0aec5772c556,US,Person,1992,pop rap,1
Cardi B,2f3c4d70-0462-40da-bba3-0aec5772c556,US,Person,1992,alternative pop,7
Cardi B,2f3c4d70-0462-40da-bba3-0aec5772c556,US,Person,1992,english,0
Cardi B,2f3c4d70-0462-40da-bba3-0aec5772c556,US,Person,1992,queer,2
Cardi B,2f3c4d70-0462-40da-bba3-0aec5772c556,US,Person,1992,east coast hip hop,8
Cardi B,2f3c4d70-0462-40da-bba3-0aec5772c556,US,Person,1992,hardcore hip hop,6
Cardi B,2f3c4d70-0462-40da-bba3-0aec5772c556,US,Person,1992,trap,1
Cardi B,2f3c4d70-0462-40da-bba3-0aec5772c556,US,Person,1992,trap soul,1
Cardi B,2f3c4d70-0462-40da-bba3-0aec5772c556,US,Person,1992,lick,0
Cardi B,2f3c4d70-0462-40da-bba3-0aec5772c556,US,Person,1992,englisch,0
Cardi B,2f3c4d70-0462-40da-bba3-0aec5772c556,US,Person,1992,relic inn,0
Cardi B,2f3c4d70-0462-40da-bba3-0aec5772c556,US,Person,1992,awful,0
Cardi B,2f3c4d70-0462-40da-bba3-0aec5772c556,US,Person,1992,late 2010s,0
D'Angelo,b66771cc-45fa-4a32-b14f-5337d7223d7a,US,Person,1974,hip hop,1
D'Angelo,b66771cc-45fa-4a32-b14f-5337d7223d7a,US,Person,1974,quiet storm,2
D'Angelo,b66771cc-45fa-4a32-b14f-5337d7223d7a,US,Person,1974,neo soul,3
D'Angelo,b66771cc-45fa-4a32-b14f-5337d7223d7a,US,Person,1974,hip hop rnb and dance hall,0
D'Angelo,b66771cc-45fa-4a32-b14f-5337d7223d7a,US,Person,1974,r&b,0
D'Angelo,b66771cc-45fa-4a32-b14f-5337d7223d7a,US,Person,1974,contemporary r&b,2
Giveon,ad322b8b-31b2-437d-8fd8-1af13c1d7b91,US,Person,1990,pop soul,2
Giveon,ad322b8b-31b2-437d-8fd8-1af13c1d7b91,US,Person,1990,r&b,2
Giveon,ad322b8b-31b2-437d-8fd8-1af13c1d7b91,US,Person,1990,contemporary r&b,2
Ozuna,f2651b63-a44d-4d1d-ba64-d981d971ecd1,PR,Person,1992,reggaeton,3
Ozuna,f2651b63-a44d-4d1d-ba64-d981d971ecd1,PR,Person,1992,trap latino,1
Ozuna,f2651b63-a44d-4d1d-ba64-d981d971ecd1,PR,Person,1992,latin,1
Ozuna,f2651b63-a44d-4d1d-ba64-d981d971ecd1,PR,Person,1992,latin urban,1
Ozuna,f2651b63-a44d-4d1d-ba64-d981d971ecd1,PR,Person,1992,latin trap,1
Ryan Castro,2f87ff5c-dd38-4e2f-8a63-ace112b44002,CO,Person,1994,latin,1
Ryan Castro,2f87ff5c-dd38-4e2f-8a63-ace112b44002,CO,Person,1994,reggaeton,1
USHER,3414d446-735a-443c-931f-10634f57e5b9,US,Person,1978,pop,2
USHER,3414d446-735a-443c-931f-10634f57e5b9,US,Person,1978,rap,1
USHER,3414d446-735a-443c-931f-10634f57e5b9,US,Person,1978,hip hop,2
USHER,3414d446-735a-443c-931f-10634f57e5b9,US,Person,1978,soul,4
USHER,3414d446-735a-443c-931f-10634f57e5b9,US,Person,1978,crunk,2
USHER,3414d446-735a-443c-931f-10634f57e5b9,US,Person,1978,dance-pop,1
USHER,3414d446-735a-443c-931f-10634f57e5b9,US,Person,1978,pop rap,2
USHER,3414d446-735a-443c-931f-10634f57e5b9,US,Person,1978,club,2
USHER,3414d446-735a-443c-931f-10634f57e5b9,US,Person,1978,hip hop rnb and dance hall,0
USHER,3414d446-735a-443c-931f-10634f57e5b9,US,Person,1978,dance music,2
USHER,3414d446-735a-443c-931f-10634f57e5b9,US,Person,1978,r&b,2
USHER,3414d446-735a-443c-931f-10634f57e5b9,US,Person,1978,contemporary r&b,5
USHER,3414d446-735a-443c-931f-10634f57e5b9,US,Person,1978,trap,1
Feid,eaee97f6-f2e4-414a-966c-f31a1fb4696a,CO,Person,1992,latin,2
Feid,eaee97f6-f2e4-414a-966c-f31a1fb4696a,CO,Person,1992,reggaeton,4
Feid,eaee97f6-f2e4-414a-966c-f31a1fb4696a,CO,Person,1992,latin urban,3
Feid,eaee97f6-f2e4-414a-966c-f31a1fb4696a,CO,Person,1992,trap latino,2
Billy Idol,47c8f88b-987a-4b64-9175-2b1b57809727,GB,Person,1955,rock,8
Billy Idol,47c8f88b-987a-4b64-9175-2b1b57809727,GB,Person,1955,electronic,2
Billy Idol,47c8f88b-987a-4b64-9175-2b1b57809727,GB,Person,1955,punk,0
Billy Idol,47c8f88b-987a-4b64-9175-2b1b57809727,GB,Person,1955,punk rock,2
Billy Idol,47c8f88b-987a-4b64-9175-2b1b57809727,GB,Person,1955,british,0
Billy Idol,47c8f88b-987a-4b64-9175-2b1b57809727,GB,Person,1955,seen live,0
Billy Idol,47c8f88b-987a-4b64-9175-2b1b57809727,GB,Person,1955,new wave,5
Billy Idol,47c8f88b-987a-4b64-9175-2b1b57809727,GB,Person,1955,uk,0
Billy Idol,47c8f88b-987a-4b64-9175-2b1b57809727,GB,Person,1955,hard rock,4
Billy Idol,47c8f88b-987a-4b64-9175-2b1b57809727,GB,Person,1955,classic rock,2
Billy Idol,47c8f88b-987a-4b64-9175-2b1b57809727,GB,Person,1955,pop rock,3
Billy Idol,47c8f88b-987a-4b64-9175-2b1b57809727,GB,Person,1955,alternative dance,2
Billy Idol,47c8f88b-987a-4b64-9175-2b1b57809727,GB,Person,1955,english,0
Billy Idol,47c8f88b-987a-4b64-9175-2b1b57809727,GB,Person,1955,england,0
Billy Idol,47c8f88b-987a-4b64-9175-2b1b57809727,GB,Person,1955,classic pop and rock,0
The Rolling Stones,b071f9fa-14b0-4217-8e97-eb41da73f598,GB,Group,1962,rock,38
The Rolling Stones,b071f9fa-14b0-4217-8e97-eb41da73f598,GB,Group,1962,pop,0
The Rolling Stones,b071f9fa-14b0-4217-8e97-eb41da73f598,GB,Group,1962,blues,2
The Rolling Stones,b071f9fa-14b0-4217-8e97-eb41da73f598,GB,Group,1962,british,8
The Rolling Stones,b071f9fa-14b0-4217-8e97-eb41da73f598,GB,Group,1962,uk,-3
The Rolling Stones,b071f9fa-14b0-4217-8e97-eb41da73f598,GB,Group,1962,reggae,-2
The Rolling Stones,b071f9fa-14b0-4217-8e97-eb41da73f598,GB,Group,1962,hard rock,-1
The Rolling Stones,b071f9fa-14b0-4217-8e97-eb41da73f598,GB,Group,1962,britannique,-3
The Rolling Stones,b071f9fa-14b0-4217-8e97-eb41da73f598,GB,Group,1962,country,-2
The Rolling Stones,b071f9fa-14b0-4217-8e97-eb41da73f598,GB,Group,1962,rnb,-3
The Rolling Stones,b071f9fa-14b0-4217-8e97-eb41da73f598,GB,Group,1962,psychedelic rock,8
The Rolling Stones,b071f9fa-14b0-4217-8e97-eb41da73f598,GB,Group,1962,blues rock,21
The Rolling Stones,b071f9fa-14b0-4217-8e97-eb41da73f598,GB,Group,1962,classic rock,9
The Rolling Stones,b071f9fa-14b0-4217-8e97-eb41da73f598,GB,Group,1962,album rock,-2
The Rolling Stones,b071f9fa-14b0-4217-8e97-eb41da73f598,GB,Group,1962,psychedelic pop,-1
The Rolling Stones,b071f9fa-14b0-4217-8e97-eb41da73f598,GB,Group,1962,pop rock,4
The Rolling Stones,b071f9fa-14b0-4217-8e97-eb41da73f598,GB,Group,1962,british invasion,-2
The Rolling Stones,b071f9fa-14b0-4217-8e97-eb41da73f598,GB,Group,1962,rock and roll,4
The Rolling Stones,b071f9fa-14b0-4217-8e97-eb41da73f598,GB,Group,1962,roots rock,-1
The Rolling Stones,b071f9fa-14b0-4217-8e97-eb41da73f598,GB,Group,1962,english,-3
The Rolling Stones,b071f9fa-14b0-4217-8e97-eb41da73f598,GB,Group,1962,live,-5
The Rolling Stones,b071f9fa-14b0-4217-8e97-eb41da73f598,GB,Group,1962,greatest hits,-5
The Rolling Stones,b071f9fa-14b0-4217-8e97-eb41da73f598,GB,Group,1962,classic pop and rock,-3
The Rolling Stones,b071f9fa-14b0-4217-8e97-eb41da73f598,GB,Group,1962,merseybeat,-2
The Rolling Stones,b071f9fa-14b0-4217-8e97-eb41da73f598,GB,Group,1962,the-rolling-stones,-5
The Rolling Stones,b071f9fa-14b0-4217-8e97-eb41da73f598,GB,Group,1962,mainstream rock,-2
The Rolling Stones,b071f9fa-14b0-4217-8e97-eb41da73f598,GB,Group,1962,mick jagger,-3
The Rolling Stones,b071f9fa-14b0-4217-8e97-eb41da73f598,GB,Group,1962,rock & roll,2
The Rolling Stones,b071f9fa-14b0-4217-8e97-eb41da73f598,GB,Group,1962,dance-rock,-1
The Rolling Stones,b071f9fa-14b0-4217-8e97-eb41da73f598,GB,Group,1962,rhythm & blues,-3
The Rolling Stones,b071f9fa-14b0-4217-8e97-eb41da73f598,GB,Group,1962,essentials,-5
The Rolling Stones,b071f9fa-14b0-4217-8e97-eb41da73f598,GB,Group,1962,british rhythm & blues,7
The Rolling Stones,b071f9fa-14b0-4217-8e97-eb41da73f598,GB,Group,1962,some girls,-5
The Rolling Stones,b071f9fa-14b0-4217-8e97-eb41da73f598,GB,Group,1962,beat music,-1
The Rolling Stones,b071f9fa-14b0-4217-8e97-eb41da73f598,GB,Group,1962,strictly stereo 1964 - 1969,-5
The Rolling Stones,b071f9fa-14b0-4217-8e97-eb41da73f598,GB,Group,1962,reino unido,-3
Djo,dc84c3f5-a44c-4a46-bf41-fd1640e3c99d,US,Person,1992,indie rock,2
Djo,dc84c3f5-a44c-4a46-bf41-fd1640e3c99d,US,Person,1992,indie pop,3
Djo,dc84c3f5-a44c-4a46-bf41-fd1640e3c99d,US,Person,1992,neo-psychedelia,2
Djo,dc84c3f5-a44c-4a46-bf41-fd1640e3c99d,US,Person,1992,bedroom pop,2
Phil Collins,401c3991-b76b-499d-8082-9f2df958ef78,GB,Person,1951,rock,5
Phil Collins,401c3991-b76b-499d-8082-9f2df958ef78,GB,Person,1951,pop,5
Phil Collins,401c3991-b76b-499d-8082-9f2df958ef78,GB,Person,1951,progressive rock,1
Phil Collins,401c3991-b76b-499d-8082-9f2df958ef78,GB,Person,1951,jazz,0
Phil Collins,401c3991-b76b-499d-8082-9f2df958ef78,GB,Person,1951,british,1
Phil Collins,401c3991-b76b-499d-8082-9f2df958ef78,GB,Person,1951,uk,0
Phil Collins,401c3991-b76b-499d-8082-9f2df958ef78,GB,Person,1951,easy listening,1
Phil Collins,401c3991-b76b-499d-8082-9f2df958ef78,GB,Person,1951,synth-pop,1
Phil Collins,401c3991-b76b-499d-8082-9f2df958ef78,GB,Person,1951,soft rock,7
Phil Collins,401c3991-b76b-499d-8082-9f2df958ef78,GB,Person,1951,adult contemporary,3
Phil Collins,401c3991-b76b-499d-8082-9f2df958ef78,GB,Person,1951,pop rock,5
Phil Collins,401c3991-b76b-499d-8082-9f2df958ef78,GB,Person,1951,blue-eyed soul,0
Phil Collins,401c3991-b76b-499d-8082-9f2df958ef78,GB,Person,1951,english,0
Phil Collins,401c3991-b76b-499d-8082-9f2df958ef78,GB,Person,1951,aor,1
Phil Collins,401c3991-b76b-499d-8082-9f2df958ef78,GB,Person,1951,classic pop and rock,0
Phil Collins,401c3991-b76b-499d-8082-9f2df958ef78,GB,Person,1951,pop soul,1
Phil Collins,401c3991-b76b-499d-8082-9f2df958ef78,GB,Person,1951,progressive pop,1
Phil Collins,401c3991-b76b-499d-8082-9f2df958ef78,GB,Person,1951,sophisti-pop,1
Phil Collins,401c3991-b76b-499d-8082-9f2df958ef78,GB,Person,1951,art pop,1
Phil Collins,401c3991-b76b-499d-8082-9f2df958ef78,GB,Person,1951,phil collins hits cd2,0
Foo Fighters,67f66c07-6e61-4026-ade5-7e782fad3a5d,US,Group,1994,rock,22
Foo Fighters,67f66c07-6e61-4026-ade5-7e782fad3a5d,US,Group,1994,alternative rock,15
Foo Fighters,67f66c07-6e61-4026-ade5-7e782fad3a5d,US,Group,1994,american,2
Foo Fighters,67f66c07-6e61-4026-ade5-7e782fad3a5d,US,Group,1994,grunge,3
Foo Fighters,67f66c07-6e61-4026-ade5-7e782fad3a5d,US,Group,1994,hard rock,5
Foo Fighters,67f66c07-6e61-4026-ade5-7e782fad3a5d,US,Group,1994,indie rock,0
Foo Fighters,67f66c07-6e61-4026-ade5-7e782fad3a5d,US,Group,1994,alternative,-1
Foo Fighters,67f66c07-6e61-4026-ade5-7e782fad3a5d,US,Group,1994,post-grunge,12
Foo Fighters,67f66c07-6e61-4026-ade5-7e782fad3a5d,US,Group,1994,acoustic rock,-1
Foo Fighters,67f66c07-6e61-4026-ade5-7e782fad3a5d,US,Group,1994,pop rock,0
Foo Fighters,67f66c07-6e61-4026-ade5-7e782fad3a5d,US,Group,1994,us,0
Foo Fighters,67f66c07-6e61-4026-ade5-7e782fad3a5d,US,Group,1994,rock and indie,0
Foo Fighters,67f66c07-6e61-4026-ade5-7e782fad3a5d,US,Group,1994,everlong,0
Foo Fighters,67f66c07-6e61-4026-ade5-7e782fad3a5d,US,Group,1994,nuno,0
The Smiths,40f5d9e4-2de7-4f2d-ad41-e31a9a9fea27,GB,Group,1982,rock,4
The Smiths,40f5d9e4-2de7-4f2d-ad41-e31a9a9fea27,GB,Group,1982,synthpop,-1
The Smiths,40f5d9e4-2de7-4f2d-ad41-e31a9a9fea27,GB,Group,1982,pop,1
The Smiths,40f5d9e4-2de7-4f2d-ad41-e31a9a9fea27,GB,Group,1982,alternative rock,3
The Smiths,40f5d9e4-2de7-4f2d-ad41-e31a9a9fea27,GB,Group,1982,80s,-1
The Smiths,40f5d9e4-2de7-4f2d-ad41-e31a9a9fea27,GB,Group,1982,british,2
The Smiths,40f5d9e4-2de7-4f2d-ad41-e31a9a9fea27,GB,Group,1982,post-punk,15
The Smiths,40f5d9e4-2de7-4f2d-ad41-e31a9a9fea27,GB,Group,1982,new wave,3
The Smiths,40f5d9e4-2de7-4f2d-ad41-e31a9a9fea27,GB,Group,1982,uk,-1
The Smiths,40f5d9e4-2de7-4f2d-ad41-e31a9a9fea27,GB,Group,1982,madchester,-1
The Smiths,40f5d9e4-2de7-4f2d-ad41-e31a9a9fea27,GB,Group,1982,indie rock,12
The Smiths,40f5d9e4-2de7-4f2d-ad41-e31a9a9fea27,GB,Group,1982,indie,-1
The Smiths,40f5d9e4-2de7-4f2d-ad41-e31a9a9fea27,GB,Group,1982,alternative,0
The Smiths,40f5d9e4-2de7-4f2d-ad41-e31a9a9fea27,GB,Group,1982,britpop,1
The Smiths,40f5d9e4-2de7-4f2d-ad41-e31a9a9fea27,GB,Group,1982,interview,-1
The Smiths,40f5d9e4-2de7-4f2d-ad41-e31a9a9fea27,GB,Group,1982,indie pop,16
The Smiths,40f5d9e4-2de7-4f2d-ad41-e31a9a9fea27,GB,Group,1982,indie folk,0
The Smiths,40f5d9e4-2de7-4f2d-ad41-e31a9a9fea27,GB,Group,1982,jangle pop,18
The Smiths,40f5d9e4-2de7-4f2d-ad41-e31a9a9fea27,GB,Group,1982,english,-1
The Smiths,40f5d9e4-2de7-4f2d-ad41-e31a9a9fea27,GB,Group,1982,england,-3
The Smiths,40f5d9e4-2de7-4f2d-ad41-e31a9a9fea27,GB,Group,1982,manchester,-1
The Smiths,40f5d9e4-2de7-4f2d-ad41-e31a9a9fea27,GB,Group,1982,rock and indie,-2
The Smiths,40f5d9e4-2de7-4f2d-ad41-e31a9a9fea27,GB,Group,1982,ozymandias_,-2
The Smiths,40f5d9e4-2de7-4f2d-ad41-e31a9a9fea27,GB,Group,1982,alternative rock music,0
The Smiths,40f5d9e4-2de7-4f2d-ad41-e31a9a9fea27,GB,Group,1982,rough trade,0
The Smiths,40f5d9e4-2de7-4f2d-ad41-e31a9a9fea27,GB,Group,1982,permanent wave,-1
The Smiths,40f5d9e4-2de7-4f2d-ad41-e31a9a9fea27,GB,Group,1982,uk post-punk,-1
The Smiths,40f5d9e4-2de7-4f2d-ad41-e31a9a9fea27,GB,Group,1982,rock groups,0
The Smiths,40f5d9e4-2de7-4f2d-ad41-e31a9a9fea27,GB,Group,1982,_spam,-1
Talking Heads,a94a7155-c79d-4409-9fcf-220cb0e4dc3a,US,Group,1974,rock,3
Talking Heads,a94a7155-c79d-4409-9fcf-220cb0e4dc3a,US,Group,1974,alternative rock,0
Talking Heads,a94a7155-c79d-4409-9fcf-220cb0e4dc3a,US,Group,1974,80s,0
Talking Heads,a94a7155-c79d-4409-9fcf-220cb0e4dc3a,US,Group,1974,punk,-1
Talking Heads,a94a7155-c79d-4409-9fcf-220cb0e4dc3a,US,Group,1974,american,0
Talking Heads,a94a7155-c79d-4409-9fcf-220cb0e4dc3a,US,Group,1974,punk rock,0
Talking Heads,a94a7155-c79d-4409-9fcf-220cb0e4dc3a,US,Group,1974,post-punk,11
Talking Heads,a94a7155-c79d-4409-9fcf-220cb0e4dc3a,US,Group,1974,new wave,16
Talking Heads,a94a7155-c79d-4409-9fcf-220cb0e4dc3a,US,Group,1974,usa,-1
Talking Heads,a94a7155-c79d-4409-9fcf-220cb0e4dc3a,US,Group,1974,funk rock,4
Talking Heads,a94a7155-c79d-4409-9fcf-220cb0e4dc3a,US,Group,1974,alternative,-1
Talking Heads,a94a7155-c79d-4409-9fcf-220cb0e4dc3a,US,Group,1974,art rock,1
Talking Heads,a94a7155-c79d-4409-9fcf-220cb0e4dc3a,US,Group,1974,pop rock,3
Talking Heads,a94a7155-c79d-4409-9fcf-220cb0e4dc3a,US,Group,1974,art punk,10
Talking Heads,a94a7155-c79d-4409-9fcf-220cb0e4dc3a,US,Group,1974,afrobeat,0
Talking Heads,a94a7155-c79d-4409-9fcf-220cb0e4dc3a,US,Group,1974,classic pop and rock,0
Talking Heads,a94a7155-c79d-4409-9fcf-220cb0e4dc3a,US,Group,1974,art pop,6
Talking Heads,a94a7155-c79d-4409-9fcf-220cb0e4dc3a,US,Group,1974,new york punk,0
Talking Heads,a94a7155-c79d-4409-9fcf-220cb0e4dc3a,US,Group,1974,prog related,0
The Killers,95e1ead9-4d31-4808-a7ac-32c3614c116b,US,Group,2001,rock,2
The Killers,95e1ead9-4d31-4808-a7ac-32c3614c116b,US,Group,2001,synthpop,0
The Killers,95e1ead9-4d31-4808-a7ac-32c3614c116b,US,Group,2001,pop,0
The Killers,95e1ead9-4d31-4808-a7ac-32c3614c116b,US,Group,2001,alternative rock,18
The Killers,95e1ead9-4d31-4808-a7ac-32c3614c116b,US,Group,2001,american,0
The Killers,95e1ead9-4d31-4808-a7ac-32c3614c116b,US,Group,2001,new wave,4
The Killers,95e1ead9-4d31-4808-a7ac-32c3614c116b,US,Group,2001,usa,0
The Killers,95e1ead9-4d31-4808-a7ac-32c3614c116b,US,Group,2001,indie rock,8
The Killers,95e1ead9-4d31-4808-a7ac-32c3614c116b,US,Group,2001,indie,0
The Killers,95e1ead9-4d31-4808-a7ac-32c3614c116b,US,Group,2001,alternative,-1
The Killers,95e1ead9-4d31-4808-a7ac-32c3614c116b,US,Group,2001,américain,0
The Killers,95e1ead9-4d31-4808-a7ac-32c3614c116b,US,Group,2001,post-punk revival,4
The Killers,95e1ead9-4d31-4808-a7ac-32c3614c116b,US,Group,2001,pop rock,6
The Killers,95e1ead9-4d31-4808-a7ac-32c3614c116b,US,Group,2001,heartland rock,4
The Killers,95e1ead9-4d31-4808-a7ac-32c3614c116b,US,Group,2001,rock and indie,0
The Killers,95e1ead9-4d31-4808-a7ac-32c3614c116b,US,Group,2001,united states,0
The Killers,95e1ead9-4d31-4808-a7ac-32c3614c116b,US,Group,2001,christmas music,1
The Killers,95e1ead9-4d31-4808-a7ac-32c3614c116b,US,Group,2001,las vegas,0
The Killers,95e1ead9-4d31-4808-a7ac-32c3614c116b,US,Group,2001,big music,2
Steve Miller Band,e57f0cac-4f56-473c-8d7e-d93f753fd586,US,Group,1967,rock,5
Steve Miller Band,e57f0cac-4f56-473c-8d7e-d93f753fd586,US,Group,1967,pop,0
Steve Miller Band,e57f0cac-4f56-473c-8d7e-d93f753fd586,US,Group,1967,new wave,1
Steve Miller Band,e57f0cac-4f56-473c-8d7e-d93f753fd586,US,Group,1967,psychedelic rock,4
Steve Miller Band,e57f0cac-4f56-473c-8d7e-d93f753fd586,US,Group,1967,blues rock,5
Steve Miller Band,e57f0cac-4f56-473c-8d7e-d93f753fd586,US,Group,1967,country rock,1
Steve Miller Band,e57f0cac-4f56-473c-8d7e-d93f753fd586,US,Group,1967,pop rock,1
Steve Miller Band,e57f0cac-4f56-473c-8d7e-d93f753fd586,US,Group,1967,rock and indie,0
Steve Miller Band,e57f0cac-4f56-473c-8d7e-d93f753fd586,US,Group,1967,pop/rock,0
Aerosmith,3d2b98e5-556f-4451-a3ff-c50ea18d57cb,US,Group,1970,rock,11
Aerosmith,3d2b98e5-556f-4451-a3ff-c50ea18d57cb,US,Group,1970,70s,-1
Aerosmith,3d2b98e5-556f-4451-a3ff-c50ea18d57cb,US,Group,1970,80s,-1
Aerosmith,3d2b98e5-556f-4451-a3ff-c50ea18d57cb,US,Group,1970,heavy metal,-1
Aerosmith,3d2b98e5-556f-4451-a3ff-c50ea18d57cb,US,Group,1970,metal,-1
Aerosmith,3d2b98e5-556f-4451-a3ff-c50ea18d57cb,US,Group,1970,american,0
Aerosmith,3d2b98e5-556f-4451-a3ff-c50ea18d57cb,US,Group,1970,hard rock,30
Aerosmith,3d2b98e5-556f-4451-a3ff-c50ea18d57cb,US,Group,1970,blues rock,16
Aerosmith,3d2b98e5-556f-4451-a3ff-c50ea18d57cb,US,Group,1970,classic rock,5
Aerosmith,3d2b98e5-556f-4451-a3ff-c50ea18d57cb,US,Group,1970,album rock,-1
Aerosmith,3d2b98e5-556f-4451-a3ff-c50ea18d57cb,US,Group,1970,1980s,0
Aerosmith,3d2b98e5-556f-4451-a3ff-c50ea18d57cb,US,Group,1970,1970s,0
Aerosmith,3d2b98e5-556f-4451-a3ff-c50ea18d57cb,US,Group,1970,soft rock,-1
Aerosmith,3d2b98e5-556f-4451-a3ff-c50ea18d57cb,US,Group,1970,pop rock,0
Aerosmith,3d2b98e5-556f-4451-a3ff-c50ea18d57cb,US,Group,1970,arena rock,3
Aerosmith,3d2b98e5-556f-4451-a3ff-c50ea18d57cb,US,Group,1970,rock and roll,3
Aerosmith,3d2b98e5-556f-4451-a3ff-c50ea18d57cb,US,Group,1970,glam metal,4
Aerosmith,3d2b98e5-556f-4451-a3ff-c50ea18d57cb,US,Group,1970,roots rock,0
Aerosmith,3d2b98e5-556f-4451-a3ff-c50ea18d57cb,US,Group,1970,blues-rock,0
Aerosmith,3d2b98e5-556f-4451-a3ff-c50ea18d57cb,US,Group,1970,aor,3
Aerosmith,3d2b98e5-556f-4451-a3ff-c50ea18d57cb,US,Group,1970,classic pop and rock,0
Aerosmith,3d2b98e5-556f-4451-a3ff-c50ea18d57cb,US,Group,1970,pop-metal,-1
Aerosmith,3d2b98e5-556f-4451-a3ff-c50ea18d57cb,US,Group,1970,medley a b,-1
Aerosmith,3d2b98e5-556f-4451-a3ff-c50ea18d57cb,US,Group,1970,contemporary pop/rock,-1
Aerosmith,3d2b98e5-556f-4451-a3ff-c50ea18d57cb,US,Group,1970,classic rock. blues rock,0
Aerosmith,3d2b98e5-556f-4451-a3ff-c50ea18d57cb,US,Group,1970,+usa (massachusetts:boston),-2
Aerosmith,3d2b98e5-556f-4451-a3ff-c50ea18d57cb,US,Group,1970,2008 universal fire victim,-1
Aerosmith,3d2b98e5-556f-4451-a3ff-c50ea18d57cb,US,Group,1970,estados unidos,0
Canned Heat,815a0279-558c-4522-ac3b-6a1e259e95b5,US,Group,1965,rock,3
Canned Heat,815a0279-558c-4522-ac3b-6a1e259e95b5,US,Group,1965,american,0
Canned Heat,815a0279-558c-4522-ac3b-6a1e259e95b5,US,Group,1965,blues,6
Canned Heat,815a0279-558c-4522-ac3b-6a1e259e95b5,US,Group,1965,folk rock,1
Canned Heat,815a0279-558c-4522-ac3b-6a1e259e95b5,US,Group,1965,blues rock,8
Canned Heat,815a0279-558c-4522-ac3b-6a1e259e95b5,US,Group,1965,rock and roll,0
Canned Heat,815a0279-558c-4522-ac3b-6a1e259e95b5,US,Group,1965,electric blues,4
Canned Heat,815a0279-558c-4522-ac3b-6a1e259e95b5,US,Group,1965,boogie rock,4
Canned Heat,815a0279-558c-4522-ac3b-6a1e259e95b5,US,Group,1965,classic pop and rock,0
Canned Heat,815a0279-558c-4522-ac3b-6a1e259e95b5,US,Group,1965,christmas music,0
Disco Lines,9b2f64a8-98ea-433b-bfe0-2675c02b08db,US,Person,1999,,0
The Staple Singers,3d49e36a-cc9e-411e-93c6-d1646ba5bd3a,US,Group,1948,jazz,1
The Staple Singers,3d49e36a-cc9e-411e-93c6-d1646ba5bd3a,US,Group,1948,soul,3
The Staple Singers,3d49e36a-cc9e-411e-93c6-d1646ba5bd3a,US,Group,1948,gospel,1
The Staple Singers,3d49e36a-cc9e-411e-93c6-d1646ba5bd3a,US,Group,1948,rock and indie,1
The Staple Singers,3d49e36a-cc9e-411e-93c6-d1646ba5bd3a,US,Group,1948,stax,1
The Staple Singers,3d49e36a-cc9e-411e-93c6-d1646ba5bd3a,US,Group,1948,r&b,1
Charli xcx,260b6184-8828-48eb-945c-bc4cb6fc34ca,,Person,1992,trance,0
Charli xcx,260b6184-8828-48eb-945c-bc4cb6fc34ca,,Person,1992,electronic,10
Charli xcx,260b6184-8828-48eb-945c-bc4cb6fc34ca,,Person,1992,synthpop,1
Charli xcx,260b6184-8828-48eb-945c-bc4cb6fc34ca,,Person,1992,pop,7
Charli xcx,260b6184-8828-48eb-945c-bc4cb6fc34ca,,Person,1992,dance,1
Charli xcx,260b6184-8828-48eb-945c-bc4cb6fc34ca,,Person,1992,house,1
Charli xcx,260b6184-8828-48eb-945c-bc4cb6fc34ca,,Person,1992,new wave,1
Charli xcx,260b6184-8828-48eb-945c-bc4cb6fc34ca,,Person,1992,electro,0
Charli xcx,260b6184-8828-48eb-945c-bc4cb6fc34ca,,Person,1992,hip hop,1
Charli xcx,260b6184-8828-48eb-945c-bc4cb6fc34ca,,Person,1992,uk,5
Charli xcx,260b6184-8828-48eb-945c-bc4cb6fc34ca,,Person,1992,electronica,1
Charli xcx,260b6184-8828-48eb-945c-bc4cb6fc34ca,,Person,1992,synth-pop,9
Charli xcx,260b6184-8828-48eb-945c-bc4cb6fc34ca,,Person,1992,electropop,17
Charli xcx,260b6184-8828-48eb-945c-bc4cb6fc34ca,,Person,1992,female vocalists,1
Charli xcx,260b6184-8828-48eb-945c-bc4cb6fc34ca,,Person,1992,female vocals,1
Charli xcx,260b6184-8828-48eb-945c-bc4cb6fc34ca,,Person,1992,indie pop,1
Charli xcx,260b6184-8828-48eb-945c-bc4cb6fc34ca,,Person,1992,glitch,0
Charli xcx,260b6184-8828-48eb-945c-bc4cb6fc34ca,,Person,1992,dance-pop,12
Charli xcx,260b6184-8828-48eb-945c-bc4cb6fc34ca,,Person,1992,experimental pop,2
Charli xcx,260b6184-8828-48eb-945c-bc4cb6fc34ca,,Person,1992,pop rock,0
Charli xcx,260b6184-8828-48eb-945c-bc4cb6fc34ca,,Person,1992,pop punk,1
Charli xcx,260b6184-8828-48eb-945c-bc4cb6fc34ca,,Person,1992,europop,1
Charli xcx,260b6184-8828-48eb-945c-bc4cb6fc34ca,,Person,1992,new jack swing,1
Charli xcx,260b6184-8828-48eb-945c-bc4cb6fc34ca,,Person,1992,ambient house,0
Charli xcx,260b6184-8828-48eb-945c-bc4cb6fc34ca,,Person,1992,electroclash,1
Charli xcx,260b6184-8828-48eb-945c-bc4cb6fc34ca,,Person,1992,grime,1
Charli xcx,260b6184-8828-48eb-945c-bc4cb6fc34ca,,Person,1992,experimental hip hop,1
Charli xcx,260b6184-8828-48eb-945c-bc4cb6fc34ca,,Person,1992,2010s,2
Charli xcx,260b6184-8828-48eb-945c-bc4cb6fc34ca,,Person,1992,art pop,1
Charli xcx,260b6184-8828-48eb-945c-bc4cb6fc34ca,,Person,1992,bubblegum pop,0
Charli xcx,260b6184-8828-48eb-945c-bc4cb6fc34ca,,Person,1992,deep dubstep,1
Charli xcx,260b6184-8828-48eb-945c-bc4cb6fc34ca,,Person,1992,bubblegum bass,1
Charli xcx,260b6184-8828-48eb-945c-bc4cb6fc34ca,,Person,1992,pc music,3
Charli xcx,260b6184-8828-48eb-945c-bc4cb6fc34ca,,Person,1992,deconstructed club,1
Charli xcx,260b6184-8828-48eb-945c-bc4cb6fc34ca,,Person,1992,left-field pop,1
Charli xcx,260b6184-8828-48eb-945c-bc4cb6fc34ca,,Person,1992,avant-garde pop,1
Charli xcx,260b6184-8828-48eb-945c-bc4cb6fc34ca,,Person,1992,hyperpop,11
Charli xcx,260b6184-8828-48eb-945c-bc4cb6fc34ca,,Person,1992,2020s,2
Washed Out,74a30f2a-dae6-4e99-8a75-cb0f93b31aa6,US,Person,1982,synthpop,1
Washed Out,74a30f2a-dae6-4e99-8a75-cb0f93b31aa6,US,Person,1982,neo-psychedelia,1
Washed Out,74a30f2a-dae6-4e99-8a75-cb0f93b31aa6,US,Person,1982,dream pop,1
Washed Out,74a30f2a-dae6-4e99-8a75-cb0f93b31aa6,US,Person,1982,nu-disco,1
Washed Out,74a30f2a-dae6-4e99-8a75-cb0f93b31aa6,US,Person,1982,chillwave,1
Washed Out,74a30f2a-dae6-4e99-8a75-cb0f93b31aa6,US,Person,1982,electronic,1
Peggy Gou,4c41d78d-9dd5-430d-81ea-286052158293,,Person,1991,dance,1
Peggy Gou,4c41d78d-9dd5-430d-81ea-286052158293,,Person,1991,electronic,1
Peggy Gou,4c41d78d-9dd5-430d-81ea-286052158293,,Person,1991,house,1
Peggy Gou,4c41d78d-9dd5-430d-81ea-286052158293,,Person,1991,techno,1
Peggy Gou,4c41d78d-9dd5-430d-81ea-286052158293,,Person,1991,edm,1
John Legend,75a72702-a5ef-4513-bca5-c5b944903546,US,Person,1978,american,1
John Legend,75a72702-a5ef-4513-bca5-c5b944903546,US,Person,1978,usa,1
John Legend,75a72702-a5ef-4513-bca5-c5b944903546,US,Person,1978,soul,5
John Legend,75a72702-a5ef-4513-bca5-c5b944903546,US,Person,1978,américain,1
John Legend,75a72702-a5ef-4513-bca5-c5b944903546,US,Person,1978,neo soul,2
John Legend,75a72702-a5ef-4513-bca5-c5b944903546,US,Person,1978,god,1
John Legend,75a72702-a5ef-4513-bca5-c5b944903546,US,Person,1978,soul and reggae,2
John Legend,75a72702-a5ef-4513-bca5-c5b944903546,US,Person,1978,top 100,1
John Legend,75a72702-a5ef-4513-bca5-c5b944903546,US,Person,1978,r&b,2
John Legend,75a72702-a5ef-4513-bca5-c5b944903546,US,Person,1978,contemporary r&b,2
John Legend,75a72702-a5ef-4513-bca5-c5b944903546,US,Person,1978,top 10,1
La Roux,88d1360a-bc2d-47df-90d1-d2de285560aa,GB,Group,2006,electronic,2
La Roux,88d1360a-bc2d-47df-90d1-d2de285560aa,GB,Group,2006,synth-pop,1
The Bausa,34739a84-b388-4cea-9e77-2609fadd8bb7,NO,Group,,dance,1
The Bausa,34739a84-b388-4cea-9e77-2609fadd8bb7,NO,Group,,dance-pop,1
The Bausa,34739a84-b388-4cea-9e77-2609fadd8bb7,NO,Group,,funktronica,1
Rihanna,73e5e69d-3554-40d8-8516-00cb38737a1c,US,Person,1988,pop,17
Rihanna,73e5e69d-3554-40d8-8516-00cb38737a1c,US,Person,1988,dance,4
Rihanna,73e5e69d-3554-40d8-8516-00cb38737a1c,US,Person,1988,hip hop,5
Rihanna,73e5e69d-3554-40d8-8516-00cb38737a1c,US,Person,1988,reggae,3
Rihanna,73e5e69d-3554-40d8-8516-00cb38737a1c,US,Person,1988,contemporary r b,1
Rihanna,73e5e69d-3554-40d8-8516-00cb38737a1c,US,Person,1988,electropop,4
Rihanna,73e5e69d-3554-40d8-8516-00cb38737a1c,US,Person,1988,rnb,1
Rihanna,73e5e69d-3554-40d8-8516-00cb38737a1c,US,Person,1988,barbadian,3
Rihanna,73e5e69d-3554-40d8-8516-00cb38737a1c,US,Person,1988,female vocals,1
Rihanna,73e5e69d-3554-40d8-8516-00cb38737a1c,US,Person,1988,icon,1
Rihanna,73e5e69d-3554-40d8-8516-00cb38737a1c,US,Person,1988,dance-pop,9
Rihanna,73e5e69d-3554-40d8-8516-00cb38737a1c,US,Person,1988,dancehall,4
Rihanna,73e5e69d-3554-40d8-8516-00cb38737a1c,US,Person,1988,electro house,3
Rihanna,73e5e69d-3554-40d8-8516-00cb38737a1c,US,Person,1988,edm,1
Rihanna,73e5e69d-3554-40d8-8516-00cb38737a1c,US,Person,1988,pop and chart,1
Rihanna,73e5e69d-3554-40d8-8516-00cb38737a1c,US,Person,1988,female vocal,2
Rihanna,73e5e69d-3554-40d8-8516-00cb38737a1c,US,Person,1988,pop soul,4
Rihanna,73e5e69d-3554-40d8-8516-00cb38737a1c,US,Person,1988,rihanna,1
Rihanna,73e5e69d-3554-40d8-8516-00cb38737a1c,US,Person,1988,barbadien,1
Rihanna,73e5e69d-3554-40d8-8516-00cb38737a1c,US,Person,1988,barbados,1
Rihanna,73e5e69d-3554-40d8-8516-00cb38737a1c,US,Person,1988,barbade,1
Rihanna,73e5e69d-3554-40d8-8516-00cb38737a1c,US,Person,1988,rehab,1
Rihanna,73e5e69d-3554-40d8-8516-00cb38737a1c,US,Person,1988,r&b,14
Rihanna,73e5e69d-3554-40d8-8516-00cb38737a1c,US,Person,1988,contemporary r&b,9
Rihanna,73e5e69d-3554-40d8-8516-00cb38737a1c,US,Person,1988,pop culture,3
Rihanna,73e5e69d-3554-40d8-8516-00cb38737a1c,US,Person,1988,influential pop star,4
Rihanna,73e5e69d-3554-40d8-8516-00cb38737a1c,US,Person,1988,pop star,2
Swedish House Mafia,99075985-0d80-4692-a15e-b16f78831792,SE,Group,2008,electronic,2
Swedish House Mafia,99075985-0d80-4692-a15e-b16f78831792,SE,Group,2008,dance,1
Swedish House Mafia,99075985-0d80-4692-a15e-b16f78831792,SE,Group,2008,house,6
Swedish House Mafia,99075985-0d80-4692-a15e-b16f78831792,SE,Group,2008,electropop,1
Swedish House Mafia,99075985-0d80-4692-a15e-b16f78831792,SE,Group,2008,dance-pop,1
Swedish House Mafia,99075985-0d80-4692-a15e-b16f78831792,SE,Group,2008,progressive house,2
Swedish House Mafia,99075985-0d80-4692-a15e-b16f78831792,SE,Group,2008,electro house,3
Swedish House Mafia,99075985-0d80-4692-a15e-b16f78831792,SE,Group,2008,edm,1
Swedish House Mafia,99075985-0d80-4692-a15e-b16f78831792,SE,Group,2008,complextro,0
Swedish House Mafia,99075985-0d80-4692-a15e-b16f78831792,SE,Group,2008,get dumb,0
Swedish House Mafia,99075985-0d80-4692-a15e-b16f78831792,SE,Group,2008,festival progressive house,1
Amelie Lens,67db280d-c3e4-49d9-978e-4050f4e209ef,BE,Person,1990,electronic,1
Amelie Lens,67db280d-c3e4-49d9-978e-4050f4e209ef,BE,Person,1990,dance,1
Amelie Lens,67db280d-c3e4-49d9-978e-4050f4e209ef,BE,Person,1990,techno,2
Kaskade,29ed4a49-fb99-4a5c-8713-609cabe6f34a,US,Person,1971,electronic,5
Kaskade,29ed4a49-fb99-4a5c-8713-609cabe6f34a,US,Person,1971,house,4
Kaskade,29ed4a49-fb99-4a5c-8713-609cabe6f34a,US,Person,1971,american,0
Kaskade,29ed4a49-fb99-4a5c-8713-609cabe6f34a,US,Person,1971,deep house,0
P!nk,f4d5cc07-3bc9-4836-9b15-88a08359bc63,US,Person,1979,rock,2
P!nk,f4d5cc07-3bc9-4836-9b15-88a08359bc63,US,Person,1979,pop,10
P!nk,f4d5cc07-3bc9-4836-9b15-88a08359bc63,US,Person,1979,singer-songwriter,2
P!nk,f4d5cc07-3bc9-4836-9b15-88a08359bc63,US,Person,1979,electropop,2
P!nk,f4d5cc07-3bc9-4836-9b15-88a08359bc63,US,Person,1979,female vocals,1
P!nk,f4d5cc07-3bc9-4836-9b15-88a08359bc63,US,Person,1979,2000s,2
P!nk,f4d5cc07-3bc9-4836-9b15-88a08359bc63,US,Person,1979,dance-pop,4
P!nk,f4d5cc07-3bc9-4836-9b15-88a08359bc63,US,Person,1979,pop rock,7
P!nk,f4d5cc07-3bc9-4836-9b15-88a08359bc63,US,Person,1979,pop and chart,0
P!nk,f4d5cc07-3bc9-4836-9b15-88a08359bc63,US,Person,1979,united states,-1
P!nk,f4d5cc07-3bc9-4836-9b15-88a08359bc63,US,Person,1979,sober,0
P!nk,f4d5cc07-3bc9-4836-9b15-88a08359bc63,US,Person,1979,contemporary r&b,2
P!nk,f4d5cc07-3bc9-4836-9b15-88a08359bc63,US,Person,1979,2010s,2
P!nk,f4d5cc07-3bc9-4836-9b15-88a08359bc63,US,Person,1979,music for soccer moms,0
P!nk,f4d5cc07-3bc9-4836-9b15-88a08359bc63,US,Person,1979,zionist,1
Ravyn Lenae,94c64122-dbd4-4927-b2fa-f204b0b4b0c2,US,Person,1999,pop,2
Ravyn Lenae,94c64122-dbd4-4927-b2fa-f204b0b4b0c2,US,Person,1999,singer-songwriter,1
Ravyn Lenae,94c64122-dbd4-4927-b2fa-f204b0b4b0c2,US,Person,1999,neo soul,2
Ravyn Lenae,94c64122-dbd4-4927-b2fa-f204b0b4b0c2,US,Person,1999,r&b,2
Ravyn Lenae,94c64122-dbd4-4927-b2fa-f204b0b4b0c2,US,Person,1999,contemporary r&b,2
Ravyn Lenae,94c64122-dbd4-4927-b2fa-f204b0b4b0c2,US,Person,1999,alternative r&b,2
Ravyn Lenae,94c64122-dbd4-4927-b2fa-f204b0b4b0c2,US,Person,1999,2020s,1
TLC,99790314-885a-4975-8614-9c5bc890364d,US,Group,1991,pop,2
TLC,99790314-885a-4975-8614-9c5bc890364d,US,Group,1991,crunk,1
TLC,99790314-885a-4975-8614-9c5bc890364d,US,Group,1991,pop rap,2
TLC,99790314-885a-4975-8614-9c5bc890364d,US,Group,1991,new jack swing,1
TLC,99790314-885a-4975-8614-9c5bc890364d,US,Group,1991,hip hop rnb and dance hall,0
TLC,99790314-885a-4975-8614-9c5bc890364d,US,Group,1991,r&b,1
TLC,99790314-885a-4975-8614-9c5bc890364d,US,Group,1991,contemporary r&b,2
Erykah Badu,321531fc-db73-4ffa-a959-61a61a2908c1,US,Person,1971,jazz,1
Erykah Badu,321531fc-db73-4ffa-a959-61a61a2908c1,US,Person,1971,hip hop,2
Erykah Badu,321531fc-db73-4ffa-a959-61a61a2908c1,US,Person,1971,funk,2
Erykah Badu,321531fc-db73-4ffa-a959-61a61a2908c1,US,Person,1971,neo-soul,1
Erykah Badu,321531fc-db73-4ffa-a959-61a61a2908c1,US,Person,1971,soul,5
Erykah Badu,321531fc-db73-4ffa-a959-61a61a2908c1,US,Person,1971,acid jazz,1
Erykah Badu,321531fc-db73-4ffa-a959-61a61a2908c1,US,Person,1971,neo soul,2
Erykah Badu,321531fc-db73-4ffa-a959-61a61a2908c1,US,Person,1971,soul and reggae,1
Erykah Badu,321531fc-db73-4ffa-a959-61a61a2908c1,US,Person,1971,funk soul,1
Erykah Badu,321531fc-db73-4ffa-a959-61a61a2908c1,US,Person,1971,contemporary r&b,3
Amy Winehouse,dfe9a7c4-8cf2-47f4-9dcb-d233c2b86ec3,GB,Person,1983,pop,0
Amy Winehouse,dfe9a7c4-8cf2-47f4-9dcb-d233c2b86ec3,GB,Person,1983,jazz,5
Amy Winehouse,dfe9a7c4-8cf2-47f4-9dcb-d233c2b86ec3,GB,Person,1983,blues,0
Amy Winehouse,dfe9a7c4-8cf2-47f4-9dcb-d233c2b86ec3,GB,Person,1983,british,0
Amy Winehouse,dfe9a7c4-8cf2-47f4-9dcb-d233c2b86ec3,GB,Person,1983,uk,0
Amy Winehouse,dfe9a7c4-8cf2-47f4-9dcb-d233c2b86ec3,GB,Person,1983,easy listening,0
Amy Winehouse,dfe9a7c4-8cf2-47f4-9dcb-d233c2b86ec3,GB,Person,1983,neo-soul,3
Amy Winehouse,dfe9a7c4-8cf2-47f4-9dcb-d233c2b86ec3,GB,Person,1983,soul,14
Amy Winehouse,dfe9a7c4-8cf2-47f4-9dcb-d233c2b86ec3,GB,Person,1983,female vocals,1
Amy Winehouse,dfe9a7c4-8cf2-47f4-9dcb-d233c2b86ec3,GB,Person,1983,crossover jazz,1
Amy Winehouse,dfe9a7c4-8cf2-47f4-9dcb-d233c2b86ec3,GB,Person,1983,vocal jazz,2
Amy Winehouse,dfe9a7c4-8cf2-47f4-9dcb-d233c2b86ec3,GB,Person,1983,neo soul,3
Amy Winehouse,dfe9a7c4-8cf2-47f4-9dcb-d233c2b86ec3,GB,Person,1983,jazz pop,2
Amy Winehouse,dfe9a7c4-8cf2-47f4-9dcb-d233c2b86ec3,GB,Person,1983,english,0
Amy Winehouse,dfe9a7c4-8cf2-47f4-9dcb-d233c2b86ec3,GB,Person,1983,jazz and blues,0
Amy Winehouse,dfe9a7c4-8cf2-47f4-9dcb-d233c2b86ec3,GB,Person,1983,pop soul,2
Amy Winehouse,dfe9a7c4-8cf2-47f4-9dcb-d233c2b86ec3,GB,Person,1983,i heard love is blind,0
Amy Winehouse,dfe9a7c4-8cf2-47f4-9dcb-d233c2b86ec3,GB,Person,1983,death by overdose,0
Amy Winehouse,dfe9a7c4-8cf2-47f4-9dcb-d233c2b86ec3,GB,Person,1983,r&b,1
Amy Winehouse,dfe9a7c4-8cf2-47f4-9dcb-d233c2b86ec3,GB,Person,1983,contemporary r&b,8
Amy Winehouse,dfe9a7c4-8cf2-47f4-9dcb-d233c2b86ec3,GB,Person,1983,rhythm & blues,1
Amy Winehouse,dfe9a7c4-8cf2-47f4-9dcb-d233c2b86ec3,GB,Person,1983,frank,0
Amy Winehouse,dfe9a7c4-8cf2-47f4-9dcb-d233c2b86ec3,GB,Person,1983,27 club,1
Amy Winehouse,dfe9a7c4-8cf2-47f4-9dcb-d233c2b86ec3,GB,Person,1983,death by drug overdose,0
Mary J. Blige,db76c5ca-d555-4f09-b1db-baa1b713d875,US,Person,1971,hip hop rnb and dance hall,0
Mary J. Blige,db76c5ca-d555-4f09-b1db-baa1b713d875,US,Person,1971,90s r&b,1
Mary J. Blige,db76c5ca-d555-4f09-b1db-baa1b713d875,US,Person,1971,hip hop soul,2
Mary J. Blige,db76c5ca-d555-4f09-b1db-baa1b713d875,US,Person,1971,r&b,2
Mary J. Blige,db76c5ca-d555-4f09-b1db-baa1b713d875,US,Person,1971,hip hop,1
Mary J. Blige,db76c5ca-d555-4f09-b1db-baa1b713d875,US,Person,1971,new jack swing,1
Mary J. Blige,db76c5ca-d555-4f09-b1db-baa1b713d875,US,Person,1971,dance-pop,1
Mary J. Blige,db76c5ca-d555-4f09-b1db-baa1b713d875,US,Person,1971,adult contemporary,1
Mary J. Blige,db76c5ca-d555-4f09-b1db-baa1b713d875,US,Person,1971,neo-soul,1
Mary J. Blige,db76c5ca-d555-4f09-b1db-baa1b713d875,US,Person,1971,uk bass,1
Mary J. Blige,db76c5ca-d555-4f09-b1db-baa1b713d875,US,Person,1971,contemporary r&b,3
Mary J. Blige,db76c5ca-d555-4f09-b1db-baa1b713d875,US,Person,1971,soul,1
Mary J. Blige,db76c5ca-d555-4f09-b1db-baa1b713d875,US,Person,1971,2008 universal fire victim,1
Sharon Jones & The Dap-Kings,8d50cd20-34f2-4abe-ba16-0759ee0fb9f5,US,Group,1996,funk,1
Sharon Jones & The Dap-Kings,8d50cd20-34f2-4abe-ba16-0759ee0fb9f5,US,Group,1996,soul,2
Sharon Jones & The Dap-Kings,8d50cd20-34f2-4abe-ba16-0759ee0fb9f5,US,Group,1996,classic pop and rock,1
Leon Bridges,69d9dfd7-19b7-4a75-8a53-9f733fb5d774,US,Person,1989,soul,2
Leon Bridges,69d9dfd7-19b7-4a75-8a53-9f733fb5d774,US,Person,1989,neo soul,1
Leon Bridges,69d9dfd7-19b7-4a75-8a53-9f733fb5d774,US,Person,1989,smooth soul,1
Leon Bridges,69d9dfd7-19b7-4a75-8a53-9f733fb5d774,US,Person,1989,r&b,2
Leon Bridges,69d9dfd7-19b7-4a75-8a53-9f733fb5d774,US,Person,1989,regional mexicano,1
Al Jarreau,3e54ba8b-f4cc-4192-9813-890d570e2b7a,US,Person,1940,soul,1
Al Jarreau,3e54ba8b-f4cc-4192-9813-890d570e2b7a,US,Person,1940,1980s,1
Al Jarreau,3e54ba8b-f4cc-4192-9813-890d570e2b7a,US,Person,1940,1970s,1
Al Jarreau,3e54ba8b-f4cc-4192-9813-890d570e2b7a,US,Person,1940,2000s,1
Al Jarreau,3e54ba8b-f4cc-4192-9813-890d570e2b7a,US,Person,1940,soft rock,1
Al Jarreau,3e54ba8b-f4cc-4192-9813-890d570e2b7a,US,Person,1940,crossover jazz,0
Al Jarreau,3e54ba8b-f4cc-4192-9813-890d570e2b7a,US,Person,1940,vocal jazz,4
Al Jarreau,3e54ba8b-f4cc-4192-9813-890d570e2b7a,US,Person,1940,jazz-funk,1
Al Jarreau,3e54ba8b-f4cc-4192-9813-890d570e2b7a,US,Person,1940,contemporary jazz,0
Al Jarreau,3e54ba8b-f4cc-4192-9813-890d570e2b7a,US,Person,1940,jazz pop,0
Al Jarreau,3e54ba8b-f4cc-4192-9813-890d570e2b7a,US,Person,1940,soul jazz,1
Al Jarreau,3e54ba8b-f4cc-4192-9813-890d570e2b7a,US,Person,1940,smooth jazz,1
Al Jarreau,3e54ba8b-f4cc-4192-9813-890d570e2b7a,US,Person,1940,easy listening soundtracks and musicals,0
Al Jarreau,3e54ba8b-f4cc-4192-9813-890d570e2b7a,US,Person,1940,pop soul,0
Al Jarreau,3e54ba8b-f4cc-4192-9813-890d570e2b7a,US,Person,1940,am pop,0
Al Jarreau,3e54ba8b-f4cc-4192-9813-890d570e2b7a,US,Person,1940,smooth soul,1
Al Jarreau,3e54ba8b-f4cc-4192-9813-890d570e2b7a,US,Person,1940,al jarreau,0
Al Jarreau,3e54ba8b-f4cc-4192-9813-890d570e2b7a,US,Person,1940,contemporary pop/rock,0
Nia Smith,4c24e126-cdc9-4be1-9caa-570ced8dafca,,Person,,,0
Rose Royce,846482ac-d4c4-4286-8002-b14a601d8ec0,US,Group,1976,funk,2
Rose Royce,846482ac-d4c4-4286-8002-b14a601d8ec0,US,Group,1976,soul,3
Rose Royce,846482ac-d4c4-4286-8002-b14a601d8ec0,US,Group,1976,disco,1
Rose Royce,846482ac-d4c4-4286-8002-b14a601d8ec0,US,Group,1976,quiet storm,1
Rose Royce,846482ac-d4c4-4286-8002-b14a601d8ec0,US,Group,1976,film score,1
Rose Royce,846482ac-d4c4-4286-8002-b14a601d8ec0,US,Group,1976,classic pop and rock,0
Rose Royce,846482ac-d4c4-4286-8002-b14a601d8ec0,US,Group,1976,pop soul,1
Rose Royce,846482ac-d4c4-4286-8002-b14a601d8ec0,US,Group,1976,smooth soul,1
Rose Royce,846482ac-d4c4-4286-8002-b14a601d8ec0,US,Group,1976,r&b,1
Rose Royce,846482ac-d4c4-4286-8002-b14a601d8ec0,US,Group,1976,soft r&b,1
Rose Royce,846482ac-d4c4-4286-8002-b14a601d8ec0,US,Group,1976,sweet soul,1
Rose Royce,846482ac-d4c4-4286-8002-b14a601d8ec0,US,Group,1976,creamy soul,1
Rose Royce,846482ac-d4c4-4286-8002-b14a601d8ec0,US,Group,1976,2008 universal fire victim,1
Mitski,fa58cf24-0e44-421d-8519-8bf461dcfaa5,US,Person,1990,rock,4
Mitski,fa58cf24-0e44-421d-8519-8bf461dcfaa5,US,Person,1990,pop,1
Mitski,fa58cf24-0e44-421d-8519-8bf461dcfaa5,US,Person,1990,alternative rock,2
Mitski,fa58cf24-0e44-421d-8519-8bf461dcfaa5,US,Person,1990,folk,0
Mitski,fa58cf24-0e44-421d-8519-8bf461dcfaa5,US,Person,1990,punk rock,1
Mitski,fa58cf24-0e44-421d-8519-8bf461dcfaa5,US,Person,1990,singer-songwriter,3
Mitski,fa58cf24-0e44-421d-8519-8bf461dcfaa5,US,Person,1990,indie rock,6
Mitski,fa58cf24-0e44-421d-8519-8bf461dcfaa5,US,Person,1990,folk rock,1
Mitski,fa58cf24-0e44-421d-8519-8bf461dcfaa5,US,Person,1990,j-pop,1
Mitski,fa58cf24-0e44-421d-8519-8bf461dcfaa5,US,Person,1990,indie,2
Mitski,fa58cf24-0e44-421d-8519-8bf461dcfaa5,US,Person,1990,alternative,1
Mitski,fa58cf24-0e44-421d-8519-8bf461dcfaa5,US,Person,1990,garage rock,2
Mitski,fa58cf24-0e44-421d-8519-8bf461dcfaa5,US,Person,1990,dream pop,0
Mitski,fa58cf24-0e44-421d-8519-8bf461dcfaa5,US,Person,1990,indie dance,1
Mitski,fa58cf24-0e44-421d-8519-8bf461dcfaa5,US,Person,1990,folk punk,1
Mitski,fa58cf24-0e44-421d-8519-8bf461dcfaa5,US,Person,1990,alternative/indie rock,1
Mitski,fa58cf24-0e44-421d-8519-8bf461dcfaa5,US,Person,1990,alternative singer/songwriter,1
Mitski,fa58cf24-0e44-421d-8519-8bf461dcfaa5,US,Person,1990,2010s,1
Mitski,fa58cf24-0e44-421d-8519-8bf461dcfaa5,US,Person,1990,art pop,1
Mitski,fa58cf24-0e44-421d-8519-8bf461dcfaa5,US,Person,1990,millennial,1
Mitski,fa58cf24-0e44-421d-8519-8bf461dcfaa5,US,Person,1990,2020s,1
Pixies,b6b2bb8d-54a9-491f-9607-7b546023b433,US,Group,1986,rock,2
Pixies,b6b2bb8d-54a9-491f-9607-7b546023b433,US,Group,1986,alternative rock,19
Pixies,b6b2bb8d-54a9-491f-9607-7b546023b433,US,Group,1986,american,0
Pixies,b6b2bb8d-54a9-491f-9607-7b546023b433,US,Group,1986,punk rock,1
Pixies,b6b2bb8d-54a9-491f-9607-7b546023b433,US,Group,1986,usa,0
Pixies,b6b2bb8d-54a9-491f-9607-7b546023b433,US,Group,1986,indie rock,10
Pixies,b6b2bb8d-54a9-491f-9607-7b546023b433,US,Group,1986,américain,0
Pixies,b6b2bb8d-54a9-491f-9607-7b546023b433,US,Group,1986,acoustic rock,0
Pixies,b6b2bb8d-54a9-491f-9607-7b546023b433,US,Group,1986,noise pop,1
Pixies,b6b2bb8d-54a9-491f-9607-7b546023b433,US,Group,1986,post-hardcore,0
Pixies,b6b2bb8d-54a9-491f-9607-7b546023b433,US,Group,1986,surf rock,1
Pixies,b6b2bb8d-54a9-491f-9607-7b546023b433,US,Group,1986,noise rock,0
Pixies,b6b2bb8d-54a9-491f-9607-7b546023b433,US,Group,1986,rock music,1
Pixies,b6b2bb8d-54a9-491f-9607-7b546023b433,US,Group,1986,4ad,0
Pixies,b6b2bb8d-54a9-491f-9607-7b546023b433,US,Group,1986,rock and indie,0
Pixies,b6b2bb8d-54a9-491f-9607-7b546023b433,US,Group,1986,surfer music,0
Pixies,b6b2bb8d-54a9-491f-9607-7b546023b433,US,Group,1986,rock groups,1
Dominic Fike,e337c918-098f-418e-97a2-81dc224b1bf9,,Person,1995,alternative pop,1
The Marías,7a3970c9-ecd8-4eee-a267-4d8c77d97ff3,,Group,2016,alternative,1
The Marías,7a3970c9-ecd8-4eee-a267-4d8c77d97ff3,,Group,2016,synth-pop,1
The Marías,7a3970c9-ecd8-4eee-a267-4d8c77d97ff3,,Group,2016,lo-fi,2
The Marías,7a3970c9-ecd8-4eee-a267-4d8c77d97ff3,,Group,2016,indie pop,3
The Marías,7a3970c9-ecd8-4eee-a267-4d8c77d97ff3,,Group,2016,psychedelic pop,2
The Marías,7a3970c9-ecd8-4eee-a267-4d8c77d97ff3,,Group,2016,dream pop,3
The Marías,7a3970c9-ecd8-4eee-a267-4d8c77d97ff3,,Group,2016,psychedelic soul,1
The Marías,7a3970c9-ecd8-4eee-a267-4d8c77d97ff3,,Group,2016,bedroom pop,1
The Marías,7a3970c9-ecd8-4eee-a267-4d8c77d97ff3,,Group,2016,2020s,1
Holly Humberstone,736c8ea9-b5c3-4c5f-8782-28e633f0c084,GB,Person,1999,pop,4
Holly Humberstone,736c8ea9-b5c3-4c5f-8782-28e633f0c084,GB,Person,1999,synth-pop,1
Holly Humberstone,736c8ea9-b5c3-4c5f-8782-28e633f0c084,GB,Person,1999,alternative pop,3
Holly Humberstone,736c8ea9-b5c3-4c5f-8782-28e633f0c084,GB,Person,1999,2020s,1
Holly Humberstone,736c8ea9-b5c3-4c5f-8782-28e633f0c084,GB,Person,1999,gen z,1
R.E.M.,ea4dfa26-f633-4da6-a52a-f49ea4897b58,US,Group,1980,rock,5
R.E.M.,ea4dfa26-f633-4da6-a52a-f49ea4897b58,US,Group,1980,alternative rock,17
R.E.M.,ea4dfa26-f633-4da6-a52a-f49ea4897b58,US,Group,1980,american,0
R.E.M.,ea4dfa26-f633-4da6-a52a-f49ea4897b58,US,Group,1980,grunge,2
R.E.M.,ea4dfa26-f633-4da6-a52a-f49ea4897b58,US,Group,1980,post-punk,0
R.E.M.,ea4dfa26-f633-4da6-a52a-f49ea4897b58,US,Group,1980,usa,1
R.E.M.,ea4dfa26-f633-4da6-a52a-f49ea4897b58,US,Group,1980,indie rock,0
R.E.M.,ea4dfa26-f633-4da6-a52a-f49ea4897b58,US,Group,1980,power pop,4
R.E.M.,ea4dfa26-f633-4da6-a52a-f49ea4897b58,US,Group,1980,folk rock,4
R.E.M.,ea4dfa26-f633-4da6-a52a-f49ea4897b58,US,Group,1980,indie,1
R.E.M.,ea4dfa26-f633-4da6-a52a-f49ea4897b58,US,Group,1980,glam rock,2
R.E.M.,ea4dfa26-f633-4da6-a52a-f49ea4897b58,US,Group,1980,américain,0
R.E.M.,ea4dfa26-f633-4da6-a52a-f49ea4897b58,US,Group,1980,classic rock,0
R.E.M.,ea4dfa26-f633-4da6-a52a-f49ea4897b58,US,Group,1980,college rock,2
R.E.M.,ea4dfa26-f633-4da6-a52a-f49ea4897b58,US,Group,1980,acoustic rock,1
R.E.M.,ea4dfa26-f633-4da6-a52a-f49ea4897b58,US,Group,1980,noise pop,0
R.E.M.,ea4dfa26-f633-4da6-a52a-f49ea4897b58,US,Group,1980,jangle pop,8
R.E.M.,ea4dfa26-f633-4da6-a52a-f49ea4897b58,US,Group,1980,pop rock,6
R.E.M.,ea4dfa26-f633-4da6-a52a-f49ea4897b58,US,Group,1980,neo-psychedelia,2
R.E.M.,ea4dfa26-f633-4da6-a52a-f49ea4897b58,US,Group,1980,alternative country,2
R.E.M.,ea4dfa26-f633-4da6-a52a-f49ea4897b58,US,Group,1980,chamber pop,2
R.E.M.,ea4dfa26-f633-4da6-a52a-f49ea4897b58,US,Group,1980,athens,0
R.E.M.,ea4dfa26-f633-4da6-a52a-f49ea4897b58,US,Group,1980,rock and indie,0
R.E.M.,ea4dfa26-f633-4da6-a52a-f49ea4897b58,US,Group,1980,georgia,0
R.E.M.,ea4dfa26-f633-4da6-a52a-f49ea4897b58,US,Group,1980,electronic rock,1
R.E.M.,ea4dfa26-f633-4da6-a52a-f49ea4897b58,US,Group,1980,pop/rock,0
R.E.M.,ea4dfa26-f633-4da6-a52a-f49ea4897b58,US,Group,1980,2008 universal fire victim,1
Parcels,5318e774-f5b6-4ee0-82cb-4dcf398c3ff8,AU,Group,2014,electronic,1
Parcels,5318e774-f5b6-4ee0-82cb-4dcf398c3ff8,AU,Group,2014,disco,1
Parcels,5318e774-f5b6-4ee0-82cb-4dcf398c3ff8,AU,Group,2014,dance-pop,-1
Parcels,5318e774-f5b6-4ee0-82cb-4dcf398c3ff8,AU,Group,2014,boogie,1
Parcels,5318e774-f5b6-4ee0-82cb-4dcf398c3ff8,AU,Group,2014,indietronica,1
Parcels,5318e774-f5b6-4ee0-82cb-4dcf398c3ff8,AU,Group,2014,nu disco,1
Parcels,5318e774-f5b6-4ee0-82cb-4dcf398c3ff8,AU,Group,2014,nu-disco,1
Com Truise,51f1ca49-846a-4ef1-b4fa-187ecc88bbe5,US,Person,1985,electronic,3
Com Truise,51f1ca49-846a-4ef1-b4fa-187ecc88bbe5,US,Person,1985,synthpop,1
Com Truise,51f1ca49-846a-4ef1-b4fa-187ecc88bbe5,US,Person,1985,chillwave,2
Com Truise,51f1ca49-846a-4ef1-b4fa-187ecc88bbe5,US,Person,1985,synthwave,3
Com Truise,51f1ca49-846a-4ef1-b4fa-187ecc88bbe5,US,Person,1985,iswcs pending,0
Com Truise,51f1ca49-846a-4ef1-b4fa-187ecc88bbe5,US,Person,1985,sound recording executives and producers,1
Metronomy,93eb7110-0bc9-4d3f-816b-4b52ef982ec8,GB,Group,1999,electronic,1
Metronomy,93eb7110-0bc9-4d3f-816b-4b52ef982ec8,GB,Group,1999,pop,0
Metronomy,93eb7110-0bc9-4d3f-816b-4b52ef982ec8,GB,Group,1999,rave,0
Metronomy,93eb7110-0bc9-4d3f-816b-4b52ef982ec8,GB,Group,1999,indie rock,3
Metronomy,93eb7110-0bc9-4d3f-816b-4b52ef982ec8,GB,Group,1999,alternative,1
Metronomy,93eb7110-0bc9-4d3f-816b-4b52ef982ec8,GB,Group,1999,soul,0
Metronomy,93eb7110-0bc9-4d3f-816b-4b52ef982ec8,GB,Group,1999,synth-pop,5
Metronomy,93eb7110-0bc9-4d3f-816b-4b52ef982ec8,GB,Group,1999,electropop,2
Metronomy,93eb7110-0bc9-4d3f-816b-4b52ef982ec8,GB,Group,1999,indie pop,1
Metronomy,93eb7110-0bc9-4d3f-816b-4b52ef982ec8,GB,Group,1999,indietronica,4
Metronomy,93eb7110-0bc9-4d3f-816b-4b52ef982ec8,GB,Group,1999,united kingdom,1
Metronomy,93eb7110-0bc9-4d3f-816b-4b52ef982ec8,GB,Group,1999,new rave,1
Metronomy,93eb7110-0bc9-4d3f-816b-4b52ef982ec8,GB,Group,1999,rock and indie,1
Metronomy,93eb7110-0bc9-4d3f-816b-4b52ef982ec8,GB,Group,1999,art pop,1
Bonobo,9a709693-b4f8-4da9-8cc1-038c911a61be,GB,Person,1976,rock,0
Bonobo,9a709693-b4f8-4da9-8cc1-038c911a61be,GB,Person,1976,electronic,6
Bonobo,9a709693-b4f8-4da9-8cc1-038c911a61be,GB,Person,1976,downtempo,13
Bonobo,9a709693-b4f8-4da9-8cc1-038c911a61be,GB,Person,1976,pop,0
Bonobo,9a709693-b4f8-4da9-8cc1-038c911a61be,GB,Person,1976,jazz,0
Bonobo,9a709693-b4f8-4da9-8cc1-038c911a61be,GB,Person,1976,dance,0
Bonobo,9a709693-b4f8-4da9-8cc1-038c911a61be,GB,Person,1976,house,0
Bonobo,9a709693-b4f8-4da9-8cc1-038c911a61be,GB,Person,1976,british,0
Bonobo,9a709693-b4f8-4da9-8cc1-038c911a61be,GB,Person,1976,idm,0
Bonobo,9a709693-b4f8-4da9-8cc1-038c911a61be,GB,Person,1976,electro,0
Bonobo,9a709693-b4f8-4da9-8cc1-038c911a61be,GB,Person,1976,uk,0
Bonobo,9a709693-b4f8-4da9-8cc1-038c911a61be,GB,Person,1976,deep house,0
Bonobo,9a709693-b4f8-4da9-8cc1-038c911a61be,GB,Person,1976,techno,0
Bonobo,9a709693-b4f8-4da9-8cc1-038c911a61be,GB,Person,1976,electronica,5
Bonobo,9a709693-b4f8-4da9-8cc1-038c911a61be,GB,Person,1976,breakbeat,0
Bonobo,9a709693-b4f8-4da9-8cc1-038c911a61be,GB,Person,1976,disco,0
Bonobo,9a709693-b4f8-4da9-8cc1-038c911a61be,GB,Person,1976,downbeat,0
Bonobo,9a709693-b4f8-4da9-8cc1-038c911a61be,GB,Person,1976,breaks,0
Bonobo,9a709693-b4f8-4da9-8cc1-038c911a61be,GB,Person,1976,world music,1
Bonobo,9a709693-b4f8-4da9-8cc1-038c911a61be,GB,Person,1976,acid jazz,1
Bonobo,9a709693-b4f8-4da9-8cc1-038c911a61be,GB,Person,1976,uk garage,0
Bonobo,9a709693-b4f8-4da9-8cc1-038c911a61be,GB,Person,1976,english,0
Bonobo,9a709693-b4f8-4da9-8cc1-038c911a61be,GB,Person,1976,trip hop,7
Bonobo,9a709693-b4f8-4da9-8cc1-038c911a61be,GB,Person,1976,nu jazz,3
Bonobo,9a709693-b4f8-4da9-8cc1-038c911a61be,GB,Person,1976,club,0
Bonobo,9a709693-b4f8-4da9-8cc1-038c911a61be,GB,Person,1976,ninja tune,0
Bonobo,9a709693-b4f8-4da9-8cc1-038c911a61be,GB,Person,1976,future jazz,0
Bonobo,9a709693-b4f8-4da9-8cc1-038c911a61be,GB,Person,1976,edm,0
Bonobo,9a709693-b4f8-4da9-8cc1-038c911a61be,GB,Person,1976,bassline,0
Bonobo,9a709693-b4f8-4da9-8cc1-038c911a61be,GB,Person,1976,ambient breakbeat,0
Bonobo,9a709693-b4f8-4da9-8cc1-038c911a61be,GB,Person,1976,jazz-house,0
Bonobo,9a709693-b4f8-4da9-8cc1-038c911a61be,GB,Person,1976,melodic techno,0
Bonobo,9a709693-b4f8-4da9-8cc1-038c911a61be,GB,Person,1976,melodic house,0
Bonobo,9a709693-b4f8-4da9-8cc1-038c911a61be,GB,Person,1976,organic house,0
Jungle,ce3bc975-a76f-415b-a6cd-1e568c5714dd,US,Group,1987,east coast hip hop,2
Jungle,ce3bc975-a76f-415b-a6cd-1e568c5714dd,US,Group,1987,rock and indie,1
Jungle,ce3bc975-a76f-415b-a6cd-1e568c5714dd,US,Group,1987,hip hop,4
Larry Carlton,f1f81989-dfa9-4bd3-805e-dcf3900c43e3,US,Person,1948,rock,1
Larry Carlton,f1f81989-dfa9-4bd3-805e-dcf3900c43e3,US,Person,1948,jazz,3
Larry Carlton,f1f81989-dfa9-4bd3-805e-dcf3900c43e3,US,Person,1948,blues,1
Larry Carlton,f1f81989-dfa9-4bd3-805e-dcf3900c43e3,US,Person,1948,jazz rock,1
Larry Carlton,f1f81989-dfa9-4bd3-805e-dcf3900c43e3,US,Person,1948,jazz fusion,2
Larry Carlton,f1f81989-dfa9-4bd3-805e-dcf3900c43e3,US,Person,1948,jazz-rock,0
Larry Carlton,f1f81989-dfa9-4bd3-805e-dcf3900c43e3,US,Person,1948,jazz pop,1
Larry Carlton,f1f81989-dfa9-4bd3-805e-dcf3900c43e3,US,Person,1948,smooth jazz,3
Larry Carlton,f1f81989-dfa9-4bd3-805e-dcf3900c43e3,US,Person,1948,progressive pop,1
Laufey,21a89505-10a9-4ac0-8388-833bc07b9f86,IS,Person,1999,pop,-1
Laufey,21a89505-10a9-4ac0-8388-833bc07b9f86,IS,Person,1999,jazz,1
Laufey,21a89505-10a9-4ac0-8388-833bc07b9f86,IS,Person,1999,singer-songwriter,3
Laufey,21a89505-10a9-4ac0-8388-833bc07b9f86,IS,Person,1999,bossa nova,1
Laufey,21a89505-10a9-4ac0-8388-833bc07b9f86,IS,Person,1999,vocal jazz,1
Laufey,21a89505-10a9-4ac0-8388-833bc07b9f86,IS,Person,1999,jazz pop,6
Laufey,21a89505-10a9-4ac0-8388-833bc07b9f86,IS,Person,1999,traditional pop,0
Laufey,21a89505-10a9-4ac0-8388-833bc07b9f86,IS,Person,1999,2020s,2
Laufey,21a89505-10a9-4ac0-8388-833bc07b9f86,IS,Person,1999,gen z,2
Bob James,f4d2fc5a-cacb-47c8-b096-ee73864b1aa8,US,Person,1939,jazz,1
Bob James,f4d2fc5a-cacb-47c8-b096-ee73864b1aa8,US,Person,1939,jazz fusion,1
Bob James,f4d2fc5a-cacb-47c8-b096-ee73864b1aa8,US,Person,1939,jazz-funk,1
Bob James,f4d2fc5a-cacb-47c8-b096-ee73864b1aa8,US,Person,1939,contemporary jazz,1
Bob James,f4d2fc5a-cacb-47c8-b096-ee73864b1aa8,US,Person,1939,smooth jazz,1
Herb Alpert,db76f244-049f-440e-be53-cc5f3c0cdfb6,US,Person,1935,jazz,2
Herb Alpert,db76f244-049f-440e-be53-cc5f3c0cdfb6,US,Person,1935,easy listening,1
Herb Alpert,db76f244-049f-440e-be53-cc5f3c0cdfb6,US,Person,1935,disco,1
Herb Alpert,db76f244-049f-440e-be53-cc5f3c0cdfb6,US,Person,1935,jazz fusion,1
Herb Alpert,db76f244-049f-440e-be53-cc5f3c0cdfb6,US,Person,1935,jazz-funk,1
Herb Alpert,db76f244-049f-440e-be53-cc5f3c0cdfb6,US,Person,1935,jazz pop,1
Herb Alpert,db76f244-049f-440e-be53-cc5f3c0cdfb6,US,Person,1935,smooth jazz,2
Herb Alpert,db76f244-049f-440e-be53-cc5f3c0cdfb6,US,Person,1935,classic pop and rock,1
Dave Koz,461b7812-cc9c-4e30-ab22-1b42bdba15fd,US,Person,1963,smooth jazz,2
Dave Koz,461b7812-cc9c-4e30-ab22-1b42bdba15fd,US,Person,1963,queer,1
Dave Koz,461b7812-cc9c-4e30-ab22-1b42bdba15fd,US,Person,1963,contemporary jazz,1
Dave Koz,461b7812-cc9c-4e30-ab22-1b42bdba15fd,US,Person,1963,saxophonist,1
Dave Koz,461b7812-cc9c-4e30-ab22-1b42bdba15fd,US,Person,1963,jazz,3
Jeff Lorber,22f5e7bb-1ac9-4c8f-935c-3e10c36b955d,US,Person,1952,jazz,2
Jeff Lorber,22f5e7bb-1ac9-4c8f-935c-3e10c36b955d,US,Person,1952,jazz fusion,1
Jeff Lorber,22f5e7bb-1ac9-4c8f-935c-3e10c36b955d,US,Person,1952,contemporary jazz,1
Jeff Lorber,22f5e7bb-1ac9-4c8f-935c-3e10c36b955d,US,Person,1952,smooth jazz,1
The English Concert,8af55e27-c6ad-44f3-a6d2-53df5462798c,GB,Orchestra,1973,classical,3
The English Concert,8af55e27-c6ad-44f3-a6d2-53df5462798c,GB,Orchestra,1973,orchestra,2
The English Concert,8af55e27-c6ad-44f3-a6d2-53df5462798c,GB,Orchestra,1973,british orchestra,2
The English Concert,8af55e27-c6ad-44f3-a6d2-53df5462798c,GB,Orchestra,1973,baroque orchestra,2
Academy of St Martin in the Fields,f0ac992d-edd9-4672-ac23-ba0ca93f6539,GB,Orchestra,1959,classical,3
Academy of St Martin in the Fields,f0ac992d-edd9-4672-ac23-ba0ca93f6539,GB,Orchestra,1959,chamber orchestra,2
Academy of St Martin in the Fields,f0ac992d-edd9-4672-ac23-ba0ca93f6539,GB,Orchestra,1959,british orchestra,1
Roedelius,57cf7d67-5372-420a-9c89-77c7513d6506,DE,Person,1934,krautrock,3
Roedelius,57cf7d67-5372-420a-9c89-77c7513d6506,DE,Person,1934,cool jazz,1
Roedelius,57cf7d67-5372-420a-9c89-77c7513d6506,DE,Person,1934,electronic,2
Roedelius,57cf7d67-5372-420a-9c89-77c7513d6506,DE,Person,1934,progressive electronic,1
Roedelius,57cf7d67-5372-420a-9c89-77c7513d6506,DE,Person,1934,modern classical,1
Roedelius,57cf7d67-5372-420a-9c89-77c7513d6506,DE,Person,1934,dance and electronica,1
Roedelius,57cf7d67-5372-420a-9c89-77c7513d6506,DE,Person,1934,ambient,3
Philippe Jaroussky,4ab01afd-403e-43ca-a034-c4ee8b15e8d0,FR,Person,1978,countertenor,1
Philippe Jaroussky,4ab01afd-403e-43ca-a034-c4ee8b15e8d0,FR,Person,1978,classical,1
Philippe Jaroussky,4ab01afd-403e-43ca-a034-c4ee8b15e8d0,FR,Person,1978,french countertenor,1
Corey Kent,c59c787f-75cf-405b-b4f0-8445f730bcbe,US,Person,1994,country,1
John Mayall & The Bluesbreakers,4756395c-57ed-4a63-afb2-01117f14dff6,GB,Group,1963,rock,3
John Mayall & The Bluesbreakers,4756395c-57ed-4a63-afb2-01117f14dff6,GB,Group,1963,blues,3
John Mayall & The Bluesbreakers,4756395c-57ed-4a63-afb2-01117f14dff6,GB,Group,1963,british,1
John Mayall & The Bluesbreakers,4756395c-57ed-4a63-afb2-01117f14dff6,GB,Group,1963,blues rock,3
John Mayall & The Bluesbreakers,4756395c-57ed-4a63-afb2-01117f14dff6,GB,Group,1963,british blues,1
John Mayall & The Bluesbreakers,4756395c-57ed-4a63-afb2-01117f14dff6,GB,Group,1963,english,1
John Mayall & The Bluesbreakers,4756395c-57ed-4a63-afb2-01117f14dff6,GB,Group,1963,classic pop and rock,1
John Mayall & The Bluesbreakers,4756395c-57ed-4a63-afb2-01117f14dff6,GB,Group,1963,aln-sh,1
Keb' Mo',280ddd36-ac7d-4446-8689-a548d6f3458e,US,Person,1951,blues,2
Keb' Mo',280ddd36-ac7d-4446-8689-a548d6f3458e,US,Person,1951,delta blues,1
Keb' Mo',280ddd36-ac7d-4446-8689-a548d6f3458e,US,Person,1951,classic pop and rock,1
Keb' Mo',280ddd36-ac7d-4446-8689-a548d6f3458e,US,Person,1951,acoustic blues,1
Derek & The Dominos,2155a81a-f0c6-417a-9b16-2f86f98bb8bc,US,Group,1970,rock,4
Derek & The Dominos,2155a81a-f0c6-417a-9b16-2f86f98bb8bc,US,Group,1970,blues,2
Derek & The Dominos,2155a81a-f0c6-417a-9b16-2f86f98bb8bc,US,Group,1970,blues rock,4
Derek & The Dominos,2155a81a-f0c6-417a-9b16-2f86f98bb8bc,US,Group,1970,jam band,2
Derek & The Dominos,2155a81a-f0c6-417a-9b16-2f86f98bb8bc,US,Group,1970,classic pop and rock,0
Derek & The Dominos,2155a81a-f0c6-417a-9b16-2f86f98bb8bc,US,Group,1970,rock & roll,2
B.B. King,dcb03ce3-67a5-4eb3-b2d1-2a12d93a38f3,US,Person,1925,blues,17
B.B. King,dcb03ce3-67a5-4eb3-b2d1-2a12d93a38f3,US,Person,1925,soul,1
B.B. King,dcb03ce3-67a5-4eb3-b2d1-2a12d93a38f3,US,Person,1925,blues rock,1
B.B. King,dcb03ce3-67a5-4eb3-b2d1-2a12d93a38f3,US,Person,1925,electric blues,4
B.B. King,dcb03ce3-67a5-4eb3-b2d1-2a12d93a38f3,US,Person,1925,soul blues,2
B.B. King,dcb03ce3-67a5-4eb3-b2d1-2a12d93a38f3,US,Person,1925,live,1
B.B. King,dcb03ce3-67a5-4eb3-b2d1-2a12d93a38f3,US,Person,1925,jazz and blues,1
B.B. King,dcb03ce3-67a5-4eb3-b2d1-2a12d93a38f3,US,Person,1925,urban blues,1
B.B. King,dcb03ce3-67a5-4eb3-b2d1-2a12d93a38f3,US,Person,1925,rhythm & blues,2
B.B. King,dcb03ce3-67a5-4eb3-b2d1-2a12d93a38f3,US,Person,1925,filmore,1
B.B. King,dcb03ce3-67a5-4eb3-b2d1-2a12d93a38f3,US,Person,1925,2008 universal fire victim,2
John Lee Hooker,b0122194-c49a-46a1-ade7-84d1d76bd8e9,US,Person,1917,fixme,0
John Lee Hooker,b0122194-c49a-46a1-ade7-84d1d76bd8e9,US,Person,1917,american,1
John Lee Hooker,b0122194-c49a-46a1-ade7-84d1d76bd8e9,US,Person,1917,blues,15
John Lee Hooker,b0122194-c49a-46a1-ade7-84d1d76bd8e9,US,Person,1917,singer-songwriter,0
John Lee Hooker,b0122194-c49a-46a1-ade7-84d1d76bd8e9,US,Person,1917,blues rock,4
John Lee Hooker,b0122194-c49a-46a1-ade7-84d1d76bd8e9,US,Person,1917,chicago blues,0
John Lee Hooker,b0122194-c49a-46a1-ade7-84d1d76bd8e9,US,Person,1917,electric blues,9
John Lee Hooker,b0122194-c49a-46a1-ade7-84d1d76bd8e9,US,Person,1917,country blues,4
John Lee Hooker,b0122194-c49a-46a1-ade7-84d1d76bd8e9,US,Person,1917,detroit blues,1
John Lee Hooker,b0122194-c49a-46a1-ade7-84d1d76bd8e9,US,Person,1917,delta blues,8
John Lee Hooker,b0122194-c49a-46a1-ade7-84d1d76bd8e9,US,Person,1917,rock and indie,0
John Lee Hooker,b0122194-c49a-46a1-ade7-84d1d76bd8e9,US,Person,1917,chigaco blues,1
John Lee Hooker,b0122194-c49a-46a1-ade7-84d1d76bd8e9,US,Person,1917,rhythm & blues,1
John Lee Hooker,b0122194-c49a-46a1-ade7-84d1d76bd8e9,US,Person,1917,2008 universal fire victim,1
Jimmy Rogers,3362f019-06a5-4591-ab5d-1e331049f14a,US,Person,1924,blues,1
Jimmy Rogers,3362f019-06a5-4591-ab5d-1e331049f14a,US,Person,1924,chicago blues,2
Jimmy Rogers,3362f019-06a5-4591-ab5d-1e331049f14a,US,Person,1924,electric blues,1
Jimmy Rogers,3362f019-06a5-4591-ab5d-1e331049f14a,US,Person,1924,2008 universal fire victim,1
Albert King,10f89195-3af1-46f5-aa36-504aa3309f5a,US,Person,1923,american,1
Albert King,10f89195-3af1-46f5-aa36-504aa3309f5a,US,Person,1923,blues,6
Albert King,10f89195-3af1-46f5-aa36-504aa3309f5a,US,Person,1923,1980s,1
Albert King,10f89195-3af1-46f5-aa36-504aa3309f5a,US,Person,1923,1970s,1
Albert King,10f89195-3af1-46f5-aa36-504aa3309f5a,US,Person,1923,1960s,1
Albert King,10f89195-3af1-46f5-aa36-504aa3309f5a,US,Person,1923,electric blues,4
Albert King,10f89195-3af1-46f5-aa36-504aa3309f5a,US,Person,1923,rhythm and blues,1
Albert King,10f89195-3af1-46f5-aa36-504aa3309f5a,US,Person,1923,soul blues,3
Albert King,10f89195-3af1-46f5-aa36-504aa3309f5a,US,Person,1923,soul-blues,1
Albert King,10f89195-3af1-46f5-aa36-504aa3309f5a,US,Person,1923,classic pop and rock,1
Albert King,10f89195-3af1-46f5-aa36-504aa3309f5a,US,Person,1923,urban blues,1
Robert Johnson,8a8bbba6-72f7-4900-a306-c40b94f2631b,US,Person,1911,guitarist,1
Robert Johnson,8a8bbba6-72f7-4900-a306-c40b94f2631b,US,Person,1911,american,2
Robert Johnson,8a8bbba6-72f7-4900-a306-c40b94f2631b,US,Person,1911,blues,6
Robert Johnson,8a8bbba6-72f7-4900-a306-c40b94f2631b,US,Person,1911,country blues,4
Robert Johnson,8a8bbba6-72f7-4900-a306-c40b94f2631b,US,Person,1911,delta blues,8
Robert Johnson,8a8bbba6-72f7-4900-a306-c40b94f2631b,US,Person,1911,guitar god,0
Robert Johnson,8a8bbba6-72f7-4900-a306-c40b94f2631b,US,Person,1911,acoustic blues,2
Robert Johnson,8a8bbba6-72f7-4900-a306-c40b94f2631b,US,Person,1911,death by murder,-1
Robert Johnson,8a8bbba6-72f7-4900-a306-c40b94f2631b,US,Person,1911,death by poison,-1
Robert Johnson,8a8bbba6-72f7-4900-a306-c40b94f2631b,US,Person,1911,27 club,1
Skip James,f205743d-4441-471d-a3af-66f584738e29,US,Person,1902,blues,2
Skip James,f205743d-4441-471d-a3af-66f584738e29,US,Person,1902,delta blues,4
Big Mama Thornton,2993f855-403f-4c6a-bea9-088cd5d354dc,US,Person,1926,electric blues,1
Big Mama Thornton,2993f855-403f-4c6a-bea9-088cd5d354dc,US,Person,1926,r&b,2
Big Mama Thornton,2993f855-403f-4c6a-bea9-088cd5d354dc,US,Person,1926,2008 universal fire victim,1
Peter Tosh,7db6aae5-6644-4513-9bfc-ca2e79d4469c,JM,Person,1944,death by murder,-1
Peter Tosh,7db6aae5-6644-4513-9bfc-ca2e79d4469c,JM,Person,1944,rocksteady,1
Peter Tosh,7db6aae5-6644-4513-9bfc-ca2e79d4469c,JM,Person,1944,jamaican ska,1
Peter Tosh,7db6aae5-6644-4513-9bfc-ca2e79d4469c,JM,Person,1944,rasta,1
Peter Tosh,7db6aae5-6644-4513-9bfc-ca2e79d4469c,JM,Person,1944,jamaican,1
Peter Tosh,7db6aae5-6644-4513-9bfc-ca2e79d4469c,JM,Person,1944,roots reggae,1
Peter Tosh,7db6aae5-6644-4513-9bfc-ca2e79d4469c,JM,Person,1944,death by gun,-1
Peter Tosh,7db6aae5-6644-4513-9bfc-ca2e79d4469c,JM,Person,1944,pop reggae,1
Peter Tosh,7db6aae5-6644-4513-9bfc-ca2e79d4469c,JM,Person,1944,reggae,8
Ken Parker,f8cf8c14-6354-4bb4-b880-8d430b87fee0,JM,Person,1948,reggae,1
Gregory Isaacs,9abff216-e204-4dbc-9849-d1dbe1fbbda8,JM,Person,1951,reggae,5
Gregory Isaacs,9abff216-e204-4dbc-9849-d1dbe1fbbda8,JM,Person,1951,jamaican,0
Gregory Isaacs,9abff216-e204-4dbc-9849-d1dbe1fbbda8,JM,Person,1951,dub,2
Gregory Isaacs,9abff216-e204-4dbc-9849-d1dbe1fbbda8,JM,Person,1951,roots,2
Gregory Isaacs,9abff216-e204-4dbc-9849-d1dbe1fbbda8,JM,Person,1951,classic pop and rock,2
Gregory Isaacs,9abff216-e204-4dbc-9849-d1dbe1fbbda8,JM,Person,1951,lovers rock,3
The Ethiopians,1646c8fd-d950-4978-b944-0c7597a7837a,JM,Group,1966,rocksteady,1
The Ethiopians,1646c8fd-d950-4978-b944-0c7597a7837a,JM,Group,1966,classic pop and rock,1
The Ethiopians,1646c8fd-d950-4978-b944-0c7597a7837a,JM,Group,1966,ska,2
Burning Spear,16dad944-c492-43dd-88ed-e0b7ac520c40,JM,Person,1945,reggae,4
Burning Spear,16dad944-c492-43dd-88ed-e0b7ac520c40,JM,Person,1945,roots reggae,3
Burning Spear,16dad944-c492-43dd-88ed-e0b7ac520c40,JM,Person,1945,classic pop and rock,1
Burning Spear,16dad944-c492-43dd-88ed-e0b7ac520c40,JM,Person,1945,100th,1
The Itals,6ec9d37f-932f-49c1-b58b-b32185c1225c,,Group,,reggae,1
Jimmy Riley,6ccbd8db-2e23-4a64-a865-420e4a8e507f,JM,Person,1954,ska,1
Jimmy Riley,6ccbd8db-2e23-4a64-a865-420e4a8e507f,JM,Person,1954,reggae,1
Jimmy Riley,6ccbd8db-2e23-4a64-a865-420e4a8e507f,JM,Person,1954,rocksteady,1
John Holt,38d64df7-5b7f-42ca-9d98-9541640ca84f,JM,Person,1947,ska,1
John Holt,38d64df7-5b7f-42ca-9d98-9541640ca84f,JM,Person,1947,reggae,2
John Holt,38d64df7-5b7f-42ca-9d98-9541640ca84f,JM,Person,1947,rocksteady,1
Steel Pulse,37367b2f-69e4-4df2-9e64-75ca6204764b,GB,Group,1975,reggae,2
Steel Pulse,37367b2f-69e4-4df2-9e64-75ca6204764b,GB,Group,1975,roots reggae,2
Steel Pulse,37367b2f-69e4-4df2-9e64-75ca6204764b,GB,Group,1975,soul and reggae,1
Candy Dulfer,274718a2-5214-4673-bb46-ce1eef1335bd,NL,Person,1969,jazz,2
Candy Dulfer,274718a2-5214-4673-bb46-ce1eef1335bd,NL,Person,1969,funk,2
Candy Dulfer,274718a2-5214-4673-bb46-ce1eef1335bd,NL,Person,1969,contemporary jazz,1
Candy Dulfer,274718a2-5214-4673-bb46-ce1eef1335bd,NL,Person,1969,smooth jazz,2
Candy Dulfer,274718a2-5214-4673-bb46-ce1eef1335bd,NL,Person,1969,nu jazz,1
Lucy Pearl,35e3200c-a82c-4357-910e-76b1a9cbaf05,US,Group,1999,neo soul,1
Lucy Pearl,35e3200c-a82c-4357-910e-76b1a9cbaf05,US,Group,1999,dance and electronica,0
Lucy Pearl,35e3200c-a82c-4357-910e-76b1a9cbaf05,US,Group,1999,neo-soul,1
Lucy Pearl,35e3200c-a82c-4357-910e-76b1a9cbaf05,US,Group,1999,contemporary r&b,1
Lucy Pearl,35e3200c-a82c-4357-910e-76b1a9cbaf05,US,Group,1999,funk,1
Lucy Pearl,35e3200c-a82c-4357-910e-76b1a9cbaf05,US,Group,1999,hip hop,1
Ama Louise,a5d1832e-5bf3-4883-bedb-32cc8a8f6a56,,Person,1999,neo soul,1
Ama Louise,a5d1832e-5bf3-4883-bedb-32cc8a8f6a56,,Person,1999,uk rnb,1
Ama Louise,a5d1832e-5bf3-4883-bedb-32cc8a8f6a56,,Person,1999,singer-songwriter,1
Ama Louise,a5d1832e-5bf3-4883-bedb-32cc8a8f6a56,,Person,1999,r&b,1
Ama Louise,a5d1832e-5bf3-4883-bedb-32cc8a8f6a56,,Person,1999,soul,1
Ama Louise,a5d1832e-5bf3-4883-bedb-32cc8a8f6a56,,Person,1999,90s,1
Ama Louise,a5d1832e-5bf3-4883-bedb-32cc8a8f6a56,,Person,1999,smooth soul,1
Ama Louise,a5d1832e-5bf3-4883-bedb-32cc8a8f6a56,,Person,1999,rnb,1
Fatback Band,e5188adc-d7b3-4e8d-8bec-5b76aeaba320,,Group,,,0
Rick James,cba9cec2-be8d-41bd-91b4-a1cd7de39b0c,US,Person,1948,rock,1
Rick James,cba9cec2-be8d-41bd-91b4-a1cd7de39b0c,US,Person,1948,funk,4
Rick James,cba9cec2-be8d-41bd-91b4-a1cd7de39b0c,US,Person,1948,soul,3
Rick James,cba9cec2-be8d-41bd-91b4-a1cd7de39b0c,US,Person,1948,disco,1
Rick James,cba9cec2-be8d-41bd-91b4-a1cd7de39b0c,US,Person,1948,boogie,2
Rick James,cba9cec2-be8d-41bd-91b4-a1cd7de39b0c,US,Person,1948,rock and indie,0
Rick James,cba9cec2-be8d-41bd-91b4-a1cd7de39b0c,US,Person,1948,r&b,2
Rick James,cba9cec2-be8d-41bd-91b4-a1cd7de39b0c,US,Person,1948,contemporary r&b,2
Rick James,cba9cec2-be8d-41bd-91b4-a1cd7de39b0c,US,Person,1948,synth funk,2
Rick James,cba9cec2-be8d-41bd-91b4-a1cd7de39b0c,US,Person,1948,criminal,0
Europe,ccfe7a3c-1a45-4984-a8d0-644549cefe61,SE,Group,1982,rock,2
Europe,ccfe7a3c-1a45-4984-a8d0-644549cefe61,SE,Group,1982,heavy metal,5
Europe,ccfe7a3c-1a45-4984-a8d0-644549cefe61,SE,Group,1982,swedish,2
Europe,ccfe7a3c-1a45-4984-a8d0-644549cefe61,SE,Group,1982,metal,0
Europe,ccfe7a3c-1a45-4984-a8d0-644549cefe61,SE,Group,1982,hard rock,9
Europe,ccfe7a3c-1a45-4984-a8d0-644549cefe61,SE,Group,1982,arena rock,1
Europe,ccfe7a3c-1a45-4984-a8d0-644549cefe61,SE,Group,1982,glam metal,6
Europe,ccfe7a3c-1a45-4984-a8d0-644549cefe61,SE,Group,1982,scandinavian,1
Europe,ccfe7a3c-1a45-4984-a8d0-644549cefe61,SE,Group,1982,european,2
Europe,ccfe7a3c-1a45-4984-a8d0-644549cefe61,SE,Group,1982,aor,1
Europe,ccfe7a3c-1a45-4984-a8d0-644549cefe61,SE,Group,1982,pop and chart,0
Europe,ccfe7a3c-1a45-4984-a8d0-644549cefe61,SE,Group,1982,pop metal,1
Europe,ccfe7a3c-1a45-4984-a8d0-644549cefe61,SE,Group,1982,suécia,0
Quiet Riot,5c6acb91-4b9b-4245-b92f-e817295c4ed0,US,Group,1973,rock,3
Quiet Riot,5c6acb91-4b9b-4245-b92f-e817295c4ed0,US,Group,1973,heavy metal,5
Quiet Riot,5c6acb91-4b9b-4245-b92f-e817295c4ed0,US,Group,1973,metal,2
Quiet Riot,5c6acb91-4b9b-4245-b92f-e817295c4ed0,US,Group,1973,hard rock,6
Quiet Riot,5c6acb91-4b9b-4245-b92f-e817295c4ed0,US,Group,1973,glam rock,3
Quiet Riot,5c6acb91-4b9b-4245-b92f-e817295c4ed0,US,Group,1973,arena rock,1
Quiet Riot,5c6acb91-4b9b-4245-b92f-e817295c4ed0,US,Group,1973,glam metal,5
Quiet Riot,5c6acb91-4b9b-4245-b92f-e817295c4ed0,US,Group,1973,aor,1
Quiet Riot,5c6acb91-4b9b-4245-b92f-e817295c4ed0,US,Group,1973,glam,2
Quiet Riot,5c6acb91-4b9b-4245-b92f-e817295c4ed0,US,Group,1973,estados unidos,1
Skid Row,6da0515e-a27d-449d-84cc-00713c38a140,US,Group,1986,heavy metal,2
Skid Row,6da0515e-a27d-449d-84cc-00713c38a140,US,Group,1986,metal,1
Skid Row,6da0515e-a27d-449d-84cc-00713c38a140,US,Group,1986,hard rock,2
Skid Row,6da0515e-a27d-449d-84cc-00713c38a140,US,Group,1986,glam metal,4
Skid Row,6da0515e-a27d-449d-84cc-00713c38a140,US,Group,1986,glam,1
Skid Row,6da0515e-a27d-449d-84cc-00713c38a140,US,Group,1986,rock and indie,0
Skid Row,6da0515e-a27d-449d-84cc-00713c38a140,US,Group,1986,estados unidos,1
Metallica,65f4f0c5-ef9e-490c-aee3-909e7ae6b2ab,US,Group,1981,political,-1
Metallica,65f4f0c5-ef9e-490c-aee3-909e7ae6b2ab,US,Group,1981,rock,1
Metallica,65f4f0c5-ef9e-490c-aee3-909e7ae6b2ab,US,Group,1981,alternative rock,-2
Metallica,65f4f0c5-ef9e-490c-aee3-909e7ae6b2ab,US,Group,1981,80s,-4
Metallica,65f4f0c5-ef9e-490c-aee3-909e7ae6b2ab,US,Group,1981,heavy metal,41
Metallica,65f4f0c5-ef9e-490c-aee3-909e7ae6b2ab,US,Group,1981,90s,-4
Metallica,65f4f0c5-ef9e-490c-aee3-909e7ae6b2ab,US,Group,1981,progressive metal,-1
Metallica,65f4f0c5-ef9e-490c-aee3-909e7ae6b2ab,US,Group,1981,thrash metal,67
Metallica,65f4f0c5-ef9e-490c-aee3-909e7ae6b2ab,US,Group,1981,metal,33
Metallica,65f4f0c5-ef9e-490c-aee3-909e7ae6b2ab,US,Group,1981,american,7
Metallica,65f4f0c5-ef9e-490c-aee3-909e7ae6b2ab,US,Group,1981,grunge,-4
Metallica,65f4f0c5-ef9e-490c-aee3-909e7ae6b2ab,US,Group,1981,seen live,-6
Metallica,65f4f0c5-ef9e-490c-aee3-909e7ae6b2ab,US,Group,1981,band,-4
Metallica,65f4f0c5-ef9e-490c-aee3-909e7ae6b2ab,US,Group,1981,hard rock,20
Metallica,65f4f0c5-ef9e-490c-aee3-909e7ae6b2ab,US,Group,1981,usa,-1
Metallica,65f4f0c5-ef9e-490c-aee3-909e7ae6b2ab,US,Group,1981,nu metal,-4
Metallica,65f4f0c5-ef9e-490c-aee3-909e7ae6b2ab,US,Group,1981,trash,-6
Metallica,65f4f0c5-ef9e-490c-aee3-909e7ae6b2ab,US,Group,1981,blues rock,-4
Metallica,65f4f0c5-ef9e-490c-aee3-909e7ae6b2ab,US,Group,1981,américain,-1
Metallica,65f4f0c5-ef9e-490c-aee3-909e7ae6b2ab,US,Group,1981,thrash,-3
Metallica,65f4f0c5-ef9e-490c-aee3-909e7ae6b2ab,US,Group,1981,megadeth,-3
Metallica,65f4f0c5-ef9e-490c-aee3-909e7ae6b2ab,US,Group,1981,symphonic metal,-4
Metallica,65f4f0c5-ef9e-490c-aee3-909e7ae6b2ab,US,Group,1981,alternative metal,-3
Metallica,65f4f0c5-ef9e-490c-aee3-909e7ae6b2ab,US,Group,1981,speed metal,-1
Metallica,65f4f0c5-ef9e-490c-aee3-909e7ae6b2ab,US,Group,1981,groove metal,-3
Metallica,65f4f0c5-ef9e-490c-aee3-909e7ae6b2ab,US,Group,1981,california,-1
Metallica,65f4f0c5-ef9e-490c-aee3-909e7ae6b2ab,US,Group,1981,los angeles,-4
Metallica,65f4f0c5-ef9e-490c-aee3-909e7ae6b2ab,US,Group,1981,virtuoso,0
Metallica,65f4f0c5-ef9e-490c-aee3-909e7ae6b2ab,US,Group,1981,crap,-6
Metallica,65f4f0c5-ef9e-490c-aee3-909e7ae6b2ab,US,Group,1981,bay area,0
Metallica,65f4f0c5-ef9e-490c-aee3-909e7ae6b2ab,US,Group,1981,trash metal,-5
Metallica,65f4f0c5-ef9e-490c-aee3-909e7ae6b2ab,US,Group,1981,80s thrash metal,-2
Metallica,65f4f0c5-ef9e-490c-aee3-909e7ae6b2ab,US,Group,1981,douchebag metal,-7
Metallica,65f4f0c5-ef9e-490c-aee3-909e7ae6b2ab,US,Group,1981,american thrash metal,-2
Metallica,65f4f0c5-ef9e-490c-aee3-909e7ae6b2ab,US,Group,1981,rock and indie,-6
Metallica,65f4f0c5-ef9e-490c-aee3-909e7ae6b2ab,US,Group,1981,united states,-1
Metallica,65f4f0c5-ef9e-490c-aee3-909e7ae6b2ab,US,Group,1981,angry,0
Metallica,65f4f0c5-ef9e-490c-aee3-909e7ae6b2ab,US,Group,1981,energetic,0
Metallica,65f4f0c5-ef9e-490c-aee3-909e7ae6b2ab,US,Group,1981,pop metal,-2
Metallica,65f4f0c5-ef9e-490c-aee3-909e7ae6b2ab,US,Group,1981,metallica,-6
Metallica,65f4f0c5-ef9e-490c-aee3-909e7ae6b2ab,US,Group,1981,classic metal,-4
Metallica,65f4f0c5-ef9e-490c-aee3-909e7ae6b2ab,US,Group,1981,80s metal,-2
Metallica,65f4f0c5-ef9e-490c-aee3-909e7ae6b2ab,US,Group,1981,classic thrash metal,-4
Metallica,65f4f0c5-ef9e-490c-aee3-909e7ae6b2ab,US,Group,1981,90s metal,-1
Metallica,65f4f0c5-ef9e-490c-aee3-909e7ae6b2ab,US,Group,1981,southern metal,-3
Metallica,65f4f0c5-ef9e-490c-aee3-909e7ae6b2ab,US,Group,1981,80's,-1
Metallica,65f4f0c5-ef9e-490c-aee3-909e7ae6b2ab,US,Group,1981,90's,-1
Metallica,65f4f0c5-ef9e-490c-aee3-909e7ae6b2ab,US,Group,1981,progressive thrash metal,-1
Metallica,65f4f0c5-ef9e-490c-aee3-909e7ae6b2ab,US,Group,1981,destroyer,-4
Metallica,65f4f0c5-ef9e-490c-aee3-909e7ae6b2ab,US,Group,1981,hard'n'heavy,-4
Metallica,65f4f0c5-ef9e-490c-aee3-909e7ae6b2ab,US,Group,1981,lame,-6
Metallica,65f4f0c5-ef9e-490c-aee3-909e7ae6b2ab,US,Group,1981,a filk artist,-4
Metallica,65f4f0c5-ef9e-490c-aee3-909e7ae6b2ab,US,Group,1981,the unforgiving,-5
Metallica,65f4f0c5-ef9e-490c-aee3-909e7ae6b2ab,US,Group,1981,stopped being good after '97,-6
Metallica,65f4f0c5-ef9e-490c-aee3-909e7ae6b2ab,US,Group,1981,stopped being good after '88,-6
Metallica,65f4f0c5-ef9e-490c-aee3-909e7ae6b2ab,US,Group,1981,traditional heavy metal,-3
Metallica,65f4f0c5-ef9e-490c-aee3-909e7ae6b2ab,US,Group,1981,pompous asses,-6
Metallica,65f4f0c5-ef9e-490c-aee3-909e7ae6b2ab,US,Group,1981,old school thrash,-1
Metallica,65f4f0c5-ef9e-490c-aee3-909e7ae6b2ab,US,Group,1981,pessimistic,-1
Metallica,65f4f0c5-ef9e-490c-aee3-909e7ae6b2ab,US,Group,1981,teen metal,-4
Metallica,65f4f0c5-ef9e-490c-aee3-909e7ae6b2ab,US,Group,1981,a bit overrated,-4
Metallica,65f4f0c5-ef9e-490c-aee3-909e7ae6b2ab,US,Group,1981,amerikansk,-1
Metallica,65f4f0c5-ef9e-490c-aee3-909e7ae6b2ab,US,Group,1981,estados unidos,-1
Metallica,65f4f0c5-ef9e-490c-aee3-909e7ae6b2ab,US,Group,1981,michael moers,-1
Metallica,65f4f0c5-ef9e-490c-aee3-909e7ae6b2ab,US,Group,1981,rockgruppe,1
Ghost,2bcf2e02-5bc3-4c76-bf76-41126cb11444,SE,Group,2008,rock,3
Ghost,2bcf2e02-5bc3-4c76-bf76-41126cb11444,SE,Group,2008,progressive rock,5
Ghost,2bcf2e02-5bc3-4c76-bf76-41126cb11444,SE,Group,2008,heavy metal,15
Ghost,2bcf2e02-5bc3-4c76-bf76-41126cb11444,SE,Group,2008,metal,2
Ghost,2bcf2e02-5bc3-4c76-bf76-41126cb11444,SE,Group,2008,doom metal,3
Ghost,2bcf2e02-5bc3-4c76-bf76-41126cb11444,SE,Group,2008,hard rock,10
Ghost,2bcf2e02-5bc3-4c76-bf76-41126cb11444,SE,Group,2008,psychedelic rock,3
Ghost,2bcf2e02-5bc3-4c76-bf76-41126cb11444,SE,Group,2008,psychedelic,1
Ghost,2bcf2e02-5bc3-4c76-bf76-41126cb11444,SE,Group,2008,pop rock,2
Ghost,2bcf2e02-5bc3-4c76-bf76-41126cb11444,SE,Group,2008,occult rock,6
Ghost,2bcf2e02-5bc3-4c76-bf76-41126cb11444,SE,Group,2008,suécia,-1
Rammstein,b2d122f9-eadb-4930-a196-8f221eeb0c66,DE,Group,1994,rock,0
Rammstein,b2d122f9-eadb-4930-a196-8f221eeb0c66,DE,Group,1994,industrial,9
Rammstein,b2d122f9-eadb-4930-a196-8f221eeb0c66,DE,Group,1994,heavy metal,0
Rammstein,b2d122f9-eadb-4930-a196-8f221eeb0c66,DE,Group,1994,industrial rock,-1
Rammstein,b2d122f9-eadb-4930-a196-8f221eeb0c66,DE,Group,1994,german,19
Rammstein,b2d122f9-eadb-4930-a196-8f221eeb0c66,DE,Group,1994,industrial metal,36
Rammstein,b2d122f9-eadb-4930-a196-8f221eeb0c66,DE,Group,1994,metal,12
Rammstein,b2d122f9-eadb-4930-a196-8f221eeb0c66,DE,Group,1994,gothic metal,0
Rammstein,b2d122f9-eadb-4930-a196-8f221eeb0c66,DE,Group,1994,seen live,-3
Rammstein,b2d122f9-eadb-4930-a196-8f221eeb0c66,DE,Group,1994,berlin,-2
Rammstein,b2d122f9-eadb-4930-a196-8f221eeb0c66,DE,Group,1994,neue deutsche härte,17
Rammstein,b2d122f9-eadb-4930-a196-8f221eeb0c66,DE,Group,1994,alternative metal,-1
Rammstein,b2d122f9-eadb-4930-a196-8f221eeb0c66,DE,Group,1994,european,-2
Rammstein,b2d122f9-eadb-4930-a196-8f221eeb0c66,DE,Group,1994,german industrial,-1
Rammstein,b2d122f9-eadb-4930-a196-8f221eeb0c66,DE,Group,1994,german industrial metal,-2
Rammstein,b2d122f9-eadb-4930-a196-8f221eeb0c66,DE,Group,1994,ddr,-3
Rammstein,b2d122f9-eadb-4930-a196-8f221eeb0c66,DE,Group,1994,tanzmetall,0
Rammstein,b2d122f9-eadb-4930-a196-8f221eeb0c66,DE,Group,1994,pop metal,0
Rammstein,b2d122f9-eadb-4930-a196-8f221eeb0c66,DE,Group,1994,high german,-3
Rammstein,b2d122f9-eadb-4930-a196-8f221eeb0c66,DE,Group,1994,engel,-3
DJ Goja,ba5d78cb-4419-40c4-8b16-5e3a41254456,,,,,0
Rvssian,28050b85-76f1-49a6-9879-4074bf186f49,JM,Person,1990,hip hop,1
Rvssian,28050b85-76f1-49a6-9879-4074bf186f49,JM,Person,1990,dancehall,1
Rvssian,28050b85-76f1-49a6-9879-4074bf186f49,JM,Person,1990,trap,1
Adekunle Gold,7ff6bc8e-f614-40ec-8d77-84679cc5e2fc,NG,Person,1987,afrobeat,1
Adekunle Gold,7ff6bc8e-f614-40ec-8d77-84679cc5e2fc,NG,Person,1987,highlife,1
Adekunle Gold,7ff6bc8e-f614-40ec-8d77-84679cc5e2fc,NG,Person,1987,2010s,1
Adekunle Gold,7ff6bc8e-f614-40ec-8d77-84679cc5e2fc,NG,Person,1987,afro-pop,1
Adekunle Gold,7ff6bc8e-f614-40ec-8d77-84679cc5e2fc,NG,Person,1987,afrobeats,1
Adekunle Gold,7ff6bc8e-f614-40ec-8d77-84679cc5e2fc,NG,Person,1987,afro soul,1
Adekunle Gold,7ff6bc8e-f614-40ec-8d77-84679cc5e2fc,NG,Person,1987,afro fusion,1
Adekunle Gold,7ff6bc8e-f614-40ec-8d77-84679cc5e2fc,NG,Person,1987,2020s,1
Adekunle Gold,7ff6bc8e-f614-40ec-8d77-84679cc5e2fc,NG,Person,1987,contemporary african,1
CKay,eb1febcf-9902-4962-9dc4-8fe4d7fc25b4,NG,Person,1995,afrobeats,1
CKay,eb1febcf-9902-4962-9dc4-8fe4d7fc25b4,NG,Person,1995,amapiano,1
Yemi Alade,14ed2fab-d941-4b56-a06f-fa1cc93c23d6,NG,Person,1989,pop,1
Yemi Alade,14ed2fab-d941-4b56-a06f-fa1cc93c23d6,NG,Person,1989,dancehall,1
Yemi Alade,14ed2fab-d941-4b56-a06f-fa1cc93c23d6,NG,Person,1989,highlife,1
Yemi Alade,14ed2fab-d941-4b56-a06f-fa1cc93c23d6,NG,Person,1989,r&b,1
Yemi Alade,14ed2fab-d941-4b56-a06f-fa1cc93c23d6,NG,Person,1989,afropop,1
Yemi Alade,14ed2fab-d941-4b56-a06f-fa1cc93c23d6,NG,Person,1989,afrobeats,1
Yemi Alade,14ed2fab-d941-4b56-a06f-fa1cc93c23d6,NG,Person,1989,amapiano,1
Yemi Alade,14ed2fab-d941-4b56-a06f-fa1cc93c23d6,NG,Person,1989,knack am,1
Davido,a9ae7d4b-10f0-4da8-8b8c-21722a074a54,NG,Person,1992,electronic,2
Davido,a9ae7d4b-10f0-4da8-8b8c-21722a074a54,NG,Person,1992,hip hop,2
Davido,a9ae7d4b-10f0-4da8-8b8c-21722a074a54,NG,Person,1992,afrobeat,3
Davido,a9ae7d4b-10f0-4da8-8b8c-21722a074a54,NG,Person,1992,nigeria,1
Davido,a9ae7d4b-10f0-4da8-8b8c-21722a074a54,NG,Person,1992,davido,1
Davido,a9ae7d4b-10f0-4da8-8b8c-21722a074a54,NG,Person,1992,skelewu,1
Davido,a9ae7d4b-10f0-4da8-8b8c-21722a074a54,NG,Person,1992,gobe,1
Davido,a9ae7d4b-10f0-4da8-8b8c-21722a074a54,NG,Person,1992,nigeria music,1
Davido,a9ae7d4b-10f0-4da8-8b8c-21722a074a54,NG,Person,1992,davido adeleke,1
Davido,a9ae7d4b-10f0-4da8-8b8c-21722a074a54,NG,Person,1992,wizkid,1
Davido,a9ae7d4b-10f0-4da8-8b8c-21722a074a54,NG,Person,1992,afrobeats,1
ROB,777e1c46-9895-4647-9c5f-c3dcb7de03d7,AU,Person,1933,audio drama,1
Aria Vega,b9916449-0bfe-4023-ab46-a3a83fee8a21,CO,Person,1997,latin pop,1
Bembeya Jazz National,3767e5f9-b921-4d90-bf2e-8a90f362d35a,GN,Group,1961,world,1
Bembeya Jazz National,3767e5f9-b921-4d90-bf2e-8a90f362d35a,GN,Group,1961,jazz,1
Bembeya Jazz National,3767e5f9-b921-4d90-bf2e-8a90f362d35a,GN,Group,1961,guinean,1
Asake,2b37ba5e-2162-46ca-bbad-f076f6a333bd,NG,Person,1995,afrobeat,1
Asake,2b37ba5e-2162-46ca-bbad-f076f6a333bd,NG,Person,1995,afrobeats,1
Fireboy DML,4d09a017-4e09-47a7-b274-a7e0767ac4e0,NG,Person,1996,afrobeats,1
Omar Courtz,61ee1029-4f35-43ce-83dd-2eb8d4eef85e,PR,Person,1997,reggaeton,1
Omar Courtz,61ee1029-4f35-43ce-83dd-2eb8d4eef85e,PR,Person,1997,trap latino,1
Luis Fonsi,d68fda90-ab8d-4799-be56-317ba4ae700f,PR,Person,1978,latin,3
Luis Fonsi,d68fda90-ab8d-4799-be56-317ba4ae700f,PR,Person,1978,yo no me doy por vencido,0
Luis Fonsi,d68fda90-ab8d-4799-be56-317ba4ae700f,PR,Person,1978,latin pop,3
Luis Fonsi,d68fda90-ab8d-4799-be56-317ba4ae700f,PR,Person,1978,pop,3
Kali Uchis,d0c7656d-8169-4f77-9dbe-b8f24e40105d,US,Person,1994,neo soul,1
Kali Uchis,d0c7656d-8169-4f77-9dbe-b8f24e40105d,US,Person,1994,latin pop,1
Kali Uchis,d0c7656d-8169-4f77-9dbe-b8f24e40105d,US,Person,1994,r&b,1
Kali Uchis,d0c7656d-8169-4f77-9dbe-b8f24e40105d,US,Person,1994,alternative r&b,1
FloyyMenor,04a5ed75-6c9f-4d50-87bd-9600abbe68f7,CL,Person,2005,,0
Johnny Colón,439b199e-b446-4c82-8c63-6d281a16eb51,,Person,,,0
Maluma,e8979f75-9110-4df8-ac70-898898d080d1,CO,Person,1994,spanish,1
Maluma,e8979f75-9110-4df8-ac70-898898d080d1,CO,Person,1994,pop rock,1
Maluma,e8979f75-9110-4df8-ac70-898898d080d1,CO,Person,1994,latin pop,2
Maluma,e8979f75-9110-4df8-ac70-898898d080d1,CO,Person,1994,latin,4
Maluma,e8979f75-9110-4df8-ac70-898898d080d1,CO,Person,1994,english,1
Maluma,e8979f75-9110-4df8-ac70-898898d080d1,CO,Person,1994,reggaeton,6
Maluma,e8979f75-9110-4df8-ac70-898898d080d1,CO,Person,1994,urbano,1
Maluma,e8979f75-9110-4df8-ac70-898898d080d1,CO,Person,1994,trap music,1
Maluma,e8979f75-9110-4df8-ac70-898898d080d1,CO,Person,1994,latin urban,3
Maluma,e8979f75-9110-4df8-ac70-898898d080d1,CO,Person,1994,urbano latino,1
Maluma,e8979f75-9110-4df8-ac70-898898d080d1,CO,Person,1994,trap latino,2
Maluma,e8979f75-9110-4df8-ac70-898898d080d1,CO,Person,1994,urbano music,1
Ray Barretto,169153fd-ba80-401a-8ccd-2825efaf9155,US,Person,1929,jazz,2
Ray Barretto,169153fd-ba80-401a-8ccd-2825efaf9155,US,Person,1929,salsa,2
Ray Barretto,169153fd-ba80-401a-8ccd-2825efaf9155,US,Person,1929,jazz fusion,1
Ray Barretto,169153fd-ba80-401a-8ccd-2825efaf9155,US,Person,1929,afro-cuban jazz,1
Ray Barretto,169153fd-ba80-401a-8ccd-2825efaf9155,US,Person,1929,latin,0
Ray Barretto,169153fd-ba80-401a-8ccd-2825efaf9155,US,Person,1929,latin jazz,2
Ray Barretto,169153fd-ba80-401a-8ccd-2825efaf9155,US,Person,1929,pachanga,1
Ray Barretto,169153fd-ba80-401a-8ccd-2825efaf9155,US,Person,1929,boogaloo,1
Ray Barretto,169153fd-ba80-401a-8ccd-2825efaf9155,US,Person,1929,son cubano,1
Ray Barretto,169153fd-ba80-401a-8ccd-2825efaf9155,US,Person,1929,salsa dura,1
J. Balvin,5bdeb32d-56a5-4b6d-a768-264101fa0a0a,CO,Person,1985,kolumbien,-1
J. Balvin,5bdeb32d-56a5-4b6d-a768-264101fa0a0a,CO,Person,1985,spanish,0
J. Balvin,5bdeb32d-56a5-4b6d-a768-264101fa0a0a,CO,Person,1985,columbia,0
J. Balvin,5bdeb32d-56a5-4b6d-a768-264101fa0a0a,CO,Person,1985,pop,2
J. Balvin,5bdeb32d-56a5-4b6d-a768-264101fa0a0a,CO,Person,1985,spanisch,-1
J. Balvin,5bdeb32d-56a5-4b6d-a768-264101fa0a0a,CO,Person,1985,latin urban,-1
J. Balvin,5bdeb32d-56a5-4b6d-a768-264101fa0a0a,CO,Person,1985,hip hop,6
J. Balvin,5bdeb32d-56a5-4b6d-a768-264101fa0a0a,CO,Person,1985,latin pop,2
J. Balvin,5bdeb32d-56a5-4b6d-a768-264101fa0a0a,CO,Person,1985,rnb,-1
J. Balvin,5bdeb32d-56a5-4b6d-a768-264101fa0a0a,CO,Person,1985,reggaeton,9
J. Balvin,5bdeb32d-56a5-4b6d-a768-264101fa0a0a,CO,Person,1985,latin,5
Fonseca,f84e0f7d-86b0-4957-8b17-6b46d6e47246,CO,Person,1979,world,0
Fonseca,f84e0f7d-86b0-4957-8b17-6b46d6e47246,CO,Person,1979,latin,1
Fonseca,f84e0f7d-86b0-4957-8b17-6b46d6e47246,CO,Person,1979,latin pop,1
Fonseca,f84e0f7d-86b0-4957-8b17-6b46d6e47246,CO,Person,1979,pop,1
Fonseca,f84e0f7d-86b0-4957-8b17-6b46d6e47246,CO,Person,1979,vallenato,2
Joe Bataan,de7d54d7-0fce-4fb9-84f0-6fee794335d2,US,Person,1942,salsa,1
Joe Bataan,de7d54d7-0fce-4fb9-84f0-6fee794335d2,US,Person,1942,latin,1
Joe Bataan,de7d54d7-0fce-4fb9-84f0-6fee794335d2,US,Person,1942,latin soul,1
Bizarrap,3b6abaef-febf-4cfe-943f-6a20cf0afdad,AR,Person,1998,pop,1
Bizarrap,3b6abaef-febf-4cfe-943f-6a20cf0afdad,AR,Person,1998,hip hop,1
Bizarrap,3b6abaef-febf-4cfe-943f-6a20cf0afdad,AR,Person,1998,latin,1
Bizarrap,3b6abaef-febf-4cfe-943f-6a20cf0afdad,AR,Person,1998,reggaeton,1
Bizarrap,3b6abaef-febf-4cfe-943f-6a20cf0afdad,AR,Person,1998,latin dance,1
Bizarrap,3b6abaef-febf-4cfe-943f-6a20cf0afdad,AR,Person,1998,trap,1
Bizarrap,3b6abaef-febf-4cfe-943f-6a20cf0afdad,AR,Person,1998,trap edm,1
Bizarrap,3b6abaef-febf-4cfe-943f-6a20cf0afdad,AR,Person,1998,urbano latino,1
Bizarrap,3b6abaef-febf-4cfe-943f-6a20cf0afdad,AR,Person,1998,trap latino,2
Bizarrap,3b6abaef-febf-4cfe-943f-6a20cf0afdad,AR,Person,1998,argentine trap,1
Bizarrap,3b6abaef-febf-4cfe-943f-6a20cf0afdad,AR,Person,1998,trap (latin),1
Neton Vega,dc1c4d9b-80ab-452b-b316-f201915b29db,,Person,2003,regional mexicano,1
Neton Vega,dc1c4d9b-80ab-452b-b316-f201915b29db,,Person,2003,corrido tumbado,1
Daddy Yankee,2f522f5c-111c-4ce8-8bd0-d82e97c227ad,PR,Person,1977,electronic,1
Daddy Yankee,2f522f5c-111c-4ce8-8bd0-d82e97c227ad,PR,Person,1977,rap,1
Daddy Yankee,2f522f5c-111c-4ce8-8bd0-d82e97c227ad,PR,Person,1977,dance,1
Daddy Yankee,2f522f5c-111c-4ce8-8bd0-d82e97c227ad,PR,Person,1977,hip hop,3
Daddy Yankee,2f522f5c-111c-4ce8-8bd0-d82e97c227ad,PR,Person,1977,reggae,2
Daddy Yankee,2f522f5c-111c-4ce8-8bd0-d82e97c227ad,PR,Person,1977,latin pop,2
Daddy Yankee,2f522f5c-111c-4ce8-8bd0-d82e97c227ad,PR,Person,1977,latin,4
Daddy Yankee,2f522f5c-111c-4ce8-8bd0-d82e97c227ad,PR,Person,1977,english,1
Daddy Yankee,2f522f5c-111c-4ce8-8bd0-d82e97c227ad,PR,Person,1977,reggaeton,11
Daddy Yankee,2f522f5c-111c-4ce8-8bd0-d82e97c227ad,PR,Person,1977,hip hop rnb and dance hall,1
Daddy Yankee,2f522f5c-111c-4ce8-8bd0-d82e97c227ad,PR,Person,1977,puerto rico,3
Daddy Yankee,2f522f5c-111c-4ce8-8bd0-d82e97c227ad,PR,Person,1977,latin urban,5
Daddy Yankee,2f522f5c-111c-4ce8-8bd0-d82e97c227ad,PR,Person,1977,englisch,1
Aventura,5f2cb99a-7e59-429f-a44d-3a880edccfb1,US,Group,1994,latin,2
Aventura,5f2cb99a-7e59-429f-a44d-3a880edccfb1,US,Group,1994,bachata,2
Aventura,5f2cb99a-7e59-429f-a44d-3a880edccfb1,US,Group,1994,wisin y yandel,0
Bobby Bare,b7798819-d9b2-442b-bd22-e55b40a1a69f,US,Person,1935,country,1
Bobby Bare,b7798819-d9b2-442b-bd22-e55b40a1a69f,US,Person,1935,singer-songwriter,1
Pinkfong,1af169ca-2cbd-4280-adcf-23963301448e,KR,Group,,pop,1
Pinkfong,1af169ca-2cbd-4280-adcf-23963301448e,KR,Group,,children's music,2
Paul Henderson,d7d50fa0-545d-406e-88b2-87a1a127046d,,Person,,,0
Bing Crosby,2437980f-513a-44fc-80f1-b90d9d7fcf8f,US,Person,1903,pop,2
Bing Crosby,2437980f-513a-44fc-80f1-b90d9d7fcf8f,US,Person,1903,jazz,4
Bing Crosby,2437980f-513a-44fc-80f1-b90d9d7fcf8f,US,Person,1903,american,1
Bing Crosby,2437980f-513a-44fc-80f1-b90d9d7fcf8f,US,Person,1903,vocal jazz,2
Bing Crosby,2437980f-513a-44fc-80f1-b90d9d7fcf8f,US,Person,1903,dixieland,0
Bing Crosby,2437980f-513a-44fc-80f1-b90d9d7fcf8f,US,Person,1903,film soundtrack,1
Bing Crosby,2437980f-513a-44fc-80f1-b90d9d7fcf8f,US,Person,1903,easy listening soundtracks and musicals,0
Bing Crosby,2437980f-513a-44fc-80f1-b90d9d7fcf8f,US,Person,1903,standards,1
Bing Crosby,2437980f-513a-44fc-80f1-b90d9d7fcf8f,US,Person,1903,traditional pop,1
Bing Crosby,2437980f-513a-44fc-80f1-b90d9d7fcf8f,US,Person,1903,christmas music,0
Bing Crosby,2437980f-513a-44fc-80f1-b90d9d7fcf8f,US,Person,1903,death by heart attack,-1
Bing Crosby,2437980f-513a-44fc-80f1-b90d9d7fcf8f,US,Person,1903,2008 universal fire victim,1
Andrew Rannells,4de7282d-4879-41d2-91e4-98a9b0ae333c,US,Person,1978,,0
Super Simple Songs,a642d9a4-f33e-4d6c-8e11-54a4bbf0f647,,,,children's music,1
Anna Kendrick,5c3dffd4-dc80-4331-a98e-101046d6b747,US,Person,1985,actress,2
Anna Kendrick,5c3dffd4-dc80-4331-a98e-101046d6b747,US,Person,1985,us,2
Frank Sinatra,197450cd-0124-4164-b723-3c22dd16494d,US,Person,1915,pop,1
Frank Sinatra,197450cd-0124-4164-b723-3c22dd16494d,US,Person,1915,jazz,11
Frank Sinatra,197450cd-0124-4164-b723-3c22dd16494d,US,Person,1915,easy listening,2
Frank Sinatra,197450cd-0124-4164-b723-3c22dd16494d,US,Person,1915,vocal,1
Frank Sinatra,197450cd-0124-4164-b723-3c22dd16494d,US,Person,1915,lounge,1
Frank Sinatra,197450cd-0124-4164-b723-3c22dd16494d,US,Person,1915,baroque pop,0
Frank Sinatra,197450cd-0124-4164-b723-3c22dd16494d,US,Person,1915,christmas,1
Frank Sinatra,197450cd-0124-4164-b723-3c22dd16494d,US,Person,1915,swing,8
Frank Sinatra,197450cd-0124-4164-b723-3c22dd16494d,US,Person,1915,big band,3
Frank Sinatra,197450cd-0124-4164-b723-3c22dd16494d,US,Person,1915,vocal jazz,7
Frank Sinatra,197450cd-0124-4164-b723-3c22dd16494d,US,Person,1915,columbia,0
Frank Sinatra,197450cd-0124-4164-b723-3c22dd16494d,US,Person,1915,easy listening soundtracks and musicals,0
Frank Sinatra,197450cd-0124-4164-b723-3c22dd16494d,US,Person,1915,singers,1
Frank Sinatra,197450cd-0124-4164-b723-3c22dd16494d,US,Person,1915,standards,3
Frank Sinatra,197450cd-0124-4164-b723-3c22dd16494d,US,Person,1915,traditional pop,7
Frank Sinatra,197450cd-0124-4164-b723-3c22dd16494d,US,Person,1915,acting,1
Frank Sinatra,197450cd-0124-4164-b723-3c22dd16494d,US,Person,1915,ultimate,1
Frank Sinatra,197450cd-0124-4164-b723-3c22dd16494d,US,Person,1915,singing,1
Frank Sinatra,197450cd-0124-4164-b723-3c22dd16494d,US,Person,1915,christmas music,3
Frank Sinatra,197450cd-0124-4164-b723-3c22dd16494d,US,Person,1915,actors,1
Frank Sinatra,197450cd-0124-4164-b723-3c22dd16494d,US,Person,1915,garland,-1
Frank Sinatra,197450cd-0124-4164-b723-3c22dd16494d,US,Person,1915,chrismas,-1
Frank Sinatra,197450cd-0124-4164-b723-3c22dd16494d,US,Person,1915,duets,0
Frank Sinatra,197450cd-0124-4164-b723-3c22dd16494d,US,Person,1915,swing; jazz; big band; christmas,-1
Frank Sinatra,197450cd-0124-4164-b723-3c22dd16494d,US,Person,1915,my way,-1
Frank Sinatra,197450cd-0124-4164-b723-3c22dd16494d,US,Person,1915,motion pictures--production and direction,1
Frank Sinatra,197450cd-0124-4164-b723-3c22dd16494d,US,Person,1915,motion picture producers and directors,1
Jimmy Cliff,2caa54a7-b08c-41da-b892-3a41abe778be,JM,Person,1944,ska,2
Jimmy Cliff,2caa54a7-b08c-41da-b892-3a41abe778be,JM,Person,1944,reggae,6
Jimmy Cliff,2caa54a7-b08c-41da-b892-3a41abe778be,JM,Person,1944,soul,1
Jimmy Cliff,2caa54a7-b08c-41da-b892-3a41abe778be,JM,Person,1944,roots reggae,1
Jimmy Cliff,2caa54a7-b08c-41da-b892-3a41abe778be,JM,Person,1944,rocksteady,1
Jimmy Cliff,2caa54a7-b08c-41da-b892-3a41abe778be,JM,Person,1944,classic pop and rock,1
Jimmy Cliff,2caa54a7-b08c-41da-b892-3a41abe778be,JM,Person,1944,reggae-pop,1
Jimmy Cliff,2caa54a7-b08c-41da-b892-3a41abe778be,JM,Person,1944,pop reggae,2
Jimmy Cliff,2caa54a7-b08c-41da-b892-3a41abe778be,JM,Person,1944,jamaican ska,2
Jimmy Cliff,2caa54a7-b08c-41da-b892-3a41abe778be,JM,Person,1944,2008 universal fire victim,1
Philip Glass,5ae54dee-4dba-49c0-802a-a3b3b3adfe9b,US,Person,1937,minimalism,3
Philip Glass,5ae54dee-4dba-49c0-802a-a3b3b3adfe9b,US,Person,1937,paul barnes,1
Philip Glass,5ae54dee-4dba-49c0-802a-a3b3b3adfe9b,US,Person,1937,opera,2
Philip Glass,5ae54dee-4dba-49c0-802a-a3b3b3adfe9b,US,Person,1937,easy listening soundtracks and musicals,0
Philip Glass,5ae54dee-4dba-49c0-802a-a3b3b3adfe9b,US,Person,1937,soundtrack,5
Philip Glass,5ae54dee-4dba-49c0-802a-a3b3b3adfe9b,US,Person,1937,classical,6
Philip Glass,5ae54dee-4dba-49c0-802a-a3b3b3adfe9b,US,Person,1937,composer,6
Philip Glass,5ae54dee-4dba-49c0-802a-a3b3b3adfe9b,US,Person,1937,american composer,4
Philip Glass,5ae54dee-4dba-49c0-802a-a3b3b3adfe9b,US,Person,1937,rock,0
Philip Glass,5ae54dee-4dba-49c0-802a-a3b3b3adfe9b,US,Person,1937,heartland rock,0
Philip Glass,5ae54dee-4dba-49c0-802a-a3b3b3adfe9b,US,Person,1937,modern classical,4
Philip Glass,5ae54dee-4dba-49c0-802a-a3b3b3adfe9b,US,Person,1937,singer-songwriter,0
Philip Glass,5ae54dee-4dba-49c0-802a-a3b3b3adfe9b,US,Person,1937,pop rock,0
Philip Glass,5ae54dee-4dba-49c0-802a-a3b3b3adfe9b,US,Person,1937,contemporary folk,0
Philip Glass,5ae54dee-4dba-49c0-802a-a3b3b3adfe9b,US,Person,1937,americana,0
Philip Glass,5ae54dee-4dba-49c0-802a-a3b3b3adfe9b,US,Person,1937,minimal,4
Philip Glass,5ae54dee-4dba-49c0-802a-a3b3b3adfe9b,US,Person,1937,american,2
Ocha,9a3fad64-ade4-461c-8ef0-c3f10d4cdbf6,JP,Group,2021,girl group,1
Ocha,9a3fad64-ade4-461c-8ef0-c3f10d4cdbf6,JP,Group,2021,j-pop,2
Ocha,9a3fad64-ade4-461c-8ef0-c3f10d4cdbf6,JP,Group,2021,hello! project,1
Jorge Rivera-Herrans,7c12b436-0fa3-473a-b908-6b7c1c9a5f24,PR,Person,1998,musical theater,1
Jorge Rivera-Herrans,7c12b436-0fa3-473a-b908-6b7c1c9a5f24,PR,Person,1998,musical,2
Jorge Rivera-Herrans,7c12b436-0fa3-473a-b908-6b7c1c9a5f24,PR,Person,1998,rock musical,1
Renee Elise Goldsberry,323ea2bd-a27e-414a-ba40-2727bf3a37e1,US,Person,1971,,0
Jack Black,caf8a53e-7f43-4be4-95d6-18d55e1f6e18,US,Person,1969,rock and indie,1
João Gilberto,286ec4c2-b5ca-4f85-b331-280a6d73dd14,BR,Person,1931,brazilian,1
João Gilberto,286ec4c2-b5ca-4f85-b331-280a6d73dd14,BR,Person,1931,bossa nova,2
João Gilberto,286ec4c2-b5ca-4f85-b331-280a6d73dd14,BR,Person,1931,south american,1
João Gilberto,286ec4c2-b5ca-4f85-b331-280a6d73dd14,BR,Person,1931,brazilian classics player,1
Rogê,191df02c-dd85-4197-9f50-4b3ef1486f4e,FR,Person,1951,french,2
Rogê,191df02c-dd85-4197-9f50-4b3ef1486f4e,FR,Person,1951,european,1
Rogê,191df02c-dd85-4197-9f50-4b3ef1486f4e,FR,Person,1951,classical,1
Rogê,191df02c-dd85-4197-9f50-4b3ef1486f4e,FR,Person,1951,french pianist,2
Rogê,191df02c-dd85-4197-9f50-4b3ef1486f4e,FR,Person,1951,piano,1
Rogê,191df02c-dd85-4197-9f50-4b3ef1486f4e,FR,Person,1951,pianist,2
TWXNY,0d647f11-3307-4cb4-8788-f1051b7337b5,KZ,Person,,,0
Panda,fd3c3f9f-a471-498e-ab3a-940ac20b6bbd,US,Person,1978,rock and indie,1
Panda,fd3c3f9f-a471-498e-ab3a-940ac20b6bbd,US,Person,1978,poggers,0
Gusttavo Lima,48a3a1c5-8cf3-4a9a-bd5c-5082cf8d3639,BR,Person,1989,sertanejo,2
Gusttavo Lima,48a3a1c5-8cf3-4a9a-bd5c-5082cf8d3639,BR,Person,1989,latin,2
Gusttavo Lima,48a3a1c5-8cf3-4a9a-bd5c-5082cf8d3639,BR,Person,1989,singer-songwriter,1
Gusttavo Lima,48a3a1c5-8cf3-4a9a-bd5c-5082cf8d3639,BR,Person,1989,sertanejo universitário,2
Milton Nascimento,1bfa27e3-0376-4206-a772-4586e25a64f5,BR,Person,1942,singer-songwriter,1
Milton Nascimento,1bfa27e3-0376-4206-a772-4586e25a64f5,BR,Person,1942,mpb,4
Milton Nascimento,1bfa27e3-0376-4206-a772-4586e25a64f5,BR,Person,1942,contemporary folk,1
Milton Nascimento,1bfa27e3-0376-4206-a772-4586e25a64f5,BR,Person,1942,vocal jazz,1
Milton Nascimento,1bfa27e3-0376-4206-a772-4586e25a64f5,BR,Person,1942,latin,1
Milton Nascimento,1bfa27e3-0376-4206-a772-4586e25a64f5,BR,Person,1942,sunshine pop,1
Milton Nascimento,1bfa27e3-0376-4206-a772-4586e25a64f5,BR,Person,1942,clube da esquina,1
Milton Nascimento,1bfa27e3-0376-4206-a772-4586e25a64f5,BR,Person,1942,brazil,1
Milton Nascimento,1bfa27e3-0376-4206-a772-4586e25a64f5,BR,Person,1942,sophisti-pop,1
Milton Nascimento,1bfa27e3-0376-4206-a772-4586e25a64f5,BR,Person,1942,2008 universal fire victim,1
Zé Neto & Cristiano,1a663c61-8b39-4fcd-bb12-bf8bc07d818b,BR,Group,2011,sertanejo,1
Zé Neto & Cristiano,1a663c61-8b39-4fcd-bb12-bf8bc07d818b,BR,Group,2011,sertanejo universitário,1
PEDRO SAMPAIO,796bc8a9-efd1-43e8-bacf-5eba68835928,BR,Person,1997,funk,1
PEDRO SAMPAIO,796bc8a9-efd1-43e8-bacf-5eba68835928,BR,Person,1997,pop,1
PEDRO SAMPAIO,796bc8a9-efd1-43e8-bacf-5eba68835928,BR,Person,1997,latin,1
Djavan,751e517d-9663-4692-8c20-942e16d484c5,BR,Person,1949,singer-songwriter,1
Djavan,751e517d-9663-4692-8c20-942e16d484c5,BR,Person,1949,mpb,2
Djavan,751e517d-9663-4692-8c20-942e16d484c5,BR,Person,1949,samba,1
Djavan,751e517d-9663-4692-8c20-942e16d484c5,BR,Person,1949,latin,1
Djavan,751e517d-9663-4692-8c20-942e16d484c5,BR,Person,1949,sophisti-pop,1
Myles Smith,73d2a9d4-de5d-4bcd-9acb-ddf67dfd71ac,GB,Person,1998,folk pop,1
Myles Smith,73d2a9d4-de5d-4bcd-9acb-ddf67dfd71ac,GB,Person,1998,stomp and holler,1
Olivia Rodrigo,6925db17-f35e-42f3-a4eb-84ee6bf5d4b0,US,Person,2003,rock,1
Olivia Rodrigo,6925db17-f35e-42f3-a4eb-84ee6bf5d4b0,US,Person,2003,pop,14
Olivia Rodrigo,6925db17-f35e-42f3-a4eb-84ee6bf5d4b0,US,Person,2003,alternative rock,-2
Olivia Rodrigo,6925db17-f35e-42f3-a4eb-84ee6bf5d4b0,US,Person,2003,punk rock,-2
Olivia Rodrigo,6925db17-f35e-42f3-a4eb-84ee6bf5d4b0,US,Person,2003,singer-songwriter,4
Olivia Rodrigo,6925db17-f35e-42f3-a4eb-84ee6bf5d4b0,US,Person,2003,power pop,5
Olivia Rodrigo,6925db17-f35e-42f3-a4eb-84ee6bf5d4b0,US,Person,2003,synth-pop,-2
Olivia Rodrigo,6925db17-f35e-42f3-a4eb-84ee6bf5d4b0,US,Person,2003,female vocalists,1
Olivia Rodrigo,6925db17-f35e-42f3-a4eb-84ee6bf5d4b0,US,Person,2003,female vocals,1
Olivia Rodrigo,6925db17-f35e-42f3-a4eb-84ee6bf5d4b0,US,Person,2003,indie pop,-1
Olivia Rodrigo,6925db17-f35e-42f3-a4eb-84ee6bf5d4b0,US,Person,2003,dance-pop,-2
Olivia Rodrigo,6925db17-f35e-42f3-a4eb-84ee6bf5d4b0,US,Person,2003,pop rock,9
Olivia Rodrigo,6925db17-f35e-42f3-a4eb-84ee6bf5d4b0,US,Person,2003,pop punk,6
Olivia Rodrigo,6925db17-f35e-42f3-a4eb-84ee6bf5d4b0,US,Person,2003,new jack swing,1
Olivia Rodrigo,6925db17-f35e-42f3-a4eb-84ee6bf5d4b0,US,Person,2003,dance-punk,-2
Olivia Rodrigo,6925db17-f35e-42f3-a4eb-84ee6bf5d4b0,US,Person,2003,musical,1
Olivia Rodrigo,6925db17-f35e-42f3-a4eb-84ee6bf5d4b0,US,Person,2003,folk pop,2
Olivia Rodrigo,6925db17-f35e-42f3-a4eb-84ee6bf5d4b0,US,Person,2003,indietronica,-2
Olivia Rodrigo,6925db17-f35e-42f3-a4eb-84ee6bf5d4b0,US,Person,2003,folktronica,-2
Olivia Rodrigo,6925db17-f35e-42f3-a4eb-84ee6bf5d4b0,US,Person,2003,emo pop,-2
Olivia Rodrigo,6925db17-f35e-42f3-a4eb-84ee6bf5d4b0,US,Person,2003,r&b,1
Olivia Rodrigo,6925db17-f35e-42f3-a4eb-84ee6bf5d4b0,US,Person,2003,dance-rock,-2
Olivia Rodrigo,6925db17-f35e-42f3-a4eb-84ee6bf5d4b0,US,Person,2003,2010s,0
Olivia Rodrigo,6925db17-f35e-42f3-a4eb-84ee6bf5d4b0,US,Person,2003,bubblegum pop,-2
Olivia Rodrigo,6925db17-f35e-42f3-a4eb-84ee6bf5d4b0,US,Person,2003,2020s,4
Olivia Rodrigo,6925db17-f35e-42f3-a4eb-84ee6bf5d4b0,US,Person,2003,gen z,1
Mariah The Scientist,5fc55ebf-21bd-4eda-954c-dd250132331e,US,Person,1997,r&b,1
Mariah The Scientist,5fc55ebf-21bd-4eda-954c-dd250132331e,US,Person,1997,contemporary r&b,2
Mariah The Scientist,5fc55ebf-21bd-4eda-954c-dd250132331e,US,Person,1997,r&b/soul,1
Mariah The Scientist,5fc55ebf-21bd-4eda-954c-dd250132331e,US,Person,1997,gen z,1
Third Eye Blind,92a42e82-b36f-4308-82c1-68bad2e03c89,US,Group,1993,alternative rock,4
Third Eye Blind,92a42e82-b36f-4308-82c1-68bad2e03c89,US,Group,1993,power pop,2
Third Eye Blind,92a42e82-b36f-4308-82c1-68bad2e03c89,US,Group,1993,post-grunge,1
Third Eye Blind,92a42e82-b36f-4308-82c1-68bad2e03c89,US,Group,1993,pop rock,2
Third Eye Blind,92a42e82-b36f-4308-82c1-68bad2e03c89,US,Group,1993,pop punk,1
Third Eye Blind,92a42e82-b36f-4308-82c1-68bad2e03c89,US,Group,1993,classic pop and rock,0
Third Eye Blind,92a42e82-b36f-4308-82c1-68bad2e03c89,US,Group,1993,favoritos,1
Koe Wetzel,cf59723d-febb-4481-9b9b-3cb2c7f2a7e6,US,Person,1992,country,1
Koe Wetzel,cf59723d-febb-4481-9b9b-3cb2c7f2a7e6,US,Person,1992,country rock,1
Koe Wetzel,cf59723d-febb-4481-9b9b-3cb2c7f2a7e6,US,Person,1992,outlaw country,1
Temper City,c74a9a82-29bf-486d-bf93-b4516ac3e338,,Group,2026,industry plant,3
HUNTR/X,dc7fd424-6ba4-45cc-b407-7716c7bb3605,US,Group,2025,k-pop,2
HUNTR/X,dc7fd424-6ba4-45cc-b407-7716c7bb3605,US,Group,2025,fictional group,1
Josh Ross,fdfb6b9c-575d-4abb-9a15-4fbceec0dfa3,CA,Person,1996,,0
Bakar,49ab0e3b-97ad-40c0-a664-5f40ce8129c7,GB,Person,1994,,0
Bailey Zimmerman,20543896-ec2c-48c4-b6b2-507c6cbe9918,US,Person,2000,country,2
Bailey Zimmerman,20543896-ec2c-48c4-b6b2-507c6cbe9918,US,Person,2000,country pop,1
Bailey Zimmerman,20543896-ec2c-48c4-b6b2-507c6cbe9918,US,Person,2000,contemporary country,1
Kenny Chesney,5dca4d22-d6c8-4e70-8ca1-4543e43353c7,US,Person,1968,country,7
Kenny Chesney,5dca4d22-d6c8-4e70-8ca1-4543e43353c7,US,Person,1968,contemporary country,2
Kenny Chesney,5dca4d22-d6c8-4e70-8ca1-4543e43353c7,US,Person,1968,singer/songwriter,1
Kenny Chesney,5dca4d22-d6c8-4e70-8ca1-4543e43353c7,US,Person,1968,country pop,2
John Morgan,3b387def-cfed-4c35-a038-bc3e8d30e377,CA,Person,,,0
HARDY,d2a79d20-1304-47fd-a998-b4fe1ec78373,FR,Person,1944,pop,3
HARDY,d2a79d20-1304-47fd-a998-b4fe1ec78373,FR,Person,1944,french,3
HARDY,d2a79d20-1304-47fd-a998-b4fe1ec78373,FR,Person,1944,chanson française,2
HARDY,d2a79d20-1304-47fd-a998-b4fe1ec78373,FR,Person,1944,schlager,1
HARDY,d2a79d20-1304-47fd-a998-b4fe1ec78373,FR,Person,1944,female vocals,1
HARDY,d2a79d20-1304-47fd-a998-b4fe1ec78373,FR,Person,1944,baroque pop,3
HARDY,d2a79d20-1304-47fd-a998-b4fe1ec78373,FR,Person,1944,ballad,1
HARDY,d2a79d20-1304-47fd-a998-b4fe1ec78373,FR,Person,1944,chanson,2
HARDY,d2a79d20-1304-47fd-a998-b4fe1ec78373,FR,Person,1944,french pop,2
HARDY,d2a79d20-1304-47fd-a998-b4fe1ec78373,FR,Person,1944,european,0
HARDY,d2a79d20-1304-47fd-a998-b4fe1ec78373,FR,Person,1944,yé-yé,4
HARDY,d2a79d20-1304-47fd-a998-b4fe1ec78373,FR,Person,1944,french singer,1
HARDY,d2a79d20-1304-47fd-a998-b4fe1ec78373,FR,Person,1944,nuno,1
Lauren Alaina,f2506ff4-4091-4e57-ac5b-156110732aa9,US,Person,1994,pop,1
Lauren Alaina,f2506ff4-4091-4e57-ac5b-156110732aa9,US,Person,1994,dance,1
Lauren Alaina,f2506ff4-4091-4e57-ac5b-156110732aa9,US,Person,1994,country,2
Lauren Alaina,f2506ff4-4091-4e57-ac5b-156110732aa9,US,Person,1994,american idol,1
Lauren Alaina,f2506ff4-4091-4e57-ac5b-156110732aa9,US,Person,1994,contemporary country,1
Lauren Alaina,f2506ff4-4091-4e57-ac5b-156110732aa9,US,Person,1994,folk music,1
Lauren Alaina,f2506ff4-4091-4e57-ac5b-156110732aa9,US,Person,1994,pop idol,1
The Beaches,cdf5b0a1-ce40-4bb8-92dc-baa602ff83c1,CA,Group,2010,post-punk,1
The Beaches,cdf5b0a1-ce40-4bb8-92dc-baa602ff83c1,CA,Group,2010,indie rock,2
The Beaches,cdf5b0a1-ce40-4bb8-92dc-baa602ff83c1,CA,Group,2010,pop rock,1
The Beaches,cdf5b0a1-ce40-4bb8-92dc-baa602ff83c1,CA,Group,2010,garage rock,1
Luke Bryan,aab35942-f176-4f77-bbf9-1d6aa98ccf3f,US,Person,1976,country,3
Luke Bryan,aab35942-f176-4f77-bbf9-1d6aa98ccf3f,US,Person,1976,contemporary country,1
Luke Bryan,aab35942-f176-4f77-bbf9-1d6aa98ccf3f,US,Person,1976,country-pop,1
Luke Bryan,aab35942-f176-4f77-bbf9-1d6aa98ccf3f,US,Person,1976,bro-country,1
Bella Kay,acd1a23c-eba0-4d76-8b92-109d404d5531,,Person,,indie pop,1
George Birge,a0e1f271-f25a-48d2-b652-4bfc33d6842b,,Person,,,0
Jason Aldean,f24df11a-7e35-4979-a4db-a3b2a170ce27,US,Person,1977,country,4
Jason Aldean,f24df11a-7e35-4979-a4db-a3b2a170ce27,US,Person,1977,country rock,3
Jason Aldean,f24df11a-7e35-4979-a4db-a3b2a170ce27,US,Person,1977,country pop,3
Jason Aldean,f24df11a-7e35-4979-a4db-a3b2a170ce27,US,Person,1977,contemporary country,2
Jason Aldean,f24df11a-7e35-4979-a4db-a3b2a170ce27,US,Person,1977,bro-country,2
Jason Aldean,f24df11a-7e35-4979-a4db-a3b2a170ce27,US,Person,1977,pro trump,0
Kevin Powers,b6c33634-9cd0-4fb7-84b8-ebb078195070,US,Person,,,0
The Black Keys,d15721d8-56b4-453d-b506-fc915b14cba2,US,Group,2001,rock,7
The Black Keys,d15721d8-56b4-453d-b506-fc915b14cba2,US,Group,2001,alternative rock,2
The Black Keys,d15721d8-56b4-453d-b506-fc915b14cba2,US,Group,2001,blues,6
The Black Keys,d15721d8-56b4-453d-b506-fc915b14cba2,US,Group,2001,indie rock,1
The Black Keys,d15721d8-56b4-453d-b506-fc915b14cba2,US,Group,2001,indie,-1
The Black Keys,d15721d8-56b4-453d-b506-fc915b14cba2,US,Group,2001,blues rock,19
The Black Keys,d15721d8-56b4-453d-b506-fc915b14cba2,US,Group,2001,garage rock revival,1
The Black Keys,d15721d8-56b4-453d-b506-fc915b14cba2,US,Group,2001,garage rock,4
The Black Keys,d15721d8-56b4-453d-b506-fc915b14cba2,US,Group,2001,rock and indie,0
The Black Keys,d15721d8-56b4-453d-b506-fc915b14cba2,US,Group,2001,punk blues,-1
Elle King,e7287972-ca8d-4133-a1d6-5446486ed075,US,Person,1989,rock,1
Elle King,e7287972-ca8d-4133-a1d6-5446486ed075,US,Person,1989,pop,1
Elle King,e7287972-ca8d-4133-a1d6-5446486ed075,US,Person,1989,indie rock,1
Elle King,e7287972-ca8d-4133-a1d6-5446486ed075,US,Person,1989,country,1
Elle King,e7287972-ca8d-4133-a1d6-5446486ed075,US,Person,1989,alternative,2
Elle King,e7287972-ca8d-4133-a1d6-5446486ed075,US,Person,1989,blues rock,4
Elle King,e7287972-ca8d-4133-a1d6-5446486ed075,US,Person,1989,southern rock,1
Elle King,e7287972-ca8d-4133-a1d6-5446486ed075,US,Person,1989,americana,3
Elle King,e7287972-ca8d-4133-a1d6-5446486ed075,US,Person,1989,alternative country,3
Elle King,e7287972-ca8d-4133-a1d6-5446486ed075,US,Person,1989,country blues,1
Elle King,e7287972-ca8d-4133-a1d6-5446486ed075,US,Person,1989,pop soul,1
Elle King,e7287972-ca8d-4133-a1d6-5446486ed075,US,Person,1989,punk blues,1
Elle King,e7287972-ca8d-4133-a1d6-5446486ed075,US,Person,1989,country-pop,1
Elle King,e7287972-ca8d-4133-a1d6-5446486ed075,US,Person,1989,alternative country-rock,1
Elle King,e7287972-ca8d-4133-a1d6-5446486ed075,US,Person,1989,alternative/indie rock,1
Elle King,e7287972-ca8d-4133-a1d6-5446486ed075,US,Person,1989,retro-rock,1
Hudson Westbrook,5b511be8-fd02-4de2-a017-7f5d06db53e4,,Person,,,0
Gavin Adcock,4a75faf4-995d-42dd-88b6-e5ff2d61e791,,Person,1998,country,1
Zach John King,5a2ab31d-e000-4fb6-bea6-e494835dc20d,,Person,,,0
Clairo,d786f59b-1836-4ddb-8393-ab753edbe984,US,Person,1998,pop,2
Clairo,d786f59b-1836-4ddb-8393-ab753edbe984,US,Person,1998,singer-songwriter,1
Clairo,d786f59b-1836-4ddb-8393-ab753edbe984,US,Person,1998,indie,2
Clairo,d786f59b-1836-4ddb-8393-ab753edbe984,US,Person,1998,alternative,1
Clairo,d786f59b-1836-4ddb-8393-ab753edbe984,US,Person,1998,lo-fi,1
Clairo,d786f59b-1836-4ddb-8393-ab753edbe984,US,Person,1998,indie pop,2
Clairo,d786f59b-1836-4ddb-8393-ab753edbe984,US,Person,1998,indie folk,1
Clairo,d786f59b-1836-4ddb-8393-ab753edbe984,US,Person,1998,dream pop,1
Clairo,d786f59b-1836-4ddb-8393-ab753edbe984,US,Person,1998,queer,0
Clairo,d786f59b-1836-4ddb-8393-ab753edbe984,US,Person,1998,sophisti-pop,0
Clairo,d786f59b-1836-4ddb-8393-ab753edbe984,US,Person,1998,2010s,1
Clairo,d786f59b-1836-4ddb-8393-ab753edbe984,US,Person,1998,bedroom pop,3
Clairo,d786f59b-1836-4ddb-8393-ab753edbe984,US,Person,1998,2020s,1
Clairo,d786f59b-1836-4ddb-8393-ab753edbe984,US,Person,1998,gen z,2
LISA,85d76093-9865-4605-97fa-8c910929d366,JP,Person,1987,anime,2
LISA,85d76093-9865-4605-97fa-8c910929d366,JP,Person,1987,j-pop,2
LISA,85d76093-9865-4605-97fa-8c910929d366,JP,Person,1987,j-rock,2
LISA,85d76093-9865-4605-97fa-8c910929d366,JP,Person,1987,pop rock,1
ERNEST,eefcb39d-afa5-4db0-916c-e6dbe1892e8e,US,Person,1914,singer-songwriter,1
ERNEST,eefcb39d-afa5-4db0-916c-e6dbe1892e8e,US,Person,1914,country,2
ERNEST,eefcb39d-afa5-4db0-916c-e6dbe1892e8e,US,Person,1914,honky tonk,2
ERNEST,eefcb39d-afa5-4db0-916c-e6dbe1892e8e,US,Person,1914,texan,1
ERNEST,eefcb39d-afa5-4db0-916c-e6dbe1892e8e,US,Person,1914,2008 universal fire victim,1
Dylan Scott,6f614d38-ad89-4130-9aef-835ad53c9653,US,Person,1990,country,1
The Band Camino,fb4d3639-dac0-478e-8776-4417096d8381,US,Group,2015,alternative,1
The Band Camino,fb4d3639-dac0-478e-8776-4417096d8381,US,Group,2015,indie,1
The Outfield,5d400869-0471-42ee-afda-3addd73d0418,GB,Group,1984,2008 universal fire victim,1
Avery Cochrane,50a378bf-0d48-4215-afac-fd369521fdd6,,Person,,pop,1
Ashley McBryde,ba8520a7-e14a-4ba6-9ab5-1fab4d0a154f,,Person,1983,country,2
Ashley McBryde,ba8520a7-e14a-4ba6-9ab5-1fab4d0a154f,,Person,1983,country rock,1
Ashley McBryde,ba8520a7-e14a-4ba6-9ab5-1fab4d0a154f,,Person,1983,country pop,1
Ashley McBryde,ba8520a7-e14a-4ba6-9ab5-1fab4d0a154f,,Person,1983,contemporary country,2
Jelly Roll,3d094919-071f-4070-95dc-e1f350e4a5f3,US,Person,1885,jazz,4
Jelly Roll,3d094919-071f-4070-95dc-e1f350e4a5f3,US,Person,1885,blues,1
Jelly Roll,3d094919-071f-4070-95dc-e1f350e4a5f3,US,Person,1885,big band,1
Jelly Roll,3d094919-071f-4070-95dc-e1f350e4a5f3,US,Person,1885,dixieland,1
Jelly Roll,3d094919-071f-4070-95dc-e1f350e4a5f3,US,Person,1885,piano blues,1
Jelly Roll,3d094919-071f-4070-95dc-e1f350e4a5f3,US,Person,1885,ragtime,3
Michael Marcagi,d2e83041-3409-4c5a-80b6-872ae439bf17,,Person,,,0
Kameron Marlowe,be259f80-096e-4dc1-8933-d60a8cf3bc69,US,Person,1997,country,1
Cody Johnson,faabeed5-3dd0-4be5-aec5-e6486e68db2f,US,Person,1987,country,2
Bryan Adams,4dbf5678-7a31-406a-abbe-232f8ac2cd63,CA,Person,1959,rock,6
Bryan Adams,4dbf5678-7a31-406a-abbe-232f8ac2cd63,CA,Person,1959,british,0
Bryan Adams,4dbf5678-7a31-406a-abbe-232f8ac2cd63,CA,Person,1959,canadian,4
Bryan Adams,4dbf5678-7a31-406a-abbe-232f8ac2cd63,CA,Person,1959,singer-songwriter,0
Bryan Adams,4dbf5678-7a31-406a-abbe-232f8ac2cd63,CA,Person,1959,new wave,1
Bryan Adams,4dbf5678-7a31-406a-abbe-232f8ac2cd63,CA,Person,1959,hard rock,2
Bryan Adams,4dbf5678-7a31-406a-abbe-232f8ac2cd63,CA,Person,1959,power pop,2
Bryan Adams,4dbf5678-7a31-406a-abbe-232f8ac2cd63,CA,Person,1959,classic rock,1
Bryan Adams,4dbf5678-7a31-406a-abbe-232f8ac2cd63,CA,Person,1959,soft rock,6
Bryan Adams,4dbf5678-7a31-406a-abbe-232f8ac2cd63,CA,Person,1959,acoustic rock,0
Bryan Adams,4dbf5678-7a31-406a-abbe-232f8ac2cd63,CA,Person,1959,adult contemporary,0
Bryan Adams,4dbf5678-7a31-406a-abbe-232f8ac2cd63,CA,Person,1959,pop rock,3
Bryan Adams,4dbf5678-7a31-406a-abbe-232f8ac2cd63,CA,Person,1959,arena rock,0
Bryan Adams,4dbf5678-7a31-406a-abbe-232f8ac2cd63,CA,Person,1959,album oriented rock,0
Bryan Adams,4dbf5678-7a31-406a-abbe-232f8ac2cd63,CA,Person,1959,heartland rock,1
Bryan Adams,4dbf5678-7a31-406a-abbe-232f8ac2cd63,CA,Person,1959,aor,2
Bryan Adams,4dbf5678-7a31-406a-abbe-232f8ac2cd63,CA,Person,1959,rock and indie,0
Bryan Adams,4dbf5678-7a31-406a-abbe-232f8ac2cd63,CA,Person,1959,2008 universal fire victim,2
Madison Beer,749ef494-8518-4b49-b685-63d8e728d25c,US,Person,1999,pop,1
Madison Beer,749ef494-8518-4b49-b685-63d8e728d25c,US,Person,1999,singer-songwriter,1
Madison Beer,749ef494-8518-4b49-b685-63d8e728d25c,US,Person,1999,dance-pop,2
Madison Beer,749ef494-8518-4b49-b685-63d8e728d25c,US,Person,1999,alternative pop,1
Madison Beer,749ef494-8518-4b49-b685-63d8e728d25c,US,Person,1999,2020s,1
Madison Beer,749ef494-8518-4b49-b685-63d8e728d25c,US,Person,1999,gen z,1
Corbyn Besson,d578f8d4-d0d3-485d-8590-dfdb5ba07af6,,Person,1998,,0
Benson Boone,62b914a7-d775-4bb4-bb5e-d46e7df115b5,US,Person,2002,pop,5
Benson Boone,62b914a7-d775-4bb4-bb5e-d46e7df115b5,US,Person,2002,pop rock,3
Benson Boone,62b914a7-d775-4bb4-bb5e-d46e7df115b5,US,Person,2002,contemporary pop/rock,1
Benson Boone,62b914a7-d775-4bb4-bb5e-d46e7df115b5,US,Person,2002,contemporary singer/songwriter,1
Benson Boone,62b914a7-d775-4bb4-bb5e-d46e7df115b5,US,Person,2002,2020s,2
Benson Boone,62b914a7-d775-4bb4-bb5e-d46e7df115b5,US,Person,2002,gen z,1
WizTheMc,ad5b82cc-e892-4eaa-993a-243a87a1d68e,,Person,,pop rap,1
Cyndi Lauper,7bd9e20e-74b9-446a-a2ed-a223f82a36e7,US,Person,1953,rock,1
Cyndi Lauper,7bd9e20e-74b9-446a-a2ed-a223f82a36e7,US,Person,1953,synthpop,1
Cyndi Lauper,7bd9e20e-74b9-446a-a2ed-a223f82a36e7,US,Person,1953,pop,7
Cyndi Lauper,7bd9e20e-74b9-446a-a2ed-a223f82a36e7,US,Person,1953,blues,2
Cyndi Lauper,7bd9e20e-74b9-446a-a2ed-a223f82a36e7,US,Person,1953,new wave,1
Cyndi Lauper,7bd9e20e-74b9-446a-a2ed-a223f82a36e7,US,Person,1953,dance-pop,1
Cyndi Lauper,7bd9e20e-74b9-446a-a2ed-a223f82a36e7,US,Person,1953,pop rock,1
Cyndi Lauper,7bd9e20e-74b9-446a-a2ed-a223f82a36e7,US,Person,1953,classic pop and rock,0
Cyndi Lauper,7bd9e20e-74b9-446a-a2ed-a223f82a36e7,US,Person,1953,80's pop,2
Miley Cyrus,7e9bd05a-117f-4cce-87bc-e011527a8b18,US,Person,1992,rock,8
Miley Cyrus,7e9bd05a-117f-4cce-87bc-e011527a8b18,US,Person,1992,pop,15
Miley Cyrus,7e9bd05a-117f-4cce-87bc-e011527a8b18,US,Person,1992,hip hop,1
Miley Cyrus,7e9bd05a-117f-4cce-87bc-e011527a8b18,US,Person,1992,country,1
Miley Cyrus,7e9bd05a-117f-4cce-87bc-e011527a8b18,US,Person,1992,power pop,3
Miley Cyrus,7e9bd05a-117f-4cce-87bc-e011527a8b18,US,Person,1992,electropop,3
Miley Cyrus,7e9bd05a-117f-4cce-87bc-e011527a8b18,US,Person,1992,female vocals,1
Miley Cyrus,7e9bd05a-117f-4cce-87bc-e011527a8b18,US,Person,1992,dance-pop,3
Miley Cyrus,7e9bd05a-117f-4cce-87bc-e011527a8b18,US,Person,1992,pop rock,8
Miley Cyrus,7e9bd05a-117f-4cce-87bc-e011527a8b18,US,Person,1992,country pop,1
Miley Cyrus,7e9bd05a-117f-4cce-87bc-e011527a8b18,US,Person,1992,english,1
Miley Cyrus,7e9bd05a-117f-4cce-87bc-e011527a8b18,US,Person,1992,queer,3
Miley Cyrus,7e9bd05a-117f-4cce-87bc-e011527a8b18,US,Person,1992,teen pop,3
Miley Cyrus,7e9bd05a-117f-4cce-87bc-e011527a8b18,US,Person,1992,miley-cyrus,1
Miley Cyrus,7e9bd05a-117f-4cce-87bc-e011527a8b18,US,Person,1992,contemporary r&b,2
Miley Cyrus,7e9bd05a-117f-4cce-87bc-e011527a8b18,US,Person,1992,2010s,2
Miley Cyrus,7e9bd05a-117f-4cce-87bc-e011527a8b18,US,Person,1992,dnace-pop,0
Miley Cyrus,7e9bd05a-117f-4cce-87bc-e011527a8b18,US,Person,1992,nepo baby,1
a-ha,7364dea6-ca9a-48e3-be01-b44ad0d19897,NO,Group,1983,rock,0
a-ha,7364dea6-ca9a-48e3-be01-b44ad0d19897,NO,Group,1983,electronic,0
a-ha,7364dea6-ca9a-48e3-be01-b44ad0d19897,NO,Group,1983,post-rock,0
a-ha,7364dea6-ca9a-48e3-be01-b44ad0d19897,NO,Group,1983,synthpop,2
a-ha,7364dea6-ca9a-48e3-be01-b44ad0d19897,NO,Group,1983,pop,7
a-ha,7364dea6-ca9a-48e3-be01-b44ad0d19897,NO,Group,1983,norwegian,6
a-ha,7364dea6-ca9a-48e3-be01-b44ad0d19897,NO,Group,1983,new wave,15
a-ha,7364dea6-ca9a-48e3-be01-b44ad0d19897,NO,Group,1983,synth-pop,5
a-ha,7364dea6-ca9a-48e3-be01-b44ad0d19897,NO,Group,1983,electropop,0
a-ha,7364dea6-ca9a-48e3-be01-b44ad0d19897,NO,Group,1983,1980s,1
a-ha,7364dea6-ca9a-48e3-be01-b44ad0d19897,NO,Group,1983,1990s,1
a-ha,7364dea6-ca9a-48e3-be01-b44ad0d19897,NO,Group,1983,2000s,1
a-ha,7364dea6-ca9a-48e3-be01-b44ad0d19897,NO,Group,1983,dance-pop,2
a-ha,7364dea6-ca9a-48e3-be01-b44ad0d19897,NO,Group,1983,pop rock,0
a-ha,7364dea6-ca9a-48e3-be01-b44ad0d19897,NO,Group,1983,new romantic,0
a-ha,7364dea6-ca9a-48e3-be01-b44ad0d19897,NO,Group,1983,european,0
a-ha,7364dea6-ca9a-48e3-be01-b44ad0d19897,NO,Group,1983,norsk,0
a-ha,7364dea6-ca9a-48e3-be01-b44ad0d19897,NO,Group,1983,synth pop,1
a-ha,7364dea6-ca9a-48e3-be01-b44ad0d19897,NO,Group,1983,video,0
a-ha,7364dea6-ca9a-48e3-be01-b44ad0d19897,NO,Group,1983,pop and chart,0
a-ha,7364dea6-ca9a-48e3-be01-b44ad0d19897,NO,Group,1983,euro-pop,1
a-ha,7364dea6-ca9a-48e3-be01-b44ad0d19897,NO,Group,1983,euro-dance,1
a-ha,7364dea6-ca9a-48e3-be01-b44ad0d19897,NO,Group,1983,sophisti-pop,1
a-ha,7364dea6-ca9a-48e3-be01-b44ad0d19897,NO,Group,1983,punk/new wave,0
a-ha,7364dea6-ca9a-48e3-be01-b44ad0d19897,NO,Group,1983,club/dance,0
a-ha,7364dea6-ca9a-48e3-be01-b44ad0d19897,NO,Group,1983,dance-rock,0
a-ha,7364dea6-ca9a-48e3-be01-b44ad0d19897,NO,Group,1983,alphaville,0
a-ha,7364dea6-ca9a-48e3-be01-b44ad0d19897,NO,Group,1983,euro-rock,0
Duran Duran,1a1cd7f3-e5df-4eca-bae2-2757c9e656b5,GB,Group,1978,rock,3
Duran Duran,1a1cd7f3-e5df-4eca-bae2-2757c9e656b5,GB,Group,1978,electronic,1
Duran Duran,1a1cd7f3-e5df-4eca-bae2-2757c9e656b5,GB,Group,1978,synthpop,0
Duran Duran,1a1cd7f3-e5df-4eca-bae2-2757c9e656b5,GB,Group,1978,pop,10
Duran Duran,1a1cd7f3-e5df-4eca-bae2-2757c9e656b5,GB,Group,1978,alternative rock,1
Duran Duran,1a1cd7f3-e5df-4eca-bae2-2757c9e656b5,GB,Group,1978,70s,0
Duran Duran,1a1cd7f3-e5df-4eca-bae2-2757c9e656b5,GB,Group,1978,80s,0
Duran Duran,1a1cd7f3-e5df-4eca-bae2-2757c9e656b5,GB,Group,1978,90s,0
Duran Duran,1a1cd7f3-e5df-4eca-bae2-2757c9e656b5,GB,Group,1978,dance,1
Duran Duran,1a1cd7f3-e5df-4eca-bae2-2757c9e656b5,GB,Group,1978,british,0
Duran Duran,1a1cd7f3-e5df-4eca-bae2-2757c9e656b5,GB,Group,1978,new wave,14
Duran Duran,1a1cd7f3-e5df-4eca-bae2-2757c9e656b5,GB,Group,1978,electro,1
Duran Duran,1a1cd7f3-e5df-4eca-bae2-2757c9e656b5,GB,Group,1978,uk,0
Duran Duran,1a1cd7f3-e5df-4eca-bae2-2757c9e656b5,GB,Group,1978,synth-pop,2
Duran Duran,1a1cd7f3-e5df-4eca-bae2-2757c9e656b5,GB,Group,1978,pop rock,1
Duran Duran,1a1cd7f3-e5df-4eca-bae2-2757c9e656b5,GB,Group,1978,new romantic,5
Duran Duran,1a1cd7f3-e5df-4eca-bae2-2757c9e656b5,GB,Group,1978,english,0
Duran Duran,1a1cd7f3-e5df-4eca-bae2-2757c9e656b5,GB,Group,1978,00s,0
Duran Duran,1a1cd7f3-e5df-4eca-bae2-2757c9e656b5,GB,Group,1978,dvd,1
Duran Duran,1a1cd7f3-e5df-4eca-bae2-2757c9e656b5,GB,Group,1978,classic pop and rock,0
Duran Duran,1a1cd7f3-e5df-4eca-bae2-2757c9e656b5,GB,Group,1978,male vocalists,0
Duran Duran,1a1cd7f3-e5df-4eca-bae2-2757c9e656b5,GB,Group,1978,10s,0
Duran Duran,1a1cd7f3-e5df-4eca-bae2-2757c9e656b5,GB,Group,1978,new romantics,0
Duran Duran,1a1cd7f3-e5df-4eca-bae2-2757c9e656b5,GB,Group,1978,duran,0
Toto,aab5c954-cabe-432e-899e-1c4f99757327,US,Group,1977,rock,8
Toto,aab5c954-cabe-432e-899e-1c4f99757327,US,Group,1977,progressive rock,1
Toto,aab5c954-cabe-432e-899e-1c4f99757327,US,Group,1977,jazz,0
Toto,aab5c954-cabe-432e-899e-1c4f99757327,US,Group,1977,american,2
Toto,aab5c954-cabe-432e-899e-1c4f99757327,US,Group,1977,hard rock,2
Toto,aab5c954-cabe-432e-899e-1c4f99757327,US,Group,1977,usa,0
Toto,aab5c954-cabe-432e-899e-1c4f99757327,US,Group,1977,américain,0
Toto,aab5c954-cabe-432e-899e-1c4f99757327,US,Group,1977,soft rock,2
Toto,aab5c954-cabe-432e-899e-1c4f99757327,US,Group,1977,pop rock,9
Toto,aab5c954-cabe-432e-899e-1c4f99757327,US,Group,1977,neo-progressive rock,1
Toto,aab5c954-cabe-432e-899e-1c4f99757327,US,Group,1977,jazz fusion,2
Toto,aab5c954-cabe-432e-899e-1c4f99757327,US,Group,1977,aor,2
Toto,aab5c954-cabe-432e-899e-1c4f99757327,US,Group,1977,classic pop and rock,0
Toto,aab5c954-cabe-432e-899e-1c4f99757327,US,Group,1977,africa,0
Toto,aab5c954-cabe-432e-899e-1c4f99757327,US,Group,1977,pagan black metal,1
Toto,aab5c954-cabe-432e-899e-1c4f99757327,US,Group,1977,west coast rock,2
Toto,aab5c954-cabe-432e-899e-1c4f99757327,US,Group,1977,yacht rock,2
Toto,aab5c954-cabe-432e-899e-1c4f99757327,US,Group,1977,nuno,1
Gracie Abrams,f7441bc7-d7de-4813-a2fc-31a4033d396d,US,Person,1999,pop,4
Gracie Abrams,f7441bc7-d7de-4813-a2fc-31a4033d396d,US,Person,1999,singer-songwriter,2
Gracie Abrams,f7441bc7-d7de-4813-a2fc-31a4033d396d,US,Person,1999,female vocals,1
Gracie Abrams,f7441bc7-d7de-4813-a2fc-31a4033d396d,US,Person,1999,folk pop,3
Gracie Abrams,f7441bc7-d7de-4813-a2fc-31a4033d396d,US,Person,1999,bedroom pop,2
Gracie Abrams,f7441bc7-d7de-4813-a2fc-31a4033d396d,US,Person,1999,2020s,1
Gracie Abrams,f7441bc7-d7de-4813-a2fc-31a4033d396d,US,Person,1999,gen z,1
Gracie Abrams,f7441bc7-d7de-4813-a2fc-31a4033d396d,US,Person,1999,nepo baby,0
CIL,cb842b2b-7bd9-45b2-a860-e2998deb4732,,Person,2002,,0
ROSÉ,49c712c9-9ebf-4505-b8e8-2e32144c7010,US,Person,,,0
Kate Bush,4b585938-f271-45e2-b19a-91c634b5e396,,Person,1958,rock,3
Kate Bush,4b585938-f271-45e2-b19a-91c634b5e396,,Person,1958,synthpop,0
Kate Bush,4b585938-f271-45e2-b19a-91c634b5e396,,Person,1958,pop,4
Kate Bush,4b585938-f271-45e2-b19a-91c634b5e396,,Person,1958,alternative rock,0
Kate Bush,4b585938-f271-45e2-b19a-91c634b5e396,,Person,1958,70s,0
Kate Bush,4b585938-f271-45e2-b19a-91c634b5e396,,Person,1958,80s,0
Kate Bush,4b585938-f271-45e2-b19a-91c634b5e396,,Person,1958,90s,0
Kate Bush,4b585938-f271-45e2-b19a-91c634b5e396,,Person,1958,folk,0
Kate Bush,4b585938-f271-45e2-b19a-91c634b5e396,,Person,1958,british,1
Kate Bush,4b585938-f271-45e2-b19a-91c634b5e396,,Person,1958,singer-songwriter,0
Kate Bush,4b585938-f271-45e2-b19a-91c634b5e396,,Person,1958,post-punk,0
Kate Bush,4b585938-f271-45e2-b19a-91c634b5e396,,Person,1958,new wave,1
Kate Bush,4b585938-f271-45e2-b19a-91c634b5e396,,Person,1958,uk,-1
Kate Bush,4b585938-f271-45e2-b19a-91c634b5e396,,Person,1958,progressive,0
Kate Bush,4b585938-f271-45e2-b19a-91c634b5e396,,Person,1958,alternative,-1
Kate Bush,4b585938-f271-45e2-b19a-91c634b5e396,,Person,1958,producer,0
Kate Bush,4b585938-f271-45e2-b19a-91c634b5e396,,Person,1958,female vocalists,0
Kate Bush,4b585938-f271-45e2-b19a-91c634b5e396,,Person,1958,art rock,7
Kate Bush,4b585938-f271-45e2-b19a-91c634b5e396,,Person,1958,baroque pop,3
Kate Bush,4b585938-f271-45e2-b19a-91c634b5e396,,Person,1958,leftfield,0
Kate Bush,4b585938-f271-45e2-b19a-91c634b5e396,,Person,1958,1980s,0
Kate Bush,4b585938-f271-45e2-b19a-91c634b5e396,,Person,1958,1970s,0
Kate Bush,4b585938-f271-45e2-b19a-91c634b5e396,,Person,1958,college rock,-1
Kate Bush,4b585938-f271-45e2-b19a-91c634b5e396,,Person,1958,experimental pop,0
Kate Bush,4b585938-f271-45e2-b19a-91c634b5e396,,Person,1958,pop rock,1
Kate Bush,4b585938-f271-45e2-b19a-91c634b5e396,,Person,1958,alternative pop,1
Kate Bush,4b585938-f271-45e2-b19a-91c634b5e396,,Person,1958,english,-1
Kate Bush,4b585938-f271-45e2-b19a-91c634b5e396,,Person,1958,chamber pop,0
Kate Bush,4b585938-f271-45e2-b19a-91c634b5e396,,Person,1958,england,-2
Kate Bush,4b585938-f271-45e2-b19a-91c634b5e396,,Person,1958,kent,-2
Kate Bush,4b585938-f271-45e2-b19a-91c634b5e396,,Person,1958,crossover prog,0
Kate Bush,4b585938-f271-45e2-b19a-91c634b5e396,,Person,1958,bexleyheath,-2
Kate Bush,4b585938-f271-45e2-b19a-91c634b5e396,,Person,1958,rock and indie,0
Kate Bush,4b585938-f271-45e2-b19a-91c634b5e396,,Person,1958,soulful,0
Kate Bush,4b585938-f271-45e2-b19a-91c634b5e396,,Person,1958,progressive pop,10
Kate Bush,4b585938-f271-45e2-b19a-91c634b5e396,,Person,1958,wuthering heights,-1
Kate Bush,4b585938-f271-45e2-b19a-91c634b5e396,,Person,1958,ambient pop,3
Kate Bush,4b585938-f271-45e2-b19a-91c634b5e396,,Person,1958,singer/songwriter,0
Kate Bush,4b585938-f271-45e2-b19a-91c634b5e396,,Person,1958,alternative/indie rock,-1
Kate Bush,4b585938-f271-45e2-b19a-91c634b5e396,,Person,1958,art pop,12
Kate Bush,4b585938-f271-45e2-b19a-91c634b5e396,,Person,1958,alternative rock music,1
Kate Bush,4b585938-f271-45e2-b19a-91c634b5e396,,Person,1958,avant-garde pop,0
Kate Bush,4b585938-f271-45e2-b19a-91c634b5e396,,Person,1958,women composers,1
Kate Bush,4b585938-f271-45e2-b19a-91c634b5e396,,Person,1958,progressive rock music,1
Kate Bush,4b585938-f271-45e2-b19a-91c634b5e396,,Person,1958,the lost generation,0
Kate Bush,4b585938-f271-45e2-b19a-91c634b5e396,,Person,1958,sound recording executives and producers,1
Kate Bush,4b585938-f271-45e2-b19a-91c634b5e396,,Person,1958,baby boomer,0
Kate Bush,4b585938-f271-45e2-b19a-91c634b5e396,,Person,1958,singer-songwriter music,0
Kate Bush,4b585938-f271-45e2-b19a-91c634b5e396,,Person,1958,women singers,1
Kate Bush,4b585938-f271-45e2-b19a-91c634b5e396,,Person,1958,women rock musicians,1
Eurythmics,b4d32cff-f19e-455f-86c4-f347d824ca61,GB,Group,1980,rock,0
Eurythmics,b4d32cff-f19e-455f-86c4-f347d824ca61,GB,Group,1980,electronic,0
Eurythmics,b4d32cff-f19e-455f-86c4-f347d824ca61,GB,Group,1980,synthpop,5
Eurythmics,b4d32cff-f19e-455f-86c4-f347d824ca61,GB,Group,1980,pop,11
Eurythmics,b4d32cff-f19e-455f-86c4-f347d824ca61,GB,Group,1980,british,0
Eurythmics,b4d32cff-f19e-455f-86c4-f347d824ca61,GB,Group,1980,new wave,12
Eurythmics,b4d32cff-f19e-455f-86c4-f347d824ca61,GB,Group,1980,uk,0
Eurythmics,b4d32cff-f19e-455f-86c4-f347d824ca61,GB,Group,1980,synth-pop,12
Eurythmics,b4d32cff-f19e-455f-86c4-f347d824ca61,GB,Group,1980,rnb,0
Eurythmics,b4d32cff-f19e-455f-86c4-f347d824ca61,GB,Group,1980,pop rock,4
Eurythmics,b4d32cff-f19e-455f-86c4-f347d824ca61,GB,Group,1980,film soundtrack,1
Eurythmics,b4d32cff-f19e-455f-86c4-f347d824ca61,GB,Group,1980,classic pop and rock,0
Eurythmics,b4d32cff-f19e-455f-86c4-f347d824ca61,GB,Group,1980,dance-rock,0
Eurythmics,b4d32cff-f19e-455f-86c4-f347d824ca61,GB,Group,1980,art pop,3
Eurythmics,b4d32cff-f19e-455f-86c4-f347d824ca61,GB,Group,1980,new pop,1
Reneé Rapp,e4378b7a-6138-441a-aa34-50e11a562066,US,Person,2000,pop,2
Reneé Rapp,e4378b7a-6138-441a-aa34-50e11a562066,US,Person,2000,american,1
Reneé Rapp,e4378b7a-6138-441a-aa34-50e11a562066,US,Person,2000,usa,1
Reneé Rapp,e4378b7a-6138-441a-aa34-50e11a562066,US,Person,2000,rnb,1
Reneé Rapp,e4378b7a-6138-441a-aa34-50e11a562066,US,Person,2000,female vocals,1
Reneé Rapp,e4378b7a-6138-441a-aa34-50e11a562066,US,Person,2000,alternative pop,1
Reneé Rapp,e4378b7a-6138-441a-aa34-50e11a562066,US,Person,2000,musical,1
Reneé Rapp,e4378b7a-6138-441a-aa34-50e11a562066,US,Person,2000,queer,1
Reneé Rapp,e4378b7a-6138-441a-aa34-50e11a562066,US,Person,2000,2020s,1
Reneé Rapp,e4378b7a-6138-441a-aa34-50e11a562066,US,Person,2000,gen z,1
Reneé Rapp,e4378b7a-6138-441a-aa34-50e11a562066,US,Person,2000,my top songs,1
keshi,ee74db56-c264-4c23-9504-29e2d8078f36,US,Person,1994,bedroom pop,1
PinkPantheress,7441014f-f8f5-494f-81db-ff166fbc078d,,Person,2001,pop,2
PinkPantheress,7441014f-f8f5-494f-81db-ff166fbc078d,,Person,2001,drum and bass,3
PinkPantheress,7441014f-f8f5-494f-81db-ff166fbc078d,,Person,2001,jungle,2
PinkPantheress,7441014f-f8f5-494f-81db-ff166fbc078d,,Person,2001,dance-pop,1
PinkPantheress,7441014f-f8f5-494f-81db-ff166fbc078d,,Person,2001,alternative pop,2
PinkPantheress,7441014f-f8f5-494f-81db-ff166fbc078d,,Person,2001,uk garage,4
PinkPantheress,7441014f-f8f5-494f-81db-ff166fbc078d,,Person,2001,future garage,2
PinkPantheress,7441014f-f8f5-494f-81db-ff166fbc078d,,Person,2001,bubblegum pop,1
PinkPantheress,7441014f-f8f5-494f-81db-ff166fbc078d,,Person,2001,2020s,1
PinkPantheress,7441014f-f8f5-494f-81db-ff166fbc078d,,Person,2001,gen z,1
Mae Stephens,bd365066-324d-44a4-baab-08d1cbc0842e,,Person,2003,,0
KATSEYE,abbf7d85-9a7f-4a6c-80bd-bf71f2c7d520,US,Group,2023,electronic,1
KATSEYE,abbf7d85-9a7f-4a6c-80bd-bf71f2c7d520,US,Group,2023,pop,5
KATSEYE,abbf7d85-9a7f-4a6c-80bd-bf71f2c7d520,US,Group,2023,hip hop,1
KATSEYE,abbf7d85-9a7f-4a6c-80bd-bf71f2c7d520,US,Group,2023,girl group,5
KATSEYE,abbf7d85-9a7f-4a6c-80bd-bf71f2c7d520,US,Group,2023,female vocals,1
KATSEYE,abbf7d85-9a7f-4a6c-80bd-bf71f2c7d520,US,Group,2023,dance-pop,5
KATSEYE,abbf7d85-9a7f-4a6c-80bd-bf71f2c7d520,US,Group,2023,new jack swing,1
KATSEYE,abbf7d85-9a7f-4a6c-80bd-bf71f2c7d520,US,Group,2023,k-pop,1
KATSEYE,abbf7d85-9a7f-4a6c-80bd-bf71f2c7d520,US,Group,2023,hip hop soul,1
KATSEYE,abbf7d85-9a7f-4a6c-80bd-bf71f2c7d520,US,Group,2023,2020s,2
Jonas Brothers,6e019bc6-5c23-4935-94f0-4a896631d846,US,Group,2005,pop,1
Jonas Brothers,6e019bc6-5c23-4935-94f0-4a896631d846,US,Group,2005,pop rock,2
Jonas Brothers,6e019bc6-5c23-4935-94f0-4a896631d846,US,Group,2005,pop and chart,0
Jonas Brothers,6e019bc6-5c23-4935-94f0-4a896631d846,US,Group,2005,teen pop,4
Jonas Brothers,6e019bc6-5c23-4935-94f0-4a896631d846,US,Group,2005,emo-pop,0
Jonas Brothers,6e019bc6-5c23-4935-94f0-4a896631d846,US,Group,2005,post-emo,0
Audrey Hobert,bf2bf522-581e-4c93-81c2-cb5b826b02e4,US,Person,1999,pop,2
Audrey Hobert,bf2bf522-581e-4c93-81c2-cb5b826b02e4,US,Person,1999,indie pop,1
Audrey Hobert,bf2bf522-581e-4c93-81c2-cb5b826b02e4,US,Person,1999,pop rock,1
Audrey Hobert,bf2bf522-581e-4c93-81c2-cb5b826b02e4,US,Person,1999,alternative pop,1
David Guetta,302bd7b9-d012-4360-897a-93b00c855680,FR,Person,1967,electronic,4
David Guetta,302bd7b9-d012-4360-897a-93b00c855680,FR,Person,1967,pop,1
David Guetta,302bd7b9-d012-4360-897a-93b00c855680,FR,Person,1967,dance,6
David Guetta,302bd7b9-d012-4360-897a-93b00c855680,FR,Person,1967,house,9
David Guetta,302bd7b9-d012-4360-897a-93b00c855680,FR,Person,1967,seen live,0
David Guetta,302bd7b9-d012-4360-897a-93b00c855680,FR,Person,1967,electropop,2
David Guetta,302bd7b9-d012-4360-897a-93b00c855680,FR,Person,1967,eurodance,0
David Guetta,302bd7b9-d012-4360-897a-93b00c855680,FR,Person,1967,tech house,1
David Guetta,302bd7b9-d012-4360-897a-93b00c855680,FR,Person,1967,dance-pop,8
David Guetta,302bd7b9-d012-4360-897a-93b00c855680,FR,Person,1967,progressive house,1
David Guetta,302bd7b9-d012-4360-897a-93b00c855680,FR,Person,1967,electroclash,1
David Guetta,302bd7b9-d012-4360-897a-93b00c855680,FR,Person,1967,english,1
David Guetta,302bd7b9-d012-4360-897a-93b00c855680,FR,Person,1967,club,1
David Guetta,302bd7b9-d012-4360-897a-93b00c855680,FR,Person,1967,electro house,6
David Guetta,302bd7b9-d012-4360-897a-93b00c855680,FR,Person,1967,french house,1
David Guetta,302bd7b9-d012-4360-897a-93b00c855680,FR,Person,1967,edm,0
David Guetta,302bd7b9-d012-4360-897a-93b00c855680,FR,Person,1967,dance and electronica,0
David Guetta,302bd7b9-d012-4360-897a-93b00c855680,FR,Person,1967,house music,1
David Guetta,302bd7b9-d012-4360-897a-93b00c855680,FR,Person,1967,future rave,2
David Guetta,302bd7b9-d012-4360-897a-93b00c855680,FR,Person,1967,festival progressive house,1
Mark Ambor,483e1216-3eb3-4996-a45d-55f6169689a0,US,Person,,,0
Selena Gomez,e4bc69e2-a064-4f93-ada1-f7f209cc1cc3,US,Person,1992,rock,3
Selena Gomez,e4bc69e2-a064-4f93-ada1-f7f209cc1cc3,US,Person,1992,pop,9
Selena Gomez,e4bc69e2-a064-4f93-ada1-f7f209cc1cc3,US,Person,1992,dance,1
Selena Gomez,e4bc69e2-a064-4f93-ada1-f7f209cc1cc3,US,Person,1992,hip hop,1
Selena Gomez,e4bc69e2-a064-4f93-ada1-f7f209cc1cc3,US,Person,1992,spanish,2
Selena Gomez,e4bc69e2-a064-4f93-ada1-f7f209cc1cc3,US,Person,1992,electropop,4
Selena Gomez,e4bc69e2-a064-4f93-ada1-f7f209cc1cc3,US,Person,1992,dance-pop,7
Selena Gomez,e4bc69e2-a064-4f93-ada1-f7f209cc1cc3,US,Person,1992,pop rock,1
Selena Gomez,e4bc69e2-a064-4f93-ada1-f7f209cc1cc3,US,Person,1992,alternative pop,2
Selena Gomez,e4bc69e2-a064-4f93-ada1-f7f209cc1cc3,US,Person,1992,latin pop,1
Selena Gomez,e4bc69e2-a064-4f93-ada1-f7f209cc1cc3,US,Person,1992,latin,1
Selena Gomez,e4bc69e2-a064-4f93-ada1-f7f209cc1cc3,US,Person,1992,english,2
Selena Gomez,e4bc69e2-a064-4f93-ada1-f7f209cc1cc3,US,Person,1992,club,1
Selena Gomez,e4bc69e2-a064-4f93-ada1-f7f209cc1cc3,US,Person,1992,electro house,3
Selena Gomez,e4bc69e2-a064-4f93-ada1-f7f209cc1cc3,US,Person,1992,teen pop,4
Selena Gomez,e4bc69e2-a064-4f93-ada1-f7f209cc1cc3,US,Person,1992,contemporary r&b,3
Selena Gomez,e4bc69e2-a064-4f93-ada1-f7f209cc1cc3,US,Person,1992,2010s,2
Selena Gomez,e4bc69e2-a064-4f93-ada1-f7f209cc1cc3,US,Person,1992,brostep,2
Selena Gomez,e4bc69e2-a064-4f93-ada1-f7f209cc1cc3,US,Person,1992,art pop,2
Selena Gomez,e4bc69e2-a064-4f93-ada1-f7f209cc1cc3,US,Person,1992,alternative r&b,3
Selena Gomez,e4bc69e2-a064-4f93-ada1-f7f209cc1cc3,US,Person,1992,electro-disco,2
Selena Gomez,e4bc69e2-a064-4f93-ada1-f7f209cc1cc3,US,Person,1992,englisch,0
Selena Gomez,e4bc69e2-a064-4f93-ada1-f7f209cc1cc3,US,Person,1992,2020s,2
Haley Joelle,31b486a2-d487-4999-9433-bdc8337e7bd3,US,Person,1999,,0
The Kid LAROI,80609a00-b394-4a49-975b-2db6b543fa97,AU,Person,2003,rap,1
The Kid LAROI,80609a00-b394-4a49-975b-2db6b543fa97,AU,Person,2003,hip hop,4
The Kid LAROI,80609a00-b394-4a49-975b-2db6b543fa97,AU,Person,2003,pop rap,1
The Kid LAROI,80609a00-b394-4a49-975b-2db6b543fa97,AU,Person,2003,english,1
The Kid LAROI,80609a00-b394-4a49-975b-2db6b543fa97,AU,Person,2003,emo rap,2
The Kid LAROI,80609a00-b394-4a49-975b-2db6b543fa97,AU,Person,2003,2020s,1
The Kid LAROI,80609a00-b394-4a49-975b-2db6b543fa97,AU,Person,2003,gen z,1
SIENNA SPIRO,ea696191-407a-4bf2-8302-7e05f6c163c5,GB,Person,2005,pop,1
SIENNA SPIRO,ea696191-407a-4bf2-8302-7e05f6c163c5,GB,Person,2005,singer-songwriter,1
SIENNA SPIRO,ea696191-407a-4bf2-8302-7e05f6c163c5,GB,Person,2005,adult contemporary,1
SIENNA SPIRO,ea696191-407a-4bf2-8302-7e05f6c163c5,GB,Person,2005,alternative pop,1
SIENNA SPIRO,ea696191-407a-4bf2-8302-7e05f6c163c5,GB,Person,2005,classical crossover,1
SIENNA SPIRO,ea696191-407a-4bf2-8302-7e05f6c163c5,GB,Person,2005,pop soul,2
Eagles,f46bd570-5768-462e-b84c-c7c993bbf47e,US,Group,1971,rock,11
Eagles,f46bd570-5768-462e-b84c-c7c993bbf47e,US,Group,1971,pop,1
Eagles,f46bd570-5768-462e-b84c-c7c993bbf47e,US,Group,1971,american,0
Eagles,f46bd570-5768-462e-b84c-c7c993bbf47e,US,Group,1971,folk rock,2
Eagles,f46bd570-5768-462e-b84c-c7c993bbf47e,US,Group,1971,country rock,10
Eagles,f46bd570-5768-462e-b84c-c7c993bbf47e,US,Group,1971,classic rock,2
Eagles,f46bd570-5768-462e-b84c-c7c993bbf47e,US,Group,1971,soft rock,2
Eagles,f46bd570-5768-462e-b84c-c7c993bbf47e,US,Group,1971,pop rock,1
Eagles,f46bd570-5768-462e-b84c-c7c993bbf47e,US,Group,1971,classic pop and rock,0
Eagles,f46bd570-5768-462e-b84c-c7c993bbf47e,US,Group,1971,urban cowboy,0
Eagles,f46bd570-5768-462e-b84c-c7c993bbf47e,US,Group,1971,pop/rock,0
Eagles,f46bd570-5768-462e-b84c-c7c993bbf47e,US,Group,1971,west coast rock,0
Eagles,f46bd570-5768-462e-b84c-c7c993bbf47e,US,Group,1971,2008 universal fire victim,0
BTS,0d79fe8e-ba27-4859-bb8c-2f255f346853,KR,Group,2013,pop,4
BTS,0d79fe8e-ba27-4859-bb8c-2f255f346853,KR,Group,2013,dance,2
BTS,0d79fe8e-ba27-4859-bb8c-2f255f346853,KR,Group,2013,korean,0
BTS,0d79fe8e-ba27-4859-bb8c-2f255f346853,KR,Group,2013,k-pop,10
BTS,0d79fe8e-ba27-4859-bb8c-2f255f346853,KR,Group,2013,english,1
BTS,0d79fe8e-ba27-4859-bb8c-2f255f346853,KR,Group,2013,boy band,0
BTS,0d79fe8e-ba27-4859-bb8c-2f255f346853,KR,Group,2013,boy group,5
BTS,0d79fe8e-ba27-4859-bb8c-2f255f346853,KR,Group,2013,teen pop,-1
BTS,0d79fe8e-ba27-4859-bb8c-2f255f346853,KR,Group,2013,2010s,1
BTS,0d79fe8e-ba27-4859-bb8c-2f255f346853,KR,Group,2013,bots,0
BTS,0d79fe8e-ba27-4859-bb8c-2f255f346853,KR,Group,2013,fixme label mess,-2
BTS,0d79fe8e-ba27-4859-bb8c-2f255f346853,KR,Group,2013,bot,0
BTS,0d79fe8e-ba27-4859-bb8c-2f255f346853,KR,Group,2013,corean,0
BTS,0d79fe8e-ba27-4859-bb8c-2f255f346853,KR,Group,2013,2020s,1
BTS,0d79fe8e-ba27-4859-bb8c-2f255f346853,KR,Group,2013,3rd gen k-pop,0
BTS,0d79fe8e-ba27-4859-bb8c-2f255f346853,KR,Group,2013,ai slop,0
Sheryl Crow,80ccfede-c258-4575-a7ad-c982e9932e0f,US,Person,1962,rock,3
Sheryl Crow,80ccfede-c258-4575-a7ad-c982e9932e0f,US,Person,1962,pop,4
Sheryl Crow,80ccfede-c258-4575-a7ad-c982e9932e0f,US,Person,1962,alternative rock,1
Sheryl Crow,80ccfede-c258-4575-a7ad-c982e9932e0f,US,Person,1962,folk,0
Sheryl Crow,80ccfede-c258-4575-a7ad-c982e9932e0f,US,Person,1962,american,0
Sheryl Crow,80ccfede-c258-4575-a7ad-c982e9932e0f,US,Person,1962,country,0
Sheryl Crow,80ccfede-c258-4575-a7ad-c982e9932e0f,US,Person,1962,blues rock,0
Sheryl Crow,80ccfede-c258-4575-a7ad-c982e9932e0f,US,Person,1962,americana,2
Sheryl Crow,80ccfede-c258-4575-a7ad-c982e9932e0f,US,Person,1962,female vocals,1
Sheryl Crow,80ccfede-c258-4575-a7ad-c982e9932e0f,US,Person,1962,pop rock,0
Sheryl Crow,80ccfede-c258-4575-a7ad-c982e9932e0f,US,Person,1962,classic pop and rock,0
Sheryl Crow,80ccfede-c258-4575-a7ad-c982e9932e0f,US,Person,1962,contemporary country,0
Sheryl Crow,80ccfede-c258-4575-a7ad-c982e9932e0f,US,Person,1962,mezzo-soprano,0
Sheryl Crow,80ccfede-c258-4575-a7ad-c982e9932e0f,US,Person,1962,pop soul,0
Sheryl Crow,80ccfede-c258-4575-a7ad-c982e9932e0f,US,Person,1962,singer/songwriter,0
Sheryl Crow,80ccfede-c258-4575-a7ad-c982e9932e0f,US,Person,1962,2008 universal fire victim,1
Sheryl Crow,80ccfede-c258-4575-a7ad-c982e9932e0f,US,Person,1962,aln-sh,1
Teddy Swims,35feae82-8b2c-4f8f-ae7a-af5662848947,US,Person,1992,rock,2
Teddy Swims,35feae82-8b2c-4f8f-ae7a-af5662848947,US,Person,1992,pop,4
Teddy Swims,35feae82-8b2c-4f8f-ae7a-af5662848947,US,Person,1992,alternative rock,2
Teddy Swims,35feae82-8b2c-4f8f-ae7a-af5662848947,US,Person,1992,country,1
Teddy Swims,35feae82-8b2c-4f8f-ae7a-af5662848947,US,Person,1992,soul,5
Teddy Swims,35feae82-8b2c-4f8f-ae7a-af5662848947,US,Person,1992,pop soul,3
Teddy Swims,35feae82-8b2c-4f8f-ae7a-af5662848947,US,Person,1992,rhythm & blues,2
BigXthaPlug,d25f6294-686a-4569-b1b9-fe64bfef2519,,Person,1998,hip hop,1
BigXthaPlug,d25f6294-686a-4569-b1b9-fe64bfef2519,,Person,1998,southern hip hop,1
BigXthaPlug,d25f6294-686a-4569-b1b9-fe64bfef2519,,Person,1998,trap,1
Doechii,9f75277c-b283-4846-ac8c-f932255cd0ac,US,Person,1998,rap,1
Doechii,9f75277c-b283-4846-ac8c-f932255cd0ac,US,Person,1998,hip-hop,1
Doechii,9f75277c-b283-4846-ac8c-f932255cd0ac,US,Person,1998,hip hop,5
Doechii,9f75277c-b283-4846-ac8c-f932255cd0ac,US,Person,1998,rnb,1
Doechii,9f75277c-b283-4846-ac8c-f932255cd0ac,US,Person,1998,pop rap,3
Doechii,9f75277c-b283-4846-ac8c-f932255cd0ac,US,Person,1998,2020s,1
Doechii,9f75277c-b283-4846-ac8c-f932255cd0ac,US,Person,1998,gen z,1
Jack Harlow,134cb0bc-06fa-42f7-8078-b0c858349975,US,Person,1998,hip hop,2
Jack Harlow,134cb0bc-06fa-42f7-8078-b0c858349975,US,Person,1998,english,1
Jack Harlow,134cb0bc-06fa-42f7-8078-b0c858349975,US,Person,1998,rap,1
Jack Harlow,134cb0bc-06fa-42f7-8078-b0c858349975,US,Person,1998,pop rap,1
Mac Miller,a0e8a1b1-5f8f-475a-a253-17415c17d0ff,US,Person,1992,hip hop,5
Mac Miller,a0e8a1b1-5f8f-475a-a253-17415c17d0ff,US,Person,1992,pennsylvania,2
Mac Miller,a0e8a1b1-5f8f-475a-a253-17415c17d0ff,US,Person,1992,alternative hip hop,1
Mac Miller,a0e8a1b1-5f8f-475a-a253-17415c17d0ff,US,Person,1992,abstract hip hop,2
Mac Miller,a0e8a1b1-5f8f-475a-a253-17415c17d0ff,US,Person,1992,jazz rap,1
Mac Miller,a0e8a1b1-5f8f-475a-a253-17415c17d0ff,US,Person,1992,east coast hip hop,1
Yung Miami,7e987fc0-7606-4637-8eb1-8c9c3e57a65c,,Person,1994,,0
OutKast,73fdb566-a9b1-494c-9f32-51768ec9fd27,US,Group,1991,pop,2
OutKast,73fdb566-a9b1-494c-9f32-51768ec9fd27,US,Group,1991,american,0
OutKast,73fdb566-a9b1-494c-9f32-51768ec9fd27,US,Group,1991,hip-hop,0
OutKast,73fdb566-a9b1-494c-9f32-51768ec9fd27,US,Group,1991,experimental,-1
OutKast,73fdb566-a9b1-494c-9f32-51768ec9fd27,US,Group,1991,hip hop,10
OutKast,73fdb566-a9b1-494c-9f32-51768ec9fd27,US,Group,1991,funk,1
OutKast,73fdb566-a9b1-494c-9f32-51768ec9fd27,US,Group,1991,neo-soul,1
OutKast,73fdb566-a9b1-494c-9f32-51768ec9fd27,US,Group,1991,southern hip hop,6
OutKast,73fdb566-a9b1-494c-9f32-51768ec9fd27,US,Group,1991,pop rap,3
OutKast,73fdb566-a9b1-494c-9f32-51768ec9fd27,US,Group,1991,alternative hip-hop,0
OutKast,73fdb566-a9b1-494c-9f32-51768ec9fd27,US,Group,1991,southern hip-hop,0
OutKast,73fdb566-a9b1-494c-9f32-51768ec9fd27,US,Group,1991,dirty south,1
OutKast,73fdb566-a9b1-494c-9f32-51768ec9fd27,US,Group,1991,hip hop rnb and dance hall,-1
OutKast,73fdb566-a9b1-494c-9f32-51768ec9fd27,US,Group,1991,contemporary r&b,1
OutKast,73fdb566-a9b1-494c-9f32-51768ec9fd27,US,Group,1991,conscious hip hop,1
OutKast,73fdb566-a9b1-494c-9f32-51768ec9fd27,US,Group,1991,atlanta hip hop,1
Tommy Richman,741a6c80-2d6e-4522-9de4-e070798a2d30,,Person,2000,house,1
Gorillaz,e21857d5-3256-4547-afb3-4b6ded592596,,Group,1999,trip-hop,0
Gorillaz,e21857d5-3256-4547-afb3-4b6ded592596,,Group,1999,rock,5
Gorillaz,e21857d5-3256-4547-afb3-4b6ded592596,,Group,1999,electronic,21
Gorillaz,e21857d5-3256-4547-afb3-4b6ded592596,,Group,1999,pop,1
Gorillaz,e21857d5-3256-4547-afb3-4b6ded592596,,Group,1999,alternative rock,20
Gorillaz,e21857d5-3256-4547-afb3-4b6ded592596,,Group,1999,dance,1
Gorillaz,e21857d5-3256-4547-afb3-4b6ded592596,,Group,1999,fictional,5
Gorillaz,e21857d5-3256-4547-afb3-4b6ded592596,,Group,1999,hip-hop,0
Gorillaz,e21857d5-3256-4547-afb3-4b6ded592596,,Group,1999,british,7
Gorillaz,e21857d5-3256-4547-afb3-4b6ded592596,,Group,1999,hip hop,16
Gorillaz,e21857d5-3256-4547-afb3-4b6ded592596,,Group,1999,uk,0
Gorillaz,e21857d5-3256-4547-afb3-4b6ded592596,,Group,1999,indie rock,1
Gorillaz,e21857d5-3256-4547-afb3-4b6ded592596,,Group,1999,fictitious artist,5
Gorillaz,e21857d5-3256-4547-afb3-4b6ded592596,,Group,1999,electronica,5
Gorillaz,e21857d5-3256-4547-afb3-4b6ded592596,,Group,1999,alternative,1
Gorillaz,e21857d5-3256-4547-afb3-4b6ded592596,,Group,1999,breakbeat,1
Gorillaz,e21857d5-3256-4547-afb3-4b6ded592596,,Group,1999,synth-pop,4
Gorillaz,e21857d5-3256-4547-afb3-4b6ded592596,,Group,1999,electropop,14
Gorillaz,e21857d5-3256-4547-afb3-4b6ded592596,,Group,1999,disco,1
Gorillaz,e21857d5-3256-4547-afb3-4b6ded592596,,Group,1999,producer,0
Gorillaz,e21857d5-3256-4547-afb3-4b6ded592596,,Group,1999,art rock,0
Gorillaz,e21857d5-3256-4547-afb3-4b6ded592596,,Group,1999,breaks,1
Gorillaz,e21857d5-3256-4547-afb3-4b6ded592596,,Group,1999,tech house,1
Gorillaz,e21857d5-3256-4547-afb3-4b6ded592596,,Group,1999,leftfield,0
Gorillaz,e21857d5-3256-4547-afb3-4b6ded592596,,Group,1999,trip rock,5
Gorillaz,e21857d5-3256-4547-afb3-4b6ded592596,,Group,1999,pop rock,1
Gorillaz,e21857d5-3256-4547-afb3-4b6ded592596,,Group,1999,alternative hip-hop,0
Gorillaz,e21857d5-3256-4547-afb3-4b6ded592596,,Group,1999,alternative pop,1
Gorillaz,e21857d5-3256-4547-afb3-4b6ded592596,,Group,1999,alternative dance,8
Gorillaz,e21857d5-3256-4547-afb3-4b6ded592596,,Group,1999,uk garage,1
Gorillaz,e21857d5-3256-4547-afb3-4b6ded592596,,Group,1999,latin,1
Gorillaz,e21857d5-3256-4547-afb3-4b6ded592596,,Group,1999,english,0
Gorillaz,e21857d5-3256-4547-afb3-4b6ded592596,,Group,1999,trip hop,18
Gorillaz,e21857d5-3256-4547-afb3-4b6ded592596,,Group,1999,parlophone,0
Gorillaz,e21857d5-3256-4547-afb3-4b6ded592596,,Group,1999,african,1
Gorillaz,e21857d5-3256-4547-afb3-4b6ded592596,,Group,1999,producteur,0
Gorillaz,e21857d5-3256-4547-afb3-4b6ded592596,,Group,1999,rock and indie,0
Gorillaz,e21857d5-3256-4547-afb3-4b6ded592596,,Group,1999,gorillaz,-1
Gorillaz,e21857d5-3256-4547-afb3-4b6ded592596,,Group,1999,alternative hip hop,1
Gorillaz,e21857d5-3256-4547-afb3-4b6ded592596,,Group,1999,virtual band,8
Gorillaz,e21857d5-3256-4547-afb3-4b6ded592596,,Group,1999,bassline,1
Gorillaz,e21857d5-3256-4547-afb3-4b6ded592596,,Group,1999,alternative/indie rock,1
Gorillaz,e21857d5-3256-4547-afb3-4b6ded592596,,Group,1999,art pop,7
Gorillaz,e21857d5-3256-4547-afb3-4b6ded592596,,Group,1999,trap,1
Gorillaz,e21857d5-3256-4547-afb3-4b6ded592596,,Group,1999,fictitious-artist,2
Gorillaz,e21857d5-3256-4547-afb3-4b6ded592596,,Group,1999,future bass,1
Gorillaz,e21857d5-3256-4547-afb3-4b6ded592596,,Group,1999,fabloo,1
Gorillaz,e21857d5-3256-4547-afb3-4b6ded592596,,Group,1999,vyrzukhisuc-artiest,1
Missy Elliott,a0b8cb9e-7532-45fe-a74c-30e7c4009a39,US,Person,1971,rap,1
Missy Elliott,a0b8cb9e-7532-45fe-a74c-30e7c4009a39,US,Person,1971,hip hop,9
Missy Elliott,a0b8cb9e-7532-45fe-a74c-30e7c4009a39,US,Person,1971,southern hip hop,3
Missy Elliott,a0b8cb9e-7532-45fe-a74c-30e7c4009a39,US,Person,1971,pop rap,3
Missy Elliott,a0b8cb9e-7532-45fe-a74c-30e7c4009a39,US,Person,1971,hip house,2
Missy Elliott,a0b8cb9e-7532-45fe-a74c-30e7c4009a39,US,Person,1971,god,1
Missy Elliott,a0b8cb9e-7532-45fe-a74c-30e7c4009a39,US,Person,1971,timbaland,1
Missy Elliott,a0b8cb9e-7532-45fe-a74c-30e7c4009a39,US,Person,1971,hip hop rnb and dance hall,0
Missy Elliott,a0b8cb9e-7532-45fe-a74c-30e7c4009a39,US,Person,1971,hip hop soul,1
Missy Elliott,a0b8cb9e-7532-45fe-a74c-30e7c4009a39,US,Person,1971,sxsw,1
Missy Elliott,a0b8cb9e-7532-45fe-a74c-30e7c4009a39,US,Person,1971,top 100,1
Missy Elliott,a0b8cb9e-7532-45fe-a74c-30e7c4009a39,US,Person,1971,contemporary r&b,2
Missy Elliott,a0b8cb9e-7532-45fe-a74c-30e7c4009a39,US,Person,1971,top 10,1
Missy Elliott,a0b8cb9e-7532-45fe-a74c-30e7c4009a39,US,Person,1971,best female artist,1
Missy Elliott,a0b8cb9e-7532-45fe-a74c-30e7c4009a39,US,Person,1971,top 5,1
Missy Elliott,a0b8cb9e-7532-45fe-a74c-30e7c4009a39,US,Person,1971,best female rapper,1
Missy Elliott,a0b8cb9e-7532-45fe-a74c-30e7c4009a39,US,Person,1971,best female singer,1
Montell Jordan,cc1f4763-a306-4ae7-8ba7-331872199f9e,US,Person,1968,hip hop,1
Montell Jordan,cc1f4763-a306-4ae7-8ba7-331872199f9e,US,Person,1968,pop rap,2
Montell Jordan,cc1f4763-a306-4ae7-8ba7-331872199f9e,US,Person,1968,new jack swing,1
Montell Jordan,cc1f4763-a306-4ae7-8ba7-331872199f9e,US,Person,1968,pop and chart,0
Montell Jordan,cc1f4763-a306-4ae7-8ba7-331872199f9e,US,Person,1968,hip hop soul,1
Montell Jordan,cc1f4763-a306-4ae7-8ba7-331872199f9e,US,Person,1968,r&b,1
Montell Jordan,cc1f4763-a306-4ae7-8ba7-331872199f9e,US,Person,1968,contemporary r&b,2
DJ Jazzy Jeff & The Fresh Prince,a663d7d0-754b-40e2-9ea3-3c6c39fd5937,US,Group,1985,pop rap,1
DJ Jazzy Jeff & The Fresh Prince,a663d7d0-754b-40e2-9ea3-3c6c39fd5937,US,Group,1985,soul and reggae,0
DJ Jazzy Jeff & The Fresh Prince,a663d7d0-754b-40e2-9ea3-3c6c39fd5937,US,Group,1985,90's hip hop,0
DJ Jazzy Jeff & The Fresh Prince,a663d7d0-754b-40e2-9ea3-3c6c39fd5937,US,Group,1985,hip hop,6
DJ Jazzy Jeff & The Fresh Prince,a663d7d0-754b-40e2-9ea3-3c6c39fd5937,US,Group,1985,rap,0
DJ Jazzy Jeff & The Fresh Prince,a663d7d0-754b-40e2-9ea3-3c6c39fd5937,US,Group,1985,boom bap,0
DJ Jazzy Jeff & The Fresh Prince,a663d7d0-754b-40e2-9ea3-3c6c39fd5937,US,Group,1985,comedy rap,0
DJ Jazzy Jeff & The Fresh Prince,a663d7d0-754b-40e2-9ea3-3c6c39fd5937,US,Group,1985,east coast hip hop,0
Macklemore & Ryan Lewis,97b226c8-7140-4da3-91ac-15e62e131a81,US,Group,2009,pop rap,1
Macklemore & Ryan Lewis,97b226c8-7140-4da3-91ac-15e62e131a81,US,Group,2009,hip hop,5
Soul II Soul,9350241a-d698-4489-92bf-41794f383ff3,GB,Group,1988,house,1
Soul II Soul,9350241a-d698-4489-92bf-41794f383ff3,GB,Group,1988,british,0
Soul II Soul,9350241a-d698-4489-92bf-41794f383ff3,GB,Group,1988,uk,0
Soul II Soul,9350241a-d698-4489-92bf-41794f383ff3,GB,Group,1988,soul,2
Soul II Soul,9350241a-d698-4489-92bf-41794f383ff3,GB,Group,1988,dance-pop,3
Soul II Soul,9350241a-d698-4489-92bf-41794f383ff3,GB,Group,1988,english,0
Soul II Soul,9350241a-d698-4489-92bf-41794f383ff3,GB,Group,1988,rock and indie,0
Soul II Soul,9350241a-d698-4489-92bf-41794f383ff3,GB,Group,1988,uk hip hop,1
Soul II Soul,9350241a-d698-4489-92bf-41794f383ff3,GB,Group,1988,contemporary r&b,1
BossMan Dlow,44fac0de-d5ae-4bea-a68c-948fedc3d9c5,US,Person,1998,hip hop,1
BossMan Dlow,44fac0de-d5ae-4bea-a68c-948fedc3d9c5,US,Person,1998,trap,1
The Black Eyed Peas,20bf92d9-484e-4e7b-a2fe-e69e4f933321,,,,,0
Central Cee,b0337af1-8d93-4671-b6c9-ba306bf942bf,,Person,1998,2020s,1
Central Cee,b0337af1-8d93-4671-b6c9-ba306bf942bf,,Person,1998,grime,1
Central Cee,b0337af1-8d93-4671-b6c9-ba306bf942bf,,Person,1998,uk drill,3
Central Cee,b0337af1-8d93-4671-b6c9-ba306bf942bf,,Person,1998,trap,1
Central Cee,b0337af1-8d93-4671-b6c9-ba306bf942bf,,Person,1998,hip hop,3
EsDeeKid,3d253cbd-fb66-4752-a8d1-f9b0db75bcea,,Person,,uk,3
EsDeeKid,3d253cbd-fb66-4752-a8d1-f9b0db75bcea,,Person,,liverpool,2
EsDeeKid,3d253cbd-fb66-4752-a8d1-f9b0db75bcea,,Person,,rage,2
EsDeeKid,3d253cbd-fb66-4752-a8d1-f9b0db75bcea,,Person,,hardcore hip hop,1
EsDeeKid,3d253cbd-fb66-4752-a8d1-f9b0db75bcea,,Person,,jerk,2
Heavy D & The Boyz,b0df243a-519c-4a87-b6bf-73d9ec55e05c,US,Group,1986,pop and chart,1
House Of Pain,c2d6a6fb-7999-4bb3-b2df-7d752fdf4e95,US,Group,1990,rap,0
House Of Pain,c2d6a6fb-7999-4bb3-b2df-7d752fdf4e95,US,Group,1990,hip hop,5
House Of Pain,c2d6a6fb-7999-4bb3-b2df-7d752fdf4e95,US,Group,1990,rap rock,0
House Of Pain,c2d6a6fb-7999-4bb3-b2df-7d752fdf4e95,US,Group,1990,rock and indie,0
House Of Pain,c2d6a6fb-7999-4bb3-b2df-7d752fdf4e95,US,Group,1990,west coast hip hop,0
House Of Pain,c2d6a6fb-7999-4bb3-b2df-7d752fdf4e95,US,Group,1990,hardcore hip hop,0
Citizen King,81350c04-b8cf-46b7-9a8f-b3b749d8c166,US,Group,1993,,0
Russ,9ddf4b19-dd14-45d9-b056-49541b16dc80,US,Person,1992,alternative r&b,1
50 Cent,8e68819d-71be-4e7d-b41d-f1df81b01d3f,US,Person,1975,rap,3
50 Cent,8e68819d-71be-4e7d-b41d-f1df81b01d3f,US,Person,1975,hip-hop,0
50 Cent,8e68819d-71be-4e7d-b41d-f1df81b01d3f,US,Person,1975,seen live,0
50 Cent,8e68819d-71be-4e7d-b41d-f1df81b01d3f,US,Person,1975,hip hop,12
50 Cent,8e68819d-71be-4e7d-b41d-f1df81b01d3f,US,Person,1975,southern hip hop,1
50 Cent,8e68819d-71be-4e7d-b41d-f1df81b01d3f,US,Person,1975,2000s,0
50 Cent,8e68819d-71be-4e7d-b41d-f1df81b01d3f,US,Person,1975,gangsta rap,5
50 Cent,8e68819d-71be-4e7d-b41d-f1df81b01d3f,US,Person,1975,pop rap,3
50 Cent,8e68819d-71be-4e7d-b41d-f1df81b01d3f,US,Person,1975,english,0
50 Cent,8e68819d-71be-4e7d-b41d-f1df81b01d3f,US,Person,1975,film,1
50 Cent,8e68819d-71be-4e7d-b41d-f1df81b01d3f,US,Person,1975,tv,1
50 Cent,8e68819d-71be-4e7d-b41d-f1df81b01d3f,US,Person,1975,hip hop rnb and dance hall,0
50 Cent,8e68819d-71be-4e7d-b41d-f1df81b01d3f,US,Person,1975,sxsw,1
50 Cent,8e68819d-71be-4e7d-b41d-f1df81b01d3f,US,Person,1975,gangster rap,0
50 Cent,8e68819d-71be-4e7d-b41d-f1df81b01d3f,US,Person,1975,eminem,1
50 Cent,8e68819d-71be-4e7d-b41d-f1df81b01d3f,US,Person,1975,top 100,1
50 Cent,8e68819d-71be-4e7d-b41d-f1df81b01d3f,US,Person,1975,dr dre,1
50 Cent,8e68819d-71be-4e7d-b41d-f1df81b01d3f,US,Person,1975,hip-hop/rap,0
50 Cent,8e68819d-71be-4e7d-b41d-f1df81b01d3f,US,Person,1975,east coast hip hop,6
50 Cent,8e68819d-71be-4e7d-b41d-f1df81b01d3f,US,Person,1975,hardcore hip hop,2
50 Cent,8e68819d-71be-4e7d-b41d-f1df81b01d3f,US,Person,1975,trap,1
50 Cent,8e68819d-71be-4e7d-b41d-f1df81b01d3f,US,Person,1975,g-unit,1
50 Cent,8e68819d-71be-4e7d-b41d-f1df81b01d3f,US,Person,1975,top 10,1
50 Cent,8e68819d-71be-4e7d-b41d-f1df81b01d3f,US,Person,1975,tyler perry,1
50 Cent,8e68819d-71be-4e7d-b41d-f1df81b01d3f,US,Person,1975,tony yayo,1
50 Cent,8e68819d-71be-4e7d-b41d-f1df81b01d3f,US,Person,1975,amerie,1
50 Cent,8e68819d-71be-4e7d-b41d-f1df81b01d3f,US,Person,1975,relic inn,0
50 Cent,8e68819d-71be-4e7d-b41d-f1df81b01d3f,US,Person,1975,criminal,0
50 Cent,8e68819d-71be-4e7d-b41d-f1df81b01d3f,US,Person,1975,2008 universal fire victim,0
50 Cent,8e68819d-71be-4e7d-b41d-f1df81b01d3f,US,Person,1975,self made millionaire,1
50 Cent,8e68819d-71be-4e7d-b41d-f1df81b01d3f,US,Person,1975,get rich or die tryin',1
50 Cent,8e68819d-71be-4e7d-b41d-f1df81b01d3f,US,Person,1975,many men,1
50 Cent,8e68819d-71be-4e7d-b41d-f1df81b01d3f,US,Person,1975,top 5,1
50 Cent,8e68819d-71be-4e7d-b41d-f1df81b01d3f,US,Person,1975,best rapper,1
50 Cent,8e68819d-71be-4e7d-b41d-f1df81b01d3f,US,Person,1975,top 50,1
Dr. Dre,5f6ab597-f57a-40da-be9e-adad48708203,US,Person,1965,rap,0
Dr. Dre,5f6ab597-f57a-40da-be9e-adad48708203,US,Person,1965,hip hop,14
Dr. Dre,5f6ab597-f57a-40da-be9e-adad48708203,US,Person,1965,producer,0
Dr. Dre,5f6ab597-f57a-40da-be9e-adad48708203,US,Person,1965,gangsta rap,5
Dr. Dre,5f6ab597-f57a-40da-be9e-adad48708203,US,Person,1965,pop rap,1
Dr. Dre,5f6ab597-f57a-40da-be9e-adad48708203,US,Person,1965,g-funk,5
Dr. Dre,5f6ab597-f57a-40da-be9e-adad48708203,US,Person,1965,rapper,0
Dr. Dre,5f6ab597-f57a-40da-be9e-adad48708203,US,Person,1965,classic pop and rock,0
Dr. Dre,5f6ab597-f57a-40da-be9e-adad48708203,US,Person,1965,west coast hip hop,8
Dr. Dre,5f6ab597-f57a-40da-be9e-adad48708203,US,Person,1965,hardcore hip hop,1
Dr. Dre,5f6ab597-f57a-40da-be9e-adad48708203,US,Person,1965,instrumental hip hop,1
Dr. Dre,5f6ab597-f57a-40da-be9e-adad48708203,US,Person,1965,relic inn,0
Dr. Dre,5f6ab597-f57a-40da-be9e-adad48708203,US,Person,1965,alliteration,0
Dr. Dre,5f6ab597-f57a-40da-be9e-adad48708203,US,Person,1965,ai slop,1
Lil Baby,d42a5768-ada1-4fb6-85fd-f61aba6264e0,US,Person,1994,rap,1
Lil Baby,d42a5768-ada1-4fb6-85fd-f61aba6264e0,US,Person,1994,hip hop,2
Lil Baby,d42a5768-ada1-4fb6-85fd-f61aba6264e0,US,Person,1994,southern hip hop,1
Lil Baby,d42a5768-ada1-4fb6-85fd-f61aba6264e0,US,Person,1994,english,1
Lil Baby,d42a5768-ada1-4fb6-85fd-f61aba6264e0,US,Person,1994,trap,1
Lil Baby,d42a5768-ada1-4fb6-85fd-f61aba6264e0,US,Person,1994,lil baby,-1
Lil Baby,d42a5768-ada1-4fb6-85fd-f61aba6264e0,US,Person,1994,2020s,1
Clarent,3fd88e2b-8e09-4a42-bf37-738ae07abc88,PR,Person,,,0
2Pac,382f1005-e9ab-4684-afd4-0bdae4ee37f2,US,Person,1971,90s,2
2Pac,382f1005-e9ab-4684-afd4-0bdae4ee37f2,US,Person,1971,american,0
2Pac,382f1005-e9ab-4684-afd4-0bdae4ee37f2,US,Person,1971,hip-hop,0
2Pac,382f1005-e9ab-4684-afd4-0bdae4ee37f2,US,Person,1971,hip hop,14
2Pac,382f1005-e9ab-4684-afd4-0bdae4ee37f2,US,Person,1971,1990s,0
2Pac,382f1005-e9ab-4684-afd4-0bdae4ee37f2,US,Person,1971,gangsta rap,17
2Pac,382f1005-e9ab-4684-afd4-0bdae4ee37f2,US,Person,1971,west coast hip-hop,0
2Pac,382f1005-e9ab-4684-afd4-0bdae4ee37f2,US,Person,1971,pop rap,1
2Pac,382f1005-e9ab-4684-afd4-0bdae4ee37f2,US,Person,1971,g-funk,6
2Pac,382f1005-e9ab-4684-afd4-0bdae4ee37f2,US,Person,1971,horrorcore,1
2Pac,382f1005-e9ab-4684-afd4-0bdae4ee37f2,US,Person,1971,hip hop rnb and dance hall,-2
2Pac,382f1005-e9ab-4684-afd4-0bdae4ee37f2,US,Person,1971,west coast hip hop,15
2Pac,382f1005-e9ab-4684-afd4-0bdae4ee37f2,US,Person,1971,above the rim,-2
2Pac,382f1005-e9ab-4684-afd4-0bdae4ee37f2,US,Person,1971,death by murder,3
2Pac,382f1005-e9ab-4684-afd4-0bdae4ee37f2,US,Person,1971,death by gun,0
2Pac,382f1005-e9ab-4684-afd4-0bdae4ee37f2,US,Person,1971,2 pac,0
2Pac,382f1005-e9ab-4684-afd4-0bdae4ee37f2,US,Person,1971,conscious hip hop,10
2Pac,382f1005-e9ab-4684-afd4-0bdae4ee37f2,US,Person,1971,political hip hop,11
2Pac,382f1005-e9ab-4684-afd4-0bdae4ee37f2,US,Person,1971,hardcore hip hop,1
2Pac,382f1005-e9ab-4684-afd4-0bdae4ee37f2,US,Person,1971,temor a la muerte,0
2Pac,382f1005-e9ab-4684-afd4-0bdae4ee37f2,US,Person,1971,unil the end of time,-1
2Pac,382f1005-e9ab-4684-afd4-0bdae4ee37f2,US,Person,1971,bay area rap,1
2Pac,382f1005-e9ab-4684-afd4-0bdae4ee37f2,US,Person,1971,old school hip hop,1
2Pac,382f1005-e9ab-4684-afd4-0bdae4ee37f2,US,Person,1971,2008 universal fire victim,0
2Pac,382f1005-e9ab-4684-afd4-0bdae4ee37f2,US,Person,1971,eastcoast killa,0
2Pac,382f1005-e9ab-4684-afd4-0bdae4ee37f2,US,Person,1971,in the air,0
